date,spot,vix,vix3m,r,cash,mark,equity,interest,realised_pnl,position_open,filter_active
2005-01-03,1211.9200439453125,13.289999961853027,,0.022163901724908078,400000.0,0.0,400000.0,0.0,0.0,False,False
2005-01-04,1202.0799560546875,14.079999923706056,,0.023285516164195733,400194.7395882513,-340.4496434095708,399854.2899448417,24.28994484171554,0.0,True,False
2005-01-05,1188.050048828125,13.979999542236328,,0.02338749666748501,400220.27120012173,-292.54638073882785,399927.7248193829,25.531611870447133,0.0,True,False
2005-01-06,1183.739990234375,14.09000015258789,,0.023285516164195733,400245.9162690059,-289.5112129203496,399956.40505608555,25.645068884163443,0.0,True,False
2005-01-07,1187.8900146484375,13.579999923706056,,0.023081562935935395,400271.4511458447,-261.79591756677024,400009.65522827796,25.534876838775276,0.0,True,False
2005-01-10,1186.18994140625,13.489999771118164,,0.02318353825372344,400347.3944371458,-239.79268227583646,400107.60175487,75.94329130109057,0.0,True,False
2005-01-11,1190.25,13.229999542236328,,0.023693453735569706,400372.823927292,-222.93535397471453,400149.8885733173,25.429490146222314,0.0,True,False
2005-01-12,1182.989990234375,13.1899995803833,,0.02348947976372222,400398.8144009342,-221.5047111744558,400177.30968975974,25.990473642208418,0.0,True,False
2005-01-13,1187.699951171875,12.5600004196167,,0.02338749666748501,400424.5827913125,-192.72600411554933,400231.85678719694,25.768390378283783,0.0,True,False
2005-01-14,1177.449951171875,12.84000015258789,,0.02348947976372222,400450.2409519494,-211.42737915549512,400238.8135727939,25.658160636898028,0.0,True,False
2005-01-18,1184.52001953125,12.43000030517578,,0.02359146545304013,400553.33770399104,-168.866897184784,400384.47080680623,103.09675204166713,0.0,True,False
2005-01-19,1195.97998046875,12.470000267028809,,0.023999434143750862,400579.22796596325,-153.25339108283916,400425.9745748804,25.89026197222376,0.0,True,False
2005-01-20,1184.6300048828125,13.18000030517578,,0.023693453735569706,400605.5676669671,-173.83358058435738,400431.7340863827,26.33970100385885,0.0,True,False
2005-01-21,1175.4100341796875,13.829999923706056,,0.02348947976372222,400631.5732493272,-199.858037359189,400431.715211968,26.005582360058142,0.0,True,False
2005-01-24,1167.8699951171875,14.359999656677246,,0.02348947976372222,400708.92833742616,-211.84986097573662,400497.0784764504,77.35508809896892,0.0,True,False
2005-01-25,1163.75,14.649999618530272,,0.02379544461144372,400734.7166857481,-224.11466861287175,400510.6020171352,25.788348321938603,0.0,True,False
2005-01-26,1168.4100341796875,14.0600004196167,,0.023999434143750862,400760.8426353116,-189.32574208752203,400571.5168932241,26.12594956351553,0.0,True,False
2005-01-27,1174.0699462890625,13.4399995803833,,0.024101432800448245,400787.19427821296,-157.3582250706732,400629.83605314227,26.3516429013777,0.0,True,False
2005-01-28,1174.550048828125,13.239999771118164,,0.024407444334296906,400656.7266427488,0.0,400656.7266427488,26.46538233835231,13.516625607071248,False,False
2005-01-31,1171.3599853515625,13.239999771118164,,0.024509453367272362,400737.1101032747,0.0,400737.1101032747,80.38346052586407,0.0,False,False
2005-02-01,1181.27001953125,12.81999969482422,,0.025223589248672858,400923.4108379808,-329.3906599539919,400594.0201780268,26.91007475210529,0.0,True,False
2005-02-02,1189.4100341796875,12.029999732971191,,0.025121562052130356,400951.11789789004,-314.1812999632296,400636.93659792683,27.707059909242517,0.0,True,False
2005-02-03,1193.18994140625,11.65999984741211,,0.025121562052130356,400978.71478836314,-305.85701522118455,400672.85777314194,27.596890473081064,0.0,True,False
2005-02-04,1189.8900146484375,11.789999961853027,,0.024815496033122095,401006.31357829063,-283.11678046619477,400723.19679782446,27.59878992747784,0.0,True,False
2005-02-07,1203.030029296875,11.210000038146973,,0.02471347921655298,401088.1123631241,-319.3923657142565,400768.71999740985,81.7987848334503,0.0,True,False
2005-02-08,1201.719970703125,11.729999542236328,,0.025223589248672858,401115.2702215013,-333.2983218207761,400781.9718996805,27.15785837719602,0.0,True,False
2005-02-09,1202.300048828125,11.600000381469728,,0.025223589248672858,401142.99054045026,-318.55039493062833,400824.4401455196,27.72031894897343,0.0,True,False
2005-02-10,1191.989990234375,12.0,,0.025121562052130356,401170.71277509816,-252.69303464158978,400918.0197404566,27.722234647875162,0.0,True,False
2005-02-11,1197.010009765625,11.510000228881836,,0.025121562052130356,401198.32477997174,-246.77531936116307,400951.54946061055,27.612004873575902,0.0,True,False
2005-02-14,1205.300048828125,11.43000030517578,,0.025427651427860534,401281.17219808383,-279.6166861537773,401001.5555119301,82.8474181120793,0.0,True,False
2005-02-15,1206.1400146484375,11.520000457763672,,0.025937852300922264,401309.1283438281,-282.38398080147704,401026.7443630266,27.956145744226554,0.0,True,False
2005-02-16,1210.1199951171875,11.270000457763672,,0.025937852300922264,401337.64743082953,-297.29873805017377,401040.3486927794,28.51908700145538,0.0,True,False
2005-02-17,1210.3399658203125,11.100000381469728,,0.025733764163878625,401366.16854454373,-275.84393318922366,401090.3246113545,28.521113714196137,0.0,True,False
2005-02-18,1200.75,11.770000457763672,,0.025733764163878625,401394.46724710945,-215.4715452393911,401178.99570187007,28.298702565718674,0.0,True,False
2005-02-22,1201.5899658203125,11.18000030517578,,0.026039900263749652,401507.6820110477,-155.79971261750808,401351.8822984302,113.21476393828624,0.0,True,False
2005-02-23,1184.1600341796875,13.140000343322754,,0.026754308709582827,401536.32747119217,-152.72691402934265,401383.60055716283,28.6454601444281,0.0,True,False
2005-02-24,1190.800048828125,12.390000343322754,,0.026754308709582827,401565.7609522735,-137.8981939229612,401427.86275835056,29.433481081326796,0.0,True,False
2005-02-25,1200.199951171875,11.56999969482422,,0.026856377447150227,401447.86717268336,0.0,401447.86717268336,29.43563861913669,12.061241744745452,False,False
2005-02-28,1211.3699951171875,11.489999771118164,,0.02736676009919167,401536.4914915856,0.0,401536.4914915856,88.62431890226765,0.0,False,False
2005-03-01,1203.5999755859375,12.079999923706056,,0.027673020866538833,401714.65717517614,-318.0583827734874,401396.59879240266,30.10730081701571,0.0,True,False
2005-03-02,1210.4100341796875,12.039999961853027,,0.027468844423365862,401745.1149272695,-346.51601403110305,401398.59891323844,30.457752093394422,0.0,True,False
2005-03-03,1210.0799560546875,12.5,,0.027264678373115397,401775.3502404726,-367.27946162544384,401408.07077884715,30.23531320306713,0.0,True,False
2005-03-04,1210.469970703125,12.93000030517578,,0.027468844423365862,401805.3630756578,-390.8629873894671,401414.50008826837,30.012835185193648,0.0,True,False
2005-03-07,1222.1199951171875,11.9399995803833,,0.027468844423365862,401896.0894458018,-388.4391188493669,401507.65032695245,90.72637014398337,0.0,True,False
2005-03-08,1225.31005859375,12.260000228881836,,0.027570931345771127,401926.33612133807,-437.9205075882953,401488.41561374976,30.246675536257744,0.0,True,False
2005-03-09,1219.4300537109375,12.399999618530272,,0.027468844423365862,401956.69749657006,-370.549998974754,401586.1474975953,30.36137523200488,0.0,True,False
2005-03-10,1207.010009765625,12.699999809265137,,0.027468844423365862,401986.9487334646,-287.6464717035549,401699.30226176104,30.251236894515795,0.0,True,False
2005-03-11,1209.25,12.489999771118164,,0.02736676009919167,402017.2022470654,-276.36464405398897,401740.8376030114,30.253513600786267,0.0,True,False
2005-03-14,1200.0799560546875,12.800000190734863,,0.027468844423365862,402107.63906156854,-229.49845147445797,401878.14061009407,90.4368145031851,0.0,True,False
2005-03-15,1206.8299560546875,12.390000343322754,,0.027979305020342942,402137.90165831614,-220.0578030982718,401917.84385521786,30.262596747625437,0.0,True,False
2005-03-16,1197.75,13.149999618530272,,0.027979305020342942,402168.7289741207,-222.2290643402494,401946.49990978045,30.827315804521987,0.0,True,False
2005-03-17,1188.0699462890625,13.489999771118164,,0.027877207703692453,402199.55865310313,-224.69204540686388,401974.8666076963,30.82967898241642,0.0,True,False
2005-03-18,1190.2099609375,13.289999961853027,,0.027775112985802146,402230.27818410815,-208.21595536521463,402022.0622287429,30.719531005027363,0.0,True,False
2005-03-21,1189.6500244140625,13.140000343322754,,0.027979305020342942,402322.11325319635,-180.87131793395798,402141.2419352624,91.83506908820087,0.0,True,False
2005-03-22,1183.780029296875,13.609999656677246,,0.028489830589621047,402352.954690398,-194.42551505643317,402158.5291753416,30.841437201651704,0.0,True,False
2005-03-23,1171.7099609375,14.270000457763672,,0.02879617712477405,402384.36130654905,-237.84094793373472,402146.5203586153,31.40661615101609,0.0,True,False
2005-03-24,1172.530029296875,14.0600004196167,,0.028183507450451905,402416.1081241598,-220.97607665091527,402195.1320475089,31.746817610724147,0.0,True,False
2005-03-28,1171.4200439453125,13.420000076293944,,0.028285612564175014,402354.92242997605,0.0,402354.92242997605,124.30957842507746,-37.43688983531386,False,False
2005-03-29,1174.280029296875,13.75,,0.02838772027718758,402386.10406405624,0.0,402386.10406405624,31.181634080179034,0.0,False,False
2005-03-30,1165.3599853515625,14.489999771118164,,0.028285612564175014,402417.4006897542,0.0,402417.4006897542,31.296625698003805,0.0,False,False
2005-03-31,1181.4100341796875,13.640000343322754,,0.028183507450451905,402448.58716576407,0.0,402448.58716576407,31.186476009843034,0.0,False,False
2005-04-01,1180.5899658203125,14.020000457763672,,0.027775112985802146,402479.6634689662,0.0,402479.6634689662,31.07630320213023,0.0,False,False
2005-04-04,1172.9200439453125,14.09000015258789,,0.027877207703692453,402571.55547637085,0.0,402571.55547637085,91.89200740464962,0.0,False,False
2005-04-05,1176.1199951171875,14.109999656677246,,0.027979305020342942,402754.54664366785,-322.24322361049457,402432.30342005735,30.747943686494278,0.0,True,False
2005-04-06,1181.3900146484375,13.68000030517578,,0.027877207703692453,402785.4212305941,-312.00518606999975,402473.4160445241,30.87458692625491,0.0,True,False
2005-04-07,1184.0699462890625,13.149999618530272,,0.027570931345771127,402816.1855090963,-285.61754373928875,402530.56796535704,30.764278502200632,0.0,True,False
2005-04-08,1191.1400146484375,12.329999923706056,,0.027570931345771127,402846.61410324066,-268.6030453138126,402578.01105792687,30.42859414436185,0.0,True,False
2005-04-11,1181.199951171875,12.619999885559082,,0.027775112985802146,402937.9136777607,-215.61160213729087,402722.3020756234,91.29957452000714,0.0,True,False
2005-04-12,1181.2099609375,11.979999542236328,,0.027570931345771127,402968.57688847394,-183.2103909429141,402785.366497531,30.663210713228914,0.0,True,False
2005-04-13,1187.760009765625,11.300000190734863,,0.027570931345771127,402999.01699420996,-167.51254732584553,402831.5044468841,30.440105736003385,0.0,True,False
2005-04-14,1173.7900390625,13.3100004196167,,0.027673020866538833,403029.45939938095,-206.84525461159663,402822.6141447694,30.44240517097267,0.0,True,False
2005-04-15,1162.050048828125,14.529999732971191,,0.027673020866538833,403060.0168389502,-237.23618977734367,402822.7806491729,30.557439569271637,0.0,True,False
2005-04-18,1142.6199951171875,17.739999771118164,,0.027775112985802146,403151.70305943553,-350.6094670377531,402801.09359239775,91.68622048530368,0.0,True,False
2005-04-19,1145.97998046875,16.559999465942383,,0.029000421147742747,403182.3825393273,-294.33009061477594,402888.0524487125,30.679479891769876,0.0,True,False
2005-04-20,1152.780029296875,14.960000038146973,,0.029000421147742747,403214.41794592177,-225.64786346314963,402988.7700824586,32.03540659443178,0.0,True,False
2005-04-21,1137.5,16.920000076293945,,0.02859194350160867,403246.45589793316,-315.6556838154355,402930.80021411774,32.037952011394715,0.0,True,False
2005-04-22,1159.949951171875,14.40999984741211,,0.02869405901328191,403278.0450800604,-186.8025205793277,403091.24255948106,31.589182127206385,0.0,True,False
2005-04-25,1152.1199951171875,15.380000114440918,,0.029204675571573958,403373.16602806334,-200.81780958633044,403172.348218477,95.12094800297848,0.0,True,False
2005-04-26,1162.0999755859375,14.619999885559082,,0.029306806684143823,403405.4423397111,-161.61148931768,403243.83085039345,32.276311647795865,0.0,True,False
2005-04-27,1151.8299560546875,14.90999984741211,,0.029102547059484108,403437.83412041643,-177.3259102958572,403260.50821012055,32.39178070532439,0.0,True,False
2005-04-28,1156.3800048828125,14.869999885559082,,0.02879617712477405,403470.00271395297,-160.9261288855495,403309.07658506744,32.16859353654594,0.0,True,False
2005-04-29,1143.219970703125,16.860000610351562,,0.02869405901328191,403269.0835525922,0.0,403269.0835525922,31.832471187417813,-80.5084089376602,False,False
2005-05-02,1156.8499755859375,15.3100004196167,,0.02889829783621656,403364.20238684514,0.0,403364.20238684514,95.11883425292756,0.0,False,False
2005-05-03,1162.1600341796875,15.119999885559082,,0.029306806684143823,403561.0614099168,-334.9220359120383,403226.13937400474,31.936987159576137,0.0,True,False
2005-05-04,1161.1700439453125,14.529999732971191,,0.029000421147742747,403593.4656861868,-291.24566637008115,403302.2200198167,32.40427627000104,0.0,True,False
2005-05-05,1175.6500244140625,13.850000381469728,,0.02859194350160867,403625.53375595383,-313.84338348516565,403311.69037246867,32.06806976704071,0.0,True,False
2005-05-06,1172.6300048828125,13.979999542236328,,0.027979305020342942,403657.15263396385,-293.7451803728027,403363.40745359106,31.61887801001518,0.0,True,False
2005-05-09,1171.3499755859375,14.050000190734863,,0.028489830589621047,403749.99108869093,-263.53887857926236,403486.45221011166,92.8384547270624,0.0,True,False
2005-05-10,1178.8399658203125,13.75,,0.029102547059484108,403781.50675383833,-279.44919119941886,403502.0575626389,31.51566514742261,0.0,True,False
2005-05-11,1166.219970703125,14.90999984741211,,0.02889829783621656,403813.7027505193,-265.3149966982386,403548.3877538211,32.195996681018705,0.0,True,False
2005-05-12,1171.1099853515625,14.449999809265137,,0.02859194350160867,403845.67532756826,-253.8037872900591,403591.8715402782,31.972577048956357,0.0,True,False
2005-05-13,1159.3599853515625,16.1200008392334,,0.02869405901328191,403877.31145084376,-278.5764769773681,403598.7349738664,31.636123275529076,0.0,True,False
2005-05-16,1154.050048828125,16.31999969482422,,0.028081404935885023,403972.5737474423,-247.2557224246823,403725.3180250176,95.26229659854584,0.0,True,False
2005-05-17,1165.68994140625,15.68000030517578,,0.02889829783621656,404003.6547168106,-237.2187302417692,403766.43598656886,31.080969368358968,0.0,True,False
2005-05-18,1173.800048828125,14.56999969482422,,0.02869405901328191,404035.6423336015,-211.5483693466529,403824.09396425483,31.987616790888048,0.0,True,False
2005-05-19,1185.56005859375,13.630000114440918,,0.028489830589621047,404067.4063836793,-221.8443895560763,403845.5619941232,31.764050077804317,0.0,True,False
2005-05-20,1191.0799560546875,13.31999969482422,,0.02859194350160867,404098.946825432,-235.18116232562133,403863.7656631064,31.540441752674163,0.0,True,False
2005-05-23,1189.280029296875,13.140000343322754,,0.02879617712477405,404193.92215667723,-182.4957055182739,404011.42645115894,94.97533124519542,0.0,True,False
2005-05-24,1193.8599853515625,12.949999809265137,,0.029613215626061496,404225.8117427546,-194.3872697348126,404031.4244730198,31.88958607736632,0.0,True,False
2005-05-25,1194.0699462890625,12.6899995803833,,0.029306806684143823,404258.60876119504,-174.84607057230025,404083.7626906227,32.79701844045904,0.0,True,False
2005-05-26,1190.010009765625,12.579999923706056,,0.029408940397327037,404291.0690476188,-140.540711957408,404150.5283356614,32.46028642371424,0.0,True,False
2005-05-27,1197.6199951171875,12.239999771118164,,0.029306806684143823,404152.43090577447,0.0,404152.43090577447,32.5760300263661,-6.292135958655214,False,False
2005-05-31,1198.780029296875,12.149999618530272,,0.029511076711255142,404433.1319197307,-320.87833553735646,404112.25358419336,129.82267841890948,0.0,True,False
2005-06-01,1191.5,13.289999961853027,,0.02981750125883702,404465.83257641544,-354.42194848808225,404111.41062792734,32.700656684751486,0.0,True,False
2005-06-02,1202.219970703125,12.359999656677246,,0.029613215626061496,404498.87546160293,-335.7647936741041,404163.1106679288,33.04288518751681,0.0,True,False
2005-06-03,1204.2900390625,11.84000015258789,,0.029613215626061496,404531.6946351744,-303.51962062560204,404228.1750145488,32.819173571483155,0.0,True,False
2005-06-06,1196.02001953125,12.149999618530272,,0.02991964797707115,404630.16813353164,-258.4248955544786,404371.74323797715,98.47349835721907,0.0,True,False
2005-06-07,1197.510009765625,12.279999732971191,,0.03012394921789552,404663.33769077936,-261.6886233483931,404401.649067431,33.16955724769966,0.0,True,False
2005-06-08,1197.260009765625,12.390000343322754,,0.03012394921789552,404696.7364877105,-257.90293662347983,404438.833551087,33.39879693114066,0.0,True,False
2005-06-09,1194.6700439453125,12.699999809265137,,0.03012394921789552,404730.1380412038,-257.4054145308742,404472.7326266729,33.401553493281455,0.0,True,False
2005-06-10,1200.9300537109375,12.079999923706056,,0.02981750125883702,404763.54235148674,-236.6143503259642,404526.9280011608,33.40431028293448,0.0,True,False
2005-06-13,1198.1099853515625,11.960000038146973,,0.02991964797707115,404862.7520758666,-197.7765773606833,404664.9754985059,99.20972437989046,0.0,True,False
2005-06-14,1200.8199462890625,11.649999618530272,,0.03022610374075078,404895.94069918257,-183.52433194725225,404712.4163672353,33.18862331592132,0.0,True,False
2005-06-15,1203.9100341796875,11.789999961853027,,0.03002179729671345,404929.4720237345,-189.51576195481076,404739.95626177965,33.531324551902955,0.0,True,False
2005-06-16,1206.5799560546875,11.460000038146973,,0.02991964797707115,404962.7794497512,-176.48663435297317,404786.2928153982,33.3074260167251,0.0,True,False
2005-06-17,1210.9599609375,11.149999618530272,,0.029613215626061496,404995.9762728109,-172.3961886940287,404823.58008411684,33.19682305970144,0.0,True,False
2005-06-20,1216.9599609375,11.479999542236328,,0.029715357141877667,405094.5627893511,-190.09295974352008,404904.4698296076,98.58651654018819,0.0,True,False
2005-06-21,1216.0999755859375,11.470000267028809,,0.03012394921789552,405127.5436650282,-174.29097385144482,404953.2526911767,32.98087567707588,0.0,True,False
2005-06-22,1213.6099853515625,11.079999923706056,,0.03012394921789552,405160.9807750943,-139.9155959297228,405021.0651791646,33.437110066095336,0.0,True,False
2005-06-23,1213.8800048828125,11.050000190734863,,0.03022610374075078,405194.4206448847,-132.48099305844835,405061.9396518262,33.43986979040206,0.0,True,False
2005-06-24,1200.72998046875,12.130000114440918,,0.030532582920677856,405092.3425371047,0.0,405092.3425371047,33.55604307072606,15.244184686623072,False,False
2005-06-27,1191.5699462890625,12.18000030517578,,0.03073691538475603,405194.0143258056,0.0,405194.0143258056,101.6717887009375,0.0,False,False
2005-06-28,1190.68994140625,12.520000457763672,,0.031452160993734345,405228.1374451072,0.0,405228.1374451072,34.12311930161479,0.0,False,False
2005-06-29,1201.5699462890625,11.579999923706056,,0.03134997524046677,405263.0575814554,0.0,405263.0575814554,34.920136348186766,0.0,False,False
2005-06-30,1199.8499755859375,11.770000457763672,,0.03114561154358967,405297.86725941295,0.0,405297.86725941295,34.80967795753176,0.0,False,False
2005-07-01,1191.3299560546875,12.039999961853027,,0.03114561154358967,405332.4529813915,0.0,405332.4529813915,34.58572197854682,0.0,False,False
2005-07-05,1194.43994140625,11.399999618530272,,0.03155434935039874,405629.0133369684,-328.1879517351423,405300.8253852332,138.37240384168206,0.0,True,False
2005-07-06,1204.989990234375,11.68000030517578,,0.03206533018930814,405664.08159138897,-422.8320502790399,405241.24954110995,35.068254420575954,0.0,True,False
2005-07-07,1194.93994140625,12.270000457763672,,0.03175873387444679,405699.7208355146,-375.9099303971044,405323.8109051175,35.639244125635926,0.0,True,False
2005-07-08,1197.8699951171875,12.489999771118164,,0.03134997524046677,405735.0223972277,-401.9005075568077,405333.1218896709,35.30156171309636,0.0,True,False
2005-07-11,1211.8599853515625,11.449999809265137,,0.03155434935039874,405839.5820285172,-419.10017455679196,405420.48185396043,104.55963128948368,0.0,True,False
2005-07-12,1219.43994140625,11.279999732971191,,0.03186093004209581,405874.6684874454,-497.2954998423336,405377.37298760307,35.086458928156645,0.0,True,False
2005-07-13,1222.2099609375,10.949999809265137,,0.031963128813672324,405910.098922606,-499.35486624224154,405410.7440563637,35.43043516060981,0.0,True,False
2005-07-14,1223.2900390625,10.84000015258789,,0.03206533018930814,405945.64611403085,-493.9294939909874,405451.7166200399,35.5471914248864,0.0,True,False
2005-07-15,1226.5,10.8100004196167,,0.03216753416913687,405981.3100947482,-534.8896611774303,405446.4204335708,35.6639807173504,0.0,True,False
2005-07-18,1227.9200439453125,10.329999923706056,,0.03237194994190213,406088.6619649748,-474.41927637990517,405614.24268859485,107.35187022658403,0.0,True,False
2005-07-19,1221.1300048828125,10.770000457763672,,0.0328830349564746,406124.67967678374,-380.9994205138554,405743.6802562699,36.01771180895629,0.0,True,False
2005-07-20,1229.3499755859375,10.449999809265137,,0.032985259774621696,406161.2693031356,-482.3780130778011,405678.8912900578,36.589626351865775,0.0,True,False
2005-07-21,1235.199951171875,10.229999542236328,,0.0328830349564746,406197.9759890507,-573.9312229244574,405624.04476612626,36.70668591510321,0.0,True,False
2005-07-22,1227.0400390625,10.970000267028809,,0.03329194986191708,406234.57221900194,-448.84132834415584,405785.7308906578,36.59622995123568,0.0,True,False
2005-07-25,1233.6800537109375,10.520000457763672,,0.03359866340128471,406345.7463959498,-493.601325961031,405852.1450699888,111.17417694785401,0.0,True,False
2005-07-26,1229.030029296875,11.100000381469728,,0.03431441954912693,406383.15270375536,-426.3577717080131,405956.79493204737,37.40630780553406,0.0,True,False
2005-07-27,1231.1600341796875,10.989999771118164,,0.034212160850583484,406421.3594366601,-440.35791572232847,405981.0015209378,38.20673290470733,0.0,True,False
2005-07-28,1236.7900390625,10.359999656677246,,0.033905400396310605,406459.45588759956,-494.62281816915174,405964.83306943043,38.096450939512195,0.0,True,False
2005-07-29,1243.719970703125,10.520000457763672,,0.033905400396310605,405814.794860084,0.0,405814.794860084,37.758385461418996,-524.2314612418282,False,False
2005-08-01,1234.1800537109375,11.56999969482422,,0.034007651274308236,405927.9008639437,0.0,405927.9008639437,113.1060038596635,0.0,False,False
2005-08-02,1235.3499755859375,12.079999923706056,,0.03472348041577712,406111.89112751564,-316.16753037671356,405795.72359713895,37.82273319527657,0.0,True,False
2005-08-03,1244.1199951171875,11.75,,0.03472348041577712,406150.5275359617,-336.12397098029334,405814.4035649814,38.63640844607094,0.0,True,False
2005-08-04,1245.0400390625,11.829999923706056,,0.03441668085478543,406189.16762017325,-338.5302698540218,405850.63735031924,38.64008421151939,0.0,True,False
2005-08-05,1235.8599853515625,12.520000457763672,,0.034518944767691025,406227.46992717986,-320.0122502704697,405907.4576769094,38.302307006634294,0.0,True,False
2005-08-08,1226.4200439453125,12.479999542236328,,0.035030303445587205,406342.7400614688,-262.9291894391467,406079.81087202963,115.27013428895708,0.0,True,False
2005-08-09,1223.1300048828125,13.210000038146973,,0.035337149947805596,406381.7400411042,-286.8691735328446,406094.8708675714,38.999979635380946,0.0,True,False
2005-08-10,1231.3800048828125,12.399999618530272,,0.035030303445587205,406421.0854319252,-252.0639339478911,406169.0214979773,39.34539082099736,0.0,True,False
2005-08-11,1229.1300048828125,12.380000114440918,,0.034928026494448955,406460.0929309956,-238.61007673182425,406221.4828542638,39.007499070456525,0.0,True,False
2005-08-12,1237.81005859375,12.420000076293944,,0.034928026494448955,406498.9902684959,-255.15057809363125,406243.83969040227,38.89733750031528,0.0,True,False
2005-08-15,1230.3900146484375,12.739999771118164,,0.035030303445587205,406615.70461675996,-223.2942949459324,406392.410321814,116.71434826404288,0.0,True,False
2005-08-16,1233.8699951171875,12.260000228881836,,0.035337149947805596,406654.7307949983,-200.711337248051,406454.01945775026,39.026178238304,0.0,True,False
2005-08-17,1219.3399658203125,13.520000457763672,,0.035234865172132514,406694.1026164554,-233.64556705754492,406460.45704939787,39.37182145713124,0.0,True,False
2005-08-18,1220.239990234375,13.300000190734863,,0.035030303445587205,406733.3642700182,-217.35816018228374,406516.0061098359,39.26165356276032,0.0,True,False
2005-08-19,1219.02001953125,13.420000076293944,,0.03482575215122355,406772.40174099937,-214.67373314942114,406557.72800784995,39.03747098117491,0.0,True,False
2005-08-22,1219.7099609375,13.420000076293944,,0.035030303445587205,406888.85255600093,-190.16120797158194,406698.69134802936,116.45081500158544,0.0,True,False
2005-08-23,1221.72998046875,13.420000076293944,,0.035234865172132514,406927.904950443,-179.8232665314465,406748.08168391156,39.05239444205907,0.0,True,False
2005-08-24,1217.5899658203125,13.34000015258789,,0.035234865172132514,406967.189174941,-176.2216549863123,406790.96751995466,39.28422449796723,0.0,True,False
2005-08-25,1209.5899658203125,14.170000076293944,,0.03513258300477042,407006.4771918805,-205.94083220876945,406800.53635967174,39.28801693951678,0.0,True,False
2005-08-26,1212.3699951171875,13.729999542236328,,0.035234865172132514,406855.2849920752,0.0,406855.2849920752,39.17774531531888,-44.20241474395131,False,False
2005-08-29,1205.0999755859375,13.720000267028809,,0.035337149947805596,406973.1280093558,0.0,406973.1280093558,117.84301728060251,0.0,False,False
2005-08-30,1212.280029296875,13.520000457763672,,0.035337149947805596,407012.5306576479,0.0,407012.5306576479,39.402648292101595,0.0,False,False
2005-08-31,1208.4100341796875,13.649999618530272,,0.035234865172132514,407051.93712085695,0.0,407051.93712085695,39.40646320907173,0.0,False,False
2005-09-01,1220.3299560546875,12.600000381469728,,0.035030303445587205,407091.23331923917,0.0,407091.23331923917,39.29619838220626,0.0,False,False
2005-09-02,1221.5899658203125,13.149999618530272,,0.03462121128797756,407130.30513779016,0.0,407130.30513779016,39.07181855098664,0.0,False,False
2005-09-06,1218.02001953125,13.56999969482422,,0.03441668085478543,407442.19581119664,-327.3918392674719,407114.8039719292,154.49883413903993,0.0,True,False
2005-09-07,1233.3900146484375,12.93000030517578,,0.03513258300477042,407480.6162746542,-377.3087498682119,407103.30752478604,38.42046345758481,0.0,True,False
2005-09-08,1236.3599853515625,12.520000457763672,,0.03472348041577712,407519.83965978434,-363.12410468361264,407156.7155551007,39.2233851300882,0.0,True,False
2005-09-09,1231.6700439453125,12.93000030517578,,0.03462121128797756,407558.61001672037,-341.29788565509955,407217.3121310653,38.77035693601234,0.0,True,False
2005-09-12,1241.47998046875,11.979999542236328,,0.03472348041577712,407674.6005415474,-329.24912934369274,407345.3514122037,115.99052482706584,0.0,True,False
2005-09-13,1240.56005859375,11.649999618530272,,0.035030303445587205,407713.3856220233,-287.7717932299073,407425.6138287934,38.785080475928076,0.0,True,False
2005-09-14,1231.199951171875,12.390000343322754,,0.03462121128797756,407752.5171535327,-253.72732690731848,407498.7898266254,39.13153150939957,0.0,True,False
2005-09-15,1227.1600341796875,12.90999984741211,,0.03410990475902126,407791.1953880057,-249.82630606910118,407541.3690819366,38.67823447301242,0.0,True,False
2005-09-16,1227.72998046875,12.489999771118164,,0.03431441954912693,407829.3059874593,-222.15257303780004,407607.15341442154,38.11059945363754,0.0,True,False
2005-09-19,1237.9100341796875,11.220000267028809,,0.03482575215122355,407944.3448879841,-187.52806248652044,407756.8168254976,115.03890052479599,0.0,True,False
2005-09-20,1231.02001953125,12.140000343322754,,0.0357463151362741,407983.2699467047,-186.4566655537334,407796.81328115094,38.92505872055545,0.0,True,False
2005-09-21,1221.3399658203125,12.640000343322754,,0.03605321642141552,408023.2277897157,-168.04495602492767,407855.1828336908,39.95784301101258,0.0,True,False
2005-09-22,1210.199951171875,13.789999961853027,,0.034007651274308236,408063.5326562487,-183.63588045899982,407879.89677578973,40.30486653304008,0.0,True,False
2005-09-23,1214.6199951171875,13.329999923706056,,0.034518944767691025,408101.55437904614,-165.66256945415196,407935.89180959197,38.021722797399974,0.0,True,False
2005-09-26,1215.2900390625,12.960000038146973,,0.03462121128797756,408217.3562990523,-137.69769947415955,408079.65859957814,115.80192000614208,0.0,True,False
2005-09-27,1215.6300048828125,13.039999961853027,,0.035234865172132514,408256.0786268336,-133.4228564508497,408122.6557703828,38.72232778134599,0.0,True,False
2005-09-28,1215.6600341796875,12.760000228881836,,0.03482575215122355,408295.49107127485,-123.0946384447475,408172.3964328301,39.41244444120748,0.0,True,False
2005-09-29,1216.8900146484375,12.630000114440918,,0.034518944767691025,408334.4496355115,-116.20964084416399,408218.23999466735,38.95856423662736,0.0,True,False
2005-09-30,1227.6800537109375,12.239999771118164,,0.035234865172132514,408251.80858548294,0.0,408251.80858548294,38.619016019333365,36.131773219557516,False,False
2005-10-03,1228.81005859375,11.920000076293944,,0.035337149947805596,408370.0560968429,0.0,408370.0560968429,118.24751135999962,0.0,False,False
2005-10-04,1226.699951171875,12.460000038146973,,0.03605321642141552,408582.24474472296,-342.6507506923005,408239.59399403067,39.537897187746985,0.0,True,False
2005-10-05,1214.469970703125,13.199999809265137,,0.036155522068370215,408622.6048314058,-333.03699865806874,408289.5678327477,40.36008668284215,0.0,True,False
2005-10-06,1196.3900146484375,14.550000190734863,,0.0356440199260248,408663.0834488231,-388.78648363701546,408274.2969651861,40.4786174172966,0.0,True,False
2005-10-07,1191.489990234375,14.960000038146973,,0.035848612955500556,408702.99332924007,-409.63425661834975,408293.35907262174,39.909880416967624,0.0,True,False
2005-10-10,1195.9000244140625,14.59000015258789,,0.03605321642141552,408823.43382892245,-361.77966567461857,408461.65416324785,120.44049968239202,0.0,True,False
2005-10-11,1187.3299560546875,15.550000190734863,,0.03605321642141552,408863.81774045934,-418.4963915811104,408445.3213488782,40.38391153688428,0.0,True,False
2005-10-12,1184.8699951171875,15.630000114440918,,0.03717872208288992,408904.2056411519,-422.5187026615882,408481.6869384903,40.387900692534544,0.0,True,False
2005-10-13,1177.6800537109375,16.219999313354492,,0.03687173467076569,408945.8585455567,-471.580458329013,408474.2780872277,41.65290440487089,0.0,True,False
2005-10-14,1176.8399658203125,16.469999313354492,,0.037281056441768386,408987.1717094531,-478.23955448593046,408508.93215496716,41.313163896360365,0.0,True,False
2005-10-17,1186.5699462890625,14.869999885559082,,0.0375880751847819,409112.5126146625,-350.4001144344855,408762.11250022805,125.3409052094441,0.0,True,False
2005-10-18,1190.0999755859375,14.670000076293944,,0.03850927244240115,409154.6456111522,-321.05506991911153,408833.59054123313,42.13299648968293,0.0,True,False
2005-10-19,1178.1400146484375,15.329999923706056,,0.03840690674303827,409197.81569040834,-393.8459135953194,408803.969776813,43.17007925610774,0.0,True,False
2005-10-20,1195.760009765625,13.5,,0.03840690674303827,409240.87555131305,-249.3585891715087,408991.51696214156,43.05986090467442,0.0,True,False
2005-10-21,1177.800048828125,16.110000610351562,,0.03830454365611515,409283.9399434042,-406.1825956643232,408877.7573477399,43.064392091181375,0.0,True,False
2005-10-24,1179.5899658203125,16.1299991607666,,0.03840690674303827,409412.8158558615,-369.82229404575156,409042.99356181576,128.8759124572761,0.0,True,False
2005-10-25,1199.3800048828125,14.739999771118164,,0.03912352150729249,409455.89834122034,-234.41799164439053,409221.4803495759,43.08248535882327,0.0,True,False
2005-10-26,1196.5400390625,14.529999732971191,,0.03912352150729249,409499.7893418093,-228.42493807502268,409271.3644037343,43.891000588936485,0.0,True,False
2005-10-27,1191.3800048828125,14.59000015258789,,0.03881638521646549,409543.6850472271,-239.5645757363309,409304.1204714907,43.89570541780939,0.0,True,False
2005-10-28,1178.9000244140625,16.020000457763672,,0.03861164075433803,409246.52246586356,0.0,409246.52246586356,43.55575552129392,-168.06758619252813,False,False
2005-10-31,1198.4100341796875,14.25,,0.039021140130487644,409376.41989613115,0.0,409376.41989613115,129.89743026759945,0.0,False,False
2005-11-01,1207.010009765625,15.31999969482422,,0.039635467594594666,409582.60545135074,-332.4179153202766,409250.1875360305,43.76763989933682,0.0,True,False
2005-11-02,1202.760009765625,14.850000381469728,,0.03943068131848483,409627.0845733922,-283.7962160022943,409343.28835738986,44.47912204141493,0.0,True,False
2005-11-03,1214.760009765625,13.479999542236328,,0.039225905497471646,409671.33867613255,-251.43827790290015,409419.90039822966,44.25410274035477,0.0,True,False
2005-11-04,1219.93994140625,13.0,,0.039225905497471646,409715.3676973368,-242.95533885696327,409472.41235847987,44.02902120428656,0.0,True,False
2005-11-07,1220.1400146484375,13.170000076293944,,0.03953307314958572,409847.4831548367,-227.88899115717055,409619.5941636795,132.11545749985925,0.0,True,False
2005-11-08,1222.81005859375,13.100000381469728,,0.03943068131848483,409891.8760534936,-229.06264311753003,409662.8134103761,44.39289865687235,0.0,True,False
2005-11-09,1218.5899658203125,13.079999923706056,,0.03943068131848483,409936.1587630078,-201.4732750476795,409734.6854879601,44.28270951419,0.0,True,False
2005-11-10,1220.6500244140625,12.800000190734863,,0.03973786465364425,409980.4462566089,-190.27529819857415,409790.1709584103,44.28749360110775,0.0,True,False
2005-11-11,1230.9599609375,11.899999618530272,,0.03953307314958572,410025.08361103205,-191.18323514442957,409833.90037588764,44.63735442316328,0.0,True,False
2005-11-14,1234.719970703125,11.630000114440918,,0.03953307314958572,410158.3344498416,-176.35207787108976,409981.9823719705,133.25083880955705,0.0,True,False
2005-11-15,1233.760009765625,12.18000030517578,,0.04004507151637512,410202.76101856015,-186.30415940604615,410016.4568591541,44.42656871855063,0.0,True,False
2005-11-16,1229.010009765625,12.229999542236328,,0.03994266661440099,410247.76786797383,-157.54317701084796,410090.224690963,45.006849413671326,0.0,True,False
2005-11-17,1231.2099609375,12.260000228881836,,0.03984026432686883,410292.664543183,-160.33041075348066,410132.3341324295,44.89667520918035,0.0,True,False
2005-11-18,1242.800048828125,11.25,,0.03994266661440099,410337.4510098758,-176.37881933045716,410161.0721905453,44.78646669283624,0.0,True,False
2005-11-21,1248.27001953125,11.119999885559082,,0.03984026432686883,410472.18522368197,-182.2480237253057,410289.9371999567,134.73421380613723,0.0,True,False
2005-11-22,1254.8499755859375,10.81999969482422,,0.03984026432686883,410516.9912863795,-215.71697566844347,410301.2743107111,44.80606269752425,0.0,True,False
2005-11-23,1261.22998046875,10.600000381469728,,0.03912352150729249,410561.8022399888,-264.59855369827176,410297.20368629054,44.81095360932467,0.0,True,False
2005-11-25,1265.6099853515625,10.960000038146973,,0.03932829210115765,410319.1280126099,0.0,410319.1280126099,88.02381007783328,-168.2801221364607,False,False
2005-11-28,1268.25,10.880000114440918,,0.03932829210115765,410451.7835655316,0.0,410451.7835655316,132.6555529217138,0.0,False,False
2005-11-29,1257.4599609375,11.84000015258789,,0.039635467594594666,410496.0116130074,0.0,410496.0116130074,44.22804747581953,0.0,False,False
2005-11-30,1257.47998046875,11.890000343322754,,0.039635467594594666,410540.5899275038,0.0,410540.5899275038,44.57831449636046,0.0,False,False
2005-12-01,1249.47998046875,12.0600004196167,,0.03932829210115765,410585.1730830365,0.0,410585.1730830365,44.58315553273382,0.0,False,False
2005-12-02,1264.6700439453125,11.239999771118164,,0.03953307314958572,410629.41550383985,0.0,410629.41550383985,44.24242080333131,0.0,False,False
2005-12-05,1265.0799560546875,11.010000228881836,,0.03973786465364425,410762.86273973546,0.0,410762.86273973546,133.44723589562508,0.0,False,False
2005-12-06,1262.0899658203125,11.600000381469728,,0.040249889164181527,410958.58097902406,-320.9956978713005,410637.58528115274,44.7225414172815,0.0,True,False
2005-12-07,1263.699951171875,11.520000457763672,,0.040249889164181527,411003.9013883102,-314.7951428991138,410689.1062454111,45.32040928615382,0.0,True,False
2005-12-08,1257.3699951171875,12.18000030517578,,0.04014747903292383,411049.2267955197,-321.40893006740424,410727.8178654523,45.32540720952841,0.0,True,False
2005-12-09,1255.8399658203125,12.210000038146973,,0.039225905497471646,411094.4418580759,-309.08085948346934,410785.36099859246,45.21506255621036,0.0,True,False
2005-12-12,1259.3699951171875,11.6899995803833,,0.039225905497471646,411227.0020072521,-263.3183016429732,410963.6837056091,132.56014917617165,0.0,True,False
2005-12-13,1260.4300537109375,11.470000267028809,,0.039021140130487644,411271.19822183147,-245.93321172411882,411025.26501010737,44.19621457938069,0.0,True,False
2005-12-14,1267.4300537109375,11.109999656677246,,0.039021140130487644,411315.1684380674,-243.16981613846832,411071.998621929,43.970216235974284,0.0,True,False
2005-12-15,1272.739990234375,10.479999542236328,,0.03881638521646549,411359.14335528883,-224.038840206408,411135.10451508244,43.97491722141697,0.0,True,False
2005-12-16,1270.93994140625,10.729999542236328,,0.03912352150729249,411402.8921882793,-220.40590822015238,411182.48628005915,43.74883299046774,0.0,True,False
2005-12-19,1267.3199462890625,10.68000030517578,,0.03912352150729249,411535.2054872635,-180.0355948482527,411355.16989241523,132.31329898417664,0.0,True,False
2005-12-20,1259.9200439453125,11.380000114440918,,0.039635467594594666,411579.319376011,-186.20283473404885,411393.1165412769,44.1138887474446,0.0,True,False
2005-12-21,1259.6199951171875,11.1899995803833,,0.03953307314958572,411624.0153336337,-172.0328615711906,411451.9824720625,44.69595762269868,0.0,True,False
2005-12-22,1262.7900390625,10.8100004196167,,0.03973786465364425,411668.6006585374,-155.98970074304185,411512.61095779436,44.585324903745786,0.0,True,False
2005-12-23,1268.1199951171875,10.289999961853027,,0.039635467594594666,411713.4218137907,-140.96870904820565,411572.45310474245,44.821155253295416,0.0,True,False
2005-12-27,1268.6600341796875,10.270000457763672,,0.03973786465364425,411892.29303082195,-119.21859844923033,411773.0744323727,178.8712170312562,0.0,True,False
2005-12-28,1256.5400390625,11.56999969482422,,0.03973786465364425,411937.1385409824,-137.43446944724283,411799.70407153515,44.84551016044914,0.0,True,False
2005-12-29,1258.1700439453125,11.350000381469728,,0.03943068131848483,411981.98893377796,-126.87458434101735,411855.11434943695,44.850392795583566,0.0,True,False
2005-12-30,1254.4200439453125,11.609999656677246,,0.03994266661440099,411888.42956400604,0.0,411888.42956400604,44.508515066670434,12.927813032729894,False,False
2006-01-03,1248.2900390625,12.06999969482422,,0.040659555838967396,412205.2583252632,-306.49425734334585,411898.76406791987,180.33450391383326,0.0,True,False
2006-01-04,1268.800048828125,11.140000343322754,,0.04147901473514969,412251.1789177457,-386.8459300969863,411864.3329876487,45.92059248249094,0.0,True,False
2006-01-05,1273.4599609375,11.369999885559082,,0.04168390562097403,412298.03027221287,-451.3714402377377,411846.65883197513,46.85135446715853,0.0,True,False
2006-01-06,1273.47998046875,11.3100004196167,,0.041786354988887824,412345.11841898505,-434.29733384067674,411910.82108514436,47.088146772177254,0.0,True,False
2006-01-09,1285.449951171875,11.0,,0.04199126157538794,412486.76246326684,-549.7243821618713,411937.038081105,141.64404428179574,0.0,True,False
2006-01-10,1290.1500244140625,11.130000114440918,,0.04219617863034214,412534.2195479553,-634.0838940923222,411900.135653863,47.45708468847191,0.0,True,False
2006-01-11,1289.68994140625,10.859999656677246,,0.042708517074234724,412581.9137229026,-588.16244640515,411993.75127649744,47.69417494728825,0.0,True,False
2006-01-12,1294.1800537109375,10.9399995803833,,0.04281099261662742,412630.1926068654,-671.1332842299444,411959.05932263547,48.278883962831856,0.0,True,False
2006-01-13,1286.06005859375,11.199999809265137,,0.043015951556096534,412678.59300177864,-521.1116710063858,412157.4813307723,48.40039491321141,0.0,True,False
2006-01-17,1287.6099853515625,11.229999542236328,,0.04311843495344054,412873.17872431007,-488.12326616035364,412385.0554581497,194.5857225314339,0.0,True,False
2006-01-18,1282.9300537109375,11.90999984741211,,0.043630891221611366,412921.9554280572,-447.9053528146845,412474.05007524247,48.776703747091105,0.0,True,False
2006-01-19,1277.9300537109375,12.25,,0.043323409604017406,412971.31770136906,-384.34854761843155,412586.96915375063,49.36227331186809,0.0,True,False
2006-01-20,1285.0400390625,11.979999542236328,,0.043323409604017406,413020.33794080035,-452.3281402395141,412568.00980056083,49.020239431320974,0.0,True,False
2006-01-23,1261.489990234375,14.5600004196167,,0.043323409604017406,413167.4335744592,-296.9685633633108,412870.4650110959,147.09563365885072,0.0,True,False
2006-01-24,1263.8199462890625,13.93000030517578,,0.043630891221611366,413216.47709310305,-264.965582715121,412951.51151038794,49.043518643806415,0.0,True,False
2006-01-25,1266.8599853515625,13.3100004196167,,0.04383589206272108,413265.8745746637,-240.99753087746362,413024.8770437862,49.39748156063071,0.0,True,False
2006-01-26,1264.6800537109375,12.869999885559082,,0.04404090338191805,413315.5100983843,-193.02180491521236,413122.48829346907,49.635523720588814,0.0,True,False
2006-01-27,1273.8299560546875,12.420000076293944,,0.044245925180273475,413131.4191057557,0.0,413131.4191057557,49.873662095844075,-97.4703973811276,False,False
2006-01-30,1283.719970703125,11.970000267028809,,0.044245925180273475,413281.6879225992,0.0,413281.6879225992,150.26881684353825,0.0,False,False
2006-01-31,1285.18994140625,12.390000343322754,,0.04465600021874516,413490.9913297102,-329.2016563741309,413161.789673336,50.10175073684769,0.0,True,False
2006-02-01,1280.0799560546875,12.949999809265137,,0.04455347752857206,413541.58306502114,-334.41477464282866,413207.1682903783,50.59173531097974,0.0,True,False
2006-02-02,1282.4599609375,12.359999656677246,,0.04455347752857206,413592.064818923,-297.6668161194371,413294.39800280356,50.481753901894606,0.0,True,False
2006-02-03,1270.8399658203125,13.229999542236328,,0.04455347752857206,413642.55273522204,-310.2571552888068,413332.2955799332,50.487916299054575,0.0,True,False
2006-02-06,1264.030029296875,12.960000038146973,,0.04455347752857206,413794.0534660251,-274.4725590891439,413519.58090693597,151.50073080303605,0.0,True,False
2006-02-07,1265.02001953125,13.039999961853027,,0.04465600021874516,413844.56603943626,-270.3521291699146,413574.21391026635,50.51257341116023,0.0,True,False
2006-02-08,1254.780029296875,13.59000015258789,,0.04475852552951106,413895.2010355643,-301.72977046971647,413593.4712650946,50.63499612802824,0.0,True,False
2006-02-09,1265.6500244140625,12.829999923706056,,0.0448610534610046,413945.9585008068,-248.04994866885897,413697.90855213796,50.75746524254257,0.0,True,False
2006-02-10,1263.780029296875,13.119999885559082,,0.0449635840133589,413996.8384816717,-254.36191606142006,413742.47656561027,50.8799808648678,0.0,True,False
2006-02-13,1266.989990234375,12.869999885559082,,0.04506611718670883,414149.8649616108,-221.39577732759017,413928.4691842832,153.0264799391278,0.0,True,False
2006-02-14,1262.8599853515625,13.350000381469728,,0.045373732434068954,414201.0027112366,-236.11904959845697,413964.88366163813,51.13774962578573,0.0,True,False
2006-02-15,1275.530029296875,12.25,,0.045373732434068954,414252.4958993621,-182.42096260213842,414070.07493675995,51.493188125465814,0.0,True,False
2006-02-16,1280.0,12.3100004196167,,0.04527119139692984,414303.9954890858,-177.98785970810738,414126.0076293777,51.499589723738076,0.0,True,False
2006-02-17,1289.3800048828125,11.479999542236328,,0.04527119139692984,414355.38507452724,-154.6964700202458,414200.688604507,51.38958544146313,0.0,True,False
2006-02-21,1287.239990234375,12.010000228881836,,0.0451686529811875,414561.0071669958,-139.7136566474296,414421.29351034836,205.6220924685419,0.0,True,False
2006-02-22,1283.030029296875,12.40999984741211,,0.0454762760927398,414612.3121558642,-140.04315194516707,414472.26900391903,51.30498886839781,0.0,True,False
2006-02-23,1292.6700439453125,11.880000114440918,,0.0454762760927398,414663.9729740162,-129.52697379733408,414534.44600021886,51.66081815202188,0.0,True,False
2006-02-24,1287.7900390625,11.869999885559082,,0.04568137127521102,414586.85578759643,0.0,414586.85578759643,51.66725510542121,30.417214848967753,False,False
2006-02-27,1289.4300537109375,11.460000038146973,,0.045783922799279536,414742.54717357334,0.0,414742.54717357334,155.6913859769132,0.0,False,False
2006-02-28,1294.1199951171875,11.59000015258789,,0.04598903371375363,414794.57383584406,0.0,414794.57383584406,52.0266622707032,0.0,False,False
2006-03-01,1280.6600341796875,12.34000015258789,,0.04598903371375363,414846.84014667623,0.0,414846.84014667623,52.266310832171186,0.0,False,False
2006-03-02,1291.239990234375,11.539999961853027,,0.045783922799279536,414899.1130433401,0.0,414899.1130433401,52.27289666385829,0.0,False,False
2006-03-03,1289.1400146484375,11.720000267028809,,0.04588647694541601,414951.1593457458,0.0,414951.1593457458,52.04630240573392,0.0,False,False
2006-03-06,1287.22998046875,11.960000038146973,,0.04588647694541601,415107.68732799136,0.0,415107.68732799136,156.52798224556065,0.0,False,False
2006-03-07,1278.260009765625,12.739999771118164,,0.045783922799279536,415319.7044923921,-329.8280501907068,414989.8764422014,52.18911421001496,0.0,True,False
2006-03-08,1275.8800048828125,12.65999984741211,,0.045783922799279536,415371.8035551655,-305.24419507833926,415066.55936008715,52.09906277339549,0.0,True,False
2006-03-09,1278.469970703125,12.31999969482422,,0.0455788223730755,415423.90915341576,-286.3723770684056,415137.5367763474,52.10559825031244,0.0,True,False
2006-03-10,1272.22998046875,12.68000030517578,,0.04568137127521102,415475.78782416804,-277.72320956003955,415198.064614608,51.8786707522992,0.0,True,False
2006-03-13,1281.4200439453125,11.850000381469728,,0.04588647694541601,415631.813034189,-237.7357313865665,415394.0773028024,156.02521002097316,0.0,True,False
2006-03-14,1284.1300048828125,11.369999885559082,,0.04588647694541601,415684.0680437249,-214.9261449808427,415469.1418987441,52.25500953591756,0.0,True,False
2006-03-15,1297.47998046875,10.739999771118164,,0.04568137127521102,415736.32962298417,-241.88186717560524,415494.44775580853,52.26157925925434,0.0,True,False
2006-03-16,1303.02001953125,11.350000381469728,,0.04598903371375363,415788.3641273816,-320.71992809954565,415467.64419928205,52.034504397419006,0.0,True,False
2006-03-17,1305.3299560546875,11.979999542236328,,0.04588647694541601,415840.7556610483,-379.0913226242078,415461.6643384241,52.3915336666918,0.0,True,False
2006-03-20,1307.25,12.119999885559082,,0.04609159310442741,415997.619217043,-369.48145647490406,415628.13776056806,156.8635559946904,0.0,True,False
2006-03-21,1305.0799560546875,11.789999961853027,,0.04639928701180315,416050.15402164106,-308.74524810311027,415741.40877353796,52.5348045980611,0.0,True,False
2006-03-22,1297.22998046875,11.619999885559082,,0.046604429397524544,416103.04623414035,-220.84890037781076,415882.19733376254,52.89221249929299,0.0,True,False
2006-03-23,1305.0400390625,11.210000038146973,,0.046604429397524544,416156.1790646241,-246.06005531088354,415910.11900931323,53.13283048377208,0.0,True,False
2006-03-24,1301.6700439453125,11.170000076293944,,0.04639928701180315,416209.3186797198,-205.7412805527707,416003.57739916706,53.139615095662734,0.0,True,False
2006-03-27,1302.949951171875,11.1899995803833,,0.04629671975331805,416368.0762017874,-183.48675737463822,416184.58944441273,158.75752206755325,0.0,True,False
2006-03-28,1301.6099853515625,11.460000038146973,,0.04598903371375363,416420.89181468356,-176.48648279763884,416244.4053318859,52.815612896163366,0.0,True,False
2006-03-29,1293.22998046875,11.579999923706056,,0.046194155117570544,416473.3630501853,-136.13796914549258,416337.2250810398,52.47123550176827,0.0,True,False
2006-03-30,1302.8900146484375,10.949999809265137,,0.04598903371375363,416526.0749751191,-144.8080885553858,416381.2668865637,52.71192493376105,0.0,True,False
2006-03-31,1300.25,11.56999969482422,,0.04588647694541601,416424.1908722479,0.0,416424.1908722479,52.484489136469406,5.459458183017382,False,False
2006-04-03,1294.8699951171875,11.390000343322754,,0.04609159310442741,416581.2745118219,0.0,416581.2745118219,157.08363957398217,0.0,False,False
2006-04-04,1297.81005859375,11.56999969482422,,0.04639928701180315,416801.96389926015,-338.0808751662829,416463.88302409387,52.608512271969296,0.0,True,False
2006-04-05,1305.9300537109375,11.140000343322754,,0.04650185689316091,416854.95168890903,-354.61306489745,416500.3386240116,52.98778964887873,0.0,True,False
2006-04-06,1311.56005859375,11.130000114440918,,0.04639928701180315,416908.0633715894,-396.44540366006026,416511.61796792934,53.11168268038197,0.0,True,False
2006-04-07,1309.0400390625,11.449999809265137,,0.04650185689316091,416961.0646496021,-385.94306380063045,416575.1215858015,53.00127801267876,0.0,True,False
2006-04-10,1295.5,12.260000228881836,,0.046604429397524544,417120.4605643305,-313.5970840660543,416806.86348026444,159.3959147283774,0.0,True,False
2006-04-11,1296.6199951171875,12.1899995803833,,0.04670700452502913,417173.72330999665,-304.2896608178448,416869.4336491788,53.26274566614577,0.0,True,False
2006-04-12,1286.5699462890625,13.0,,0.04670700452502913,417227.11010924185,-304.9706659383776,416922.13944330346,53.386799245223365,0.0,True,False
2006-04-13,1288.1199951171875,12.760000228881836,,0.04670700452502913,417280.5037405337,-285.67743401765523,416994.8263065161,53.39363129186099,0.0,True,False
2006-04-17,1289.1199951171875,12.380000114440918,,0.04670700452502913,417494.1466036556,-231.04843087434784,417263.09817278123,213.642863121861,0.0,True,False
2006-04-18,1285.3299560546875,12.579999923706056,,0.04701474564772673,417547.5744082976,-226.50809050479816,417321.0663177928,53.42780464200707,0.0,True,False
2006-04-19,1307.280029296875,11.399999618530272,,0.04701474564772673,417601.36114080244,-229.3449632224319,417372.01617758,53.7867325048345,0.0,True,False
2006-04-20,1309.9300537109375,11.31999969482422,,0.04701474564772673,417655.15480188926,-230.30618772238637,417424.8486141669,53.793661086799425,0.0,True,False
2006-04-21,1311.4599609375,11.640000343322754,,0.04701474564772673,417708.95539245056,-247.30895107345344,417461.6464413771,53.80059056127532,0.0,True,False
2006-04-24,1311.280029296875,11.59000015258789,,0.04721991951435448,417870.3987499081,-206.37113350447675,417664.0276164036,161.4433574574948,0.0,True,False
2006-04-25,1308.1099853515625,11.75,,0.04732251038351998,417924.46199100354,-184.77455449477517,417739.6874365088,54.063241095445136,0.0,True,False
2006-04-26,1301.739990234375,11.75,,0.04763029873603194,417978.64970830164,-152.262345063751,417826.3873632379,54.18771729811623,0.0,True,False
2006-04-27,1305.4100341796875,11.760000228881836,,0.04763029873603194,418033.19696028414,-153.92654404491205,417879.2704162392,54.54725198247999,0.0,True,False
2006-04-28,1309.719970703125,11.84000015258789,,0.04752769999422446,417914.6159808578,0.0,417914.6159808578,54.55437053435081,-5.054474794436397,False,False
2006-05-01,1310.6099853515625,11.59000015258789,,0.04742510387676492,418077.90146467136,0.0,418077.90146467136,163.28548381354244,0.0,False,False
2006-05-02,1305.18994140625,12.539999961853027,,0.047938110708888315,418306.1407264481,-343.91412187170573,417962.2266045764,54.32513990505493,0.0,True,False
2006-05-03,1313.2099609375,11.989999771118164,,0.04783550409322959,418361.08352914016,-346.4592687109476,418014.62426042923,54.94280269203714,0.0,True,False
2006-05-04,1308.1199951171875,11.989999771118164,,0.047938110708888315,418415.91592575016,-303.6912630306271,418112.2246627195,54.83239660997121,0.0,True,False
2006-05-05,1312.25,11.859999656677246,,0.04773290010232253,418470.87314696616,-310.01297617573897,418160.8601707904,54.95722121600444,0.0,True,False
2006-05-08,1325.760009765625,11.619999885559082,,0.047938110708888315,418635.082028148,-373.5012520873414,418261.58077606064,164.20888118185536,0.0,True,False
2006-05-09,1324.6600341796875,12.0,,0.04845118316314934,418690.0680359362,-379.15516874682737,418310.9128671894,54.98600778820229,0.0,True,False
2006-05-10,1325.1400146484375,11.989999771118164,,0.048553805530135836,418745.6498870278,-370.4827194185444,418375.16716760927,55.58185109160487,0.0,True,False
2006-05-11,1322.8499755859375,11.779999732971191,,0.048553805530135836,418801.3568656966,-320.4704348489375,418480.8864308477,55.70697866882717,0.0,True,False
2006-05-12,1305.9200439453125,12.489999771118164,,0.047938110708888315,418857.0712552304,-247.16266534076777,418609.90858988964,55.714389533807484,0.0,True,False
2006-05-15,1291.239990234375,14.1899995803833,,0.048143331814996124,419022.13842973,-265.5785150193394,418756.5599147107,165.06717449963418,0.0,True,False
2006-05-16,1294.5,13.56999969482422,,0.04834856342172042,419077.41090183816,-233.0116282277312,418844.39927361044,55.27247210813298,0.0,True,False
2006-05-17,1292.0799560546875,13.350000381469728,,0.04804071994943209,419132.9263341551,-214.343381542725,418918.58295261237,55.51543231690903,0.0,True,False
2006-05-18,1270.3199462890625,16.260000228881836,,0.04804071994943209,419188.0955744059,-336.5056854070633,418851.58988899883,55.16924025083645,0.0,True,False
2006-05-19,1261.81005859375,16.989999771118164,,0.04804071994943209,419243.27207642235,-380.4347200279117,418862.83735639445,55.17650201644498,0.0,True,False
2006-05-22,1267.030029296875,17.18000030517578,,0.047938110708888315,419408.8451626243,-337.6830667237531,419071.16209590057,165.57308620197432,0.0,True,False
2006-05-23,1262.0699462890625,17.719999313354492,,0.04804071994943209,419463.9328010392,-363.00126264966616,419100.93153838953,55.08763841488656,0.0,True,False
2006-05-24,1256.5799560546875,18.260000228881836,,0.048143331814996124,419519.1456107024,-394.3336541824403,419124.81195651996,55.21280966318453,0.0,True,False
2006-05-25,1258.5699462890625,17.360000610351562,,0.047938110708888315,419574.4836421522,-345.4813956724131,419229.0022464798,55.33803144982023,0.0,True,False
2006-05-26,1272.8800048828125,15.5,,0.047938110708888315,419392.04074803594,0.0,419392.04074803594,55.109394352495094,-63.63816659701805,False,False
2006-05-30,1280.1600341796875,14.260000228881836,,0.048143331814996124,419612.4258882103,0.0,419612.4258882103,220.38514017435722,0.0,False,False
2006-05-31,1259.8699951171875,18.65999984741211,,0.048143331814996124,419667.7762240972,0.0,419667.7762240972,55.3503358868987,0.0,False,False
2006-06-01,1270.0899658203125,16.440000534057617,,0.04834856342172042,419723.13386114937,0.0,419723.13386114937,55.35763705219738,0.0,False,False
2006-06-02,1285.7099609375,14.520000457763672,,0.04804071994943209,419778.7348327683,0.0,419778.7348327683,55.60097161898206,0.0,False,False
2006-06-05,1288.219970703125,14.31999969482422,,0.04783550409322959,419944.5193909891,0.0,419944.5193909891,165.78455822077458,0.0,False,False
2006-06-06,1265.2900390625,16.649999618530273,,0.04824594630571383,420182.17289441125,-352.61357416491734,419829.55932024634,55.03992925725031,0.0,True,False
2006-06-07,1263.8499755859375,17.34000015258789,,0.04834856342172042,420237.71652838425,-372.8322970869914,419864.88423129724,55.54363397299673,0.0,True,False
2006-06-08,1256.1500244140625,17.799999237060547,,0.04834856342172042,420293.3856670733,-356.2824380453196,419937.103229028,55.66913868905357,0.0,True,False
2006-06-09,1257.9300537109375,18.350000381469727,,0.04834856342172042,420349.06218028604,-379.5223386666524,419969.5398416194,55.67651321275882,0.0,True,False
2006-06-12,1252.300048828125,18.1200008392334,,0.04845118316314934,420516.13597683626,-320.39890432035804,420195.7370725159,167.07379655021285,0.0,True,False
2006-06-13,1237.43994140625,20.959999084472656,,0.049066956753127035,420571.96024169435,-406.48012667373007,420165.48011502065,55.8242648580703,0.0,True,False
2006-06-14,1223.68994140625,23.809999465942383,,0.04865643052281336,420628.5015384296,-504.7455783250153,420123.7559601046,56.54129673525778,0.0,True,False
2006-06-15,1230.0400390625,21.459999084472656,,0.04865643052281336,420684.5772799458,-399.98086569950885,420284.59641424625,56.07574151621332,0.0,True,False
2006-06-16,1256.1600341796875,15.899999618530272,,0.048143331814996124,420740.6604971532,-207.92774309785563,420532.7327540553,56.08321720741135,0.0,True,False
2006-06-19,1251.5400390625,17.25,,0.04845118316314934,420907.17993848777,-221.84052958877265,420685.339408899,166.51944133460114,0.0,True,False
2006-06-20,1240.1300048828125,17.829999923706055,,0.049066956753127035,420963.05611512717,-229.0605854359648,420733.9955296912,55.87617663937609,0.0,True,False
2006-06-21,1240.1199951171875,16.690000534057617,,0.048964321256339406,421019.6499904219,-194.3286851037823,420825.3213053181,56.59387529474851,0.0,True,False
2006-06-22,1252.199951171875,15.520000457763672,,0.04886168838578122,421076.1330704063,-157.62101189112087,420918.51205851516,56.48307998436701,0.0,True,False
2006-06-23,1245.5999755859375,15.880000114440918,,0.04886168838578122,421132.5053114788,-161.65240464400898,420970.8529068348,56.372241072551354,0.0,True,False
2006-06-26,1244.5,15.890000343322754,,0.049374879002207155,421301.6673202819,-145.88642905075585,421155.78089123114,169.16200880309108,0.0,True,False
2006-06-27,1250.56005859375,15.619999885559082,,0.05009345619317063,421358.6621856872,-132.51666767257782,421226.1455180147,56.99486540530582,0.0,True,False
2006-06-28,1239.199951171875,16.399999618530273,,0.050196120587349895,421416.4944053052,-147.04161514152761,421269.45279016363,57.83221961794084,0.0,True,False
2006-06-29,1246.0,15.789999961853027,,0.04978547877634211,421474.45311157487,-127.63141162547305,421346.8216999494,57.958706269699626,0.0,True,False
2006-06-30,1272.8699951171875,13.029999732971191,,0.04978547877634211,421428.8971914686,0.0,421428.8971914686,57.49243438851597,79.5652196702012,False,False
2006-07-03,1270.199951171875,13.079999923706056,,0.04968282489218797,421601.37937786453,0.0,421601.37937786453,172.4821863958811,0.0,False,False
2006-07-05,1280.18994140625,13.050000190734863,,0.0506068044438388,421759.94706783927,-213.7775588759079,421546.16950896336,114.79013109884959,0.0,True,False
2006-07-06,1270.9100341796875,14.149999618530272,,0.04978547877634211,421818.42762369226,-234.95495962645654,421583.4726640658,58.480555852978256,0.0,True,False
2006-07-07,1274.0799560546875,13.649999618530272,,0.04968282489218797,421875.96697891294,-213.78959411366577,421662.1773847993,57.53935522066424,0.0,True,False
2006-07-10,1265.47998046875,13.970000267028809,,0.04988813528780124,422048.2760466083,-201.2579396753946,421847.01810693287,172.3090676953265,0.0,True,False
2006-07-11,1267.3399658203125,14.020000457763672,,0.05029878760937217,422105.9654725523,-197.34054413965484,421908.6249284126,57.6894259439833,0.0,True,False
2006-07-12,1272.4300537109375,13.140000343322754,,0.050196120587349895,422164.137750004,-168.70550926426608,421995.43224073976,58.172277451698015,0.0,True,False
2006-07-13,1258.5999755859375,14.489999771118164,,0.05029878760937217,422222.1992819618,-202.0572353022894,422020.1420466595,58.06153195779009,0.0,True,False
2006-07-14,1242.280029296875,17.790000915527344,,0.050196120587349895,422280.3875781054,-311.63489718762446,421968.75268091774,58.18829614359844,0.0,True,False
2006-07-17,1236.199951171875,18.049999237060547,,0.05029878760937217,422454.64410240593,-309.5260110914835,422145.11809131445,174.25652430056059,0.0,True,False
2006-07-18,1234.489990234375,18.63999938964844,18.049999237060547,0.05081216214182949,422512.86443279136,-321.9874419922945,422190.8769907991,58.22033038545511,0.0,True,True
2006-07-19,1236.8599853515625,17.739999771118164,17.219999313354492,0.05101753035441975,422571.68713578937,-284.06945547838677,422287.61768031097,58.822702997985495,0.0,True,True
2006-07-20,1259.81005859375,15.550000190734863,15.600000381469728,0.05081216214182949,422630.7558223908,-185.1881109103395,422445.5677114804,59.06868660142815,0.0,True,False
2006-07-21,1249.1300048828125,16.209999084472656,16.309999465942383,0.05050412953748208,422689.59493835695,-206.5666563342444,422483.0282820227,58.83911596615804,0.0,True,False
2006-07-24,1240.2900390625,17.399999618530273,17.040000915527344,0.0506068044438388,422865.09084014484,-231.3396594505506,422633.75118069426,175.49590178787832,0.0,True,True
2006-07-25,1260.9100341796875,14.979999542236328,15.40999984741211,0.05070948197857671,422923.7246334556,-141.4573324936386,422782.267300962,58.63379331080516,0.0,True,False
2006-07-26,1268.8800048828125,14.850000381469728,14.609999656677246,0.05101753035441975,422982.48554530717,-132.23129012317872,422850.254255184,58.76091185152359,0.0,True,True
2006-07-27,1268.4000244140625,14.619999885559082,14.579999923706056,0.05081216214182949,423041.61165488145,-123.20399631585603,422918.4076585656,59.12610957425589,0.0,True,True
2006-07-28,1263.199951171875,14.9399995803833,15.15999984741211,0.05070948197857671,422966.68162182765,0.0,422966.68162182765,58.89631576442225,-90.04878994227468,False,False
2006-07-31,1278.550048828125,14.329999923706056,14.630000114440918,0.050401457259371084,423143.00675898,0.0,423143.00675898,176.3251371523075,0.0,False,False
2006-08-01,1276.6600341796875,14.949999809265137,15.25,0.05070948197857671,423403.05708474596,-371.6160881734456,423031.4409965725,58.434237592476805,0.0,True,False
2006-08-02,1270.9200439453125,15.050000190734863,15.390000343322754,0.0509148449337326,423461.88459492306,-342.60700518228504,423119.27758974076,58.82751017712534,0.0,True,False
2006-08-03,1277.4100341796875,14.34000015258789,15.0600004196167,0.05070948197857671,423520.958567596,-329.5513877349481,423191.40717986104,59.07397267290359,0.0,True,False
2006-08-04,1280.27001953125,14.460000038146973,15.050000190734863,0.05081216214182949,423579.80245897436,-336.24000469064185,423243.5624542837,58.84389137836185,0.0,True,False
2006-08-07,1279.3599853515625,14.34000015258789,15.09000015258789,0.0506068044438388,423756.7408200702,-294.604507847806,423462.1363122224,176.93836109585257,0.0,True,False
2006-08-08,1275.77001953125,15.229999542236328,15.350000381469728,0.0509148449337326,423815.498248133,-304.2629494887147,423511.2352986443,58.757428062788726,0.0,True,False
2006-08-09,1271.47998046875,15.229999542236328,15.470000267028809,0.05070948197857671,423874.6215507788,-281.0455963757991,423593.57595440303,59.12330264579234,0.0,True,False
2006-08-10,1265.949951171875,15.199999809265137,15.579999923706056,0.050401457259371084,423933.51457999967,-259.43170575684167,423674.0828742428,58.893029220884074,0.0,True,False
2006-08-11,1271.81005859375,14.460000038146973,15.279999732971191,0.050196120587349895,423992.0579833377,-234.38610084235617,423757.67188249534,58.54340333808604,0.0,True,False
2006-08-14,1266.739990234375,14.300000190734863,15.279999732971191,0.050401457259371084,424167.0208386552,-195.57707447866008,423971.4437641765,174.96285531743442,0.0,True,False
2006-08-15,1268.2099609375,14.260000228881836,15.279999732971191,0.0509148449337326,424225.59648820787,-186.6703918171804,424038.9260963907,58.57564955267461,0.0,True,False
2006-08-16,1285.5799560546875,13.420000076293944,14.520000457763672,0.05070948197857671,424284.77700056514,-179.93647745858107,424104.84052310657,59.18051235724149,0.0,True,False
2006-08-17,1295.4300537109375,12.40999984741211,14.029999732971191,0.050401457259371084,424343.7270166771,-166.21252242548857,424177.5144942516,58.95001611196285,0.0,True,False
2006-08-18,1297.47998046875,12.239999771118164,13.380000114440918,0.0506068044438388,424402.3270685964,-158.97054252365265,424243.3565260727,58.600051919311085,0.0,True,False
2006-08-21,1302.300048828125,11.640000343322754,13.100000381469728,0.05070948197857671,424578.89238063636,-126.22171821302956,424452.6706624233,176.565312039965,0.0,True,False
2006-08-22,1297.52001953125,12.220000267028809,13.420000076293944,0.05081216214182949,424637.88326106244,-120.9566113261139,424516.9266497363,58.99088042605997,0.0,True,False
2006-08-23,1298.8199462890625,12.1899995803833,13.43000030517578,0.05070948197857671,424697.00181150535,-115.03580014980834,424581.9660113556,59.11855044293448,0.0,True,False
2006-08-24,1292.989990234375,12.399999618530272,13.5600004196167,0.0506068044438388,424642.95558214217,0.0,424642.95558214217,59.00729051953992,88.5625682907091,False,False
2006-08-25,1296.06005859375,12.399999618530272,13.579999923706056,0.0506068044438388,424701.8358913184,0.0,424701.8358913184,58.88030917620736,0.0,False,False
2006-08-28,1295.0899658203125,12.3100004196167,13.510000228881836,0.05081216214182949,424878.52580886916,0.0,424878.52580886916,176.68991755074978,0.0,False,False
2006-08-29,1301.780029296875,12.18000030517578,13.359999656677246,0.05070948197857671,424937.67786183074,0.0,424937.67786183074,59.152052961579244,0.0,False,False
2006-08-30,1304.280029296875,12.279999732971191,13.380000114440918,0.050401457259371084,424996.7185918179,0.0,424996.7185918179,59.04072998711815,0.0,False,False
2006-08-31,1305.3699951171875,12.220000267028809,13.31999969482422,0.050196120587349895,425055.408819078,0.0,425055.408819078,58.69022726012535,0.0,False,False
2006-09-01,1303.8199462890625,12.3100004196167,13.300000190734863,0.050196120587349895,425113.86799643614,0.0,425113.86799643614,58.45917735815586,0.0,False,False
2006-09-05,1311.010009765625,11.960000038146973,13.1899995803833,0.04988813528780124,425544.59199591,-366.8068782786793,425177.7851176313,233.91712119516865,0.0,True,False
2006-09-06,1313.25,12.630000114440918,13.359999656677246,0.04968282489218797,425602.75933035754,-399.21500651295815,425203.5443238446,58.16733444753974,0.0,True,False
2006-09-07,1300.260009765625,13.739999771118164,14.31999969482422,0.049374879002207155,425660.6951838952,-392.7205919061467,425267.974591989,57.93585353761228,0.0,True,False
2006-09-08,1294.02001953125,13.880000114440918,14.470000267028809,0.049374879002207155,425718.2797507559,-373.02268506004054,425345.2570656958,57.58456686071389,0.0,True,False
2006-09-11,1298.9200439453125,13.15999984741211,14.1899995803833,0.048964321256339406,425891.0801967592,-319.655229955715,425571.42496680346,172.8004460033316,0.0,True,False
2006-09-12,1299.5400390625,12.989999771118164,14.199999809265137,0.049066956753127035,425948.2168172184,-303.7527700055196,425644.4640472129,57.13662045923338,0.0,True,False
2006-09-13,1313.0,11.920000076293944,13.520000457763672,0.048759058141317174,426005.4808928051,-282.09589203804086,425723.38500076707,57.26407558667454,0.0,True,False
2006-09-14,1318.0699462890625,11.18000030517578,13.34000015258789,0.04886168838578122,426062.39325849595,-259.0213931544997,425803.37186534144,56.912365690877415,0.0,True,False
2006-09-15,1316.280029296875,11.550000190734863,13.550000190734863,0.04916959487627763,426119.4330431296,-254.60303440296624,425864.8300087267,57.039784633673726,0.0,True,False
2006-09-18,1319.6600341796875,11.760000228881836,13.40999984741211,0.049272235625926496,426291.67705017433,-235.83706965061663,426055.83998052374,172.24400704470207,0.0,True,False
2006-09-19,1321.1800537109375,11.779999732971191,13.399999618530272,0.04916959487627763,426349.2270823235,-229.79123780165008,426119.43584452185,57.55003214919166,0.0,True,False
2006-09-20,1317.6400146484375,11.979999542236328,13.550000190734863,0.04916959487627763,426406.6649750323,-209.18066390242583,426197.4843111299,57.43789270878432,0.0,True,False
2006-09-21,1325.1800537109375,11.390000343322754,13.279999732971191,0.049066956753127035,426464.11060579086,-200.37693161170108,426263.7336741792,57.44563075850803,0.0,True,False
2006-09-22,1318.030029296875,12.25,13.609999656677246,0.04886168838578122,426521.44403765077,-196.14933559628966,426325.29470205447,57.33343185989539,0.0,True,False
2006-09-25,1314.780029296875,12.59000015258789,14.09000015258789,0.048964321256339406,426692.7706946079,-160.07557847559534,426532.6951161323,171.3266569571484,0.0,True,False
2006-09-26,1326.3699951171875,12.119999885559082,13.460000038146973,0.048553805530135836,426750.0148681197,-168.99542839043556,426581.0194397292,57.244173511718515,0.0,True,False
2006-09-27,1336.3499755859375,11.529999732971191,13.100000381469728,0.048553805530135836,426806.7866912576,-178.70481490896134,426628.08187634865,56.77182313796849,0.0,True,False
2006-09-28,1336.5899658203125,11.579999923706056,13.220000267028809,0.048553805530135836,426863.56606692,-162.82075086353356,426700.7453160565,56.77937566237415,0.0,True,False
2006-09-29,1338.8800048828125,11.720000267028809,13.289999961853027,0.04845118316314934,426743.04518489575,0.0,426743.04518489575,56.786929191514595,19.499067062942373,False,False
2006-10-02,1335.8499755859375,11.979999542236328,13.449999809265137,0.04865643052281336,426913.0204418029,0.0,426913.0204418029,169.97525690718444,0.0,False,False
2006-10-03,1331.3199462890625,12.56999969482422,13.59000015258789,0.048553805530135836,427171.34309533896,-371.4090965691756,426799.9339987698,56.91355696687917,0.0,True,False
2006-10-04,1334.1099853515625,12.239999771118164,13.5,0.048759058141317174,427228.17096902354,-360.83924181549804,426867.33172720805,56.827873684577426,0.0,True,False
2006-10-05,1350.199951171875,11.859999656677246,13.239999771118164,0.048964321256339406,427285.24668046436,-453.0417566992017,426832.20492376515,57.07571144079245,0.0,True,False
2006-10-06,1353.219970703125,11.979999542236328,13.279999732971191,0.049066956753127035,427342.57033926493,-476.71573584537754,426865.85460341955,57.32365880058498,0.0,True,False
2006-10-09,1349.5899658203125,11.5600004196167,13.079999923706056,0.04916959487627763,427514.9481049598,-366.23683052397126,427148.7112744358,172.37776569489205,0.0,True,False
2006-10-10,1350.6600341796875,11.68000030517578,13.0600004196167,0.04916959487627763,427572.5430439461,-365.5519795042625,427206.99106444186,57.594938986280276,0.0,True,False
2006-10-11,1353.4200439453125,11.520000457763672,13.050000190734863,0.04968282489218797,427630.14574213943,-368.2436975665982,427261.9020445728,57.60269819332447,0.0,True,False
2006-10-12,1349.949951171875,11.619999885559082,13.100000381469728,0.04988813528780124,427688.35757688165,-325.69059878512576,427362.66697809653,58.211834742250026,0.0,True,False
2006-10-13,1362.8299560546875,11.09000015258789,12.420000076293944,0.05029878760937217,427746.8179408539,-403.95091940522605,427342.8670214487,58.46036397222631,0.0,True,False
2006-10-16,1365.6199951171875,10.75,12.199999809265137,0.050196120587349895,427923.69131864514,-358.2819023259833,427565.40941631916,176.87337779122848,0.0,True,False
2006-10-17,1369.06005859375,11.09000015258789,12.350000381469728,0.0506068044438388,427982.544979715,-411.39948021960066,427571.14549949544,58.853661069870874,0.0,True,False
2006-10-18,1364.050048828125,11.729999542236328,12.630000114440918,0.0506068044438388,428041.8883509853,-371.3682651907258,427670.52008579456,59.34337127029322,0.0,True,False
2006-10-19,1365.800048828125,11.34000015258789,12.470000267028809,0.0506068044438388,428101.239950712,-345.2832863570971,427755.9566643549,59.35159972669882,0.0,True,False
2006-10-20,1366.9599609375,10.899999618530272,12.3100004196167,0.05070948197857671,428160.5997800361,-306.36373660017523,427854.2360434359,59.35982932404895,0.0,True,False
2006-10-23,1368.5999755859375,10.630000114440918,12.0600004196167,0.0506068044438388,428339.09014289384,-244.61902054709918,428094.47112234676,178.4903628577752,0.0,True,False
2006-10-24,1377.02001953125,11.079999923706056,12.210000038146973,0.0509148449337326,428398.48295214295,-376.6947305071368,428021.7882216358,59.392809249111146,0.0,True,False
2006-10-25,1377.3800048828125,10.779999732971191,11.510000228881836,0.05101753035441975,428458.24559240806,-350.06114639969263,428108.18444600835,59.76264026510134,0.0,True,False
2006-10-26,1382.219970703125,10.65999984741211,11.359999656677246,0.0509148449337326,428518.1371246644,-402.2135383181642,428115.9235863462,59.89153225630815,0.0,True,False
2006-10-27,1389.0799560546875,10.5600004196167,11.229999542236328,0.0509148449337326,428054.52243275236,0.0,428054.52243275236,59.77933231596795,-321.9849276587825,False,False
2006-10-30,1377.3399658203125,10.800000190734863,11.369999885559082,0.05081216214182949,428233.69139572256,0.0,428233.69139572256,179.16896297021293,0.0,False,False
2006-10-31,1377.9300537109375,11.199999809265137,12.039999961853027,0.05070948197857671,428550.1260055498,-426.8154470437916,428123.310558506,59.619162783405585,0.0,True,False
2006-11-01,1377.93994140625,11.100000381469728,11.399999618530272,0.05050412953748208,428609.6686481386,-377.73452734117,428231.93412079744,59.54264258879413,0.0,True,False
2006-11-02,1367.81005859375,11.510000228881836,12.079999923706056,0.050401457259371084,428668.97839029017,-364.39806611053376,428304.5803241796,59.309742151566475,0.0,True,False
2006-11-03,1367.3399658203125,11.420000076293944,12.119999885559082,0.050401457259371084,428728.1757409061,-349.02082915343965,428379.1549117527,59.19735061591191,0.0,True,False
2006-11-06,1364.300048828125,11.15999984741211,12.079999923706056,0.0506068044438388,428905.8168466736,-298.75402719853963,428607.0628194751,177.64110576751438,0.0,True,False
2006-11-07,1379.780029296875,11.15999984741211,11.399999618530272,0.0506068044438388,428965.28823733586,-316.2229574138084,428649.06527992204,59.47139066226851,0.0,True,False
2006-11-08,1382.8399658203125,11.09000015258789,11.350000381469728,0.05050412953748208,429024.7678742055,-316.0667495383303,428708.70112466713,59.479636869637076,0.0,True,False
2006-11-09,1385.719970703125,10.75,11.1899995803833,0.05070948197857671,429084.135056564,-297.752211271015,428786.382845293,59.36718235851046,0.0,True,False
2006-11-10,1378.3299560546875,11.010000228881836,11.369999885559082,0.0506068044438388,429143.7518942309,-264.01849191449526,428879.7334023164,59.616837666882404,0.0,True,False
2006-11-13,1380.9000244140625,10.789999961853027,11.489999771118164,0.05070948197857671,429322.28979478055,-226.64032293106925,429095.6494718495,178.53790054963375,0.0,True,False
2006-11-14,1384.4200439453125,10.859999656677246,11.380000114440918,0.0506068044438388,429381.9397216046,-231.55664492045415,429150.38307668414,59.649926824014685,0.0,True,False
2006-11-15,1393.219970703125,10.5,11.170000076293944,0.0506068044438388,429441.47713069886,-245.9912103035637,429195.4859203953,59.53740909425537,0.0,True,False
2006-11-16,1396.5699462890625,10.3100004196167,11.119999885559082,0.0506068044438388,429501.0227951545,-242.22156681783272,429258.80122833664,59.545664455633535,0.0,True,False
2006-11-17,1399.760009765625,10.15999984741211,11.029999732971191,0.0506068044438388,429560.57671611616,-241.44128137790187,429319.13543473824,59.55392096168682,0.0,True,False
2006-11-20,1401.199951171875,10.050000190734863,11.0600004196167,0.0506068044438388,429739.2880294867,-191.98049846897115,429547.30753101775,178.7113133705542,0.0,True,False
2006-11-21,1400.5,9.970000267028809,11.18000030517578,0.05050412953748208,429798.87498792255,-162.33238569599416,429636.54260222655,59.58695843582599,0.0,True,False
2006-11-22,1402.81005859375,9.899999618530272,11.1899995803833,0.050401457259371084,429858.34928894095,-155.2331278246727,429703.1161611163,59.47430101837892,0.0,True,False
2006-11-24,1406.0899658203125,10.140000343322754,11.520000457763672,0.050196120587349895,429816.5441013364,0.0,429816.5441013364,118.73139287207837,96.27886656716251,False,False
2006-11-27,1400.949951171875,10.729999542236328,12.279999732971191,0.05009345619317063,429993.91046564124,0.0,429993.91046564124,177.36636430486422,0.0,False,False
2006-11-28,1381.9599609375,12.300000190734863,13.270000457763672,0.050196120587349895,430052.92788831727,0.0,430052.92788831727,59.0174226760464,0.0,False,False
2006-11-29,1386.719970703125,11.619999885559082,12.630000114440918,0.05009345619317063,430112.07438983966,0.0,430112.07438983966,59.14650152238918,0.0,False,False
2006-11-30,1399.47998046875,10.829999923706056,12.199999809265137,0.05009345619317063,430171.1080307227,0.0,430171.1080307227,59.033640883071534,0.0,False,False
2006-12-01,1400.6300048828125,10.90999984741211,12.3100004196167,0.04999079442669894,430230.1497740771,0.0,430230.1497740771,59.04174335441195,0.0,False,False
2006-12-04,1396.7099609375,11.65999984741211,12.59000015258789,0.04999079442669894,430406.96045454894,0.0,430406.96045454894,176.8106804717988,0.0,False,False
2006-12-05,1409.1199951171875,11.229999542236328,12.399999618530272,0.04978547877634211,430777.9412463239,-482.0277523204342,430295.9134940035,58.95303945453309,0.0,True,False
2006-12-06,1414.760009765625,11.270000457763672,12.4399995803833,0.04958017363520344,430836.70274975616,-521.7167977320289,430314.9859520241,58.76150343225657,0.0,True,False
2006-12-07,1412.9000244140625,11.329999923706056,12.510000228881836,0.04958017363520344,430895.2298987726,-491.97735777874556,430403.25254099385,58.5271490164498,0.0,True,False
2006-12-08,1407.2900390625,12.670000076293944,13.479999542236328,0.04947752500525496,430953.76499842823,-546.2736926587783,430407.4913057695,58.5350996556366,0.0,True,False
2006-12-11,1409.8399658203125,12.06999969482422,13.3100004196167,0.049374879002207155,431129.0542737405,-467.9331680548148,430661.1211056857,175.28927531226032,0.0,True,False
2006-12-12,1413.0400390625,10.710000038146973,13.25,0.049066956753127035,431187.378615481,-387.75901918214925,430799.6195962989,58.324341740542884,0.0,True,False
2006-12-13,1411.56005859375,10.649999618530272,13.170000076293944,0.049066956753127035,431245.34703902685,-349.4205369794972,430895.92650204734,57.96842354584271,0.0,True,False
2006-12-14,1413.2099609375,10.18000030517578,13.0600004196167,0.04916959487627763,431303.3232557927,-308.7548242844231,430994.5684315083,57.976216765902116,0.0,True,False
2006-12-15,1425.489990234375,9.970000267028809,13.010000228881836,0.049272235625926496,431361.42856578855,-376.2853443263185,430985.1432214622,58.1053099958474,0.0,True,False
2006-12-18,1427.0899658203125,10.050000190734863,13.130000114440918,0.04886168838578122,431536.1555212808,-316.3216553181758,431219.8338659626,174.72695549220884,0.0,True,False
2006-12-19,1422.47998046875,10.600000381469728,13.1899995803833,0.049374879002207155,431593.9281145959,-289.0485609564709,431304.8795536394,57.77259331509084,0.0,True,False
2006-12-20,1425.550048828125,10.300000190734863,12.630000114440918,0.049374879002207155,431652.31534576707,-265.89805410213387,431386.4172916649,58.387231171193676,0.0,True,False
2006-12-21,1423.530029296875,10.260000228881836,12.529999732971191,0.049374879002207155,431710.7104757259,-224.48128104010925,431486.22919468576,58.39512995878489,0.0,True,False
2006-12-22,1418.300048828125,10.529999732971191,13.100000381469728,0.049374879002207155,431769.1135055408,-189.72340534903466,431579.3901001918,58.40302981494615,0.0,True,False
2006-12-26,1410.760009765625,11.359999656677246,13.300000190734863,0.04958017363520344,431844.9139050995,0.0,431844.9139050995,233.6911391978195,154.13701268132834,False,False
2006-12-27,1416.9000244140625,11.260000228881836,13.130000114440918,0.04968282489218797,431903.57801488123,0.0,431903.57801488123,58.66410978175187,0.0,False,False
2006-12-28,1426.8399658203125,10.640000343322754,12.59000015258789,0.04947752500525496,431962.37157739856,0.0,431962.37157739856,58.793562517337826,0.0,False,False
2006-12-29,1424.72998046875,10.989999771118164,13.100000381469728,0.04968282489218797,432020.9301463707,0.0,432020.9301463707,58.55856897218825,0.0,False,False
2007-01-03,1418.300048828125,11.5600004196167,13.289999961853027,0.04988813528780124,432612.69761522225,-467.63971621796713,432145.05789900426,294.12775263354604,0.0,True,False
2007-01-04,1416.5999755859375,12.039999961853027,13.380000114440918,0.050196120587349895,432671.8310831167,-466.15971335835155,432205.6713697584,59.1334678944266,0.0,True,False
2007-01-05,1418.3399658203125,11.510000228881836,13.130000114440918,0.05009345619317063,432731.33777044824,-422.9146437802757,432308.42312666797,59.50668733151457,0.0,True,False
2007-01-08,1409.7099609375,12.140000343322754,13.40999984741211,0.050196120587349895,432909.5416452131,-372.5026122647274,432537.0390329484,178.2038747648441,0.0,True,False
2007-01-09,1412.8399658203125,12.0,13.279999732971191,0.05050412953748208,432969.0810256091,-357.8563072955016,432611.2247183136,59.539380396044926,0.0,True,False
2007-01-10,1412.1099853515625,11.90999984741211,13.260000228881836,0.05050412953748208,433028.99401039135,-334.5395231672991,432694.45448722405,59.912984782223,0.0,True,False
2007-01-11,1414.8499755859375,11.470000267028809,13.020000457763672,0.0506068044438388,433088.91528575576,-300.8597407709895,432788.05554498476,59.921275364398085,0.0,True,False
2007-01-12,1423.8199462890625,10.869999885559082,12.380000114440918,0.05081216214182949,433148.966698119,-279.89345935438894,432869.0732387646,60.0514123632526,0.0,True,False
2007-01-16,1430.72998046875,10.149999618530272,12.06999969482422,0.0506068044438388,433390.23096703005,-205.8081355638971,433184.42283146613,241.2642689110604,0.0,True,False
2007-01-17,1431.9000244140625,10.739999771118164,12.220000267028809,0.05081216214182949,433450.324159341,-231.59628426784548,433218.72787507315,60.09319231094713,0.0,True,False
2007-01-18,1430.6199951171875,10.59000015258789,12.079999923706056,0.0509148449337326,433510.66958744207,-199.10109770110077,433311.56848974095,60.34542810106836,0.0,True,False
2007-01-19,1426.3699951171875,10.850000381469728,12.100000381469728,0.0509148449337326,433571.1453902953,-182.765764290519,433388.3796260048,60.475802853232096,0.0,True,False
2007-01-22,1430.5,10.399999618530272,11.609999656677246,0.05112021840402644,433603.0609129304,0.0,433603.0609129304,181.4780324055345,148.0772064474925,False,False
2007-01-23,1422.949951171875,10.770000457763672,12.170000076293944,0.05101753035441975,433663.79361285566,0.0,433663.79361285566,60.73269992525657,0.0,False,False
2007-01-24,1427.989990234375,10.34000015258789,11.539999961853027,0.05112021840402644,433724.4127965235,0.0,433724.4127965235,60.61918366781811,0.0,False,False
2007-01-25,1440.1300048828125,9.890000343322754,11.229999542236328,0.05101753035441975,433785.1624936247,0.0,433785.1624936247,60.74969710123615,0.0,False,False
2007-01-26,1423.9000244140625,11.220000267028809,12.119999885559082,0.05112021840402644,433845.7986426989,0.0,433845.7986426989,60.63614907416113,0.0,False,False
2007-01-29,1422.1800537109375,11.130000114440918,12.09000015258789,0.05101753035441975,434028.1242748935,0.0,434028.1242748935,182.3256321945707,0.0,False,False
2007-01-30,1420.6199951171875,11.449999809265137,12.170000076293944,0.05112021840402644,434358.7651784042,-439.9707923095423,433918.79438609467,60.67011120118191,0.0,True,False
2007-01-31,1428.8199462890625,10.960000038146973,11.600000381469728,0.05101753035441975,434419.6037261994,-442.6826002936042,433976.9211259058,60.838547795173874,0.0,True,False
2007-02-01,1438.239990234375,10.420000076293944,11.329999923706056,0.0509148449337326,434480.32855989557,-490.4279086450276,433989.90065125056,60.72483369614324,0.0,True,False
2007-02-02,1445.93994140625,10.3100004196167,11.289999961853027,0.05101753035441975,434540.93963255634,-578.1627454707265,433962.77688708564,60.61107266079824,0.0,True,False
2007-02-05,1448.3900146484375,10.079999923706056,11.239999771118164,0.05112021840402644,434723.1904893839,-538.0457029749738,434185.1447864089,182.25085682754016,0.0,True,False
2007-02-06,1446.989990234375,10.550000190734863,11.420000076293944,0.05122290908268638,434784.0800804835,-535.8889061558843,434248.1911743276,60.889591099642935,0.0,True,False
2007-02-07,1448.0,10.649999618530272,11.399999618530272,0.05112021840402644,434845.1005412802,-538.1447867616006,434306.95575451857,61.02046079666063,0.0,True,False
2007-02-08,1450.02001953125,10.31999969482422,11.3100004196167,0.05122290908268638,434906.00720773573,-520.8229890370286,434385.1842186987,60.906666455578154,0.0,True,False
2007-02-09,1448.31005859375,10.4399995803833,11.420000076293944,0.051325602390535095,434967.0447805883,-482.8577973394469,434484.18698324886,61.03757285257391,0.0,True,False
2007-02-12,1438.06005859375,11.100000381469728,12.149999618530272,0.05122290908268638,435150.57619312854,-347.7060455655223,434802.870147563,183.53141254021293,0.0,True,False
2007-02-13,1433.3699951171875,11.609999656677246,12.369999885559082,0.051428298327706325,435211.648090403,-324.3318025377827,434887.3162878652,61.07189727443977,0.0,True,False
2007-02-14,1444.260009765625,10.34000015258789,11.449999809265137,0.051325602390535095,435272.973491409,-307.5932648261801,434965.3802265828,61.32540100594769,0.0,True,False
2007-02-15,1455.300048828125,10.229999542236328,11.260000228881836,0.05122290908268638,435334.18504864734,-433.05237136031235,434901.13267728704,61.2115572383354,0.0,True,False
2007-02-16,1456.81005859375,10.220000267028809,11.260000228881836,0.051325602390535095,435395.2827147976,-432.41456454250226,434962.86815025506,61.09766615026437,0.0,True,False
2007-02-20,1455.5400390625,10.020000457763672,11.199999809265137,0.051428298327706325,435640.24941184575,-281.1992394058472,435359.0501724399,244.96669704815113,0.0,True,False
2007-02-21,1459.6800537109375,10.239999771118164,11.359999656677246,0.0515309968943356,435701.6352067957,-338.52284528798305,435363.1123615077,61.38579494996202,0.0,True,False
2007-02-22,1457.6300048828125,10.199999809265137,11.380000114440918,0.051428298327706325,435763.15226046956,-270.64291955567245,435492.5093409139,61.51705367383261,0.0,True,False
2007-02-23,1456.3800048828125,10.18000030517578,11.34000015258789,0.0515309968943356,435587.59083323623,0.0,435587.59083323623,61.40311311345718,33.00625196269788,False,False
2007-02-26,1451.18994140625,10.579999923706056,12.0,0.0515309968943356,435772.11973954365,0.0,435772.11973954365,184.52890630743417,0.0,False,False
2007-02-27,1449.3699951171875,11.149999618530272,12.18000030517578,0.0515309968943356,435833.6467449836,0.0,435833.6467449836,61.527005439981416,0.0,False,False
2007-02-28,1399.0400390625,18.309999465942383,17.059999465942383,0.0509148449337326,435895.1824374695,0.0,435895.1824374695,61.535692485863734,0.0,False,True
2007-03-01,1406.8199462890625,15.420000076293944,14.470000267028809,0.05112021840402644,435955.99088572024,0.0,435955.99088572024,60.808448250764044,0.0,False,True
2007-03-02,1403.1700439453125,15.81999969482422,14.579999923706056,0.05101753035441975,436017.05314925534,0.0,436017.05314925534,61.062263535074536,0.0,False,True
2007-03-05,1387.1700439453125,18.61000061035156,16.469999313354492,0.05081216214182949,436199.92310299334,0.0,436199.92310299334,182.869953737996,0.0,False,True
2007-03-06,1374.1199951171875,19.6299991607666,17.360000610351562,0.05070948197857671,436260.651333266,0.0,436260.651333266,60.72823027264996,0.0,False,True
2007-03-07,1395.4100341796875,15.960000038146973,15.34000015258789,0.0509148449337326,436321.26527423016,0.0,436321.26527423016,60.613940964177424,0.0,False,True
2007-03-08,1391.969970703125,15.239999771118164,15.029999732971191,0.05070948197857671,436382.1331620829,0.0,436382.1331620829,60.867887852699575,0.0,False,True
2007-03-09,1401.8900146484375,14.289999961853027,14.300000190734863,0.05050412953748208,436595.1263518483,-322.3623701476849,436272.76398170064,60.63081961774754,0.0,True,False
2007-03-12,1402.8399658203125,14.09000015258789,14.260000228881836,0.0506068044438388,436776.3956717768,-284.86490147333285,436491.53077030345,181.2693199284555,0.0,True,False
2007-03-13,1406.5999755859375,13.989999771118164,14.149999618530272,0.0506068044438388,436836.958384239,-280.6856513783621,436556.27273286064,60.56271246220861,0.0,True,False
2007-03-14,1377.949951171875,18.1299991607666,16.3799991607666,0.050401457259371084,436897.52949422953,-410.230437798847,436487.2990564307,60.57110999050255,0.0,True,True
2007-03-15,1387.1700439453125,17.270000457763672,16.15999984741211,0.050196120587349895,436957.86317252327,-372.53279620862713,436585.33037631464,60.3336782937159,0.0,True,True
2007-03-16,1392.280029296875,16.43000030517578,16.020000457763672,0.05009345619317063,437017.95933102694,-333.1719556914812,436684.78737533547,60.096158503693005,0.0,True,True
2007-03-19,1386.949951171875,16.790000915527344,16.549999237060547,0.04999079442669894,437197.9284871686,-309.35560634086085,436888.57288082776,179.96915614169433,0.0,True,True
2007-03-20,1402.06005859375,14.59000015258789,15.130000114440918,0.05029878760937217,437257.8116886399,-222.28832455560078,437035.5233640843,59.88320147128741,0.0,True,False
2007-03-21,1410.93994140625,13.270000457763672,14.289999961853027,0.050196120587349895,437318.07210858207,-177.28525489040544,437140.7868536917,60.260419942176576,0.0,True,False
2007-03-22,1435.0400390625,12.1899995803833,13.109999656677246,0.05009345619317063,437378.21780772833,-215.8382231718888,437162.37958455645,60.14569914625901,0.0,True,False
2007-03-23,1434.5400390625,12.93000030517578,13.359999656677246,0.050196120587349895,437438.24873961223,-241.48508383770198,437196.7636557745,60.03093188389973,0.0,True,False
2007-03-26,1436.1099853515625,12.949999809265137,13.449999809265137,0.050401457259371084,437618.76024586207,-207.2464427011556,437411.5138031609,180.51150624983734,0.0,True,False
2007-03-27,1437.5,13.15999984741211,13.579999923706056,0.05029878760937217,437679.1935230347,-213.1204004164224,437466.07312261825,60.433277172645035,0.0,True,False
2007-03-28,1428.6099853515625,13.479999542236328,14.119999885559082,0.05029878760937217,437739.5120154586,-160.64667960628535,437578.8653358523,60.31849242394327,0.0,True,False
2007-03-29,1417.22998046875,14.979999542236328,15.130000114440918,0.050196120587349895,437799.83882063895,-169.02266617263112,437630.8161544663,60.32680518036884,0.0,True,False
2007-03-30,1422.530029296875,15.140000343322754,15.239999771118164,0.05009345619317063,437669.4446884997,0.0,437669.4446884997,60.211958003530434,-38.24371999511762,False,False
2007-04-02,1420.8599853515625,14.640000343322754,15.100000381469728,0.04999079442669894,437849.6821340046,0.0,437849.6821340046,180.23744550491068,0.0,False,False
2007-04-03,1424.550048828125,14.529999732971191,15.039999961853027,0.05009345619317063,438169.0571127649,-429.4025062921281,437739.6546064728,59.97247246824336,0.0,True,False
2007-04-04,1437.77001953125,13.460000038146973,14.239999771118164,0.05009345619317063,438229.1965887384,-425.2665351695572,437803.93005356885,60.13947597347447,0.0,True,False
2007-04-05,1439.3699951171875,13.239999771118164,14.25,0.050196120587349895,438289.344318961,-413.1134375057843,437876.23088145524,60.14773022263163,0.0,True,False
2007-04-09,1443.760009765625,13.229999542236328,14.0600004196167,0.04999079442669894,438530.51119069074,-376.4471573134958,438154.0640333772,241.16687172969122,0.0,True,False
2007-04-10,1444.6099853515625,13.140000343322754,14.029999732971191,0.04988813528780124,438590.5769166282,-361.31212455503913,438229.26479207317,60.06572593746751,0.0,True,False
2007-04-11,1448.3900146484375,12.68000030517578,13.5,0.04988813528780124,438650.52749584574,-338.371510993841,438312.1559848519,59.95057921754558,0.0,True,False
2007-04-12,1438.8699951171875,13.489999771118164,14.1899995803833,0.04999079442669894,438710.48626965785,-311.3809341100558,438399.1053355478,59.958773812089284,0.0,True,False
2007-04-13,1447.800048828125,12.710000038146973,13.539999961853027,0.04988813528780124,438770.5766468647,-304.1407802313532,438466.4358666334,60.090377206861426,0.0,True,False
2007-04-16,1452.8499755859375,12.199999809265137,13.3100004196167,0.04978547877634211,438950.52679154876,-261.59869602192487,438688.9280955268,179.95014468402988,0.0,True,False
2007-04-17,1468.3299560546875,11.979999542236328,13.170000076293944,0.04978547877634211,439010.40310000605,-380.77838680282764,438629.62471320323,59.87630845726953,0.0,True,False
2007-04-18,1471.47998046875,12.140000343322754,13.09000015258789,0.04968282489218797,439070.2875760633,-413.26728470358586,438657.02029135975,59.88447605725096,0.0,True,False
2007-04-19,1472.5,12.420000076293944,13.18000030517578,0.04958017363520344,439130.0567183352,-428.9766654191559,438701.080052916,59.769142271887674,0.0,True,False
2007-04-20,1470.72998046875,12.539999961853027,13.300000190734863,0.04947752500525496,439189.7104806612,-391.087390691193,438798.62308997,59.65376232601066,0.0,True,False
2007-04-23,1484.3499755859375,12.06999969482422,12.579999923706056,0.04947752500525496,439368.34970446525,-496.5135539447645,438871.8361505205,178.63922380406004,0.0,True,False
2007-04-24,1480.9300537109375,13.039999961853027,13.079999923706056,0.04947752500525496,439427.912257834,-507.50914660428714,438920.4031112297,59.562553368738044,0.0,True,False
2007-04-25,1480.4100341796875,13.119999885559082,13.100000381469728,0.049374879002207155,439487.4828857437,-482.3738180555231,439005.1090676882,59.57062790976083,0.0,True,True
2007-04-26,1495.4200439453125,13.210000038146973,13.050000190734863,0.049272235625926496,439546.9379790352,-775.1259520474136,438771.8120269878,59.45509329149467,0.0,True,True
2007-04-27,1494.25,12.789999961853027,12.600000381469728,0.04916959487627763,438910.51562495966,0.0,438910.51562495966,59.33951276462502,-436.35936054807894,False,True
2007-04-30,1494.0699462890625,12.449999809265137,12.489999771118164,0.049066956753127035,439087.9299836652,0.0,439087.9299836652,177.41435870550302,0.0,False,False
2007-05-01,1482.3699951171875,14.220000267028809,14.010000228881836,0.04886168838578122,439146.96054986794,0.0,439146.96054986794,59.030566202770984,0.0,False,True
2007-05-02,1486.300048828125,13.510000228881836,13.390000343322754,0.048553805530135836,439205.7520518842,0.0,439205.7520518842,58.79150201623055,0.0,False,True
2007-05-03,1495.9200439453125,13.079999923706056,13.25,0.04865643052281336,439519.2705565775,-425.0896578088461,439094.18089876865,58.42884688445442,0.0,True,False
2007-05-04,1502.3900146484375,13.09000015258789,13.220000267028809,0.048553805530135836,439577.8647053738,-455.54541690875993,439122.3192884651,58.59414879634237,0.0,True,False
2007-05-07,1505.6199951171875,12.90999984741211,13.260000228881836,0.048553805530135836,439753.32309546607,-425.7993293912949,439327.5237660748,175.45839009222013,0.0,True,False
2007-05-08,1509.47998046875,13.149999618530272,13.329999923706056,0.04865643052281336,439811.8247873543,-459.19152653744277,439352.6332608168,58.501691888223924,0.0,True,False
2007-05-09,1507.719970703125,13.210000038146973,13.420000076293944,0.048553805530135836,439870.4579377764,-432.4808693759027,439437.9770684005,58.63315042215829,0.0,True,False
2007-05-10,1512.5799560546875,12.880000114440918,13.239999771118164,0.04834856342172042,439928.9752124609,-433.0210104093385,439495.95420205157,58.51727468451976,0.0,True,False
2007-05-11,1491.469970703125,13.600000381469728,14.09000015258789,0.04824594630571383,439987.2528638263,-337.14242903556794,439650.1104347907,58.277651365406484,0.0,True,False
2007-05-14,1505.8499755859375,12.949999809265137,13.4399995803833,0.04824594630571383,440161.7608973982,-316.7805420951086,439844.9803553031,174.50803357195872,0.0,True,False
2007-05-15,1503.1500244140625,13.960000038146973,14.239999771118164,0.04824594630571383,440219.9456213426,-354.3175660775748,439865.628055265,58.184723944341265,0.0,True,False
2007-05-16,1501.18994140625,14.010000228881836,14.239999771118164,0.047938110708888315,440278.1380366913,-328.3512522940323,439949.78678439726,58.19241534873218,0.0,True,False
2007-05-17,1514.1400146484375,13.5,14.039999961853027,0.04711733126913511,440335.9667714685,-362.96760487063324,439972.9991665979,57.828734777256315,0.0,True,False
2007-05-18,1512.75,13.510000228881836,14.170000076293944,0.04773290010232253,440392.8127846288,-330.96688651264714,440061.8458981162,56.84601316027702,0.0,True,False
2007-05-21,1522.75,12.760000228881836,13.5,0.047938110708888315,440565.6238826249,-298.36755428620546,440267.2563283387,172.8110979960529,0.0,True,False
2007-05-22,1525.0999755859375,13.300000190734863,13.609999656677246,0.048553805530135836,440623.49037749355,-349.6424505852455,440273.8479269083,57.86649486866318,0.0,True,False
2007-05-23,1524.1199951171875,13.0600004196167,13.520000457763672,0.04886168838578122,440682.1078303222,-295.65818829736185,440386.4496420248,58.61745282862126,0.0,True,False
2007-05-24,1522.280029296875,13.239999771118164,13.600000381469728,0.04865643052281336,440741.1048526369,-271.99619645069106,440469.10865618626,58.99702231476803,0.0,True,False
2007-05-25,1507.510009765625,14.079999923706056,14.369999885559082,0.04865643052281336,440583.58764719305,0.0,440583.58764719305,58.75703662707871,38.81541573790354,False,False
2007-05-29,1515.72998046875,13.34000015258789,14.140000343322754,0.04845118316314934,440818.5787828502,0.0,440818.5787828502,234.99113565713026,0.0,False,False
2007-05-30,1518.1099853515625,13.529999732971191,14.079999923706056,0.048553805530135836,440877.09823309473,0.0,440877.09823309473,58.51945024456205,0.0,False,False
2007-05-31,1530.22998046875,12.829999923706056,13.449999809265137,0.04804071994943209,440935.7494241303,0.0,440935.7494241303,58.651191035587786,0.0,False,False
2007-06-01,1530.6199951171875,13.050000190734863,13.470000267028809,0.04691216264999604,440993.7885061655,0.0,440993.7885061655,58.039082035202384,0.0,False,False
2007-06-04,1536.3399658203125,12.779999732971191,13.489999771118164,0.04752769999422446,441163.8594207536,0.0,441163.8594207536,170.07091458809245,0.0,False,False
2007-06-05,1539.1800537109375,13.289999961853027,14.079999923706056,0.04773290010232253,441513.7358776161,-462.4275014170766,441051.30837619904,57.448955445428425,0.0,True,False
2007-06-06,1530.949951171875,13.630000114440918,14.260000228881836,0.047938110708888315,441571.4786423647,-426.53180036309124,441144.9468420016,57.742764748563474,0.0,True,False
2007-06-07,1517.3800048828125,14.869999885559082,15.260000228881836,0.04763029873603194,441629.47725214687,-455.7535415511803,441173.7237105957,57.99860978216948,0.0,True,False
2007-06-08,1490.719970703125,17.059999465942383,16.450000762939453,0.04763029873603194,441687.11099586886,-555.6256434133245,441131.4853524555,57.63374372201891,0.0,True,True
2007-06-11,1507.6700439453125,14.84000015258789,15.130000114440918,0.04732251038351998,441860.0573590414,-395.58236839597276,441464.4749906454,172.94636317254285,0.0,True,False
2007-06-12,1509.1199951171875,14.710000038146973,15.100000381469728,0.04691216264999604,441917.34854453325,-378.72246016486235,441538.6260843684,57.291185491833154,0.0,True,False
2007-06-13,1493.0,16.670000076293945,16.020000457763672,0.04680958227580794,441974.15027289,-481.3878212635056,441492.7624516265,56.80172835673142,0.0,True,True
2007-06-14,1515.6700439453125,14.729999542236328,15.079999923706056,0.046194155117570544,442030.83507294074,-356.4040613348349,441674.4310116059,56.684800050731766,0.0,True,False
2007-06-15,1522.969970703125,13.640000343322754,14.460000038146973,0.04609159310442741,442086.78173907596,-294.420498405741,441792.3612406702,55.94666613519977,0.0,True,False
2007-06-18,1532.9100341796875,13.9399995803833,15.010000228881836,0.0451686529811875,442254.2914175225,-287.7468321454109,441966.54458537704,167.5096784465101,0.0,True,False
2007-06-19,1531.050048828125,13.420000076293944,14.5600004196167,0.04598903371375363,442309.023655012,-242.93040182126572,442066.09325319075,54.73223748956471,0.0,True,False
2007-06-20,1533.699951171875,12.850000381469728,14.289999961853027,0.04609159310442741,442364.75693209044,-207.7889588083875,442156.96797328204,55.73327707844116,0.0,True,False
2007-06-21,1512.8399658203125,14.670000076293944,15.470000267028809,0.04701474564772673,442420.6215452347,-271.49085075773263,442149.13069447695,55.864613144266926,0.0,True,False
2007-06-22,1522.18994140625,14.210000038146973,15.289999961853027,0.046604429397524544,442477.61231966177,-233.22701506510865,442244.3853045967,56.990774427076325,0.0,True,False
2007-06-25,1502.56005859375,15.75,16.260000228881836,0.04680958227580794,442647.13588129665,-283.981261519354,442363.1546197773,169.5235616348659,0.0,True,False
2007-06-26,1497.739990234375,16.649999618530273,16.479999542236328,0.04783550409322959,442703.9069942112,-325.4068314131495,442378.50016279804,56.771112914563275,0.0,True,True
2007-06-27,1492.8900146484375,18.88999938964844,18.059999465942383,0.04783550409322959,442761.9298772297,-427.78007613118973,442334.1498010985,58.02288301846699,0.0,True,True
2007-06-28,1506.3399658203125,15.529999732971191,16.040000915527344,0.04732251038351998,442819.9603650036,-229.77806440389216,442590.1823005997,58.030487773926765,0.0,True,False
2007-06-29,1505.7099609375,15.539999961853027,16.010000228881836,0.04732251038351998,442647.5271810976,0.0,442647.5271810976,57.415645669332434,62.578671841716925,False,False
2007-07-02,1503.3499755859375,16.229999542236328,16.399999618530273,0.04773290010232253,442819.72937115596,0.0,442819.72937115596,172.2021900583357,0.0,False,False
2007-07-03,1519.4300537109375,15.399999618530272,16.100000381469727,0.049066956753127035,443146.39975626505,-438.7568178034843,442707.64293846156,57.91356730561355,0.0,True,False
2007-07-05,1524.8699951171875,14.920000076293944,15.609999656677246,0.049066956753127035,443265.56013171514,-401.85209931714667,442863.708032398,119.16037545009716,0.0,True,False
2007-07-06,1525.4000244140625,15.479999542236328,16.110000610351562,0.049066956753127035,443325.1523345656,-429.0430558180478,442896.1092787475,59.59220285043363,0.0,True,False
2007-07-09,1530.43994140625,14.720000267028809,15.529999732971191,0.049066956753127035,443503.9770165417,-361.3596519980436,443142.61736454366,178.8246819761278,0.0,True,False
2007-07-10,1531.8499755859375,15.15999984741211,16.079999923706055,0.049272235625926496,443563.6012719327,-386.651212637766,443176.95005929493,59.62425539103555,0.0,True,False
2007-07-11,1510.1199951171875,17.56999969482422,17.3799991607666,0.049066956753127035,443623.4830404206,-412.3067441115192,443211.17629630904,59.88176848783851,0.0,True,True
2007-07-12,1518.760009765625,16.639999389648438,17.040000915527344,0.049066956753127035,443683.12336208846,-379.16691056491516,443303.9564515235,59.64032166790741,0.0,True,False
2007-07-13,1547.699951171875,15.539999961853027,16.350000381469727,0.049272235625926496,443742.7717017448,-472.8044612792945,443269.9672404655,59.64833965636977,0.0,True,False
2007-07-16,1552.5,15.149999618530272,16.31999969482422,0.049272235625926496,443922.5138353401,-426.3345989533906,443496.1792363867,179.74213359527388,0.0,True,False
2007-07-17,1549.52001953125,15.59000015258789,16.450000762939453,0.049374879002207155,443982.4440575761,-408.06758679528514,443574.3764707808,59.930222235999324,0.0,True,False
2007-07-18,1549.3699951171875,15.630000114440918,16.5,0.04916959487627763,444042.5072417604,-387.63281529785047,443654.8744264625,60.0631841842276,0.0,True,False
2007-07-19,1546.1700439453125,16.0,17.049999237060547,0.04916959487627763,444102.3287783529,-364.7710025271482,443737.5577758257,59.821536592505886,0.0,True,False
2007-07-20,1553.0799560546875,15.229999542236328,16.399999618530273,0.049374879002207155,444162.1583741203,-345.4502977995754,443816.7080763207,59.82959576743154,0.0,True,False
2007-07-23,1534.0999755859375,16.950000762939453,17.440000534057617,0.049272235625926496,444342.4452509483,-270.4493075221417,444071.99594342615,180.2868768279949,0.0,True,False
2007-07-24,1541.5699462890625,16.809999465942383,17.190000534057617,0.04978547877634211,444402.43216457136,-283.40358654431367,444119.02857802704,59.986913623070116,0.0,True,False
2007-07-25,1511.0400390625,18.549999237060547,18.329999923706055,0.04978547877634211,444463.0521558536,-253.890118571801,444209.1620372818,60.61999128225898,0.0,True,True
2007-07-26,1518.0899658203125,18.100000381469727,18.06999969482422,0.04947752500525496,444523.68041618005,-228.57000682799145,444295.11040935206,60.62826032643401,0.0,True,True
2007-07-27,1482.6600341796875,20.739999771118164,19.010000228881836,0.048759058141317174,444234.67346413253,0.0,444234.67346413253,60.26143088428177,-80.51156512835725,False,True
2007-07-30,1458.949951171875,24.170000076293945,21.149999618530273,0.048143331814996124,444412.74035593116,0.0,444412.74035593116,178.06689179861831,0.0,False,True
2007-07-31,1473.9100341796875,20.8700008392334,19.329999923706055,0.04916959487627763,444471.36205760995,0.0,444471.36205760995,58.621701678756274,0.0,False,True
2007-08-01,1455.27001953125,23.520000457763672,21.350000381469727,0.04916959487627763,444531.24136964884,0.0,444531.24136964884,59.879312038867035,0.0,False,True
2007-08-02,1465.81005859375,23.670000076293945,21.600000381469727,0.04845118316314934,444591.1287486462,0.0,444591.1287486462,59.88737899731775,0.0,False,True
2007-08-03,1472.199951171875,21.219999313354492,20.479999542236328,0.04845118316314934,444650.14901160746,0.0,444650.14901160746,59.020262961276686,0.0,False,True
2007-08-06,1433.06005859375,25.15999984741211,22.6200008392334,0.048143331814996124,444827.2568149211,0.0,444827.2568149211,177.1078033136295,0.0,False,True
2007-08-07,1467.6700439453125,22.940000534057617,21.31999969482422,0.04834856342172042,444885.9331947357,0.0,444885.9331947357,58.676379814626955,0.0,False,True
2007-08-08,1476.7099609375,21.559999465942383,20.61000061035156,0.048964321256339406,444944.86749725486,0.0,444944.86749725486,58.934302519117075,0.0,False,True
2007-08-09,1497.489990234375,21.450000762939453,20.38999938964844,0.049066956753127035,445004.5603323519,0.0,445004.5603323519,59.69283509701452,0.0,False,True
2007-08-10,1453.0899658203125,26.479999542236328,24.440000534057617,0.04763029873603194,445064.38632474525,0.0,445064.38632474525,59.82599239339405,0.0,False,True
2007-08-13,1453.6400146484375,28.299999237060547,25.399999618530273,0.04527119139692984,445238.65508893656,0.0,445238.65508893656,174.26876419131966,0.0,False,True
2007-08-14,1452.9200439453125,26.56999969482422,23.540000915527344,0.04701474564772673,445293.8817586203,0.0,445293.8817586203,55.22666968375349,0.0,False,True
2007-08-15,1426.5400390625,27.68000030517578,24.540000915527344,0.04598903371375363,445351.24265441316,0.0,445351.24265441316,57.36089579284682,0.0,False,True
2007-08-16,1406.699951171875,30.670000076293945,26.479999542236328,0.041786354988887824,445407.3592671808,0.0,445407.3592671808,56.116612767651894,0.0,False,True
2007-08-17,1411.27001953125,30.829999923706055,27.059999465942383,0.0375880751847819,445458.35383004963,0.0,445458.35383004963,50.99456286885594,0.0,False,True
2007-08-20,1445.93994140625,29.989999771118164,26.15999984741211,0.03717872208288992,445595.9963683068,0.0,445595.9963683068,137.6425382571749,0.0,False,True
2007-08-21,1445.550048828125,26.329999923706055,23.229999542236328,0.03134997524046677,445641.38687098166,0.0,445641.38687098166,45.390502674874845,0.0,False,True
2007-08-22,1447.1199951171875,25.25,22.600000381469727,0.0357463151362741,445679.6648064394,0.0,445679.6648064394,38.277935457782874,0.0,False,True
2007-08-23,1464.0699462890625,22.88999938964844,21.239999771118164,0.03646245466682238,445723.3146308106,0.0,445723.3146308106,43.649824371138415,0.0,False,True
2007-08-24,1462.5,22.6200008392334,21.170000076293945,0.03861164075433803,445767.84333753143,0.0,445767.84333753143,44.52870672086549,0.0,False,True
2007-08-27,1479.3699951171875,20.719999313354492,20.290000915527344,0.042093718794241654,445909.3328656442,0.0,445909.3328656442,141.48952811274071,0.0,False,True
2007-08-28,1466.7900390625,22.719999313354492,21.420000076293945,0.04588647694541601,445960.76043943455,0.0,445960.76043943455,51.4275737903625,0.0,False,True
2007-08-29,1432.3599853515625,26.299999237060547,25.030000686645508,0.043630891221611366,446016.8285339803,0.0,446016.8285339803,56.06809454571464,0.0,False,True
2007-08-30,1463.760009765625,23.809999465942383,23.170000076293945,0.03953307314958572,446070.1470952783,0.0,446070.1470952783,53.31856129801465,0.0,False,True
2007-08-31,1457.6400146484375,25.059999465942383,23.40999984741211,0.03809982531905667,446118.4634755118,0.0,446118.4634755118,48.3163802335116,0.0,False,True
2007-09-04,1473.989990234375,23.3799991607666,22.440000534057617,0.03984026432686883,446304.77125008585,0.0,446304.77125008585,186.30777457400143,0.0,False,True
2007-09-05,1489.4200439453125,22.780000686645508,22.010000228881836,0.044348440009470164,446353.4887035034,0.0,446353.4887035034,48.71745341755215,0.0,False,True
2007-09-06,1472.2900390625,24.579999923706055,23.229999542236328,0.04322092096936986,446407.7250967695,0.0,446407.7250967695,54.23639326614051,0.0,False,True
2007-09-07,1478.550048828125,23.989999771118164,23.1299991607666,0.04260604414989216,446460.58891977096,0.0,446460.58891977096,52.863823001453575,0.0,False,True
2007-09-10,1453.550048828125,26.229999542236328,24.520000457763672,0.04035230191028083,446616.96084220486,0.0,446616.96084220486,156.37192243389913,0.0,False,True
2007-09-11,1451.699951171875,27.3799991607666,25.260000228881836,0.03932829210115765,446666.338975587,0.0,446666.338975587,49.378133382114285,0.0,False,True
2007-09-12,1471.489990234375,25.270000457763672,23.600000381469727,0.04076197904577037,446714.46930620575,0.0,446714.46930620575,48.13033061874538,0.0,False,True
2007-09-13,1471.56005859375,24.959999084472656,23.469999313354492,0.04004507151637512,446764.3596695848,0.0,446764.3596695848,49.890363379059295,0.0,False,True
2007-09-14,1483.949951171875,24.760000228881836,23.420000076293945,0.04045471727135618,446813.3780043447,0.0,446813.3780043447,49.01833475990306,0.0,False,True
2007-09-17,1484.25,24.920000076293945,23.479999542236328,0.03973786465364425,446961.970177009,0.0,446961.970177009,148.59217266432046,0.0,False,True
2007-09-18,1476.6500244140625,26.479999542236328,24.31999969482422,0.04127413431510591,447010.6339609983,0.0,447010.6339609983,48.663783989295254,0.0,False,True
2007-09-19,1519.780029296875,20.350000381469727,20.6299991607666,0.03984026432686883,447302.46161059645,-411.2769094727983,446891.1847011237,50.55074012532744,0.0,True,False
2007-09-20,1529.030029296875,20.030000686645508,20.280000686645508,0.039021140130487644,447351.2879692662,-413.25482020348005,446938.0331490627,48.82635866973481,0.0,True,False
2007-09-21,1518.75,20.450000762939453,20.510000228881836,0.0375880751847819,447399.1156142617,-373.95976064860605,447025.1558536131,47.82764499555488,0.0,True,False
2007-09-24,1525.75,19.0,20.010000228881836,0.03707639033485183,447537.3578300776,-260.5217259899038,447276.8361040877,138.24221581588418,0.0,True,False
2007-09-25,1517.72998046875,19.3700008392334,19.59000015258789,0.03830454365611515,447582.82060419227,-249.69862630132295,447333.12197789096,45.46277411467194,0.0,True,False
2007-09-26,1517.2099609375,18.600000381469727,19.450000762939453,0.037690419988356,447629.79418042937,-198.14813240294308,447431.64604802645,46.973576237070866,0.0,True,False
2007-09-27,1525.4200439453125,17.6299991607666,19.010000228881836,0.03707639033485183,447676.01945728424,-158.5068763699769,447517.51258091425,46.22527685488708,0.0,True,False
2007-09-28,1531.3800048828125,17.0,18.229999542236328,0.03687173467076569,447570.99963757914,0.0,447570.99963757914,45.47685996052542,90.78022980714353,False,False
2007-10-01,1526.75,18.0,18.6299991607666,0.03789511743015909,447706.65898017876,0.0,447706.65898017876,135.65934259963123,0.0,False,False
2007-10-02,1547.0400390625,17.84000015258789,18.61000061035156,0.039021140130487644,447955.37705431296,-372.2337531328594,447583.1433011801,46.48432100134402,0.0,True,False
2007-10-03,1546.6300048828125,18.489999771118164,19.219999313354492,0.03932829210115765,448003.2692842535,-393.9838897312728,447609.2853945222,47.89222994050153,0.0,True,False
2007-10-04,1539.5899658203125,18.799999237060547,19.530000686645508,0.03932829210115765,448051.5436751968,-376.9104583892864,447674.63321680756,48.27439094332215,0.0,True,False
2007-10-05,1542.8399658203125,18.440000534057617,19.43000030517578,0.039225905497471646,448099.8232679255,-359.8084890856195,447740.01477883983,48.27959272862312,0.0,True,False
2007-10-08,1557.5899658203125,16.90999984741211,18.34000015258789,0.039635467594594666,448244.31604955916,-294.73508285881024,447949.58096670033,144.49278163366498,0.0,True,False
2007-10-09,1552.5799560546875,17.459999084472656,18.600000381469727,0.039635467594594666,448292.9936871653,-288.18764993012945,448004.8060372352,48.67763760613862,0.0,True,False
2007-10-10,1565.1500244140625,16.1200008392334,17.6299991607666,0.04035230191028083,448341.67661097884,-256.3585158105357,448085.31809516833,48.682923813499364,0.0,True,False
2007-10-11,1562.469970703125,16.670000076293945,18.31999969482422,0.040249889164181527,448391.2454295627,-261.2747094337823,448129.9707201289,49.56881858384993,0.0,True,False
2007-10-12,1554.4100341796875,18.8799991607666,19.579999923706055,0.04086440486808363,448440.6939037004,-314.2991992110022,448126.3947044894,49.4484741376729,0.0,True,False
2007-10-15,1561.800048828125,17.729999542236328,19.149999618530273,0.04168390562097403,448591.3377932002,-246.594259257522,448344.7435339427,150.64388949980957,0.0,True,False
2007-10-16,1548.7099609375,19.25,20.38999938964844,0.042708517074234724,448642.570962422,-259.00270405952125,448383.5682583625,51.23316922175745,0.0,True,False
2007-10-17,1538.530029296875,20.020000457763672,21.200000762939453,0.04219617863034214,448695.0695376233,-255.90309711408378,448439.16644050926,52.498575201307894,0.0,True,False
2007-10-18,1541.239990234375,18.540000915527344,20.36000061035156,0.03984026432686883,448746.94436431763,-197.6829170304467,448549.26144728716,51.874826694286874,0.0,True,False
2007-10-19,1540.0799560546875,18.5,20.229999542236328,0.037281056441768386,448795.9283989205,-184.3738667711285,448611.5545321494,48.98403460286401,0.0,True,False
2007-10-22,1500.6300048828125,22.959999084472656,23.219999313354492,0.038202183181499365,448933.46935817535,-286.65115522692696,448646.81820294843,137.540959254819,0.0,True,False
2007-10-23,1506.3299560546875,21.63999938964844,21.520000457763672,0.03973786465364425,448980.45877232926,-237.2767825309598,448743.1819897983,46.989414153936785,0.0,True,True
2007-10-24,1519.5899658203125,20.40999984741211,21.010000228881836,0.03953307314958572,449029.3423228749,-181.7663078120026,448847.57601506286,48.88355054560567,0.0,True,False
2007-10-25,1515.8800048828125,20.799999237060547,21.290000915527344,0.038202183181499365,449077.97923027823,-182.7065462356013,448895.27268404263,48.63690740335875,0.0,True,False
2007-10-26,1514.4000244140625,21.170000076293945,21.3799991607666,0.03912352150729249,448932.0719619916,0.0,448932.0719619916,47.00453985672585,9.321944989505845,False,False
2007-10-29,1535.280029296875,19.559999465942383,20.38999938964844,0.03932829210115765,449076.4552042803,0.0,449076.4552042803,144.38324228870155,0.0,False,False
2007-10-30,1540.97998046875,19.8700008392334,20.399999618530273,0.03984026432686883,449124.8452358902,0.0,449124.8452358902,48.390031609831155,0.0,False,False
2007-10-31,1531.02001953125,21.06999969482422,21.290000915527344,0.03932829210115765,449173.87052115693,0.0,449173.87052115693,49.02528526674492,0.0,False,False
2007-11-01,1549.3800048828125,18.530000686645508,19.520000457763672,0.03912352150729249,449222.27104971046,0.0,449222.27104971046,48.400528553521504,0.0,False,False
2007-11-02,1508.43994140625,23.209999084472656,22.6299991607666,0.0377927674034376,449270.42474597687,0.0,449270.42474597687,48.15369626639303,0.0,False,True
2007-11-05,1509.6500244140625,23.010000228881836,23.13999938964844,0.035848612955500556,449410.0012666778,0.0,449410.0012666778,139.5765207009254,0.0,False,False
2007-11-06,1502.1700439453125,24.309999465942383,24.030000686645508,0.03687173467076569,449454.1424074453,0.0,449454.1424074453,44.14114076750176,0.0,False,True
2007-11-07,1520.27001953125,21.38999938964844,22.170000076293945,0.037281056441768386,449797.3919153355,-467.84405320426316,449329.5478621312,45.405454685900324,0.0,True,False
2007-11-08,1475.6199951171875,26.489999771118164,25.239999771118164,0.03462121128797756,449843.33651361597,-569.8606592088953,449273.47585440706,45.94459828048043,0.0,True,True
2007-11-09,1474.77001953125,26.15999984741211,25.36000061035156,0.03359866340128471,449886.0073625104,-550.691034537036,449335.3163279734,42.67084889446432,0.0,True,True
2007-11-12,1453.699951171875,28.5,27.030000686645508,0.032474161735104125,450010.2620679646,-606.8212718707218,449403.4407960939,124.25470545415878,0.0,True,True
2007-11-13,1439.1800537109375,31.09000015258789,27.350000381469727,0.032474161735104125,450050.3013998689,-687.9740957792865,449362.3273040896,40.03933190431337,0.0,True,True
2007-11-14,1481.050048828125,24.100000381469727,24.65999984741211,0.03472348041577712,450090.3442942433,-419.2448692928298,449671.0994249505,40.04289437440456,0.0,True,False
2007-11-15,1470.5799560546875,25.940000534057617,25.649999618530273,0.033905400396310605,450133.1646961072,-470.5082837178149,449662.6564123894,42.82040186389126,0.0,True,True
2007-11-16,1451.1500244140625,28.059999465942383,27.440000534057617,0.03278081274358243,450174.9801866694,-551.7924960147002,449623.1876906547,41.8154905621487,0.0,True,True
2007-11-19,1458.739990234375,25.489999771118164,26.440000534057617,0.03380315212489637,450296.2877750426,-418.93313157568144,449877.3546434669,121.30758837317005,0.0,True,False
2007-11-20,1433.27001953125,26.010000228881836,25.65999984741211,0.03380315212489637,450337.99226484436,-479.07365818260246,449858.9186066618,41.7044898017976,0.0,True,True
2007-11-21,1439.699951171875,24.8799991607666,26.09000015258789,0.03226974075329032,450379.7006171352,-418.46810607308686,449961.2325110621,41.708352290822816,0.0,True,False
2007-11-23,1416.77001953125,26.84000015258789,27.420000076293945,0.03073691538475603,450459.34402084793,-527.5983222342801,449931.74569861364,79.64340371274737,0.0,True,False
2007-11-26,1440.699951171875,25.61000061035156,25.969999313354492,0.03206533018930814,450573.1589235381,-371.69357706798064,450201.4653464701,113.81490269017472,0.0,True,False
2007-11-27,1407.219970703125,28.90999984741211,28.440000534057617,0.03114561154358967,450612.74361327535,-578.194363514284,450034.54924976104,39.58468973723355,0.0,True,True
2007-11-28,1428.22998046875,26.280000686645508,26.59000015258789,0.03134997524046677,450651.19623868883,-401.06211248740163,450250.13412620145,38.4526254134563,0.0,True,False
2007-11-29,1469.02001953125,24.11000061035156,24.25,0.030328260865411308,450689.9044868718,-238.570588834059,450451.33389803773,38.70824818295265,0.0,True,False
2007-11-30,1469.719970703125,23.969999313354492,24.5,0.029715357141877667,450499.0849744947,0.0,450499.0849744947,37.44988734190728,69.57465348526989,False,False
2007-12-03,1481.1400146484375,22.8700008392334,23.93000030517578,0.03134997524046677,450609.1264218592,0.0,450609.1264218592,110.04144736448437,0.0,False,False
2007-12-04,1472.4200439453125,23.61000061035156,24.299999237060547,0.030430420592009184,450891.4562324017,-413.625175905766,450477.83105649595,38.704634636767835,0.0,True,False
2007-12-05,1462.7900390625,23.790000915527344,24.649999618530273,0.030532582920677856,450929.04907796223,-388.0563429507649,450540.99273501144,37.592845560527984,0.0,True,False
2007-12-06,1485.010009765625,22.530000686645508,23.329999923706055,0.030532582920677856,450966.77128194156,-378.830426104287,450587.94085583725,37.7222039793268,0.0,True,False
2007-12-07,1507.3399658203125,20.959999084472656,22.100000381469727,0.03073691538475603,451004.49664154963,-387.8512673563395,450616.64537419326,37.725359608080296,0.0,True,False
2007-12-10,1504.6600341796875,20.850000381469727,22.18000030517578,0.03094125825870639,451118.44928473356,-329.8183255072149,450788.63095922634,113.95264318396184,0.0,True,False
2007-12-11,1515.9599609375,20.739999771118164,21.93000030517578,0.030328260865411308,451156.6924740005,-359.6571445891516,450797.03532941133,38.243189266956264,0.0,True,False
2007-12-12,1477.6500244140625,23.59000015258789,24.1200008392334,0.029204675571573958,451194.18114889314,-316.7796108054456,450877.4015380877,37.48867489263005,0.0,True,False
2007-12-13,1486.5899658203125,22.469999313354492,23.290000915527344,0.02859194350160867,451230.2839074079,-286.4387984818339,450943.84510892606,36.10275851473118,0.0,True,False
2007-12-14,1488.4100341796875,22.559999465942383,23.520000457763672,0.028489830589621047,451265.63200634636,-282.38289489128647,450983.24911145505,35.34809893845669,0.0,True,False
2007-12-17,1467.949951171875,23.270000457763672,24.209999084472656,0.02859194350160867,451371.3140894726,-229.31624905110928,451141.99784042145,105.6820831261947,0.0,True,False
2007-12-18,1445.9000244140625,24.520000457763672,25.530000686645508,0.030634747851548984,451406.67323631496,-238.83327698231858,451167.83995933266,35.359146842391155,0.0,True,False
2007-12-19,1454.97998046875,22.63999938964844,24.670000076293945,0.030328260865411308,451444.56175674684,-188.4234880866502,451256.1382686602,37.8885204318697,0.0,True,False
2007-12-20,1453.0,21.68000030517578,23.809999465942383,0.029000421147742747,451482.074352016,-163.44733449263197,451318.62701752334,37.51259526914774,0.0,True,False
2007-12-21,1460.1199951171875,20.579999923706055,22.8700008392334,0.029000421147742747,451517.947476558,-138.69927888883308,451379.24819766916,35.87312454197702,0.0,True,False
2007-12-24,1484.4599609375,18.469999313354492,21.5,0.029715357141877667,451516.9248853353,0.0,451516.9248853353,107.63647662052017,134.9661080626008,False,False
2007-12-26,1496.449951171875,18.600000381469727,21.13999938964844,0.033189717227210126,451590.44860610645,0.0,451590.44860610645,73.52372077112236,0.0,False,False
2007-12-27,1497.6600341796875,18.65999984741211,20.93000030517578,0.032985259774621696,451631.5139232422,0.0,451631.5139232422,41.065317135775885,0.0,False,False
2007-12-28,1476.27001953125,20.260000228881836,22.049999237060547,0.031452160993734345,451672.32996697625,0.0,451672.32996697625,40.81604373402285,0.0,False,False
2007-12-31,1478.489990234375,20.739999771118164,22.559999465942383,0.03155434935039874,451789.10728650173,0.0,451789.10728650173,116.77731952549756,0.0,False,False
2008-01-02,1468.3599853515625,22.5,23.309999465942383,0.033496422948821526,452170.09664430737,-472.86802179216096,451697.2286225152,78.12133601348835,0.0,True,False
2008-01-03,1447.1600341796875,23.170000076293945,23.600000381469727,0.03237194994190213,452211.59466022224,-426.75913616770515,451784.83552405454,41.498015914858364,0.0,True,False
2008-01-04,1447.1600341796875,22.489999771118164,22.809999465942383,0.03216753416913687,452251.70320896705,-381.923765105397,451869.7794438617,40.10854874481882,0.0,True,False
2008-01-07,1411.6300048828125,23.940000534057617,23.690000534057617,0.03175873387444679,452371.2901577882,-395.736842941695,451975.55331484653,119.58694882114149,0.0,True,True
2008-01-08,1416.1800537109375,23.790000915527344,23.219999313354492,0.032474161735104125,452410.65280014806,-372.7821054218837,452037.8706947262,39.36264235984713,0.0,True,True
2008-01-09,1390.18994140625,25.43000030517578,25.489999771118164,0.03226974075329032,452450.9057050513,-463.79107660176606,451987.11462844955,40.25290490325849,0.0,True,False
2008-01-10,1409.1300048828125,24.1200008392334,24.5,0.031963128813672324,452490.90877043613,-380.6659942439178,452110.2427761922,40.0030653848263,0.0,True,False
2008-01-11,1420.3299560546875,23.450000762939453,23.950000762939453,0.03216753416913687,452530.53523204615,-336.9324813048215,452193.60275074135,39.62646161003832,0.0,True,False
2008-01-14,1401.02001953125,23.68000030517578,24.5,0.03073691538475603,452650.19591120514,-344.2922846202854,452305.90362658486,119.66067915899772,0.0,True,False
2008-01-15,1416.25,22.899999618530273,23.670000076293945,0.0316565403105917,452688.3155183338,-286.4421065375656,452401.87341179623,38.11960712864278,0.0,True,False
2008-01-16,1380.949951171875,23.34000015258789,24.38999938964844,0.031452160993734345,452727.5789905864,-367.1031230666215,452360.4758675198,39.2634722525623,0.0,True,False
2008-01-17,1373.199951171875,24.3799991607666,24.36000061035156,0.03114561154358967,452766.5923446111,-407.60898742697583,452358.98335718416,39.01335402474939,0.0,True,True
2008-01-18,1333.25,28.459999084472656,26.440000534057617,0.030532582920677856,452805.2287667317,-692.2856560833008,452112.94311064837,38.636422120578246,0.0,True,True
2008-01-22,1325.18994140625,27.18000030517578,25.989999771118164,0.02838772027718758,452956.7643990863,-669.6045900134111,452287.1598090729,151.53563235462633,0.0,True,True
2008-01-23,1310.5,31.010000228881836,27.38999938964844,0.02338749666748501,452991.99428940704,-887.7515623649078,452104.2427270421,35.22989032076616,0.0,True,True
2008-01-24,1338.5999755859375,29.020000457763672,26.25,0.021960005519763588,453021.02083237225,-631.6318097468113,452389.38902262546,29.02654296518023,0.0,True,True
2008-01-25,1352.0699462890625,27.780000686645508,26.0,0.02359146545304013,452534.4839917914,0.0,452534.4839917914,27.256557238654434,-210.92537602732432,False,True
2008-01-28,1330.6099853515625,29.079999923706055,26.86000061035156,0.02287762007788654,452622.2400473442,0.0,452622.2400473442,87.75605555278054,0.0,False,True
2008-01-29,1353.9599609375,27.780000686645508,25.969999313354492,0.023285516164195733,452650.6105793123,0.0,452650.6105793123,28.370531968105826,0.0,False,True
2008-01-30,1362.300048828125,27.31999969482422,25.649999618530273,0.02267368758899465,452679.48876925086,0.0,452679.48876925086,28.8781899385346,0.0,False,True
2008-01-31,1355.81005859375,27.6200008392334,26.079999923706055,0.021960005519763588,452707.6099531097,0.0,452707.6099531097,28.12118385881478,0.0,False,True
2008-02-01,1378.550048828125,26.200000762939453,25.209999084472656,0.019514059181070218,452734.847653604,0.0,452734.847653604,27.237700494315856,0.0,False,True
2008-02-04,1395.4200439453125,24.020000457763672,24.11000061035156,0.020940679939175543,453068.0254846162,-430.55807913896473,452637.46740547725,72.6197518732239,0.0,True,False
2008-02-05,1380.8199462890625,25.989999771118164,25.36000061035156,0.0225717252326533,453094.019524825,-453.6970800187862,452640.32244480617,25.994040208767103,0.0,True,True
2008-02-06,1336.6400146484375,28.239999771118164,26.989999771118164,0.021756119679032734,453122.0398808356,-484.548181380148,452637.4916994555,28.020356010655416,0.0,True,True
2008-02-07,1326.449951171875,28.969999313354492,27.61000061035156,0.020838761627115794,453149.04939080006,-507.26849237889115,452641.7808984212,27.009509964413887,0.0,True,True
2008-02-08,1336.9100341796875,27.65999984741211,26.739999771118164,0.021552244201661897,453174.92154036456,-449.40771166077474,452725.5138287038,25.872149564484275,0.0,True,True
2008-02-11,1331.2900390625,28.010000228881836,27.059999465942383,0.022163901724908078,453255.20484194456,-435.7330187243929,452819.4718232202,80.28330157998239,0.0,True,True
2008-02-12,1339.1300048828125,27.600000381469727,26.670000076293945,0.02287762007788654,453282.7287017566,-404.52923787380496,452878.19946388283,27.52385981207828,0.0,True,True
2008-02-13,1348.8599853515625,26.329999923706055,26.11000061035156,0.02287762007788654,453311.14063340164,-354.19207446096186,452956.94855894067,28.411931644981227,0.0,True,True
2008-02-14,1367.2099609375,24.8799991607666,25.290000915527344,0.0225717252326533,453339.5543459172,-300.9251123516374,453038.62923356553,28.413712515525557,0.0,True,False
2008-02-15,1348.8599853515625,25.540000915527344,25.469999313354492,0.02297959021070067,453367.5898863549,-312.29428987952224,453055.2955964754,28.035540437735765,0.0,True,True
2008-02-19,1349.989990234375,25.020000457763672,25.440000534057617,0.021960005519763588,453481.77633407246,-259.3533745558808,453222.4229595166,114.18644771751755,0.0,True,False
2008-02-20,1348.780029296875,25.59000015258789,25.469999313354492,0.02267368758899465,453509.06061322277,-262.5141158605156,453246.54649736226,27.284279150282376,0.0,True,True
2008-02-21,1360.030029296875,24.399999618530273,24.670000076293945,0.022367808295519997,453537.23333142966,-217.90341973816342,453319.3299116915,28.17271820690697,0.0,True,False
2008-02-22,1342.530029296875,25.1200008392334,25.09000015258789,0.021858061303912088,453565.0277005705,-241.58245911674098,453323.44524145377,27.794369140896144,0.0,True,True
2008-02-25,1353.1099853515625,24.059999465942383,24.399999618530273,0.021858061303912088,453646.52038103726,-181.88109838247618,453464.6392826548,81.49268046675316,0.0,True,False
2008-02-26,1371.800048828125,23.030000686645508,23.93000030517578,0.021858061303912088,453673.68786148675,-143.11558984850973,453530.57227163826,27.16748044948588,0.0,True,False
2008-02-27,1381.2900390625,21.899999618530273,23.11000061035156,0.02124645041460101,453571.2508803092,0.0,453571.2508803092,27.169107425470074,130.9519905359361,False,False
2008-02-28,1380.02001953125,22.690000534057617,23.690000534057617,0.019717831082755294,453597.65378324775,0.0,453597.65378324775,26.402902938530872,0.0,False,False
2008-02-29,1367.6800537109375,23.530000686645508,24.290000915527344,0.018902805582492365,453622.15845038224,0.0,453622.15845038224,24.504667134515298,0.0,False,False
2008-03-03,1330.6300048828125,26.540000915527344,26.38999938964844,0.01839349873168653,453692.6411704844,0.0,453692.6411704844,70.4827201021569,0.0,False,True
2008-03-04,1331.3399658203125,26.280000686645508,26.079999923706055,0.016967783501476128,453715.504746618,0.0,453715.504746618,22.86357613358838,0.0,False,True
2008-03-05,1326.75,25.520000457763672,25.760000228881836,0.016560529356408785,453929.5964466078,-362.9993016335081,453566.5971449743,21.092398356321347,0.0,True,False
2008-03-06,1333.699951171875,24.600000381469727,24.90999984741211,0.015237238888565052,453950.19229577354,-339.1738084635878,453611.0184873099,20.59584916572239,0.0,True,False
2008-03-07,1304.3399658203125,27.549999237060547,27.0,0.013914384851773634,453969.1432324927,-356.8237045572718,453612.3195279354,18.950936719133978,0.0,True,True
2008-03-10,1293.3699951171875,27.489999771118164,27.11000061035156,0.014423123235623505,454021.0642948574,-320.7322256696808,453700.3320691877,51.9210623646861,0.0,True,True
2008-03-11,1273.3699951171875,29.3799991607666,28.329999923706055,0.013507440598606275,454039.0054760765,-355.733431861736,453683.27204421477,17.94118121910445,0.0,True,True
2008-03-12,1320.6500244140625,26.36000061035156,26.09000015258789,0.01472839724149434,454055.80826614925,-298.3279158512718,453757.480350298,16.80279007277251,0.0,True,True
2008-03-13,1308.77001953125,27.219999313354492,27.3700008392334,0.01472839724149434,454074.1305928405,-299.2000502950819,453774.9305425454,18.322326691260194,0.0,True,False
2008-03-14,1315.47998046875,27.290000915527344,27.18000030517578,0.013507440598606275,454092.45365888503,-296.8004128429011,453795.65324604214,18.323066044549524,0.0,True,True
2008-03-17,1288.1400146484375,31.15999984741211,29.36000061035156,0.011778387988150774,454142.86982875754,-338.193342177789,453804.67648657976,50.41616987249982,0.0,True,True
2008-03-18,1276.5999755859375,32.2400016784668,29.579999923706055,0.011066641735660514,454157.5250540449,-354.0118984192939,453803.5131556256,14.655225287375254,0.0,True,True
2008-03-19,1330.739990234375,25.790000915527344,26.010000228881836,0.009237016818809264,454171.29512203165,-227.18727903791515,453944.10784299375,13.770067986746897,0.0,True,False
2008-03-20,1298.4200439453125,29.84000015258789,28.780000686645508,0.006087951197542419,454182.788932924,-279.66752267009724,453903.12141025387,11.493810892351828,0.0,True,True
2008-03-24,1329.510009765625,26.6200008392334,27.290000915527344,0.006291042130298993,454213.0917810762,-186.26226691474514,454026.82951416145,30.302848152222797,0.0,True,False
2008-03-25,1349.8800048828125,25.729999542236328,25.959999084472656,0.012490260561764442,454220.9205436022,-194.071871280062,454026.8486723221,7.828762525967888,0.0,True,False
2008-03-26,1352.989990234375,25.719999313354492,26.18000030517578,0.012897101622407918,454236.46420037426,-186.80079968316036,454049.6634006911,15.543656772082603,0.0,True,False
2008-03-27,1341.1300048828125,26.079999923706055,26.61000061035156,0.012897101622407918,454252.5147136382,-159.71809171813007,454092.79662192,16.050513263930902,0.0,True,False
2008-03-28,1325.760009765625,25.8799991607666,26.280000686645508,0.012998818335792863,454122.859179451,0.0,454122.859179451,16.051080411212855,47.292687035133596,False,False
2008-03-31,1315.219970703125,25.709999084472656,26.239999771118164,0.013303983953780121,454171.3800772605,0.0,454171.3800772605,48.52089780946581,0.0,False,False
2008-04-01,1322.699951171875,25.61000061035156,25.63999938964844,0.01381264491771495,454277.3202977065,-259.3857029866146,454017.9345947199,16.55451745939156,0.0,True,False
2008-04-02,1370.1800537109375,22.68000030517578,23.61000061035156,0.014016127366561144,454294.5117772917,-293.1577803278802,454001.3539969638,17.191479585184936,0.0,True,False
2008-04-03,1367.530029296875,23.43000030517578,24.299999237060547,0.014117872462209299,454311.9571800225,-297.9723632002222,454013.9848168223,17.445402730758694,0.0,True,False
2008-04-04,1369.31005859375,23.209999084472656,24.1200008392334,0.014016127366561144,454329.5298986894,-287.49934608601137,454042.0305526034,17.572718666951864,0.0,True,False
2008-04-07,1370.4000244140625,22.450000762939453,23.520000457763672,0.013507440598606275,454381.8721510311,-239.65664811771416,454142.2155029134,52.34225234168824,0.0,True,False
2008-04-08,1372.5400390625,22.420000076293945,23.200000762939453,0.014524878656021945,454398.68762969825,-233.52313688613887,454165.1644928121,16.815478667128342,0.0,True,False
2008-04-09,1365.5400390625,22.36000061035156,23.06999969482422,0.014117872462209299,454416.77041633805,-202.4100630986015,454214.36035323946,18.082786639815744,0.0,True,False
2008-04-10,1354.489990234375,22.809999465942383,23.549999237060547,0.013100537628729612,454434.34718916536,-181.16352327942053,454253.18366588594,17.57677282728209,0.0,True,False
2008-04-11,1360.550048828125,21.979999542236328,23.059999465942383,0.012693675933768366,454450.65798671223,-168.86108381980478,454281.7969028924,16.31079754687582,0.0,True,False
2008-04-14,1332.8299560546875,23.459999084472656,24.190000534057617,0.011880076335103261,454498.07401671493,-141.49570135357027,454356.57831536134,47.41603000268343,0.0,True,False
2008-04-15,1328.3199462890625,23.81999969482422,24.40999984741211,0.01086330885908627,454512.8673309227,-138.25289975620828,454374.6144311665,14.793314207762402,0.0,True,False
2008-04-16,1334.4300537109375,22.780000686645508,23.700000762939453,0.011066641735660514,454526.3949669099,-123.90954203187825,454402.485424878,13.527635987201354,0.0,True,False
2008-04-17,1364.7099609375,20.530000686645508,21.81999969482422,0.011269984920504017,454540.176219042,-114.16001281444335,454426.01620622753,13.781252132111023,0.0,True,False
2008-04-18,1365.56005859375,20.3700008392334,21.75,0.012286855505349794,454554.2111232007,-108.50975370345346,454445.7013694973,14.03490415871959,0.0,True,False
2008-04-21,1390.3299560546875,20.1299991607666,21.3700008392334,0.013405710986155586,454600.11789524136,-121.02837586857353,454479.0895193728,45.90677204067075,0.0,True,False
2008-04-22,1388.1700439453125,20.5,21.459999084472656,0.013507440598606275,454616.8147437637,-117.34877511981028,454499.4659686439,16.696848522338772,0.0,True,False
2008-04-23,1375.93994140625,20.8700008392334,21.799999237060547,0.012795387488443062,454633.6389170386,-101.07527643033853,454532.5636406083,16.824173274898218,0.0,True,False
2008-04-24,1379.9300537109375,20.260000228881836,21.579999923706055,0.012591966958252128,454649.5767678335,-94.29265740097541,454555.28411043255,15.937850794842442,0.0,True,False
2008-04-25,1388.8199462890625,20.059999465942383,21.18000030517578,0.012591966958252128,454558.1037976831,0.0,454558.1037976831,15.685016987028996,-17.772284150841095,False,False
2008-04-28,1397.8399658203125,19.59000015258789,20.579999923706055,0.013303983953780121,454605.15100447997,0.0,454605.15100447997,47.047206796866924,0.0,False,False
2008-04-29,1396.3699951171875,19.63999938964844,20.40999984741211,0.014423123235623505,454621.72133286163,0.0,454621.72133286163,16.570328381662375,0.0,False,False
2008-04-30,1390.93994140625,20.239999771118164,20.81999969482422,0.014626636657934929,454639.6862497565,0.0,454639.6862497565,17.964916894862363,0.0,False,False
2008-05-01,1385.5899658203125,20.790000915527344,21.25,0.014321370396609526,454657.9053805577,0.0,454657.9053805577,18.219130801240382,0.0,False,False
2008-05-02,1409.3399658203125,18.8799991607666,19.780000686645508,0.014423123235623505,454675.7449751045,0.0,454675.7449751045,17.839594546836732,0.0,False,False
2008-05-05,1413.9000244140625,18.18000030517578,19.530000686645508,0.014931926154074661,454729.64826021035,0.0,454729.64826021035,53.903285105838194,0.0,False,False
2008-05-06,1407.489990234375,18.899999618530273,20.020000457763672,0.015339014964751659,454875.11976606667,-296.868414303061,454578.2513517636,18.60309155328177,0.0,True,False
2008-05-07,1418.260009765625,18.209999084472656,19.75,0.016255115881502177,454894.23615752277,-289.8493643697182,454604.38679315307,19.116391456085793,0.0,True,False
2008-05-08,1392.5699462890625,19.729999542236328,20.959999084472656,0.016662339016142433,454914.49512513174,-292.2188242572463,454622.2763008745,20.258967608945397,0.0,True,False
2008-05-09,1397.6800537109375,19.399999618530273,20.8799991607666,0.016560529356408785,454935.26255679416,-278.70309744190064,454656.5594593523,20.767431662443293,0.0,True,False
2008-05-12,1388.280029296875,19.40999984741211,20.8700008392334,0.0168659660885449,454997.1898022724,-246.33850535130745,454750.8512969211,61.92724547828479,0.0,True,False
2008-05-13,1403.5799560546875,17.790000915527344,20.239999771118164,0.017680577769863457,455018.21485563176,-205.56400656383192,454812.6508490679,21.02505335933167,0.0,True,False
2008-05-14,1403.0400390625,17.979999542236328,20.149999618530273,0.018291645121549835,455040.256444089,-198.7608387712066,454841.4956053178,22.04158845722963,0.0,True,False
2008-05-15,1408.6600341796875,17.65999984741211,20.0,0.0181897940977809,455063.0609466947,-185.71334734696816,454877.3475993477,22.804502605684085,0.0,True,False
2008-05-16,1423.5699462890625,16.299999237060547,19.280000686645508,0.018291645121549835,455085.7396032384,-160.17515467801886,454925.5644485604,22.678656543701663,0.0,True,False
2008-05-19,1425.3499755859375,16.469999313354492,19.56999969482422,0.01839349873168653,455154.1633782362,-139.83345177239468,455014.3299264638,68.42377499778851,0.0,True,False
2008-05-20,1426.6300048828125,17.010000228881836,19.84000015258789,0.0181897940977809,455177.1006069293,-142.32719654508028,455034.7734103842,22.937228693131015,0.0,True,False
2008-05-21,1413.4000244140625,17.579999923706055,20.809999465942383,0.018597213711590434,455199.78494678705,-136.69858359755727,455063.0863631895,22.684339857749258,0.0,True,False
2008-05-22,1390.7099609375,18.59000015258789,22.11000061035156,0.018597213711590434,455222.97854500194,-147.77488573643862,455075.2036592655,23.19359821487579,0.0,True,False
2008-05-23,1394.3499755859375,18.049999237060547,21.520000457763672,0.018597213711590434,455246.1733249902,-131.77794221132908,455114.3953827789,23.194779988277148,0.0,True,False
2008-05-27,1375.9300537109375,19.549999237060547,22.510000228881836,0.018495354928323236,455338.9642638818,-131.27917821193668,455207.68508566986,92.79093889158949,0.0,True,False
2008-05-28,1385.3499755859375,19.63999938964844,22.15999984741211,0.018902805582492365,455362.0378779429,-120.48012222222172,455241.5577557207,23.073614061102987,0.0,True,False
2008-05-29,1390.8399658203125,19.06999969482422,21.65999984741211,0.018902805582492365,455385.6210093495,-107.16078810247988,455278.460221247,23.583131406600376,0.0,True,False
2008-05-30,1398.260009765625,18.13999938964844,20.799999237060547,0.019004674713597184,455304.2759730245,0.0,455304.2759730245,23.5843527734265,21.939025204636437,False,False
2008-06-02,1400.3800048828125,17.829999923706055,20.530000686645508,0.018800939038543605,455375.4013332997,0.0,455375.4013332997,71.12536027520835,0.0,False,False
2008-06-03,1385.6700439453125,19.829999923706055,21.719999313354492,0.018495354928323236,455647.19655813096,-418.338496988834,455228.85806114215,23.456727842433562,0.0,True,False
2008-06-04,1377.6500244140625,20.239999771118164,22.11000061035156,0.018495354928323236,455670.2857913979,-401.42623420428504,455268.85955719365,23.08923326691853,0.0,True,False
2008-06-05,1377.199951171875,20.799999237060547,22.59000015258789,0.01839349873168653,455693.37619467685,-411.88885123736327,455281.4873434395,23.090403278929756,0.0,True,False
2008-06-06,1404.050048828125,18.6299991607666,21.079999923706055,0.018495354928323236,455716.3405966855,-395.82101108635214,455320.51958559913,22.96440200863618,0.0,True,False
2008-06-09,1360.6800537109375,23.559999465942383,24.200000762939453,0.01839349873168653,455785.62231842324,-431.35328520749096,455354.26903321577,69.28172173777432,0.0,True,False
2008-06-10,1361.760009765625,23.1200008392334,23.850000381469727,0.018902805582492365,455808.5913691215,-400.75388514646477,455407.83748397505,22.96905069825976,0.0,True,False
2008-06-11,1358.43994140625,23.18000030517578,23.84000015258789,0.020125405945675086,455832.19762746623,-385.8692619273387,455446.3283655389,23.606258344699164,0.0,True,False
2008-06-12,1335.489990234375,24.1200008392334,24.31999969482422,0.019514059181070218,455857.3320409955,-412.52819633449775,455444.803844661,25.134413529224574,0.0,True,False
2008-06-13,1339.8699951171875,23.329999923706055,23.700000762939453,0.01992161333727291,455881.7042731984,-370.55318433210056,455511.1510888663,24.372232202882607,0.0,True,False
2008-06-16,1360.030029296875,21.219999313354492,22.600000381469727,0.01981972091584406,455956.3561302873,-260.7021433311227,455695.65398695617,74.65185708892791,0.0,True,False
2008-06-17,1360.1400146484375,20.950000762939453,22.43000030517578,0.020736845904711657,455981.11550861073,-241.91154565234177,455739.2039629584,24.759378323451546,0.0,True,False
2008-06-18,1350.9300537109375,21.1299991607666,22.479999542236328,0.01992161333727291,456007.02202569274,-243.31850586667142,455763.70351982606,25.9065170819901,0.0,True,False
2008-06-19,1337.81005859375,22.239999771118164,23.549999237060547,0.019208420737802476,456031.9114599077,-277.60182683514296,455754.3096330726,24.889434214989087,0.0,True,False
2008-06-20,1342.8299560546875,21.579999923706055,22.84000015258789,0.019004674713597184,456055.9111402396,-243.26872407830447,455812.6424161613,23.99968033188353,0.0,True,False
2008-06-23,1317.9300537109375,22.8700008392334,23.56999969482422,0.018597213711590434,456127.1539172071,-293.396410583619,455833.75750662346,71.24277696748396,0.0,True,False
2008-06-24,1318.0,22.63999938964844,23.299999237060547,0.018800939038543605,456150.39476725296,-276.36284006975586,455874.0319271832,23.240850045847942,0.0,True,False
2008-06-25,1314.2900390625,22.420000076293945,23.209999084472656,0.018291645121549835,456173.8914155874,-268.5482430822316,455905.34317250515,23.496648334420367,0.0,True,False
2008-06-26,1321.969970703125,21.13999938964844,22.31999969482422,0.018087945660248832,456196.7527307087,-209.49686877163734,455987.25586193707,22.86131512126996,0.0,True,False
2008-06-27,1283.1500244140625,23.93000030517578,24.309999465942383,0.017273251248762632,455814.2198771686,0.0,455814.2198771686,22.60785352574889,-156.80221007699353,False,False
2008-06-30,1278.3800048828125,23.440000534057617,23.93000030517578,0.016662339016142433,455878.9372947268,0.0,455878.9372947268,64.71741755816534,0.0,False,False
2008-07-01,1280.0,23.950000762939453,23.770000457763672,0.019004674713597184,455899.74875441444,0.0,455899.74875441444,20.811459687630606,0.0,False,True
2008-07-02,1284.9100341796875,23.649999618530273,23.670000076293945,0.01869907508162039,456111.37108283077,-357.8841037759335,455753.4869790548,23.738224640375652,0.0,True,False
2008-07-03,1261.52001953125,25.920000076293945,25.020000457763672,0.0181897940977809,456134.7384232292,-369.45026038027066,455765.2881628489,23.367340398453994,0.0,True,True
2008-07-07,1262.9000244140625,24.780000686645508,24.420000076293945,0.01839349873168653,456225.6734806569,-306.4321350086874,455919.2413456482,90.93505742765655,0.0,True,True
2008-07-08,1252.31005859375,25.780000686645508,24.75,0.01869907508162039,456248.6647074769,-315.42479619837127,455933.23991127854,22.991226820015772,0.0,True,True
2008-07-09,1273.699951171875,23.149999618530273,23.059999465942383,0.018597213711590434,456272.039081655,-254.82500181255352,456017.21407984244,23.374374178063626,0.0,True,True
2008-07-10,1244.68994140625,25.229999542236328,24.36000061035156,0.0181897940977809,456295.2873139721,-289.44528151635865,456005.8420324557,23.248232317111302,0.0,True,True
2008-07-11,1253.3900146484375,25.59000015258789,24.38999938964844,0.016662339016142433,456318.02738011145,-285.54717415580086,456032.4802059556,22.74006613935076,0.0,True,True
2008-07-14,1239.489990234375,27.489999771118164,25.520000457763672,0.016051519817165624,456380.52474725386,-310.07590154031266,456070.4488457136,62.49736714242315,0.0,True,True
2008-07-15,1228.300048828125,28.479999542236328,25.8799991607666,0.015237238888565052,456400.59532839805,-335.84970538205255,456064.745623016,20.070581144194527,0.0,True,True
2008-07-16,1214.9100341796875,28.540000915527344,25.969999313354492,0.013914384851773634,456419.64856143424,-354.08749805369916,456065.56106338056,19.05323303620963,0.0,True,True
2008-07-17,1245.3599853515625,25.100000381469727,24.559999465942383,0.013710907564255062,456437.0483414256,-234.01068075344648,456203.03766067215,17.39977999135905,0.0,True,True
2008-07-18,1260.3199462890625,25.010000228881836,24.3700008392334,0.014219620138848145,456454.1943242241,-215.2577201645017,456238.9366040596,17.145982798497325,0.0,True,True
2008-07-21,1260.6800537109375,24.049999237060547,23.799999237060547,0.01472839724149434,456507.5448822434,-174.1913871826092,456333.35349506076,53.35055801929989,0.0,True,True
2008-07-22,1260.0,23.049999237060547,23.18000030517578,0.014830160406830283,456525.96614285075,-153.13781496883337,456372.8283278819,18.421260607363013,0.0,True,False
2008-07-23,1277.0,21.18000030517578,22.059999465942383,0.015440793623500997,456544.5154328544,-118.56633842217764,456425.94909443223,18.54929000363711,0.0,True,False
2008-07-24,1282.18994140625,21.309999465942383,22.200000762939453,0.015847934086752537,456563.82929244987,-113.42428310762098,456450.40500934224,19.31385959544727,0.0,True,False
2008-07-25,1252.5400390625,23.440000534057617,23.760000228881836,0.016458722280811345,456432.4154185138,0.0,456432.4154185138,19.823974127124696,36.64625571278257,False,False
2008-07-28,1257.760009765625,22.90999984741211,23.290000915527344,0.017375079001127135,456494.16448023333,0.0,456494.16448023333,61.74906171953682,0.0,False,False
2008-07-29,1234.3699951171875,24.229999542236328,23.989999771118164,0.017273251248762632,456515.89546916133,0.0,456515.89546916133,21.730988927990865,0.0,False,True
2008-07-30,1263.199951171875,22.030000686645508,22.219999313354492,0.01717142608145376,456537.50012765825,0.0,456537.50012765825,21.60465849691519,0.0,False,False
2008-07-31,1284.260009765625,21.209999084472656,21.440000534057617,0.016967783501476128,456558.97844092414,0.0,456558.97844092414,21.478313265915013,0.0,False,False
2008-08-01,1267.3800048828125,22.940000534057617,22.670000076293945,0.01676415126014437,456580.2030271366,0.0,456580.2030271366,21.224586212474776,0.0,False,True
2008-08-04,1260.31005859375,22.56999969482422,22.75,0.016560529356408785,456643.1184266062,0.0,456643.1184266062,62.915399469527614,0.0,False,False
2008-08-05,1249.010009765625,23.489999771118164,23.09000015258789,0.017476909338677626,456663.8373946208,0.0,456663.8373946208,20.718968014648325,0.0,False,True
2008-08-06,1284.8800048828125,21.13999938964844,21.5,0.017476909338677626,456767.0589155852,-251.35504545188024,456515.7038701333,21.866475512514604,0.0,True,False
2008-08-07,1289.18994140625,20.229999542236328,21.18000030517578,0.01635691778921983,456788.93033366307,-231.9822356146953,456556.9480980484,21.871418077867293,0.0,True,False
2008-08-08,1266.0699462890625,21.149999618530273,21.86000061035156,0.016560529356408785,456809.4010909192,-225.4307185025568,456583.97037241666,20.470757256123928,0.0,True,False
2008-08-11,1296.3199462890625,20.65999984741211,21.649999618530273,0.016967783501476128,456871.5834501392,-224.72924957405124,456646.85420056514,62.18235921998685,0.0,True,False
2008-08-12,1305.3199462890625,20.1200008392334,21.440000534057617,0.01869907508162039,456892.82256878295,-224.00016025040753,456668.82240853255,21.23911864373085,0.0,True,False
2008-08-13,1289.5899658203125,21.170000076293945,22.200000762939453,0.018597213711590434,456916.2299442343,-210.00647700940743,456706.2234672249,23.407375451370502,0.0,True,False
2008-08-14,1285.8299560546875,21.549999237060547,22.540000915527344,0.018495354928323236,456939.51099973044,-205.62966646770198,456733.8813332627,23.28105549615148,0.0,True,False
2008-08-15,1292.9300537109375,20.34000015258789,21.65999984741211,0.018800939038543605,456962.6657190792,-180.24872133224073,456782.416997747,23.154719348741686,0.0,True,False
2008-08-18,1298.199951171875,19.579999923706055,21.3799991607666,0.01839349873168653,457033.284823655,-149.68519806141006,456883.5996255936,70.61910457577348,0.0,True,False
2008-08-19,1278.5999755859375,20.979999542236328,22.11000061035156,0.0181897940977809,457056.31674957776,-153.37685242711683,456902.9398971506,23.031925922781355,0.0,True,False
2008-08-20,1266.68994140625,21.280000686645508,22.420000076293945,0.017986099808822733,457079.0947426039,-152.5869286903727,456926.5078139135,22.77799302612958,0.0,True,False
2008-08-21,1274.5400390625,20.420000076293945,22.459999084472656,0.017069603499068373,457101.6187776085,-134.27526731331426,456967.3435102952,22.5240350045792,0.0,True,False
2008-08-22,1277.719970703125,19.81999969482422,22.079999923706055,0.01717142608145376,457122.99610868027,-122.00680658545203,457000.9893020948,21.37733107175051,0.0,True,False
2008-08-25,1292.199951171875,18.809999465942383,21.479999542236328,0.016967783501476128,457187.5167197507,-98.89589555805132,457088.62082419265,64.5206110704261,0.0,True,False
2008-08-26,1266.8399658203125,20.969999313354492,22.809999465942383,0.017375079001127135,457208.7705255504,-115.21890472908196,457093.55162082135,21.25380579968419,0.0,True,False
2008-08-27,1271.510009765625,20.489999771118164,22.520000457763672,0.017069603499068373,457230.5355326483,-105.46591296979544,457125.06961967854,21.765007097919373,0.0,True,False
2008-08-28,1281.6600341796875,19.760000228881836,21.940000534057617,0.016662339016142433,457251.9188927868,-95.37717658463654,457156.54171620216,21.383360138461217,0.0,True,False
2008-08-29,1300.6800537109375,19.43000030517578,21.540000915527344,0.017375079001127135,457172.9545694235,0.0,457172.9545694235,20.874138063055113,-18.48341597445861,False,False
2008-09-02,1282.8299560546875,20.649999618530273,22.520000457763672,0.01717142608145376,457464.8009614586,-374.7869672569354,457090.01399420167,87.05942477817672,0.0,True,False
2008-09-03,1277.5799560546875,21.989999771118164,23.11000061035156,0.01717142608145376,457486.32290062116,-387.4415368683617,457098.8813637528,21.521939162570902,0.0,True,False
2008-09-04,1274.97998046875,21.43000030517578,22.799999237060547,0.016967783501476128,457507.8458523072,-351.5656086953885,457156.28024361184,21.522951686079473,0.0,True,False
2008-09-05,1236.8299560546875,24.030000686645508,24.350000381469727,0.0168659660885449,457529.11454961845,-381.35371086717055,457147.7608387513,21.26869731121142,0.0,True,False
2008-09-08,1242.31005859375,23.059999465942383,23.729999542236328,0.01676415126014437,457592.54363521765,-328.16920534717184,457264.37442987046,63.429085599181306,0.0,True,False
2008-09-09,1267.7900390625,22.63999938964844,23.149999618530273,0.01717142608145376,457613.5609688739,-314.8681727463358,457298.6927961276,21.01733365628006,0.0,True,False
2008-09-10,1224.510009765625,25.469999313354492,25.149999618530273,0.016560529356408785,457635.0899066161,-385.7944901646435,457249.2954164514,21.528937742183338,0.0,True,True
2008-09-11,1232.0400390625,24.520000457763672,24.540000915527344,0.016458722280811345,457655.85388270055,-344.8226349411862,457311.03124775935,20.7639760844876,0.0,True,False
2008-09-12,1249.050048828125,24.38999938964844,24.36000061035156,0.016051519817165624,457676.4911441511,-321.0744467236135,457355.41669742746,20.637261450519436,0.0,True,True
2008-09-15,1251.699951171875,25.65999984741211,25.020000457763672,0.014830160406830283,457736.8765241129,-324.1362499713861,457412.7402741415,60.38537996183359,0.0,True,True
2008-09-16,1192.699951171875,31.700000762939453,27.93000030517578,0.01045667402656539,457755.4750151029,-559.3610681851591,457196.1139469177,18.598490989991124,0.0,True,True
2008-09-17,1213.5999755859375,30.299999237060547,26.8799991607666,0.008525721347452138,457768.5891749688,-463.7117039406948,457304.87747102807,13.11415986587504,0.0,True,True
2008-09-18,1156.3900146484375,36.220001220703125,30.239999771118164,0.00030417820023607886,457779.28192295355,-804.6489697357206,456974.63295321784,10.692747984766479,0.0,True,True
2008-09-19,1206.510009765625,33.099998474121094,28.579999923706055,0.002332622590596498,457779.66342031275,-536.8990692526501,457242.7643510601,0.3814973592066986,0.0,True,True
2008-09-22,1255.0799560546875,32.06999969482422,28.040000915527344,0.009846799063681648,457788.4401662371,-444.53400145157246,457343.90616478556,8.776745924376584,0.0,True,True
2008-09-23,1207.0899658203125,33.849998474121094,29.729999542236328,0.013100537628729612,457800.7903349728,-513.9696284943361,457286.82070647844,12.350168735689271,0.0,True,True
2008-09-24,1188.219970703125,35.720001220703125,31.260000228881836,0.008220919040828615,457817.22196267464,-608.4778710903645,457208.7440915843,16.431627701867328,0.0,True,True
2008-09-25,1185.8699951171875,35.189998626708984,30.559999465942383,0.00507265075359442,457827.53352624277,-601.1656071267173,457226.36791911605,10.311563568118606,0.0,True,True
2008-09-26,1209.1800537109375,32.81999969482422,29.100000381469727,0.007611383906217505,457369.3063965414,0.0,457369.3063965414,6.362781701421426,-259.8029441458268,False,True
2008-09-29,1213.27001953125,34.7400016784668,29.739999771118164,0.008728935754005141,457397.9200042511,0.0,457397.9200042511,28.613607709732324,0.0,False,True
2008-09-30,1106.4200439453125,46.720001220703125,36.27000045776367,0.009745162251547073,457408.85875712615,0.0,457408.85875712615,10.938752874998402,0.0,False,True
2008-10-01,1166.3599853515625,39.38999938964844,33.029998779296875,0.009135395456935813,457421.0713134283,0.0,457421.0713134283,12.212556302114288,0.0,False,True
2008-10-02,1161.06005859375,39.810001373291016,33.439998626708984,0.008525721347452138,457432.5200111564,0.0,457432.5200111564,11.448697728097644,0.0,False,True
2008-10-03,1114.280029296875,45.2599983215332,36.4900016784668,0.006291042130298993,457443.2049090987,0.0,457443.2049090987,10.684897942279786,0.0,False,True
2008-10-06,1099.22998046875,45.13999938964844,37.29999923706055,0.00507265075359442,457466.85862589534,0.0,457466.85862589534,23.653716796674544,0.0,False,True
2008-10-07,1056.8900146484375,52.04999923706055,39.130001068115234,0.005478740091370373,457473.21639502,0.0,457473.21639502,6.357769124658256,0.0,False,True
2008-10-08,996.22998046875,53.68000030517578,40.54999923706055,0.008220919040828615,457480.0832324506,0.0,457480.0832324506,6.866837430578837,0.0,False,True
2008-10-09,984.9400024414062,57.529998779296875,42.220001220703125,0.00679881445588274,457490.38720253535,0.0,457490.38720253535,10.303970084778078,0.0,False,True
2008-10-10,909.9199829101562,63.91999816894531,48.0099983215332,0.005884870547495857,457498.90890452603,0.0,457498.90890452603,8.521701990670314,0.0,False,True
2008-10-13,899.219970703125,69.94999694824219,50.90999984741211,0.0024340717431051875,457521.0381124802,0.0,457521.0381124802,22.129207954154506,0.0,False,True
2008-10-14,1003.3499755859376,54.9900016784668,42.380001068115234,0.0024340717431051875,457524.08918849117,0.0,457524.08918849117,3.051076010980005,0.0,False,True
2008-10-15,998.010009765625,55.130001068115234,42.9900016784668,0.003448704419520929,457527.1402848489,0.0,457527.1402848489,3.051096357727038,0.0,False,True
2008-10-16,907.8400268554688,69.25,49.45000076293945,0.002231176003955833,457531.4632528628,0.0,457531.4632528628,4.322968013875755,0.0,False,True
2008-10-17,946.4299926757812,67.61000061035156,48.7400016784668,0.004565096891371131,457534.26006475854,0.0,457534.26006475854,2.796811895708883,0.0,False,True
2008-10-20,940.5499877929688,70.33000183105469,51.130001068115234,0.00811932341895452,457551.4276873394,0.0,457551.4276873394,17.167622580869626,0.0,False,True
2008-10-21,985.4000244140624,52.970001220703125,43.619998931884766,0.012591966958252128,457561.6059047152,0.0,457561.6059047152,10.178217375784962,0.0,False,True
2008-10-22,955.0499877929688,53.11000061035156,43.790000915527344,0.011066641735660514,457577.3913841876,0.0,457577.3913841876,15.78547947245222,0.0,False,True
2008-10-23,896.780029296875,69.6500015258789,49.83000183105469,0.01045667402656539,457591.26514261053,0.0,457591.26514261053,13.873758422936517,0.0,False,True
2008-10-24,908.1099853515624,67.80000305175781,49.7599983215332,0.009745162251547073,457604.3745980553,0.0,457604.3745980553,13.109455444766043,0.0,False,True
2008-10-27,876.77001953125,79.12999725341797,55.29999923706055,0.008728935754005141,457641.0289060787,0.0,457641.0289060787,36.654308023391756,0.0,False,True
2008-10-28,848.9199829101562,80.05999755859375,62.84000015258789,0.008525721347452138,457651.9734729465,0.0,457651.9734729465,10.944566867765968,0.0,False,True
2008-10-29,940.510009765625,66.95999908447266,54.380001068115234,0.007712966662981572,457662.66349697346,0.0,457662.66349697346,10.690024026980213,0.0,False,True
2008-10-30,930.0900268554688,69.95999908447266,57.81999969482422,0.006189495378516595,457672.3346590639,0.0,457672.3346590639,9.671162090413892,0.0,False,True
2008-10-31,954.0900268554688,62.900001525878906,53.75,0.004057607247306191,457680.0957133617,0.0,457680.0957133617,7.7610542977748755,0.0,False,True
2008-11-03,968.75,59.88999938964844,53.56999969482422,0.0044635938256252965,457695.3596890391,0.0,457695.3596890391,15.26397567745791,0.0,False,True
2008-11-04,966.2999877929688,53.68000030517578,51.20000076293945,0.00497113484291711,457700.9568908838,0.0,457700.9568908838,5.597201844697129,0.0,False,True
2008-11-05,1005.75,47.72999954223633,46.2599983215332,0.0048696215014858105,457707.1906132639,0.0,457707.1906132639,6.233722380135999,0.0,False,True
2008-11-06,952.77001953125,54.560001373291016,49.720001220703125,0.0039561170232425644,457713.2971218803,0.0,457713.2971218803,6.1065086163601014,0.0,False,True
2008-11-07,904.8800048828124,63.68000030517578,56.13999938964844,0.003144287665889363,457718.25815524935,0.0,457718.25815524935,4.961033369048051,0.0,False,True
2008-11-10,930.989990234375,56.099998474121094,52.61000061035156,0.003042820548666,457730.0873317205,0.0,457730.0873317205,11.829176471143954,0.0,False,True
2008-11-11,919.2100219726562,59.97999954223633,54.04999923706055,0.0029413559982203554,457733.903212052,0.0,457733.903212052,3.815880331484115,0.0,False,True
2008-11-12,898.9500122070312,61.439998626708984,55.630001068115234,0.0029413559982203554,457737.5918799606,0.0,457737.5918799606,3.6886679086222465,0.0,False,True
2008-11-13,852.2999877929688,66.45999908447266,59.099998474121094,0.0018254153134831337,457741.28057759453,0.0,457741.28057759453,3.6886976339077115,0.0,False,True
2008-11-14,911.2899780273438,59.83000183105469,54.099998474121094,0.0021297319830542957,457743.56981056056,0.0,457743.56981056056,2.2892329660087767,0.0,False,True
2008-11-17,873.2899780273438,66.30999755859375,59.290000915527344,0.0014196956665245841,457751.5825200381,0.0,457751.5825200381,8.012709477567054,0.0,False,True
2008-11-18,850.75,69.1500015258789,62.5099983215332,0.0012168512317685082,457753.362983605,0.0,457753.362983605,1.7804635668597826,0.0,False,True
2008-11-19,859.1199951171875,67.63999938964844,61.38999938964844,0.0012168512317685082,457754.8890621587,0.0,457754.8890621587,1.5260785537063062,0.0,False,True
2008-11-20,806.5800170898438,74.26000213623047,66.48999786376953,0.0007097850203325396,457756.4151458001,0.0,457756.4151458001,1.5260836414149728,0.0,False,True
2008-11-21,752.4400024414062,80.86000061035156,69.23999786376953,0.00030417820023607886,457757.30530734075,0.0,457757.30530734075,0.8901615406360867,0.0,False,True
2008-11-24,800.030029296875,72.66999816894531,64.3499984741211,0.00020278290372213926,457758.44974542846,0.0,457758.44974542846,1.144438087686814,0.0,False,True
2008-11-25,851.8099975585938,64.69999694824219,59.5,0.001318272166861259,457758.70406217757,0.0,457758.70406217757,0.2543167491037793,0.0,False,True
2008-11-26,857.3900146484375,60.900001525878906,57.9900016784668,0.0010140170547777556,457760.35735436506,0.0,457760.35735436506,1.6532921874876374,0.0,False,True
2008-11-28,887.6799926757812,54.91999816894531,53.72999954223633,0.000506976483216771,457762.9007960029,0.0,457762.9007960029,2.5434416378023683,0.0,False,True
2008-12-01,896.239990234375,55.279998779296875,54.18000030517578,0.00010139017035360414,457764.8082659408,0.0,457764.8082659408,1.9074699379492108,0.0,False,True
2008-12-02,816.2100219726562,68.51000213623047,62.38999938964844,0.0007097850203325396,457764.93542445684,0.0,457764.93542445684,0.1271585160192716,0.0,False,True
2008-12-03,848.8099975585938,62.97999954223633,59.650001525878906,0.0006083794699427381,457765.8256025662,0.0,457765.8256025662,0.8901781093266058,0.0,False,True
2008-12-04,870.739990234375,60.720001220703125,58.5,0.00020278290372213926,457766.58860410703,0.0,457766.58860410703,0.7630015408760966,0.0,False,True
2008-12-05,845.219970703125,63.63999938964844,61.290000915527344,0.00020278290372213926,457766.84292537783,0.0,457766.84292537783,0.25432127080748945,0.0,False,True
2008-12-08,876.0700073242188,59.93000030517578,58.060001373291016,0.00020278290372213926,457767.6058900381,0.0,457767.6058900381,0.7629646602619532,0.0,False,True
2008-12-09,909.7000122070312,58.4900016784668,56.599998474121094,0.00030417820023607886,457767.86021187407,0.0,457767.86021187407,0.25432183598078345,0.0,False,True
2008-12-10,888.6699829101562,58.90999984741211,57.77000045776367,0.00030417820023607886,457768.2416997148,0.0,457768.2416997148,0.381487840749253,0.0,False,True
2008-12-11,899.239990234375,55.72999954223633,56.15999984741211,-0.0,457768.62318787345,0.0,457768.62318787345,0.38148815866797403,0.0,False,False
2008-12-12,873.5900268554688,55.779998779296875,56.09000015258789,0.00010139017035360414,457768.62318787345,0.0,457768.62318787345,0.0,0.0,False,False
2008-12-15,879.72998046875,54.279998779296875,55.13999938964844,0.00020278290372213926,457769.00466670655,0.0,457769.00466670655,0.3814788331141938,0.0,False,False
2008-12-16,868.5700073242188,56.7599983215332,56.40999984741211,0.00040557606002412504,457769.2589893197,0.0,457769.2589893197,0.2543226130987924,0.0,False,True
2008-12-17,913.1799926757812,52.369998931884766,52.90999984741211,0.00040557606002412504,457769.76764782815,0.0,457769.76764782815,0.5086585084943172,0.0,False,False
2008-12-18,904.4199829101562,49.84000015258789,51.56999969482422,0.000506976483216771,457770.2763069018,0.0,457770.2763069018,0.5086590736993264,0.0,False,False
2008-12-19,885.280029296875,47.34000015258789,49.79999923706055,-0.0,457770.9121395757,0.0,457770.9121395757,0.6358326738865664,0.0,False,False
2008-12-22,887.8800048828125,44.93000030517578,43.400001525878906,0.00020278290372213926,457770.9121395757,0.0,457770.9121395757,0.0,0.0,False,True
2008-12-23,871.6300048828125,44.560001373291016,43.709999084472656,0.00010139017035360414,457771.16646324855,0.0,457771.16646324855,0.25432367283302415,0.0,False,True
2008-12-24,863.1599731445312,45.02000045776367,44.47999954223633,0.00020278290372213926,457771.2936235308,0.0,457771.2936235308,0.12716028220775882,0.0,False,True
2008-12-26,868.1500244140625,44.209999084472656,43.959999084472656,-0.0,457771.8022714416,0.0,457771.8022714416,0.5086479108353902,0.0,False,True
2008-12-29,872.7999877929688,43.380001068115234,46.11000061035156,0.00030417820023607886,457771.8022714416,0.0,457771.8022714416,0.0,0.0,False,False
2008-12-30,869.4199829101562,43.900001525878906,46.540000915527344,0.0006083794699427381,457772.1837625675,0.0,457772.1837625675,0.38149112592482615,0.0,False,False
2008-12-31,890.6400146484375,41.630001068115234,44.40999984741211,0.0010140170547777556,457772.9467747061,0.0,457772.9467747061,0.7630121386219458,0.0,False,False
2009-01-02,903.25,40.0,43.18000030517578,0.001115432861117531,457775.4902862942,0.0,457775.4902862942,2.543511588062099,0.0,False,False
2009-01-05,931.7999877929688,39.189998626708984,40.560001373291016,0.0008111931345149166,457779.6871643672,0.0,457779.6871643672,4.196878073003272,0.0,False,False
2009-01-06,927.4500122070312,39.08000183105469,40.81999969482422,0.0014196956665245841,457780.70455656445,0.0,457780.70455656445,1.0173921973026665,0.0,False,False
2009-01-07,934.7000122070312,38.560001373291016,40.310001373291016,0.0014196956665245841,457782.4851334039,0.0,457782.4851334039,1.780576839488448,0.0,False,False
2009-01-08,906.6500244140624,43.38999938964844,43.810001373291016,0.001115432861117531,457784.2657171691,0.0,457784.2657171691,1.7805837651929388,0.0,False,False
2009-01-09,909.72998046875,42.560001373291016,43.16999816894531,0.0009126038126204015,457785.66469906917,0.0,457785.66469906917,1.3989819000665518,0.0,False,False
2009-01-12,890.3499755859375,42.81999969482422,44.880001068115234,0.0007097850203325396,457789.0984950402,0.0,457789.0984950402,3.4337959710233465,0.0,False,False
2009-01-13,870.260009765625,45.84000015258789,47.349998474121094,0.0012168512317685082,457789.9887201375,0.0,457789.9887201375,0.8902250972778946,0.0,False,False
2009-01-14,871.7899780273438,43.27000045776367,47.13999938964844,0.001115432861117531,457791.51492079574,0.0,457791.51492079574,1.5262006582183771,0.0,False,False
2009-01-15,842.6199951171875,49.13999938964844,50.68000030517578,0.0012168512317685082,457797.08503941994,-174.17111457070285,457622.91392484924,1.3990040535249013,0.0,True,False
2009-01-16,843.739990234375,51.0,51.709999084472656,0.001115432861117531,457798.6112637362,-182.6328620052656,457615.97840173094,1.5262243162437306,0.0,True,False
2009-01-20,850.1199951171875,46.11000061035156,48.95000076293945,0.0012168512317685082,457804.207392348,-130.0671870987203,457674.14020524925,5.596128611792455,0.0,True,False
2009-01-21,805.219970703125,56.650001525878906,54.869998931884766,0.001318272166861259,457805.733640409,-165.5522765877879,457640.1813638212,1.5262480610612117,0.0,True,True
2009-01-22,840.239990234375,46.41999816894531,49.959999084472656,0.001115432861117531,457807.38710245374,-116.14776861528064,457691.23933383846,1.6534620447368409,0.0,True,False
2009-01-23,827.5,47.290000915527344,50.130001068115234,0.0010140170547777556,457808.78615501244,-111.99621305328498,457696.78994195914,1.3990525586757265,0.0,True,False
2009-01-26,831.9500122070312,47.27000045776367,49.36000061035156,0.001115432861117531,457812.6017263947,-101.59063419180143,457711.0110922029,3.815571382315779,0.0,True,False
2009-01-27,836.5700073242188,45.689998626708984,47.470001220703125,0.0015211217308890748,457814.00079488923,-95.40815200941346,457718.5926428798,1.3990684944888496,0.0,True,False
2009-01-28,845.7100219726562,42.25,45.18000030517578,0.001318272166861259,457815.9087189341,-87.13727557254833,457728.77144336153,1.907924044897937,0.0,True,False
2009-01-29,874.0900268554688,39.65999984741211,42.20000076293945,0.0019268516379477108,457817.5622177283,-85.98246946039593,457731.5797482679,1.65349879418078,0.0,True,False
2009-01-30,845.1400146484375,42.630001068115234,43.529998779296875,0.002332622590596498,457724.1700291451,0.0,457724.1700291451,2.4168461591163792,-91.63792017159673,False,False
2009-02-02,825.8800048828125,44.84000015258789,44.599998474121094,0.0024340717431051875,457732.9457111266,0.0,457732.9457111266,8.77568198153753,0.0,False,True
2009-02-03,825.4400024414062,45.52000045776367,43.90999984741211,0.0027384345971410155,457735.99820028833,0.0,457735.99820028833,3.0524891617138854,0.0,False,True
2009-02-04,838.510009765625,43.060001373291016,42.2400016784668,0.003245757350019421,457739.4324052088,0.0,457739.4324052088,3.434204920501609,0.0,False,True
2009-02-05,832.22998046875,43.849998474121094,42.130001068115234,0.003042820548666,457743.5028647512,0.0,457743.5028647512,4.0704595423743015,0.0,False,True
2009-02-06,845.8499755859375,43.72999954223633,42.599998474121094,0.0029413559982203554,457747.3188569217,0.0,457747.3188569217,3.815992170469677,0.0,False,True
2009-02-09,868.5999755859375,43.369998931884766,43.380001068115234,0.00283989401442168,457776.6781447391,-188.292870581311,457588.3852741578,11.066417236091016,0.0,True,False
2009-02-10,869.8900146484375,43.63999938964844,43.43000030517578,0.003245757350019421,457780.2399044808,-185.63940119597248,457594.60050328483,3.561759741692528,0.0,True,True
2009-02-11,827.1599731445312,46.66999816894531,46.060001373291016,0.003144287665889363,457784.3107269049,-183.0692333861131,457601.24149351876,4.0708224240992585,0.0,True,True
2009-02-12,833.739990234375,44.529998779296875,45.06999969482422,0.003042820548666,457788.2543207727,-164.66683113089567,457623.5874896418,3.943593867808711,0.0,True,False
2009-02-13,835.1900024414062,41.25,42.65999984741211,0.0029413559982203554,457792.070686015,-140.6339876077543,457651.4366984073,3.816365242298608,0.0,True,False
2009-02-17,826.8400268554688,42.93000030517578,42.470001220703125,0.0029413559982203554,457806.8274110049,-133.01752550281523,457673.8098855021,14.756724989894854,0.0,True,True
2009-02-18,789.1699829101562,48.65999984741211,46.0,0.003245757350019421,457810.51666657627,-174.09066108752182,457636.4260054887,3.68925557134627,0.0,True,True
2009-02-19,788.4199829101562,48.459999084472656,46.970001220703125,0.003144287665889363,457814.58775823726,-168.72085841327964,457645.866899824,4.071091660976091,0.0,True,True
2009-02-20,778.9400024414062,47.08000183105469,45.630001068115234,0.003042820548666,457818.53161292727,-164.32658860140478,457654.2050243259,3.9438546900175546,0.0,True,True
2009-02-23,770.0499877929688,49.29999923706055,47.029998779296875,0.0027384345971410155,457829.98156132904,-168.50523566504245,457661.47632566397,11.44994840176903,0.0,True,True
2009-02-24,743.3300170898438,52.619998931884766,50.43000030517578,0.003042820548666,457833.41647136805,-209.31004560980253,457624.1064257583,3.4349100390026672,0.0,True,True
2009-02-25,773.1400146484375,45.4900016784668,45.11000061035156,0.003245757350019421,457837.23321310594,-136.8713926862093,457700.3618204197,3.81674173789493,0.0,True,True
2009-02-26,764.9000244140625,44.66999816894531,44.400001525878906,0.003042820548666,457841.3045423445,-134.56323959381663,457706.74130275066,4.071329238545473,0.0,True,True
2009-02-27,752.8300170898438,44.65999984741211,44.18000030517578,0.0027384345971410155,457695.9459620019,0.0,457695.9459620019,3.8168074970305543,-130.88251725821618,False,True
2009-03-02,735.0900268554688,46.349998474121094,45.209999084472656,0.002636977746247632,457706.2477525668,0.0,457706.2477525668,10.301790564902104,0.0,False,True
2009-03-03,700.8200073242188,52.650001525878906,48.66999816894531,0.00283989401442168,457709.5545074971,0.0,457709.5545074971,3.3067549303087347,0.0,False,True
2009-03-04,696.3300170898438,50.93000030517578,48.5099983215332,0.0027384345971410155,457713.1157449792,0.0,457713.1157449792,3.5612374820837305,0.0,False,True
2009-03-05,712.8699951171875,47.560001373291016,44.720001220703125,0.002636977746247632,457716.54977822205,0.0,457716.54977822205,3.434033242851337,0.0,False,True
2009-03-06,682.5499877929688,50.16999816894531,46.70000076293945,0.0020282905277612144,457719.8566075806,0.0,457719.8566075806,3.3068293585567536,0.0,False,True
2009-03-09,683.3800048828125,49.33000183105469,46.47999954223633,0.0020282905277612144,457727.4872644691,0.0,457727.4872644691,7.630656888487226,0.0,False,True
2009-03-10,676.530029296875,49.68000030517578,46.529998779296875,0.002332622590596498,457730.0308450342,0.0,457730.0308450342,2.5435805651308545,0.0,False,True
2009-03-11,719.5999755859375,44.369998931884766,42.40999984741211,0.0024340717431051875,457732.9560911222,0.0,457732.9560911222,2.9252460879543376,0.0,False,True
2009-03-12,721.3599853515625,43.61000061035156,42.5,0.002332622590596498,457736.0085803531,0.0,457736.0085803531,3.052489230935086,0.0,False,True
2009-03-13,750.739990234375,41.18000030517578,40.70000076293945,0.0021297319830542957,457738.9338646434,0.0,457738.9338646434,2.92528429026941,0.0,False,True
2009-03-16,756.5499877929688,42.36000061035156,41.83000183105469,0.0019268516379477108,457746.94649296964,0.0,457746.94649296964,8.012628326262616,0.0,False,True
2009-03-17,753.8900146484375,43.7400016784668,42.2400016784668,0.0024340717431051875,457749.36296634417,0.0,457749.36296634417,2.416473374502505,0.0,False,True
2009-03-18,778.1199951171875,40.79999923706055,39.97999954223633,0.0024340717431051875,457752.4155649878,0.0,457752.4155649878,3.0525986436598243,0.0,False,True
2009-03-19,794.3499755859375,40.060001373291016,39.900001525878906,0.0021297319830542957,457755.46818398836,0.0,457755.46818398836,3.0526190005608558,0.0,False,True
2009-03-20,784.0399780273438,43.68000030517578,43.150001525878906,0.0020282905277612144,457758.13914098893,0.0,457758.13914098893,2.6709570005813363,0.0,False,True
2009-03-23,768.5399780273438,45.88999938964844,46.279998779296875,0.0021297319830542957,457765.7704360863,0.0,457765.7704360863,7.63129509736771,0.0,False,False
2009-03-24,822.9199829101562,43.22999954223633,42.33000183105469,0.002231176003955833,457768.4414531995,0.0,457768.4414531995,2.671017113183534,0.0,False,True
2009-03-25,806.1199951171875,42.93000030517578,43.63999938964844,0.0021297319830542957,457771.2397137026,0.0,457771.2397137026,2.7982605030789927,0.0,False,False
2009-03-26,813.8800048828125,42.25,41.900001525878906,0.0019268516379477108,457773.9107627284,0.0,457773.9107627284,2.6710490258669486,0.0,False,True
2009-03-27,832.8599853515625,40.36000061035156,40.68000030517578,0.0015211217308890748,457776.3273784489,0.0,457776.3273784489,2.416615720487408,0.0,False,False
2009-03-30,815.9400024414062,41.040000915527344,42.09000015258789,0.001318272166861259,457782.05070342746,0.0,457782.05070342746,5.723324978525848,0.0,False,False
2009-03-31,787.530029296875,45.540000915527344,44.9900016784668,0.0018254153134831337,457783.70407993626,0.0,457783.70407993626,1.6533765088107275,0.0,False,True
2009-04-01,797.8699951171875,44.13999938964844,44.59000015258789,0.0021297319830542957,457878.9619778124,-262.96845274383884,457615.99352506857,2.2894451323224017,0.0,True,False
2009-04-02,811.0800170898438,42.279998779296875,43.029998779296875,0.002231176003955833,457881.6336553868,-256.67639878575017,457624.9572566011,2.671677574416208,0.0,True,False
2009-04-03,834.3800048828125,42.040000915527344,42.2400016784668,0.002231176003955833,457884.43260781455,-301.136825262878,457583.2957825517,2.798952427729001,0.0,True,False
2009-04-06,842.5,39.70000076293945,41.06999969482422,0.0021297319830542957,457892.8295677554,-273.33364678607904,457619.4959209693,8.396959940842414,0.0,True,False
2009-04-07,835.47998046875,40.93000030517578,41.16999816894531,0.0020282905277612144,457895.5013262458,-256.1891060459799,457639.3122201998,2.671758490405232,0.0,True,False
2009-04-08,815.5499877929688,40.38999938964844,41.66999816894531,0.0020282905277612144,457898.045840461,-199.26556204231886,457698.7802784187,2.5445142152045217,0.0,True,False
2009-04-09,825.1599731445312,38.849998474121094,40.20000076293945,0.0018254153134831337,457900.590368816,-192.58670853489363,457708.0036602811,2.5445283550084126,0.0,True,False
2009-04-13,856.5599975585938,36.529998779296875,38.529998779296875,0.0018254153134831337,457909.7505563256,-216.11569167755204,457693.63486464805,9.160187509623183,0.0,True,False
2009-04-14,858.72998046875,37.810001373291016,38.54999923706055,0.0018254153134831337,457912.0406318353,-230.59518393344752,457681.44544790185,2.2900755097020333,0.0,True,False
2009-04-15,841.5,37.66999816894531,38.689998626708984,0.001723981554238624,457914.330718798,-171.16555745109096,457743.1651613469,2.2900869627139726,0.0,True,False
2009-04-16,852.0599975585938,36.16999816894531,37.970001220703125,0.0015211217308890748,457916.4935618772,-173.19609123008004,457743.29747064714,2.1628430792470894,0.0,True,False
2009-04-17,865.2999877929688,35.790000915527344,36.959999084472656,0.001318272166861259,457918.4019130572,-201.0453057599687,457717.3566072972,1.908351179966382,0.0,True,False
2009-04-20,869.5999755859375,33.939998626708984,36.59000015258789,0.0014196956665245841,457923.36353788717,-162.7089984721279,457760.65453941503,4.961624829948408,0.0,True,False
2009-04-21,832.3900146484375,39.18000030517578,39.40999984741211,0.0014196956665245841,457925.14466961083,-129.10796840771977,457796.0367012031,1.781131723684221,0.0,True,False
2009-04-22,850.0800170898438,37.13999938964844,37.779998779296875,0.0015211217308890748,457926.9258082624,-136.9203055163178,457790.00550274603,1.781138651546981,0.0,True,False
2009-04-23,843.5499877929688,38.099998474121094,38.5,0.0014196956665245841,457928.83420291834,-126.75477879746705,457802.0794241209,1.9083946559930782,0.0,True,False
2009-04-24,851.9199829101562,37.150001525878906,37.97999954223633,0.0010140170547777556,457793.9842257905,0.0,457793.9842257905,1.7811530022994055,-43.66267738631005,False,False
2009-04-27,866.22998046875,36.81999969482422,37.810001373291016,0.0010140170547777556,457797.7996738073,0.0,457797.7996738073,3.8154480167988853,0.0,False,False
2009-04-28,857.510009765625,38.31999969482422,38.630001068115234,0.001318272166861259,457799.07149687945,0.0,457799.07149687945,1.271823072178566,0.0,False,False
2009-04-29,855.1599731445312,37.95000076293945,38.400001525878906,0.001318272166861259,457800.72493486246,0.0,457800.72493486246,1.6534379829991794,0.0,False,False
2009-04-30,873.6400146484375,36.08000183105469,36.4900016784668,0.001115432861117531,457802.3783788172,0.0,457802.3783788172,1.6534439547394775,0.0,False,False
2009-05-01,872.8099975585938,36.5,36.72999954223633,0.0014196956665245841,457803.77741606924,0.0,457803.77741606924,1.3990372520908683,0.0,False,False
2009-05-04,877.52001953125,35.29999923706055,35.84000015258789,0.0015211217308890748,457809.11943659745,0.0,457809.11943659745,5.342020528242539,0.0,False,False
2009-05-05,907.239990234375,34.529998779296875,34.79999923706055,0.0019268516379477108,457853.0244237788,-211.99708347937428,457641.02734029945,1.9079037020057572,0.0,True,False
2009-05-06,903.7999877929688,33.36000061035156,34.18000030517578,0.0019268516379477108,457855.44145714503,-190.48601556606528,457664.955441579,2.417033366212743,0.0,True,False
2009-05-07,919.530029296875,32.45000076293945,33.36000061035156,0.0019268516379477108,457857.8585032709,-193.0716771123346,457664.7868261586,2.4170461258757387,0.0,True,False
2009-05-08,907.3900146484376,33.439998626708984,34.040000915527344,0.0018254153134831337,457860.2755621565,-183.08397272139302,457677.1915894351,2.4170588856060937,0.0,True,False
2009-05-11,929.22998046875,32.04999923706055,32.81999969482422,0.0018254153134831337,457867.1450807453,-179.0697284111171,457688.0753523342,6.8695185887343895,0.0,True,False
2009-05-12,909.239990234375,32.869998931884766,33.38999938964844,0.0019268516379477108,457869.4349431786,-157.26991768491516,457712.1650254937,2.2898624333128823,0.0,True,False
2009-05-13,908.3499755859376,31.799999237060547,32.77000045776367,0.0019268516379477108,457871.8520631769,-142.92698315692107,457728.92508002,2.417119998321368,0.0,True,False
2009-05-14,883.9199829101562,33.650001525878906,33.83000183105469,0.001723981554238624,457874.26919593534,-145.1461543346879,457729.12304160063,2.4171327584416997,0.0,True,False
2009-05-15,893.0700073242188,31.3700008392334,32.25,0.0016225503600835508,457876.43184979405,-127.1848457521304,457749.2470040419,2.162653858727759,0.0,True,False
2009-05-18,882.8800048828125,33.119998931884766,33.220001220703125,0.001723981554238624,457882.53814450564,-126.8194989882317,457755.7186455174,6.106294711567056,0.0,True,False
2009-05-19,909.7100219726562,30.239999771118164,31.229999542236328,0.0019268516379477108,457884.70083742065,-109.47810523786885,457775.22273218277,2.1626929150249485,0.0,True,False
2009-05-20,908.1300048828124,28.799999237060547,30.420000076293945,0.0018254153134831337,457887.1180380085,-100.38745673503036,457786.7305812735,2.4172005878856595,0.0,True,False
2009-05-21,903.469970703125,29.030000686645508,30.739999771118164,0.0018254153134831337,457889.40800032957,-98.73998920752338,457790.66801112203,2.2899623210751088,0.0,True,False
2009-05-22,888.3300170898438,31.350000381469727,32.38999938964844,0.0019268516379477108,457891.6979741031,-105.49222566014151,457786.20574844297,2.2899737735209746,0.0,True,False
2009-05-26,887.0,32.630001068115234,33.040000915527344,0.0018254153134831337,457901.36700077273,-99.37758597265534,457801.9894148001,9.66902666964164,0.0,True,False
2009-05-27,910.3300170898438,30.6200008392334,31.530000686645508,0.0018254153134831337,457903.65703435504,-90.35572594792211,457813.3013084071,2.290033582280238,0.0,True,False
2009-05-28,893.0599975585938,32.36000061035156,32.470001220703125,0.001723981554238624,457905.9470793901,-93.5416643963504,457812.40541499376,2.2900450350824917,0.0,True,False
2009-05-29,906.8300170898438,31.670000076293945,32.04999923706055,0.0015211217308890748,457808.9225085843,0.0,457808.9225085843,2.1628034812365975,-57.19029080768295,False,False
2009-06-01,919.1400146484376,28.920000076293945,30.43000030517578,0.0014196956665245841,457814.64624108176,0.0,457814.64624108176,5.7237324974632084,0.0,False,False
2009-06-02,942.8699951171876,30.040000915527344,30.600000381469727,0.001318272166861259,457844.0394218651,-197.61247192476176,457646.42694994033,1.7807088585463577,0.0,True,False
2009-06-03,944.739990234375,29.6299991607666,30.579999923706055,0.0014196956665245841,457845.6930222592,-191.18453178168863,457654.5084904775,1.6536003941524935,0.0,True,False
2009-06-04,931.760009765625,31.020000457763672,32.189998626708984,0.0014196956665245841,457847.47385187686,-194.77594430408155,457652.6979075728,1.7808296176324332,0.0,True,False
2009-06-05,942.4600219726562,30.18000030517578,31.579999923706055,0.0014196956665245841,457849.2546884212,-188.21430817107932,457661.04038025014,1.780836544320126,0.0,True,False
2009-06-08,940.0900268554688,29.6200008392334,31.600000381469727,0.0019268516379477108,457854.59723961464,-165.38386804145085,457689.2133715732,5.342551193419319,0.0,True,False
2009-06-09,939.1400146484376,29.770000457763672,31.770000457763672,0.0019268516379477108,457857.01428128383,-161.10388221558935,457695.91039906826,2.4170416692011503,0.0,True,False
2009-06-10,942.4299926757812,28.270000457763672,30.670000076293945,0.0019268516379477108,457859.4313357127,-143.7031917855765,457715.7281439272,2.4170544289079783,0.0,True,False
2009-06-11,939.1500244140624,28.459999084472656,30.61000061035156,0.0018254153134831337,457861.8484029014,-138.77589414673565,457723.0725087546,2.4170671886821653,0.0,True,False
2009-06-12,944.8900146484376,28.11000061035156,29.93000030517578,0.0019268516379477108,457864.1382388452,-132.68145147359712,457731.4567873716,2.2898359438306244,0.0,True,False
2009-06-15,946.2100219726562,28.149999618530273,29.5,0.0018254153134831337,457871.38955323544,-120.34558317990493,457751.0439700555,7.251314390204349,0.0,True,False
2009-06-16,923.719970703125,30.809999465942383,31.34000015258789,0.001723981554238624,457873.679436896,-131.88882932971728,457741.7906075663,2.289883660557966,0.0,True,False
2009-06-17,911.969970703125,32.68000030517578,32.790000915527344,0.001723981554238624,457875.8420879691,-142.68205004242486,457733.1600379267,2.162651073149385,0.0,True,False
2009-06-18,910.7100219726562,31.540000915527344,32.88999938964844,0.001723981554238624,457878.004749257,-131.77391731014953,457746.2308319468,2.162661287887367,0.0,True,False
2009-06-19,918.3699951171876,30.030000686645508,31.510000228881836,0.0018254153134831337,457880.1674207597,-117.32095055726617,457762.84647020244,2.162671502673595,0.0,True,False
2009-06-22,921.22998046875,27.989999771118164,30.63999938964844,0.0018254153134831337,457887.0372377964,-98.71938511269667,457788.3178526837,6.869817036753867,0.0,True,False
2009-06-23,893.0399780273438,31.170000076293945,33.0099983215332,0.0020282905277612144,457889.3271997134,-117.9981343703127,457771.3290653431,2.2899619169811,0.0,True,False
2009-06-24,895.0999755859375,30.579999923706055,32.41999816894531,0.0020282905277612144,457891.87167961913,-110.69849480353567,457781.1731848156,2.5444799057328567,0.0,True,False
2009-06-25,900.9400024414062,29.049999237060547,31.06999969482422,0.0019268516379477108,457894.4161736645,-99.81144975613898,457794.60472390836,2.544494045346091,0.0,True,False
2009-06-26,920.260009765625,26.36000061035156,29.40999984741211,0.0018254153134831337,457800.18816073175,0.0,457800.18816073175,2.417251875723924,-69.03279288373318,False,False
2009-06-29,918.9000244140624,25.93000030517578,29.280000686645508,0.0019268516379477108,457807.0567777976,0.0,457807.0567777976,6.868617065839595,0.0,False,False
2009-06-30,927.22998046875,25.350000381469727,28.200000762939453,0.0020282905277612144,457809.47356849787,0.0,457809.47356849787,2.416790700273727,0.0,False,False
2009-07-01,919.3200073242188,26.350000381469727,28.760000228881836,0.0019268516379477108,457812.0176046589,0.0,457812.0176046589,2.544036161037451,0.0,False,False
2009-07-02,923.3300170898438,26.219999313354492,28.959999084472656,0.001723981554238624,457814.4344215477,0.0,457814.4344215477,2.416816888773984,0.0,False,False
2009-07-06,896.4199829101562,27.950000762939453,30.530000686645508,0.001723981554238624,457823.0839678053,0.0,457823.0839678053,8.649546257645714,0.0,False,False
2009-07-07,898.719970703125,29.0,30.790000915527344,0.0019268516379477108,457951.477399244,-296.2310193404693,457655.2463799035,2.1624120981865524,0.0,True,False
2009-07-08,881.030029296875,30.850000381469727,32.09000015258789,0.0019268516379477108,457953.8949523493,-288.4670693262545,457665.42788302305,2.4175531053299006,0.0,True,False
2009-07-09,879.5599975585938,31.299999237060547,32.41999816894531,0.0018254153134831337,457956.312518217,-286.7372843720598,457669.575233845,2.4175658677366307,0.0,True,False
2009-07-10,882.6799926757812,29.780000686645508,31.670000076293945,0.0019268516379477108,457958.60282659007,-261.0630985671416,457697.53972802294,2.290308373074088,0.0,True,False
2009-07-13,879.1300048828125,29.020000457763672,31.709999084472656,0.0018254153134831337,457965.8556370407,-227.9197979543798,457737.9358390863,7.252810450645145,0.0,True,False
2009-07-14,901.0499877929688,26.309999465942383,30.100000381469727,0.0018254153134831337,457968.14599314035,-206.66584978382144,457761.48014335654,2.2903560996461425,0.0,True,False
2009-07-15,905.8400268554688,25.020000457763672,29.579999923706055,0.0018254153134831337,457970.4363606944,-188.91020062531567,457781.5261600691,2.290367554061354,0.0,True,False
2009-07-16,932.6799926757812,25.88999938964844,29.11000061035156,0.0018254153134831337,457972.7267397029,-268.58208716531806,457704.1446525376,2.2903790085338507,0.0,True,False
2009-07-17,940.739990234375,25.420000076293945,28.61000061035156,0.0019268516379477108,457975.017130166,-284.2016507417962,457690.8154794242,2.290390463063633,0.0,True,False
2009-07-20,940.3800048828124,24.34000015258789,28.649999618530273,0.001723981554238624,457982.27020057425,-227.6459201145111,457754.6242804597,7.2530704082740245,0.0,True,False
2009-07-21,951.1300048828124,24.399999618530273,27.59000015258789,0.0019268516379477108,457984.43336454855,-268.8786491249352,457715.5547154236,2.16316397428817,0.0,True,False
2009-07-22,954.5800170898438,23.8700008392334,27.440000534057617,0.0019268516379477108,457986.85109163035,-264.2422383435032,457722.60885328683,2.417727081832201,0.0,True,False
2009-07-23,954.0700073242188,23.469999313354492,27.219999313354492,0.0019268516379477108,457989.2688314755,-238.94655465093004,457750.3222768246,2.4177398451573633,0.0,True,False
2009-07-24,976.2899780273438,23.43000030517578,26.959999084472656,0.0019268516379477108,457991.68658408406,-383.19688549218176,457608.4896985919,2.417752608549904,0.0,True,False
2009-07-27,979.260009765625,23.09000015258789,26.3700008392334,0.0018254153134831337,457998.9399184908,-353.29276962096105,457645.6471488699,7.253334406785762,0.0,True,False
2009-07-28,982.1799926757812,24.280000686645508,26.989999771118164,0.0019268516379477108,458001.23044004996,-398.29062393719914,457602.93981611275,2.290521559111928,0.0,True,False
2009-07-29,979.6199951171876,25.010000228881836,27.959999084472656,0.0019268516379477108,458003.64825580455,-371.18374712795594,457632.4645086766,2.4178157545934935,0.0,True,False
2009-07-30,975.1500244140624,25.61000061035156,28.420000076293945,0.0019268516379477108,458006.0660843229,-329.22939497353553,457676.8366893494,2.4178285183867643,0.0,True,False
2009-07-31,986.75,25.399999618530273,28.190000534057617,0.0018254153134831337,457584.95164203324,0.0,457584.95164203324,2.4178412822474162,-297.30126423146703,False,False
2009-08-03,987.47998046875,25.920000076293945,28.399999618530273,0.0018254153134831337,457591.81702979235,0.0,457591.81702979235,6.865387759116363,0.0,False,False
2009-08-04,1002.6300048828124,25.559999465942383,27.709999084472656,0.0019268516379477108,457812.4190514,-388.31353613127277,457424.1055152687,2.2884854763342304,0.0,True,False
2009-08-05,1005.6500244140624,24.88999938964844,27.219999313354492,0.0018254153134831337,457814.835870408,-365.5110011159681,457449.32486929203,2.4168190080352234,0.0,True,False
2009-08-06,1002.719970703125,24.899999618530273,27.170000076293945,0.0018254153134831337,457817.1254712351,-344.3962319253035,457472.7292393098,2.2896008270872454,0.0,True,False
2009-08-07,997.0800170898438,25.670000076293945,27.979999542236328,0.001723981554238624,457819.4150835128,-344.19509280079507,457475.219990712,2.2896122777252255,0.0,True,False
2009-08-10,1010.47998046875,24.760000228881836,27.11000061035156,0.0018254153134831337,457825.90229846083,-314.32577750430426,457511.5765209565,6.487214948046679,0.0,True,False
2009-08-11,1007.0999755859376,24.989999771118164,27.059999465942383,0.0019268516379477108,457828.1919546328,-296.2108317038488,457531.98112292896,2.2896561719577857,0.0,True,False
2009-08-12,994.3499755859376,25.989999771118164,28.100000381469727,0.0018254153134831337,457830.60885690694,-287.4811936993484,457543.1276632076,2.4169022741301536,0.0,True,False
2009-08-13,1005.8099975585938,25.450000762939453,27.739999771118164,0.001723981554238624,457832.8985366171,-283.25900347145233,457549.63953314564,2.2896797101642106,0.0,True,False
2009-08-14,1012.72998046875,24.709999084472656,27.280000686645508,0.001723981554238624,457835.06099507195,-269.3122375207767,457565.7487575512,2.1624584548319037,0.0,True,False
2009-08-17,1004.0900268554688,24.270000457763672,27.11000061035156,0.0018254153134831337,457841.5484317196,-204.99032361049058,457636.5581081091,6.487436647668841,0.0,True,False
2009-08-18,979.72998046875,27.88999938964844,29.93000030517578,0.0018254153134831337,457843.8381661402,-253.46654655422728,457590.37161958596,2.289734420622624,0.0,True,False
2009-08-19,989.6699829101562,26.18000030517578,28.899999618530273,0.0018254153134831337,457846.1279120121,-209.6332486296297,457636.4946633825,2.289745871928725,0.0,True,False
2009-08-20,996.4600219726562,26.260000228881836,28.479999542236328,0.001723981554238624,457848.4176693354,-202.77073396857696,457645.6469353668,2.289757323292096,0.0,True,False
2009-08-21,1007.3699951171876,25.09000015258789,28.290000915527344,0.001723981554238624,457850.58020109095,-178.09038535329276,457672.48981573764,2.162531755548968,0.0,True,False
2009-08-24,1026.1300048828125,25.010000228881836,27.770000457763672,0.001723981554238624,457857.06785764283,-175.7064673173427,457681.3613903255,6.487656551897345,0.0,True,False
2009-08-25,1025.5699462890625,25.13999938964844,28.15999984741211,0.001723981554238624,457859.23043025535,-160.83219690162446,457698.39823335374,2.162572612536094,0.0,True,False
2009-08-26,1028.0,24.920000076293945,28.15999984741211,0.001723981554238624,457861.39301308227,-147.2037226958352,457714.18929038645,2.1625828269034866,0.0,True,False
2009-08-27,1028.1199951171875,24.950000762939453,28.36000061035156,0.0015211217308890748,457863.5556061236,-133.26375506276477,457730.2918510608,2.1625930413191243,0.0,True,False
2009-08-28,1030.97998046875,24.68000030517578,28.40999984741211,0.0015211217308890748,457735.89323644014,0.0,457735.89323644014,1.9081305628631593,88.74303588494702,False,False
2009-08-31,1028.9300537109375,24.760000228881836,28.5,0.0015211217308890748,457741.6160558929,0.0,457741.6160558929,5.72281945274589,0.0,False,False
2009-09-01,1020.6199951171876,26.010000228881836,29.170000076293945,0.0015211217308890748,457990.4220465394,-416.89836826245454,457573.5236782769,1.9076223839968398,0.0,True,False
2009-09-02,998.0399780273438,29.149999618530273,30.8799991607666,0.0014196956665245841,457992.3307058138,-429.76392846268425,457562.5667773511,1.9086592743742525,0.0,True,False
2009-09-03,994.75,28.899999618530273,31.040000915527344,0.0014196956665245841,457994.1121057911,-411.76473755663307,457582.3473682345,1.781399977327664,0.0,True,False
2009-09-04,1003.239990234375,27.100000381469727,29.600000381469727,0.0015211217308890748,457995.89351269737,-361.96750060099305,457633.92601209634,1.7814069062338191,0.0,True,False
2009-09-08,1016.4000244140624,25.260000228881836,28.479999542236328,0.0014196956665245841,458003.52828872995,-290.0976388121786,457713.43064991775,7.63477603260218,0.0,True,False
2009-09-09,1025.3900146484375,25.6200008392334,28.209999084472656,0.0014196956665245841,458005.30973226123,-302.89669010364787,457702.4130421576,1.781443531275221,0.0,True,False
2009-09-10,1033.3699951171875,24.31999969482422,27.290000915527344,0.0014196956665245841,458007.0911827216,-278.24604080106525,457728.84514192055,1.7814504603507828,0.0,True,False
2009-09-11,1044.1400146484375,23.549999237060547,26.510000228881836,0.0014196956665245841,458008.8726401111,-280.97941775273824,457727.8932223583,1.7814573894532961,0.0,True,False
2009-09-14,1042.72998046875,24.149999618530273,26.559999465942383,0.0014196956665245841,458014.2170538544,-247.69159245948228,457766.52546139486,5.344413743307867,0.0,True,False
2009-09-15,1049.3399658203125,23.86000061035156,26.40999984741211,0.0014196956665245841,458015.9985389605,-252.12041001568534,457763.87812894484,1.7814851061328631,0.0,True,False
2009-09-16,1052.6300048828125,23.420000076293945,26.329999923706055,0.001318272166861259,458017.7800309959,-239.22556009820352,457778.5544708977,1.781492035370134,0.0,True,False
2009-09-17,1068.760009765625,23.690000534057617,25.8700008392334,0.0010140170547777556,458019.4342588909,-323.76858085671137,457695.6656780342,1.6542278950370781,0.0,True,False
2009-09-18,1065.489990234375,23.649999618530273,25.940000534057617,0.0010140170547777556,458020.7066976934,-282.9417008990357,457737.76499679434,1.2724388024837419,0.0,True,False
2009-09-21,1068.300048828125,23.920000076293945,26.540000915527344,0.0008111931345149166,458024.52403531084,-251.8489482424159,457772.6750870684,3.8173376174393323,0.0,True,False
2009-09-22,1064.6600341796875,24.059999465942383,26.229999542236328,0.001115432861117531,458025.5419716457,-221.9708423954187,457803.5711292503,1.0179363348629262,0.0,True,False
2009-09-23,1071.6600341796875,23.079999923706055,25.690000534057617,0.001115432861117531,458026.94169088244,-211.33667896997528,457815.60501191247,1.3997192367078624,0.0,True,False
2009-09-24,1060.8699951171875,23.489999771118164,26.09000015258789,0.001115432861117531,458028.34141439665,-155.74811115134602,457872.5933032453,1.3997235142290092,0.0,True,False
2009-09-25,1050.780029296875,24.950000762939453,27.1299991607666,0.0010140170547777556,457877.2686641429,0.0,457877.2686641429,1.399727791763228,94.42589021690918,False,False
2009-09-28,1044.3800048828125,25.61000061035156,27.209999084472656,0.0010140170547777556,457881.0848062873,0.0,457881.0848062873,3.8161421444110672,0.0,False,False
2009-09-29,1062.97998046875,24.8799991607666,26.270000457763672,0.001115432861117531,457882.3568607366,0.0,457882.3568607366,1.2720544493348847,0.0,False,False
2009-09-30,1060.6099853515625,25.190000534057617,26.479999542236328,0.001318272166861259,457883.7561424018,0.0,457883.7561424018,1.399281665140812,0.0,False,False
2009-10-01,1057.0799560546875,25.61000061035156,26.65999984741211,0.0014196956665245841,457885.40988624125,0.0,457885.40988624125,1.6537438394724693,0.0,False,False
2009-10-02,1029.8499755859375,28.270000457763672,28.329999923706055,0.0010140170547777556,457887.190870341,0.0,457887.190870341,1.7809840997402189,0.0,False,False
2009-10-05,1025.2099609375,28.68000030517578,28.799999237060547,0.0010140170547777556,457891.0070951812,0.0,457891.0070951812,3.816224840259561,0.0,False,False
2009-10-06,1040.4599609375,26.84000015258789,27.61000061035156,0.0008111931345149166,458087.1046215304,-364.82544433443877,457722.279177196,1.2720820147708765,0.0,True,False
2009-10-07,1054.719970703125,25.700000762939453,26.729999542236328,0.0008111931345149166,458088.1226969474,-366.18543008677193,457721.9372668606,1.0180754170500734,0.0,True,False
2009-10-08,1057.5799560546875,24.68000030517578,26.1200008392334,0.0009126038126204015,458089.1407746271,-337.32364939253216,457751.8171252346,1.018077679671187,0.0,True,False
2009-10-09,1065.47998046875,24.18000030517578,25.739999771118164,0.0006083794699427381,458090.2861291998,-342.8466162454828,457747.4395129543,1.145354572671894,0.0,True,False
2009-10-12,1071.489990234375,23.1200008392334,25.079999923706055,0.0007097850203325396,458092.57676006755,-302.8162104335659,457789.760549634,2.2906308677819323,0.0,True,False
2009-10-13,1076.18994140625,23.010000228881836,25.170000076293945,0.0007097850203325396,458093.4675753142,-311.4607085100022,457782.0068668042,0.890815246691443,0.0,True,False
2009-10-14,1073.18994140625,22.989999771118164,25.09000015258789,0.0007097850203325396,458094.3583922932,-282.86280006386335,457811.49559222936,0.8908169789871491,0.0,True,False
2009-10-15,1092.02001953125,22.86000061035156,24.579999923706055,0.0007097850203325396,458095.2492110045,-368.68554889179165,457726.56366211275,0.8908187112862239,0.0,True,False
2009-10-16,1096.56005859375,21.719999313354492,24.219999313354492,0.0007097850203325396,458096.1400314481,-350.6715286618717,457745.46850278624,0.8908204435886674,0.0,True,False
2009-10-19,1087.6800537109375,21.43000030517578,24.399999618530273,0.0007097850203325396,458098.81250317284,-242.89454421667526,457855.91795895615,2.67247172474979,0.0,True,False
2009-10-20,1097.9100341796875,21.489999771118164,24.149999618530273,0.0008111931345149166,458099.7033305457,-289.68390590243047,457810.01942464325,0.8908273728321282,0.0,True,False
2009-10-21,1091.06005859375,20.899999618530273,23.719999313354492,0.0008111931345149166,458100.72143396275,-215.9016233943059,457884.8198105685,1.0181034170435368,0.0,True,False
2009-10-22,1081.4000244140625,22.219999313354492,24.549999237060547,0.0007097850203325396,458101.73953964247,-195.19639086739772,457906.54314877506,1.018105679726879,0.0,True,False
2009-10-23,1092.9100341796875,20.690000534057617,23.350000381469727,0.0006083794699427381,458102.63037270727,-191.9468069008059,457910.6835658065,0.8908330648010598,0.0,True,False
2009-10-26,1079.5999755859375,22.270000457763672,24.309999465942383,0.0007097850203325396,458104.9210653011,-145.66396416832418,457959.25710113277,2.290692593834795,0.0,True,False
2009-10-27,1066.949951171875,24.309999465942383,25.3700008392334,0.0008111931345149166,458105.81190455274,-145.83473836130835,457959.97716619144,0.8908392516543473,0.0,True,False
2009-10-28,1063.4100341796875,24.829999923706055,25.459999084472656,0.0008111931345149166,458106.83002154576,-140.79268715473242,457966.03733439103,1.0181169930402567,0.0,True,False
2009-10-29,1042.6300048828125,27.90999984741211,27.420000076293945,0.0007097850203325396,458107.84814080154,-155.24654309470478,457952.60159770685,1.0181192557537708,0.0,True,True
2009-10-30,1066.1099853515625,24.760000228881836,25.65999984741211,0.0006083794699427381,457973.2121764413,0.0,457973.2121764413,0.890844943699179,59.29863503045931,False,False
2009-11-02,1036.18994140625,30.690000534057617,29.06999969482422,0.000506976483216771,457975.50222189346,0.0,457975.50222189346,2.290045452159462,0.0,False,True
2009-11-03,1042.8800048828125,29.780000686645508,28.81999969482422,0.0006083794699427381,457976.13833962154,0.0,457976.13833962154,0.6361177280917731,0.0,False,True
2009-11-04,1045.4100341796875,28.809999465942383,28.8700008392334,0.0006083794699427381,458176.9245702597,-370.02287854920183,457806.9016917105,0.7633520889805295,0.0,True,False
2009-11-05,1046.5,27.719999313354492,28.18000030517578,0.000506976483216771,458177.68825701805,-334.6112074132523,457843.0770496048,0.7636867583568683,0.0,True,False
2009-11-06,1066.6300048828125,25.43000030517578,26.61000061035156,0.00040557606002412504,458178.324655578,-329.3339184182503,457848.99073715974,0.6363985599718439,0.0,True,False
2009-11-09,1069.300048828125,24.190000534057617,25.8799991607666,0.0006083794699427381,458179.8519964227,-273.4518860260489,457906.4001103966,1.527340844663235,0.0,True,False
2009-11-10,1093.0799560546875,23.149999618530273,24.40999984741211,0.0007097850203325396,458180.61568806047,-338.8524310992575,457841.7632569612,0.763691637774571,0.0,True,False
2009-11-11,1093.010009765625,22.84000015258789,24.709999084472656,0.0007097850203325396,458181.50667450926,-321.4701433234093,457860.03653118585,0.8909864488093929,0.0,True,False
2009-11-12,1098.510009765625,23.040000915527344,24.969999313354492,0.0007097850203325396,458182.3976626907,-350.35778744175934,457832.039875249,0.8909881814380218,0.0,True,False
2009-11-13,1087.239990234375,24.239999771118164,26.06999969482422,0.0007097850203325396,458183.2886526048,-308.43176992238836,457874.8568826824,0.89098991407002,0.0,True,False
2009-11-16,1093.47998046875,23.36000061035156,25.600000381469727,0.0006083794699427381,458185.96163274295,-275.0400705013948,457910.92156224156,2.6729801381712086,0.0,True,False
2009-11-17,1109.300048828125,22.88999938964844,25.149999618530273,0.0007097850203325396,458186.7253345642,-347.78934997291583,457838.9359845913,0.7637018212825261,0.0,True,False
2009-11-18,1110.3199462890625,22.40999984741211,25.040000915527344,0.0006083794699427381,458187.61633289396,-322.230737574147,457865.3855953198,0.8909983297403085,0.0,True,False
2009-11-19,1109.800048828125,21.6299991607666,24.719999313354492,0.00040557606002412504,458188.3800374733,-274.5261472887974,457913.8538901845,0.7637045793275663,0.0,True,False
2009-11-20,1094.9000244140625,22.6299991607666,25.11000061035156,0.00020278290372213926,458188.8891616956,-205.19402048125502,457983.69514121435,0.5091242223513444,0.0,True,False
2009-11-23,1091.3800048828125,22.190000534057617,24.65999984741211,0.00020278290372213926,458189.6528297846,-145.5628933254721,458044.08993645915,0.7636680890233052,0.0,True,False
2009-11-24,1106.239990234375,21.15999984741211,24.11000061035156,0.000506976483216771,458189.9073860971,-162.38174655941194,458027.5256395377,0.25455631249507876,0.0,True,False
2009-11-25,1105.6500244140625,20.469999313354492,23.739999771118164,0.000506976483216771,458190.5438016292,-130.5898831732369,458059.953918456,0.636415532068804,0.0,True,False
2009-11-27,1110.6300048828125,20.479999542236328,23.65999984741211,0.000506976483216771,458058.84719168657,0.0,458058.84719168657,1.272833716079381,67.05343489048245,False,False
2009-11-30,1091.489990234375,24.739999771118164,26.149999618530273,0.00030417820023607886,458060.755894815,0.0,458060.755894815,1.9087031284328202,0.0,False,False
2009-12-01,1095.6300048828125,24.510000228881836,26.239999771118164,0.0006083794699427381,458284.2062139401,-393.0685871952309,457891.13762674486,0.3817319298419172,0.0,True,False
2009-12-02,1108.8599853515625,21.920000076293945,24.940000534057617,0.0006083794699427381,458284.9700795149,-356.7202950515198,457928.2497844634,0.7638655748059295,0.0,True,False
2009-12-03,1109.239990234375,21.1200008392334,24.799999237060547,0.000506976483216771,458285.7339463629,-327.51161725830855,457958.2223291046,0.7638668480128358,0.0,True,False
2009-12-04,1099.9200439453125,22.459999084472656,25.510000228881836,0.0006083794699427381,458286.3704949959,-319.5345249269276,457966.835970069,0.6365486330174603,0.0,True,False
2009-12-07,1105.97998046875,21.25,24.760000228881836,0.0006083794699427381,458288.66210636235,-266.40540303378754,458022.2567033286,2.291611366418516,0.0,True,False
2009-12-08,1103.25,22.100000381469727,25.299999237060547,0.00040557606002412504,458289.4259793642,-268.8267189635684,458020.59926040063,0.7638730018627214,0.0,True,False
2009-12-09,1091.93994140625,23.690000534057617,26.1299991607666,0.00030417820023607886,458289.93521586555,-269.99898115451185,458019.936234711,0.5092365013589062,0.0,True,False
2009-12-10,1095.949951171875,22.65999984741211,25.799999237060547,0.00030417820023607886,458290.3171387855,-242.68681796034483,458047.63032082515,0.3819229199308489,0.0,True,False
2009-12-11,1102.3499755859375,22.31999969482422,25.34000015258789,0.00020278290372213926,458290.6990620237,-233.74888092280582,458056.9501811009,0.3819232382121498,0.0,True,False
2009-12-14,1106.4100341796875,21.59000015258789,25.1200008392334,0.00030417820023607886,458291.46289980033,-189.82681882394303,458101.6360809764,0.7638377766212945,0.0,True,False
2009-12-15,1114.1099853515625,21.149999618530273,24.559999465942383,0.00040557606002412504,458291.8448239934,-184.3771902525517,458107.46763374086,0.3819241930495981,0.0,True,False
2009-12-16,1107.9300537109375,21.489999771118164,24.729999542236328,0.000506976483216771,458292.3540631825,-167.1815453465345,458125.172517836,0.5092391891014253,0.0,True,False
2009-12-17,1109.1800537109375,20.540000915527344,24.25,0.00040557606002412504,458292.9906210107,-141.34606383210973,458151.6445571786,0.6365578282116368,0.0,True,False
2009-12-18,1096.0799560546875,22.510000228881836,24.780000686645508,0.00040557606002412504,458293.499861473,-152.60555681479062,458140.89430465817,0.5092404622742966,0.0,True,False
2009-12-21,1102.469970703125,21.68000030517578,24.520000457763672,0.000506976483216771,458295.02758625505,-119.36118345743519,458175.6664027976,1.5277247820666209,0.0,True,False
2009-12-22,1114.050048828125,20.489999771118164,23.530000686645508,0.0008111931345149166,458178.75086821674,0.0,458178.75086821674,0.6365615416753803,106.15530761521299,False,False
2009-12-23,1118.02001953125,19.540000915527344,22.760000228881836,0.0008111931345149166,458179.7691473129,0.0,458179.7691473129,1.0182790961972814,0.0,False,False
2009-12-24,1120.5899658203125,19.709999084472656,22.68000030517578,0.0007097850203325396,458180.7874286722,0.0,458180.7874286722,1.0182813592710616,0.0,False,False
2009-12-28,1126.47998046875,19.469999313354492,22.43000030517578,0.000506976483216771,458184.35138619924,0.0,458184.35138619924,3.563957527068978,0.0,False,False
2009-12-29,1127.780029296875,19.93000030517578,22.489999771118164,0.001115432861117531,458184.98779401416,0.0,458184.98779401416,0.6364078149092285,0.0,False,False
2009-12-30,1126.199951171875,20.010000228881836,22.6299991607666,0.0010140170547777556,458186.38800051494,0.0,458186.38800051494,1.4002065007670261,0.0,False,False
2009-12-31,1126.4200439453125,19.959999084472656,22.65999984741211,0.000506976483216771,458187.66090313706,0.0,458187.66090313706,1.2729026221454687,0.0,False,False
2010-01-04,1115.0999755859375,21.68000030517578,23.88999938964844,0.0006083794699427381,458190.206558088,0.0,458190.206558088,2.5456549509291677,0.0,False,False
2010-01-05,1132.989990234375,20.040000915527344,22.770000457763672,0.0008111931345149166,458419.374649345,-398.404382360292,458020.9702669847,0.7637088967005631,0.0,True,False
2010-01-06,1136.52001953125,19.350000381469727,22.38999938964844,0.0007097850203325396,458420.3934632154,-374.29972822735095,458046.093734988,1.0188138703785514,0.0,True,False
2010-01-07,1137.1400146484375,19.15999984741211,21.799999237060547,0.0006083794699427381,458421.2849159405,-346.7927195968261,458074.49219634366,0.8914527250792169,0.0,True,False
2010-01-08,1141.68994140625,19.059999465942383,21.600000381469727,0.000506976483216771,458422.04900999734,-343.77890833238524,458078.27010166494,0.7640940568266438,0.0,True,False
2010-01-11,1144.97998046875,18.1299991607666,21.0,0.000506976483216771,458423.9592265655,-284.287372903871,458139.6718536616,1.910216568138466,0.0,True,False
2010-01-12,1146.97998046875,17.549999237060547,21.270000457763672,0.00040557606002412504,458424.59596719034,-267.52392993953606,458157.0720372508,0.6367406248396883,0.0,True,False
2010-01-13,1136.219970703125,18.25,21.790000915527344,0.000506976483216771,458425.10535388824,-247.60585592265824,458177.49949796556,0.5093866979111007,0.0,True,False
2010-01-14,1145.6800537109375,17.850000381469727,21.290000915527344,0.0006083794699427381,458425.742096105,-243.45814158889806,458182.2839545161,0.6367422167849017,0.0,True,False
2010-01-15,1148.4599609375,17.6299991607666,20.709999084472656,0.000506976483216771,458426.506197591,-227.9113038350597,458198.594893756,0.7641014860298374,0.0,True,False
2010-01-19,1136.030029296875,17.90999984741211,21.479999542236328,0.0006083794699427381,458429.0531795478,-168.099377046691,458260.9538025011,2.5469819567789855,0.0,True,False
2010-01-20,1150.22998046875,17.579999923706055,20.88999938964844,0.0006083794699427381,458429.8172865527,-169.0128531034602,458260.80443344923,0.7641070049253676,0.0,True,False
2010-01-21,1138.0400390625,18.68000030517578,21.399999618530273,0.000506976483216771,458430.58139483124,-164.75215450522563,458265.829240326,0.7641082785346882,0.0,True,False
2010-01-22,1116.47998046875,22.270000457763672,23.149999618530273,0.0006083794699427381,458431.2181446541,-227.13666072758843,458204.0814839265,0.6367498228832775,0.0,True,False
2010-01-25,1091.760009765625,27.309999465942383,26.290000915527344,0.0006083794699427381,458433.51048031554,-343.79113757825024,458089.7193427373,2.292335661404634,0.0,True,True
2010-01-26,1096.780029296875,25.40999984741211,25.190000534057617,0.0006083794699427381,458434.27459474985,-275.66095911628565,458158.61363563355,0.764114434329582,0.0,True,True
2010-01-27,1092.1700439453125,24.549999237060547,25.170000076293945,0.0007097850203325396,458435.0387104578,-250.68171412962954,458184.35699632816,0.7641157079512859,0.0,True,False
2010-01-28,1097.5,23.13999938964844,24.1299991607666,0.0008111931345149166,458435.9301916623,-202.19709876643205,458233.7330928958,0.8914812044962539,0.0,True,False
2010-01-29,1084.530029296875,23.729999542236328,24.670000076293945,0.0008111931345149166,458196.8643742764,0.0,458196.8643742764,1.0188506642338664,-11.680285689793806,False,False
2010-02-01,1073.8699951171875,24.6200008392334,25.3799991607666,0.0008111931345149166,458199.9193391234,0.0,458199.9193391234,3.0549648469677444,0.0,False,False
2010-02-02,1089.18994140625,22.59000015258789,23.63999938964844,0.0010140170547777556,458395.1807746355,-364.2431093700512,458030.93766526546,1.018326142053035,0.0,True,False
2010-02-03,1103.3199462890625,21.479999542236328,22.93000030517578,0.0010140170547777556,458396.4542573117,-369.76794585720285,458026.6863114545,1.2734826761947016,0.0,True,False
2010-02-04,1097.280029296875,21.600000381469727,23.0,0.0010140170547777556,458397.7277435258,-337.7012878938035,458060.026455632,1.2734862140986645,0.0,True,False
2010-02-05,1063.1099853515625,26.079999923706055,25.979999542236328,0.0009126038126204015,458399.00123327784,-388.42267340185924,458010.578559876,1.273489752012456,0.0,True,True
2010-02-08,1066.18994140625,26.11000061035156,26.0,0.0010140170547777556,458402.4396298135,-361.9561417899983,458040.48348802346,3.438396535616018,0.0,True,True
2010-02-09,1056.739990234375,26.510000228881836,26.43000030517578,0.0012168512317685082,458403.7131326557,-360.76807899190896,458042.9450536638,1.2735028422581898,0.0,True,True
2010-02-10,1070.52001953125,26.0,26.040000915527344,0.0012168512317685082,458405.24137937574,-343.17774627058697,458062.06363310514,1.5282467200052865,0.0,True,False
2010-02-11,1068.1300048828125,25.399999618530273,25.8700008392334,0.001115432861117531,458406.7696311907,-316.27731933158174,458090.4923118591,1.5282518149422828,0.0,True,False
2010-02-12,1078.469970703125,23.959999084472656,24.56999969482422,0.001115432861117531,458408.17051545344,-275.30050691828257,458132.87000853516,1.4008842627593203,0.0,True,False
2010-02-16,1075.510009765625,22.729999542236328,24.459999084472656,0.0010140170547777556,458413.77409531537,-207.05851409182162,458206.71558122354,5.603579861938673,0.0,True,False
2010-02-17,1094.8699951171875,22.25,23.56999969482422,0.0010140170547777556,458415.04762964626,-203.61107059862985,458211.4365590476,1.273534330908302,0.0,True,False
2010-02-18,1099.510009765625,21.719999313354492,23.290000915527344,0.0010140170547777556,458416.32116751524,-188.80496455543138,458227.5162029598,1.2735378689557684,0.0,True,False
2010-02-19,1106.75,20.6299991607666,22.780000686645508,0.0010140170547777556,458417.59470892226,-167.50288627820774,458250.09182264406,1.2735414070130642,0.0,True,False
2010-02-22,1109.1700439453125,20.020000457763672,22.309999465942383,0.001115432861117531,458421.41535437165,-130.04985712457355,458291.3654972471,3.8206454494063586,0.0,True,False
2010-02-23,1108.010009765625,19.940000534057617,21.729999542236328,0.001115432861117531,458422.8162833915,-121.79400781668718,458301.0222755748,1.4009290198713007,0.0,True,False
2010-02-24,1094.5999755859375,21.3700008392334,22.6200008392334,0.0012168512317685082,458424.2172166926,-123.81873827732008,458300.39847841527,1.4009333010895269,0.0,True,False
2010-02-25,1105.239990234375,20.270000457763672,22.079999923706055,0.0012168512317685082,458425.74553177,-108.74420596019452,458317.0013258098,1.5283150774340732,0.0,True,False
2010-02-26,1102.93994140625,20.100000381469727,22.06999969482422,0.001318272166861259,458317.7054425449,0.0,458317.7054425449,1.5283201725989624,84.67469997233674,False,False
2010-03-01,1104.489990234375,19.5,21.649999618530273,0.001318272166861259,458322.67139389744,0.0,458322.67139389744,4.965951352530412,0.0,False,False
2010-03-02,1115.7099609375,19.260000228881836,21.440000534057617,0.001318272166861259,458541.73479248385,-387.4080695118937,458154.326722972,1.65532907455337,0.0,True,False
2010-03-03,1118.31005859375,19.059999465942383,21.18000030517578,0.0014196956665245841,458543.39091275213,-374.0787841490291,458169.3121286031,1.6561202682592098,0.0,True,False
2010-03-04,1118.7900390625,18.829999923706055,20.969999313354492,0.0014196956665245841,458545.17445612483,-353.6823203713733,458191.49213575345,1.7835433726955152,0.0,True,False
2010-03-05,1122.969970703125,18.719999313354492,21.030000686645508,0.0014196956665245841,458546.9580064348,-355.64444547645337,458191.3135609583,1.7835503099385883,0.0,True,False
2010-03-08,1138.699951171875,17.420000076293945,20.229999542236328,0.0015211217308890748,458552.3086989884,-342.6671345014188,458209.64156448696,5.3506925536074945,0.0,True,False
2010-03-09,1138.5,17.790000915527344,20.260000228881836,0.0016225503600835508,458554.219699906,-337.96767414920083,458216.2520257568,1.911000917602405,0.0,True,False
2010-03-10,1140.449951171875,17.920000076293945,20.15999984741211,0.0016225503600835508,458556.2581354348,-337.3176091181182,458218.9405263167,2.03843552879942,0.0,True,False
2010-03-11,1145.6099853515625,18.56999969482422,20.510000228881836,0.0015211217308890748,458558.29658002517,-383.2121389999162,458175.0844410253,2.0384445903655917,0.0,True,False
2010-03-12,1150.239990234375,18.059999465942383,20.700000762939453,0.0016225503600835508,458560.20760589704,-385.91194203323437,458174.2956638638,1.9110258718899282,0.0,True,False
2010-03-15,1149.989990234375,17.579999923706055,20.270000457763672,0.0015211217308890748,458566.32301952364,-308.175686864494,458258.14733265917,6.115413626612588,0.0,True,False
2010-03-16,1150.510009765625,18.0,20.719999313354492,0.001723981554238624,458568.2340788454,-312.41323057507725,458255.8208482703,1.9110593217994711,0.0,True,False
2010-03-17,1159.4599609375,17.690000534057617,20.15999984741211,0.0016225503600835508,458570.4000104726,-352.28444121806416,458218.1155692545,2.165931627173849,0.0,True,False
2010-03-18,1166.2099609375,16.90999984741211,19.719999313354492,0.0015211217308890748,458572.4385179286,-359.4521456700437,458212.9863722586,2.0385074559969225,0.0,True,False
2010-03-19,1165.8299560546875,16.6200008392334,19.479999542236328,0.0016225503600835508,458574.34960273653,-319.66783694620835,458254.68176579033,1.911084807927971,0.0,True,False
2010-03-22,1159.9000244140625,16.969999313354492,19.950000762939453,0.0016225503600835508,458580.46520496253,-219.11090984791252,458361.35429511464,6.115602225969325,0.0,True,False
2010-03-23,1165.81005859375,16.8700008392334,20.11000061035156,0.0015211217308890748,458582.50375716184,-233.42013120243487,458349.0836259594,2.038552199342793,0.0,True,False
2010-03-24,1174.1700439453125,16.350000381469727,19.68000030517578,0.0014196956665245841,458584.4148839163,-258.92269532849826,458325.49218858784,1.9111267544650308,0.0,True,False
2010-03-25,1167.719970703125,17.549999237060547,20.079999923706055,0.0014196956665245841,458586.19858685526,-244.52867805777015,458341.6699087975,1.783702938907441,0.0,True,False
2010-03-26,1165.72998046875,18.399999618530273,20.579999923706055,0.0014196956665245841,458331.8761885233,0.0,458331.8761885233,1.7837098767711603,-38.69803869683757,False,False
2010-03-29,1166.5899658203125,17.770000457763672,20.059999465942383,0.0014196956665245841,458337.2243713303,0.0,458337.2243713303,5.348182806979758,0.0,False,False
2010-03-30,1173.219970703125,17.59000015258789,19.850000381469727,0.0015211217308890748,458339.0071128007,0.0,458339.0071128007,1.782741470463553,0.0,False,False
2010-03-31,1173.27001953125,17.1299991607666,19.540000915527344,0.0016225503600835508,458340.9172247913,0.0,458340.9172247913,1.9101119906049873,0.0,False,False
2010-04-01,1169.4300537109375,17.59000015258789,19.920000076293945,0.0016225503600835508,458342.9547121152,0.0,458342.9547121152,2.0374873239307805,0.0,False,False
2010-04-05,1178.0999755859375,17.469999313354492,19.899999618530273,0.0016225503600835508,458351.104751985,0.0,458351.104751985,8.150039869751586,0.0,False,False
2010-04-06,1187.43994140625,17.020000457763672,19.350000381469727,0.0018254153134831337,458573.7867851068,-390.64450051071475,458183.1422845961,2.0375326110887437,0.0,True,False
2010-04-07,1189.43994140625,16.229999542236328,18.84000015258789,0.001723981554238624,458576.0801815615,-353.1071330466086,458222.9730485149,2.293396454720652,0.0,True,False
2010-04-08,1182.449951171875,16.6200008392334,19.190000534057617,0.001723981554238624,458578.2461502478,-337.37299267164246,458240.8731575762,2.165968686265081,0.0,True,False
2010-04-09,1186.43994140625,16.479999542236328,19.079999923706055,0.001723981554238624,458580.4121291645,-329.9007566630247,458250.5113725015,2.1659789166729735,0.0,True,False
2010-04-12,1194.3699951171875,16.139999389648438,18.6200008392334,0.0016225503600835508,458586.91012729745,-299.0711839016686,458287.83894339576,6.497998132960475,0.0,True,False
2010-04-13,1196.47998046875,15.579999923706056,18.959999084472656,0.0016225503600835508,458588.94870814675,-282.7215978450684,458306.22711030167,2.038580849299774,0.0,True,False
2010-04-14,1197.300048828125,16.200000762939453,18.989999771118164,0.0016225503600835508,458590.9872980583,-289.87102320394087,458301.11627485434,2.038589911511947,0.0,True,False
2010-04-15,1210.6500244140625,15.59000015258789,18.770000457763672,0.0016225503600835508,458593.02589703206,-318.0606948329344,458274.9652021991,2.038598973764404,0.0,True,False
2010-04-16,1211.6700439453125,15.890000343322754,18.899999618530273,0.0016225503600835508,458595.0645050681,-319.8445841580383,458275.2199209101,2.0386080360571466,0.0,True,False
2010-04-19,1192.1300048828125,18.36000061035156,20.229999542236328,0.0016225503600835508,458601.18038355047,-280.34158923562444,458320.8387943148,6.115878482377734,0.0,True,False
2010-04-20,1197.52001953125,17.34000015258789,19.790000915527344,0.0016225503600835508,458603.2190278361,-244.9549641263199,458358.26406370976,2.038644285630968,0.0,True,False
2010-04-21,1207.1700439453125,15.729999542236328,18.989999771118164,0.0016225503600835508,458605.2576811842,-205.8245560011211,458399.4331251831,2.0386533481251377,0.0,True,False
2010-04-22,1205.93994140625,16.31999969482422,19.299999237060547,0.0015211217308890748,458607.29634359485,-206.32378675820772,458400.9725568366,2.038662410659593,0.0,True,False
2010-04-23,1208.6700439453125,16.469999313354492,19.59000015258789,0.0016225503600835508,458609.20757367153,-205.3102408981796,458403.89733277337,1.9112300767131678,0.0,True,False
2010-04-26,1217.280029296875,16.6200008392334,19.38999938964844,0.0016225503600835508,458615.32364076754,-199.63267806178345,458415.69096270576,6.116067096027643,0.0,True,False
2010-04-27,1212.050048828125,17.469999313354492,19.86000061035156,0.0016225503600835508,458617.36234792497,-190.3172534222484,458427.04509450274,2.038707157406574,0.0,True,False
2010-04-28,1183.7099609375,22.809999465942383,22.719999313354492,0.0016225503600835508,458619.40106414515,-288.0296729623399,458331.3713911828,2.038716220180231,0.0,True,True
2010-04-29,1191.3599853515625,21.079999923706055,22.309999465942383,0.0016225503600835508,458621.43978942814,-214.26531276599894,458407.1744766621,2.038725282994175,0.0,True,False
2010-04-30,1206.780029296875,18.440000534057617,20.959999084472656,0.001723981554238624,458467.5318059723,0.0,458467.5318059723,2.038734345848406,64.6977827089846,False,False
2010-05-03,1186.68994140625,22.049999237060547,23.670000076293945,0.0016225503600835508,458474.0282046123,0.0,458474.0282046123,6.496398640025428,0.0,False,False
2010-05-04,1202.260009765625,20.190000534057617,22.579999923706055,0.001723981554238624,458705.0360192352,-398.9697355736314,458306.0662836616,2.038079049268556,0.0,True,False
2010-05-05,1173.5999755859375,23.84000015258789,25.06999969482422,0.0016225503600835508,458707.2025970119,-450.03325110842763,458257.1693459035,2.166577776704778,0.0,True,False
2010-05-06,1165.8699951171875,24.90999984741211,26.3700008392334,0.0015211217308890748,458709.2417126038,-477.1162834374667,458232.1254291663,2.0391155918309267,0.0,True,False
2010-05-07,1128.1500244140625,32.79999923706055,26.3700008392334,0.001115432861117531,458711.1533675343,-652.0872468752176,458059.06612065906,1.9116549305194306,0.0,True,True
2010-05-10,1110.8800048828125,40.95000076293945,36.619998931884766,0.001318272166861259,458715.3588237508,-926.6101787883176,457788.7486449625,4.2054562165533325,0.0,True,True
2010-05-11,1159.72998046875,28.84000015258789,28.979999542236328,0.0016225503600835508,458717.0155710989,-537.4156212552807,458179.5999498436,1.6567473480982309,0.0,True,False
2010-05-12,1155.7900390625,28.31999969482422,28.8700008392334,0.0016225503600835508,458719.05473031284,-511.470630708624,458207.5840996042,2.039159213967989,0.0,True,False
2010-05-13,1171.6700439453125,25.520000457763672,26.649999618530273,0.0016225503600835508,458721.0938985916,-410.91129932560716,458310.182599266,2.0391682787511964,0.0,True,False
2010-05-14,1157.43994140625,26.68000030517578,27.61000061035156,0.0016225503600835508,458723.1330759352,-436.15546696189426,458286.9776089733,2.0391773435747003,0.0,True,False
2010-05-17,1135.6800537109375,31.239999771118164,30.799999237060547,0.0016225503600835508,458729.2506623553,-559.019746581286,458170.230915774,6.117586420115093,0.0,True,True
2010-05-18,1136.93994140625,30.84000015258789,30.510000228881836,0.0016225503600835508,458731.2898759585,-533.6224998727583,458197.66737608577,2.039213603271682,0.0,True,True
2010-05-19,1120.800048828125,33.54999923706055,32.810001373291016,0.001723981554238624,458733.3290986268,-636.8934591143119,458096.4356395125,2.0392226682966696,0.0,True,True
2010-05-20,1115.050048828125,35.31999969482422,34.18000030517578,0.001723981554238624,458735.49581003876,-688.9464052238714,458046.5494048149,2.1667114119436155,0.0,True,True
2010-05-21,1071.5899658203125,45.790000915527344,40.83000183105469,0.001723981554238624,458737.6625316846,-1089.051194223654,457648.611337461,2.1667216458595857,0.0,True,True
2010-05-24,1087.68994140625,40.099998474121094,37.400001525878906,0.001723981554238624,458744.1627580262,-879.8496718152961,457864.3130862109,6.500226341568947,0.0,True,True
2010-05-25,1073.6500244140625,38.31999969482422,36.90999984741211,0.001723981554238624,458746.32952060824,-925.8583370814442,457820.4711835268,2.1667625820068417,0.0,True,True
2010-05-26,1074.030029296875,34.61000061035156,34.900001525878906,0.001723981554238624,458748.4962934244,-850.7742617133468,457897.7220317111,2.1667728161645003,0.0,True,False
2010-05-27,1067.949951171875,35.02000045776367,33.95000076293945,0.001723981554238624,458750.66307647474,-910.4604207461408,457840.2026557286,2.166783050370498,0.0,True,True
2010-05-28,1103.06005859375,29.68000030517578,30.63999938964844,0.001723981554238624,458220.39767593925,0.0,458220.39767593925,2.1667932846248337,-303.46245824648844,False,False
2010-06-01,1089.4100341796875,32.06999969482422,32.0,0.0016225503600835508,458229.0548921122,0.0,458229.0548921122,8.657216172973309,0.0,False,True
2010-06-02,1070.7099609375,35.540000915527344,34.02000045776367,0.0016225503600835508,458231.09188216855,0.0,458231.09188216855,2.0369900563373937,0.0,False,True
2010-06-03,1098.3800048828125,30.170000076293945,30.59000015258789,0.0016225503600835508,458364.3011315676,-301.17225028761993,458063.12888128,2.0369991114779293,0.0,True,False
2010-06-04,1102.8299560546875,29.459999084472656,30.239999771118164,0.0014196956665245841,458366.3387228413,-286.44801891969064,458079.8907039216,2.037591273658702,0.0,True,False
2010-06-07,1064.8800048828125,35.47999954223633,34.369998931884766,0.0014196956665245841,458371.6873077847,-332.99294450626275,458038.6943632784,5.34858494338593,0.0,True,True
2010-06-08,1050.469970703125,36.56999969482422,35.29999923706055,0.0012168512317685082,458373.47018330166,-342.43754090193397,458031.0326423997,1.782875516975039,0.0,True,True
2010-06-09,1062.0,33.70000076293945,33.650001525878906,0.0012168512317685082,458374.99832919636,-284.3812662660958,458090.61706293025,1.528145894713454,0.0,True,True
2010-06-10,1055.68994140625,33.72999954223633,33.79999923706055,0.0010140170547777556,458376.5264801857,-277.40885565150666,458099.1176245342,1.5281509893143144,0.0,True,False
2010-06-11,1086.8399658203125,30.56999969482422,31.469999313354492,0.0010140170547777556,458377.7999110378,-223.31783873044478,458154.4820723073,1.2734308520878723,0.0,True,False
2010-06-14,1091.5999755859375,28.790000915527344,30.950000762939453,0.0008111931345149166,458381.62022482057,-174.70882177955016,458206.91140304104,3.820313782787969,0.0,True,False
2010-06-15,1089.6300048828125,28.579999923706055,30.68000030517578,0.0007097850203325396,458382.6389547837,-163.07120070865787,458219.567754075,1.0187299630799058,0.0,True,False
2010-06-16,1115.22998046875,25.8700008392334,28.450000762939453,0.0009126038126204015,458383.53033409064,-137.63740507739038,458245.89292901324,0.8913793069680128,0.0,True,False
2010-06-17,1114.6099853515625,25.920000076293945,28.780000686645508,0.0010140170547777556,458384.67642472184,-130.40200235347535,458254.2744223684,1.146090631220473,0.0,True,False
2010-06-18,1116.0400390625,25.049999237060547,28.209999084472656,0.0009126038126204015,458385.94987821556,-116.0520808225922,458269.897797393,1.273453493715913,0.0,True,False
2010-06-21,1117.510009765625,23.950000762939453,27.959999084472656,0.001115432861117531,458389.3881768545,-94.12566829631366,458295.2625085582,3.4382986389497723,0.0,True,False
2010-06-22,1113.199951171875,24.8799991607666,27.540000915527344,0.0012168512317685082,458390.7890079998,-96.05972336238018,458294.72928463743,1.4008311452936621,0.0,True,False
2010-06-23,1095.31005859375,27.049999237060547,29.09000015258789,0.001318272166861259,458392.3172116328,-102.4899371760897,458289.8272744567,1.5282036329827593,0.0,True,False
2010-06-24,1092.0400390625,26.90999984741211,29.260000228881836,0.001318272166861259,458393.9727922479,-97.83490994492317,458296.137882303,1.655580615125578,0.0,True,False
2010-06-25,1073.68994140625,29.739999771118164,31.36000061035156,0.001318272166861259,458274.31154326873,0.0,458274.31154326873,1.6555865946044441,9.855414713869187,False,False
2010-06-28,1076.760009765625,28.530000686645508,30.700000762939453,0.001318272166861259,458279.2770244409,0.0,458279.2770244409,4.965481172150638,0.0,False,False
2010-06-29,1074.5699462890625,29.0,30.959999084472656,0.001723981554238624,458280.9321967875,0.0,458280.9321967875,1.6551723466280093,0.0,False,False
2010-06-30,1041.239990234375,34.130001068115234,34.380001068115234,0.0015211217308890748,458283.09677141655,0.0,458283.09677141655,2.164574629050885,0.0,False,False
2010-07-01,1030.7099609375,34.540000915527344,35.22999954223633,0.0018254153134831337,458285.00665040273,0.0,458285.00665040273,1.909878986187254,0.0,False,False
2010-07-02,1027.3699951171875,32.86000061035156,34.4900016784668,0.001723981554238624,458287.29860262456,0.0,458287.29860262456,2.291952221848627,0.0,False,False
2010-07-06,1022.5800170898438,30.1200008392334,33.290000915527344,0.001723981554238624,458538.7883946708,-412.8313119056105,458125.95708276524,8.658480140678423,0.0,True,False
2010-07-07,1028.06005859375,29.649999618530273,32.0099983215332,0.001723981554238624,458540.95418721874,-389.6367729297057,458151.31741428905,2.165792547896442,0.0,True,False
2010-07-08,1060.27001953125,26.84000015258789,29.719999313354492,0.0016225503600835508,458543.1199899962,-431.9459926905924,458111.1739973056,2.165802777472389,0.0,True,False
2010-07-09,1070.25,25.709999084472656,28.829999923706055,0.0015211217308890748,458545.15837618284,-440.63232842907735,458104.52604775375,2.0383861866669797,0.0,True,False
2010-07-12,1077.9599609375,24.979999542236328,28.170000076293945,0.0016225503600835508,458550.8913134314,-421.16662200389595,458129.7246914275,5.732937248515418,0.0,True,False
2010-07-13,1078.75,24.43000030517578,28.38999938964844,0.0016225503600835508,458552.9297341643,-401.04959525582115,458151.8801389085,2.038420732945512,0.0,True,False
2010-07-14,1095.3399658203125,24.559999465942383,28.31999969482422,0.0015211217308890748,458554.96816395875,-513.7063463819899,458041.2618175768,2.038429794445911,0.0,True,False
2010-07-15,1095.1700439453125,24.88999938964844,28.829999923706055,0.0015211217308890748,458556.87917595956,-508.1711473791638,458048.7080285804,1.911012000830866,0.0,True,False
2010-07-16,1096.47998046875,25.13999938964844,29.229999542236328,0.0015211217308890748,458558.79019592446,-511.112782791272,458047.6774131332,1.9110199649074127,0.0,True,False
2010-07-19,1064.8800048828125,26.25,30.600000381469727,0.0015211217308890748,458564.5233036041,-278.96610071783516,458285.55720288627,5.733107679640323,0.0,True,False
2010-07-20,1071.25,25.969999313354492,30.079999923706055,0.001723981554238624,458566.43435542565,-285.19030069997547,458281.2440547257,1.9110518215455012,0.0,True,False
2010-07-21,1083.47998046875,23.93000030517578,28.219999313354492,0.0016225503600835508,458568.6002785523,-277.42022753963636,458291.18005101266,2.1659231266332855,0.0,True,False
2010-07-22,1069.5899658203125,25.63999938964844,29.079999923706055,0.0016225503600835508,458570.6387780078,-234.33621210261526,458336.3025659052,2.0384994555526323,0.0,True,False
2010-07-23,1093.6700439453125,24.6299991607666,27.899999618530273,0.0016225503600835508,458572.6772865252,-331.58416615090783,458241.0931203743,2.0385085174029807,0.0,True,False
2010-07-26,1102.6600341796875,23.469999313354492,26.989999771118164,0.0016225503600835508,458578.792866449,-299.1135384344351,458279.67932801455,6.115579923760853,0.0,True,False
2010-07-27,1115.010009765625,22.729999542236328,26.440000534057617,0.0016225503600835508,458580.8314112142,-356.58226340814736,458224.249147806,2.0385447652072086,0.0,True,False
2010-07-28,1113.8399658203125,23.190000534057617,26.3700008392334,0.0015211217308890748,458582.86996504146,-344.4141166471725,458238.4558483943,2.0385538272589745,0.0,True,False
2010-07-29,1106.1300048828125,24.25,26.709999084472656,0.0015211217308890748,458584.7810933221,-299.970897146315,458284.81019617576,1.9111282806237277,0.0,True,False
2010-07-30,1101.530029296875,24.1299991607666,27.1200008392334,0.0015211217308890748,458347.85056555545,0.0,458347.85056555545,1.9111362451848666,3.989647893762278,False,False
2010-08-02,1101.5999755859375,23.5,27.13999938964844,0.0015211217308890748,458353.5810359732,0.0,458353.5810359732,5.7304704177653685,0.0,False,False
2010-08-03,1125.8599853515625,22.010000228881836,25.399999618530273,0.0016225503600835508,458454.033314804,-268.5421061039196,458185.4912087001,1.9101727269267272,0.0,True,False
2010-08-04,1120.4599609375,22.6299991607666,26.010000228881836,0.0016225503600835508,458456.07130496897,-267.4058309711671,458188.6654739978,2.0379901649185084,0.0,True,False
2010-08-05,1127.239990234375,22.209999084472656,25.959999084472656,0.0016225503600835508,458458.10930419347,-261.41206524648226,458196.697238947,2.0379992245048806,0.0,True,False
2010-08-06,1125.81005859375,22.100000381469727,26.15999984741211,0.0015211217308890748,458460.1473124776,-249.58577137540124,458210.5615411022,2.038008284131525,0.0,True,False
2010-08-09,1121.6400146484375,21.739999771118164,26.1200008392334,0.0015211217308890748,458465.87918687967,-209.1904304137045,458256.68875646597,5.73187440206562,0.0,True,False
2010-08-10,1127.7900390625,22.13999938964844,26.030000686645508,0.0015211217308890748,458467.78982760524,-210.1713274102493,458257.618500195,1.9106407255941773,0.0,True,False
2010-08-11,1121.06005859375,22.3700008392334,26.309999465942383,0.0015211217308890748,458469.7004762934,-199.34975903576816,458270.35071725765,1.910648688123447,0.0,True,False
2010-08-12,1089.469970703125,25.38999938964844,28.690000534057617,0.0015211217308890748,458471.61113294406,-244.41840348267903,458227.19272946136,1.9106566506859006,0.0,True,False
2010-08-13,1083.6099853515625,25.729999542236328,29.25,0.0016225503600835508,458473.52179755736,-247.20176975712693,458226.3200278002,1.910664613281538,0.0,True,False
2010-08-16,1079.25,26.239999771118164,29.969999313354492,0.0015211217308890748,458479.6360551317,-232.50371664680554,458247.13233848487,6.1142575743325125,0.0,True,False
2010-08-17,1079.3800048828125,26.100000381469727,29.799999237060547,0.0016225503600835508,458481.54675318854,-220.67498701436259,458260.87176617415,1.91069805686774,0.0,True,False
2010-08-18,1092.5400390625,24.329999923706055,28.56999969482422,0.001723981554238624,458483.5848656604,-174.63415567901993,458308.9507099814,2.0381124718735273,0.0,True,False
2010-08-19,1094.1600341796875,24.59000015258789,28.579999923706055,0.0016225503600835508,458485.75039746833,-167.77901616172377,458317.9713813066,2.165531807922476,0.0,True,False
2010-08-20,1075.6300048828125,26.440000534057617,29.6299991607666,0.0016225503600835508,458487.7885286269,-202.15032338406812,458285.6382052428,2.0381311585576363,0.0,True,False
2010-08-23,1071.68994140625,25.489999771118164,29.540000915527344,0.0015211217308890748,458493.9029764641,-166.3620588118614,458327.5409176522,6.114447837159821,0.0,True,False
2010-08-24,1067.3599853515625,25.65999984741211,29.290000915527344,0.0016225503600835508,458495.81373397785,-165.80599264352344,458330.0077413343,1.9107575137699089,0.0,True,False
2010-08-25,1051.8699951171875,27.459999084472656,30.309999465942383,0.0016225503600835508,458497.8519098715,-204.42840323811646,458293.4235066334,2.0381758936441274,0.0,True,False
2010-08-26,1055.3299560546875,26.700000762939453,29.850000381469727,0.0016225503600835508,458499.89009482553,-176.22166416454937,458323.66843066097,2.038184954056129,0.0,True,False
2010-08-27,1047.219970703125,27.3700008392334,30.3700008392334,0.0016225503600835508,458304.8282832933,0.0,458304.8282832933,2.038194014508407,-98.55789944283846,False,False
2010-08-30,1064.5899658203125,24.450000762939453,28.399999618530273,0.0015211217308890748,458310.9402911508,0.0,458310.9402911508,6.112007857504187,0.0,False,False
2010-08-31,1048.9200439453125,27.209999084472656,30.010000228881836,0.0014196956665245841,458551.21335573477,-408.363069560848,458142.8502861739,1.9099950230946081,0.0,True,False
2010-09-01,1049.3299560546875,26.049999237060547,29.040000915527344,0.0014196956665245841,458552.99692953355,-361.6420666579788,458191.3548628756,1.7835737987503149,0.0,True,False
2010-09-02,1080.2900390625,23.88999938964844,27.290000915527344,0.001318272166861259,458554.7805102697,-403.9807639982331,458150.79974627146,1.7835807361117328,0.0,True,False
2010-09-03,1090.0999755859375,23.190000534057617,26.6200008392334,0.0014196956665245841,458556.4366776553,-420.15103123570043,458136.2856464196,1.6561673856227992,0.0,True,False
2010-09-07,1104.510009765625,21.309999465942383,25.309999465942383,0.0014196956665245841,458563.57109574135,-390.93244631656347,458172.63864942477,7.134418086037586,0.0,True,False
2010-09-08,1091.8399658203125,23.799999237060547,26.770000457763672,0.0014196956665245841,458565.35471760656,-370.0255460693458,458195.3291715372,1.7836218652271785,0.0,True,False
2010-09-09,1098.8699951171875,23.25,26.299999237060547,0.0014196956665245841,458567.1383464093,-380.0510795572374,458187.0872668521,1.7836288027755547,0.0,True,False
2010-09-10,1104.1800537109375,22.809999465942383,26.100000381469727,0.0014196956665245841,458568.92198214965,-386.6464644615216,458182.27551768813,1.7836357403509153,0.0,True,False
2010-09-13,1109.550048828125,21.989999771118164,25.59000015258789,0.0014196956665245841,458574.2729309965,-344.57638115633307,458229.69654984016,5.350948846838216,0.0,True,False
2010-09-14,1121.9000244140625,21.209999084472656,24.75,0.0015211217308890748,458576.0565944874,-399.08755192962076,458176.96904255776,1.7836634909222016,0.0,True,False
2010-09-15,1121.0999755859375,21.559999465942383,24.739999771118164,0.0015211217308890748,458577.9676943735,-384.7893142803744,458193.17838009313,1.9110998861371364,0.0,True,False
2010-09-16,1125.0699462890625,22.100000381469727,24.93000030517578,0.0015211217308890748,458579.87880222406,-423.110169355392,458156.76863286865,1.911107850579942,0.0,True,False
2010-09-17,1124.6600341796875,21.719999313354492,24.959999084472656,0.0016225503600835508,458581.7899180391,-382.2037538258098,458199.5861642133,1.911115815055939,0.0,True,False
2010-09-20,1125.5899658203125,22.010000228881836,25.1200008392334,0.0016225503600835508,458587.90561949,-335.11297799500903,458252.792641495,6.115701450901696,0.0,True,False
2010-09-21,1142.7099609375,21.5,24.59000015258789,0.001723981554238624,458589.9442047646,-476.2979721688519,458113.6462325958,2.0385852746143103,0.0,True,False
2010-09-22,1139.780029296875,22.350000381469727,24.940000534057617,0.001723981554238624,458592.1102389341,-456.4361825981041,458135.674056336,2.166034169488959,0.0,True,False
2010-09-23,1134.280029296875,22.510000228881836,25.15999984741211,0.0016225503600835508,458594.2762833343,-371.9172291374363,458222.35905419686,2.166044400206145,0.0,True,False
2010-09-24,1124.8299560546875,23.8700008392334,26.15999984741211,0.0016225503600835508,458275.20482159464,0.0,458275.20482159464,2.0386135944660624,-82.74700577331025,False,False
2010-09-27,1148.6700439453125,21.709999084472656,24.75,0.0015211217308890748,458281.31643439014,0.0,458281.31643439014,6.111612795485428,0.0,False,False
2010-09-28,1142.1600341796875,22.540000915527344,25.200000762939453,0.0016225503600835508,458283.22630595684,0.0,458283.22630595684,1.9098715666941526,0.0,False,False
2010-09-29,1147.699951171875,22.600000381469727,25.34000015258789,0.0016225503600835508,458285.26353682426,0.0,458285.26353682426,2.037230867412469,0.0,False,False
2010-09-30,1144.72998046875,23.25,25.90999984741211,0.0016225503600835508,458287.30077674787,0.0,458287.30077674787,2.037239923623495,0.0,False,False
2010-10-01,1141.199951171875,23.700000762939453,26.399999618530273,0.0016225503600835508,458289.3380257277,0.0,458289.3380257277,2.037248979874779,0.0,False,False
2010-10-04,1146.239990234375,22.5,25.700000762939453,0.0016225503600835508,458295.4498270053,0.0,458295.4498270053,6.111801277581583,0.0,False,False
2010-10-05,1137.030029296875,23.530000686645508,26.31999969482422,0.001318272166861259,458530.5488296528,-403.06171744226333,458127.48711221054,2.0372852052824997,0.0,True,False
2010-10-06,1160.75,21.760000228881836,25.079999923706055,0.0012168512317685082,458532.2049095206,-425.49641513185776,458106.70849438873,1.6560798677932131,0.0,True,False
2010-10-07,1159.969970703125,21.489999771118164,24.90999984741211,0.001318272166861259,458533.7335846122,-397.7411388906634,458135.9924457215,1.5286750916151048,0.0,True,False
2010-10-08,1158.06005859375,21.559999465942383,24.88999938964844,0.001318272166861259,458535.3896759824,-375.16523930843306,458160.224436674,1.6560913702080153,0.0,True,False
2010-10-11,1165.1500244140625,20.709999084472656,24.059999465942383,0.0012168512317685082,458540.35798598116,-331.17684707899883,458209.18113890215,4.968309998728511,0.0,True,False
2010-10-12,1165.3199462890625,18.959999084472656,23.979999542236328,0.0012168512317685082,458541.88668825384,-274.61524995852955,458267.2714382953,1.528702272704616,0.0,True,False
2010-10-13,1169.77001953125,18.93000030517578,23.3700008392334,0.001318272166861259,458543.415395623,-270.46378537764423,458272.9516102454,1.5287073691603539,0.0,True,False
2010-10-14,1178.0999755859375,19.06999969482422,22.979999542236328,0.001318272166861259,458545.07152196113,-296.46668045234776,458248.6048415088,1.6561263381122036,0.0,True,False
2010-10-15,1173.81005859375,19.8799991607666,23.559999465942383,0.0014196956665245841,458546.72765428066,-285.2809445944966,458261.4467096862,1.6561323195620634,0.0,True,False
2010-10-18,1176.18994140625,19.030000686645508,23.200000762939453,0.0014196956665245841,458552.0783441463,-222.44002326836164,458329.638320878,5.350689865674374,0.0,True,False
2010-10-19,1184.7099609375,19.09000015258789,22.799999237060547,0.0015211217308890748,458553.8619213095,-249.65490112064498,458304.20702018886,1.7835771631960347,0.0,True,False
2010-10-20,1165.9000244140625,20.6299991607666,23.59000015258789,0.0014196956665245841,458555.7729287001,-198.247807439284,458357.5251212608,1.911007390602812,0.0,True,False
2010-10-21,1178.1700439453125,19.790000915527344,22.65999984741211,0.0014196956665245841,458557.5565202337,-207.36104932738,458350.1954709063,1.7835915335957098,0.0,True,False
2010-10-22,1180.260009765625,19.270000457763672,22.219999313354492,0.001318272166861259,458559.3401187047,-186.7983276522835,458372.54179105244,1.7835984710261086,0.0,True,False
2010-10-25,1183.0799560546875,18.780000686645508,21.649999618530273,0.001318272166861259,458564.3086882106,-145.8614832799385,458418.44720493065,4.968569505904468,0.0,True,False
2010-10-26,1185.6199951171875,19.850000381469727,21.90999984741211,0.0014196956665245841,458565.96489000926,-174.75241573417145,458391.2124742751,1.6562017986487252,0.0,True,False
2010-10-27,1185.6400146484375,20.219999313354492,22.200000762939453,0.0014196956665245841,458567.74852118536,-170.8941496659251,458396.8543715194,1.7836311760928167,0.0,True,False
2010-10-28,1182.449951171875,20.709999084472656,22.600000381469727,0.0014196956665245841,458569.53215929907,-157.15156968178167,458412.3805896173,1.7836381136774087,0.0,True,False
2010-10-29,1183.780029296875,20.8799991607666,22.809999465942383,0.001318272166861259,458409.8071051056,0.0,458409.8071051056,1.7836450512889848,71.55301819751827,False,False
2010-11-01,1183.260009765625,21.200000762939453,22.950000762939453,0.0012168512317685082,458414.7740543955,0.0,458414.7740543955,4.966949289922602,0.0,False,False
2010-11-02,1184.3800048828125,21.829999923706055,23.290000915527344,0.001318272166861259,458634.5780679737,-388.2757299828188,458246.3023379909,1.5282835953989293,0.0,True,False
2010-11-03,1193.5699462890625,21.56999969482422,23.020000457763672,0.001318272166861259,458636.23452356504,-397.6938631907163,458238.54066037433,1.6564555913468235,0.0,True,False
2010-11-04,1197.9599609375,19.559999465942383,21.649999618530273,0.001318272166861259,458637.890985139,-331.0226657403891,458306.8683193986,1.6564615739858508,0.0,True,False
2010-11-05,1221.06005859375,18.520000457763672,20.56999969482422,0.001318272166861259,458639.54745269567,-390.01416414667773,458249.533288549,1.656467556646486,0.0,True,False
2010-11-08,1225.8499755859375,18.260000228881836,20.65999984741211,0.001318272166861259,458644.51689126185,-374.35667300626847,458270.1602182556,4.96943856619602,0.0,True,False
2010-11-09,1223.25,18.290000915527344,20.729999542236328,0.001318272166861259,458646.1733827494,-344.1792067107005,458301.99417603866,1.6564914875051036,0.0,True,False
2010-11-10,1213.4000244140625,19.079999923706055,21.530000686645508,0.001318272166861259,458647.82988021965,-307.1822859933806,458340.6475942263,1.6564974702737776,0.0,True,False
2010-11-11,1218.7099609375,18.469999313354492,21.280000686645508,0.001318272166861259,458649.4863836727,-299.91067647544753,458349.57570719725,1.6565034530640597,0.0,True,False
2010-11-12,1213.5400390625,18.63999938964844,21.469999313354492,0.001318272166861259,458651.14289310854,-265.98140709224964,458385.1614860163,1.6565094358759498,0.0,True,False
2010-11-15,1199.2099609375,20.61000061035156,22.93000030517578,0.001318272166861259,458656.11245731334,-235.00502589364868,458421.1074314197,4.96956420479195,0.0,True,False
2010-11-16,1197.75,20.200000762939453,22.809999465942383,0.0014196956665245841,458657.7689906807,-206.81886562775514,458450.95012505294,1.6565333673395934,0.0,True,False
2010-11-17,1178.3399658203125,22.579999923706055,24.079999923706055,0.0015211217308890748,458659.55297893664,-223.8392293729091,458435.7137495637,1.783988255921212,0.0,True,False
2010-11-18,1178.5899658203125,21.760000228881836,23.829999923706055,0.0014196956665245841,458661.46442679106,-193.69787233761386,458467.76655445347,1.9114478544370928,0.0,True,False
2010-11-19,1196.68994140625,18.75,22.43000030517578,0.0015211217308890748,458663.2484294207,-137.9914858472538,458525.2569435734,1.7840026296330884,0.0,True,False
2010-11-22,1199.72998046875,18.040000915527344,21.399999618530273,0.0014196956665245841,458551.52624001144,0.0,458551.52624001144,5.734413663329793,100.8191269102292,False,False
2010-11-23,1197.8399658203125,18.3700008392334,21.329999923706055,0.0015211217308890748,458553.30981502717,0.0,458553.30981502717,1.7835750157402206,0.0,False,False
2010-11-24,1180.72998046875,20.6299991607666,22.59000015258789,0.0015211217308890748,458555.22082011687,0.0,458555.22082011687,1.9110050897189386,0.0,False,False
2010-11-26,1198.3499755859375,19.559999465942383,21.809999465942383,0.0016225503600835508,458559.04285418853,0.0,458559.04285418853,3.822034071667666,0.0,False,False
2010-11-29,1189.4000244140625,22.219999313354492,21.809999465942383,0.0016225503600835508,458565.1582522819,0.0,458565.1582522819,6.115398093344869,0.0,False,True
2010-11-30,1187.760009765625,21.530000686645508,23.350000381469727,0.0018254153134831337,458567.1967364364,0.0,458567.1967364364,2.0384841545296797,0.0,False,False
2010-12-01,1180.550048828125,23.540000915527344,25.190000534057617,0.001723981554238624,458569.4900999333,0.0,458569.4900999333,2.293363496896431,0.0,False,False
2010-12-02,1206.0699462890625,21.36000061035156,23.989999771118164,0.0016225503600835508,458571.65603749297,0.0,458571.65603749297,2.1659375596733037,0.0,False,False
2010-12-03,1221.530029296875,19.38999938964844,21.989999771118164,0.0016225503600835508,458573.69455053244,0.0,458573.69455053244,2.0385130394808235,0.0,False,False
2010-12-06,1224.7099609375,18.010000228881836,21.0,0.0014196956665245841,458579.8101440226,0.0,458579.8101440226,6.115593490114995,0.0,False,False
2010-12-07,1223.1199951171875,18.020000457763672,21.040000915527344,0.0015211217308890748,458828.87857815414,-417.2847491031919,458411.59382905095,1.783685028381451,0.0,True,False
2010-12-08,1223.75,17.989999771118164,20.969999313354492,0.0014196956665245841,458830.7907316672,-403.16679167277726,458427.62393999443,1.912153513026832,0.0,True,False
2010-12-09,1228.280029296875,17.739999771118164,20.3799991607666,0.0015211217308890748,458832.57539290586,-385.8193015014055,458446.7560914045,1.7846612386434237,0.0,True,False
2010-12-10,1233.0,17.25,19.979999542236328,0.0014196956665245841,458834.48756182526,-369.5060378884793,458464.9815239368,1.9121689193746982,0.0,True,False
2010-12-13,1240.4000244140625,17.610000610351562,19.84000015258789,0.001318272166861259,458839.8416095036,-368.7434097651095,458471.0981997385,5.35404767836431,0.0,True,False
2010-12-14,1240.4599609375,17.549999237060547,20.459999084472656,0.0015211217308890748,458841.49880644755,-362.5966266235582,458478.902179824,1.6571969439559076,0.0,True,False
2010-12-15,1241.5899658203125,17.610000610351562,20.38999938964844,0.0015211217308890748,458843.41101255495,-352.8809932014343,458490.5300193535,1.9122061073926033,0.0,True,False
2010-12-16,1235.22998046875,17.940000534057617,20.739999771118164,0.0014196956665245841,458845.3232266314,-322.08882630689317,458523.23440032447,1.912214076445548,0.0,True,False
2010-12-17,1242.8699951171875,17.389999389648438,20.81999969482422,0.001318272166861259,458847.1079443954,-323.16535448061956,458523.9425899148,1.7847177640139682,0.0,True,False
2010-12-20,1243.9100341796875,16.110000610351562,20.290000915527344,0.001115432861117531,458852.0796319153,-226.20586967845736,458625.87376223685,4.971687519907055,0.0,True,False
2010-12-21,1247.0799560546875,16.40999984741211,20.100000381469727,0.0014196956665245841,458853.4818770388,-231.6320511880529,458621.84982585075,1.4022451234912996,0.0,True,False
2010-12-22,1254.5999755859375,16.489999771118164,19.90999984741211,0.0014196956665245841,458855.26662653656,-253.95332044276512,458601.3133060938,1.7847494977760345,0.0,True,False
2010-12-23,1258.8399658203125,15.449999809265137,19.56999969482422,0.0014196956665245841,458857.0513829763,-214.91004921798114,458642.1413337583,1.7847564397104332,0.0,True,False
2010-12-27,1256.77001953125,16.469999313354492,20.440000534057617,0.0014196956665245841,458864.1904781551,-163.1358035416411,458701.05467461346,7.139095178798751,0.0,True,False
2010-12-28,1257.5400390625,17.670000076293945,21.040000915527344,0.001723981554238624,458865.9752693049,-192.65461656650226,458673.3206527384,1.7847911497874478,0.0,True,False
2010-12-29,1258.510009765625,17.520000457763672,21.18000030517578,0.0015211217308890748,458868.1426072376,-166.4618204879232,458701.6807867497,2.1673379327423627,0.0,True,False
2010-12-30,1259.780029296875,17.280000686645508,20.84000015258789,0.001318272166861259,458870.05492438213,-146.8737063426077,458723.18121803954,1.912317144512671,0.0,True,False
2010-12-31,1257.8800048828125,17.520000457763672,21.010000228881836,0.0012168512317685082,458732.0895474511,0.0,458732.0895474511,1.6573060657202858,107.66206610646849,False,False
2011-01-03,1257.6400146484375,17.75,20.899999618530273,0.0012168512317685082,458736.67758717464,0.0,458736.67758717464,4.588039723533181,0.0,False,False
2011-01-04,1271.8699951171875,17.610000610351562,20.6200008392334,0.0015211217308890748,458987.8814312153,-419.67448726893394,458568.20694394637,1.5293567717368037,0.0,True,False
2011-01-05,1270.199951171875,17.3799991607666,20.61000061035156,0.0014196956665245841,458989.79424736724,-394.2615143830312,458595.5327329842,1.9128161519282987,0.0,True,False
2011-01-06,1276.56005859375,17.020000457763672,20.049999237060547,0.0014196956665245841,458991.5795270635,-380.00339925427824,458611.57612780924,1.7852796962905781,0.0,True,False
2011-01-07,1273.8499755859375,17.399999618530273,20.350000381469727,0.0015211217308890748,458993.3648137038,-372.58824234399583,458620.77657135983,1.785286640287229,0.0,True,False
2011-01-10,1271.5,17.139999389648438,20.290000915527344,0.0014196956665245841,458999.10335463024,-314.8743819435263,458684.2289726867,5.738540926438412,0.0,True,False
2011-01-11,1269.75,17.540000915527344,20.479999542236328,0.0015211217308890748,459000.88867053506,-310.0870738814673,458690.8015966536,1.7853159048520657,0.0,True,False
2011-01-12,1274.47998046875,16.889999389648438,20.13999938964844,0.0015211217308890748,459002.8015408942,-285.10575070158126,458717.69579019264,1.912870359149163,0.0,True,False
2011-01-13,1285.9599609375,16.239999771118164,19.229999542236328,0.0015211217308890748,459004.7144192252,-276.66626557571544,458728.04815364943,1.9128783309703539,0.0,True,False
2011-01-14,1283.760009765625,16.389999389648438,19.200000762939453,0.0015211217308890748,459006.627305528,-258.447989838385,458748.1793156896,1.912886302824767,0.0,True,False
2011-01-18,1293.239990234375,15.460000038146973,18.3700008392334,0.0015211217308890748,459014.27893045865,-199.06584536777132,458815.21308509086,7.6516249306952595,0.0,True,False
2011-01-19,1295.02001953125,15.869999885559082,18.3799991607666,0.0016225503600835508,459016.19185662124,-205.3483223131951,458810.843534308,1.9129261625951723,0.0,True,False
2011-01-20,1281.9200439453125,17.309999465942383,19.63999938964844,0.0016225503600835508,459018.2323457795,-200.15998771504852,458818.0723580644,2.0404891582659217,0.0,True,False
2011-01-21,1280.260009765625,17.989999771118164,19.899999618530273,0.0016225503600835508,459020.27284400846,-204.87649758285747,458815.3963464256,2.040498228961202,0.0,True,False
2011-01-24,1283.3499755859375,18.469999313354492,19.969999313354492,0.0016225503600835508,459026.39439311996,-187.67393375759724,458838.7204593624,6.121549111505545,0.0,True,False
2011-01-25,1290.8399658203125,17.649999618530273,19.579999923706055,0.0016225503600835508,459028.4349276321,-165.90013145413985,458862.53479617793,2.040534512145549,0.0,True,False
2011-01-26,1291.1800537109375,17.59000015258789,19.34000015258789,0.0016225503600835508,459030.47547121515,-154.17234990790257,458876.3031213072,2.040543583042443,0.0,True,False
2011-01-27,1296.6300048828125,16.639999389648438,18.81999969482422,0.0016225503600835508,458894.36003698263,0.0,458894.36003698263,2.0405526539796606,111.51850038246201,False,False
2011-01-28,1299.5400390625,16.149999618530273,18.479999542236328,0.0015211217308890748,458896.39998455544,0.0,458896.39998455544,2.0399475727804535,0.0,False,False
2011-01-31,1276.3399658203125,20.040000915527344,20.59000015258789,0.0015211217308890748,458902.1373131841,0.0,458902.1373131841,5.737328628651234,0.0,False,False
2011-02-01,1286.1199951171875,19.530000686645508,20.149999618530273,0.0015211217308890748,459091.1419972147,-357.09222521432935,458734.04977200035,1.9124588162762297,0.0,True,False
2011-02-02,1307.5899658203125,17.6299991607666,18.969999313354492,0.0015211217308890748,459093.0552437015,-355.5670201418468,458737.48822355963,1.9132464867726195,0.0,True,False
2011-02-03,1304.030029296875,17.299999237060547,19.09000015258789,0.0016225503600835508,459094.96849816164,-322.83714059433663,458772.1313575673,1.9132544601613093,0.0,True,False
2011-02-04,1307.0999755859375,16.690000534057617,18.920000076293945,0.0014196956665245841,459097.0093375099,-305.3063655923583,458791.7029719176,2.040839348271938,0.0,True,False
2011-02-07,1310.8699951171875,15.93000030517578,18.329999923706055,0.0015211217308890748,459102.3664485023,-254.89380085706753,458847.4726476452,5.3571109923516556,0.0,True,False
2011-02-08,1319.050048828125,16.280000686645508,18.260000228881836,0.0016225503600835508,459104.2797417666,-288.64637322697774,458815.63336853957,1.9132932642859004,0.0,True,False
2011-02-09,1324.5699462890625,15.8100004196167,17.850000381469727,0.0015211217308890748,459106.3206225066,-285.16487739026485,458821.15574511635,2.040880740039729,0.0,True,False
2011-02-10,1320.8800048828125,15.869999885559082,17.860000610351562,0.0014196956665245841,459108.2339322498,-254.39540075159027,458853.83853149816,1.9133097431695683,0.0,True,False
2011-02-11,1321.8699951171875,16.09000015258789,18.100000381469727,0.0012168512317685082,459110.01967262727,-255.92976867292475,458854.08990395436,1.7857403774806742,0.0,True,False
2011-02-14,1329.1500244140625,15.6899995803833,17.860000610351562,0.0012168512317685082,459114.6114922443,-238.19967422160414,458876.41181802267,4.591819616997226,0.0,True,False
2011-02-15,1332.3199462890625,15.949999809265137,17.940000534057617,0.001318272166861259,459116.14210898895,-252.45830971463928,458863.6837992743,1.5306167446258854,0.0,True,False
2011-02-16,1328.010009765625,16.3700008392334,18.270000457763672,0.001318272166861259,459117.8003038505,-230.27263791054392,458887.52766593994,1.6581948615337587,0.0,True,False
2011-02-17,1336.3199462890625,16.719999313354492,18.31999969482422,0.0012168512317685082,459119.458504701,-280.80127438507947,458838.6572303159,1.6582008504545276,0.0,True,False
2011-02-18,1340.4300537109375,16.59000015258789,18.6299991607666,0.0009126038126204015,459120.9891376048,-285.9262099597294,458835.06292764505,1.5306329038119404,0.0,True,False
2011-02-22,1343.010009765625,16.43000030517578,18.899999618530273,0.0010140170547777556,459125.5808927868,-216.82905963881706,458908.75183314795,4.591755182036578,0.0,True,False
2011-02-23,1315.43994140625,20.799999237060547,21.31999969482422,0.0012168512317685082,459126.8564046115,-231.4363328030107,458895.4200718085,1.27551182470273,0.0,True,False
2011-02-24,1307.4000244140625,22.1299991607666,22.469999313354492,0.0012168512317685082,459128.38706217875,-227.37183762263012,458901.01522455615,1.5306575672602267,0.0,True,False
2011-02-25,1306.0999755859375,21.31999969482422,22.260000228881836,0.001318272166861259,458942.33429471566,0.0,458942.33429471566,1.5306626702346129,-0.4912049189516736,False,False
2011-02-28,1319.8800048828125,19.219999313354492,20.56999969482422,0.001318272166861259,458947.3070140295,0.0,458947.3070140295,4.972719313829817,0.0,False,False
2011-03-01,1327.219970703125,18.350000381469727,20.0,0.0015211217308890748,459165.30398167804,-386.33938257056315,458778.96459910745,1.6575850779491033,0.0,True,False
2011-03-02,1306.3299560546875,21.010000228881836,21.899999618530273,0.0014196956665245841,459167.2175372323,-429.1200674198552,458738.0974698125,1.9135555542828513,0.0,True,False
2011-03-03,1308.43994140625,20.700000762939453,21.68000030517578,0.001318272166861259,459169.00350703154,-409.8125591742675,458759.1909478573,1.7859697992101096,0.0,True,False
2011-03-04,1330.969970703125,18.600000381469727,20.440000534057617,0.001318272166861259,459170.66189281316,-378.1880136180621,458792.4738791951,1.6583857816312422,0.0,True,False
2011-03-07,1321.1500244140625,19.059999465942383,20.799999237060547,0.0012168512317685082,459175.63708609587,-330.6570325100277,458844.98005358584,4.975193282718925,0.0,True,False
2011-03-08,1310.1300048828125,20.65999984741211,21.850000381469727,0.001115432861117531,459177.1679062903,-355.8781473907156,458821.2897588996,1.5308201944692619,0.0,True,False
2011-03-09,1321.8199462890625,19.81999969482422,21.450000762939453,0.001115432861117531,459178.57114487875,-335.88539464535245,458842.6857502334,1.4032385884175393,0.0,True,False
2011-03-10,1320.02001953125,20.219999313354492,21.81999969482422,0.0010140170547777556,459179.97438775544,-334.24927051682573,458845.72511723865,1.4032428766937728,0.0,True,False
2011-03-11,1295.1099853515625,21.8799991607666,22.760000228881836,0.0008111931345149166,459181.25005069247,-353.8495859501896,458827.40046474227,1.2756629370539183,0.0,True,False
2011-03-14,1304.280029296875,20.079999923706055,21.8700008392334,0.0008111931345149166,459184.3115787961,-265.99766985256457,458918.31390894356,3.0615281036618214,0.0,True,False
2011-03-15,1296.3900146484375,21.1299991607666,22.489999771118164,0.0009126038126204015,459185.3320927001,-286.28380458588714,458899.04828811425,1.0205139040088615,0.0,True,False
2011-03-16,1281.8699951171875,24.31999969482422,24.030000686645508,0.0010140170547777556,459186.4801880663,-379.4748126807153,458807.0053753856,1.1480953661701967,0.0,True,True
2011-03-17,1256.8800048828125,29.399999618530273,26.90999984741211,0.0010140170547777556,459187.75586907734,-568.6884006198159,458619.0674684575,1.2756810110309977,0.0,True,True
2011-03-18,1273.719970703125,26.3700008392334,25.440000534057617,0.0008111931345149166,459189.0315536324,-429.98679378630726,458759.0447598461,1.2756845550422267,0.0,True,True
2011-03-21,1279.2099609375,24.440000534057617,24.34000015258789,0.0007097850203325396,459192.0931336182,-328.34107130471597,458863.7520623135,3.0615799857670614,0.0,True,True
2011-03-22,1298.3800048828125,20.61000061035156,21.950000762939453,0.0010140170547777556,459192.98608700465,-194.37698502219874,458998.60910198244,0.8929533864457984,0.0,True,False
2011-03-23,1293.77001953125,20.209999084472656,21.700000762939453,0.0010140170547777556,459194.2617860899,-182.27738292474703,459011.9844031652,1.2756990852820775,0.0,True,False
2011-03-24,1297.5400390625,19.170000076293945,20.93000030517578,0.0009126038126204015,459195.5374887193,-151.24186777351022,459044.29562094575,1.275702629343519,0.0,True,False
2011-03-25,1309.6600341796875,18.0,20.079999923706055,0.0009126038126204015,459068.8893949446,0.0,459068.8893949446,1.1481208825947438,88.54316791331415,False,False
2011-03-28,1313.800048828125,17.90999984741211,20.030000686645508,0.0009126038126204015,459072.3328162319,0.0,459072.3328162319,3.4434212872584262,0.0,False,False
2011-03-29,1310.18994140625,19.440000534057617,20.86000061035156,0.001115432861117531,459073.48062906734,0.0,459073.48062906734,1.147812835486774,0.0,False,False
2011-03-30,1319.43994140625,18.15999984741211,19.969999313354492,0.0010140170547777556,459074.883550789,0.0,459074.883550789,1.4029217216421492,0.0,False,False
2011-03-31,1328.260009765625,17.709999084472656,19.75,0.0010140170547777556,459076.1589217697,0.0,459076.1589217697,1.275370980755256,0.0,False,False
2011-04-01,1325.8299560546875,17.739999771118164,19.84000015258789,0.0009126038126204015,459077.4342962936,0.0,459077.4342962936,1.2753745239051795,0.0,False,False
2011-04-04,1332.4100341796875,17.399999618530273,19.59000015258789,0.0007097850203325396,459080.87778167514,0.0,459080.87778167514,3.4434853815498982,0.0,False,False
2011-04-05,1332.8699951171875,17.5,19.38999938964844,0.0006083794699427381,459308.28297787753,-396.5124590873731,458911.7705187902,0.8927371150277419,0.0,True,False
2011-04-06,1332.6300048828125,17.25,19.399999618530273,0.0007097850203325396,459309.04855037783,-377.5615035287774,458931.48704684904,0.7655725002799558,0.0,True,False
2011-04-07,1335.5400390625,16.899999618530273,19.3799991607666,0.0006083794699427381,459309.94173119793,-365.06857006149886,458944.87316113646,0.8931808200994269,0.0,True,False
2011-04-08,1333.510009765625,17.110000610351562,19.5,0.00040557606002412504,459310.70730646304,-353.5270179564125,458957.1802885066,0.7655752650807963,0.0,True,False
2011-04-11,1328.1700439453125,17.8700008392334,20.049999237060547,0.00040557606002412504,459312.23842211365,-330.78607566645985,458981.45234644716,1.5311156506315988,0.0,True,False
2011-04-12,1324.4599609375,16.59000015258789,20.010000228881836,0.000506976483216771,459312.74879513134,-278.18407580905557,459034.56471932225,0.5103730177181458,0.0,True,False
2011-04-13,1314.1600341796875,17.09000015258789,20.329999923706055,0.000506976483216771,459313.386770265,-274.7945531540522,459038.59221711097,0.6379751336690139,0.0,True,False
2011-04-14,1314.4100341796875,16.920000076293945,19.989999771118164,0.0006083794699427381,459314.0247462848,-256.2471300189638,459057.77761626587,0.6379760198022036,0.0,True,False
2011-04-15,1314.52001953125,16.270000457763672,19.959999084472656,0.0007097850203325396,459314.79032835545,-231.06585054367724,459083.7244778118,0.7655820706277124,0.0,True,False
2011-04-18,1319.6800537109375,15.31999969482422,19.170000076293945,0.0007097850203325396,459317.4699095233,-175.61350417665415,459141.85640534665,2.6795811678911776,0.0,True,False
2011-04-19,1305.1400146484375,16.959999084472656,19.920000076293945,0.0007097850203325396,459318.36310671974,-211.59000499755632,459106.7731017222,0.8931971964292459,0.0,True,False
2011-04-20,1312.6199951171875,15.829999923706056,19.18000030517578,0.0006083794699427381,459319.2563056531,-171.84835394405815,459147.407951709,0.8931989333569352,0.0,True,False
2011-04-21,1330.3599853515625,15.06999969482422,18.479999542236328,0.0006083794699427381,459320.0218964436,-140.22931325217317,459179.7925831915,0.7655907905618707,0.0,True,False
2011-04-25,1337.3800048828125,14.6899995803833,18.350000381469727,0.0006083794699427381,459208.1867683401,0.0,459208.1867683401,3.0623759232376235,111.61495506069116,False,False
2011-04-26,1335.25,15.770000457763672,18.549999237060547,0.0007097850203325396,459208.9521740006,0.0,459208.9521740006,0.7654056604726976,0.0,False,False
2011-04-27,1347.239990234375,15.619999885559082,18.270000457763672,0.0007097850203325396,459209.84516017145,0.0,459209.84516017145,0.8929861708456754,0.0,False,False
2011-04-28,1355.6600341796875,15.350000381469728,17.899999618530273,0.0006083794699427381,459210.7381480788,0.0,459210.7381480788,0.8929879073630006,0.0,False,False
2011-04-29,1360.47998046875,14.619999885559082,17.520000457763672,0.00040557606002412504,459211.5035579919,0.0,459211.5035579919,0.7654099130983046,0.0,False,False
2011-05-02,1363.6099853515625,14.75,17.5,0.00040557606002412504,459213.0343429461,0.0,459213.0343429461,1.5307849542000345,0.0,False,False
2011-05-03,1361.219970703125,15.989999771118164,18.38999938964844,0.000506976483216771,459546.2267202543,-502.6821145228868,459043.5446057314,0.5102627853293276,0.0,True,False
2011-05-04,1356.6199951171875,16.700000762939453,19.11000061035156,0.00030417820023607886,459546.86501968355,-516.3822270283066,459030.48279265524,0.6382994292843214,0.0,True,False
2011-05-05,1347.3199462890625,17.079999923706055,19.440000534057617,0.00030417820023607886,459547.24799008516,-494.1606367806382,459053.0873533045,0.38297040158805823,0.0,True,False
2011-05-06,1335.0999755859375,18.200000762939453,19.84000015258789,0.00020278290372213926,459547.6309608059,-509.5869535078893,459038.044007298,0.382970720742294,0.0,True,False
2011-05-09,1340.199951171875,18.399999618530273,19.90999984741211,0.00020278290372213926,459548.39689352375,-475.30719913169105,459073.08969439205,0.7659327178210509,0.0,True,False
2011-05-10,1346.2900390625,17.15999984741211,19.200000762939453,0.00030417820023607886,459548.6522047134,-406.61021693337204,459142.04198778,0.2553111895996879,0.0,True,False
2011-05-11,1357.1600341796875,15.90999984741211,18.3700008392334,0.00030417820023607886,459549.03517660435,-347.47824385560364,459201.55693274876,0.38297189096601003,0.0,True,False
2011-05-12,1342.0799560546875,16.950000762939453,19.049999237060547,0.00030417820023607886,459549.41814881447,-362.807413253753,459186.6107355607,0.382972210121487,0.0,True,False
2011-05-13,1348.6500244140625,16.030000686645508,18.440000534057617,0.00020278290372213926,459549.80112134374,-309.91878033584123,459239.8823410079,0.3829725292772299,0.0,True,False
2011-05-16,1337.77001953125,17.06999969482422,19.06999969482422,0.00030417820023607886,459550.5670576786,-310.1474270438204,459240.4196306348,0.7659363348497261,0.0,True,False
2011-05-17,1329.469970703125,18.239999771118164,19.8700008392334,0.00040557606002412504,459550.9500311653,-352.015077889955,459198.93495327537,0.38297348673798653,0.0,True,False
2011-05-18,1328.97998046875,17.549999237060547,19.450000762939453,0.00040557606002412504,459551.4606694317,-314.00829839894124,459237.4523710328,0.51063826639668,0.0,True,False
2011-05-19,1340.6800537109375,16.229999542236328,18.530000686645508,0.000506976483216771,459551.9713082655,-236.32465327332434,459315.6466549922,0.5106388338015326,0.0,True,False
2011-05-20,1343.5999755859375,15.520000457763672,18.170000076293945,0.000506976483216771,459552.6096156739,-199.45175382459354,459353.1578618493,0.6383074083885678,0.0,True,False
2011-05-23,1333.27001953125,17.43000030517578,19.049999237060547,0.000506976483216771,459554.5245432187,-232.42899813876238,459322.09554507997,1.9149275448572165,0.0,True,False
2011-05-24,1317.3699951171875,18.270000457763672,19.790000915527344,0.0006083794699427381,459555.1628541735,-285.0977142224986,459270.065139951,0.6383109547748043,0.0,True,False
2011-05-25,1316.280029296875,17.81999969482422,19.170000076293945,0.0006083794699427381,459555.9288381718,-264.1234674335275,459291.8053707383,0.7659839982893959,0.0,True,False
2011-05-26,1320.469970703125,17.06999969482422,18.8700008392334,0.0006083794699427381,459556.69482344686,-212.6193763408361,459344.07544710604,0.7659852750272786,0.0,True,False
2011-05-27,1325.68994140625,16.09000015258789,18.190000534057617,0.000506976483216771,459384.20089506847,0.0,459384.20089506847,0.7659865517672895,159.42219959276267,False,False
2011-05-31,1331.0999755859375,15.979999542236328,18.1299991607666,0.000506976483216771,459601.4599038179,-384.70670591549975,459216.7531979024,2.5523028339132727,0.0,True,False
2011-06-01,1345.199951171875,15.449999809265137,17.559999465942383,0.0006083794699427381,459602.0982799649,-402.14313354321007,459199.9551464217,0.6383761469407753,0.0,True,False
2011-06-02,1314.550048828125,18.299999237060547,19.36000061035156,0.000506976483216771,459602.86434219487,-409.77807929571054,459193.08626289916,0.7660622299969579,0.0,True,False
2011-06-03,1312.93994140625,18.09000015258789,19.31999969482422,0.00040557606002412504,459603.50272029254,-390.1827313202591,459213.3199889723,0.6383780976742649,0.0,True,False
2011-06-06,1300.1600341796875,17.950000762939453,19.469999313354492,0.00040557606002412504,459605.03481197887,-354.96175310335605,459250.0730588755,1.5320916863159757,0.0,True,False
2011-06-07,1286.1700439453125,18.489999771118164,19.959999084472656,0.000506976483216771,459605.5455103425,-384.64907900501163,459220.8964313375,0.5106983636692701,0.0,True,False
2011-06-08,1284.93994140625,18.06999969482422,19.5,0.000506976483216771,459606.18389216426,-364.87318152896523,459241.31071063527,0.6383818217568467,0.0,True,False
2011-06-09,1279.56005859375,18.790000915527344,19.950000762939453,0.00040557606002412504,459606.82227487274,-390.3604247147747,459216.46185015794,0.6383827084549171,0.0,True,False
2011-06-10,1289.0,17.770000457763672,19.260000228881836,0.000506976483216771,459607.33297522255,-328.20843866120384,459279.1245365614,0.5107003498406693,0.0,True,False
2011-06-13,1270.97998046875,18.86000061035156,20.11000061035156,0.000506976483216771,459609.2481307963,-386.49568664850386,459222.7524441478,1.9151555737408616,0.0,True,False
2011-06-14,1271.8299560546875,19.61000061035156,20.440000534057617,0.000506976483216771,459609.8865177609,-392.8271672223796,459217.05935053853,0.6383869646138327,0.0,True,False
2011-06-15,1287.8699951171875,18.260000228881836,19.43000030517578,0.000506976483216771,459610.5249056122,-295.6581918062781,459314.86671380594,0.6383878513190464,0.0,True,False
2011-06-16,1265.4200439453125,21.31999969482422,21.3799991607666,0.000506976483216771,459611.16329435026,-446.2193170689086,459164.94397728133,0.6383887380254918,0.0,True,False
2011-06-17,1267.6400146484375,22.729999542236328,22.61000061035156,0.000506976483216771,459611.801683975,-465.22670248441466,459146.57498149056,0.6383896247331687,0.0,True,True
2011-06-20,1271.5,21.850000381469727,22.440000534057617,0.00040557606002412504,459613.71685816953,-388.65356119320006,459225.0632969763,1.9151741945762153,0.0,True,False
2011-06-21,1278.3599853515625,19.989999771118164,21.219999313354492,0.00030417820023607886,459614.2275661804,-300.087081130874,459314.1404850495,0.5107080108803471,0.0,True,False
2011-06-22,1295.52001953125,18.86000061035156,20.5,0.00030417820023607886,459614.6105927196,-212.3884160557993,459402.22217666375,0.38302653919544416,0.0,True,False
2011-06-23,1287.1400146484375,18.520000457763672,20.719999313354492,0.00020278290372213926,459614.99361957796,-207.09604417859353,459407.8975753994,0.383026858396463,0.0,True,False
2011-06-24,1283.5,19.290000915527344,20.93000030517578,0.00010139017035360414,459379.7797876716,0.0,459379.7797876716,0.2553481887263681,-20.762474179623762,False,False
2011-06-27,1268.449951171875,21.100000381469727,21.920000076293945,0.00020278290372213926,459380.1626091527,0.0,459380.1626091527,0.38282148114318065,0.0,False,False
2011-06-28,1280.0999755859375,20.559999465942383,21.5,0.00020278290372213926,459380.41782687645,0.0,459380.41782687645,0.2552177237197837,0.0,False,False
2011-06-29,1296.6700439453125,19.170000076293945,20.520000457763672,0.00030417820023607886,459380.67304474197,0.0,459380.67304474197,0.25521786551103154,0.0,False,False
2011-06-30,1307.4100341796875,17.270000457763672,19.420000076293945,0.00020278290372213926,459381.0558766449,0.0,459381.0558766449,0.3828319029664185,0.0,False,False
2011-07-01,1320.6400146484375,16.520000457763672,18.90999984741211,0.00030417820023607886,459381.3110948649,0.0,459381.3110948649,0.25521821999218414,0.0,False,False
2011-07-05,1339.6700439453125,15.869999885559082,17.93000030517578,0.00020278290372213926,459615.2218887909,-402.3794622730338,459212.84242651786,1.5313316529719079,0.0,True,False
2011-07-06,1337.8800048828125,16.059999465942383,18.11000061035156,0.00020278290372213926,459615.4772371064,-393.30239153089536,459222.17484557553,0.2553483155458385,0.0,True,False
2011-07-07,1339.219970703125,16.34000015258789,18.40999984741211,0.00010139017035360414,459615.73258556385,-400.72510331341704,459215.00748225045,0.2553484574096392,0.0,True,False
2011-07-08,1353.219970703125,15.949999809265137,17.770000457763672,0.00030417820023607886,459615.8602582321,-423.46820369468674,459192.3920545374,0.12767266823345952,0.0,True,False
2011-07-11,1343.800048828125,15.949999809265137,17.959999084472656,0.00030417820023607886,459617.0093428892,-341.0191071575372,459275.99023573165,1.1490846570570852,0.0,True,False
2011-07-12,1319.489990234375,18.38999938964844,19.979999542236328,0.00030417820023607886,459617.3923717466,-380.6178494785715,459236.77452226804,0.38302885743156845,0.0,True,False
2011-07-13,1313.6400146484375,19.8700008392334,20.93000030517578,0.00030417820023607886,459617.7754009232,-420.7466859101184,459197.0287150131,0.38302917663451924,0.0,True,False
2011-07-14,1317.719970703125,19.90999984741211,20.850000381469727,0.00010139017035360414,459618.15843041905,-411.16852648396247,459206.98990393506,0.38302949583773604,0.0,True,False
2011-07-15,1308.8699951171875,20.799999237060547,21.59000015258789,0.00010139017035360414,459618.2861037611,-429.9047469161866,459188.3813568449,0.12767334208786316,0.0,True,False
2011-07-18,1316.1400146484375,19.530000686645508,20.940000534057617,0.00020278290372213926,459618.6691240001,-343.29905255142376,459275.3700714487,0.38302023900150345,0.0,True,False
2011-07-19,1305.43994140625,20.950000762939453,21.84000015258789,0.00020278290372213926,459618.92447423085,-384.60368551922056,459234.32078871166,0.25535023072545404,0.0,True,False
2011-07-20,1326.72998046875,19.209999084472656,20.5,0.00030417820023607886,459619.17982460343,-308.6040607795897,459310.5757638238,0.2553503725903188,0.0,True,False
2011-07-21,1325.8399658203125,19.09000015258789,20.3700008392334,0.00020278290372213926,459619.56285526964,-288.48328263575763,459331.0795726339,0.3830306662356688,0.0,True,False
2011-07-22,1343.800048828125,17.559999465942383,19.200000762939453,0.000506976483216771,459619.8182059969,-246.50558805605795,459373.3126179408,0.25535072725551516,0.0,True,False
2011-07-25,1345.02001953125,17.520000457763672,19.200000762939453,0.000506976483216771,459621.7334135958,-201.31866727565458,459420.41474632017,1.9152075989319135,0.0,True,False
2011-07-26,1337.4300537109375,19.350000381469727,20.260000228881836,0.000506976483216771,459622.3718179022,-238.8660402654433,459383.5057776368,0.6384043063923569,0.0,True,False
2011-07-27,1331.93994140625,20.229999542236328,20.88999938964844,0.0007097850203325396,459623.0102230953,-246.49269958874837,459376.51752350654,0.6384051931216579,0.0,True,False
2011-07-28,1304.8900146484375,22.979999542236328,22.690000534057617,0.0008111931345149166,459623.904014451,-331.68016411425106,459292.2238503368,0.8937913557403044,0.0,True,True
2011-07-29,1300.6700439453125,23.739999771118164,22.950000762939453,0.0007097850203325396,459260.871487206,0.0,459260.871487206,1.0214908759597117,-131.6745558479616,False,True
2011-08-01,1292.280029296875,25.25,22.90999984741211,0.0010140170547777556,459263.5507538186,0.0,459263.5507538186,2.679266612570119,0.0,False,True
2011-08-02,1286.93994140625,23.65999984741211,22.3799991607666,0.0010140170547777556,459264.8266489419,0.0,459264.8266489419,1.2758951232958,0.0,False,True
2011-08-03,1254.050048828125,24.790000915527344,23.600000381469727,0.0006083794699427381,459266.10254760983,0.0,459266.10254760983,1.2758986679018611,0.0,False,True
2011-08-04,1260.3399658203125,23.3799991607666,23.1200008392334,0.00020278290372213926,459266.868049804,0.0,459266.868049804,0.7655021941725771,0.0,False,True
2011-08-05,1200.0699462890625,31.65999984741211,28.559999465942383,0.00020278290372213926,459267.1232045847,0.0,459267.1232045847,0.2551547806893694,0.0,False,True
2011-08-08,1199.3800048828125,32.0,29.59000015258789,0.00010139017035360414,459267.88866977737,0.0,459267.88866977737,0.7654651926862934,0.0,False,True
2011-08-09,1119.4599609375,48.0,38.099998474121094,0.000506976483216771,459268.0162458211,0.0,459268.0162458211,0.1275760436888483,0.0,False,True
2011-08-10,1172.530029296875,35.060001373291016,31.06999969482422,0.00030417820023607886,459268.65415882226,0.0,459268.65415882226,0.6379130011586484,0.0,False,True
2011-08-11,1120.760009765625,42.9900016784668,36.58000183105469,0.00020278290372213926,459269.03689737257,0.0,459269.03689737257,0.3827385503162502,0.0,False,True
2011-08-12,1172.6400146484375,39.0,33.81999969482422,0.00030417820023607886,459269.2920533582,0.0,459269.2920533582,0.25515598563547853,0.0,False,True
2011-08-15,1178.81005859375,36.36000061035156,32.75,0.00020278290372213926,459270.4402715608,0.0,459270.4402715608,1.1482182026083187,0.0,False,True
2011-08-16,1204.489990234375,31.8700008392334,30.079999923706055,0.00020278290372213926,459270.6954283261,0.0,459270.6954283261,0.2551567653077304,0.0,False,True
2011-08-17,1192.760009765625,32.849998474121094,30.440000534057617,0.00030417820023607886,459270.95058523316,0.0,459270.95058523316,0.2551569070651116,0.0,False,True
2011-08-18,1193.8900146484375,31.579999923706055,30.030000686645508,0.00010139017035360414,459271.3333256972,0.0,459271.3333256972,0.3827404640782879,0.0,False,True
2011-08-19,1140.6500244140625,42.66999816894531,36.599998474121094,0.00010139017035360414,459271.46090269776,0.0,459271.46090269776,0.12757700054994173,0.0,False,True
2011-08-22,1123.530029296875,43.04999923706055,37.900001525878906,0.00020278290372213926,459271.843633912,0.0,459271.843633912,0.38273121422720835,0.0,False,True
2011-08-23,1123.8199462890625,42.439998626708984,38.2599983215332,0.00010139017035360414,459272.09879145696,0.0,459272.09879145696,0.255157544973406,0.0,False,True
2011-08-24,1162.3499755859375,36.27000045776367,34.790000915527344,0.00010139017035360414,459272.2263686701,0.0,459272.2263686701,0.12757721318203644,0.0,False,True
2011-08-25,1177.5999755859375,35.900001525878906,34.79999923706055,0.00020278290372213926,459272.35394591873,0.0,459272.35394591873,0.12757724862060404,0.0,False,True
2011-08-26,1159.27001953125,39.7599983215332,36.61000061035156,0.00010139017035360414,459272.60910374724,0.0,459272.60910374724,0.2551578284873218,0.0,False,True
2011-08-29,1176.800048828125,35.59000015258789,34.40999984741211,0.00010139017035360414,459272.99183591834,0.0,459272.99183591834,0.38273217107390856,0.0,False,True
2011-08-30,1210.0799560546875,32.279998779296875,31.979999542236328,0.00020278290372213926,459273.1194133796,0.0,459273.1194133796,0.12757746125311223,0.0,False,True
2011-08-31,1212.9200439453125,32.88999938964844,32.470001220703125,0.00010139017035360414,459273.37457163335,0.0,459273.37457163335,0.25515825375789036,0.0,False,True
2011-09-01,1218.8900146484375,31.6200008392334,31.670000076293945,0.00020278290372213926,459273.50214920094,0.0,459273.50214920094,0.12757756756994715,0.0,False,False
2011-09-02,1204.4200439453125,31.81999969482422,31.989999771118164,0.00020278290372213926,459273.75730766734,0.0,459273.75730766734,0.2551584663943363,0.0,False,False
2011-09-06,1173.969970703125,33.91999816894531,33.790000915527344,0.00020278290372213926,459274.77794295055,0.0,459274.77794295055,1.020635283219658,0.0,False,True
2011-09-07,1165.239990234375,37.0,35.380001068115234,0.00020278290372213926,459275.03310212574,0.0,459275.03310212574,0.25515917518675535,0.0,False,True
2011-09-08,1198.6199951171875,33.380001068115234,32.959999084472656,0.00020278290372213926,459275.2882614427,0.0,459275.2882614427,0.25515931694547545,0.0,False,True
2011-09-09,1185.9000244140625,34.31999969482422,33.709999084472656,0.00020278290372213926,459275.5434209014,0.0,459275.5434209014,0.25515945870427426,0.0,False,True
2011-09-12,1154.22998046875,38.52000045776367,36.63999938964844,0.00010139017035360414,459276.3089001282,0.0,459276.3089001282,0.7654792267466032,0.0,False,True
2011-09-13,1162.27001953125,38.59000015258789,37.060001373291016,0.00010139017035360414,459276.43647851085,0.0,459276.43647851085,0.1275783826716111,0.0,False,True
2011-09-14,1172.8699951171875,36.90999984741211,36.060001373291016,0.00010139017035360414,459276.56405692897,0.0,459276.56405692897,0.12757841811050358,0.0,False,True
2011-09-15,1188.6800537109375,34.599998474121094,34.959999084472656,0.00010139017035360414,459485.78286203695,-379.09122665442425,459106.69163538254,0.1275784535494059,0.0,True,False
2011-09-16,1209.1099853515625,31.969999313354492,33.52000045776367,0.00010139017035360414,459485.91049860755,-358.2664400567839,459127.64405855077,0.12763657062677938,0.0,True,False
2011-09-19,1216.010009765625,30.979999542236328,32.95000076293945,0.00010139017035360414,459486.2934085321,-310.608153065463,459175.6852554666,0.38290992455698103,0.0,True,False
2011-09-20,1204.0899658203125,32.72999954223633,33.810001373291016,0.00010139017035360414,459486.42104524455,-302.5677500861579,459183.8532951584,0.12763671244706246,0.0,True,False
2011-09-21,1202.0899658203125,32.86000061035156,33.619998931884766,0.00010139017035360414,459486.54868199246,-285.93173262445674,459200.616949368,0.12763674790215784,0.0,True,False
2011-09-22,1166.760009765625,37.31999969482422,36.189998626708984,0.00010139017035360414,459486.6763187758,-309.8283094254607,459176.84800935036,0.12763678335726308,0.0,True,True
2011-09-23,1129.56005859375,41.349998474121094,39.150001525878906,-0.0,459486.8039555946,-366.3551447567261,459120.4488108379,0.12763681881237818,0.0,True,True
2011-09-26,1136.4300537109375,41.25,39.54999923706055,0.00010139017035360414,459486.8039555946,-323.17927835955294,459163.624677235,0.0,0.0,True,True
2011-09-27,1162.949951171875,39.02000045776367,38.029998779296875,0.00020278290372213926,459486.93159244885,-272.2580407254529,459214.6735517234,0.1276368542675031,0.0,True,True
2011-09-28,1175.3800048828125,37.709999084472656,37.209999084472656,0.00010139017035360414,459487.1868694902,-242.93958991992452,459244.24727957026,0.2552770413375187,0.0,True,True
2011-09-29,1151.06005859375,41.08000183105469,39.52000045776367,0.00020278290372213926,459487.31450645084,-278.1823021721951,459209.13220427866,0.12763696063383326,0.0,True,True
2011-09-30,1160.4000244140625,38.84000015258789,38.18000030517578,0.00020278290372213926,459253.217080336,0.0,459253.217080336,0.2552772540729564,-25.26147671452346,False,True
2011-10-03,1131.4200439453125,42.959999084472656,41.2400016784668,0.00020278290372213926,459253.9825223512,0.0,459253.9825223512,0.7654420152073499,0.0,False,True
2011-10-04,1099.22998046875,45.45000076293945,43.380001068115234,0.00020278290372213926,459254.2376699731,0.0,459254.2376699731,0.2551476218800583,0.0,False,True
2011-10-05,1123.949951171875,40.81999969482422,40.45000076293945,0.00010139017035360414,459254.49281773675,0.0,459254.49281773675,0.2551477636323597,0.0,False,True
2011-10-06,1144.030029296875,37.810001373291016,38.310001373291016,-0.0,459471.2122923996,-386.5919023403126,459084.6203900593,0.1275723225712885,0.0,True,False
2011-10-07,1164.969970703125,36.27000045776367,37.040000915527344,0.00010139017035360414,459471.2122923996,-393.2666517414208,459077.9456406582,0.0,0.0,True,False
2011-10-10,1155.4599609375,36.20000076293945,37.310001373291016,0.00010139017035360414,459471.5951900755,-332.31672358944195,459139.2784664861,0.38289767589189333,0.0,True,False
2011-10-11,1194.8900146484375,33.02000045776367,34.790000915527344,0.00010139017035360414,459471.72282270505,-370.12295803908256,459101.59986466594,0.127632629556431,0.0,True,False
2011-10-12,1195.5400390625,32.86000061035156,34.060001373291016,0.00020278290372213926,459471.85045537003,-350.5784191208572,459121.27203624917,0.12763266501039225,0.0,True,False
2011-10-13,1207.25,31.260000228881836,32.970001220703125,0.00020278290372213926,459472.10572403274,-347.39203555146173,459124.71368848125,0.2552686627139088,0.0,True,False
2011-10-14,1203.6600341796875,30.700000762939453,32.709999084472656,0.00020278290372213926,459472.3609928373,-306.354658722299,459166.006334115,0.25526880453345685,0.0,True,False
2011-10-17,1224.5799560546875,28.239999771118164,30.38999938964844,0.00020278290372213926,459473.1268001019,-294.35447492495956,459178.7723251769,0.7658072645986809,0.0,True,False
2011-10-18,1200.8599853515625,33.38999938964844,33.599998474121094,0.00040557606002412504,459473.3820694737,-302.4640314440851,459170.9180380296,0.2552693718124369,0.0,True,False
2011-10-19,1225.3800048828125,31.559999465942383,31.979999542236328,0.00040557606002412504,459473.892621549,-354.3255111685929,459119.56711038045,0.5105520753671903,0.0,True,False
2011-10-20,1209.8800048828125,34.439998626708984,34.38999938964844,0.00030417820023607886,459474.4031741917,-337.465127968231,459136.9380462235,0.5105526426762703,0.0,True,True
2011-10-21,1215.3900146484375,34.779998779296875,34.20000076293945,0.00030417820023607886,459474.78608420613,-357.6145874403241,459117.1714967658,0.3829100144019404,0.0,True,True
2011-10-24,1238.25,31.31999969482422,31.969999313354492,0.00020278290372213926,459475.93481616396,-342.1853990251468,459133.7494171388,1.1487319578077835,0.0,True,False
2011-10-25,1254.18994140625,29.260000228881836,30.469999313354492,0.00020278290372213926,459476.19008709583,-364.91404332524615,459111.2760437706,0.25527093186122846,0.0,True,False
2011-10-26,1229.050048828125,32.220001220703125,32.36000061035156,0.00010139017035360414,459476.4453581695,-288.4476367646117,459187.9977214049,0.25527107368203716,0.0,True,False
2011-10-27,1242.0,29.86000061035156,30.940000534057617,0.00020278290372213926,459476.57299214636,-274.5344343912458,459202.0385577551,0.12763397684256167,0.0,True,False
2011-10-28,1284.5899658203125,25.459999084472656,27.030000686645508,0.00020278290372213926,459042.1378958494,0.0,459042.1378958494,0.2552712864125017,-218.09846524303865,False,False
2011-10-31,1285.0899658203125,24.530000686645508,26.520000457763672,0.00010139017035360414,459042.9029860568,0.0,459042.9029860568,0.7650902073803544,0.0,False,False
2011-11-01,1253.300048828125,29.959999084472656,30.3700008392334,0.00010139017035360414,459103.931186517,-230.90068691335998,458873.03049960366,0.12751354686700683,0.0,True,False
2011-11-02,1218.280029296875,34.77000045776367,34.02000045776367,0.00010139017035360414,459104.05871701636,-279.5093848894271,458824.5493321269,0.1275304993615318,0.0,True,True
2011-11-03,1237.9000244140625,32.7400016784668,32.880001068115234,0.00010139017035360414,459104.1862475512,-253.0819326918613,458851.1043148593,0.12753053478712317,0.0,True,False
2011-11-04,1261.1500244140625,30.5,31.6200008392334,0.00010139017035360414,459104.3137781214,-234.45343000129125,458869.8603481201,0.1275305702127244,0.0,True,False
2011-11-07,1253.22998046875,30.15999984741211,31.229999542236328,0.00010139017035360414,459104.6963700445,-195.9115368347319,458908.78483320976,0.38259192313819107,0.0,True,False
2011-11-08,1261.1199951171875,29.850000381469727,31.3799991607666,0.00010139017035360414,459104.8239007564,-192.8456571574489,458911.978243599,0.12753071191522766,0.0,True,False
2011-11-09,1275.9200439453125,27.479999542236328,29.520000457763672,0.00010139017035360414,459104.95143150375,-165.7210334769878,458939.23039802676,0.1275307473408781,0.0,True,False
2011-11-10,1229.0999755859375,36.15999984741211,35.4900016784668,0.00010139017035360414,459105.0789622865,-245.93669314491063,458859.1422691416,0.12753078276653837,0.0,True,True
2011-11-11,1239.699951171875,32.810001373291016,33.75,0.00010139017035360414,459105.2064931047,-196.48979144796564,458908.71670165675,0.12753081819220846,0.0,True,False
2011-11-14,1263.8499755859375,30.040000915527344,31.600000381469727,0.00010139017035360414,459105.58908577176,-152.82397557986152,458952.7651101919,0.38259266707705647,0.0,True,False
2011-11-15,1251.780029296875,31.1299991607666,32.720001220703125,0.00010139017035360414,459105.71661673166,-151.58631826621811,458954.13029846543,0.12753095989498728,0.0,True,False
2011-11-16,1257.81005859375,31.219999313354492,32.52000045776367,0.00010139017035360414,459105.844147727,-148.35476434348013,458957.48938338354,0.12753099532070658,0.0,True,False
2011-11-17,1236.9100341796875,33.5099983215332,34.38999938964844,0.00010139017035360414,459105.97167875775,-158.04608033804269,458947.9255984197,0.12753103074643574,0.0,True,False
2011-11-18,1216.1300048828125,34.5099983215332,35.31999969482422,0.00020278290372213926,459106.09920982394,-161.29582214187252,458944.80338768207,0.12753106617217472,0.0,True,False
2011-11-21,1215.6500244140625,32.0,34.20000076293945,0.00010139017035360414,459106.8644066363,-122.96840263185645,458983.8960040044,0.7651968123539138,0.0,True,False
2011-11-22,1192.97998046875,32.90999984741211,34.779998779296875,0.00020278290372213926,459106.9919379504,-132.62941125295004,458974.36252669746,0.12753131415530972,0.0,True,False
2011-11-23,1188.0400390625,31.969999313354492,34.2400016784668,0.00020278290372213926,459107.2470039088,-123.38273231350108,458983.8642715953,0.2550659583573108,0.0,True,False
2011-11-25,1161.7900390625,33.97999954223633,35.869998931884766,0.00020278290372213926,458959.86778068973,0.0,458959.86778068973,0.5101323418282641,-86.98866864752986,False,False
2011-11-28,1158.6700439453125,34.470001220703125,36.45000076293945,0.00020278290372213926,458960.6327337767,0.0,458960.6327337767,0.7649530869413522,0.0,False,False
2011-11-29,1192.550048828125,32.130001068115234,33.939998626708984,0.00030417820023607886,458960.88771842234,0.0,458960.88771842234,0.2549846456103203,0.0,False,False
2011-11-30,1195.18994140625,30.63999938964844,33.209999084472656,0.00020278290372213926,458961.2702004908,0.0,458961.2702004908,0.38248206845064064,0.0,False,False
2011-12-01,1246.9599609375,27.799999237060547,30.579999923706055,0.00010139017035360414,458961.52518549055,0.0,458961.52518549055,0.2549849997675456,0.0,False,False
2011-12-02,1244.5799560546875,27.40999984741211,30.030000686645508,0.00010139017035360414,458961.65267643216,0.0,458961.65267643216,0.12749094163355493,0.0,False,False
2011-12-05,1244.280029296875,27.520000457763672,29.850000381469727,0.00020278290372213926,458962.0351494695,0.0,458962.0351494695,0.3824730373346509,0.0,False,False
2011-12-06,1257.0799560546875,27.84000015258789,29.899999618530273,0.00010139017035360414,459155.01419966744,-362.72406477317844,458792.29013489425,0.25498542475006114,0.0,True,False
2011-12-07,1258.469970703125,28.1299991607666,30.15999984741211,0.00010139017035360414,459155.1417443567,-362.77543146622577,458792.3663128905,0.12754468926872586,0.0,True,False
2011-12-08,1261.010009765625,28.670000076293945,30.6200008392334,0.00020278290372213926,459155.2692890814,-372.37479525874903,458782.89449382265,0.12754472469825895,0.0,True,False
2011-12-09,1234.3499755859375,30.59000015258789,32.09000015258789,0.00010139017035360414,459155.5243818612,-362.05774126019986,458793.466640601,0.2550927797933799,0.0,True,False
2011-12-12,1255.18994140625,26.3799991607666,29.530000686645508,0.00010139017035360414,459155.90701646043,-263.10353944613166,458892.8034770143,0.3826345991984717,0.0,True,False
2011-12-13,1236.469970703125,25.670000076293945,30.170000076293945,0.00010139017035360414,459156.0345613977,-231.63550925783971,458924.39905213984,0.12754493727655963,0.0,True,False
2011-12-14,1225.72998046875,25.40999984741211,30.170000076293945,0.00010139017035360414,459156.1621063704,-218.5870494777684,458937.5750568926,0.12754497270616158,0.0,True,False
2011-12-15,1211.8199462890625,26.040000915527344,30.420000076293945,0.00010139017035360414,459156.2896513785,-224.41264697301168,458931.8770044055,0.12754500813577338,0.0,True,False
2011-12-16,1215.75,25.11000061035156,29.459999084472656,-0.0,459156.4171964221,-200.00617086681098,458956.4110255553,0.12754504356539503,0.0,True,False
2011-12-19,1219.6600341796875,24.290000915527344,29.030000686645508,-0.0,459156.4171964221,-165.00405294949394,458991.41314347263,0.0,0.0,True,False
2011-12-20,1205.3499755859375,24.920000076293945,28.739999771118164,0.00010139017035360414,459156.4171964221,-174.7843460549728,458981.63285036717,0.0,0.0,True,False
2011-12-21,1241.300048828125,23.219999313354492,26.8700008392334,0.00010139017035360414,459156.5447415011,-130.82381389025278,459025.7209276108,0.12754507899502654,0.0,True,False
2011-12-22,1243.719970703125,21.43000030517578,25.559999465942383,0.00010139017035360414,459156.67228661553,-112.48676816145435,459044.18551845406,0.12754511442466787,0.0,True,False
2011-12-23,1254.0,21.15999984741211,25.280000686645508,0.00010139017035360414,459156.7998317654,-104.30315220206201,459052.49667956337,0.12754514985431903,0.0,True,False
2011-12-27,1265.3299560546875,20.729999542236328,25.219999313354492,0.00010139017035360414,459058.98343412916,0.0,459058.98343412916,0.510180953606577,94.39748618332229,False,False
2011-12-28,1265.4300537109375,21.90999984741211,25.540000915527344,0.00020278290372213926,459059.11095214286,0.0,459059.11095214286,0.12751801371521554,0.0,False,False
2011-12-29,1249.6400146484375,23.520000457763672,26.75,0.00010139017035360414,459059.3659915,0.0,459059.3659915,0.2550393571298266,0.0,False,False
2011-12-30,1263.02001953125,22.649999618530273,26.25,0.00020278290372213926,459059.49350961996,0.0,459059.49350961996,0.12751811998250975,0.0,False,False
2012-01-03,1257.5999755859375,23.399999618530273,26.86000061035156,0.00020278290372213926,459203.15188047226,-312.6382117234267,458890.51366874884,1.0201591288809346,0.0,True,False
2012-01-04,1277.06005859375,22.969999313354492,26.049999237060547,0.00020278290372213926,459203.4069998542,-330.7918568795773,458872.6151429746,0.2551193819128776,0.0,True,False
2012-01-05,1277.300048828125,22.219999313354492,25.309999465942383,0.00020278290372213926,459203.66211937787,-294.27571056454013,458909.38640881336,0.2551195236494897,0.0,True,False
2012-01-06,1281.06005859375,21.479999542236328,24.700000762939453,0.00020278290372213926,459203.9172390433,-271.67471091240174,458932.2425281309,0.2551196653861806,0.0,True,False
2012-01-09,1277.81005859375,20.6299991607666,24.09000015258789,0.00020278290372213926,459204.6825988899,-209.31502931961913,458995.3675695703,0.765359846659662,0.0,True,False
2012-01-10,1280.699951171875,21.06999969482422,24.1200008392334,0.00010139017035360414,459204.9377191223,-212.733689403841,458992.2040297184,0.2551202323337316,0.0,True,False
2012-01-11,1292.0799560546875,20.690000534057617,23.68000030517578,0.00020278290372213926,459205.06527767936,-220.42783513830696,458984.6374425411,0.1275585570902222,0.0,True,False
2012-01-12,1292.47998046875,21.049999237060547,24.11000061035156,0.00020278290372213926,459205.3203981243,-220.8986445187487,458984.42175360554,0.25512044493849234,0.0,True,False
2012-01-13,1295.5,20.469999313354492,24.040000915527344,0.00030417820023607886,459205.57551871095,-205.67473465934353,458999.9007840516,0.25512058667569504,0.0,True,False
2012-01-17,1289.0899658203125,20.90999984741211,24.670000076293945,0.00030417820023607886,459207.1062645555,-156.20090442656533,459050.9053601289,1.5307458445295128,0.0,True,False
2012-01-18,1293.6700439453125,22.200000762939453,25.0,0.00030417820023607886,459207.4889518139,-181.58983507532113,459025.8991167386,0.38268725843814494,0.0,True,False
2012-01-19,1308.0400390625,20.88999938964844,24.18000030517578,0.00030417820023607886,459207.87163939123,-179.31069147589577,459028.56094791536,0.382687577356419,0.0,True,False
2012-01-20,1314.5,19.8700008392334,23.649999618530273,0.000506976483216771,459208.2543272875,-161.6852646517404,459046.56906263577,0.3826878962749588,0.0,True,False
2012-01-23,1315.3800048828125,18.280000686645508,22.81999969482422,0.000506976483216771,459210.167819925,-101.8792646010801,459108.2885553239,1.913492637486111,0.0,True,False
2012-01-24,1316.0,18.670000076293945,22.31999969482422,0.00040557606002412504,459210.805652576,-103.72337227304895,459107.08228030294,0.6378326509890951,0.0,True,False
2012-01-25,1314.6500244140625,18.90999984741211,22.030000686645508,0.00040557606002412504,459211.31591288483,-100.51734855898069,459110.79856432584,0.5102603088801181,0.0,True,False
2012-01-26,1326.06005859375,18.309999465942383,21.36000061035156,0.00040557606002412504,459211.8261737607,-103.37843027535459,459108.44774348533,0.5102608758649965,0.0,True,False
2012-01-27,1318.4300537109375,18.56999969482422,21.68000030517578,0.000506976483216771,459111.82929526386,0.0,459111.82929526386,0.5102614428505049,42.13107178373789,False,False
2012-01-30,1316.3299560546875,18.530000686645508,21.399999618530273,0.0006083794699427381,459113.74238610413,0.0,459113.74238610413,1.913090840290377,0.0,False,False
2012-01-31,1313.010009765625,19.399999618530273,21.920000076293945,0.000506976483216771,459251.16827291023,-306.6606385649986,458944.5076343452,0.7652482410998593,0.0,True,False
2012-02-01,1312.4100341796875,19.440000534057617,22.09000015258789,0.0006083794699427381,459251.80616250995,-298.68901620237295,458953.1171463076,0.6378895997011489,0.0,True,False
2012-02-02,1324.0899658203125,18.549999237060547,21.540000915527344,0.0006083794699427381,459252.571640875,-288.7978336642358,458963.7738072108,0.7654783650371326,0.0,True,False
2012-02-03,1325.5400390625,17.979999542236328,21.010000228881836,0.0008111931345149166,459253.33712051593,-261.1663475728572,458992.17077294306,0.7654796409322288,0.0,True,False
2012-02-06,1344.9000244140625,17.100000381469727,20.049999237060547,0.0008111931345149166,459256.39912925026,-254.43721847596973,459001.9619107743,3.062008734328145,0.0,True,False
2012-02-07,1344.3299560546875,17.760000228881836,20.38999938964844,0.0008111931345149166,459257.4198033652,-260.49493117286914,458996.9248721923,1.0206741149430971,0.0,True,False
2012-02-08,1347.050048828125,17.649999618530273,20.13999938964844,0.0008111931345149166,459258.44047974853,-252.92504794054648,459005.51543180796,1.0206763833396852,0.0,True,False
2012-02-09,1349.9599609375,18.15999984741211,20.68000030517578,0.0009126038126204015,459259.4611584003,-272.3226845618103,458987.13847383845,1.020678651741315,0.0,True,False
2012-02-10,1351.949951171875,18.6299991607666,21.34000015258789,0.0009126038126204015,459260.60943911044,-287.8207601324678,458972.788678978,1.1482807101498071,0.0,True,False
2012-02-13,1342.6400146484375,20.790000915527344,23.280000686645508,0.0009126038126204015,459264.054298467,-279.5289926898522,458984.52530577715,3.444859356568993,0.0,True,False
2012-02-14,1351.77001953125,19.040000915527344,22.1200008392334,0.001115432861117531,459265.2025906613,-242.19987942466855,459023.00271123665,1.1482921943207034,0.0,True,False
2012-02-15,1350.5,19.540000915527344,22.81999969482422,0.0012168512317685082,459266.6060982824,-237.6345118915604,459028.9715863908,1.4035076211022257,0.0,True,False
2012-02-16,1343.22998046875,21.13999938964844,24.1200008392334,0.001115432861117531,459268.1372217534,-244.48706587222046,459023.6501558812,1.5311234710146155,0.0,True,False
2012-02-17,1358.0400390625,19.219999313354492,23.170000076293945,0.0010140170547777556,459269.54073834274,-222.45659525180014,459047.08414309093,1.4035165892911494,0.0,True,False
2012-02-21,1361.22998046875,17.780000686645508,22.38999938964844,0.0009126038126204015,459274.6444066676,-121.98155201585313,459152.66285465175,5.103668324855914,0.0,True,False
2012-02-22,1362.2099609375,18.190000534057617,22.350000381469727,0.0008111931345149166,459275.79272534023,-122.55663876384395,459153.23608657636,1.148318672636326,0.0,True,False
2012-02-23,1357.6600341796875,18.190000534057617,22.09000015258789,0.0009126038126204015,459276.8134425565,-105.1103650822878,459171.7030774742,1.0207172162293552,0.0,True,False
2012-02-24,1363.4599609375,16.799999237060547,20.780000686645508,0.0009126038126204015,459178.4552187571,0.0,459178.4552187571,1.1483240958497412,37.15409066976633,False,False
2012-02-27,1365.739990234375,17.309999465942383,21.18000030517578,0.0010140170547777556,459181.8994618846,0.0,459181.8994618846,3.4442431275067804,0.0,False,False
2012-02-28,1367.5899658203125,18.190000534057617,21.8700008392334,0.0012168512317685082,459183.1751301697,0.0,459183.1751301697,1.2756682851654533,0.0,False,False
2012-02-29,1372.1800537109375,17.959999084472656,21.600000381469727,0.0010140170547777556,459184.7059754949,0.0,459184.7059754949,1.5308453251364034,0.0,False,False
2012-03-01,1365.6800537109375,18.43000030517578,21.799999237060547,0.0008111931345149166,459185.9816515769,0.0,459185.9816515769,1.275676082032901,0.0,False,False
2012-03-02,1374.0899658203125,17.260000228881836,21.030000686645508,0.0008111931345149166,459187.00216919254,0.0,459187.00216919254,1.0205176156611337,0.0,False,False
2012-03-05,1369.6300048828125,17.290000915527344,21.260000228881836,0.0007097850203325396,459190.06373564765,0.0,459190.06373564765,3.061566455124216,0.0,False,False
2012-03-06,1364.3299560546875,18.049999237060547,21.989999771118164,0.0008111931345149166,459561.7374306815,-540.7807455937645,459020.9566850877,0.8929494400411948,0.0,True,False
2012-03-07,1343.3599853515625,20.8700008392334,23.899999618530273,0.0008111931345149166,459562.75878339534,-596.1332142055542,458966.6255691898,1.0213527138720666,0.0,True,False
2012-03-08,1352.6300048828125,19.06999969482422,22.719999313354492,0.0008111931345149166,459563.78013837914,-513.1343380860488,459050.6458002931,1.0213549837768068,0.0,True,False
2012-03-09,1365.9100341796875,17.950000762939453,21.84000015258789,0.0008111931345149166,459564.8014956328,-479.04490942025035,459085.75658621255,1.0213572536865916,0.0,True,False
2012-03-12,1370.8699951171875,17.110000610351562,21.219999313354492,0.0009126038126204015,459567.8655810132,-392.99412990512536,459174.8714511081,3.0640853803967825,0.0,True,False
2012-03-13,1371.0899658203125,15.640000343322754,20.809999465942383,0.0009126038126204015,459569.01463282306,-316.0450708694891,459252.96956195356,1.1490518098861482,0.0,True,False
2012-03-14,1395.949951171875,14.800000190734863,19.600000381469727,0.0008111931345149166,459570.16368750593,-360.47014384826525,459209.69354365766,1.1490546828460755,0.0,True,False
2012-03-15,1394.280029296875,15.3100004196167,20.75,0.0009126038126204015,459571.1850589467,-368.1309736947159,459203.054085252,1.021371440801605,0.0,True,False
2012-03-16,1402.5999755859375,15.420000076293944,20.540000915527344,0.0008111931345149166,459572.33411905624,-403.77256425033636,459168.5615548059,1.1490601095354775,0.0,True,False
2012-03-19,1404.1700439453125,14.470000267028809,20.3700008392334,0.0009126038126204015,459575.3982546594,-279.35331957820136,459296.04493508115,3.0641356031319282,0.0,True,False
2012-03-20,1409.75,15.039999961853027,19.940000534057617,0.0010140170547777556,459576.54732530314,-318.69223378414546,459257.855091519,1.149070643736238,0.0,True,False
2012-03-21,1405.52001953125,15.579999923706056,19.959999084472656,0.0010140170547777556,459577.8240899725,-287.3577193660547,459290.46637060645,1.2767646693299017,0.0,True,False
2012-03-22,1402.8900146484375,15.130000114440918,19.25,0.0009126038126204015,459579.1008581888,-222.6147544034645,459356.48610378534,1.2767682163516771,0.0,True,False
2012-03-23,1392.780029296875,15.56999969482422,19.549999237060547,0.0008111931345149166,459393.9468689373,0.0,459393.9468689373,1.1490799013097226,184.47767644097556,False,False
2012-03-26,1397.1099853515625,14.81999969482422,18.63999938964844,0.0008111931345149166,459397.00981516787,0.0,459397.00981516787,3.0629462305704096,0.0,False,False
2012-03-27,1416.510009765625,14.260000228881836,17.43000030517578,0.0009126038126204015,459398.03080178297,0.0,459398.03080178297,1.0209866150795626,0.0,False,False
2012-03-28,1412.52001953125,15.59000015258789,18.56999969482422,0.0009126038126204015,459399.17942895705,0.0,459399.17942895705,1.1486271741031187,0.0,False,False
2012-03-29,1405.5400390625,15.470000267028809,18.790000915527344,0.0009126038126204015,459400.32805900305,0.0,459400.32805900305,1.1486300460013348,0.0,False,False
2012-03-30,1403.280029296875,15.479999542236328,18.84000015258789,0.0007097850203325396,459401.47669192095,0.0,459401.47669192095,1.1486329179067312,0.0,False,False
2012-04-02,1408.469970703125,15.5,18.61000061035156,0.0007097850203325396,459404.15677880554,0.0,459404.15677880554,2.6800868845635213,0.0,False,False
2012-04-03,1419.0400390625,15.640000343322754,18.459999084472656,0.0008111931345149166,459758.39333194366,-523.3431873688291,459235.05014457484,0.8933657693089697,0.0,True,False
2012-04-04,1413.3800048828125,15.65999984741211,18.809999465942383,0.0008111931345149166,459759.41512171534,-495.9474654248669,459263.46765629045,1.0217897716645103,0.0,True,False
2012-04-05,1398.9599609375,16.440000534057617,19.450000762939453,0.0008111931345149166,459760.4369137579,-490.61877540131417,459269.81813835655,1.0217920425405893,0.0,True,False
2012-04-09,1398.0799560546875,16.700000762939453,19.81999969482422,0.0008111931345149166,459764.52410463674,-438.54926673987535,459325.9748378969,4.087190878873722,0.0,True,False
2012-04-10,1382.199951171875,18.809999465942383,21.209999084472656,0.0009126038126204015,459765.54590803373,-525.182673091163,459240.36323494255,1.021803396996687,0.0,True,False
2012-04-11,1358.5899658203125,20.38999938964844,22.6200008392334,0.0009126038126204015,459766.69545410125,-642.3751859198886,459124.3202681814,1.1495460675454705,0.0,True,False
2012-04-12,1368.7099609375,20.020000457763672,22.469999313354492,0.0009126038126204015,459767.845003043,-578.681856121474,459189.16314692155,1.1495489417411842,0.0,True,False
2012-04-13,1387.5699462890625,17.200000762939453,20.25,0.0009126038126204015,459768.99455485895,-398.0568494749535,459370.937705384,1.1495518159440843,0.0,True,False
2012-04-16,1370.260009765625,19.549999237060547,21.989999771118164,0.0009126038126204015,459772.443227552,-484.97482692242954,459287.4684006296,3.4486726930205243,0.0,True,False
2012-04-17,1369.5699462890625,19.549999237060547,22.040000915527344,0.0008111931345149166,459773.5927908648,-470.2581374569489,459303.33465340786,1.1495633128275482,0.0,True,False
2012-04-18,1390.780029296875,18.459999084472656,20.850000381469727,0.0008111931345149166,459774.6146144165,-356.03714759229945,459418.5774668242,1.021823551693077,0.0,True,False
2012-04-19,1385.1400146484375,18.63999938964844,21.1200008392334,0.0007097850203325396,459775.63644023915,-354.70245149203396,459420.9339887471,1.0218258226442303,0.0,True,False
2012-04-20,1376.9200439453125,18.36000061035156,21.229999542236328,0.0007097850203325396,459776.5305283946,-347.80709637217353,459428.72343202244,0.8940881554881593,0.0,True,False
2012-04-23,1378.530029296875,17.440000534057617,20.479999542236328,0.0008111931345149166,459779.2128032932,-261.0296323638445,459518.1831709294,2.6822748985755274,0.0,True,False
2012-04-24,1366.93994140625,18.969999313354492,21.38999938964844,0.0008111931345149166,459780.2346393351,-335.0568089520735,459445.177830383,1.021836041886403,0.0,True,False
2012-04-25,1371.969970703125,18.100000381469727,20.510000228881836,0.0009126038126204015,459781.2564776479,-272.602695965406,459508.65378168254,1.021838312865315,0.0,True,False
2012-04-26,1390.68994140625,16.81999969482422,19.459999084472656,0.0009126038126204015,459597.62529500504,0.0,459597.62529500504,1.1495853484869842,168.56241937742317,False,False
2012-04-27,1399.97998046875,16.239999771118164,18.549999237060547,0.0009126038126204015,459598.77442122274,0.0,459598.77442122274,1.1491262177283517,0.0,False,False
2012-04-30,1403.3599853515625,16.31999969482422,18.739999771118164,0.0009126038126204015,459602.22181711474,0.0,459602.22181711474,3.4473958919886454,0.0,False,False
2012-05-01,1397.9100341796875,17.149999618530273,19.31999969482422,0.0010140170547777556,459918.2973605171,-484.92640569200375,459433.3709548251,1.149137710355328,0.0,True,False
2012-05-02,1405.8199462890625,16.600000381469727,19.1299991607666,0.0009126038126204015,459919.5750746134,-478.99169909281227,459440.5833755206,1.2777140963040212,0.0,True,False
2012-05-03,1402.31005859375,16.8799991607666,19.010000228881836,0.0008111931345149166,459920.72500579816,-450.8575719192865,459469.8674338789,1.149931184752066,0.0,True,False
2012-05-04,1391.5699462890625,17.559999465942383,19.5,0.0009126038126204015,459921.7471563438,-434.0859488156506,459487.66120752814,1.0221505455978792,0.0,True,False
2012-05-07,1369.0999755859375,19.15999984741211,20.719999313354492,0.0007097850203325396,459925.1969748159,-439.59546887338865,459485.6015059425,3.449818472165633,0.0,True,False
2012-05-08,1369.5799560546875,18.940000534057617,20.450000762939453,0.0010140170547777556,459926.0913538096,-414.0469771219979,459512.04437668755,0.8943789936533324,0.0,True,False
2012-05-09,1363.719970703125,19.049999237060547,20.809999465942383,0.0009126038126204015,459927.3690895586,-413.2334285999579,459514.13566095865,1.2777357490522452,0.0,True,False
2012-05-10,1354.5799560546875,20.079999923706055,21.530000686645508,0.0009126038126204015,459928.51904023066,-453.635466477249,459474.8835737534,1.1499506720305503,0.0,True,False
2012-05-11,1357.989990234375,18.829999923706055,20.8700008392334,0.0010140170547777556,459929.6689937779,-389.37651392042306,459540.29247985745,1.149953547237892,0.0,True,False
2012-05-14,1353.3900146484375,19.88999938964844,21.549999237060547,0.0010140170547777556,459933.5022414917,-394.90070793571886,459538.60153355595,3.8332477138095524,0.0,True,False
2012-05-15,1338.3499755859375,21.8700008392334,22.969999313354492,0.0010140170547777556,459934.7799978292,-497.6560648964704,459437.1239329327,1.277756337482216,0.0,True,False
2012-05-16,1330.6600341796875,21.969999313354492,23.920000076293945,0.0009126038126204015,459936.05775771645,-519.7179253830927,459416.3398323334,1.2777598872589775,0.0,True,False
2012-05-17,1324.800048828125,22.270000457763672,24.920000076293945,0.0010140170547777556,459937.20773011266,-541.7414005963025,459395.4663295164,1.1499723961993185,0.0,True,False
2012-05-18,1304.8599853515625,24.489999771118164,26.40999984741211,0.0010140170547777556,459938.48549674446,-723.4264074549031,459215.05908928957,1.277766631821606,0.0,True,False
2012-05-21,1295.219970703125,25.100000381469727,27.65999984741211,0.0008111931345149166,459942.31881793874,-762.7480528158416,459179.5707651229,3.8333211942612797,0.0,True,False
2012-05-22,1315.989990234375,22.010000228881836,24.709999084472656,0.0009126038126204015,459943.34101647546,-489.82558493179135,459453.5154315437,1.0221985367530089,0.0,True,False
2012-05-23,1316.6300048828125,22.479999542236328,25.229999542236328,0.0009126038126204015,459944.4910070819,-477.66039213804004,459466.8306149438,1.1499906064404726,0.0,True,False
2012-05-24,1318.8599853515625,22.329999923706055,25.11000061035156,0.0009126038126204015,459945.6410005636,-435.8382552491567,459509.8027453145,1.1499934817476614,0.0,True,False
2012-05-25,1320.6800537109375,21.540000915527344,24.780000686645508,0.0010140170547777556,459570.1559483254,0.0,459570.1559483254,1.1499963570620393,-61.70864290324143,False,False
2012-05-29,1317.8199462890625,21.760000228881836,24.93000030517578,0.0009126038126204015,459575.26295726007,0.0,459575.26295726007,5.10700893464835,0.0,False,False
2012-05-30,1332.4200439453125,21.030000686645508,23.88999938964844,0.0009126038126204015,459576.41202756553,0.0,459576.41202756553,1.1490703054538356,0.0,False,False
2012-05-31,1313.3199462890625,24.13999938964844,26.190000534057617,0.0007097850203325396,459577.561100744,0.0,459577.561100744,1.1490731784600074,0.0,False,False
2012-06-01,1310.3299560546875,24.059999465942383,26.219999313354492,0.0007097850203325396,459578.45480371855,0.0,459578.45480371855,0.8937029745414087,0.0,False,False
2012-06-04,1278.0400390625,26.65999984741211,28.469999313354492,0.0007097850203325396,459581.1359230698,0.0,459581.1359230698,2.6811193512410316,0.0,False,False
2012-06-05,1278.1800537109375,26.1200008392334,28.1200008392334,0.0008111931345149166,459811.30536519387,-399.2757321978533,459412.029632996,0.8937099262066257,0.0,True,False
2012-06-06,1285.5,24.68000030517578,26.8700008392334,0.0008111931345149166,459812.32727255987,-359.42992283901447,459452.8973497209,1.0219073659817806,0.0,True,False
2012-06-07,1315.1300048828125,22.15999984741211,24.709999084472656,0.0009126038126204015,459813.349182197,-365.4500307944022,459447.8991514026,1.021909637119207,0.0,True,False
2012-06-08,1314.989990234375,21.719999313354492,24.469999313354492,0.0009126038126204015,459814.4988477865,-338.5452399369089,459475.9536078496,1.1496655894764183,0.0,True,False
2012-06-11,1325.6600341796875,21.229999542236328,23.63999938964844,0.0009126038126204015,459817.94786180183,-323.0749822697571,459494.87287953205,3.4490140153243183,0.0,True,False
2012-06-12,1308.9300537109375,23.559999465942383,25.5,0.0009126038126204015,459819.0975388893,-316.7147151149652,459502.38282377436,1.1496770874977524,0.0,True,False
2012-06-13,1324.1800537109375,22.09000015258789,24.940000534057617,0.0010140170547777556,459820.24721885135,-325.2498404584617,459494.9973783929,1.1496799620210538,0.0,True,False
2012-06-14,1314.8800048828125,24.270000457763672,26.5,0.0010140170547777556,459821.52466055134,-339.94454693023386,459481.5801136211,1.2774416999917417,0.0,True,False
2012-06-15,1329.0999755859375,21.68000030517578,25.0,0.001115432861117531,459822.80210580025,-308.0621737942383,459514.739932006,1.2774452488943981,0.0,True,False
2012-06-18,1342.8399658203125,21.11000061035156,23.670000076293945,0.0009126038126204015,459827.0177535939,-307.3420193791775,459519.6757342147,4.215647793676853,0.0,True,False
2012-06-19,1344.780029296875,18.31999969482422,22.1299991607666,0.0010140170547777556,459828.16745335876,-209.9909244596989,459618.17652889906,1.1496997648352247,0.0,True,False
2012-06-20,1357.97998046875,18.3799991607666,21.920000076293945,0.0009126038126204015,459829.44491706224,-266.3772992509577,459563.06761781126,1.2774637034548224,0.0,True,False
2012-06-21,1355.68994140625,17.239999771118164,20.84000015258789,0.0009126038126204015,459830.5946228957,-196.99359001789117,459633.6010328778,1.1497058334418115,0.0,True,False
2012-06-22,1325.510009765625,20.079999923706055,23.15999984741211,0.0009126038126204015,459831.74433160375,-150.8418791536449,459680.90245245013,1.149708708036986,0.0,True,False
2012-06-25,1335.02001953125,18.11000061035156,21.510000228881836,0.0009126038126204015,459717.3512924741,0.0,459717.3512924741,3.449143371652872,111.43354969653004,False,False
2012-06-26,1313.719970703125,20.3799991607666,23.030000686645508,0.0010140170547777556,459718.5007180412,0.0,459718.5007180412,1.1494255671485039,0.0,False,False
2012-06-27,1319.989990234375,19.719999313354492,22.469999313354492,0.0010140170547777556,459719.7778770759,0.0,459719.7778770759,1.2771590347029702,0.0,False,False
2012-06-28,1331.8499755859375,19.450000762939453,22.36000061035156,0.0009126038126204015,459721.05503965874,0.0,459721.05503965874,1.277162582820345,0.0,False,False
2012-06-29,1329.0400390625,19.709999084472656,22.25,0.0009126038126204015,459722.2044744863,0.0,459722.2044744863,1.1494348275814554,0.0,False,False
2012-07-02,1362.1600341796875,17.079999923706055,20.31999969482422,0.0009126038126204015,459725.65279621247,0.0,459725.65279621247,3.448321726177617,0.0,False,False
2012-07-03,1365.510009765625,16.799999237060547,19.790000915527344,0.0010140170547777556,459990.4773044942,-433.6750619584254,459556.80224253575,1.1494463232948966,0.0,True,False
2012-07-05,1374.02001953125,16.65999984741211,19.31999969482422,0.0009126038126204015,459993.0331372878,-416.5171612689764,459576.51597601885,2.5558327936709864,0.0,True,False
2012-07-06,1367.5799560546875,17.5,20.11000061035156,0.0008111931345149166,459994.18325213884,-421.9450053518034,459572.23824678705,1.1501148510311694,0.0,True,False
2012-07-09,1354.6800537109375,17.100000381469727,20.040000915527344,0.0008111931345149166,459997.2502003633,-327.65876830992573,459669.59143205336,3.066948224458028,0.0,True,False
2012-07-10,1352.4599609375,17.979999542236328,20.3700008392334,0.0009126038126204015,459998.27252098225,-341.05156182231536,459657.22095915995,1.0223206189716671,0.0,True,False
2012-07-11,1341.469970703125,18.719999313354492,20.8700008392334,0.0009126038126204015,459999.42264893325,-349.74490358432274,459649.67774534895,1.1501279509969582,0.0,True,False
2012-07-12,1341.449951171875,17.950000762939453,20.25,0.0010140170547777556,460000.5727797599,-307.99744222208085,459692.5753375378,1.150130826647548,0.0,True,False
2012-07-13,1334.760009765625,18.329999923706055,20.690000534057617,0.0010140170547777556,460001.85072242824,-314.8543517252629,459686.996370703,1.2779426683429012,0.0,True,False
2012-07-16,1356.780029296875,16.739999771118164,19.38999938964844,0.0010140170547777556,460005.684571735,-215.61246746787458,459790.0721042671,3.833849306759477,0.0,True,False
2012-07-17,1353.6400146484375,17.110000610351562,19.61000061035156,0.0010140170547777556,460006.96252860455,-213.6713833320183,459793.29114527255,1.2779568695797325,0.0,True,False
2012-07-18,1363.6700439453125,16.479999542236328,18.920000076293945,0.0010140170547777556,460008.24048902444,-185.4754291944029,459822.76505983004,1.2779604199135988,0.0,True,False
2012-07-19,1372.780029296875,16.15999984741211,18.940000534057617,0.0009126038126204015,460009.5184529947,-171.19203909657188,459838.32641389815,1.277963970257328,0.0,True,False
2012-07-20,1376.510009765625,15.449999809265137,18.61000061035156,0.0009126038126204015,460010.6686090638,-144.54507329895227,459866.1235357648,1.1501560690606885,0.0,True,False
2012-07-23,1362.6600341796875,16.270000457763672,19.63999938964844,0.0009126038126204015,459878.2527537073,0.0,459878.2527537073,3.450485461435138,127.80872114048398,False,False
2012-07-24,1350.52001953125,18.6200008392334,21.18000030517578,0.0010140170547777556,459879.40258157434,0.0,459879.40258157434,1.1498278670678197,0.0,False,False
2012-07-25,1338.31005859375,20.469999313354492,22.260000228881836,0.0010140170547777556,459880.6801876158,0.0,459880.6801876158,1.2776060414438146,0.0,False,False
2012-07-26,1337.8900146484375,19.34000015258789,21.8799991607666,0.0010140170547777556,459881.9577972066,0.0,459881.9577972066,1.2776095908030336,0.0,False,False
2012-07-27,1360.02001953125,17.530000686645508,20.239999771118164,0.001115432861117531,459883.23541034677,0.0,459883.23541034677,1.2776131401721131,0.0,False,False
2012-07-30,1385.969970703125,16.700000762939453,19.65999984741211,0.001115432861117531,459887.451612192,0.0,459887.451612192,4.216201845206724,0.0,False,False
2012-07-31,1385.300048828125,18.030000686645508,20.1299991607666,0.001115432861117531,459888.8570213968,0.0,459888.8570213968,1.4054092048473372,0.0,False,False
2012-08-01,1379.3199462890625,18.93000030517578,20.780000686645508,0.001115432861117531,459890.26243489655,0.0,459890.26243489655,1.405413499756942,0.0,False,False
2012-08-02,1375.3199462890625,18.959999084472656,20.670000076293945,0.0010140170547777556,459891.6678526912,0.0,459891.6678526912,1.405417794679672,0.0,False,False
2012-08-03,1365.0,17.56999969482422,20.229999542236328,0.0009126038126204015,459892.9454928072,0.0,459892.9454928072,1.2776401159955142,0.0,False,False
2012-08-06,1390.989990234375,15.640000343322754,18.68000030517578,0.0009126038126204015,459896.3950952415,0.0,459896.3950952415,3.4496024343037317,0.0,False,False
2012-08-07,1394.22998046875,15.949999809265137,18.739999771118164,0.0010140170547777556,460207.75906209904,-480.2140936293685,459727.54496846965,1.1498732281383746,0.0,True,False
2012-08-08,1401.3499755859375,15.989999771118164,18.809999465942383,0.001115432861117531,460209.0375803584,-499.62380512999573,459709.4137752284,1.2785182593446613,0.0,True,False
2012-08-09,1402.219970703125,15.31999969482422,18.579999923706055,0.001115432861117531,460210.4439723252,-453.5897968667899,459756.8541754584,1.4063919667779496,0.0,True,False
2012-08-10,1402.800048828125,15.279999732971191,18.229999542236328,0.001115432861117531,460211.85036858986,-424.55718782769225,459787.29318076215,1.4063962646908603,0.0,True,False
2012-08-13,1405.8699951171875,14.739999771118164,18.13999938964844,0.0010140170547777556,460216.0695831715,-359.70389374524274,459856.36568942625,4.219214581672472,0.0,True,False
2012-08-14,1404.1099853515625,13.699999809265137,18.06999969482422,0.001115432861117531,460217.3481245186,-294.7377524140587,459922.6103721045,1.2785413470756406,0.0,True,False
2012-08-15,1403.9300537109375,14.850000381469728,18.510000228881836,0.001115432861117531,460218.75454188226,-324.84635052193653,459893.9081913603,1.4064173636771673,0.0,True,False
2012-08-16,1405.530029296875,14.630000114440918,18.86000061035156,0.0009126038126204015,460220.1609635439,-308.2220881055629,459911.93887543835,1.4064216616676903,0.0,True,False
2012-08-17,1415.510009765625,14.289999961853027,18.549999237060547,0.0009126038126204015,460221.3116462798,-312.3931715774428,459908.9184747024,1.1506827359060292,0.0,True,False
2012-08-20,1418.1600341796875,13.449999809265137,18.350000381469727,0.0009126038126204015,460224.7637117497,-218.4135514194156,460006.3501603303,3.4520654698720383,0.0,True,False
2012-08-21,1418.1300048828125,14.020000457763672,18.59000015258789,0.001115432861117531,460225.91440599377,-221.40792149884686,460004.5064844949,1.1506942441000358,0.0,True,False
2012-08-22,1413.1700439453125,15.020000457763672,18.799999237060547,0.001115432861117531,460227.32084953587,-225.38732887089407,460001.933520665,1.4064435421058117,0.0,True,False
2012-08-23,1413.489990234375,15.109999656677246,19.420000076293945,0.001115432861117531,460228.727297376,-208.08747282129855,460020.63982455473,1.4064478401763358,0.0,True,False
2012-08-24,1402.0799560546875,15.960000038146973,20.09000015258789,0.001115432861117531,460230.1337495143,-193.24240673272018,460036.8913427816,1.4064521382599946,0.0,True,False
2012-08-27,1411.1300048828125,15.18000030517578,19.239999771118164,0.0010140170547777556,460091.70888557576,0.0,460091.70888557576,4.219382203404369,167.56984748743236,False,False
2012-08-28,1410.43994140625,16.350000381469727,19.920000076293945,0.001115432861117531,460092.9870814323,0.0,460092.9870814323,1.27819585654557,0.0,False,False
2012-08-29,1409.300048828125,16.489999771118164,19.81999969482422,0.0010140170547777556,460094.3931187505,0.0,460094.3931187505,1.4060373181811112,0.0,False,False
2012-08-30,1410.489990234375,17.059999465942383,20.459999084472656,0.0012168512317685082,460095.6713220642,0.0,460095.6713220642,1.2782033137017317,0.0,False,False
2012-08-31,1399.47998046875,17.829999923706055,20.920000076293945,0.0010140170547777556,460097.20520950976,0.0,460097.20520950976,1.5338874455912097,0.0,False,False
2012-09-04,1406.5799560546875,17.469999313354492,20.6200008392334,0.0009126038126204015,460464.98373177176,-532.6656564516571,459932.3180753201,5.112865810363689,0.0,True,False
2012-09-05,1404.93994140625,17.979999542236328,20.68000030517578,0.0010140170547777556,460466.13502663496,-525.3812503445107,459940.75377629045,1.1512948632238909,0.0,True,False
2012-09-06,1403.43994140625,17.739999771118164,19.989999771118164,0.001115432861117531,460467.41426269704,-471.84566136803625,459995.568601329,1.2792360620803391,0.0,True,False
2012-09-07,1432.1199951171875,15.600000381469728,18.6200008392334,0.001115432861117531,460468.82144425914,-487.58877642421396,459981.2326678349,1.4071815620721975,0.0,True,False
2012-09-10,1437.9200439453125,14.380000114440918,17.59000015258789,0.001115432861117531,460473.0430147474,-387.90122024389177,460085.1417945035,4.221570488215651,0.0,True,False
2012-09-11,1429.0799560546875,16.280000686645508,18.299999237060547,0.0010140170547777556,460474.45021351083,-406.752027315149,460067.6981861957,1.4071987634546568,0.0,True,False
2012-09-12,1433.56005859375,16.40999984741211,18.290000915527344,0.0010140170547777556,460475.7294726736,-423.038559402369,460052.6909132712,1.27925916277354,0.0,True,False
2012-09-13,1436.56005859375,15.800000190734863,17.600000381469727,0.0010140170547777556,460477.0087353903,-382.83439068647766,460094.17434470385,1.2792627167253494,0.0,True,False
2012-09-14,1459.989990234375,14.050000190734863,16.450000762939453,0.0010140170547777556,460478.288001661,-462.84333905589205,460015.4446626051,1.2792662706870321,0.0,True,False
2012-09-17,1465.77001953125,14.510000228881836,16.899999618530273,0.001115432861117531,460482.1258217969,-495.44150556099663,459986.6843162359,3.8378201358546913,0.0,True,False
2012-09-18,1461.18994140625,14.59000015258789,17.1299991607666,0.001115432861117531,460483.53304831724,-420.9582106776668,460062.5748376396,1.4072265203777659,0.0,True,False
2012-09-19,1459.3199462890625,14.18000030517578,16.6299991607666,0.0010140170547777556,460484.9402791381,-346.74195993032686,460138.19831920776,1.4072308208410598,0.0,True,False
2012-09-20,1461.050048828125,13.880000114440918,16.489999771118164,0.001115432861117531,460486.21956744365,-319.01339019223644,460167.2061772514,1.2792883055686841,0.0,True,False
2012-09-21,1460.260009765625,14.06999969482422,16.75,0.001115432861117531,460487.62680647447,-298.06528697480263,460189.56151949964,1.4072390308035103,0.0,True,False
2012-09-24,1460.1500244140625,13.979999542236328,16.790000915527344,0.001115432861117531,460491.84854936996,-215.3028774731337,460276.54567189683,4.221742895463333,0.0,True,False
2012-09-25,1456.8900146484375,14.149999618530272,16.59000015258789,0.001115432861117531,460493.2558056028,-186.77001247872457,460306.48579312407,1.407256232888467,0.0,True,False
2012-09-26,1441.5899658203125,15.43000030517578,17.600000381469727,0.001115432861117531,460334.18063775206,0.0,460334.18063775206,1.407260533442562,202.18322806744874,False,False
2012-09-27,1433.3199462890625,16.809999465942383,18.5,0.001115432861117531,460335.5874121541,0.0,460335.5874121541,1.4067744020980855,0.0,False,False
2012-09-28,1447.1500244140625,14.84000015258789,17.06999969482422,0.0009126038126204015,460336.9941908553,0.0,460336.9941908553,1.4067787011797128,0.0,False,False
2012-10-01,1440.6700439453125,15.729999542236328,17.610000610351562,0.0010140170547777556,460340.4471240462,0.0,460340.4471240462,3.4529331909173053,0.0,False,False
2012-10-02,1444.489990234375,16.31999969482422,17.920000076293945,0.0009126038126204015,460635.55968674505,-463.8336758144308,460171.7260109306,1.2788868843985766,0.0,True,False
2012-10-03,1445.75,15.710000038146973,17.739999771118164,0.0009126038126204015,460636.71140809724,-427.0880802820012,460209.62332781526,1.1517213521593985,0.0,True,False
2012-10-04,1450.989990234375,15.43000030517578,17.579999923706055,0.0009126038126204015,460637.863132329,-416.9089939287477,460220.95413840027,1.1517242317939493,0.0,True,False
2012-10-05,1461.4000244140625,14.550000190734863,17.059999465942383,0.0010140170547777556,460639.01485944045,-401.74129663430904,460237.27356280613,1.1517271114357002,0.0,True,False
2012-10-08,1460.9300537109375,14.329999923706056,16.93000030517578,0.001115432861117531,460642.8540191417,-335.3085021707389,460307.545516971,3.839159701231021,0.0,True,False
2012-10-09,1455.8800048828125,15.109999656677246,17.360000610351562,0.001115432861117531,460644.2617368451,-336.5577474047288,460307.70398944034,1.407717703355764,0.0,True,False
2012-10-10,1441.47998046875,16.3700008392334,18.010000228881836,0.0010140170547777556,460645.6694588504,-337.7363321657657,460307.9331266846,1.407722005320106,0.0,True,False
2012-10-11,1432.56005859375,16.290000915527344,18.1299991607666,0.0010140170547777556,460646.949193683,-311.2694574358669,460335.6797362471,1.2797348325709461,0.0,True,False
2012-10-12,1432.8399658203125,15.59000015258789,17.56999969482422,0.0010140170547777556,460648.22893207084,-270.1556600379493,460378.0732720329,1.2797383878442294,0.0,True,False
2012-10-15,1428.5899658203125,16.139999389648438,17.739999771118164,0.001115432861117531,460652.06816856604,-252.2706172566009,460399.79755130946,3.839236495195895,0.0,True,False
2012-10-16,1440.1300048828125,15.270000457763672,17.110000610351562,0.001115432861117531,460653.4759144277,-209.6454141822843,460443.83050024544,1.4077458616592151,0.0,True,False
2012-10-17,1454.9200439453125,15.220000267028809,16.969999313354492,0.0009126038126204015,460654.8836645914,-209.8905592372339,460444.9931053542,1.4077501637096084,0.0,True,False
2012-10-18,1460.9100341796875,15.06999969482422,16.610000610351562,0.001115432861117531,460656.0354342591,-203.92295616368648,460452.1124780954,1.1517696676605063,0.0,True,False
2012-10-19,1457.3399658203125,15.029999732971191,16.579999923706055,0.0010140170547777556,460657.4431922447,-181.5232081751705,460475.91998406954,1.4077579855641043,0.0,True,False
2012-10-22,1433.18994140625,17.059999465942383,18.1200008392334,0.0010140170547777556,460661.2825055354,-194.10083417687798,460467.1816713585,3.8393132907238354,0.0,True,False
2012-10-23,1433.8199462890625,16.6200008392334,17.8700008392334,0.0010140170547777556,460662.5622837431,-170.46707653689947,460492.0952072062,1.2797782076876791,0.0,True,False
2012-10-24,1413.1099853515625,18.829999923706055,19.450000762939453,0.001115432861117531,460663.8420655062,-243.6440304593643,460420.19803504687,1.2797817630814643,0.0,True,False
2012-10-25,1408.75,18.329999923706055,19.270000457763672,0.001115432861117531,460665.2498473487,-223.8540085976407,460441.3958387511,1.4077818425129622,0.0,True,False
2012-10-26,1412.969970703125,18.1200008392334,19.11000061035156,0.001115432861117531,460459.69447365805,0.0,460459.69447365805,1.4077861446733124,86.87051597906657,False,False
2012-10-31,1411.93994140625,17.809999465942383,19.020000457763672,0.0012168512317685082,460466.7303065132,0.0,460466.7303065132,7.035832855179468,0.0,False,False
2012-11-01,1412.1600341796875,18.600000381469727,19.309999465942383,0.001115432861117531,460468.26543101174,0.0,460468.26543101174,1.5351244985636594,0.0,False,False
2012-11-02,1427.5899658203125,16.690000534057617,17.729999542236328,0.0009126038126204015,460469.67261517496,0.0,460469.67261517496,1.4071841632298943,0.0,False,False
2012-11-05,1414.199951171875,17.59000015258789,18.549999237060547,0.0009126038126204015,460473.126543571,0.0,460473.126543571,3.453928396040581,0.0,False,False
2012-11-06,1417.260009765625,18.420000076293945,18.969999313354492,0.001115432861117531,460744.9363860891,-440.65852729545327,460304.2778587936,1.151315222594805,0.0,True,False
2012-11-07,1428.3900146484375,17.579999923706055,18.239999771118164,0.0010140170547777556,460746.3444157546,-422.6131071474387,460323.73130860715,1.4080296655492475,0.0,True,False
2012-11-08,1394.530029296875,19.079999923706055,19.809999465942383,0.0010140170547777556,460747.6244302756,-412.36715029043216,460335.2572799852,1.2800145209684715,0.0,True,False
2012-11-09,1377.510009765625,18.489999771118164,19.829999923706055,0.0010140170547777556,460748.9044483526,-396.2936183252803,460352.6108300273,1.2800180770187661,0.0,True,False
2012-11-12,1379.8499755859375,18.61000061035156,20.06999969482422,0.0009126038126204015,460752.74452391994,-367.41164563225766,460385.3328782877,3.840075567381579,0.0,True,False
2012-11-13,1380.030029296875,16.68000030517578,19.149999618530273,0.0009126038126204015,460753.8965382679,-303.7246227239556,460450.17191554396,1.1520143479481202,0.0,True,False
2012-11-14,1374.530029296875,16.649999618530273,18.969999313354492,0.001115432861117531,460755.0485554962,-302.7148476235477,460452.33370787266,1.1520172283152448,0.0,True,False
2012-11-15,1355.489990234375,17.920000076293945,19.8700008392334,0.0010140170547777556,460756.4566160644,-381.0277398946325,460375.4288761698,1.4080605681883953,0.0,True,False
2012-11-16,1353.3299560546875,17.989999771118164,19.790000915527344,0.0008111931345149166,460757.73665867845,-379.2869733751986,460378.44968530326,1.2800426140035923,0.0,True,False
2012-11-19,1359.8800048828125,16.40999984741211,18.93000030517578,0.0006083794699427381,460760.80869779066,-284.69725947240744,460476.1114383183,3.0720391122338455,0.0,True,False
2012-11-20,1386.8900146484375,15.239999771118164,17.59000015258789,0.0009126038126204015,460761.57669135276,-189.25869372473136,460572.317997628,0.7679935620990573,0.0,True,False
2012-11-21,1387.81005859375,15.079999923706056,17.280000686645508,0.0008111931345149166,460762.72872778366,-176.54215119323277,460586.1865765904,1.152036430906338,0.0,True,False
2012-11-23,1391.030029296875,15.3100004196167,17.579999923706055,0.0010140170547777556,460764.77677377197,-159.7709800663139,460605.00579370564,2.0480459883330604,0.0,True,False
2012-11-26,1409.1500244140625,15.140000343322754,17.579999923706055,0.0010140170547777556,460639.4786864662,0.0,460639.4786864662,3.8402078540315356,141.52023213560912,False,False
2012-11-27,1406.2900390625,15.5,17.309999465942383,0.0010140170547777556,460640.75840409996,0.0,460640.75840409996,1.279717633783275,0.0,False,False
2012-11-28,1398.93994140625,15.920000076293944,17.6200008392334,0.0010140170547777556,460642.03812528896,0.0,460642.03812528896,1.2797211890087778,0.0,False,False
2012-11-29,1409.9300537109375,15.510000228881836,17.200000762939453,0.0010140170547777556,460643.3178500332,0.0,460643.3178500332,1.2797247442441575,0.0,False,False
2012-11-30,1415.949951171875,15.0600004196167,16.81999969482422,0.0009126038126204015,460644.5975783327,0.0,460644.5975783327,1.2797282994894141,0.0,False,False
2012-12-03,1416.1800537109375,15.869999885559082,17.270000457763672,0.0008111931345149166,460648.0528188201,0.0,460648.0528188201,3.455240487440641,0.0,False,False
2012-12-04,1409.4599609375,16.639999389648438,17.81999969482422,0.0010140170547777556,460922.0019397053,-442.92535389027734,460479.076585815,1.0237669948694348,0.0,True,False
2012-12-05,1407.050048828125,17.1200008392334,18.190000534057617,0.0010140170547777556,460923.2824422262,-448.1260181725825,460475.1564240536,1.2805025208931573,0.0,True,False
2012-12-06,1409.280029296875,16.459999084472656,17.829999923706055,0.0010140170547777556,460924.56294830446,-408.5880324678729,460515.9749158366,1.2805060782991808,0.0,True,False
2012-12-07,1413.93994140625,16.579999923706055,17.84000015258789,0.0010140170547777556,460925.84345794015,-414.8916498545151,460510.9518080856,1.2805096357150871,0.0,True,False
2012-12-10,1418.0699462890625,15.899999618530272,17.290000915527344,0.0009126038126204015,460929.6850081918,-347.2910584000725,460582.39394979173,3.84155025166422,0.0,True,False
2012-12-11,1418.550048828125,16.049999237060547,17.350000381469727,0.0009126038126204015,460930.83746494184,-341.0733692841137,460589.76409565774,1.1524567500369556,0.0,True,False
2012-12-12,1427.8399658203125,15.56999969482422,17.0,0.0008111931345149166,460931.98992457334,-339.6538193651376,460592.3361052082,1.1524596315102127,0.0,True,False
2012-12-13,1428.47998046875,15.949999809265137,17.43000030517578,0.0007097850203325396,460933.01432260405,-350.334821574788,460582.67950102926,1.0243980307236191,0.0,True,False
2012-12-14,1419.449951171875,16.559999465942383,17.8799991607666,0.0006083794699427381,460933.9106614179,-326.8005198023036,460607.11014161556,0.8963388137963251,0.0,True,False
2012-12-17,1413.5799560546875,17.0,18.030000686645508,0.00040557606002412504,460936.2155115222,-282.5400883763559,460653.6754231458,2.304850104310435,0.0,True,False
2012-12-18,1430.3599853515625,16.34000015258789,17.5,0.000506976483216771,460936.7276890511,-293.0180475418804,460643.7096415092,0.5121775289383864,0.0,True,False
2012-12-19,1446.7900390625,15.56999969482422,16.809999465942383,0.0006083794699427381,460937.36791985517,-331.8398350365729,460605.5280848186,0.6402308040257413,0.0,True,False
2012-12-20,1435.81005859375,17.360000610351562,17.860000610351562,0.000506976483216771,460938.1362077052,-343.4923584170281,460594.6438492882,0.7682878500317876,0.0,True,False
2012-12-21,1443.68994140625,17.670000076293945,18.13999938964844,0.0006083794699427381,460938.7764404656,-398.56727394249657,460540.20916652307,0.6402327604266445,0.0,True,False
2012-12-24,1430.1500244140625,17.84000015258789,18.8700008392334,0.0006083794699427381,460941.0813149007,-256.7902050655991,460684.2911098351,2.3048744351116333,0.0,True,False
2012-12-26,1426.6600341796875,17.84000015258789,18.8700008392334,0.0006083794699427381,460942.6179042604,-207.32952506900295,460735.2883791914,1.5365893596951816,0.0,True,False
2012-12-27,1419.8299560546875,19.479999542236328,19.93000030517578,0.0009126038126204015,460943.3862008611,-240.75772827209744,460702.62847258896,0.7682966006766954,0.0,True,False
2012-12-28,1418.0999755859375,19.469999313354492,19.920000076293945,0.0008111931345149166,460716.7073623771,0.0,460716.7073623771,1.152491006958323,45.094024399366816,False,False
2012-12-31,1402.4300537109375,22.719999313354492,21.8799991607666,0.00010139017035360414,460719.7791279321,0.0,460719.7791279321,3.071765555019377,0.0,False,True
2013-01-02,1426.18994140625,18.020000457763672,18.729999542236328,0.000506976483216771,460996.68551736913,-446.6504306980485,460550.03508667107,0.25595873899295934,0.0,True,False
2013-01-03,1462.4200439453125,14.68000030517578,16.690000534057617,0.0008111931345149166,460997.32583145326,-450.1915084729606,460547.1343229803,0.640314084108073,0.0,True,False
2013-01-04,1459.3699951171875,14.5600004196167,16.739999771118164,0.0008111931345149166,460998.35037468973,-406.693909369763,460591.65646532,1.0245432364715523,0.0,True,False
2013-01-07,1466.469970703125,13.829999923706056,16.34000015258789,0.0007097850203325396,461001.42401806096,-365.00908615292104,460636.414931908,3.073643371235305,0.0,True,False
2013-01-08,1461.8900146484375,13.789999961853027,16.450000762939453,0.0007097850203325396,461002.3204899055,-315.65519747633203,460686.66529242916,0.8964718445478067,0.0,True,False
2013-01-09,1457.1500244140625,13.619999885559082,16.450000762939453,0.0007097850203325396,461003.2169634933,-265.03471963959015,460738.18224385375,0.896473587843437,0.0,True,False
2013-01-10,1461.02001953125,13.8100004196167,16.5,0.0006083794699427381,461004.1134388245,-277.36513329196225,460726.7483055325,0.8964753311424574,0.0,True,False
2013-01-11,1472.1199951171875,13.489999771118164,16.1200008392334,0.0006083794699427381,461004.8818379256,-313.0666114737923,460691.8152264518,0.7683991010928581,0.0,True,False
2013-01-14,1472.050048828125,13.359999656677246,16.010000228881836,0.0007097850203325396,461007.1870429136,-247.96255656278302,460759.2244863508,2.305204987992875,0.0,True,False
2013-01-15,1470.6800537109375,13.520000457763672,16.290000915527344,0.0008111931345149166,461008.083525965,-230.1097093088738,460777.9738166561,0.8964830514318869,0.0,True,False
2013-01-16,1472.3399658203125,13.550000190734863,16.329999923706055,0.0009126038126204015,461009.1080931099,-223.04843933983696,460786.05965377006,1.0245671449034117,0.0,True,False
2013-01-17,1472.6300048828125,13.420000076293944,16.239999771118164,0.0008111931345149166,461010.2607484405,-199.8068117425141,460810.453936698,1.152655330586874,0.0,True,False
2013-01-18,1480.93994140625,13.56999969482422,16.079999923706055,0.0007097850203325396,461011.2853204242,-243.0897299133714,460768.1955905108,1.0245719836702258,0.0,True,False
2013-01-22,1485.97998046875,12.460000038146973,15.289999961853027,0.0008111931345149166,460864.5088203133,0.0,460864.5088203133,3.5859745442452664,126.28795604296064,False,False
2013-01-23,1492.56005859375,12.43000030517578,14.720000267028809,0.0008111931345149166,460865.5330683707,0.0,460865.5330683707,1.0242480573830266,0.0,False,False
2013-01-24,1494.81005859375,12.460000038146973,14.5,0.0008111931345149166,460866.55731870444,0.0,460866.55731870444,1.024250333722521,0.0,False,False
2013-01-25,1494.8199462890625,12.6899995803833,14.670000076293944,0.0008111931345149166,460867.5815713145,0.0,460867.5815713145,1.0242526100670746,0.0,False,False
2013-01-28,1502.9599609375,12.890000343322754,14.65999984741211,0.0008111931345149166,460870.65434280265,0.0,460870.65434280265,3.0727714881464996,0.0,False,False
2013-01-29,1500.1800537109375,13.56999969482422,15.06999969482422,0.0007097850203325396,461170.7292513438,-469.050646825703,460701.6786045181,1.0242617154958793,0.0,True,False
2013-01-30,1507.8399658203125,13.3100004196167,14.739999771118164,0.0007097850203325396,461171.62605242245,-469.98063214019396,460701.64542028226,0.8968010786170852,0.0,True,False
2013-01-31,1501.9599609375,14.31999969482422,15.420000076293944,0.0007097850203325396,461172.522855245,-492.04288114873293,460680.47997409623,0.8968028225529502,0.0,True,False
2013-02-01,1498.1099853515625,14.279999732971191,15.550000190734863,0.0007097850203325396,461173.4196598115,-460.5270321053129,460712.89262770617,0.8968045664922064,0.0,True,False
2013-02-04,1513.1700439453125,12.899999618530272,14.789999961853027,0.0006083794699427381,461176.1100839748,-399.60073262963533,460776.5093513451,2.6904241632824197,0.0,True,False
2013-02-05,1495.7099609375,14.670000076293944,15.789999961853027,0.0007097850203325396,461176.8787697589,-411.30475983707225,460765.57400992187,0.7686857841476765,0.0,True,False
2013-02-06,1511.2900390625,13.720000267028809,15.300000190734863,0.0007097850203325396,461177.775582796,-407.0567604531479,460770.71882234287,0.8968130370836527,0.0,True,False
2013-02-07,1512.1199951171875,13.40999984741211,15.140000343322754,0.0007097850203325396,461178.6723975771,-372.66331428413395,460806.009083293,0.8968147810427723,0.0,True,False
2013-02-08,1509.3900146484375,13.5,15.1899995803833,0.0007097850203325396,461179.5692141021,-344.9915288731904,460834.5776852289,0.8968165250052833,0.0,True,False
2013-02-11,1517.9300537109375,13.020000457763672,14.800000190734863,0.0007097850203325396,461182.25967414107,-302.61335516761847,460879.64631897345,2.690460038961181,0.0,True,False
2013-02-12,1517.010009765625,12.9399995803833,14.68000030517578,0.0009126038126204015,461183.15649764193,-273.118324501512,460910.03817314043,0.8968235008892409,0.0,True,False
2013-02-13,1519.4300537109375,12.640000343322754,14.529999732971191,0.0009126038126204015,461184.3095881436,-249.05151441691115,460935.25807372667,1.15309050164476,0.0,True,False
2013-02-14,1520.3299560546875,12.979999542236328,14.630000114440918,0.0010140170547777556,461185.4626815283,-255.81853076436855,460929.6441507639,1.1530933847025784,0.0,True,False
2013-02-15,1521.3800048828125,12.65999984741211,14.43000030517578,0.001115432861117531,461186.7439159781,-223.769486171859,460962.9744298063,1.2812344498152766,0.0,True,False
2013-02-19,1519.7900390625,12.460000038146973,14.260000228881836,0.0010140170547777556,461037.7565313893,0.0,461037.7565313893,5.637545133400984,144.42571710345885,False,False
2013-02-20,1530.93994140625,12.3100004196167,13.989999771118164,0.0012168512317685082,461039.03735549183,0.0,461039.03735549183,1.2808241025183187,0.0,False,False
2013-02-21,1511.949951171875,14.68000030517578,15.40999984741211,0.0012168512317685082,461040.5743879731,0.0,461040.5743879731,1.5370324812989222,0.0,False,False
2013-02-22,1502.4200439453125,15.220000267028809,15.710000038146973,0.001318272166861259,461042.11142557865,0.0,461042.11142557865,1.5370376055262807,0.0,False,False
2013-02-25,1515.5999755859375,14.170000076293944,14.979999542236328,0.001318272166861259,461047.1068963397,0.0,461047.1068963397,4.995470761044698,0.0,False,False
2013-02-26,1487.8499755859375,18.989999771118164,17.940000534057617,0.0012168512317685082,461048.77206528815,0.0,461048.77206528815,1.6651689484684489,0.0,False,True
2013-02-27,1496.93994140625,16.8700008392334,17.25,0.0014196956665245841,461050.30913022347,0.0,461050.30913022347,1.5370649353081072,0.0,False,False
2013-02-28,1515.989990234375,14.729999542236328,15.65999984741211,0.001115432861117531,461052.102424467,0.0,461052.102424467,1.7932942435209795,0.0,False,False
2013-03-01,1514.6800537109375,15.510000228881836,16.18000030517578,0.001115432861117531,461053.5113928274,0.0,461053.5113928274,1.408968360389125,0.0,False,False
2013-03-04,1518.199951171875,15.359999656677246,16.290000915527344,0.001115432861117531,461057.7383237433,0.0,461057.7383237433,4.226930915929063,0.0,False,False
2013-03-05,1525.199951171875,14.010000228881836,15.420000076293944,0.001115432861117531,461334.44893322536,-445.30162389842076,460889.1473093269,1.4089855836134004,0.0,True,False
2013-03-06,1539.7900390625,13.479999542236328,14.949999809265137,0.0008111931345149166,461335.8587644325,-462.1996265572338,460873.65913787525,1.4098312071160242,0.0,True,False
2013-03-07,1541.4599609375,13.529999732971191,15.029999732971191,0.0010140170547777556,461336.8840600413,-462.0176877860291,460874.86637225526,1.025295608789941,0.0,True,False
2013-03-08,1544.260009765625,13.0600004196167,14.739999771118164,0.0010140170547777556,461338.1657151598,-431.2468818563434,460906.91883330344,1.2816551185099516,0.0,True,False
2013-03-11,1551.1800537109375,12.59000015258789,14.520000457763672,0.0010140170547777556,461342.0107018789,-396.70800290094405,460945.302698978,3.8449867191426015,0.0,True,False
2013-03-12,1556.219970703125,11.5600004196167,14.300000190734863,0.0010140170547777556,461343.2923712399,-356.55427605381533,460986.7380951861,1.281669361001673,0.0,True,False
2013-03-13,1552.47998046875,12.270000457763672,14.579999923706056,0.0010140170547777556,461344.5740441616,-353.14801540054674,460991.426028761,1.281672921649333,0.0,True,False
2013-03-14,1554.52001953125,11.829999923706056,14.510000228881836,0.0009126038126204015,461345.8557206439,-322.7381669675512,461023.11755367636,1.2816764823068854,0.0,True,False
2013-03-15,1563.22998046875,11.300000190734863,14.100000381469728,0.0010140170547777556,461347.0092179404,-331.90444582679703,461015.1047721136,1.153497296485433,0.0,True,False
2013-03-18,1560.699951171875,11.300000190734863,14.260000228881836,0.0009126038126204015,461350.85427836503,-249.45703493288985,461101.3972434321,3.845060424622159,0.0,True,False
2013-03-19,1552.0999755859375,13.359999656677246,15.390000343322754,0.0007097850203325396,461352.00778815936,-302.752503723607,461049.25528443576,1.1535097943170407,0.0,True,False
2013-03-20,1548.3399658203125,14.390000343322754,15.710000038146973,0.0007097850203325396,461352.9049417556,-325.3372153474845,461027.5677264081,0.8971535961925399,0.0,True,False
2013-03-21,1558.7099609375,12.670000076293944,14.93000030517578,0.0007097850203325396,461353.8020970964,-258.5397690679005,461095.2623280285,0.897155340813917,0.0,True,False
2013-03-22,1545.800048828125,13.989999771118164,15.529999732971191,0.0007097850203325396,461354.6992541818,-247.79983613344808,461106.8994180484,0.8971570854386868,0.0,True,False
2013-03-25,1556.8900146484375,13.56999969482422,15.260000228881836,0.0007097850203325396,461357.390735906,-221.30638199845006,461136.08435390756,2.6914817242350084,0.0,True,False
2013-03-26,1551.68994140625,13.739999771118164,15.300000190734863,0.0008111931345149166,461358.28789997,-187.80738108550878,461170.4805188845,0.8971640639716922,0.0,True,False
2013-03-27,1563.77001953125,12.770000457763672,14.75,0.0007097850203325396,461359.31324542646,-173.48346802113207,461185.8297774053,1.0253454564090643,0.0,True,False
2013-03-28,1562.8499755859375,13.149999618530272,14.93000030517578,0.0009126038126204015,461360.21041322895,-171.41931282463887,461188.79110040434,0.8971678025190505,0.0,True,False
2013-04-01,1569.18994140625,12.699999809265137,14.640000343322754,0.0007097850203325396,461245.81641678733,0.0,461245.81641678733,4.614150054280138,156.29347740252527,False,False
2013-04-02,1562.1700439453125,13.579999923706056,15.279999732971191,0.0008111931345149166,461546.4204664815,-469.7071025996439,461076.7133638818,0.8969470944994665,0.0,True,False
2013-04-03,1570.25,12.779999732971191,14.710000038146973,0.0007097850203325396,461547.44623005297,-434.16277862594825,461113.283451427,1.0257635715211892,0.0,True,False
2013-04-04,1553.68994140625,14.210000038146973,15.489999771118164,0.0006083794699427381,461548.3437637024,-445.31218152503226,461103.0315821773,0.8975336493797357,0.0,True,False
2013-04-05,1559.97998046875,13.890000343322754,15.300000190734863,0.0007097850203325396,461549.11306992354,-428.55563368164223,461120.5574362419,0.7693062211818834,0.0,True,False
2013-04-08,1553.280029296875,13.920000076293944,15.380000114440918,0.0007097850203325396,461551.805685832,-372.296852965142,461179.50883286685,2.692615908481649,0.0,True,False
2013-04-09,1563.0699462890625,13.1899995803833,14.710000038146973,0.0007097850203325396,461552.7032279589,-331.44312774179906,461221.26010021707,0.8975421268575912,0.0,True,False
2013-04-10,1568.6099853515625,12.84000015258789,14.460000038146973,0.0006083794699427381,461553.6007718311,-311.45982897736627,461242.14094285376,0.8975438722345123,0.0,True,False
2013-04-11,1587.72998046875,12.359999656677246,14.119999885559082,0.0007097850203325396,461554.3700868146,-358.3889137823266,461195.9811730323,0.7693149835338947,0.0,True,False
2013-04-12,1593.3699951171875,12.239999771118164,14.170000076293944,0.0007097850203325396,461555.2676339283,-375.77529213168816,461179.4923417966,0.897547113638888,0.0,True,False
2013-04-15,1588.8499755859375,12.0600004196167,14.020000457763672,0.0006083794699427381,461557.96028574166,-270.69225877118396,461287.2680269705,2.6926518133864135,0.0,True,False
2013-04-16,1552.3599853515625,17.270000457763672,17.030000686645508,0.0006083794699427381,461558.7296079916,-434.6952605130798,461124.0343474785,0.7693222499475175,0.0,True,True
2013-04-17,1574.5699462890625,13.960000038146973,15.100000381469728,0.0006083794699427381,461559.4989315238,-282.00371520869,461277.49521631515,0.7693235322495796,0.0,True,False
2013-04-18,1552.010009765625,16.510000228881836,16.93000030517578,0.0006083794699427381,461560.2682563384,-355.36567859889016,461204.9025777395,0.769324814553779,0.0,True,False
2013-04-19,1541.6099853515625,17.559999465942383,17.520000457763672,0.000506976483216771,461561.03758243524,-392.0518507836788,461168.98573165154,0.7693260968601158,0.0,True,True
2013-04-22,1555.25,14.970000267028809,16.170000076293945,0.000506976483216771,461562.9608789763,-215.60790286294056,461347.3529761133,1.9232965410394585,0.0,True,False
2013-04-23,1562.5,14.390000343322754,15.65999984741211,0.000506976483216771,461563.60197960417,-182.12855290758435,461381.47342669655,0.6411006279182818,0.0,True,False
2013-04-24,1578.780029296875,13.479999542236328,14.829999923706056,0.000506976483216771,461564.2430811226,-157.3057128407036,461406.9373682819,0.6411015183927131,0.0,True,False
2013-04-25,1578.7900390625,13.609999656677246,14.970000267028809,0.0006083794699427381,461407.2659498873,0.0,461407.2659498873,0.6411024088683813,142.08886895544566,False,False
2013-04-26,1585.1600341796875,13.619999885559082,14.960000038146973,0.000506976483216771,461408.0350209607,0.0,461408.0350209607,0.7690710734637621,0.0,False,False
2013-04-29,1582.239990234375,13.609999656677246,14.890000343322754,0.000506976483216771,461409.95767994947,0.0,461409.95767994947,1.9226589887477932,0.0,False,False
2013-04-30,1593.6099853515625,13.710000038146973,14.920000076293944,0.000506976483216771,461410.5985680594,0.0,461410.5985680594,0.6408881098973757,0.0,False,False
2013-05-01,1597.5699462890625,13.520000457763672,14.779999732971191,0.000506976483216771,461411.2394570595,0.0,461411.2394570595,0.6408890000766242,0.0,False,False
2013-05-02,1582.699951171875,14.489999771118164,15.609999656677246,0.0006083794699427381,461411.88034694974,0.0,461411.88034694974,0.6408898902571092,0.0,False,False
2013-05-03,1597.5899658203125,13.59000015258789,14.869999885559082,0.000506976483216771,461412.64942571445,0.0,461412.64942571445,0.7690787647152099,0.0,False,False
2013-05-06,1614.4200439453125,12.850000381469728,14.449999809265137,0.000506976483216771,461414.57210393116,0.0,461414.57210393116,1.9226782166894503,0.0,False,False
2013-05-07,1617.5,12.65999984741211,14.3100004196167,0.00040557606002412504,461585.00425111764,-339.7912526672772,461245.2129984504,0.6408945192290657,0.0,True,False
2013-05-08,1625.9599609375,12.829999923706056,14.350000381469728,0.00040557606002412504,461585.5171495598,-362.1805408338278,461223.33660872595,0.5128984421629642,0.0,True,False
2013-05-09,1632.68994140625,12.65999984741211,14.399999618530272,0.00040557606002412504,461586.0300485719,-374.3854355817038,461211.64461299015,0.5128990120792516,0.0,True,False
2013-05-10,1626.6700439453125,13.130000114440918,14.8100004196167,0.00040557606002412504,461586.54294815386,-363.9357908912298,461222.6071572626,0.5128995819961724,0.0,True,False
2013-05-13,1633.699951171875,12.59000015258789,14.710000038146973,0.00040557606002412504,461588.0816503195,-323.3699998821005,461264.7116504374,1.5387021656285875,0.0,True,False
2013-05-14,1633.77001953125,12.550000190734863,15.050000190734863,0.000506976483216771,461588.5945521812,-313.7806901457171,461274.81386203546,0.5129018616701883,0.0,True,False
2013-05-15,1650.3399658203125,12.770000457763672,14.979999542236328,0.000506976483216771,461589.2356884137,-409.1666033249584,461180.0690850888,0.6411362325169615,0.0,True,False
2013-05-16,1658.780029296875,12.8100004196167,15.050000190734863,0.00040557606002412504,461589.8768255368,-468.90528656575043,461120.971538971,0.6411371230408469,0.0,True,False
2013-05-17,1650.469970703125,13.06999969482422,15.449999809265137,0.00030417820023607886,461590.3897293932,-394.73660872880487,461195.65312066436,0.5129038564112736,0.0,True,False
2013-05-20,1667.469970703125,12.449999809265137,15.170000076293944,0.00040557606002412504,461591.54375056725,-438.6517757606124,461152.8919748066,1.1540211740844644,0.0,True,False
2013-05-21,1666.2900390625,13.020000457763672,15.3100004196167,0.000506976483216771,461592.0566562759,-443.36424462885543,461148.692411647,0.5129057086448675,0.0,True,False
2013-05-22,1669.1600341796875,13.369999885559082,15.779999732971191,0.00040557606002412504,461592.6977973172,-478.3802374894473,461114.3175598277,0.6411410413021049,0.0,True,False
2013-05-23,1655.3499755859375,13.81999969482422,15.81999969482422,0.00040557606002412504,461593.2107043082,-346.62895996894633,461246.58174433926,0.5129069909845769,0.0,True,False
2013-05-24,1650.510009765625,14.06999969482422,16.0,0.000506976483216771,461593.7236118691,-303.05762742861003,461290.6659844405,0.5129075609103635,0.0,True,False
2013-05-28,1649.5999755859375,13.989999771118164,15.920000076293944,0.00040557606002412504,461596.2881906391,-203.27042149975182,461393.0177691394,2.5645787700048888,0.0,True,False
2013-05-29,1660.06005859375,14.479999542236328,15.869999885559082,0.000506976483216771,461596.8011016196,-288.7507058377138,461308.0503957819,0.5129109805144026,0.0,True,False
2013-05-30,1648.3599853515625,14.829999923706056,16.149999618530273,0.000506976483216771,461597.44224925083,-210.28471922109864,461387.1575300297,0.6411476312305584,0.0,True,False
2013-05-31,1654.4100341796875,14.529999732971191,16.010000228881836,0.00040557606002412504,461386.2458894787,0.0,461386.2458894787,0.6411485217702764,-42.04625562664637,False,False
2013-06-03,1630.739990234375,16.299999237060547,17.1299991607666,0.00040557606002412504,461387.7839239526,0.0,461387.7839239526,1.5380344738974032,0.0,False,False
2013-06-04,1640.4200439453125,16.280000686645508,17.219999313354492,0.000506976483216771,461681.60266531596,-463.3060620660902,461218.29660324985,0.5126792972652006,0.0,True,False
2013-06-05,1631.3800048828125,16.270000457763672,17.260000228881836,0.00040557606002412504,461682.2439307347,-425.20816705846045,461257.0357636762,0.641265418705599,0.0,True,False
2013-06-06,1608.9000244140625,17.5,18.0,0.000506976483216771,461682.75693722646,-448.76186318173933,461233.99507404474,0.5130064917740492,0.0,True,False
2013-06-07,1622.56005859375,16.6299991607666,17.549999237060547,0.000506976483216771,461683.3982042484,-405.199537071321,461278.19866717706,0.6412670219634626,0.0,True,False
2013-06-10,1643.3800048828125,15.140000343322754,16.719999313354492,0.00040557606002412504,461685.3220106586,-331.2894931771306,461354.0325174815,1.923806410247495,0.0,True,False
2013-06-11,1642.81005859375,15.4399995803833,16.729999542236328,0.000506976483216771,461685.83502057067,-326.904589540199,461358.93043103046,0.5130099120376698,0.0,True,False
2013-06-12,1626.1300048828125,17.06999969482422,17.90999984741211,0.000506976483216771,461686.476291868,-365.1908049192289,461321.2854869488,0.6412712973523739,0.0,True,False
2013-06-13,1612.52001953125,18.59000015258789,19.06999969482422,0.000506976483216771,461687.11756405607,-417.18392143782694,461269.93364261824,0.6412721880638612,0.0,True,False
2013-06-14,1636.3599853515625,16.40999984741211,17.829999923706055,0.000506976483216771,461687.75883713487,-323.70520471465153,461364.0536324202,0.6412730787765858,0.0,True,False
2013-06-17,1626.72998046875,17.149999618530273,18.299999237060547,0.000506976483216771,461689.6826617156,-301.6228742677991,461388.0597874478,1.9238245807373422,0.0,True,False
2013-06-18,1639.0400390625,16.799999237060547,17.989999771118164,0.000506976483216771,461690.32393835724,-283.65390081476204,461406.67003754247,0.641276641639856,0.0,True,False
2013-06-19,1651.81005859375,16.610000610351562,17.75,0.000506976483216771,461690.9652158896,-287.33807440960487,461403.62714148004,0.6412775323587664,0.0,True,False
2013-06-20,1628.9300537109375,16.639999389648438,17.780000686645508,0.000506976483216771,461691.6064943127,-240.44622581745872,461451.16026849527,0.6412784230789141,0.0,True,False
2013-06-21,1588.18994140625,20.489999771118164,20.34000015258789,0.000506976483216771,461692.24777362647,-419.8295852978409,461272.4181883286,0.6412793138002989,0.0,True,True
2013-06-24,1592.4300537109375,18.899999618530273,19.489999771118164,0.000506976483216771,461694.17161691235,-309.317880896159,461384.8537360162,1.9238432858604446,0.0,True,False
2013-06-25,1573.0899658203125,20.11000061035156,20.729999542236328,0.0006083794699427381,461694.8128997891,-393.7625737571752,461301.0503260319,0.6412828766982104,0.0,True,False
2013-06-26,1588.030029296875,18.469999313354492,19.670000076293945,0.0006083794699427381,461695.5824501442,-273.9388518768886,461421.64359826734,0.7695503551260848,0.0,True,False
2013-06-27,1603.260009765625,17.209999084472656,18.81999969482422,0.0006083794699427381,461696.35200178204,-191.36428414639335,461504.98771763564,0.7695516378083515,0.0,True,False
2013-06-28,1613.199951171875,16.860000610351562,18.559999465942383,0.0006083794699427381,461529.99310489366,0.0,461529.99310489366,0.769552920492756,126.17761225722455,False,False
2013-07-01,1606.280029296875,16.860000610351562,18.38999938964844,0.00040557606002412504,461532.30093564367,0.0,461532.30093564367,2.307830750017433,0.0,False,False
2013-07-02,1614.9599609375,16.3700008392334,17.920000076293945,0.00040557606002412504,461790.952638471,-428.1388629473443,461362.8137755236,0.5128398799303212,0.0,True,False
2013-07-03,1614.0799560546875,16.440000534057617,18.020000457763672,0.00030417820023607886,461791.4657657564,-416.4765241482999,461374.98924160807,0.5131272854010821,0.0,True,False
2013-07-05,1615.4100341796875,16.200000762939453,17.809999465942383,0.000506976483216771,461792.2354480249,-377.6866435460316,461414.54880447884,0.7696822684694066,0.0,True,False
2013-07-08,1631.8900146484375,14.890000343322754,16.8799991607666,0.00040557606002412504,461794.1597079532,-318.80134849830836,461475.3583594549,1.9242599283684958,0.0,True,False
2013-07-09,1640.4599609375,14.779999732971191,16.40999984741211,0.000506976483216771,461794.6728388022,-325.5630468643477,461469.10979193787,0.5131308489937599,0.0,True,False
2013-07-10,1652.3199462890625,14.350000381469728,15.90999984741211,0.00040557606002412504,461795.31426127284,-345.52173720235857,461449.7925240705,0.6414224706472947,0.0,True,False
2013-07-11,1652.6199951171875,14.210000038146973,15.770000457763672,0.00040557606002412504,461795.82739340473,-321.44586069750886,461474.38153270725,0.5131321318963533,0.0,True,False
2013-07-12,1675.02001953125,14.010000228881836,15.5,0.00040557606002412504,461796.3405261068,-469.1847179156372,461327.15580819116,0.5131327020723093,0.0,True,False
2013-07-15,1680.18994140625,13.84000015258789,15.649999618530272,0.00040557606002412504,461797.87992763426,-449.98059244719525,461347.89933518704,1.5394015274112731,0.0,True,False
2013-07-16,1682.5,13.789999961853027,15.619999885559082,0.00040557606002412504,461798.39306261705,-448.3112472290311,461350.081815388,0.5131349827824692,0.0,True,False
2013-07-17,1676.260009765625,14.420000076293944,16.010000228881836,0.00030417820023607886,461798.90619817004,-405.5910739651469,461393.3151242049,0.513135552961593,0.0,True,False
2013-07-18,1680.9100341796875,13.779999732971191,15.5600004196167,0.00030417820023607886,461799.29104534455,-382.32841474087024,461416.9626306037,0.3848471745141033,0.0,True,False
2013-07-19,1689.3699951171875,13.770000457763672,15.5600004196167,0.00030417820023607886,461799.6758928398,-452.12413650750875,461347.5517563323,0.38484749523237644,0.0,True,False
2013-07-22,1692.0899658203125,12.539999961853027,15.039999961853027,0.00030417820023607886,461800.8304372498,-292.5651818029926,461508.2652554468,1.1545444099867583,0.0,True,False
2013-07-23,1695.530029296875,12.289999961853027,14.6899995803833,0.00040557606002412504,461801.21528602793,-283.7501601806854,461517.46512584726,0.3848487781081417,0.0,True,False
2013-07-24,1692.3900146484375,12.65999984741211,14.880000114440918,0.00020278290372213926,461801.72842471686,-253.8942493578289,461547.83417535905,0.5131386889256679,0.0,True,False
2013-07-25,1685.93994140625,13.18000030517578,15.1899995803833,0.00030417820023607886,461801.9849877893,-211.5331737671011,461590.4518140222,0.2565630724431062,0.0,True,False
2013-07-26,1690.25,12.970000267028809,15.0,0.00020278290372213926,461585.9279925827,0.0,461585.9279925827,0.3848497402704747,41.69701800051017,False,False
2013-07-29,1691.6500244140625,12.720000267028809,14.800000190734863,0.00030417820023607886,461586.697322551,0.0,461586.697322551,0.7693299682475437,0.0,False,False
2013-07-30,1685.3299560546875,13.390000343322754,15.109999656677246,0.00030417820023607886,461587.081992878,0.0,461587.081992878,0.38467032700517095,0.0,False,False
2013-07-31,1685.9599609375,13.390000343322754,14.979999542236328,0.00040557606002412504,461587.46666352556,0.0,461587.46666352556,0.38467064757606556,0.0,False,False
2013-08-01,1685.72998046875,13.449999809265137,14.920000076293944,0.00040557606002412504,461587.9795647039,0.0,461587.9795647039,0.5129011783166008,0.0,False,False
2013-08-02,1706.8699951171875,12.9399995803833,14.550000190734863,0.00040557606002412504,461588.4924664521,0.0,461588.4924664521,0.5129017482359286,0.0,False,False
2013-08-05,1709.6700439453125,11.979999542236328,14.029999732971191,0.00040557606002412504,461590.0311751165,0.0,461590.0311751165,1.5387086643622991,0.0,False,False
2013-08-06,1707.1400146484375,11.84000015258789,13.859999656677246,0.000506976483216771,461888.1417703426,-467.59769119814393,461420.5440791444,0.5129040279195727,0.0,True,False
2013-08-07,1697.3699951171875,12.720000267028809,14.5600004196167,0.00040557606002412504,461888.7833226395,-484.6145807756943,461404.1687418638,0.6415522969023896,0.0,True,False
2013-08-08,1690.9100341796875,12.979999542236328,14.8100004196167,0.000506976483216771,461889.2965586312,-474.7228019062976,461414.5737567249,0.5132359917174564,0.0,True,False
2013-08-09,1697.47998046875,12.729999542236328,14.670000076293944,0.000506976483216771,461889.9381125321,-456.81542288133227,461433.12268965074,0.6415539008774908,0.0,True,False
2013-08-12,1691.4200439453125,13.40999984741211,15.100000381469728,0.000506976483216771,461891.86277958145,-439.0948526884958,461452.76792689296,1.9246670493804454,0.0,True,False
2013-08-13,1689.469970703125,12.8100004196167,15.170000076293944,0.0006083794699427381,461892.50433704676,-395.2853633514283,461497.21897369536,0.6415574653009867,0.0,True,False
2013-08-14,1694.1600341796875,12.3100004196167,14.859999656677246,0.0006083794699427381,461893.27421691286,-352.7518594815059,461540.52235743136,0.7698798661179704,0.0,True,False
2013-08-15,1685.3900146484375,13.039999961853027,15.239999771118164,0.000506976483216771,461894.0440980622,-373.178600665119,461520.8654973971,0.7698811493494641,0.0,True,False
2013-08-16,1661.3199462890625,14.729999542236328,16.239999771118164,0.000506976483216771,461894.68565855734,-489.0458223075034,461405.6398362498,0.6415604951035624,0.0,True,False
2013-08-19,1655.8299560546875,14.369999885559082,15.9399995803833,0.000506976483216771,461896.61034538946,-450.55000520142505,461446.06034018804,1.9246868321136168,0.0,True,False
2013-08-20,1646.06005859375,15.100000381469728,16.399999618530273,0.0006083794699427381,461897.251909449,-518.0925199743245,461379.15938947466,0.6415640595636953,0.0,True,False
2013-08-21,1652.3499755859375,14.90999984741211,16.309999465942383,0.00040557606002412504,461898.0217972284,-462.4584458250417,461435.56335140334,0.7698877793453363,0.0,True,False
2013-08-22,1642.800048828125,15.9399995803833,16.790000915527344,0.00040557606002412504,461898.5350434856,-547.3701151184692,461351.1649283671,0.5132462572139109,0.0,True,False
2013-08-23,1656.9599609375,14.760000228881836,15.989999771118164,0.00030417820023607886,461899.0482903131,-404.9766342906166,461494.0716560225,0.5132468275166793,0.0,True,False
2013-08-26,1663.5,13.979999542236328,15.550000190734863,0.00030417820023607886,461900.2030831638,-297.8217329351435,461602.3813502287,1.1547928507111653,0.0,True,False
2013-08-27,1656.780029296875,14.989999771118164,16.209999084472656,0.00040557606002412504,461900.58801475563,-351.6075947003707,461548.9804200553,0.38493159182097364,0.0,True,False
2013-08-28,1630.47998046875,16.770000457763672,17.68000030517578,0.000506976483216771,461901.1012638643,-573.0148605884978,461328.08640327584,0.5132491087124645,0.0,True,False
2013-08-29,1634.9599609375,16.489999771118164,17.6200008392334,0.00030417820023607886,461901.7428341617,-503.3373720021628,461398.4054621595,0.6415702973489992,0.0,True,False
2013-08-30,1638.1700439453125,16.809999465942383,17.899999618530273,0.00020278290372213926,461417.6690571648,0.0,461417.6690571648,0.38493287499599427,-186.8610186737353,False,False
2013-09-03,1632.969970703125,17.010000228881836,18.049999237060547,0.00030417820023607886,461708.78370828315,-460.0892514611064,461248.69445682206,1.0253996572794204,0.0,True,False
2013-09-04,1639.77001953125,16.610000610351562,17.639999389648438,0.00020278290372213926,461709.16848035273,-442.4788819650945,461266.68959838763,0.3847720695601339,0.0,True,False
2013-09-05,1653.0799560546875,15.880000114440918,17.299999237060547,0.00020278290372213926,461709.4249920017,-449.192670225371,461260.2323217763,0.2565116489376286,0.0,True,False
2013-09-06,1655.0799560546875,15.770000457763672,17.139999389648438,0.00020278290372213926,461709.6815037931,-434.0442628187435,461275.63724097435,0.25651179144774217,0.0,True,False
2013-09-09,1655.1700439453125,15.850000381469728,17.170000076293945,0.00020278290372213926,461710.4510400226,-389.6665558906821,461320.7844841319,0.7695362294853246,0.0,True,False
2013-09-10,1671.7099609375,15.630000114440918,16.829999923706055,0.00020278290372213926,461710.70755238406,-454.4012057124607,461256.3063466716,0.25651236148898826,0.0,True,False
2013-09-11,1683.989990234375,14.529999732971191,16.110000610351562,0.00020278290372213926,461710.9640648881,-459.81969602069796,461251.1443688674,0.2565125039994977,0.0,True,False
2013-09-12,1689.1300048828125,13.81999969482422,15.609999656677246,0.00020278290372213926,461711.2205775346,-435.6629234279825,461275.5576541066,0.2565126465100864,0.0,True,False
2013-09-13,1683.4200439453125,14.289999961853027,15.850000381469728,0.00010139017035360414,461711.4770903236,-397.23692879390484,461314.2401615297,0.25651278902075414,0.0,True,False
2013-09-16,1687.989990234375,14.15999984741211,15.699999809265137,0.00010139017035360414,461711.8618549112,-366.03010347076037,461345.8317514404,0.3847645875972596,0.0,True,False
2013-09-17,1697.5999755859375,14.380000114440918,15.579999923706056,0.00020278290372213926,461711.990109845,-450.2389406298415,461261.7511692152,0.12825493380403594,0.0,True,False
2013-09-18,1704.760009765625,14.529999732971191,15.65999984741211,0.00010139017035360414,461712.24662306154,-520.3600562059552,461191.8865668556,0.25651321654963016,0.0,True,False
2013-09-19,1725.52001953125,13.59000015258789,15.18000030517578,0.00010139017035360414,461712.3748781022,-717.2542563164852,460995.12062178575,0.12825504068544344,0.0,True,False
2013-09-20,1722.3399658203125,13.15999984741211,15.020000457763672,0.00010139017035360414,461712.5031331785,-596.7815909922376,461115.7215421863,0.12825507631229885,0.0,True,False
2013-09-23,1709.9100341796875,13.119999885559082,15.31999969482422,0.00010139017035360414,461712.88789862115,-328.5030663396907,461384.38483228144,0.38476544264413526,0.0,True,False
2013-09-24,1701.8399658203125,14.3100004196167,15.920000076293944,0.00020278290372213926,461713.01615383994,-316.6069987739033,461396.409155066,0.12825521881981952,0.0,True,False
2013-09-25,1697.4200439453125,14.079999923706056,15.640000343322754,0.00020278290372213926,461713.2726676265,-242.6714171254301,461470.60125050106,0.25651378658863955,0.0,True,False
2013-09-26,1692.77001953125,14.010000228881836,15.5600004196167,0.00020278290372213926,461713.5291815556,-188.52841037240177,461525.00077118323,0.25651392909994075,0.0,True,False
2013-09-27,1698.6700439453125,14.0600004196167,15.40999984741211,-0.0,461490.6718439314,0.0,461490.6718439314,0.2565140716113211,66.97539976529755,False,False
2013-09-30,1691.75,15.460000038146973,16.040000915527344,0.00020278290372213926,461490.6718439314,0.0,461490.6718439314,0.0,0.0,False,False
2013-10-01,1681.550048828125,16.600000381469727,16.799999237060547,0.00020278290372213926,461744.5478772375,-423.61964304725916,461320.9282341902,0.25639025881518374,0.0,True,False
2013-10-02,1695.0,15.539999961853027,16.1299991607666,0.00020278290372213926,461744.8044085422,-399.88082609238404,461344.9235824498,0.2565313046604361,0.0,True,False
2013-10-03,1693.8699951171875,16.600000381469727,16.809999465942383,0.00020278290372213926,461745.06093998934,-442.84475387950863,461302.2161861098,0.2565314471814698,0.0,True,False
2013-10-04,1678.6600341796875,17.670000076293945,17.700000762939453,0.00030417820023607886,461745.31747157907,-441.305231237165,461304.0122403419,0.25653158970258266,0.0,True,False
2013-10-07,1690.5,16.739999771118164,17.209999084472656,0.00030417820023607886,461746.4718800877,-389.5657468819354,461356.90613320575,1.154408508610732,0.0,True,False
2013-10-08,1676.1199951171875,19.40999984741211,19.06999969482422,0.00030417820023607886,461746.85668356525,-478.985261204011,461267.87142236123,0.38480347757396177,0.0,True,True
2013-10-09,1655.449951171875,20.34000015258789,19.84000015258789,0.000506976483216771,461747.2414873635,-478.28064296232384,461268.9608444012,0.38480379825581934,0.0,True,True
2013-10-10,1656.4000244140625,19.600000381469727,19.290000915527344,0.000506976483216771,461747.8828439531,-428.87461527546077,461319.0082286776,0.6413565895611425,0.0,True,True
2013-10-11,1692.56005859375,16.479999542236328,17.209999084472656,0.000506976483216771,461748.52420143347,-326.7868496662945,461421.7373517672,0.6413574803910989,0.0,True,False
2013-10-14,1703.199951171875,15.720000267028809,16.56999969482422,0.0008111931345149166,461750.44827921974,-277.7683613816609,461472.6799178381,1.9240777862842893,0.0,True,False
2013-10-15,1710.1400146484375,16.06999969482422,16.920000076293945,0.0008111931345149166,461751.47449623275,-309.8383612591621,461441.6361349736,1.0262170130139703,0.0,True,False
2013-10-16,1698.06005859375,18.65999984741211,18.40999984741211,0.0014196956665245841,461752.50071552646,-384.73987022917015,461367.7608452973,1.026219293729369,0.0,True,True
2013-10-17,1721.5400390625,14.710000038146973,16.260000228881836,0.0010140170547777556,461754.29674100364,-255.81484721188045,461498.48189379176,1.7960254771907895,0.0,True,False
2013-10-18,1733.1500244140625,13.479999542236328,15.4399995803833,0.000506976483216771,461755.57955575,-232.1590835431034,461523.4204722069,1.2828147463601642,0.0,True,False
2013-10-21,1744.5,13.039999961853027,14.920000076293944,0.00040557606002412504,461757.5036629355,-220.2607715748406,461537.24289136066,1.9241071855130976,0.0,True,False
2013-10-22,1744.6600341796875,13.15999984741211,15.140000343322754,0.00040557606002412504,461758.01675305347,-204.62761323212274,461553.38913982135,0.5130901179730112,0.0,True,False
2013-10-23,1754.6700439453125,13.329999923706056,15.020000457763672,0.00040557606002412504,461758.52984374156,-274.41546205227434,461484.1143816893,0.5130906881022826,0.0,True,False
2013-10-24,1746.3800048828125,13.420000076293944,15.109999656677246,0.00040557606002412504,461759.0429349998,-194.10501651869555,461564.9379184811,0.5130912582321877,0.0,True,False
2013-10-25,1752.0699462890625,13.199999809265137,14.899999618530272,0.00030417820023607886,461552.3031901174,0.0,461552.3031901174,0.5130918283627262,46.366806336483705,False,False
2013-10-28,1759.77001953125,13.09000015258789,14.869999885559082,0.00040557606002412504,461553.4571160714,0.0,461553.4571160714,1.1539259540067726,0.0,False,False
2013-10-29,1762.1099853515625,13.3100004196167,14.869999885559082,0.00040557606002412504,461553.9699794594,0.0,461553.9699794594,0.5128633879990054,0.0,False,False
2013-10-30,1771.949951171875,13.40999984741211,15.029999732971191,0.00040557606002412504,461554.4828434173,0.0,461554.4828434173,0.5128639578763419,0.0,False,False
2013-10-31,1763.31005859375,13.649999618530272,15.130000114440918,0.00040557606002412504,461554.9957079451,0.0,461554.9957079451,0.5128645277543115,0.0,False,False
2013-11-01,1756.5400390625,13.75,15.25,0.00040557606002412504,461555.5085730427,0.0,461555.5085730427,0.5128650976329143,0.0,False,False
2013-11-04,1761.6400146484375,13.279999732971191,15.0600004196167,0.00040557606002412504,461557.047171755,0.0,461557.047171755,1.538598712308897,0.0,False,False
2013-11-05,1767.9300537109375,12.93000030517578,14.68000030517578,0.000506976483216771,461928.4482282074,-540.8881890752868,461387.56003913213,0.5128673771536583,0.0,True,False
2013-11-06,1762.969970703125,13.270000457763672,14.920000076293944,0.000506976483216771,461929.08983648906,-530.9191415879819,461398.1706949011,0.641608281670745,0.0,True,False
2013-11-07,1770.489990234375,12.670000076293944,14.65999984741211,0.000506976483216771,461929.7314456619,-499.19801155535765,461430.53343410656,0.6416091728502961,0.0,True,False
2013-11-08,1747.1500244140625,13.90999984741211,15.359999656677246,0.000506976483216771,461930.37305572594,-511.728781979416,461418.6442737465,0.641610064031085,0.0,True,False
2013-11-11,1770.6099853515625,12.899999618530272,14.630000114440918,0.0006083794699427381,461932.29789126525,-430.4477219731008,461501.8501692921,1.9248355393092946,0.0,True,False
2013-11-12,1771.8900146484375,12.529999732971191,14.729999542236328,0.0006083794699427381,461933.06783745904,-397.36724119051445,461535.7005962685,0.7699461937935798,0.0,True,False
2013-11-13,1767.68994140625,12.81999969482422,14.880000114440918,0.0008111931345149166,461933.8377849362,-383.84881433176645,461549.98897060443,0.7699474771356281,0.0,True,False
2013-11-14,1782.0,12.520000457763672,14.829999923706056,0.0008111931345149166,461934.8644095231,-399.4962427674895,461535.3681667556,1.0266245869134127,0.0,True,False
2013-11-15,1790.6199951171875,12.369999885559082,14.880000114440918,0.0008111931345149166,461935.8910363916,-418.52094811848445,461517.37008827314,1.0266268685346238,0.0,True,False
2013-11-18,1798.1800537109375,12.1899995803833,14.800000190734863,0.0008111931345149166,461938.9709306868,-375.48401354708886,461563.48691713973,3.07989429520881,0.0,True,False
2013-11-19,1791.530029296875,13.100000381469728,14.93000030517578,0.0009126038126204015,461939.9975666819,-374.9174173478042,461565.0801493341,1.026635995070176,0.0,True,False
2013-11-20,1787.8699951171875,13.390000343322754,15.25,0.0008111931345149166,461941.15254950384,-349.96760242896084,461591.18494707486,1.1549828219423879,0.0,True,False
2013-11-21,1781.3699951171875,13.399999618530272,14.989999771118164,0.0008111931345149166,461942.17919034744,-295.5608955870626,461646.61829476035,1.0266408436076369,0.0,True,False
2013-11-22,1795.8499755859375,12.65999984741211,14.520000457763672,0.0007097850203325396,461943.2058334727,-288.5721776208238,461654.6336558519,1.0266431252649777,0.0,True,False
2013-11-25,1804.760009765625,12.260000228881836,14.149999618530272,0.0007097850203325396,461945.9007484658,-238.91860800104848,461706.98214046477,2.694914993052502,0.0,True,False
2013-11-26,1802.47998046875,12.789999961853027,14.43000030517578,0.0008111931345149166,461946.7990569571,-240.90802663486056,461705.8910303223,0.8983084913617335,0.0,True,False
2013-11-27,1802.75,12.8100004196167,14.550000190734863,0.0007097850203325396,461947.82571034983,-215.1543839866572,461732.67132636317,1.0266533926848154,0.0,True,False
2013-11-29,1807.22998046875,12.979999542236328,14.600000381469728,0.0007097850203325396,461735.0504585683,0.0,461735.0504585683,1.7966262162771518,156.31631107752224,False,False
2013-12-02,1805.81005859375,13.699999809265137,15.029999732971191,0.0006083794699427381,461737.7441592107,0.0,461737.7441592107,2.6937006423842154,0.0,False,False
2013-12-03,1800.9000244140625,14.229999542236328,15.1899995803833,0.000506976483216771,462097.32660057896,-528.8128194555443,461568.51378112345,0.7696219127113356,0.0,True,False
2013-12-04,1795.1500244140625,14.550000190734863,15.489999771118164,0.0006083794699427381,462097.9684434289,-519.2414329201542,461578.72701050877,0.6418428499523139,0.0,True,False
2013-12-05,1792.81005859375,14.699999809265137,15.56999969482422,0.0006083794699427381,462098.7386657615,-505.6282738556891,461593.1103919058,0.7702223325516714,0.0,True,False
2013-12-06,1785.030029296875,15.079999923706056,15.779999732971191,0.0006083794699427381,462099.5088893778,-497.52080378742346,461601.9880855904,0.7702236163539863,0.0,True,False
2013-12-09,1805.0899658203125,13.789999961853027,14.949999809265137,0.0006083794699427381,462101.81956792984,-408.6179718694548,461693.20159606036,2.3106785520231288,0.0,True,False
2013-12-10,1808.3699951171875,13.489999771118164,14.93000030517578,0.0007097850203325396,462102.5897966814,-386.0030720122718,461716.58672466915,0.7702287515846441,0.0,True,False
2013-12-11,1802.6199951171875,13.90999984741211,15.220000267028809,0.0007097850203325396,462103.4884098732,-378.2934856744286,461725.1949241988,0.8986131917655847,0.0,True,False
2013-12-12,1782.219970703125,15.420000076293944,15.989999771118164,0.0007097850203325396,462104.38702481246,-420.26198469128343,461684.1250401212,0.8986149392253183,0.0,True,False
2013-12-13,1775.5,15.539999961853027,16.1200008392334,0.0007097850203325396,462105.28564149915,-412.3975749873792,461692.8880665118,0.89861668668845,0.0,True,False
2013-12-16,1775.3199462890625,15.760000228881836,16.270000457763672,0.0007097850203325396,462107.9815020442,-377.9599810088258,461730.02152103535,2.695860545014747,0.0,True,False
2013-12-17,1786.5400390625,16.030000686645508,16.389999389648438,0.0007097850203325396,462108.88012572075,-375.95822427811527,461732.92190144263,0.8986236765749585,0.0,True,False
2013-12-18,1781.0,16.209999084472656,16.5,0.0007097850203325396,462109.7787511448,-367.51319497252507,461742.2655561723,0.8986254240550808,0.0,True,False
2013-12-19,1810.6500244140625,13.800000190734863,14.989999771118164,0.0007097850203325396,462110.67737831635,-247.90968297401142,461862.76769534237,0.8986271715386015,0.0,True,False
2013-12-20,1809.5999755859375,14.149999618530272,15.279999732971191,0.0006083794699427381,462111.5760072354,-247.24831391530762,461864.32769332005,0.8986289190255203,0.0,True,False
2013-12-23,1818.3199462890625,13.789999961853027,15.010000228881836,0.0007097850203325396,462113.88674612774,-196.7141261794768,461917.1726199483,2.3107388923391903,0.0,True,False
2013-12-24,1827.989990234375,13.039999961853027,14.520000457763672,0.0007097850203325396,461936.0430319079,0.0,461936.0430319079,0.8986351600211698,180.0704700756538,False,False
2013-12-26,1833.3199462890625,12.479999542236328,14.239999771118164,0.0007097850203325396,461937.83961229847,0.0,461937.83961229847,1.796580390606354,0.0,False,False
2013-12-27,1842.02001953125,12.329999923706056,14.029999732971191,0.0007097850203325396,461938.737905114,0.0,461938.737905114,0.8982928155281404,0.0,False,False
2013-12-30,1841.4000244140625,12.460000038146973,13.979999542236328,0.0007097850203325396,461941.43279404176,0.0,461941.43279404176,2.694888927754929,0.0,False,False
2013-12-31,1841.0699462890625,13.5600004196167,14.770000457763672,0.0007097850203325396,461942.33109384467,0.0,461942.33109384467,0.8982998028954182,0.0,False,False
2014-01-02,1848.3599853515625,13.720000267028809,14.770000457763672,0.0007097850203325396,461944.12769869104,0.0,461944.12769869104,1.7966048463918267,0.0,False,False
2014-01-03,1831.97998046875,14.229999542236328,15.260000228881836,0.0007097850203325396,461945.0260037345,0.0,461945.0260037345,0.8983050434565444,0.0,False,False
2014-01-06,1831.3699951171875,13.760000228881836,15.09000015258789,0.0007097850203325396,461947.72092934616,0.0,461947.72092934616,2.694925611682815,0.0,False,False
2014-01-07,1826.77001953125,13.550000190734863,14.81999969482422,0.000506976483216771,462337.4676852658,-558.8484438887095,461778.6192413771,0.8983120309189371,0.0,True,False
2014-01-08,1837.8800048828125,12.920000076293944,14.40999984741211,0.00040557606002412504,462338.10986166634,-543.7662379450361,461794.3436237213,0.6421764005472068,0.0,True,False
2014-01-09,1837.489990234375,12.869999885559082,14.289999961853027,0.000506976483216771,462338.6235969353,-512.8370734687112,461825.7865234666,0.5137352689464973,0.0,True,False
2014-01-10,1838.1300048828125,12.890000343322754,14.289999961853027,0.00040557606002412504,462339.26577494136,-497.808897929055,461841.45687701233,0.6421780060826591,0.0,True,False
2014-01-13,1842.3699951171875,12.140000343322754,13.9399995803833,0.000506976483216771,462340.8069863141,-403.77365439767584,461937.03333191643,1.5412113727564611,0.0,True,False
2014-01-14,1819.199951171875,13.279999732971191,14.979999542236328,0.00030417820023607886,462341.44916735287,-399.0934170343471,461942.3557503185,0.6421810387616658,0.0,True,False
2014-01-15,1838.8800048828125,12.279999732971191,14.489999771118164,0.00040557606002412504,462341.83446666383,-370.5477366161186,461971.2867300477,0.38529931098723064,0.0,True,False
2014-01-16,1848.3800048828125,12.279999732971191,14.460000038146973,0.00040557606002412504,462342.3482060714,-396.94804569916215,461945.40016037226,0.5137394076080294,0.0,True,False
2014-01-17,1845.8900146484375,12.529999732971191,14.6899995803833,0.00040557606002412504,462342.8619460499,-380.6099293303478,461962.25201671955,0.5137399784587707,0.0,True,False
2014-01-21,1838.699951171875,12.4399995803833,14.630000114440918,0.000506976483216771,462344.9169116724,-256.4954048748471,462088.42150679755,2.0549656225161126,0.0,True,False
2014-01-22,1843.800048828125,12.869999885559082,14.619999885559082,0.00040557606002412504,462345.55909841973,-279.5666863544208,462065.99241206533,0.6421867473560532,0.0,True,False
2014-01-23,1844.8599853515625,12.84000015258789,14.470000267028809,0.00040557606002412504,462346.07284196606,-260.8099265834997,462085.26291538257,0.5137435462992946,0.0,True,False
2014-01-24,1828.4599609375,13.770000457763672,14.979999542236328,0.00040557606002412504,462346.5865860832,-257.4850156199786,462089.1015704633,0.5137441171546347,0.0,True,False
2014-01-27,1790.2900390625,18.13999938964844,17.399999618530273,0.00040557606002412504,462348.12782185996,-474.0654691816341,461874.06235267833,1.541235776734719,0.0,True,True
2014-01-28,1781.56005859375,17.420000076293945,17.1299991607666,0.000506976483216771,462348.64156826056,-432.9647156965245,461915.67685256404,0.5137464005823382,0.0,True,True
2014-01-29,1792.5,15.800000190734863,16.200000762939453,0.000506976483216771,462349.2837601814,-299.1737280061121,462050.11003217526,0.642191920820737,0.0,True,False
2014-01-30,1774.199951171875,17.350000381469727,17.239999771118164,0.00040557606002412504,462349.9259529942,-417.84739693245666,461932.0785560617,0.6421928128109498,0.0,True,True
2014-01-31,1794.18994140625,17.290000915527344,17.3700008392334,0.00020278290372213926,462012.85707492667,0.0,462012.85707492667,0.5137483986079436,51.26581742254237,False,False
2014-02-03,1782.5899658203125,18.40999984741211,18.09000015258789,0.00020278290372213926,462013.627116462,0.0,462013.627116462,0.7700415352981079,0.0,False,True
2014-02-04,1741.8900146484375,21.440000534057617,20.13999938964844,0.000506976483216771,462013.88379725895,0.0,462013.88379725895,0.25668079694705354,0.0,False,True
2014-02-05,1755.199951171875,19.11000061035156,19.079999923706055,0.0006083794699427381,462014.52552420873,0.0,462014.52552420873,0.6417269497650419,0.0,False,True
2014-02-06,1751.6400146484375,19.950000762939453,19.670000076293945,0.0007097850203325396,462015.2956074591,0.0,462015.2956074591,0.7700832503564106,0.0,False,True
2014-02-07,1773.4300537109375,17.229999542236328,17.790000915527344,0.0007097850203325396,462355.37784615596,-509.183795258983,461846.194050897,0.89844343788034,0.0,True,False
2014-02-10,1797.02001953125,15.289999961853027,16.34000015258789,0.0008111931345149166,462358.0751657055,-420.4050345648969,461937.6701311406,2.6973195495492095,0.0,True,False
2014-02-11,1799.8399658203125,15.260000228881836,16.31999969482422,0.0007097850203325396,462359.10273313854,-414.74739808421106,461944.35533505434,1.0275674330315365,0.0,True,False
2014-02-12,1819.75,14.510000228881836,15.75,0.000506976483216771,462360.0018451501,-473.74453069792565,461886.25731445214,0.899112011537749,0.0,True,False
2014-02-13,1819.260009765625,14.300000190734863,15.649999618530272,0.000506976483216771,462360.6440528501,-432.05827748384166,461928.5857753662,0.6422076999912174,0.0,True,False
2014-02-14,1829.8299560546875,14.140000343322754,15.5,0.00030417820023607886,462361.28626144206,-489.3957896369403,461871.8904718051,0.6422085920033471,0.0,True,False
2014-02-18,1838.6300048828125,13.56999969482422,15.170000076293944,0.00020278290372213926,462362.8275267388,-430.5855938439012,461932.2419328949,1.5412652967389426,0.0,True,False
2014-02-19,1840.760009765625,13.869999885559082,15.220000267028809,0.000506976483216771,462363.0844015409,-454.08808302716847,461908.99631851376,0.25687480213292546,0.0,True,False
2014-02-20,1828.75,15.5,16.290000915527344,0.0006083794699427381,462363.7266135225,-447.6811279561633,461916.04548556637,0.6422119815930903,0.0,True,False
2014-02-21,1839.780029296875,14.789999961853027,15.720000267028809,0.000506976483216771,462364.4972788193,-473.54279520244046,461890.95448361686,0.7706652967965775,0.0,True,False
2014-02-24,1836.25,14.68000030517578,15.640000343322754,0.000506976483216771,462366.42392332765,-348.9930040585206,462017.4309192691,1.9266445083267625,0.0,True,False
2014-02-25,1847.6099853515625,14.229999542236328,15.5,0.000506976483216771,462367.06613994774,-392.11436491307967,461974.95177503466,0.64221662011415,0.0,True,False
2014-02-26,1845.1199951171875,13.670000076293944,15.5,0.000506976483216771,462367.70835745987,-274.04887093217,462093.6594865277,0.6422175121386696,0.0,True,False
2014-02-27,1845.1600341796875,14.350000381469728,15.90999984741211,0.000506976483216771,462368.350575864,-302.37505237909244,462065.9755234849,0.6422184041644281,0.0,True,False
2014-02-28,1854.2900390625,14.039999961853027,15.630000114440918,0.00040557606002412504,462021.4405302921,0.0,462021.4405302921,0.6422192961914256,-8.368469609127054,False,False
2014-03-03,1859.449951171875,14.0,15.800000190734863,0.000506976483216771,462429.3747823389,-576.3941001468584,461852.9806821921,1.5401518999453394,0.0,True,False
2014-03-04,1845.72998046875,16.0,16.920000076293945,0.000506976483216771,462430.01708639634,-654.5641097420886,461775.4529766542,0.6423040574491634,0.0,True,False
2014-03-05,1873.9100341796875,14.100000381469728,15.6899995803833,0.000506976483216771,462430.6593913459,-615.9333835320115,461814.72600781394,0.6423049495951314,0.0,True,False
2014-03-06,1873.81005859375,13.890000343322754,15.770000457763672,0.0006083794699427381,462431.30169718765,-584.8515302899091,461846.45016689773,0.6423058417423386,0.0,True,False
2014-03-07,1877.030029296875,14.210000038146973,15.829999923706056,0.000506976483216771,462432.0724751182,-605.2950193958185,461826.7774557224,0.7707779305714851,0.0,True,False
2014-03-10,1878.0400390625,14.109999656677246,15.869999885559082,0.0006083794699427381,462433.99940120825,-535.3337722100565,461898.6656289982,1.9269260900260812,0.0,True,False
2014-03-11,1877.1700439453125,14.199999809265137,15.970000267028809,0.000506976483216771,462434.77018363535,-513.7747843020111,461920.99539933336,0.7707824270895942,0.0,True,False
2014-03-12,1867.6300048828125,14.800000190734863,16.350000381469727,0.000506976483216771,462435.4124951869,-484.8430631754414,461950.56943201146,0.6423115515408739,0.0,True,False
2014-03-13,1868.199951171875,14.470000267028809,16.079999923706055,0.000506976483216771,462436.0548076306,-436.4664658405789,461999.58834179,0.6423124436972512,0.0,True,False
2014-03-14,1846.3399658203125,16.219999313354492,17.1299991607666,0.000506976483216771,462436.69712096645,-473.3088287011145,461963.38829226536,0.6423133358548675,0.0,True,False
2014-03-17,1841.1300048828125,17.81999969482422,17.93000030517578,0.000506976483216771,462438.6240663271,-513.1769597119909,461925.4471066151,1.926945360641751,0.0,True,False
2014-03-18,1858.8299560546875,15.640000343322754,16.690000534057617,0.0006083794699427381,462439.2663832316,-373.7803163363675,462065.48606689525,0.6423169044977249,0.0,True,False
2014-03-19,1872.25,14.520000457763672,16.15999984741211,0.000506976483216771,462440.03717443766,-315.7737296599751,462124.2634447777,0.7707912060660377,0.0,True,False
2014-03-20,1860.77001953125,15.119999885559082,16.31999969482422,0.0006083794699427381,462440.6794933049,-300.8182853373152,462139.8612079676,0.6423188672732806,0.0,True,False
2014-03-21,1872.010009765625,14.520000457763672,15.859999656677246,0.0006083794699427381,462441.45028686634,-271.91747681342406,462169.5328100529,0.7707935614300755,0.0,True,False
2014-03-24,1866.52001953125,15.0,16.18000030517578,0.0006083794699427381,462443.7626752593,-224.35564169577046,462219.40703356353,2.3123883929513838,0.0,True,False
2014-03-25,1857.43994140625,15.09000015258789,16.100000381469727,0.0006083794699427381,462231.73167624563,0.0,462231.73167624563,0.770798700460668,193.59230243270542,False,False
2014-03-26,1865.6199951171875,14.020000457763672,15.529999732971191,0.000506976483216771,462232.502121534,0.0,462232.502121534,0.7704452883667268,0.0,False,False
2014-03-27,1852.56005859375,14.93000030517578,16.079999923706055,0.000506976483216771,462233.1441521398,0.0,462233.1441521398,0.6420306057271673,0.0,False,False
2014-03-28,1849.0400390625,14.619999885559082,15.869999885559082,0.00040557606002412504,462233.7861836373,0.0,462233.7861836373,0.6420314974933171,0.0,False,False
2014-03-31,1857.6199951171875,14.40999984741211,15.460000038146973,0.00040557606002412504,462235.32704339304,0.0,462235.32704339304,1.54085975575625,0.0,False,False
2014-04-01,1872.3399658203125,13.880000114440918,15.079999923706056,0.000506976483216771,462601.6775489731,-535.8368845200476,462065.84066445305,0.5136210599776444,0.0,True,False
2014-04-02,1885.52001953125,13.100000381469728,14.399999618530272,0.00040557606002412504,462602.32009235525,-507.07991397097516,462095.2401783843,0.6425433821377625,0.0,True,False
2014-04-03,1890.9000244140625,13.09000015258789,14.449999809265137,0.00020278290372213926,462602.83412120614,-521.6469559391927,462081.18716526695,0.5140288508750172,0.0,True,False
2014-04-04,1888.77001953125,13.369999885559082,14.5,0.00020278290372213926,462603.0911293487,-506.782145323682,462096.308984025,0.2570081425374605,0.0,True,False
2014-04-07,1865.0899658203125,13.960000038146973,14.960000038146973,0.00030417820023607886,462603.8621546331,-411.9472004351809,462191.91495419794,0.7710252844091822,0.0,True,False
2014-04-08,1845.0400390625,15.56999969482422,15.899999618530272,0.00030417820023607886,462604.24767262995,-482.95353063304873,462121.2941419969,0.38551799685970706,0.0,True,False
2014-04-09,1851.9599609375,14.890000343322754,15.529999732971191,0.00030417820023607886,462604.6331909481,-426.67594220992544,462177.9572487382,0.3855183181370202,0.0,True,False
2014-04-10,1872.1800537109375,13.81999969482422,14.829999923706056,0.00040557606002412504,462605.0187095875,-365.41375474992844,462239.6049548376,0.3855186394146012,0.0,True,False
2014-04-11,1833.0799560546875,15.890000343322754,16.06999969482422,0.00040557606002412504,462605.532741437,-470.82434216474127,462134.7083992723,0.5140318494918735,0.0,True,False
2014-04-14,1815.68994140625,17.030000686645508,16.790000915527344,0.00040557606002412504,462607.0748404127,-539.1248099946382,462067.95003041805,1.5420989756648247,0.0,True,True
2014-04-15,1830.6099853515625,16.110000610351562,16.3700008392334,0.00040557606002412504,462607.5888745469,-431.05455874483135,462176.5343158021,0.514034134198455,0.0,True,False
2014-04-16,1842.97998046875,15.609999656677246,15.989999771118164,0.00040557606002412504,462608.1029092523,-365.37712524016854,462242.7257840121,0.514034705376687,0.0,True,False
2014-04-17,1862.31005859375,14.18000030517578,15.229999542236328,0.00040557606002412504,462608.6169445288,-263.43323660636855,462345.18370792246,0.5140352765555537,0.0,True,False
2014-04-21,1864.8499755859375,13.359999656677246,14.84000015258789,0.00030417820023607886,462427.28157833003,0.0,462427.28157833003,2.0561468181845983,182.445371503051,False,False
2014-04-22,1871.8900146484375,13.25,14.75,0.00040557606002412504,462427.66694917076,0.0,462427.66694917076,0.38537084073839056,0.0,False,False
2014-04-23,1879.550048828125,13.1899995803833,14.609999656677246,0.00030417820023607886,462428.18078395264,0.0,462428.18078395264,0.5138347819077994,0.0,False,False
2014-04-24,1875.3900146484375,13.270000457763672,14.829999923706056,0.00020278290372213926,462428.56615554274,0.0,462428.56615554274,0.38537159010513555,0.0,False,False
2014-04-25,1878.6099853515625,13.31999969482422,14.770000457763672,0.00010139017035360414,462428.82306686725,0.0,462428.82306686725,0.25691132452672777,0.0,False,False
2014-04-28,1863.4000244140625,14.0600004196167,15.18000030517578,0.00030417820023607886,462429.208429251,0.0,462429.208429251,0.3853623837156684,0.0,False,False
2014-04-29,1869.4300537109375,13.970000267028809,14.93000030517578,0.00030417820023607886,462429.5938016975,0.0,462429.5938016975,0.3853724465090468,0.0,False,False
2014-04-30,1878.3299560546875,13.710000038146973,14.829999923706056,0.00020278290372213926,462429.9791744652,0.0,462429.9791744652,0.38537276766506334,0.0,False,False
2014-05-01,1883.949951171875,13.40999984741211,14.699999809265137,0.00030417820023607886,462430.23608657473,0.0,462430.23608657473,0.25691210955730226,0.0,False,False
2014-05-02,1883.6800537109375,13.25,14.670000076293944,0.00030417820023607886,462430.62145987764,0.0,462430.62145987764,0.38537330292297955,0.0,False,False
2014-05-05,1881.1400146484375,12.90999984741211,14.68000030517578,0.00020278290372213926,462431.77758171334,0.0,462431.77758171334,1.1561218356876775,0.0,False,False
2014-05-06,1884.6600341796875,13.289999961853027,14.75,0.00030417820023607886,462827.0675686749,-565.0330738528697,462262.03449482203,0.2569131086979739,0.0,True,False
2014-05-07,1867.719970703125,13.800000190734863,15.119999885559082,0.00030417820023607886,462827.45327268343,-538.158763470442,462289.294509213,0.385704008501955,0.0,True,False
2014-05-08,1878.2099609375,13.399999618530272,14.619999885559082,0.00030417820023607886,462827.83897701337,-503.62497448286405,462324.2140025305,0.3857043299342839,0.0,True,False
2014-05-09,1875.6300048828125,13.43000030517578,14.579999923706056,0.00030417820023607886,462828.2246816647,-479.4157144686646,462348.80896719603,0.3857046513668806,0.0,True,False
2014-05-12,1878.47998046875,12.920000076293944,14.380000114440918,0.00030417820023607886,462829.3817975474,-401.50582636941533,462427.875971178,1.1571158826761676,0.0,True,False
2014-05-13,1896.6500244140625,12.229999542236328,13.880000114440918,0.00030417820023607886,462829.7675034845,-386.7505750306509,462443.0169284539,0.38570593709994605,0.0,True,False
2014-05-14,1897.449951171875,12.130000114440918,14.039999961853027,0.00030417820023607886,462830.15320974303,-368.8654833669697,462461.2877263761,0.38570625853388213,0.0,True,False
2014-05-15,1888.530029296875,12.170000076293944,14.18000030517578,0.00030417820023607886,462830.538916323,-325.32219147857217,462505.2167248444,0.38570657996808605,0.0,True,False
2014-05-16,1870.8499755859375,13.170000076293944,14.859999656677246,0.00030417820023607886,462830.92462322436,-348.1003228086048,462482.82430041576,0.3857069014025578,0.0,True,False
2014-05-19,1877.8599853515625,12.4399995803833,14.329999923706056,0.00030417820023607886,462832.08174585714,-259.5509277224726,462572.53081813466,1.1571226327944497,0.0,True,False
2014-05-20,1885.0799560546875,12.420000076293944,14.109999656677246,0.00030417820023607886,462832.46745404426,-245.18916476783312,462587.2782892764,0.3857081871431237,0.0,True,False
2014-05-21,1872.8299560546875,12.960000038146973,14.40999984741211,0.00030417820023607886,462832.85316255287,-254.25852617518433,462578.5946363777,0.38570850857893485,0.0,True,False
2014-05-22,1888.030029296875,11.90999984741211,13.869999885559082,0.00040557606002412504,462630.33212779876,0.0,462630.33212779876,0.38570883001501394,192.1263302687546,False,False
2014-05-23,1892.489990234375,12.029999732971191,13.829999923706056,0.00030417820023607886,462630.8461877757,0.0,462630.8461877757,0.5140599769497562,0.0,False,False
2014-05-27,1900.530029296875,11.359999656677246,13.619999885559082,0.00040557606002412504,462632.38835164113,0.0,462632.38835164113,1.5421638653955205,0.0,False,False
2014-05-28,1911.9100341796875,11.510000228881836,13.640000343322754,0.00040557606002412504,462632.90241390286,0.0,462632.90241390286,0.5140622617596955,0.0,False,False
2014-05-29,1909.780029296875,11.68000030517578,13.770000457763672,0.00040557606002412504,462633.41647673585,0.0,462633.41647673585,0.5140628329691819,0.0,False,False
2014-05-30,1920.030029296875,11.56999969482422,13.710000038146973,0.00040557606002412504,462633.93054014,0.0,462633.93054014,0.5140634041793031,0.0,False,False
2014-06-02,1923.5699462890625,11.399999618530272,13.75,0.00040557606002412504,462635.47273378,0.0,462635.47273378,1.5421936399374967,0.0,False,False
2014-06-03,1924.969970703125,11.579999923706056,13.880000114440918,0.00040557606002412504,463088.3283564954,-622.3415570264581,462465.986799469,0.514065689026135,0.0,True,False
2014-06-04,1924.239990234375,11.869999885559082,13.81999969482422,0.00040557606002412504,463088.84292538307,-608.6501353513358,462480.1927900317,0.5145688876597048,0.0,True,False
2014-06-05,1927.8800048828125,12.079999923706056,13.770000457763672,0.00040557606002412504,463089.3574948425,-615.91713300397,462473.4403618385,0.5145694594321377,0.0,True,False
2014-06-06,1940.4599609375,11.68000030517578,13.579999923706056,0.00040557606002412504,463089.8720648737,-643.9875968609573,462445.8844680127,0.514570031205206,0.0,True,False
2014-06-09,1949.43994140625,10.729999542236328,12.829999923706056,0.00040557606002412504,463091.4157783981,-535.3975587743096,462556.0182196238,1.5437135243930244,0.0,True,False
2014-06-10,1951.27001953125,11.149999618530272,13.020000457763672,0.00040557606002412504,463091.9303507164,-568.9678222843742,462522.962528432,0.5145723183038323,0.0,True,False
2014-06-11,1950.7900390625,10.989999771118164,13.010000228881836,0.00040557606002412504,463092.44492360647,-523.0880161948949,462569.3569074116,0.5145728900800772,0.0,True,False
2014-06-12,1943.8900146484375,11.600000381469728,13.289999961853027,0.00040557606002412504,463092.9594970683,-497.9402030072026,462595.0192940611,0.5145734618569575,0.0,True,False
2014-06-13,1930.1099853515625,12.5600004196167,14.109999656677246,0.00040557606002412504,463093.4740711019,-485.58082934935413,462607.8932417526,0.5145740336344731,0.0,True,False
2014-06-16,1936.1600341796875,12.18000030517578,13.789999961853027,0.00040557606002412504,463095.01779663365,-403.00125017924086,462692.0165464544,1.5437255317075111,0.0,True,False
2014-06-17,1937.780029296875,12.649999618530272,13.970000267028809,0.00040557606002412504,463095.5323729544,-429.5348938013251,462665.9974791531,0.514576320750889,0.0,True,False
2014-06-18,1941.989990234375,12.0600004196167,13.65999984741211,0.00040557606002412504,463096.04694984696,-371.4950773246211,462724.55187252234,0.5145768925315813,0.0,True,False
2014-06-19,1956.97998046875,10.609999656677246,12.619999885559082,0.00030417820023607886,463096.5615273113,-309.4343183063411,462787.12720900495,0.514577464312909,0.0,True,False
2014-06-20,1959.47998046875,10.619999885559082,12.699999809265137,0.00020278290372213926,463096.9474559067,-300.80398853495495,462796.14346737176,0.38592859541010444,0.0,True,False
2014-06-23,1962.8699951171875,10.850000381469728,12.869999885559082,0.00020278290372213926,463097.7193043065,-259.70151674047656,462838.017787566,0.7718483997794494,0.0,True,False
2014-06-24,1962.6099853515625,10.979999542236328,12.920000076293944,0.00030417820023607886,463097.9765873923,-240.99431320945425,462856.98227418284,0.25728308577666387,0.0,True,False
2014-06-25,1949.97998046875,12.130000114440918,13.380000114440918,0.00030417820023607886,463098.36251716694,-243.84631289313842,462854.5162042738,0.38592977467204426,0.0,True,False
2014-06-26,1959.530029296875,11.59000015258789,13.109999656677246,0.00030417820023607886,462863.5297222783,0.0,462863.5297222783,0.3859300962925188,217.12283204157404,False,False
2014-06-27,1957.219970703125,11.630000114440918,13.06999969482422,0.00040557606002412504,462863.9154566731,0.0,462863.9154566731,0.3857343947947821,0.0,False,False
2014-06-30,1960.9599609375,11.260000228881836,12.81999969482422,0.00030417820023607886,462865.45841696946,0.0,462865.45841696946,1.5429602963631175,0.0,False,False
2014-07-01,1960.22998046875,11.56999969482422,13.010000228881836,0.00040557606002412504,463238.1102267506,-542.2660737790397,462695.8441529716,0.3857360021019724,0.0,True,False
2014-07-02,1973.3199462890625,11.149999618530272,12.739999771118164,0.00020278290372213926,463238.6249620711,-554.888758677281,462683.7362033938,0.5147353204666865,0.0,True,False
2014-07-03,1974.6199951171875,10.81999969482422,12.489999771118164,0.00020278290372213926,463238.88232343976,-507.26439445583964,462731.61792898393,0.25736136869821985,0.0,True,False
2014-07-07,1985.43994140625,10.31999969482422,12.239999771118164,0.00010139017035360414,463239.9117703444,-451.1953671898172,462788.7164031546,1.0294469046743608,0.0,True,False
2014-07-08,1977.6500244140625,11.329999923706056,12.869999885559082,0.00040557606002412504,463240.04044974194,-471.8218892798464,462768.2185604621,0.12867939753768534,0.0,True,False
2014-07-09,1963.7099609375,11.979999542236328,13.210000038146973,0.00030417820023607886,463240.5551872072,-434.1502748302122,462806.40491237695,0.5147374652685239,0.0,True,False
2014-07-10,1972.8299560546875,11.649999618530272,12.989999771118164,0.00030417820023607886,463240.9412358019,-425.2607034686025,462815.6805323333,0.38604859472672276,0.0,True,False
2014-07-11,1964.6800537109375,12.59000015258789,13.649999618530272,0.00020278290372213926,463241.32728471834,-451.4952994151574,462789.8319853032,0.3860489164462178,0.0,True,False
2014-07-14,1967.5699462890625,12.079999923706056,13.279999732971191,0.00020278290372213926,463242.09937375743,-352.86049114940454,462889.238882608,0.7720890391108916,0.0,True,False
2014-07-15,1977.0999755859375,11.81999969482422,12.93000030517578,0.00030417820023607886,463242.3567370564,-349.67428072071016,462892.6824563357,0.25736329897626414,0.0,True,False
2014-07-16,1973.280029296875,11.960000038146973,13.15999984741211,0.00020278290372213926,463242.74278715247,-321.7731615771302,462920.96962557535,0.3860500960758163,0.0,True,False
2014-07-17,1981.5699462890625,11.0,12.630000114440918,0.00020278290372213926,463243.0001508089,-258.73134173565643,462984.26880907326,0.2573636564372854,0.0,True,False
2014-07-18,1958.1199951171875,14.539999961853027,14.970000267028809,0.00020278290372213926,463243.2575146083,-440.2086591329417,462803.0488554754,0.2573637994207486,0.0,True,False
2014-07-21,1978.219970703125,12.0600004196167,13.359999656677246,0.00020278290372213926,463244.02960686455,-236.66127274673192,463007.3683341178,0.772092256244712,0.0,True,False
2014-07-22,1973.6300048828125,12.8100004196167,13.800000190734863,0.00030417820023607886,463244.28697123594,-254.3381911479364,462989.948780088,0.2573643713553957,0.0,True,False
2014-07-23,1983.530029296875,12.239999771118164,13.5,0.00030417820023607886,463244.6730229406,-224.99202951613765,463019.68099342444,0.3860517046659628,0.0,True,False
2014-07-24,1987.010009765625,11.520000457763672,13.380000114440918,0.00030417820023607886,463078.3227674605,0.0,463078.3227674605,0.3860520263880495,205.52976627254094,False,False
2014-07-25,1987.97998046875,11.84000015258789,13.449999809265137,0.00030417820023607886,463078.70868085633,0.0,463078.70868085633,0.3859133958609045,0.0,False,False
2014-07-28,1978.3399658203125,12.6899995803833,14.0,0.00030417820023607886,463079.8664229735,0.0,463079.8664229735,1.1577421172019902,0.0,False,False
2014-07-29,1978.9100341796875,12.5600004196167,13.920000076293944,0.00040557606002412504,463080.2523376558,0.0,463080.2523376558,0.3859146822898125,0.0,False,False
2014-07-30,1969.949951171875,13.279999732971191,14.220000267028809,0.00020278290372213926,463080.76689756964,0.0,463080.76689756964,0.5145599138467699,0.0,False,False
2014-07-31,1970.0699462890625,13.329999923706056,14.260000228881836,0.00040557606002412504,463081.0241712372,0.0,463081.0241712372,0.25727366753223124,0.0,False,False
2014-08-01,1930.6700439453125,16.950000762939453,16.3799991607666,0.00030417820023607886,463081.53873200866,0.0,463081.53873200866,0.5145607714834736,0.0,False,True
2014-08-04,1925.1500244140625,17.030000686645508,16.780000686645508,0.00030417820023607886,463082.6964812013,0.0,463082.6964812013,1.1577491926069947,0.0,False,True
2014-08-05,1938.989990234375,15.119999885559082,15.8100004196167,0.00040557606002412504,463434.41267943487,-521.3302811928261,462913.082398242,0.38591704076207833,0.0,True,False
2014-08-06,1920.2099609375,16.8700008392334,17.139999389648438,0.00030417820023607886,463434.92763288034,-589.4389749823534,462845.488657898,0.5149534454517861,0.0,True,False
2014-08-07,1920.239990234375,16.3700008392334,16.93000030517578,0.00030417820023607886,463435.3138434583,-543.8314455654786,462891.4823978928,0.3862105779742288,0.0,True,False
2014-08-08,1909.5699462890625,16.65999984741211,17.219999313354492,0.00030417820023607886,463435.7000543581,-540.8598354626351,462894.84021889546,0.38621089982871504,0.0,True,False
2014-08-11,1931.5899658203125,15.770000457763672,16.690000534057617,0.00030417820023607886,463436.8586889887,-461.39100679781205,462975.46768219094,1.1586346305929818,0.0,True,False
2014-08-12,1936.9200439453125,14.229999542236328,15.760000228881836,0.00040557606002412504,463437.24490117596,-358.8812768614882,463078.3636243145,0.3862121872493422,0.0,True,False
2014-08-13,1933.75,14.130000114440918,15.699999809265137,0.00030417820023607886,463437.7598577685,-333.1716001085684,463104.5882576599,0.5149565925256847,0.0,True,False
2014-08-14,1946.719970703125,12.899999618530272,14.850000381469728,0.00040557606002412504,463438.1460707067,-268.2762226052371,463169.86984810146,0.38621293825211417,0.0,True,False
2014-08-15,1955.1800537109375,12.420000076293944,14.43000030517578,0.00040557606002412504,463438.6610283006,-241.92238212106173,463196.7386461795,0.5149575938763443,0.0,True,False
2014-08-18,1955.06005859375,13.149999618530272,14.420000076293944,0.00030417820023607886,463440.2059045156,-229.8503015165937,463210.355602999,1.5448762149904247,0.0,True,False
2014-08-19,1971.739990234375,12.31999969482422,13.90999984741211,0.00030417820023607886,463440.5921194923,-214.1435730908557,463226.44854640146,0.3862149767025451,0.0,True,False
2014-08-20,1981.5999755859375,12.210000038146973,13.789999961853027,0.00030417820023607886,463440.97833479085,-228.68254503694726,463212.2957897539,0.38621529856069714,0.0,True,False
2014-08-21,1986.510009765625,11.779999732971191,13.760000228881836,0.00040557606002412504,463441.3645504113,-206.08270715115955,463235.2818432601,0.38621562041911733,0.0,True,False
2014-08-22,1992.3699951171875,11.760000228881836,13.529999732971191,0.00020278290372213926,463441.87951158144,-215.51890972324043,463226.3606018582,0.514961170147695,0.0,True,False
2014-08-25,1988.4000244140625,11.470000267028809,13.510000228881836,0.00030417820023607886,463298.6766266712,0.0,463298.6766266712,0.7724233015503805,207.35497298107106,False,False
2014-08-26,1997.9200439453125,11.699999809265137,13.56999969482422,0.00040557606002412504,463299.06272370234,0.0,463299.06272370234,0.38609703111636384,0.0,False,False
2014-08-27,2000.02001953125,11.630000114440918,13.710000038146973,0.00030417820023607886,463299.57752675127,0.0,463299.57752675127,0.5148030489250301,0.0,False,False
2014-08-28,2000.1199951171875,11.779999732971191,13.920000076293944,0.00040557606002412504,463299.96362453315,0.0,463299.96362453315,0.3860977818952108,0.0,False,False
2014-08-29,1996.739990234375,12.050000190734863,14.130000114440918,0.00030417820023607886,463300.4784285831,0.0,463300.4784285831,0.5148040499771189,0.0,False,False
2014-09-02,2003.3699951171875,12.09000015258789,14.260000228881836,0.00030417820023607886,463739.58715840784,-607.5643337634932,463132.02282464434,1.544396061223764,0.0,True,False
2014-09-03,2002.280029296875,12.25,14.460000038146973,0.00030417820023607886,463739.9736228785,-601.142659215451,463138.83096366306,0.3864644706448575,0.0,True,False
2014-09-04,2000.719970703125,12.359999656677246,14.390000343322754,0.00030417820023607886,463740.3600876712,-574.4204267959549,463165.93966087524,0.3864647927109291,0.0,True,False
2014-09-05,1997.6500244140625,12.640000343322754,14.539999961853027,0.00030417820023607886,463740.746552786,-564.6306496916795,463176.1159030943,0.3864651147772691,0.0,True,False
2014-09-08,2007.7099609375,12.09000015258789,14.079999923706056,0.00030417820023607886,463741.9059500627,-483.2489802267307,463258.6569698359,1.1593972767097531,0.0,True,False
2014-09-09,2001.5400390625,12.65999984741211,14.390000343322754,0.00020278290372213926,463742.2924164657,-484.93669120500186,463257.3557252607,0.38646640304531293,0.0,True,False
2014-09-10,1988.43994140625,13.5,14.84000015258789,0.00020278290372213926,463742.55005765683,-499.471820655437,463243.0782370014,0.2576411911017216,0.0,True,False
2014-09-11,1995.68994140625,12.880000114440918,14.630000114440918,0.00020278290372213926,463742.8076989911,-446.19635375121004,463296.61134523986,0.2576413342393747,0.0,True,False
2014-09-12,1997.449951171875,12.800000190734863,14.68000030517578,0.00020278290372213926,463743.0653404685,-423.5604421186994,463319.5048983498,0.2576414773771073,0.0,True,False
2014-09-15,1985.5400390625,13.3100004196167,15.039999961853027,0.00020278290372213926,463743.8382657595,-385.2466563961953,463358.5916093633,0.7729252910394925,0.0,True,False
2014-09-16,1984.1300048828125,14.119999885559082,15.579999923706056,0.00020278290372213926,463744.09590780945,-420.0572349281315,463324.0386728813,0.25764204992883283,0.0,True,False
2014-09-17,1998.97998046875,12.729999542236328,14.850000381469728,0.00020278290372213926,463744.3535500025,-309.66441609626105,463434.6891339062,0.257642193066963,0.0,True,False
2014-09-18,2001.5699462890625,12.649999618530272,14.619999885559082,0.00020278290372213926,463744.6111923387,-285.4155777132582,463459.1956146254,0.2576423362051727,0.0,True,False
2014-09-19,2011.3599853515625,12.029999732971191,14.229999542236328,0.00020278290372213926,463744.868834818,-238.79069053440344,463506.0781442836,0.2576424793434619,0.0,True,False
2014-09-22,2010.4000244140625,12.109999656677246,14.380000114440918,0.00020278290372213926,463555.3900683,0.0,463555.3900683,0.7729282969418966,247.31263894855772,False,False
2014-09-23,1994.2900390625,13.6899995803833,15.260000228881836,0.00010139017035360414,463555.6476056538,0.0,463555.6476056538,0.2575373538102161,0.0,False,False
2014-09-24,1982.77001953125,14.93000030517578,16.06999969482422,0.00010139017035360414,463555.77637275687,0.0,463555.77637275687,0.1287671030570854,0.0,False,False
2014-09-25,1998.300048828125,13.270000457763672,15.220000267028809,0.00020278290372213926,463555.9051398957,0.0,463555.9051398957,0.12876713882618224,0.0,False,False
2014-09-26,1965.989990234375,15.640000343322754,16.59000015258789,0.00010139017035360414,463556.16267753567,0.0,463556.16267753567,0.2575376399684155,0.0,False,False
2014-09-29,1982.8499755859375,14.850000381469728,16.020000457763672,0.00010139017035360414,463556.54897938133,0.0,463556.54897938133,0.3863018456565203,0.0,False,False
2014-09-30,1977.800048828125,15.979999542236328,16.81999969482422,0.00020278290372213926,463556.67774673476,0.0,463556.67774673476,0.12876735344187581,0.0,False,False
2014-10-01,1972.2900390625,16.309999465942383,17.079999923706055,0.00020278290372213926,463556.93528480397,0.0,463556.93528480397,0.2575380692054067,0.0,False,False
2014-10-02,1946.1600341796875,16.709999084472656,17.6200008392334,0.00020278290372213926,463557.19282301626,0.0,463557.19282301626,0.25753821228576834,0.0,False,False
2014-10-03,1946.1700439453125,16.15999984741211,17.239999771118164,0.00010139017035360414,463557.4503613716,0.0,463557.4503613716,0.25753835536620945,0.0,False,False
2014-10-06,1967.9000244140625,14.550000190734863,16.040000915527344,0.00010139017035360414,463557.83666429034,0.0,463557.83666429034,0.38630291874039346,0.0,False,False
2014-10-07,1964.8199462890625,15.460000038146973,16.549999237060547,0.00020278290372213926,463930.0147498591,-542.049317857658,463387.96543200145,0.12876771113669896,0.0,True,False
2014-10-08,1935.0999755859375,17.200000762939453,17.68000030517578,0.00020278290372213926,463930.27249534306,-577.531974573414,463352.7405207697,0.2577454839522181,0.0,True,False
2014-10-09,1968.8900146484375,15.109999656677246,16.280000686645508,0.00010139017035360414,463930.5302409702,-494.0405977069946,463436.4896432632,0.2577456271478131,0.0,True,False
2014-10-10,1928.2099609375,18.760000228881836,18.09000015258789,0.00010139017035360414,463930.65911220864,-621.8022185652916,463308.85689364333,0.12887123845309545,0.0,True,True
2014-10-13,1906.1300048828125,21.239999771118164,19.93000030517578,0.00010139017035360414,463931.04572613875,-744.9047792270061,463186.14094691176,0.3866139300932159,0.0,True,True
2014-10-14,1874.739990234375,24.63999938964844,22.1200008392334,0.00010139017035360414,463931.1745975204,-989.5308004122111,462941.64379710815,0.12887138164524975,0.0,True,True
2014-10-15,1877.699951171875,22.790000915527344,21.3700008392334,0.00020278290372213926,463931.3034689378,-874.7153465357005,463056.5881224021,0.1288714174433132,0.0,True,True
2014-10-16,1862.489990234375,25.270000457763672,22.770000457763672,0.00020278290372213926,463931.5612151377,-1044.7057390861996,462886.8554760515,0.257746199925559,0.0,True,True
2014-10-17,1862.760009765625,25.200000762939453,22.850000381469727,0.00030417820023607886,463931.8189614808,-1029.872732083283,462901.94622939755,0.25774634312155176,0.0,True,True
2014-10-20,1886.760009765625,21.989999771118164,21.25,0.00020278290372213926,463932.97883645725,-735.0339743390914,463197.94486211817,1.159874976441644,0.0,True,True
2014-10-21,1904.010009765625,18.56999969482422,19.670000076293945,0.00020278290372213926,463933.23658358795,-493.7980077788933,463439.43857580906,0.2577471307090789,0.0,True,False
2014-10-22,1941.280029296875,16.079999923706055,17.8700008392334,0.00020278290372213926,463933.49433086184,-298.51143098597294,463634.98289987585,0.25774727390558877,0.0,True,False
2014-10-23,1927.1099853515625,17.8700008392334,19.059999465942383,0.00020278290372213926,463933.7520782789,-376.77250055161187,463556.9795777273,0.2577474171021782,0.0,True,False
2014-10-24,1950.8199462890625,16.530000686645508,18.219999313354492,0.00010139017035360414,463934.0098258392,-280.0515460768918,463653.9582797623,0.25774756029884716,0.0,True,False
2014-10-27,1964.5799560546875,16.110000610351562,17.920000076293945,0.00010139017035360414,463934.3964425616,-210.72074103224924,463723.6757015293,0.38661672239102995,0.0,True,False
2014-10-28,1961.6300048828125,16.040000915527344,17.860000610351562,0.00020278290372213926,463734.71042773506,0.0,463734.71042773506,0.12887231241170502,172.23443071869005,False,False
2014-10-29,1985.050048828125,14.390000343322754,16.459999084472656,0.00020278290372213926,463734.9680647138,0.0,463734.9680647138,0.25763697877811126,0.0,False,False
2014-10-30,1982.300048828125,15.149999618530272,16.889999389648438,0.00030417820023607886,463735.2257018357,0.0,463735.2257018357,0.257637121913424,0.0,False,False
2014-10-31,1994.6500244140625,14.520000457763672,16.739999771118164,0.00010139017035360414,463735.6121626717,0.0,463735.6121626717,0.38646083595838243,0.0,False,False
2014-11-03,2018.050048828125,14.029999732971191,16.510000228881836,0.00010139017035360414,463735.9986140605,0.0,463735.9986140605,0.3864513888465186,0.0,False,False
2014-11-04,2017.81005859375,14.729999542236328,16.809999465942383,0.00020278290372213926,463919.63933149114,-353.51190022943894,463566.1274312617,0.1288172011995758,0.0,True,False
2014-11-05,2012.0999755859375,14.890000343322754,16.93000030517578,0.00030417820023607886,463919.89707121084,-340.2344971713876,463579.6625740395,0.2577397196835926,0.0,True,False
2014-11-06,2023.5699462890625,14.170000076293944,16.56999969482422,0.00030417820023607886,463920.2836859455,-311.3880002648034,463608.8956856807,0.38661473466572843,0.0,True,False
2014-11-07,2031.2099609375,13.670000076293944,16.260000228881836,0.00030417820023607886,463920.67030100233,-287.45113328760635,463633.2191677147,0.3866150568570248,0.0,True,False
2014-11-10,2031.9200439453125,13.119999885559082,15.829999923706056,0.00030417820023607886,463921.83014810603,-223.91399282577984,463697.91615528025,1.159847103698751,0.0,True,False
2014-11-11,2038.260009765625,12.670000076293944,15.039999961853027,0.00020278290372213926,463922.21676445164,-195.59612024476974,463726.6206442069,0.3866163456248954,0.0,True,False
2014-11-12,2039.6800537109375,12.920000076293944,15.359999656677246,0.00020278290372213926,463922.47450560326,-197.05053160222613,463725.423974001,0.2577411516273872,0.0,True,False
2014-11-13,2038.25,13.020000457763672,15.739999771118164,0.00020278290372213926,463922.73224689806,-191.0452971340301,463731.68694976403,0.2577412948205753,0.0,True,False
2014-11-14,2039.3299560546875,13.789999961853027,15.890000343322754,0.00020278290372213926,463922.98998833605,-204.31489432186032,463718.6750940142,0.2577414380138429,0.0,True,False
2014-11-17,2039.8199462890625,13.3100004196167,15.960000038146973,0.00020278290372213926,463923.76321350934,-156.99807103427335,463766.7651424751,0.7732251732829415,0.0,True,False
2014-11-18,2041.3199462890625,13.989999771118164,15.93000030517578,0.00030417820023607886,463924.02095552016,-166.19044669401427,463757.8305088261,0.25774201078770903,0.0,True,False
2014-11-19,2051.800048828125,13.859999656677246,15.699999809265137,0.00020278290372213926,463924.4075736915,-163.94815704492729,463760.45941664657,0.38661817136772825,0.0,True,False
2014-11-20,2048.719970703125,13.960000038146973,15.970000267028809,0.00010139017035360414,463924.6653160603,-151.3736335784631,463773.2916824818,0.2577423687747366,0.0,True,False
2014-11-21,2052.75,13.579999923706056,16.010000228881836,0.00020278290372213926,463924.79418566957,-133.83816735983757,463790.95601830975,0.12886960928646962,0.0,True,False
2014-11-24,2063.5,12.899999618530272,15.789999961853027,0.00010139017035360414,463925.56741384993,-101.29823945498238,463824.26917439495,0.7732281803570161,0.0,True,False
2014-11-25,2069.409912109375,12.619999885559082,15.550000190734863,0.00020278290372213926,463821.1528144176,0.0,463821.1528144176,0.12886985987239094,78.96843093728582,False,False
2014-11-26,2067.030029296875,12.25,15.40999984741211,0.00020278290372213926,463821.4104994212,0.0,463821.4104994212,0.2576850035535755,0.0,False,False
2014-11-28,2072.830078125,12.06999969482422,15.31999969482422,0.00020278290372213926,463821.9258698578,0.0,463821.9258698578,0.515370436585907,0.0,False,False
2014-12-01,2067.56005859375,13.329999923706056,15.93000030517578,0.00020278290372213926,463822.6989265865,0.0,463822.6989265865,0.7730567286871584,0.0,False,False
2014-12-02,2053.43994140625,14.15999984741211,16.65999984741211,0.00030417820023607886,464283.16513007967,-630.2085176306707,463652.956612449,0.2576858625267321,0.0,True,False
2014-12-03,2066.550048828125,12.850000381469728,15.960000038146973,0.00030417820023607886,464283.55204754934,-569.6325088637127,463713.91953868564,0.38691746965312335,0.0,True,False
2014-12-04,2074.330078125,12.5,15.529999732971191,0.00010139017035360414,464283.9389653414,-549.0139881633314,463734.9249771781,0.38691779209670857,0.0,True,False
2014-12-05,2071.919921875,12.380000114440918,15.640000343322754,0.00020278290372213926,464284.06793475023,-509.18281052050844,463774.8851242297,0.12896940879762137,0.0,True,False
2014-12-08,2075.3701171875,11.890000343322754,15.300000190734863,0.00020278290372213926,464284.8417617358,-410.8093881816589,463874.03237355413,0.7738269855744422,0.0,True,False
2014-12-09,2060.31005859375,14.210000038146973,16.780000686645508,0.00030417820023607886,464285.0997043509,-499.19124609221825,463785.9084582587,0.2579426151077541,0.0,True,False
2014-12-10,2059.820068359375,15.350000381469728,17.229999542236328,0.00040557606002412504,464285.4866234328,-555.8875605367975,463729.599062896,0.3869190818601515,0.0,True,False
2014-12-11,2026.1400146484375,18.530000686645508,19.13999938964844,0.00030417820023607886,464286.00252256426,-678.2247977411233,463607.77772482316,0.5158991315031565,0.0,True,False
2014-12-12,2035.3299560546875,20.079999923706055,20.719999313354492,0.00030417820023607886,464286.3894423985,-811.4605225716151,463474.92891982687,0.38691983423750415,0.0,True,False
2014-12-15,2002.3299560546875,21.079999923706055,21.0,0.00020278290372213926,464287.5502038359,-766.4518612614759,463521.09834257443,1.1607614373641173,0.0,True,True
2014-12-16,1989.6300048828125,20.420000076293945,21.059999465942383,0.00040557606002412504,464287.80814795574,-720.9881560357504,463566.81999191997,0.2579441198362641,0.0,True,False
2014-12-17,1972.739990234375,23.56999969482422,23.09000015258789,0.00030417820023607886,464288.3240496669,-945.7615665132696,463342.5624831536,0.5159017111066971,0.0,True,True
2014-12-18,2012.8900146484375,19.440000534057617,20.43000030517578,0.00030417820023607886,464288.71097143576,-574.5807212302028,463714.1302502056,0.3869217689175868,0.0,True,False
2014-12-19,2061.22998046875,16.809999465942383,18.479999542236328,0.00040557606002412504,464289.0978935271,-430.422714746594,463858.6751787805,0.38692209136475486,0.0,True,False
2014-12-22,2070.64990234375,16.489999771118164,18.469999313354492,0.00040557606002412504,464290.6456046797,-344.83443641918996,463945.8111682605,1.5477111525904177,0.0,True,False
2014-12-23,2078.5400390625,15.25,17.59000015258789,0.000506976483216771,464291.1615095437,-256.16721251129303,464034.9942970324,0.5159048639975408,0.0,True,False
2014-12-24,2082.169921875,14.800000190734863,17.940000534057617,0.00030417820023607886,464090.12845884904,0.0,464090.12845884904,0.6448900375667792,258.5305768984708,False,False
2014-12-26,2081.8798828125,14.369999885559082,17.260000228881836,0.00010139017035360414,464090.90197237046,0.0,464090.90197237046,0.7735135214206315,0.0,False,False
2014-12-29,2088.77001953125,14.5,17.15999984741211,0.00010139017035360414,464091.288719838,0.0,464091.288719838,0.3867474675534369,0.0,False,False
2014-12-30,2090.570068359375,15.0600004196167,17.270000457763672,0.00030417820023607886,464091.41763573216,0.0,464091.41763573216,0.12891589415672583,0.0,False,False
2014-12-31,2080.35009765625,15.920000076293944,18.020000457763672,0.00030417820023607886,464091.8043934061,0.0,464091.8043934061,0.38675767394891236,0.0,False,False
2015-01-02,2058.89990234375,19.200000762939453,19.739999771118164,0.00040557606002412504,464092.5779097208,0.0,464092.5779097208,0.7735163147531361,0.0,False,False
2015-01-05,2058.199951171875,17.790000915527344,19.459999084472656,0.00020278290372213926,464094.1249657726,0.0,464094.1249657726,1.5470560517663323,0.0,False,False
2015-01-06,2020.5799560546875,19.920000076293945,20.790000915527344,0.00030417820023607886,464476.03741489974,-551.6546124685152,463924.38280243124,0.2578366586244258,0.0,True,False
2015-01-07,2002.6099853515625,21.1200008392334,21.420000076293945,0.00030417820023607886,464476.4244931025,-555.995036811831,463920.4294562906,0.3870782027186608,0.0,True,False
2015-01-08,2025.9000244140625,19.309999465942383,20.079999923706055,0.00030417820023607886,464476.8115716278,-486.26300328857354,463990.5485683392,0.3870785252961954,0.0,True,False
2015-01-09,2062.139892578125,17.010000228881836,18.65999984741211,0.00030417820023607886,464477.19865047565,-469.9632904021104,464007.23536007357,0.3870788478739988,0.0,True,False
2015-01-12,2044.81005859375,17.549999237060547,19.31999969482422,0.00020278290372213926,464478.3598889547,-383.6950467744134,464094.6648421803,1.161238479068691,0.0,True,False
2015-01-13,2028.260009765625,19.600000381469727,20.479999542236328,0.00030417820023607886,464478.6179390827,-427.00423038612627,464051.61370869656,0.25805012792599774,0.0,True,False
2015-01-14,2023.030029296875,20.559999465942383,21.270000457763672,0.00030417820023607886,464479.0050194359,-451.49303206175546,464027.51198737416,0.3870803532379176,0.0,True,False
2015-01-15,2011.27001953125,21.479999542236328,20.93000030517578,0.00040557606002412504,464479.3921001117,-444.4258444185226,464034.9662556932,0.38708067581724437,0.0,True,True
2015-01-16,1992.6700439453125,22.38999938964844,22.11000061035156,0.00030417820023607886,464479.9082147047,-459.8064338042614,464020.10178090044,0.51611459304545,0.0,True,True
2015-01-20,2019.4200439453125,20.950000762939453,21.149999618530273,0.00030417820023607886,464481.4565423542,-350.7933066103294,464130.6632357439,1.5483276494715341,0.0,True,False
2015-01-21,2022.550048828125,19.88999938964844,20.8700008392334,0.00030417820023607886,464481.84362507303,-289.61822186296143,464192.2254032101,0.3870827188313263,0.0,True,False
2015-01-22,2032.1199951171875,18.850000381469727,20.040000915527344,0.00030417820023607886,464482.23070811445,-242.23933351635756,464239.9913745981,0.3870830414126244,0.0,True,False
2015-01-23,2063.14990234375,16.399999618530273,18.600000381469727,0.00030417820023607886,464288.4240730115,0.0,464288.4240730115,0.3870833639941914,187.46089400156845,False,False
2015-01-26,2051.820068359375,16.65999984741211,19.0,0.00020278290372213926,464289.58483953564,0.0,464289.58483953564,1.1607665241398846,0.0,False,False
2015-01-27,2057.090087890625,15.520000457763672,18.030000686645508,0.00030417820023607886,464289.84278478584,0.0,464289.84278478584,0.2579452502183184,0.0,False,False
2015-01-28,2029.550048828125,17.219999313354492,19.11000061035156,0.00020278290372213926,464290.2297078204,0.0,464290.2297078204,0.38692303457870364,0.0,False,False
2015-01-29,2002.1600341796875,20.440000534057617,21.440000534057617,0.00020278290372213926,464290.48765342886,0.0,464290.48765342886,0.25794560848763237,0.0,False,False
2015-01-30,2021.25,18.760000228881836,20.0,0.00030417820023607886,464290.74559918063,0.0,464290.74559918063,0.2579457517944105,0.0,False,False
2015-02-02,1994.989990234375,20.969999313354492,21.81999969482422,0.00020278290372213926,464291.90637150884,0.0,464291.90637150884,1.1607723281826354,0.0,False,False
2015-02-03,2020.8499755859375,19.43000030517578,20.90999984741211,0.00020278290372213926,464691.3252827256,-569.160964676762,464122.16431804886,0.25794653999126455,0.0,True,False
2015-02-04,2050.030029296875,17.329999923706055,19.489999771118164,0.00020278290372213926,464691.5834511707,-528.1227026962245,464163.46074847446,0.2581684450573266,0.0,True,False
2015-02-05,2041.510009765625,18.329999923706055,20.43000030517578,0.00010139017035360414,464691.8416197592,-545.1134474789842,464146.72817228024,0.25816858848790597,0.0,True,False
2015-02-06,2062.52001953125,16.850000381469727,19.270000457763672,0.00020278290372213926,464691.97070247575,-520.6444247309082,464171.32627774484,0.12908271653836398,0.0,True,False
2015-02-09,2055.469970703125,17.290000915527344,19.8799991607666,0.00020278290372213926,464692.745209317,-456.6461830857409,464236.09902623127,0.7745068412726155,0.0,True,False
2015-02-10,2046.739990234375,18.549999237060547,20.670000076293945,0.00010139017035360414,464693.00337855093,-474.11040917494233,464218.892969376,0.258169233925593,0.0,True,False
2015-02-11,2068.590087890625,17.229999542236328,19.729999542236328,0.00010139017035360414,464693.13246159017,-469.14253787639836,464223.9899237138,0.12908303925326312,0.0,True,False
2015-02-12,2068.530029296875,16.959999084472656,19.709999084472656,0.00010139017035360414,464693.26154466526,-429.4088998933577,464263.8526447719,0.12908307511012107,0.0,True,False
2015-02-13,2088.47998046875,15.34000015258789,18.34000015258789,0.00020278290372213926,464693.3906277762,-406.1669798390713,464287.2236479371,0.12908311096698902,0.0,True,False
2015-02-17,2096.989990234375,14.6899995803833,18.1299991607666,0.00010139017035360414,464694.4233070069,-310.62625951431244,464383.7970474926,1.032679230648839,0.0,True,False
2015-02-18,2100.340087890625,15.800000190734863,18.3799991607666,0.00020278290372213926,464694.55239044054,-380.8599688103331,464313.6924216302,0.12908343368287425,0.0,True,False
2015-02-19,2099.679931640625,15.449999809265137,18.65999984741211,0.00020278290372213926,464694.8105606785,-321.2909426899979,464373.5196179885,0.2581702379407644,0.0,True,False
2015-02-20,2097.449951171875,15.289999961853027,18.010000228881836,0.00020278290372213926,464695.06873105984,-273.0077373067554,464422.0609937531,0.2581703813723399,0.0,True,False
2015-02-23,2110.300048828125,14.300000190734863,17.290000915527344,0.00020278290372213926,464481.73313901154,0.0,464481.73313901154,0.7745120047884154,185.0508606236649,False,False
2015-02-24,2109.659912109375,14.5600004196167,17.540000915527344,0.00020278290372213926,464481.99119101354,0.0,464481.99119101354,0.2580520020017004,0.0,False,False
2015-02-25,2115.47998046875,13.6899995803833,16.709999084472656,0.00020278290372213926,464482.2492431589,0.0,464482.2492431589,0.2580521453675876,0.0,False,False
2015-02-26,2113.860107421875,13.84000015258789,16.8700008392334,0.00020278290372213926,464482.50729544763,0.0,464482.50729544763,0.25805228873355435,0.0,False,False
2015-02-27,2110.739990234375,13.90999984741211,16.850000381469727,0.00030417820023607886,464482.76534787973,0.0,464482.76534787973,0.2580524320996008,0.0,False,False
2015-03-02,2104.5,13.34000015258789,16.889999389648438,0.00020278290372213926,464483.9266002761,0.0,464483.9266002761,1.1612523963573023,0.0,False,False
2015-03-03,2117.389892578125,13.039999961853027,16.459999084472656,0.00020278290372213926,464946.37284234934,-632.1881888526138,464314.1846534967,0.2580532206224346,0.0,True,False
2015-03-04,2107.780029296875,13.859999656677246,16.780000686645508,0.00020278290372213926,464946.6311524911,-631.0717266297646,464315.55942586134,0.25831014176716655,0.0,True,False
2015-03-05,2098.530029296875,14.229999542236328,16.90999984741211,0.00010139017035360414,464946.88946277637,-608.9923714353506,464337.89709134103,0.2583102852764683,0.0,True,False
2015-03-06,2101.0400390625,14.039999961853027,16.639999389648438,0.00020278290372213926,464947.0186163404,-567.3031104611534,464379.71550587926,0.12915356406671555,0.0,True,False
2015-03-09,2071.260009765625,15.199999809265137,17.510000228881836,0.00010139017035360414,464947.79354827263,-589.2691845339949,464358.52436373866,0.7749319322287641,0.0,True,False
2015-03-10,2079.429931640625,15.0600004196167,17.309999465942383,0.00020278290372213926,464947.92270208785,-544.8284147985635,464403.0942872893,0.1291538152047847,0.0,True,False
2015-03-11,2044.1600341796875,16.690000534057617,18.260000228881836,0.00020278290372213926,464948.18101309065,-716.0744434332715,464232.1065696574,0.25831100282235947,0.0,True,False
2015-03-12,2040.239990234375,16.8700008392334,18.530000686645508,0.00030417820023607886,464948.439324237,-727.5350239160229,464220.90430032095,0.25831114633213964,0.0,True,False
2015-03-13,2065.949951171875,15.420000076293944,17.389999389648438,0.00030417820023607886,464948.82679612306,-526.9946799842759,464421.8321161388,0.38747188606784894,0.0,True,False
2015-03-16,2053.39990234375,16.0,17.889999389648438,0.00030417820023607886,464949.9892137187,-541.5879379020816,464408.4012758166,1.1624175956154856,0.0,True,False
2015-03-17,2081.18994140625,15.609999656677246,17.399999618530273,0.000506976483216771,464950.3766868964,-421.08213235956464,464529.2945545368,0.38747317769192996,0.0,True,False
2015-03-18,2074.280029296875,15.65999984741211,17.479999542236328,0.000506976483216771,464951.02249256906,-416.02401999986523,464534.9984725692,0.6458056727020796,0.0,True,False
2015-03-19,2099.5,13.970000267028809,16.43000030517578,0.00030417820023607886,464951.6682991388,-269.22922128588783,464682.4390778529,0.6458065697117128,0.0,True,False
2015-03-20,2089.27001953125,14.06999969482422,16.969999313354492,0.00030417820023607886,464952.0557737158,-264.9826672873493,464687.07310642843,0.3874745769834203,0.0,True,False
2015-03-23,2108.10009765625,13.020000457763672,16.709999084472656,0.00010139017035360414,464793.272367067,0.0,464793.272367067,1.1624256683756546,302.24235653546157,False,False
2015-03-24,2104.419921875,13.40999984741211,16.530000686645508,0.00030417820023607886,464793.4014779591,0.0,464793.4014779591,0.12911089210597748,0.0,False,False
2015-03-25,2091.5,13.619999885559082,16.59000015258789,0.00020278290372213926,464793.78882064205,0.0,464793.78882064205,0.38734268290976004,0.0,False,False
2015-03-26,2061.050048828125,15.4399995803833,17.56999969482422,0.00040557606002412504,464794.04704601277,0.0,464794.04704601277,0.2582253706998332,0.0,False,False
2015-03-27,2056.14990234375,15.800000190734863,17.56999969482422,0.00030417820023607886,464794.5635102403,0.0,464794.5635102403,0.5164642275224914,0.0,False,False
2015-03-30,2061.02001953125,15.06999969482422,17.389999389648438,0.00040557606002412504,464795.7255421626,0.0,464795.7255421626,1.1620319222950404,0.0,False,False
2015-03-31,2086.239990234375,14.510000228881836,16.920000076293945,0.00040557606002412504,465248.86297357274,-622.6209653175391,464626.2420082552,0.5164660926135419,0.0,True,False
2015-04-01,2067.889892578125,15.289999961853027,17.540000915527344,0.00030417820023607886,465249.3799431771,-609.3192871029873,464640.06065607414,0.5169696043838886,0.0,True,False
2015-04-02,2059.68994140625,15.109999656677246,17.34000015258789,0.00030417820023607886,465249.76766585663,-560.3614526117265,464689.4062132449,0.38772267953085016,0.0,True,False
2015-04-06,2066.9599609375,14.670000076293944,17.219999313354492,0.00020278290372213926,465251.31855980586,-464.618984191335,464786.69957561453,1.5508939492260425,0.0,True,False
2015-04-07,2080.6201171875,14.739999771118164,16.81999969482422,0.00030417820023607886,465251.57703936624,-457.8298520259739,464793.7471873403,0.2584795603842555,0.0,True,False
2015-04-08,2076.330078125,14.779999732971191,16.799999237060547,0.00020278290372213926,465251.96476387675,-429.88438919151577,464822.08037468523,0.38772451051452983,0.0,True,False
2015-04-09,2081.89990234375,13.979999542236328,16.399999618530273,0.00030417820023607886,465252.22324379615,-369.20371193101033,464883.01953186514,0.25847991939569187,0.0,True,False
2015-04-10,2091.179931640625,13.09000015258789,16.020000457763672,0.00030417820023607886,465252.6109688452,-313.9220724201141,464938.68889642507,0.3877250490388651,0.0,True,False
2015-04-13,2102.06005859375,12.579999923706056,15.460000038146973,0.00020278290372213926,465253.774145931,-242.71807638055262,465011.05606955045,1.1631770857943835,0.0,True,False
2015-04-14,2092.429931640625,13.9399995803833,16.31999969482422,0.00030417820023607886,465254.03262685565,-279.7998065410435,464974.2328203146,0.2584809246336338,0.0,True,False
2015-04-15,2095.840087890625,13.670000076293944,15.850000381469728,0.00020278290372213926,465254.42035341257,-249.93679290960412,465004.483560503,0.38772655691588415,0.0,True,False
2015-04-16,2106.6298828125,12.84000015258789,15.6899995803833,0.00020278290372213926,465038.41657159565,0.0,465038.41657159565,0.2584812836469651,236.358702216942,False,False
2015-04-17,2104.989990234375,12.600000381469728,15.329999923706056,0.00020278290372213926,465038.6749328741,0.0,465038.6749328741,0.25836127847913837,0.0,False,False
2015-04-20,2081.179931640625,13.890000343322754,16.139999389648438,0.00010139017035360414,465039.45001757087,0.0,465039.45001757087,0.7750846967452111,0.0,False,False
2015-04-21,2100.39990234375,13.300000190734863,15.579999923706056,0.00030417820023607886,465039.5791968465,0.0,465039.5791968465,0.12917927566047957,0.0,False,False
2015-04-22,2097.2900390625,13.25,15.520000457763672,0.00030417820023607886,465039.9667446854,0.0,465039.9667446854,0.38754783887325533,0.0,False,False
2015-04-23,2107.9599609375,12.710000038146973,15.460000038146973,0.00030417820023607886,465040.3542928472,0.0,465040.3542928472,0.38754816184216834,0.0,False,False
2015-04-24,2112.929931640625,12.479999542236328,15.170000076293944,0.00030417820023607886,465040.74184133206,0.0,465040.74184133206,0.3875484848113505,0.0,False,False
2015-04-27,2117.68994140625,12.289999961853027,15.260000228881836,0.00030417820023607886,465041.9044887243,0.0,465041.9044887243,1.1626473922289946,0.0,False,False
2015-04-28,2108.919921875,13.119999885559082,15.93000030517578,0.00020278290372213926,465042.292038501,0.0,465042.292038501,0.38754977669077084,0.0,False,False
2015-04-29,2114.760009765625,12.40999984741211,15.3100004196167,0.00020278290372213926,465042.55040193256,0.0,465042.55040193256,0.2583634315713318,0.0,False,False
2015-04-30,2106.85009765625,13.390000343322754,15.970000267028809,0.00010139017035360414,465042.80876550765,0.0,465042.80876550765,0.25836357511023983,0.0,False,False
2015-05-01,2085.510009765625,14.550000190734863,16.479999542236328,0.00010139017035360414,465042.9379457163,0.0,465042.9379457163,0.12918020865793942,0.0,False,False
2015-05-04,2108.2900390625,12.699999809265137,15.380000114440918,0.00010139017035360414,465043.32548655756,0.0,465043.32548655756,0.3875408412225747,0.0,False,False
2015-05-05,2114.489990234375,12.850000381469728,15.43000030517578,0.00020278290372213926,465488.7489023942,-615.2942354844402,464873.45466690976,0.1291803521933985,0.0,True,False
2015-05-06,2089.4599609375,14.3100004196167,16.31999969482422,0.00010139017035360414,465489.00751386373,-644.531133324212,464844.47638053953,0.2586114695011691,0.0,True,False
2015-05-07,2080.14990234375,15.149999618530272,16.719999313354492,0.00020278290372213926,465489.13681801804,-675.0667202924947,464814.07009772555,0.1293041543384856,0.0,True,False
2015-05-08,2088.0,15.130000114440918,16.739999771118164,0.00010139017035360414,465489.39542970306,-661.4404741861423,464827.9549555169,0.25861168501535664,0.0,True,False
2015-05-11,2116.10009765625,12.859999656677246,15.5600004196167,0.00010139017035360414,465489.783342597,-486.43214875940004,465003.3511938376,0.38791289398329104,0.0,True,False
2015-05-12,2105.330078125,13.850000381469728,16.100000381469727,0.00020278290372213926,465489.91264696687,-509.01409472370204,464980.8985522432,0.12930436984922086,0.0,True,False
2015-05-13,2099.1201171875,13.859999656677246,16.399999618530273,0.00030417820023607886,465490.1712590829,-484.4943875145357,465005.6768715684,0.25861211604245454,0.0,True,False
2015-05-14,2098.47998046875,13.760000228881836,16.290000915527344,0.00020278290372213926,465490.55918242957,-452.46557549936057,465038.0936069302,0.38792334665311945,0.0,True,False
2015-05-15,2121.10009765625,12.739999771118164,15.90999984741211,0.00010139017035360414,465490.8177949048,-402.32363067170127,465088.4941642331,0.2586124752380022,0.0,True,False
2015-05-18,2122.72998046875,12.380000114440918,15.56999969482422,0.00020278290372213926,465491.2057089841,-300.3444930368221,465190.8612159473,0.38791407930310096,0.0,True,False
2015-05-19,2129.199951171875,12.729999542236328,15.229999542236328,0.00020278290372213926,465491.46432181855,-313.1722562968906,465178.29206552164,0.2586128344286007,0.0,True,False
2015-05-20,2127.830078125,12.850000381469728,15.279999732971191,0.00020278290372213926,465491.72293479665,-292.6878276879843,465199.03510710865,0.2586129781060694,0.0,True,False
2015-05-21,2125.85009765625,12.880000114440918,15.149999618530272,0.00020278290372213926,465491.98154791846,-266.4525709809644,465225.5289769375,0.25861312178361795,0.0,True,False
2015-05-22,2130.820068359375,12.109999656677246,14.609999656677246,0.00020278290372213926,465273.2262579234,0.0,465273.2262579234,0.2586132654612463,226.28033222389175,False,False
2015-05-26,2126.06005859375,12.130000114440918,14.479999542236328,0.00020278290372213926,465274.2602257117,0.0,465274.2602257117,1.0339677882752651,0.0,False,False
2015-05-27,2104.199951171875,14.0600004196167,15.479999542236328,0.00020278290372213926,465274.5187180178,0.0,465274.5187180178,0.25849230607992846,0.0,False,False
2015-05-28,2123.47998046875,13.270000457763672,14.989999771118164,0.00010139017035360414,465274.7772104675,0.0,465274.7772104675,0.2584924496904353,0.0,False,False
2015-05-29,2120.7900390625,13.3100004196167,15.010000228881836,0.00010139017035360414,465274.9064551127,0.0,465274.9064551127,0.12924464516046597,0.0,False,False
2015-06-01,2107.389892578125,13.84000015258789,15.380000114440918,0.00010139017035360414,465275.29418926354,0.0,465275.29418926354,0.3877341508375228,0.0,False,False
2015-06-02,2111.72998046875,13.970000267028809,15.40999984741211,0.00020278290372213926,465682.4704857834,-577.0470517310815,465105.4234340523,0.1292447887675221,0.0,True,False
2015-06-03,2109.60009765625,14.239999771118164,15.710000038146973,0.00010139017035360414,465682.7292048788,-577.8787546635118,465104.8504502153,0.2587190953535071,0.0,True,False
2015-06-04,2114.070068359375,13.65999984741211,15.359999656677246,0.00020278290372213926,465682.8585628454,-529.0694406504332,465153.789122195,0.12935796660693746,0.0,True,False
2015-06-05,2095.840087890625,14.710000038146973,16.280000686645508,0.00020278290372213926,465683.11728215637,-547.3088614673361,465135.808420689,0.2587193109573848,0.0,True,False
2015-06-08,2092.830078125,14.210000038146973,15.960000038146973,0.00030417820023607886,465683.89344095177,-450.91111022904,465232.98233072273,0.7761587953735356,0.0,True,False
2015-06-09,2079.280029296875,15.289999961853027,16.600000381469727,0.00020278290372213926,465684.28152573976,-496.2138005604078,465188.06772517937,0.3880847879933485,0.0,True,False
2015-06-10,2080.14990234375,14.470000267028809,16.25,0.00020278290372213926,465684.54024584126,-432.4917693514506,465252.0484764898,0.25872010151252933,0.0,True,False
2015-06-11,2105.199951171875,13.220000267028809,15.329999923706056,0.00020278290372213926,465684.7989660865,-345.7256403899925,465339.0733256965,0.25872024524959236,0.0,True,False
2015-06-12,2108.860107421875,12.850000381469728,15.100000381469728,0.00010139017035360414,465685.0576864755,-309.86201705539173,465375.1956694201,0.2587203889867352,0.0,True,False
2015-06-15,2094.110107421875,13.779999732971191,15.609999656677246,0.00020278290372213926,465685.4457624235,-300.2997394375089,465385.146022986,0.38807594799271233,0.0,True,False
2015-06-16,2084.429931640625,15.390000343322754,16.6200008392334,0.00020278290372213926,465685.7044831718,-372.521414267145,465313.1830689047,0.25872074832721675,0.0,True,False
2015-06-17,2096.2900390625,14.8100004196167,16.200000762939453,0.00010139017035360414,465685.9632040639,-319.05701752067966,465366.90618654323,0.2587208920646391,0.0,True,False
2015-06-18,2100.43994140625,14.5,16.219999313354492,0.00010139017035360414,465686.09256292885,-283.8767606146571,465402.2158023142,0.1293588649515235,0.0,True,False
2015-06-19,2121.239990234375,13.1899995803833,15.4399995803833,0.00010139017035360414,465686.22192182974,-214.2674875351882,465471.95443429454,0.1293589008850007,0.0,True,False
2015-06-22,2109.989990234375,13.960000038146973,15.90999984741211,0.00010139017035360414,465488.05157965556,0.0,465488.05157965556,0.3880769182015076,208.48863263871,False,False
2015-06-23,2122.85009765625,12.739999771118164,14.989999771118164,0.00010139017035360414,465488.1808835444,0.0,465488.1808835444,0.12930388879781246,0.0,False,False
2015-06-24,2124.199951171875,12.109999656677246,14.539999961853027,0.00010139017035360414,465488.3101874691,0.0,465488.3101874691,0.12930392471601834,0.0,False,False
2015-06-25,2108.580078125,13.260000228881836,15.18000030517578,0.00010139017035360414,465488.4394914298,0.0,465488.4394914298,0.12930396063423416,0.0,False,False
2015-06-26,2102.31005859375,14.010000228881836,15.520000457763672,0.00010139017035360414,465488.56879542634,0.0,465488.56879542634,0.12930399655245997,0.0,False,False
2015-06-29,2101.489990234375,14.020000457763672,15.460000038146973,0.00010139017035360414,465488.95670763147,0.0,465488.95670763147,0.3879122051124001,0.0,False,False
2015-06-30,2057.639892578125,18.850000381469727,18.719999313354492,0.00020278290372213926,465489.0860117717,0.0,465489.0860117717,0.12930414022546297,0.0,False,True
2015-07-01,2063.110107421875,18.229999542236328,18.469999313354492,0.00010139017035360414,465489.3446234285,0.0,465489.3446234285,0.2586116567889429,0.0,False,False
2015-07-02,2077.419921875,16.09000015258789,16.790000915527344,0.00010139017035360414,465489.47392767644,0.0,465489.47392767644,0.12930424798122794,0.0,False,False
2015-07-06,2076.780029296875,16.790000915527344,17.68000030517578,0.00010139017035360414,465489.99114502745,0.0,465489.99114502745,0.5172173509991788,0.0,False,False
2015-07-07,2068.760009765625,17.010000228881836,18.040000915527344,0.00020278290372213926,465867.3377652704,-547.2173158153527,465320.12044945505,0.12930442757285582,0.0,True,False
2015-07-08,2081.340087890625,16.09000015258789,17.020000457763672,0.00020278290372213926,465867.5965870724,-494.18204754569103,465373.41453952674,0.25882180202240845,0.0,True,False
2015-07-09,2046.6800537109375,19.65999984741211,19.25,0.00020278290372213926,465867.85540901823,-611.6011724817585,465256.25423653645,0.25882194581597323,0.0,True,True
2015-07-10,2051.31005859375,19.969999313354492,19.780000686645508,0.00030417820023607886,465868.1142311078,-636.7083171020968,465231.4059140057,0.25882208960961783,0.0,True,True
2015-07-13,2076.6201171875,16.829999923706055,17.729999542236328,0.00010139017035360414,465869.27894701203,-445.8824213149984,465423.396525697,1.164715904221226,0.0,True,False
2015-07-14,2099.60009765625,13.899999618530272,15.9399995803833,0.00020278290372213926,465869.4083567987,-324.9026442468764,465544.5057125518,0.12940978664190977,0.0,True,False
2015-07-15,2108.949951171875,13.369999885559082,15.460000038146973,0.00010139017035360414,465869.6671797511,-308.19592165163556,465561.4712580995,0.2588229523804335,0.0,True,False
2015-07-16,2107.39990234375,13.229999542236328,15.600000381469728,0.00020278290372213926,465869.79658964556,-279.7690634141705,465590.02752623137,0.12940989448571533,0.0,True,False
2015-07-17,2124.2900390625,12.109999656677246,14.729999542236328,0.00020278290372213926,465870.0554128136,-263.28522370990044,465606.7701891037,0.25882316807086053,0.0,True,False
2015-07-20,2126.639892578125,11.949999809265137,14.609999656677246,0.00030417820023607886,465870.83188318065,-208.37225699598488,465662.45962618466,0.7764703670601948,0.0,True,False
2015-07-21,2128.280029296875,12.25,14.850000381469728,0.00040557606002412504,465871.2201237567,-213.71429313057843,465657.5058306261,0.3882405760004967,0.0,True,False
2015-07-22,2119.2099609375,12.220000267028809,14.75,0.00030417820023607886,465988.11068754795,-461.3710789684464,465526.7396085795,0.5176611476746336,202.21913949050122,True,False
2015-07-23,2114.14990234375,12.119999885559082,14.8100004196167,0.00040557606002412504,465988.49902586004,-401.07435567773734,465587.4246701823,0.388338312084072,0.0,True,False
2015-07-24,2102.14990234375,12.640000343322754,14.920000076293944,0.00030417820023607886,465989.0168173243,-412.4856621458405,465576.53115517844,0.517791464226587,0.0,True,False
2015-07-27,2079.64990234375,13.739999771118164,15.649999618530272,0.00040557606002412504,465990.1818354968,-469.180883487551,465521.0009520092,1.165018172525766,0.0,True,False
2015-07-28,2067.639892578125,15.600000381469728,16.780000686645508,0.000506976483216771,465990.6996288309,-657.8813654312382,465332.81826339965,0.5177933341106455,0.0,True,False
2015-07-29,2093.25,13.4399995803833,15.43000030517578,0.000506976483216771,465991.3468794889,-336.88033703965965,465654.46654244926,0.6472506579973509,0.0,True,False
2015-07-30,2108.570068359375,12.5,14.920000076293944,0.0006083794699427381,465991.99413104594,-212.9203003552957,465779.07383069064,0.6472515570140365,0.0,True,False
2015-07-31,2108.6298828125,12.130000114440918,14.710000038146973,0.0007097850203325396,465813.8025095049,0.0,465813.8025095049,0.7767128729845487,112.402744554413,False,False
2015-08-03,2103.840087890625,12.119999885559082,14.899999618530272,0.0008111931345149166,465816.5200050422,0.0,465816.5200050422,2.717495537332784,0.0,False,False
2015-08-04,2098.0400390625,12.5600004196167,14.84000015258789,0.0008111931345149166,466273.44635450735,-625.8910958134396,465647.55525869393,1.0352536517367352,0.0,True,False
2015-08-05,2093.320068359375,13.0,15.130000114440918,0.0008111931345149166,466274.48262365477,-623.4432171007728,465651.039406554,1.0362691474341688,0.0,True,False
2015-08-06,2099.840087890625,12.510000228881836,14.880000114440918,0.0008111931345149166,466275.5188951053,-587.9414665995514,465687.57742850576,1.0362714504899277,0.0,True,False
2015-08-07,2083.56005859375,13.770000457763672,15.550000190734863,0.00040557606002412504,466276.55516885885,-610.8877954947419,465665.6673733641,1.0362737535508053,0.0,True,False
2015-08-10,2077.570068359375,13.390000343322754,15.420000076293944,0.0006083794699427381,466278.109505215,-510.8637646598669,465767.24574055517,1.5543363561635442,0.0,True,False
2015-08-11,2104.179931640625,12.229999542236328,14.989999771118164,0.0012168512317685082,466278.8866949835,-471.84392322892165,465807.0427717546,0.7771897685043747,0.0,True,False
2015-08-12,2084.070068359375,13.710000038146973,15.9399995803833,0.0010140170547777556,466280.44119630795,-509.4536395017644,465770.9875568062,1.5545013244539572,0.0,True,False
2015-08-13,2086.050048828125,13.609999656677246,15.869999885559082,0.0010140170547777556,466281.7365852846,-480.9016076216902,465800.8349776629,1.2953889766215827,0.0,True,False
2015-08-14,2083.389892578125,13.489999771118164,15.75,0.0010140170547777556,466283.03197785997,-443.1242049147886,465839.9077729452,1.2953925753841566,0.0,True,False
2015-08-17,2091.5400390625,12.829999923706056,15.510000228881836,0.0009126038126204015,466286.9181771787,-337.2309650172094,465949.6872121615,3.886199318751708,0.0,True,False
2015-08-18,2102.43994140625,13.020000457763672,15.210000038146973,0.0010140170547777556,466288.0840285521,-344.06879968211285,465944.01522887,1.1658513733991092,0.0,True,False
2015-08-19,2096.919921875,13.789999961853027,15.609999656677246,0.0007097850203325396,466289.37943876156,-363.383693846455,465925.9957449151,1.2954102094243436,0.0,True,False
2015-08-20,2079.610107421875,15.25,16.5,0.000506976483216771,466290.28619366145,-424.1840588273855,465866.10213483404,0.9067548998767124,0.0,True,False
2015-08-21,2035.72998046875,19.13999938964844,18.829999923706055,0.00020278290372213926,466290.93386043847,-745.8701626263997,465545.0636978121,0.6476667770344222,0.0,True,True
2015-08-24,1970.8900146484375,28.030000686645508,23.469999313354492,0.00030417820023607886,466291.7110322879,-1611.1639886510507,464680.54704363685,0.7771718494562363,0.0,True,True
2015-08-25,1893.2099609375,40.7400016784668,31.13999938964844,0.0006083794699427381,466292.09962361,-2820.6180858771395,463471.4815377328,0.3885913220702077,0.0,True,True
2015-08-26,1867.6099853515625,36.02000045776367,29.579999923706055,0.0007097850203325396,466292.8768366971,-2990.1567706716273,463302.7200660255,0.7772130871561731,0.0,True,True
2015-08-27,1940.510009765625,30.31999969482422,25.649999618530273,0.0006083794699427381,466293.7835983981,-1925.4086013239391,464368.37499707413,0.9067617009810367,0.0,True,True
2015-08-28,1987.6600341796875,26.100000381469727,24.86000061035156,0.0006083794699427381,464999.1516986132,0.0,464999.1516986132,0.7772158939960162,-839.5180198654882,False,True
2015-08-31,1988.8699951171875,26.049999237060547,25.34000015258789,0.0006083794699427381,465001.4768765151,0.0,465001.4768765151,2.3251779018794654,0.0,False,True
2015-09-01,1972.1800537109375,28.43000030517578,26.530000686645508,0.0008111931345149166,465002.2519383994,0.0,465002.2519383994,0.7750618843147925,0.0,False,True
2015-09-02,1913.8499755859375,31.399999618530273,29.530000686645508,0.00030417820023607886,465003.2853823815,0.0,465003.2853823815,1.0334439821495007,0.0,False,True
2015-09-03,1948.8599853515625,26.09000015258789,26.190000534057617,0.00030417820023607886,465231.3672945926,-397.69439461821634,464833.6728999744,0.38751759286842136,0.0,True,False
2015-09-04,1951.1300048828125,25.61000061035156,26.200000762939453,0.00020278290372213926,465231.755002261,-375.8987407441768,464855.85626151686,0.3877076684149289,0.0,True,False
2015-09-08,1921.219970703125,27.799999237060547,28.06999969482422,0.00020278290372213926,465232.7888778885,-366.9475542744858,464865.84132361406,1.0338756274973087,0.0,True,False
2015-09-09,1969.4100341796875,24.899999618530273,25.690000534057617,0.0006083794699427381,465233.04734715435,-308.7428991840997,464924.30444797024,0.2584692658534396,0.0,True,False
2015-09-10,1942.0400390625,26.229999542236328,26.309999465942383,0.00030417820023607886,465233.822795019,-299.44418654916615,464934.37860846985,0.7754478646917388,0.0,True,False
2015-09-11,1952.2900390625,24.3700008392334,25.649999618530273,0.00020278290372213926,465234.2105047338,-246.12022171450852,464988.0902830193,0.38770971474372795,0.0,True,False
2015-09-14,1961.050048828125,23.200000762939453,24.68000030517578,0.00040557606002412504,465234.98591533164,-188.01297696712808,465046.9729383645,0.7754105978747025,0.0,True,False
2015-09-15,1953.030029296875,24.25,23.700000762939453,0.0007097850203325396,465235.50286951626,-193.94485596397317,465041.5580135523,0.516954184642155,0.0,True,True
2015-09-16,1978.0899658203125,22.540000915527344,23.1200008392334,0.0007097850203325396,465236.40757502837,-164.6592926144174,465071.74828241393,0.9047055121248861,0.0,True,False
2015-09-17,1995.31005859375,21.350000381469727,22.329999923706055,0.0006083794699427381,465237.3122822998,-146.68326008707677,465090.6290222127,0.9047072714318578,0.0,True,False
2015-09-18,1990.199951171875,21.13999938964844,21.13999938964844,0.00010139017035360414,465238.08773727325,-132.9406511843071,465105.14708608895,0.7754549734620001,0.0,True,False
2015-09-21,1958.030029296875,22.280000686645508,23.200000762939453,-0.00010138760746780084,465110.8651425258,0.0,465110.8651425258,0.3877034681720742,100.08409640264132,False,False
2015-09-22,1966.969970703125,20.13999938964844,21.59000015258789,0.00010139017035360414,465110.73594671406,0.0,465110.73594671406,-0.1291958117354722,0.0,False,False
2015-09-23,1942.739990234375,22.440000534057617,23.280000686645508,-0.00010138760746780084,465110.8651457916,0.0,465110.8651457916,0.1291990775604929,0.0,False,False
2015-09-24,1938.760009765625,22.1299991607666,22.8799991607666,0.00010139017035360414,465110.73594997986,0.0,465110.73594997986,-0.12919581173637937,0.0,False,False
2015-09-25,1932.239990234375,23.469999313354492,23.459999084472656,0.00010139017035360414,465110.8651490574,0.0,465110.8651490574,0.12919907756140006,0.0,False,True
2015-09-28,1931.3399658203125,23.6200008392334,24.399999618530273,-0.00010138760746780084,465111.2527465054,0.0,465111.2527465054,0.38759744796439727,0.0,False,False
2015-09-29,1881.77001953125,27.6299991607666,26.3799991607666,0.00010139017035360414,465111.123550586,0.0,465111.123550586,-0.1291959194018686,0.0,False,True
2015-09-30,1884.0899658203125,26.829999923706055,26.0,0.00010139017035360414,465111.2527497712,0.0,465111.2527497712,0.12919918522961088,0.0,False,True
2015-10-01,1920.030029296875,24.5,24.75,-0.00010138760746780084,465111.3819489923,0.0,465111.3819489923,0.12919922111873205,0.0,False,False
2015-10-02,1923.8199462890625,22.549999237060547,23.829999923706055,-0.00020277265217936156,465111.252753037,0.0,465111.252753037,-0.12919595529098973,0.0,False,False
2015-10-05,1951.3599853515625,20.940000534057617,22.600000381469727,-0.0,465110.47758785606,0.0,465110.47758785606,-0.7751651809770896,0.0,False,False
2015-10-06,1987.050048828125,19.540000915527344,21.329999923706055,0.00010139017035360414,465392.42513345287,-451.947545596808,464940.47758785606,0.0,0.0,True,False
2015-10-07,1979.9200439453125,19.399999618530273,21.59000015258789,-0.0,465392.55441077845,-425.4571498556092,464967.09726092283,0.12927732555666382,0.0,True,False
2015-10-08,1995.8299560546875,18.399999618530273,20.709999084472656,-0.0,465392.55441077845,-386.24269961557644,465006.31171116285,0.0,0.0,True,False
2015-10-09,2013.4300537109375,17.420000076293945,20.09000015258789,-0.00010138760746780084,465392.55441077845,-367.646867850151,465024.9075429283,0.0,0.0,True,False
2015-10-12,2014.8900146484375,17.079999923706055,19.850000381469727,0.00010139017035360414,465392.16658871295,-303.0870021766456,465089.07958653633,-0.38782206548248405,0.0,True,False
2015-10-13,2017.4599609375,16.170000076293945,19.260000228881836,0.00010139017035360414,465392.2958659667,-253.80695234491694,465138.4889136218,0.1292772537377628,0.0,True,False
2015-10-14,2003.68994140625,17.670000076293945,20.5,0.00010139017035360414,465392.4251432564,-276.17261541818675,465116.25252783817,0.12927728964856994,0.0,True,False
2015-10-15,1994.239990234375,18.030000686645508,20.809999465942383,-0.0,465392.55442058196,-261.9013382288144,465130.6530823531,0.12927732555938706,0.0,True,False
2015-10-16,2023.8599853515625,16.049999237060547,19.43000030517578,0.00010139017035360414,465392.55442058196,-218.9034994644788,465173.65092111746,0.0,0.0,True,False
2015-10-19,2033.1099853515625,15.050000190734863,18.670000076293945,0.00010139017035360414,465392.942252774,-158.42370535415242,465234.51854741987,0.38783219208874037,0.0,True,False
2015-10-20,2033.6600341796875,14.979999542236328,17.860000610351562,0.00020278290372213926,465262.66782086395,-193.5461491812258,465069.12167168275,0.1292774692027552,127.99768703636659,True,False
2015-10-21,2030.77001953125,15.75,18.600000381469727,0.00020278290372213926,465262.9263067296,-203.38397944390653,465059.5423272857,0.25848586569042437,0.0,True,False
2015-10-22,2018.93994140625,16.700000762939453,19.459999084472656,0.00010139017035360414,465263.18479273893,-219.87153249582053,465043.3132602431,0.25848600929735305,0.0,True,False
2015-10-23,2052.510009765625,14.449999809265137,17.15999984741211,-0.0,465263.31403416395,-147.7954472259417,465115.51858693804,0.129241425003283,0.0,True,False
2015-10-26,2075.14990234375,14.460000038146973,17.479999542236328,0.00010139017035360414,465263.31403416395,-129.6276522644706,465133.68638189946,0.0,0.0,True,False
2015-10-27,2071.179931640625,15.289999961853027,17.989999771118164,0.00020278290372213926,465263.4432756248,-135.07203886089246,465128.37123676395,0.1292414609041376,0.0,True,False
2015-10-28,2065.889892578125,15.43000030517578,18.13999938964844,0.00030417820023607886,465263.70176192134,-119.99723267494808,465143.7045292464,0.2584862965096347,0.0,True,False
2015-10-29,2090.35009765625,14.329999923706056,17.489999771118164,0.00040557606002412504,465264.0894965362,-106.66924817414254,465157.42024836206,0.38773461483733024,0.0,True,False
2015-10-30,2089.409912109375,14.609999656677246,17.809999465942383,0.0007097850203325396,465155.6341471425,0.0,465155.6341471425,0.5169865236075106,-85.42618673602595,False,False
2015-11-02,2079.360107421875,15.06999969482422,18.399999618530273,0.0008111931345149166,465158.3478030135,0.0,465158.3478030135,2.7136558709727545,0.0,False,False
2015-11-03,2104.050048828125,14.149999618530272,17.420000076293945,0.0008111931345149166,465215.8191608792,-226.437566968404,464989.3815939108,1.0337908973122798,0.0,True,False
2015-11-04,2109.7900390625,14.539999961853027,17.469999313354492,0.0006083794699427381,465216.8530795037,-226.08260833950925,464990.7704711642,1.033918624497868,0.0,True,False
2015-11-05,2102.31005859375,15.510000228881836,18.309999465942383,0.000506976483216771,465217.6285003759,-245.22888978319745,464972.3996105927,0.7754208721761778,0.0,True,False
2015-11-06,2099.929931640625,15.050000190734863,17.809999465942383,0.000506976483216771,465218.27467725537,-218.80518506130474,464999.46949219407,0.6461768794928232,0.0,True,False
2015-11-09,2099.199951171875,14.329999923706056,17.450000762939453,0.0008111931345149166,465220.21321327914,-178.62262149980393,465041.5905917793,1.9385360237546183,0.0,True,False
2015-11-10,2078.580078125,16.520000457763672,18.850000381469727,0.0014196956665245841,465221.2471416692,-223.44911248281934,464997.7980291864,1.0339283900570475,0.0,True,False
2015-11-11,2081.719970703125,15.289999961853027,18.020000457763672,0.001318272166861259,465223.05665912956,-187.67934317400935,465035.3773159555,1.8095174603324358,0.0,True,False
2015-11-12,2075.0,16.059999465942383,18.450000762939453,0.001318272166861259,465224.7369104021,-197.73327214805292,465027.003638254,1.6802512725332766,0.0,True,False
2015-11-13,2045.969970703125,18.3700008392334,20.170000076293945,0.0014196956665245841,465226.4171677432,-265.57040430228176,464960.84676344093,1.6802573411154296,0.0,True,False
2015-11-16,2023.0400390625,20.079999923706055,21.579999923706055,0.001318272166861259,465231.8458015671,-308.2544785885678,464923.5913229785,5.428633823901641,0.0,True,False
2015-11-17,2053.18994140625,18.15999984741211,19.979999542236328,0.0015211217308890748,465233.5260845834,-212.61273106063908,465020.9133535228,1.68028301637648,0.0,True,False
2015-11-18,2050.43994140625,18.84000015258789,20.43000030517578,0.0014196956665245841,465235.46492924384,-219.4536488393224,465016.0112804045,1.9388446604259844,0.0,True,False
2015-11-19,2083.580078125,16.850000381469727,19.219999313354492,0.0012168512317685082,465237.2745020055,-149.56696424401048,465087.7075377615,1.8095727616219226,0.0,True,False
2015-11-20,2081.239990234375,16.989999771118164,19.63999938964844,0.001115432861117531,465238.8255307568,-144.46402594241,465094.36150481435,1.551028751322824,0.0,True,False
2015-11-23,2089.169921875,15.470000267028809,18.940000534057617,0.001115432861117531,465243.09083256306,-104.3921946577995,465138.69863790524,4.2653018062603065,0.0,True,False
2015-11-24,2086.590087890625,15.619999885559082,18.6299991607666,0.0014196956665245841,465244.5126085216,-102.36434208847238,465142.14826643316,1.4217759585645013,0.0,True,False
2015-11-25,2089.139892578125,15.93000030517578,18.709999084472656,0.0016225503600835508,465246.322216475,-99.64459304875085,465146.67762342625,1.80960795333711,0.0,True,False
2015-11-27,2088.8701171875,15.1899995803833,18.190000534057617,0.0019268516379477108,465152.10367547575,0.0,465152.10367547575,4.136377771923268,-41.91735180274165,False,False
2015-11-30,2090.110107421875,15.119999885559082,17.350000381469727,0.001723981554238624,465159.4704112852,0.0,465159.4704112852,7.366735809425399,0.0,False,False
2015-12-01,2080.409912109375,16.1299991607666,18.489999771118164,0.002231176003955833,465581.07071968593,-589.4032447278877,464991.66747495806,2.1970636729059003,0.0,True,False
2015-12-02,2102.6298828125,14.670000076293944,17.579999923706055,0.0021297319830542957,465583.9167374609,-561.0588237334116,465022.85791372746,2.8460177749263207,0.0,True,False
2015-12-03,2079.510009765625,15.90999984741211,18.329999923706055,0.0021297319830542957,465586.6333726694,-527.8835949588656,465058.74977771053,2.7166352085348984,0.0,True,False
2015-12-04,2049.6201171875,18.11000061035156,20.11000061035156,0.0021297319830542957,465589.3500237292,-598.9865334535881,464990.36349027563,2.716651059827417,0.0,True,False
2015-12-07,2091.68994140625,14.8100004196167,18.170000076293945,0.002231176003955833,465597.5000720174,-424.44113977547204,465173.058932242,8.150048288244355,0.0,True,False
2015-12-08,2077.070068359375,15.84000015258789,18.649999618530273,0.0029413559982203554,465600.3461902222,-421.0571640228042,465179.2890261994,2.846118204758431,0.0,True,False
2015-12-09,2063.590087890625,17.600000381469727,20.059999465942383,0.0027384345971410155,465604.09825019236,-487.4205394011514,465116.67771079123,3.7520599701780206,0.0,True,False
2015-12-10,2047.6199951171875,19.61000061035156,21.049999237060547,0.002636977746247632,465607.59148623125,-563.5216025895945,465044.06988364167,3.4932360389030856,0.0,True,False
2015-12-11,2052.22998046875,19.34000015258789,20.760000228881836,0.0024340717431051875,465610.9553253886,-527.1723146292504,465083.78301075933,3.363839157311647,0.0,True,False
2015-12-14,2012.3699951171875,24.38999938964844,24.3799991607666,0.002231176003955833,465620.27046352386,-772.4713630744903,464847.79910044937,9.315138135262751,0.0,True,True
2015-12-15,2021.93994140625,22.729999542236328,23.299999237060547,0.002636977746247632,465623.11672092014,-642.7076058334758,464980.40911508666,2.8462573962828395,0.0,True,False
2015-12-16,2043.4100341796875,20.950000762939453,21.86000061035156,0.0025355234616125932,465626.4806722414,-506.25550282270694,465120.2251694187,3.363951321274022,0.0,True,False
2015-12-17,2073.070068359375,17.860000610351562,19.56999969482422,0.0027384345971410155,465629.71522283525,-328.3518703463808,465301.36335248884,3.2345505938122807,0.0,True,False
2015-12-18,2041.8900146484375,18.940000534057617,20.3700008392334,0.002332622590596498,465633.20865106775,-358.4262844636366,465274.78236660414,3.4934282325121626,0.0,True,False
2015-12-21,2005.550048828125,20.700000762939453,21.260000228881836,0.0019268516379477108,465642.13596849324,-455.4202205368647,465186.71574795636,8.92731742548027,0.0,True,False
2015-12-22,2021.1500244140625,18.700000762939453,21.11000061035156,0.0024340717431051875,465644.5941210429,-296.86319766311595,465347.7309233798,2.4581525496459444,0.0,True,False
2015-12-23,2038.969970703125,16.600000381469727,19.84000015258789,0.0021297319830542957,465457.8071152274,0.0,465457.8071152274,3.1052496659529694,229.5109892464675,False,False
2015-12-24,2064.2900390625,15.56999969482422,19.329999923706055,0.0020282905277612144,465460.523014599,0.0,465460.523014599,2.7158993716050164,0.0,False,False
2015-12-28,2060.989990234375,15.739999771118164,19.690000534057617,0.0020282905277612144,465470.86931227,0.0,465470.86931227,10.346297671047806,0.0,False,False
2015-12-29,2056.5,16.90999984741211,19.68000030517578,0.002332622590596498,465473.4559226217,0.0,465473.4559226217,2.5866103517029453,0.0,False,False
2015-12-30,2078.360107421875,16.079999923706055,19.100000381469727,0.002332622590596498,465476.430655137,0.0,465476.430655137,2.9747325153005235,0.0,False,False
2015-12-31,2063.360107421875,17.290000915527344,19.59000015258789,0.0021297319830542957,465479.40540666314,0.0,465479.40540666314,2.9747515261236437,0.0,False,False
2016-01-04,2043.93994140625,18.209999084472656,19.799999237060547,0.0016225503600835508,465490.2696033318,0.0,465490.2696033318,10.86419666868935,0.0,False,False
2016-01-05,2012.6600341796875,20.700000762939453,22.010000228881836,0.002231176003955833,465907.8233972826,-585.4845252294712,465322.33887205314,2.0692687213538834,0.0,True,False
2016-01-06,2016.7099609375,19.34000015258789,20.520000457763672,0.0020282905277612144,465910.671412441,-480.2093999251443,465430.46201251587,2.8480151583830997,0.0,True,False
2016-01-07,1990.260009765625,20.59000015258789,21.270000457763672,0.0021297319830542957,465913.26046676235,-473.110001566059,465440.1504651963,2.589054321325972,0.0,True,False
2016-01-08,1943.0899658203125,24.989999771118164,24.6200008392334,0.0020282905277612144,465915.9790236583,-659.968857374542,465256.01016628376,2.718556895987077,0.0,True,True
2016-01-11,1922.030029296875,27.010000228881836,26.229999542236328,0.0020282905277612144,465923.7463182676,-730.8434868965181,465192.90283137106,7.767294609290209,0.0,True,True
2016-01-12,1923.6700439453125,24.299999237060547,24.729999542236328,0.0021297319830542957,465926.33544524584,-603.3162565077503,465323.0191887381,2.5891269782611066,0.0,True,False
2016-01-13,1938.6800537109375,22.469999313354492,22.530000686645508,0.0021297319830542957,465929.054078433,-480.79363165932307,465448.2604467737,2.7186331871681553,0.0,True,False
2016-01-14,1890.280029296875,25.219999313354492,24.88999938964844,0.002231176003955833,465931.7727274831,-692.6325464839787,465239.1401809991,2.718649050118678,0.0,True,True
2016-01-15,1921.8399658203125,23.950000762939453,23.530000686645508,0.0025355234616125932,465934.6208890397,-541.1277312138401,465393.4931578259,2.8481615565589165,0.0,True,True
2016-01-19,1880.3299560546875,27.020000457763672,26.8799991607666,0.002332622590596498,465947.5677885065,-730.2562350514991,465217.311553455,12.946899466794685,0.0,True,True
2016-01-20,1881.3299560546875,26.049999237060547,26.440000534057617,0.002636977746247632,465950.5455509604,-676.4134153006635,465274.13213565975,2.9777624538832552,0.0,True,False
2016-01-21,1859.3299560546875,27.59000015258789,27.809999465942383,0.002636977746247632,465953.9118678314,-812.8261641215722,465141.08570370986,3.3663168710199067,0.0,True,False
2016-01-22,1868.989990234375,26.690000534057617,26.709999084472656,0.00283989401442168,465957.2782090228,-720.6239407668774,465236.6542682559,3.366341191389062,0.0,True,False
2016-01-25,1906.9000244140625,22.34000015258789,24.280000686645508,0.003042820548666,465968.1545218647,-371.8703803034459,465596.28414156125,10.87631284188237,0.0,True,False
2016-01-26,1877.0799560546875,24.149999618530273,25.25,0.003144287665889363,465972.0390790856,-519.8829753146355,465452.15610377095,3.884557220835141,0.0,True,False
2016-01-27,1903.6300048828125,22.5,23.290000915527344,0.003144287665889363,465976.05320633465,-362.5306740696259,465613.522532265,4.01412724906346,0.0,True,False
2016-01-28,1882.949951171875,23.11000061035156,24.469999313354492,0.003245757350019421,465980.0673681635,-418.3747758983437,465561.69259226514,4.014161828858427,0.0,True,False
2016-01-29,1893.3599853515625,22.420000076293945,24.020000457763672,0.003448704419520929,465636.456996097,0.0,465636.456996097,4.143739598330871,67.7304135646483,False,False
2016-02-01,1940.239990234375,20.200000762939453,22.65999984741211,0.003245757350019421,465649.6558886989,0.0,465649.6558886989,13.19889260188184,0.0,False,False
2016-02-02,1939.3800048828125,19.979999542236328,22.010000228881836,0.003550181805152164,465899.4879290407,-415.6912389359806,465483.7966901047,4.140801405847803,0.0,True,False
2016-02-03,1903.030029296875,21.979999542236328,23.40999984741211,0.003448704419520929,465904.0195343258,-444.23949472806993,465459.78003959777,4.531605285099809,0.0,True,False
2016-02-04,1912.530029296875,21.649999618530273,23.200000762939453,0.0033472296011869446,465908.42165170127,-422.4543741035073,465485.96727759775,4.4021173754394045,0.0,True,False
2016-02-05,1915.449951171875,21.84000015258789,23.65999984741211,0.0029413559982203554,465912.6942807729,-425.15671432800445,465487.5375664449,4.272629071591299,0.0,True,False
2016-02-08,1880.050048828125,23.3799991607666,24.479999542236328,0.0029413559982203554,465923.95810266346,-433.168384207262,465490.7897184562,11.26382189059628,0.0,True,False
2016-02-09,1853.43994140625,26.0,25.979999542236328,0.003245757350019421,465927.71277047385,-537.0657195782815,465390.64705089555,3.7546678103836366,0.0,True,True
2016-02-10,1852.2099609375,26.540000915527344,26.799999237060547,0.003042820548666,465931.8560445076,-549.6884409090255,465382.16760359856,4.1432740337396075,0.0,True,False
2016-02-11,1851.8599853515625,26.290000915527344,26.719999313354492,0.003144287665889363,465935.7402991251,-527.7587985813229,465407.98150054377,3.8842546175113846,0.0,True,False
2016-02-12,1829.0799560546875,28.13999938964844,27.719999313354492,0.00283989401442168,465939.7541136774,-620.6031983953284,465319.1509152821,4.013814552357376,0.0,True,True
2016-02-16,1864.780029296875,25.399999618530273,26.229999542236328,0.0029413559982203554,465954.2553751537,-403.4844680193825,465550.7709071343,14.501261476234903,0.0,True,False
2016-02-17,1895.5799560546875,24.11000061035156,25.010000228881836,0.003042820548666,465958.01028711593,-316.30343157490097,465641.70685554104,3.7549119622281237,0.0,True,False
2016-02-18,1926.8199462890625,22.309999465942383,23.549999237060547,0.003042820548666,465961.894759769,-242.94048591773273,465718.9542738513,3.884472653123891,0.0,True,False
2016-02-19,1917.8299560546875,21.63999938964844,23.200000762939453,0.003042820548666,465965.7792648052,-210.6930280316991,465755.0862367735,3.884505036144377,0.0,True,False
2016-02-22,1917.780029296875,20.530000686645508,22.799999237060547,0.003042820548666,465977.43297421443,-153.05229059610528,465824.3806836183,11.653709409218388,0.0,True,False
2016-02-23,1945.5,19.3799991607666,21.6200008392334,0.0033472296011869446,465848.8052549107,0.0,465848.8052549107,3.884634570925965,113.17888506134591,False,False
2016-02-24,1921.27001953125,20.979999542236328,22.440000534057617,0.003245757350019421,465853.0773372681,0.0,465853.0773372681,4.2720823573911835,0.0,False,False
2016-02-25,1929.800048828125,20.719999313354492,22.34000015258789,0.0033472296011869446,465857.21994760435,0.0,465857.21994760435,4.142610336251945,0.0,False,False
2016-02-26,1951.699951171875,19.11000061035156,21.239999771118164,0.003245757350019421,465861.49210712896,0.0,465861.49210712896,4.272159524617532,0.0,False,False
2016-02-29,1948.050048828125,19.809999465942383,21.86000061035156,0.003245757350019421,465873.92027314054,0.0,465873.92027314054,12.428166011576284,0.0,False,False
2016-03-01,1932.22998046875,20.549999237060547,22.38999938964844,0.0033472296011869446,466310.74602265697,-602.6829538338507,465708.06306882313,4.142795682589199,0.0,True,False
2016-03-02,1978.3499755859375,17.700000762939453,20.280000686645508,0.0033472296011869446,466315.02234125795,-613.9721994084442,465701.0501418495,4.276318600957309,0.0,True,False
2016-03-03,1986.449951171875,17.09000015258789,19.920000076293945,0.003550181805152164,466319.298699075,-604.547635896829,465714.7510631782,4.276357817082893,0.0,True,False
2016-03-04,1993.4000244140625,16.700000762939453,19.489999771118164,0.0027384345971410155,466323.8343876801,-594.8854932555892,465728.94889442454,4.535688605115218,0.0,True,False
2016-03-07,1999.989990234375,16.860000610351562,19.6299991607666,0.00283989401442168,466334.3303741962,-582.6274832180391,465751.70289097814,10.495986516085074,0.0,True,False
2016-03-08,2001.760009765625,17.350000381469727,19.899999618530273,0.003245757350019421,466337.95871728,-605.1114510675094,465732.8472662125,3.6283430838536335,0.0,True,False
2016-03-09,1979.260009765625,18.670000076293945,21.040000915527344,0.0029413559982203554,466342.1056394363,-519.1074474481684,465822.9981919881,4.146922156253596,0.0,True,False
2016-03-10,1989.260009765625,18.34000015258789,20.75,0.003042820548666,466345.86367690616,-533.358600719676,465812.5050761865,3.7580374698935395,0.0,True,False
2016-03-11,1989.5699462890625,18.049999237060547,20.709999084472656,0.003144287665889363,466349.7513829105,-491.5297657135713,465858.2216171969,3.8877060043117657,0.0,True,False
2016-03-14,2022.18994140625,16.5,19.469999313354492,0.003245757350019421,466361.80362991634,-547.0723395481282,465814.7312903682,12.052247005867644,0.0,True,False
2016-03-15,2019.6400146484375,16.920000076293945,19.420000076293945,0.003448704419520929,466365.9507641141,-522.2884833603958,465843.6622807537,4.147134197745559,0.0,True,False
2016-03-16,2015.9300537109375,16.84000015258789,19.329999923706055,0.003448704419520929,466370.3572460698,-452.69669319163654,465917.66055287817,4.406481955712701,0.0,True,False
2016-03-17,2027.219970703125,14.989999771118164,18.479999542236328,0.003144287665889363,466374.7637696604,-373.87434211118943,466000.8894275492,4.4065235905773275,0.0,True,False
2016-03-18,2040.5899658203125,14.4399995803833,18.13999938964844,0.0029413559982203554,466378.7813661909,-415.4257572223538,465963.35560896853,4.017596530519707,0.0,True,False
2016-03-21,2049.580078125,14.020000457763672,17.93000030517578,0.0029413559982203554,466390.0564561194,-337.3939039418554,466052.66255217756,11.27508992853579,0.0,True,False
2016-03-22,2051.60009765625,13.789999961853027,17.59000015258789,0.003144287665889363,466393.814880003,-296.221081864135,466097.59379813884,3.7584238835663086,0.0,True,False
2016-03-23,2049.800048828125,14.170000076293944,17.75,0.003042820548666,466397.83264064975,-272.80709477707006,466125.0255458727,4.0177606467643265,0.0,True,False
2016-03-24,2036.7099609375,14.9399995803833,18.299999237060547,0.003042820548666,466192.64250404964,0.0,466192.64250404964,3.8881392451060357,223.60467798866406,False,False
2016-03-28,2035.93994140625,14.739999771118164,18.270000457763672,0.0029413559982203554,466208.18841313256,0.0,466208.18841313256,15.545909082941098,0.0,False,False
2016-03-29,2037.050048828125,15.239999771118164,18.299999237060547,0.0029413559982203554,466211.94537142484,0.0,466211.94537142484,3.7569582922936022,0.0,False,False
2016-03-30,2055.010009765625,13.81999969482422,17.239999771118164,0.002332622590596498,466215.7023599927,0.0,466215.7023599927,3.756988567899996,0.0,False,False
2016-03-31,2063.949951171875,13.5600004196167,16.920000076293945,0.0020282905277612144,466218.68183603225,0.0,466218.68183603225,2.9794760395198305,0.0,False,False
2016-04-01,2059.739990234375,13.949999809265137,17.079999923706055,0.0021297319830542957,466221.27260196005,0.0,466221.27260196005,2.590765927792926,0.0,False,False
2016-04-04,2072.780029296875,13.100000381469728,16.5,0.002332622590596498,466229.4337119264,0.0,466229.4337119264,8.161109966366396,0.0,False,False
2016-04-05,2066.1298828125,14.119999885559082,17.229999542236328,0.002332622590596498,466405.278510816,-342.8652350961765,466062.4132757198,2.979563793393991,0.0,True,False
2016-04-06,2045.1700439453125,15.420000076293944,18.3799991607666,0.002332622590596498,466408.25919839257,-377.4658171327249,466030.79338125983,2.980687576574853,0.0,True,False
2016-04-07,2066.659912109375,14.09000015258789,17.280000686645508,0.002332622590596498,466411.239905018,-314.557715626229,466096.6821893918,2.9807066254553836,0.0,True,False
2016-04-08,2041.9100341796875,16.15999984741211,18.86000061035156,0.002332622590596498,466414.2206306925,-379.57891399785086,466034.64171669463,2.9807256744576507,0.0,True,False
2016-04-11,2047.5999755859375,15.359999656677246,18.31999969482422,0.002332622590596498,466423.162922011,-302.4494968993358,466120.71342511167,8.942291318505236,0.0,True,False
2016-04-12,2041.989990234375,16.260000228881836,18.88999938964844,0.002332622590596498,466426.1437238827,-323.10318951845176,466103.04053436423,2.9808018716841054,0.0,True,False
2016-04-13,2061.719970703125,14.850000381469728,17.969999313354492,0.002231176003955833,466429.124544804,-257.7776813034105,466171.3468635006,2.980820921295069,0.0,True,False
2016-04-14,2082.419921875,13.84000015258789,17.260000228881836,0.002332622590596498,466431.9757465875,-222.3161452121448,466209.65960137534,2.8512017834957613,0.0,True,False
2016-04-15,2082.780029296875,13.720000267028809,17.239999771118164,0.002231176003955833,466434.9566047799,-204.3272017139306,466230.62940306595,2.9808581923947406,0.0,True,False
2016-04-18,2080.72998046875,13.619999885559082,17.15999984741211,0.002231176003955833,466443.5103693691,-160.8973051993057,466282.6130641698,8.553764589270429,0.0,True,False
2016-04-19,2094.340087890625,13.350000381469728,16.510000228881836,0.002231176003955833,466446.36165909073,-149.68623006951927,466296.67542902124,2.8512897215907445,0.0,True,False
2016-04-20,2100.800048828125,13.239999771118164,16.469999313354492,0.0021297319830542957,466449.21296624176,-141.4030789016331,466307.8098873401,2.851307151039104,0.0,True,False
2016-04-21,2102.39990234375,13.279999732971191,16.600000381469727,0.002332622590596498,466451.93465036654,-132.70963733644507,466319.2250130301,2.7216841247805257,0.0,True,False
2016-04-22,2091.47998046875,13.949999809265137,17.139999389648438,0.002332622590596498,466454.91563611163,-129.97424937347165,466324.94138673815,2.980985745103248,0.0,True,False
2016-04-25,2091.580078125,13.220000267028809,16.639999389648438,0.002332622590596498,466463.858707652,-97.32864382035858,466366.53006383165,8.943071540414365,0.0,True,False
2016-04-26,2087.7900390625,14.079999923706056,17.219999313354492,0.0025355234616125932,466466.839769601,-100.16968915394146,466366.67008044705,2.9810619489779695,0.0,True,False
2016-04-27,2091.699951171875,13.960000038146973,16.920000076293945,0.0024340717431051875,466470.0801578869,-94.72559627327361,466375.35456161364,3.240388285889964,0.0,True,False
2016-04-28,2095.14990234375,13.770000457763672,16.770000457763672,0.0024340717431051875,466373.84996949625,0.0,466373.84996949625,3.110754594545553,73.5242921109586,False,False
2016-04-29,2075.81005859375,15.220000267028809,17.780000686645508,0.002231176003955833,466376.9600823594,0.0,466376.9600823594,3.1101128631389665,0.0,False,False
2016-05-02,2065.300048828125,15.699999809265137,18.450000762939453,0.002231176003955833,466385.5127833736,0.0,466385.5127833736,8.552701014182935,0.0,False,False
2016-05-03,2081.429931640625,14.68000030517578,17.780000686645508,0.002231176003955833,466881.46939066565,-663.1056720997964,466218.36371856584,2.8509351922272743,0.0,True,False
2016-05-04,2063.3701171875,15.600000381469728,18.56999969482422,0.0021297319830542957,466884.32335755613,-654.2460808349946,466230.07727672113,2.853966890482883,0.0,True,False
2016-05-05,2051.1201171875,16.049999237060547,18.90999984741211,0.0019268516379477108,466887.0475805062,-640.2906258134268,466246.75695469277,2.724222950040915,0.0,True,False
2016-05-06,2050.6298828125,15.90999984741211,18.920000076293945,0.0020282905277612144,466889.5123050183,-611.5791977312286,466277.9331072871,2.464724512139821,0.0,True,False
2016-05-09,2057.139892578125,14.720000267028809,18.270000457763672,0.0019268516379477108,466897.29582942044,-475.69828621134843,466421.5975432091,7.783524402104179,0.0,True,False
2016-05-10,2058.68994140625,14.56999969482422,18.049999237060547,0.0024340717431051875,466899.7606080337,-441.51971217305385,466458.24089586065,2.46477861325579,0.0,True,False
2016-05-11,2084.389892578125,13.630000114440918,17.18000030517578,0.0024340717431051875,466902.87422804337,-396.4071913028671,466506.4670367405,3.1136200096950692,0.0,True,False
2016-05-12,2064.4599609375,14.6899995803833,18.020000457763672,0.002636977746247632,466905.9878688169,-405.6325926290657,466500.3552761878,3.113640773530013,0.0,True,False
2016-05-13,2064.110107421875,14.40999984741211,17.75,0.0027384345971410155,466909.36108839815,-364.73076787796856,466544.6303205202,3.3732195812422616,0.0,True,False
2016-05-16,2046.6099853515625,15.039999961853027,18.25,0.00283989401442168,466919.8702539111,-341.264758410714,466578.60549550044,10.509165512958809,0.0,True,False
2016-05-17,2066.659912109375,14.68000030517578,17.700000762939453,0.00283989401442168,466923.5031528242,-291.78046406622747,466631.72268875793,3.6328989130828035,0.0,True,False
2016-05-18,2047.2099609375,15.56999969482422,18.43000030517578,0.00283989401442168,466927.1360800033,-324.2881728624975,466602.8479071408,3.6329271790773636,0.0,True,False
2016-05-19,2047.6300048828125,15.949999809265137,18.540000915527344,0.003042820548666,466930.76903544855,-321.0574030846975,466609.71163236385,3.6329554452918495,0.0,True,False
2016-05-20,2040.0400390625,16.329999923706055,18.770000457763672,0.003042820548666,466934.6616175336,-329.2039749253099,466605.45764260826,3.8925820850309782,0.0,True,False
2016-05-23,2052.320068359375,15.199999809265137,18.049999237060547,0.003245757350019421,466727.2035088928,0.0,466727.2035088928,11.67794095988769,273.9696224991258,False,False
2016-05-24,2048.0400390625,15.81999969482422,18.149999618530273,0.003550181805152164,466731.35389241826,0.0,466731.35389241826,4.150383525460995,0.0,False,False
2016-05-25,2076.06005859375,14.420000076293944,17.079999923706055,0.003550181805152164,466735.8935889082,0.0,466735.8935889082,4.539696489949364,0.0,False,False
2016-05-26,2090.5400390625,13.899999618530272,16.770000457763672,0.0033472296011869446,466740.4333295538,0.0,466740.4333295538,4.539740645637746,0.0,False,False
2016-05-27,2090.10009765625,13.43000030517578,16.559999465942383,0.003042820548666,466744.71358861687,0.0,466744.71358861687,4.280259063060639,0.0,False,False
2016-05-31,2099.06005859375,13.119999885559082,16.309999465942383,0.003144287665889363,467246.50812572596,-656.2302183686671,466590.2779073573,15.564318740463586,0.0,True,False
2016-06-01,2096.949951171875,14.1899995803833,16.6299991607666,0.003448704419520929,467250.53323191905,-694.6659278497879,466555.8673040693,4.025106193075461,0.0,True,False
2016-06-02,2099.330078125,14.199999809265137,16.700000762939453,0.003042820548666,467254.94807189633,-685.2921788134284,466569.6558930829,4.414839977297116,0.0,True,False
2016-06-03,2105.260009765625,13.630000114440918,16.3700008392334,0.00283989401442168,467258.84335650946,-640.1864794507833,466618.6568770587,3.8952846131000234,0.0,True,False
2016-06-06,2099.1298828125,13.470000267028809,16.489999771118164,0.0029413559982203554,467269.75005031197,-528.6556739755016,466741.0943763365,10.90669380252015,0.0,True,False
2016-06-07,2109.409912109375,13.649999618530272,16.440000534057617,0.00283989401442168,467273.51556324336,-556.4395320682723,466717.0760311751,3.765512931389833,0.0,True,False
2016-06-08,2112.1298828125,14.050000190734863,16.6299991607666,0.00283989401442168,467277.1512137156,-576.0538423396287,466701.097371376,3.6356504722725878,0.0,True,False
2016-06-09,2119.1201171875,14.079999923706056,16.790000915527344,0.0024340717431051875,467280.78689247527,-595.5711473447013,466685.21574513055,3.635678759675824,0.0,True,False
2016-06-10,2115.47998046875,14.640000343322754,17.31999969482422,0.0025355234616125932,467283.9030534395,-597.2013379012526,466686.7017155383,3.1161609642286763,0.0,True,False
2016-06-13,2096.070068359375,17.030000686645508,18.940000534057617,0.0025355234616125932,467293.6413135368,-619.6038136494582,466674.03749988734,9.73826009730517,0.0,True,False
2016-06-14,2079.06005859375,20.969999313354492,21.8700008392334,0.0027384345971410155,467296.887445335,-878.5051155970724,466418.3823297379,3.2461317982027547,0.0,True,False
2016-06-15,2075.320068359375,20.5,21.940000534057617,0.0027384345971410155,467300.39338167495,-794.048789853473,466506.3445918215,3.5059363399634953,0.0,True,False
2016-06-16,2071.5,20.13999938964844,21.809999465942383,0.002636977746247632,467303.8993443185,-720.5923312412341,466583.30701307725,3.5059626435618076,0.0,True,False
2016-06-17,2077.989990234375,19.3700008392334,21.15999984741211,0.0027384345971410155,467307.27543866,-632.3671822365585,466674.9082564234,3.3760943415058637,0.0,True,False
2016-06-20,2071.219970703125,19.40999984741211,21.309999465942383,0.002636977746247632,467317.7935604033,-518.4659553623919,466799.3276050409,10.518121743258273,0.0,True,False
2016-06-21,2083.25,18.3700008392334,19.809999465942383,0.00283989401442168,467321.16975512524,-433.5748185310098,466887.59493659425,3.3761947219742683,0.0,True,False
2016-06-22,2088.89990234375,18.479999542236328,19.690000534057617,0.0027384345971410155,467324.8057763739,-422.5256350130468,466902.2801413608,3.63602124865826,0.0,True,False
2016-06-23,2085.449951171875,21.170000076293945,21.079999923706055,0.0027384345971410155,467328.3119221736,-620.4219706627572,466707.8899515108,3.5061457997180328,0.0,True,True
2016-06-24,2113.320068359375,17.25,18.420000076293945,0.003042820548666,466977.6314017525,0.0,466977.6314017525,3.506172104887835,132.04352584262554,False,False
2016-06-27,2037.4100341796875,25.760000228881836,23.93000030517578,0.002636977746247632,466989.3104173779,0.0,466989.3104173779,11.679015625455309,0.0,False,True
2016-06-28,2000.5400390625,23.850000381469727,23.68000030517578,0.0027384345971410155,466992.68423893314,0.0,466992.68423893314,3.373821555214898,0.0,False,True
2016-06-29,2036.0899658203125,18.75,20.260000228881836,0.002636977746247632,466996.18789296155,0.0,466996.18789296155,3.503654028429412,0.0,False,False
2016-06-30,2070.77001953125,16.639999389648438,18.729999542236328,0.002636977746247632,466999.56176420394,0.0,466999.56176420394,3.373871242380861,0.0,False,False
2016-07-01,2098.860107421875,15.630000114440918,18.09000015258789,0.002636977746247632,467002.93565982126,0.0,467002.93565982126,3.3738956173274994,0.0,False,False
2016-07-05,2102.949951171875,14.770000457763672,17.649999618530273,0.0027384345971410155,467180.7813060244,-334.3498199809299,466846.4314860435,13.495826222220337,0.0,True,False
2016-07-06,2088.550048828125,15.579999923706056,18.239999771118164,0.00283989401442168,467184.28637126775,-343.75190201045126,466840.5344692573,3.5050652433565244,0.0,True,False
2016-07-07,2099.72998046875,14.960000038146973,17.739999771118164,0.0027384345971410155,467187.92132748675,-310.1606352920004,466877.76069219474,3.634956219028734,0.0,True,False
2016-07-08,2097.89990234375,14.760000228881836,17.760000228881836,0.0029413559982203554,467191.4264462988,-290.52219205613517,466900.90425424266,3.5051188120007533,0.0,True,False
2016-07-11,2129.89990234375,13.199999809265137,16.489999771118164,0.0027384345971410155,467202.7211825893,-221.20573990619326,466981.5154426831,11.29473629051512,0.0,True,False
2016-07-12,2137.159912109375,13.539999961853027,16.489999771118164,0.003144287665889363,467206.22641243855,-231.19707364708998,466975.02933879144,3.505229849226175,0.0,True,False
2016-07-13,2152.139892578125,13.550000190734863,16.170000076293945,0.0029413559982203554,467210.2511716238,-251.78633555590605,466958.4648360679,4.0247591852951965,0.0,True,False
2016-07-14,2152.429931640625,13.039999961853027,15.970000267028809,0.003144287665889363,467214.016205081,-214.46985028651423,466999.5463547945,3.765033457173753,0.0,True,False
2016-07-15,2163.75,12.81999969482422,15.859999656677246,0.003144287665889363,467218.0410313717,-224.53029801220862,466993.5107333595,4.024826290649785,0.0,True,False
2016-07-18,2161.739990234375,12.670000076293944,15.989999771118164,0.003144287665889363,467230.11571827653,-165.98220323804392,467064.13351503847,12.074686904859462,0.0,True,False
2016-07-19,2166.889892578125,12.4399995803833,15.770000457763672,0.003245757350019421,467234.14068325685,-155.06342089796192,467079.07726235886,4.0249649802903535,0.0,True,False
2016-07-20,2163.780029296875,11.970000267028809,15.739999771118164,0.003144287665889363,467238.29557473405,-122.69233062875593,467115.6032441053,4.154891477174772,0.0,True,False
2016-07-21,2173.02001953125,11.770000457763672,15.4399995803833,0.003245757350019421,467242.3206101799,-120.42153606690474,467121.899074113,4.025035445858983,0.0,True,False
2016-07-22,2165.169921875,12.739999771118164,16.100000381469727,0.003144287665889363,467246.4755743973,-122.86584106421093,467123.6097333331,4.15496421738294,0.0,True,False
2016-07-25,2175.030029296875,12.020000457763672,15.800000190734863,0.003245757350019421,467258.5509961586,-91.91485902805879,467166.63613713055,12.075421761337948,0.0,True,False
2016-07-26,2168.47998046875,12.869999885559082,16.270000457763672,0.003245757350019421,467262.7061047051,-93.16340741532775,467169.5426972898,4.155108546502973,0.0,True,False
2016-07-27,2169.179931640625,13.050000190734863,16.31999969482422,0.003144287665889363,467266.861250201,-90.30251152835373,467176.55873867264,4.155145495911381,0.0,True,False
2016-07-28,2166.580078125,12.829999923706056,16.100000381469727,0.003144287665889363,467176.5047778174,0.0,467176.5047778174,4.025281525551891,69.96806607173579,False,False
2016-07-29,2170.06005859375,12.720000267028809,16.0,0.0025355234616125932,467180.529280965,0.0,467180.529280965,4.024503147564574,0.0,False,False
2016-08-01,2173.60009765625,11.869999885559082,15.420000076293944,0.0027384345971410155,467190.2653867388,0.0,467190.2653867388,9.736105773826406,0.0,False,False
2016-08-02,2170.840087890625,12.4399995803833,15.699999809265137,0.0029413559982203554,467705.10560804076,-681.335084903414,467023.77052313735,3.5051363985131734,0.0,True,False
2016-08-03,2157.030029296875,13.369999885559082,16.389999389648438,0.0029413559982203554,467708.87462930323,-695.0782815971667,467013.79634770605,3.7690212624602775,0.0,True,False
2016-08-04,2163.7900390625,12.859999656677246,16.079999923706055,0.00283989401442168,467712.6436809385,-642.7433147449921,467069.9003661935,3.769051635276624,0.0,True,False
2016-08-05,2164.25,12.420000076293944,15.710000038146973,0.002636977746247632,467716.28274807427,-570.2833759001779,467145.9993721741,3.6390671357369446,0.0,True,False
2016-08-08,2182.8701171875,11.390000343322754,15.140000343322754,0.0027384345971410155,467726.42004228,-465.4966797638468,467260.92336251616,10.13729420572512,0.0,True,False
2016-08-09,2180.889892578125,11.5,15.15999984741211,0.003144287665889363,467729.92920122633,-434.7354583406111,467295.1937428857,3.50915894636488,0.0,True,False
2016-08-10,2181.739990234375,11.65999984741211,15.109999656677246,0.0029413559982203554,467733.9584718618,-417.02559881124114,467316.93287305057,4.029270635465122,0.0,True,False
2016-08-11,2175.489990234375,12.050000190734863,15.40999984741211,0.00283989401442168,467737.7277256363,-401.0980414832228,467336.6296841531,3.7692537744767605,0.0,True,False
2016-08-12,2185.7900390625,11.68000030517578,15.300000190734863,0.00283989401442168,467741.36698794,-379.74654298666434,467361.6204449533,3.6392623036972815,0.0,True,False
2016-08-15,2184.050048828125,11.550000190734863,15.260000228881836,0.00283989401442168,467752.28494474496,-276.1371945180669,467476.1477502269,10.917956804976537,0.0,True,False
2016-08-16,2190.14990234375,11.8100004196167,15.380000114440918,0.003144287665889363,467755.924320312,-283.45562416421427,467472.4686961478,3.6393755670404087,0.0,True,False
2016-08-17,2178.14990234375,12.640000343322754,16.020000457763672,0.0027384345971410155,467759.953814883,-282.70295038024597,467477.2508645028,4.029494571038747,0.0,True,False
2016-08-18,2182.219970703125,12.1899995803833,15.520000457763672,0.003042820548666,467519.32095275423,0.0,467519.32095275423,3.5094105364677537,267.1928122381991,False,False
2016-08-19,2187.02001953125,11.43000030517578,15.15999984741211,0.0029413559982203554,467523.21844131965,0.0,467523.21844131965,3.897488565394539,0.0,False,False
2016-08-22,2183.8701171875,11.34000015258789,15.130000114440918,0.0029413559982203554,467534.521198954,0.0,467534.521198954,11.302757634390307,0.0,False,False
2016-08-23,2182.639892578125,12.270000457763672,15.5,0.0029413559982203554,467538.28884555487,0.0,467538.28884555487,3.767646600825878,0.0,False,False
2016-08-24,2186.89990234375,12.380000114440918,15.420000076293944,0.003042820548666,467542.0565225174,0.0,467542.0565225174,3.7676769625644555,0.0,False,False
2016-08-25,2175.43994140625,13.449999809265137,16.0,0.003144287665889363,467545.95420061855,0.0,467545.95420061855,3.897678101140354,0.0,False,False
2016-08-26,2172.469970703125,13.630000114440918,16.1299991607666,0.0033472296011869446,467549.981886397,0.0,467549.981886397,4.027685778432614,0.0,False,False
2016-08-29,2169.0400390625,13.649999618530272,16.239999771118164,0.0033472296011869446,467562.8450535254,0.0,467562.8450535254,12.863167128421695,0.0,False,False
2016-08-30,2180.3798828125,12.9399995803833,15.93000030517578,0.0033472296011869446,467567.1328545432,0.0,467567.1328545432,4.287801017825487,0.0,False,False
2016-08-31,2176.1201171875,13.119999885559082,16.030000686645508,0.0033472296011869446,467571.42069488246,0.0,467571.42069488246,4.287840339250966,0.0,False,False
2016-09-01,2170.949951171875,13.420000076293944,16.139999389648438,0.0033472296011869446,467575.7085745435,0.0,467575.7085745435,4.287879661037043,0.0,False,False
2016-09-02,2170.860107421875,13.479999542236328,16.309999465942383,0.0033472296011869446,467579.9964935267,0.0,467579.9964935267,4.287918983183722,0.0,False,False
2016-09-06,2179.97998046875,11.979999542236328,15.649999618530272,0.003245757350019421,468204.1850497149,-777.0364870269407,467427.148562688,17.152069161307516,0.0,True,False
2016-09-07,2186.47998046875,12.020000457763672,15.5600004196167,0.003245757350019421,468208.3485673363,-779.6916939894561,467428.65687334683,4.163517621370452,0.0,True,False
2016-09-08,2186.159912109375,11.9399995803833,15.489999771118164,0.003448704419520929,468212.5121219818,-733.9224992665993,467478.5896227152,4.163554645556772,0.0,True,False
2016-09-09,2181.300048828125,12.510000228881836,15.8100004196167,0.003448704419520929,468216.93605126464,-732.4480262836562,467484.488024981,4.423929282839025,0.0,True,False
2016-09-12,2127.81005859375,17.5,18.829999923706055,0.003448704419520929,468230.20808991295,-1020.8590433412983,467209.34904657165,13.272038648328216,0.0,True,False
2016-09-13,2159.0400390625,15.15999984741211,17.270000457763672,0.003753144278824244,468234.63218639704,-785.6526779566241,467448.9795084404,4.424096484074985,0.0,True,False
2016-09-14,2127.02001953125,17.850000381469727,19.049999237060547,0.003651661758209666,468239.4468745232,-1000.3907665745193,467239.05610794865,4.814688126138697,0.0,True,False
2016-09-15,2125.77001953125,18.13999938964844,19.350000381469727,0.0033472296011869446,468244.1314242082,-1004.7592460890687,467239.3721781191,4.684549685006968,0.0,True,False
2016-09-16,2147.260009765625,16.299999237060547,18.190000534057617,0.0029413559982203554,468248.4254729859,-793.5886017240849,467454.8368712618,4.2940487777246075,0.0,True,False
2016-09-19,2139.159912109375,15.369999885559082,17.8799991607666,0.0029413559982203554,468259.7457630957,-625.5496267649728,467634.1961363307,11.320290109763416,0.0,True,False
2016-09-20,2139.1201171875,15.529999732971191,17.780000686645508,0.003042820548666,468263.51925394917,-606.8367307574696,467656.6825231917,3.7734908534746805,0.0,True,False
2016-09-21,2139.760009765625,15.920000076293944,17.989999771118164,0.003042820548666,468267.4229465456,-606.9313945752227,467660.49155197036,3.9036925964137965,0.0,True,False
2016-09-22,2163.1201171875,13.300000190734863,16.65999984741211,0.002231176003955833,468271.32667168527,-345.33372195736393,467925.9929497279,3.9037251396619053,0.0,True,False
2016-09-23,2177.179931640625,12.020000457763672,15.9399995803833,0.0018254153134831337,468031.9906935112,0.0,468031.9906935112,2.8624628512836052,364.8380460016285,False,False
2016-09-26,2164.68994140625,12.289999961853027,16.049999237060547,0.0018254153134831337,468039.0128236933,0.0,468039.0128236933,7.022130182060236,0.0,False,False
2016-09-27,2146.10009765625,14.5,17.280000686645508,0.0025355234616125932,468041.3535571665,0.0,468041.3535571665,2.340733473245429,0.0,False,False
2016-09-28,2159.929931640625,13.100000381469728,16.450000762939453,0.002636977746247632,468044.6048830703,0.0,468044.6048830703,3.251325903740184,0.0,False,False
2016-09-29,2171.3701171875,12.390000343322754,16.010000228881836,0.0027384345971410155,468047.9863287298,0.0,468047.9863287298,3.381445659527414,0.0,False,False
2016-09-30,2151.1298828125,14.020000457763672,16.8700008392334,0.002636977746247632,468051.4979002557,0.0,468051.4979002557,3.5115715259468554,0.0,False,False
2016-10-03,2168.27001953125,13.289999961853027,16.3700008392334,0.00283989401442168,468061.6424599229,0.0,468061.6424599229,10.144559667170922,0.0,False,False
2016-10-04,2161.199951171875,13.56999969482422,16.399999618530273,0.003245757350019421,468496.1580148234,-600.873772358233,467895.28424246516,3.6417825423101324,0.0,True,False
2016-10-05,2150.489990234375,13.630000114440918,16.469999313354492,0.0033472296011869446,468500.3241288218,-552.7027672783407,467947.6213615434,4.166113998387166,0.0,True,False
2016-10-06,2159.72998046875,12.989999771118164,16.219999313354492,0.003245757350019421,468504.62052702345,-509.25654099574683,467995.3639860277,4.296398201660284,0.0,True,False
2016-10-07,2160.77001953125,12.84000015258789,16.06999969482422,0.003245757350019421,468508.7867162749,-473.7519675019587,468035.034748773,4.166189251492096,0.0,True,False
2016-10-10,2153.739990234375,13.479999542236328,16.440000534057617,0.003245757350019421,468521.2855063184,-435.126457586973,468086.1590487314,12.49879004348586,0.0,True,False
2016-10-11,2163.659912109375,13.380000114440918,15.949999809265137,0.003245757350019421,468525.45184376364,-410.0883269894129,468115.3635167742,4.1663374452442445,0.0,True,False
2016-10-12,2136.72998046875,15.359999656677246,16.940000534057617,0.003550181805152164,468529.61821825814,-489.0421161683956,468040.5761020897,4.166374494505921,0.0,True,False
2016-10-13,2139.179931640625,15.90999984741211,17.020000457763672,0.003651661758209666,468534.17540569697,-501.41856576864495,468032.75683992833,4.557187438821631,0.0,True,False
2016-10-14,2132.550048828125,16.690000534057617,17.59000015258789,0.0029413559982203554,468538.86290402384,-535.930868185807,468002.932035838,4.687498326897541,0.0,True,False
2016-10-17,2132.97998046875,16.1200008392334,17.420000076293945,0.003144287665889363,468550.19021569693,-434.9022274523089,468115.2879882446,11.327311673102924,0.0,True,False
2016-10-18,2126.5,16.209999084472656,17.469999313354492,0.003448704419520929,468554.2265524905,-425.7379212456226,468128.48863124487,4.036336793546276,0.0,True,False
2016-10-19,2139.60009765625,15.279999732971191,16.920000076293945,0.003448704419520929,468558.6537104792,-338.98702919986505,468219.66668127937,4.427157988685959,0.0,True,False
2016-10-20,2144.2900390625,14.40999984741211,16.459999084472656,0.003448704419520929,468563.0809102981,-271.7366650881702,468291.34424520994,4.427199818909115,0.0,True,False
2016-10-21,2141.340087890625,13.75,16.229999542236328,0.003448704419520929,468567.50815194764,-228.93705047426715,468338.57110147335,4.427241649527504,0.0,True,False
2016-10-24,2141.159912109375,13.34000015258789,16.040000915527344,0.0033472296011869446,468400.8931938332,0.0,468400.8931938332,13.281975936177156,250.97683830754818,False,False
2016-10-25,2151.330078125,13.020000457763672,15.609999656677246,0.0033472296011869446,468405.1886802001,0.0,468405.1886802001,4.2954863668796595,0.0,False,False
2016-10-26,2143.159912109375,13.460000038146973,15.8100004196167,0.003448704419520929,468409.48420595884,0.0,468409.48420595884,4.295525758783895,0.0,False,False
2016-10-27,2139.429931640625,14.239999771118164,16.25,0.0033472296011869446,468413.90999634226,0.0,468413.90999634226,4.425790383402653,0.0,False,False
2016-10-28,2133.0400390625,15.359999656677246,16.93000030517578,0.0029413559982203554,468418.20560208015,0.0,468418.20560208015,4.295605737911036,0.0,False,False
2016-10-31,2126.409912109375,16.190000534057617,17.3700008392334,0.0029413559982203554,468429.5299967639,0.0,468429.5299967639,11.324394683770853,0.0,False,False
2016-11-01,2126.14990234375,17.059999465942383,17.850000381469727,0.003448704419520929,468895.1186080266,-631.8137521957854,468263.3048558308,3.7748590668618194,0.0,True,False
2016-11-02,2111.719970703125,18.559999465942383,18.739999771118164,0.003550181805152164,468899.5489869509,-677.6438344675059,468221.9051524834,4.430378924281932,0.0,True,False
2016-11-03,2097.93994140625,19.31999969482422,19.18000030517578,0.003651661758209666,468904.10977254825,-681.0942397326971,468223.01553281554,4.560785597372911,0.0,True,True
2016-11-04,2088.659912109375,22.079999923706055,20.700000762939453,0.003753144278824244,468908.80097192153,-844.6028320340777,468064.1981398875,4.691199373302909,0.0,True,True
2016-11-07,2085.179931640625,22.510000228881836,21.1299991607666,0.003753144278824244,468923.26598174195,-819.1707827997722,468104.0951989422,14.465009820411218,0.0,True,True
2016-11-08,2131.52001953125,18.709999084472656,18.149999618530273,0.004159100039446663,468928.08775084146,-613.4683129345123,468314.61943790695,4.821769099500755,0.0,True,True
2016-11-09,2139.56005859375,18.739999771118164,18.100000381469727,0.004362093328476233,468933.4311205402,-630.712216558054,468302.71890398214,5.343369698729438,0.0,True,True
2016-11-10,2163.260009765625,14.380000114440918,16.280000686645508,0.0044635938256252965,468939.03534962086,-395.5375825545164,468543.49776706635,5.604229080650728,0.0,True,False
2016-11-11,2167.47998046875,14.739999771118164,16.75,0.004768110729171367,468944.77005148784,-429.356660363901,468515.41339112393,5.734701866963777,0.0,True,False
2016-11-14,2164.449951171875,14.170000076293944,16.489999771118164,0.004768110729171367,468963.1483342607,-295.1674678757622,468667.9808663849,18.378282772835075,0.0,True,False
2016-11-15,2164.199951171875,14.479999542236328,16.700000762939453,0.005478740091370373,468969.2745885743,-291.65045877262116,468677.6241298017,6.126254313626114,0.0,True,False
2016-11-16,2180.389892578125,13.369999885559082,15.75,0.00507265075359442,468976.313985971,-265.4706416186488,468710.8433443523,7.039397396667533,0.0,True,False
2016-11-17,2176.93994140625,13.720000267028809,16.06999969482422,0.0046666025258428525,468982.8317108576,-248.12068340560555,468734.71102745197,6.517724886589771,0.0,True,False
2016-11-18,2187.1201171875,13.350000381469728,15.640000343322754,0.004362093328476233,468988.82779430324,-249.2805510993821,468739.54724320385,5.996083445688273,0.0,True,False
2016-11-21,2181.89990234375,12.850000381469728,15.520000457763672,0.004362093328476233,468858.684598441,0.0,468858.684598441,16.81487433412912,314.85568199941775,False,False
2016-11-22,2198.179931640625,12.420000076293944,15.31999969482422,0.0046666025258428525,468864.28793422505,0.0,468864.28793422505,5.603335784065273,0.0,False,False
2016-11-23,2202.93994140625,12.40999984741211,15.350000381469728,0.0048696215014858105,468870.2825020537,0.0,468870.2825020537,5.994567828636658,0.0,False,False
2016-11-25,2204.719970703125,12.43000030517578,15.43000030517578,0.00507265075359442,468882.793467921,0.0,468882.793467921,12.51096586725262,0.0,False,False
2016-11-28,2213.35009765625,12.34000015258789,15.510000228881836,0.0048696215014858105,468902.3430150933,0.0,468902.3430150933,19.549547172344433,0.0,False,False
2016-11-29,2201.719970703125,13.149999618530272,16.020000457763672,0.0048696215014858105,468908.5988840344,0.0,468908.5988840344,6.255868941050736,0.0,False,False
2016-11-30,2204.659912109375,12.899999618530272,15.899999618530272,0.0048696215014858105,468914.8548364382,0.0,468914.8548364382,6.255952403837372,0.0,False,False
2016-12-01,2198.81005859375,13.329999923706056,16.100000381469727,0.0048696215014858105,468921.11087230593,0.0,468921.11087230593,6.256035867737527,0.0,False,False
2016-12-02,2191.080078125,14.06999969482422,16.670000076293945,0.004768110729171367,468927.3669916387,0.0,468927.3669916387,6.256119332751217,0.0,False,False
2016-12-05,2191.949951171875,14.119999885559082,16.780000686645508,0.0048696215014858105,468945.7445923731,0.0,468945.7445923731,18.37760073440444,0.0,False,False
2016-12-06,2204.7099609375,12.140000343322754,15.770000457763672,0.00497113484291711,469583.44207313407,-801.4410327770254,468782.00104035705,6.256447983965198,0.0,True,False
2016-12-07,2212.22998046875,11.789999961853027,15.479999542236328,0.00497113484291711,469589.8376306878,-772.2708526756338,468817.56677801214,6.395557553729239,0.0,True,False
2016-12-08,2241.35009765625,12.220000267028809,15.479999542236328,0.0051741692336486865,469596.23327534675,-1050.893392552523,468545.33988279424,6.395644658922391,0.0,True,False
2016-12-09,2246.18994140625,12.640000343322754,15.720000267028809,0.00507265075359442,469602.8902276879,-1126.5383386594624,468476.35188902845,6.6569523411217295,0.0,True,False
2016-12-12,2259.530029296875,11.75,15.220000267028809,0.005377213902406584,469622.46979849465,-1085.0280176885565,468537.4417808061,19.579570806757623,0.0,True,False
2016-12-13,2256.9599609375,12.640000343322754,15.729999542236328,0.0051741692336486865,469629.38837130216,-1116.7205853610956,468512.66778594104,6.918572807517861,0.0,True,False
2016-12-14,2271.719970703125,12.720000267028809,15.699999809265137,0.005478740091370373,469636.04579364683,-1324.5364887208912,468311.5093049259,6.657422344665202,0.0,True,False
2016-12-15,2253.280029296875,13.1899995803833,15.869999885559082,0.005478740091370373,469643.09519951895,-1038.7572785970963,468604.33792092185,7.04940587214661,0.0,True,False
2016-12-16,2262.030029296875,12.789999961853027,15.75,0.00507265075359442,469650.1447112052,-1076.8541253896603,468573.29058581556,7.049511686262871,0.0,True,False
2016-12-19,2258.070068359375,12.199999809265137,15.56999969482422,0.00507265075359442,469669.7262522352,-788.1315993376577,468881.5946528975,19.581541029950916,0.0,True,False
2016-12-20,2262.530029296875,11.710000038146973,15.3100004196167,0.005275690283209086,469676.25361400587,-731.029031538134,468945.22458246775,6.5273617706918365,0.0,True,False
2016-12-21,2270.760009765625,11.449999809265137,15.140000343322754,0.005275690283209086,469683.0423382661,-767.045419831351,468915.99691843474,6.788724260251046,0.0,True,False
2016-12-22,2265.179931640625,11.270000457763672,15.09000015258789,0.0051741692336486865,469689.83116065094,-587.7768659280345,469102.0542947229,6.788822384813927,0.0,True,False
2016-12-23,2260.9599609375,11.43000030517578,15.289999961853027,0.00507265075359442,469696.4894398269,-489.81428771314154,469206.6751521138,6.65827917600146,0.0,True,False
2016-12-27,2263.7900390625,11.4399995803833,15.25,0.0051741692336486865,469432.56573567365,0.0,469432.56573567365,26.111479207828395,341.4058494159183,False,False
2016-12-28,2268.8798828125,11.989999771118164,15.359999656677246,0.0051741692336486865,469439.220367879,0.0,469439.220367879,6.654632205366395,0.0,False,False
2016-12-29,2249.919921875,12.949999809265137,15.93000030517578,0.005275690283209086,469445.8750944198,0.0,469445.8750944198,6.654726540810975,0.0,False,False
2016-12-30,2249.260009765625,13.369999885559082,16.15999984741211,0.0046666025258428525,469452.6604887773,0.0,469452.6604887773,6.785394357508635,0.0,False,False
2017-01-03,2238.830078125,14.039999961853027,16.540000915527344,0.00507265075359442,470024.6206957826,-717.9513851911668,469306.6693105914,24.0088218140622,0.0,True,False
2017-01-04,2257.830078125,12.850000381469728,15.5600004196167,0.005377213902406584,470031.1529897946,-661.9242303038322,469369.22875949077,6.532294011996651,0.0,True,False
2017-01-05,2270.75,11.850000381469728,14.84000015258789,0.005275690283209086,470038.0775834052,-613.8035560356019,469424.27402736957,6.924593610601305,0.0,True,False
2017-01-06,2269.0,11.670000076293944,14.699999809265137,0.0051741692336486865,470044.8715374874,-551.2176829014709,469493.6538545859,6.793954082155179,0.0,True,False
2017-01-09,2276.97998046875,11.31999969482422,14.5600004196167,0.005275690283209086,470064.8617574498,-487.2776287531866,469577.58412869665,19.99021996244023,0.0,True,False
2017-01-10,2268.89990234375,11.5600004196167,14.630000114440918,0.00507265075359442,470071.6560986718,-424.5279606528743,469647.1281380189,6.794341221957816,0.0,True,False
2017-01-11,2268.89990234375,11.489999771118164,14.65999984741211,0.0051741692336486865,470078.189046371,-392.5292453465818,469685.65980102436,6.532947699201781,0.0,True,False
2017-01-12,2275.320068359375,11.260000228881836,14.470000267028809,0.0051741692336486865,470084.8528308721,-377.3567013300382,469707.49612954207,6.663784501115559,0.0,True,False
2017-01-13,2270.43994140625,11.539999961853027,14.579999923706056,0.0051741692336486865,470091.5167098384,-345.3325279896052,469746.18418184883,6.663878966302229,0.0,True,False
2017-01-17,2274.639892578125,11.229999542236328,14.539999961853027,0.005275690283209086,470245.2977011438,-541.5303485637241,469703.76735258003,26.65646054381907,303.5455673889975,True,False
2017-01-18,2267.889892578125,11.869999885559082,14.890000343322754,0.005478740091370373,470252.094650396,-549.4179892778145,469702.67666111817,6.796949252189174,0.0,True,False
2017-01-19,2271.889892578125,12.479999542236328,14.9399995803833,0.005275690283209086,470259.1533033829,-600.2886449375554,469658.86465844535,7.058652986943681,0.0,True,False
2017-01-20,2263.68994140625,12.779999732971191,15.020000457763672,0.0051741692336486865,470265.9504529047,-565.4763068475264,469700.47414605715,6.797149521762817,0.0,True,False
2017-01-23,2271.31005859375,11.539999961853027,14.489999771118164,0.00497113484291711,470285.9500749826,-299.11989930485873,469986.8301756777,19.999622077888898,0.0,True,False
2017-01-24,2265.199951171875,11.770000457763672,14.539999961853027,0.0051741692336486865,470292.3552004426,-282.8564720167784,470009.4987284258,6.405125459995145,0.0,True,False
2017-01-25,2280.070068359375,11.06999969482422,13.869999885559082,0.00507265075359442,470299.0220209431,-205.35600637080177,470093.6660145723,6.666820500511875,0.0,True,False
2017-01-26,2298.3701171875,10.8100004196167,13.609999656677246,0.00497113484291711,470305.5581285216,-199.4199670969132,470106.13816142466,6.536107578465949,0.0,True,False
2017-01-27,2296.679931640625,10.630000114440918,13.630000114440918,0.00507265075359442,470165.8390036041,0.0,470165.8390036041,6.405392514630572,225.40583113153122,False,False
2017-01-30,2294.68994140625,10.579999923706056,13.68000030517578,0.0051741692336486865,470185.4420459347,0.0,470185.4420459347,19.603042330566353,0.0,False,False
2017-01-31,2280.89990234375,11.880000114440918,14.40999984741211,0.0051741692336486865,470731.4033273132,-709.2959764688959,470022.1073508443,6.665304909619601,0.0,True,False
2017-02-01,2278.8701171875,11.989999771118164,14.479999542236328,0.005275690283209086,470738.07637171895,-684.1218371734374,470053.95453454554,6.673044405749894,0.0,True,False
2017-02-02,2279.550048828125,11.8100004196167,14.289999961853027,0.00507265075359442,470744.8804436189,-635.2959327925449,470109.5845108264,6.80407189994947,0.0,True,False
2017-02-03,2280.85009765625,11.93000030517578,14.59000015258789,0.0051741692336486865,470751.42274763517,-640.3758422146882,470111.0469054205,6.542304016219215,0.0,True,False
2017-02-06,2297.419921875,10.970000267028809,14.050000190734863,0.00507265075359442,470771.4430160354,-536.7392450539628,470234.70377098146,20.020268400282735,0.0,True,False
2017-02-07,2292.56005859375,11.369999885559082,14.239999771118164,0.005377213902406584,470777.98568921216,-517.7796671961519,470260.206022016,6.542673176737833,0.0,True,False
2017-02-08,2293.080078125,11.289999961853027,14.350000381469728,0.005377213902406584,470784.9212853125,-487.0243209651949,470297.89696434734,6.935596100341995,0.0,True,False
2017-02-09,2294.669921875,11.449999809265137,14.5600004196167,0.005377213902406584,470791.8569835895,-482.9619580063212,470308.89502558316,6.935698276940581,0.0,True,False
2017-02-10,2307.8701171875,10.880000114440918,14.170000076293944,0.005377213902406584,470798.7927840445,-465.5607325028416,470333.2320515417,6.935800455044454,0.0,True,False
2017-02-13,2316.10009765625,10.850000381469728,13.90999984741211,0.005478740091370373,470819.6007984934,-404.53415630485836,470415.0666421886,20.80801444892481,0.0,True,False
2017-02-14,2328.25,11.06999969482422,13.68000030517578,0.005275690283209086,470826.66796995164,-497.315645899302,470329.35232405236,7.067171458233756,0.0,True,False
2017-02-15,2337.580078125,10.739999771118164,13.1899995803833,0.005478740091370373,470833.47332235903,-517.4155261016923,470316.0577962573,6.805352407378894,0.0,True,False
2017-02-16,2349.25,11.970000267028809,13.40999984741211,0.005377213902406584,470840.5407020488,-835.374914367775,470005.165787681,7.067379689803874,0.0,True,False
2017-02-17,2347.219970703125,11.760000228881836,13.630000114440918,0.005275690283209086,470847.4772197222,-717.9834597931477,470129.493759929,6.936517673389748,0.0,True,False
2017-02-21,2351.159912109375,11.489999771118164,13.720000267028809,0.005275690283209086,470874.7004226849,-518.1610691898118,470356.53935349506,27.223202962711724,0.0,True,False
2017-02-22,2365.3798828125,11.56999969482422,14.039999961853027,0.005377213902406584,470881.5064693558,-699.119638605024,470182.38683075074,6.806046670873462,0.0,True,False
2017-02-23,2362.820068359375,11.739999771118164,14.390000343322754,0.005275690283209086,470888.4435905451,-580.0283796436252,470308.41521090147,6.937121189324262,0.0,True,False
2017-02-24,2363.81005859375,11.710000038146973,14.739999771118164,0.0051741692336486865,470425.04054706433,0.0,470425.04054706433,6.8062453153149205,69.08668767284178,False,False
2017-02-27,2367.340087890625,11.470000267028809,14.760000228881836,0.0051741692336486865,470445.04693497706,0.0,470445.04693497706,20.00638791274567,0.0,False,False
2017-02-28,2369.75,12.09000015258789,14.90999984741211,0.00507265075359442,470451.71592002135,0.0,470451.71592002135,6.668985044278739,0.0,False,False
2017-03-01,2363.639892578125,12.920000076293944,15.279999732971191,0.005377213902406584,470458.2541497045,0.0,470458.2541497045,6.538229683136,0.0,False,False
2017-03-02,2395.9599609375,12.539999961853027,14.859999656677246,0.006291042130298993,470465.1850354554,0.0,470465.1850354554,6.930885750907708,0.0,False,False
2017-03-03,2381.919921875,11.8100004196167,14.770000457763672,0.006697254848109094,470473.29391711694,0.0,470473.29391711694,8.108881661546974,0.0,False,False
2017-03-06,2383.1201171875,10.960000038146973,14.260000228881836,0.00710350870925934,470499.1922700353,0.0,470499.1922700353,25.898352918304496,0.0,False,False
2017-03-07,2375.31005859375,11.239999771118164,14.34000015258789,0.007408226110452861,471130.52411498415,-792.175056914478,470338.3490580697,9.156788034394356,0.0,True,False
2017-03-08,2368.389892578125,11.449999809265137,14.40999984741211,0.007611383906217505,471140.08651736844,-745.0994560688957,470394.98706129956,9.562402384288484,0.0,True,False
2017-03-09,2362.97998046875,11.859999656677246,14.539999961853027,0.00730665107119169,471149.91135425144,-730.6296874388922,470419.28166681255,9.82483688296712,0.0,True,False
2017-03-10,2364.8701171875,12.300000190734863,14.779999732971191,0.00730665107119169,471159.34303222777,-755.6443383119702,470403.6986939158,9.431677976331372,0.0,True,False
2017-03-13,2372.60009765625,11.65999984741211,14.380000114440918,0.007408226110452861,471187.63919901586,-621.3043673172979,470566.33483169856,28.296166788065825,0.0,True,False
2017-03-14,2373.469970703125,11.350000381469728,14.359999656677246,0.007916139894923874,471197.2027606488,-566.8386037941533,470630.36415685463,9.563561632920802,0.0,True,False
2017-03-15,2365.449951171875,12.300000190734863,14.630000114440918,0.007814551992506623,471207.42222208536,-596.9895065349891,470610.43271555036,10.219461436558925,0.0,True,False
2017-03-16,2385.260009765625,11.630000114440918,14.199999809265137,0.00730665107119169,471217.51075446553,-572.5899716517762,470644.92078281374,10.088532380176291,0.0,True,False
2017-03-17,2381.3798828125,11.210000038146973,13.779999732971191,0.00730665107119169,471226.9437856752,-467.38494719019553,470759.55883848504,9.43303120968417,0.0,True,False
2017-03-20,2378.25,11.279999732971191,13.920000076293944,0.00730665107119169,471255.2440123259,-372.6155725638296,470882.62843976205,28.30022665066398,0.0,True,False
2017-03-21,2373.469970703125,11.34000015258789,13.899999618530272,0.007611383906217505,471264.67779889586,-338.94656603928325,470925.7312328566,9.43378656998152,0.0,True,False
2017-03-22,2344.02001953125,12.470000267028809,14.619999885559082,0.007712966662981572,471274.50523392117,-409.9612367731976,470864.543997148,9.82743502533088,0.0,True,False
2017-03-23,2348.449951171875,12.8100004196167,14.68000030517578,0.007712966662981572,471284.46403653437,-403.2594066895263,470881.2046298448,9.9588026131981,0.0,True,False
2017-03-24,2345.9599609375,13.119999885559082,14.90999984741211,0.007611383906217505,471294.4230495934,-404.802409696227,470889.6206398972,9.959013059017654,0.0,True,False
2017-03-27,2343.97998046875,12.960000038146973,14.550000190734863,0.007814551992506623,471323.9078303785,-326.9363056488969,470996.9715247296,29.484780785079085,0.0,True,False
2017-03-28,2341.590087890625,12.5,14.229999542236328,0.007814551992506623,471041.2717602186,0.0,471041.2717602186,10.091026332469207,329.44796042208316,False,False
2017-03-29,2358.570068359375,11.529999732971191,13.68000030517578,0.007814551992506623,471051.3567353239,0.0,471051.3567353239,10.084975105321368,0.0,False,False
2017-03-30,2361.1298828125,11.420000076293944,13.43000030517578,0.007814551992506623,471061.44192634814,0.0,471061.44192634814,10.085191024241794,0.0,False,False
2017-03-31,2368.06005859375,11.539999961853027,13.369999885559082,0.007814551992506623,471071.5273332959,0.0,471071.5273332959,10.085406947785037,0.0,False,False
2017-04-03,2362.719970703125,12.369999885559082,13.600000381469728,0.007611383906217505,471101.78484972665,0.0,471101.78484972665,30.25751643075241,0.0,False,False
2017-04-04,2358.840087890625,12.380000114440918,13.670000076293944,0.007916139894923874,471568.12145188986,-626.5125639973309,470941.6088878925,9.824038165881278,0.0,True,False
2017-04-05,2360.159912109375,11.789999961853027,13.369999885559082,0.007916139894923874,471578.34895791847,-554.4282054835124,471023.92075243493,10.227506028587545,0.0,True,False
2017-04-06,2352.949951171875,12.890000343322754,14.119999885559082,0.00801773037036276,471588.5766857642,-620.689482557957,470967.88720320625,10.227727845701143,0.0,True,False
2017-04-07,2357.489990234375,12.390000343322754,13.65999984741211,0.007916139894923874,471598.9358955783,-555.9337010571244,471043.0021945212,10.359209814096197,0.0,True,False
2017-04-10,2355.5400390625,12.869999885559082,14.0600004196167,0.008220919040828615,471629.6210841015,-534.4382569701924,471095.1828271313,30.6851885232132,0.0,True,False
2017-04-11,2357.159912109375,14.050000190734863,14.579999923706056,0.008220919040828615,471640.24374874827,-627.2771599007629,471012.9665888475,10.62266464675044,0.0,True,False
2017-04-12,2353.780029296875,15.06999969482422,15.15999984741211,0.008220919040828615,471650.8666526527,-696.3726229975168,470954.4940296552,10.622903904420344,0.0,True,False
2017-04-13,2344.929931640625,15.770000457763672,15.279999732971191,0.00811932341895452,471661.48979582015,-706.9219093508269,470954.5678864693,10.623143167479123,0.0,True,True
2017-04-17,2328.949951171875,15.960000038146973,15.75,0.00811932341895452,471703.4595773052,-617.944249030624,471085.5153282746,41.96978148504739,0.0,True,True
2017-04-18,2349.010009765625,14.65999984741211,14.859999656677246,0.008322517236116296,471713.9526061932,-495.63349687064033,471218.31910932256,10.493028888040895,0.0,True,False
2017-04-19,2342.18994140625,14.420000076293944,14.760000228881836,0.008220919040828615,471724.70847539563,-443.81135145818035,471280.89712393744,10.755869202403268,0.0,True,False
2017-04-20,2338.169921875,14.93000030517578,15.079999923706056,0.00811932341895452,471735.33328172605,-462.6846655985875,471272.64861612744,10.62480633044607,0.0,True,False
2017-04-21,2355.840087890625,14.149999618530272,14.529999732971191,0.007916139894923874,471745.8270196437,-391.89447625237034,471353.9325433913,10.493737917611202,0.0,True,False
2017-04-24,2348.68994140625,14.630000114440918,14.75,0.007916139894923874,471776.5217658259,-355.4409737532519,471421.0807920727,30.694746182256203,0.0,True,False
2017-04-25,2374.14990234375,10.84000015258789,12.899999618530272,0.00811932341895452,471648.56412012293,0.0,471648.56412012293,10.232025874968548,318.32289241940197,False,False
2017-04-26,2388.610107421875,10.760000228881836,12.850000381469728,0.008220919040828615,471659.0559278632,0.0,471659.0559278632,10.491807740291518,0.0,False,False
2017-04-27,2387.449951171875,10.850000381469728,12.979999542236328,0.008322517236116296,471669.67925548035,0.0,471669.67925548035,10.623327617141257,0.0,False,False
2017-04-28,2388.77001953125,10.359999656677246,12.800000190734863,0.00811932341895452,471680.4341151761,0.0,471680.4341151761,10.754859695758853,0.0,False,False
2017-05-01,2384.199951171875,10.81999969482422,12.93000030517578,0.00801773037036276,471711.9123654604,0.0,471711.9123654604,31.47825028435543,0.0,False,False
2017-05-02,2388.330078125,10.109999656677246,12.630000114440918,0.008322517236116296,472293.9425160172,-741.668231473945,471552.27428454324,10.361919082824707,0.0,True,False
2017-05-03,2391.169921875,10.59000015258789,12.829999923706056,0.008220919040828615,472304.7116099622,-784.8348317098885,471519.8767782523,10.769093945013307,0.0,True,False
2017-05-04,2388.1298828125,10.68000030517578,13.09000015258789,0.008525721347452138,472315.34947988857,-764.0278085717131,471551.32167131687,10.637869926363567,0.0,True,False
2017-05-05,2389.52001953125,10.460000038146973,12.829999923706056,0.008525721347452138,472326.38201711536,-702.9280042327346,471623.4540128826,11.03253722678426,0.0,True,False
2017-05-08,2399.2900390625,10.56999969482422,12.850000381469728,0.008932160456818562,472359.4811750351,-682.9776660414967,471676.5035089936,33.099157919784794,0.0,True,False
2017-05-09,2399.3798828125,9.770000457763672,12.59000015258789,0.009135395456935813,472371.04074299376,-557.2181039242653,471813.8226390695,11.55956795862915,0.0,True,False
2017-05-10,2396.919921875,9.960000038146973,12.710000038146973,0.009135395456935813,472382.8636204258,-531.8080849937462,471851.05553543207,11.82287743204512,0.0,True,False
2017-05-11,2399.6298828125,10.210000038146973,12.90999984741211,0.009033776669648766,472394.68679377023,-546.524541221807,471848.16225254844,11.823173344407895,0.0,True,False
2017-05-12,2394.43994140625,10.600000381469728,13.010000228881836,0.008830546818313866,472406.3787414728,-524.5487700603834,471881.82997141243,11.691947702545205,0.0,True,False
2017-05-15,2390.89990234375,10.399999618530272,12.970000267028809,0.008728935754005141,472440.6671636838,-388.6655823316043,472052.0015813522,34.28842221103289,0.0,True,False
2017-05-16,2402.320068359375,10.420000076293944,12.779999732971191,0.009033776669648766,472451.96566654136,-401.51844112504546,472050.4472254163,11.29850285754443,0.0,True,False
2017-05-17,2400.669921875,10.649999618530272,12.649999618530272,0.009033776669648766,472463.65903191775,-384.7910235495102,472078.86800836824,11.69336537637521,0.0,True,False
2017-05-18,2357.030029296875,15.59000015258789,15.600000381469728,0.009033776669648766,472475.3526867094,-826.0674833874152,471649.28520332195,11.69365479160419,0.0,True,False
2017-05-19,2365.719970703125,14.65999984741211,14.970000267028809,0.009237016818809264,472487.04663092335,-690.2829991874884,471796.76363173587,11.693944213996307,0.0,True,False
2017-05-22,2381.72998046875,12.039999961853027,13.489999771118164,0.009135395456935813,472522.9195334461,-322.75034386846846,472200.16918957763,35.87290252275106,0.0,True,False
2017-05-23,2394.02001953125,10.93000030517578,12.960000038146973,0.009338640755400468,472314.2262984599,0.0,472314.2262984599,11.826678774992013,351.1483177127404,False,False
2017-05-24,2398.419921875,10.720000267028809,12.899999618530272,0.009237016818809264,472326.31076232035,0.0,472326.31076232035,12.084463860436326,0.0,False,False
2017-05-25,2404.389892578125,10.020000457763672,12.59000015258789,0.009338640755400468,472338.264026108,0.0,472338.264026108,11.95326378767649,0.0,False,False
2017-05-26,2415.070068359375,9.989999771118164,12.510000228881836,0.009338640755400468,472350.3491049892,0.0,472350.3491049892,12.0850788811892,0.0,False,False
2017-05-30,2415.820068359375,9.8100004196167,12.4399995803833,0.009338640755400468,472398.6925126384,0.0,472398.6925126384,48.34340764922401,0.0,False,False
2017-05-31,2412.909912109375,10.380000114440918,12.739999771118164,0.009338640755400468,472410.77913762134,0.0,472410.77913762134,12.08662498295992,0.0,False,False
2017-06-01,2411.800048828125,10.40999984741211,12.630000114440918,0.009745162251547073,472422.8660718484,0.0,472422.8660718484,12.086934227049275,0.0,False,False
2017-06-02,2430.06005859375,9.890000343322754,12.420000076293944,0.009745162251547073,472435.4794936041,0.0,472435.4794936041,12.613421755725366,0.0,False,False
2017-06-05,2439.070068359375,9.75,12.460000038146973,0.009745162251547073,472473.3217795345,0.0,472473.3217795345,37.842285930390965,0.0,False,False
2017-06-06,2436.10009765625,10.06999969482422,12.850000381469728,0.009643528014781815,473084.0891826011,-768.1526341721639,472315.9365484289,12.614768894415583,0.0,True,False
2017-06-07,2429.330078125,10.449999809265137,13.079999923706056,0.009745162251547073,473096.5885248914,-748.8127641823542,472347.7757607091,12.499342290358268,0.0,True,False
2017-06-08,2433.139892578125,10.390000343322754,13.09000015258789,0.009948438451316958,473109.2199346533,-734.1412608066793,472375.0786738466,12.631409761930893,0.0,True,False
2017-06-09,2433.7900390625,10.15999984741211,12.760000228881836,0.010050080414582638,473122.11517327995,-662.7866386502876,472459.32853462966,12.895238626619324,0.0,True,False
2017-06-12,2431.77001953125,10.699999809265137,12.960000038146973,0.010050080414582638,473161.1982831011,-620.0326464833853,472541.1656366177,39.0831098211359,0.0,True,False
2017-06-13,2429.389892578125,11.460000038146973,13.300000190734863,0.009846799063681648,473174.226703813,-666.5102038972793,472507.71649991575,13.028420711899155,0.0,True,False
2017-06-14,2440.35009765625,10.420000076293944,12.729999542236328,0.010050080414582638,473186.9919486913,-559.4951825068608,472627.49676618446,12.765244878287712,0.0,True,False
2017-06-15,2437.919921875,10.640000343322754,12.770000457763672,0.010050080414582638,473200.0210796278,-538.6659041535029,472661.3551754743,13.029130936508086,0.0,True,False
2017-06-16,2432.4599609375,10.899999618530272,12.90999984741211,0.010151724953610124,473213.0505693194,-516.4388701978271,472696.6116991216,13.029489691621494,0.0,True,False
2017-06-19,2433.14990234375,10.380000114440918,12.710000038146973,0.010253372068529071,473252.5365623867,-375.47014276424227,472877.0664196225,39.48599306731117,0.0,True,False
2017-06-20,2453.4599609375,10.369999885559082,12.399999618530272,0.010253372068529071,473265.83108977386,-416.5694188204415,472849.2616709534,13.29452738714498,0.0,True,False
2017-06-21,2437.030029296875,10.859999656677246,12.6899995803833,0.010151724953610124,473279.12599062856,-371.74207497787563,472907.38391565066,13.294900854680371,0.0,True,False
2017-06-22,2435.610107421875,10.75,12.760000228881836,0.009846799063681648,473292.28946002305,-328.66454462378334,472963.62491539924,13.163469394467915,0.0,True,False
2017-06-23,2434.5,10.479999542236328,12.619999885559082,0.009541896353256259,473018.57053804485,0.0,473018.57053804485,12.768429962996414,311.6652822309985,False,False
2017-06-26,2438.300048828125,10.020000457763672,12.359999656677246,0.009643528014781815,473055.6692051688,0.0,473055.6692051688,37.098667123941105,0.0,False,False
2017-06-27,2439.070068359375,9.899999618530272,12.270000457763672,0.009948438451316958,473068.16779657564,0.0,473068.16779657564,12.498591406881243,0.0,False,False
2017-06-28,2419.3798828125,11.0600004196167,12.960000038146973,0.010050080414582638,473081.0619162701,0.0,473081.0619162701,12.894119694469328,0.0,False,False
2017-06-29,2440.68994140625,10.029999732971191,12.399999618530272,0.010151724953610124,473094.0881304395,0.0,473094.0881304395,13.026214169382175,0.0,False,False
2017-06-30,2419.699951171875,11.4399995803833,13.149999618530272,0.010355021759470935,473107.24645331455,0.0,473107.24645331455,13.158322875055468,0.0,False,False
2017-07-03,2423.409912109375,11.18000030517578,13.140000343322754,0.010253372068529071,473147.51421481103,0.0,473147.51421481103,40.26776149650683,0.0,False,False
2017-07-05,2429.010009765625,11.220000267028809,13.3100004196167,0.010558328869943914,473703.2786470087,-699.180904577567,473004.09774243116,26.58352762010228,0.0,True,False
2017-07-06,2432.5400390625,11.06999969482422,13.3100004196167,0.01045667402656539,473716.98162602965,-680.0325642734595,473036.9490617562,13.702979020951522,0.0,True,False
2017-07-07,2409.75,12.539999961853027,14.109999656677246,0.010355021759470935,473730.5530644226,-718.8806469106726,473011.67241751193,13.571438392994805,0.0,True,False
2017-07-10,2425.179931640625,11.1899995803833,13.520000457763672,0.01045667402656539,473770.8738776577,-553.0211328385976,473217.8527448191,40.320813235078695,0.0,True,False
2017-07-11,2427.429931640625,11.109999656677246,13.350000381469728,0.01045667402656539,473784.4468600008,-518.6367046761407,473265.81015532464,13.572982343077234,0.0,True,False
2017-07-12,2425.530029296875,10.890000343322754,13.15999984741211,0.01045667402656539,473798.020231194,-460.3348597295901,473337.6853714644,13.573371193173015,0.0,True,False
2017-07-13,2443.25,10.300000190734863,12.779999732971191,0.01045667402656539,473811.5939912484,-439.1311795872244,473372.4628116612,13.573760054408899,0.0,True,False
2017-07-14,2447.830078125,9.899999618530272,12.550000190734863,0.01045667402656539,473825.16814017517,-389.943637392891,473435.2245027823,13.5741489267852,0.0,True,False
2017-07-17,2459.27001953125,9.510000228881836,12.229999542236328,0.010355021759470935,473865.892920301,-317.54632066998056,473548.346599631,40.72478012584564,0.0,True,False
2017-07-18,2459.139892578125,9.81999969482422,12.279999732971191,0.010659986289736204,473879.3366497174,-316.8503058009978,473562.4863439164,13.443729416407301,0.0,True,False
2017-07-19,2460.610107421875,9.890000343322754,12.25,0.010659986289736204,473893.1767072482,-301.3217265806989,473591.85498066753,13.840057530805224,0.0,True,False
2017-07-20,2473.830078125,9.789999961853027,12.0,0.011066641735660514,473907.0171689899,-352.41108191924326,473554.60608707066,13.84046174170374,0.0,True,False
2017-07-21,2473.449951171875,9.579999923706056,12.039999961853027,0.011473338414662016,473921.38604209194,-286.8288157522836,473634.55722633965,14.368873101985606,0.0,True,False
2017-07-24,2472.5400390625,9.359999656677246,12.0600004196167,0.011575019028060856,473792.8977572759,0.0,473792.8977572759,44.693563004106544,355.999056757453,False,False
2017-07-25,2469.909912109375,9.43000030517578,12.039999961853027,0.011676702219179911,473807.9230963601,0.0,473807.9230963601,15.025339084223434,0.0,False,False
2017-07-26,2477.1298828125,9.43000030517578,12.050000190734863,0.011778387988150774,473823.08091149235,0.0,473823.08091149235,15.157815132207029,0.0,False,False
2017-07-27,2477.830078125,9.600000381469728,12.109999656677246,0.011269984920504017,473838.3712187028,0.0,473838.3712187028,15.290307210447901,0.0,False,False
2017-07-28,2475.419921875,10.109999656677246,12.420000076293944,0.011066641735660514,473853.001996079,0.0,473853.001996079,14.630777376153288,0.0,False,False
2017-07-31,2472.10009765625,10.289999961853027,12.579999923706056,0.01076164628607375,473896.1050090185,0.0,473896.1050090185,43.10301293948824,0.0,False,False
2017-08-01,2470.300048828125,10.260000228881836,12.470000267028809,0.010659986289736204,474434.9873052541,-694.9097552990198,473740.07754995505,13.97254093656835,0.0,True,False
2017-08-02,2476.35009765625,10.09000015258789,12.399999618530272,0.01076164628607375,474448.84359104483,-685.0004980092979,473763.8430930355,13.856285790712116,0.0,True,False
2017-08-03,2477.570068359375,10.279999732971191,12.5600004196167,0.01076164628607375,474462.83242914523,-692.016331370927,473770.8160977743,13.988838100404369,0.0,True,False
2017-08-04,2472.159912109375,10.4399995803833,12.739999771118164,0.01076164628607375,474476.82167969807,-655.7612717073727,473821.0604079907,13.989250552861662,0.0,True,False
2017-08-07,2476.830078125,10.029999732971191,12.75,0.01076164628607375,474518.79190619313,-555.719957599614,473963.07194859354,41.970226495067436,0.0,True,False
2017-08-08,2480.909912109375,9.93000030517578,12.65999984741211,0.010253372068529071,474532.78280667745,-532.0468570956695,474000.7359495818,13.990900484303546,0.0,True,False
2017-08-09,2474.919921875,10.960000038146973,13.199999809265137,0.010558328869943914,474546.1132985179,-588.0686972274364,473958.0446012904,13.330491840459155,0.0,True,False
2017-08-10,2474.02001953125,11.109999656677246,13.489999771118164,0.010558328869943914,474559.8406585091,-576.6818228523522,473983.15883565677,13.72735999120942,0.0,True,False
2017-08-11,2438.2099609375,16.040000915527344,16.209999084472656,0.01045667402656539,474573.56841559644,-1013.8792681915551,473559.68914740486,13.727757087312511,0.0,True,False
2017-08-14,2441.320068359375,15.510000228881836,16.389999389648438,0.010253372068529071,474614.35751994717,-871.0050425127864,473743.3524774344,40.78910435071171,0.0,True,False
2017-08-15,2465.840087890625,12.329999923706056,13.920000076293944,0.010253372068529071,474627.6903033702,-512.353096999617,474115.33720637055,13.33278342302,0.0,True,False
2017-08-16,2464.610107421875,12.039999961853027,13.899999618530272,0.010355021759470935,474641.0234613354,-444.3912807751199,474196.63218056026,13.333157965237252,0.0,True,False
2017-08-17,2468.110107421875,11.739999771118164,13.579999923706056,0.010151724953610124,474654.4891814572,-389.4683910753943,474265.0207903818,13.465720121819418,0.0,True,False
2017-08-18,2430.010009765625,15.550000190734863,16.139999389648438,0.009948438451316958,474667.69090428454,-739.2087729086372,473928.4821313759,13.201722827325018,0.0,True,False
2017-08-21,2425.550048828125,14.260000228881836,15.649999618530272,0.010151724953610124,474706.5051128506,-518.9879625569324,474187.5171502936,38.814208566061815,0.0,True,False
2017-08-22,2428.3701171875,13.1899995803833,14.989999771118164,0.010050080414582638,474719.70828241424,-391.5109881738429,474328.1972942404,13.203169563686965,0.0,True,False
2017-08-23,2452.510009765625,11.350000381469728,13.630000114440918,0.010050080414582638,474524.38896343356,0.0,474524.38896343356,13.071334044666997,316.5191022736398,False,False
2017-08-24,2444.0400390625,12.25,14.329999923706056,0.009948438451316958,474537.45491939085,0.0,474537.45491939085,13.065955957304645,0.0,False,False
2017-08-25,2438.969970703125,12.229999542236328,14.390000343322754,0.010151724953610124,474550.38908651465,0.0,474550.38908651465,12.934167123818385,0.0,False,False
2017-08-28,2443.050048828125,11.279999732971191,13.989999771118164,0.010253372068529071,474589.9866702056,0.0,474589.9866702056,39.59758369093216,0.0,False,False
2017-08-29,2444.239990234375,11.31999969482422,13.989999771118164,0.009846799063681648,474603.318769007,0.0,474603.318769007,13.332098801376574,0.0,False,False
2017-08-30,2446.300048828125,11.699999809265137,14.119999885559082,0.010253372068529071,474616.1225677818,0.0,474616.1225677818,12.803798774794078,0.0,False,False
2017-08-31,2457.590087890625,11.220000267028809,14.140000343322754,0.010253372068529071,474629.4554007882,0.0,474629.4554007882,13.332833006434697,0.0,False,False
2017-09-01,2471.64990234375,10.59000015258789,13.800000190734863,0.010050080414582638,474642.7886083383,0.0,474642.7886083383,13.333207550044838,0.0,False,False
2017-09-05,2476.550048828125,10.130000114440918,13.59000015258789,0.010151724953610124,475340.42802434624,-815.3603925220768,474525.0676318242,52.27902348591837,0.0,True,False
2017-09-06,2457.85009765625,12.229999542236328,14.579999923706056,0.010253372068529071,475353.64882541826,-927.1510510211006,474426.49777439714,13.22080107199923,0.0,True,False
2017-09-07,2465.5400390625,11.630000114440918,14.399999618530272,0.010659986289736204,475367.0023768832,-869.402801796618,474497.59957508655,13.353551464918004,0.0,True,False
2017-09-08,2465.10009765625,11.550000190734863,14.31999969482422,0.01045667402656539,475380.8858829834,-821.6353249354303,474559.25055804796,13.883506100215627,0.0,True,False
2017-09-11,2461.429931640625,12.119999885559082,14.6899995803833,0.010355021759470935,475421.7443754303,-777.5247026401049,474644.21967279015,40.858492446916344,0.0,True,False
2017-09-12,2488.110107421875,10.729999542236328,13.859999656677246,0.010558328869943914,475435.2322448582,-707.0291638198842,474728.2030810383,13.48786942793246,0.0,True,False
2017-09-13,2496.47998046875,10.579999923706056,13.5600004196167,0.010355021759470935,475448.9853247015,-701.1792218285467,474747.806102873,13.753079843315216,0.0,True,False
2017-09-14,2498.3701171875,10.5,13.229999542236328,0.010355021759470935,475462.47396696405,-650.9661479593507,474811.5078190047,13.488642262518194,0.0,True,False
2017-09-15,2495.6201171875,10.4399995803833,13.15999984741211,0.01045667402656539,475475.9629919037,-578.2513075660065,474897.7116843377,13.489024939683784,0.0,True,False
2017-09-18,2500.22998046875,10.170000076293944,12.960000038146973,0.01045667402656539,475516.8296561292,-454.72350117756434,475062.1061549516,40.86666422548814,0.0,True,False
2017-09-19,2503.8701171875,10.149999618530272,12.6899995803833,0.010558328869943914,475530.45265806664,-435.7190732793103,475094.73358478735,13.623001937483764,0.0,True,False
2017-09-20,2506.64990234375,10.18000030517578,12.729999542236328,0.01045667402656539,475544.2084923839,-420.4230464795603,475123.7854459043,13.75583431723038,0.0,True,False
2017-09-21,2508.239990234375,9.779999732971191,12.65999984741211,0.010355021759470935,475557.83227869304,-338.8059114676177,475219.0263672254,13.623786309173854,0.0,True,False
2017-09-22,2500.60009765625,9.670000076293944,12.65999984741211,0.010355021759470935,475313.98298488837,0.0,475313.98298488837,13.49173028598459,388.01936843142227,False,False
2017-09-25,2502.219970703125,9.59000015258789,12.850000381469728,0.010253372068529071,475354.4385692115,0.0,475354.4385692115,40.455584323160174,0.0,False,False
2017-09-26,2496.659912109375,10.210000038146973,13.0600004196167,0.010558328869943914,475367.79214286176,0.0,475367.79214286176,13.353573650262353,0.0,False,False
2017-09-27,2496.840087890625,10.170000076293944,13.020000457763672,0.010659986289736204,475381.54327184183,0.0,475381.54327184183,13.751128980096647,0.0,False,False
2017-09-28,2507.0400390625,9.869999885559082,12.90999984741211,0.010659986289736204,475395.42720262153,0.0,475395.42720262153,13.883930779679813,0.0,False,False
2017-09-29,2510.06005859375,9.550000190734863,12.760000228881836,0.010558328869943914,475409.3115388935,0.0,475409.3115388935,13.884336271934663,0.0,False,False
2017-10-02,2519.360107421875,9.510000228881836,12.489999771118164,0.010558328869943914,475450.5697224385,0.0,475450.5697224385,41.2581835450426,0.0,False,False
2017-10-03,2529.1201171875,9.449999809265137,12.359999656677246,0.010151724953610124,476158.81741845753,-864.4941725032016,475294.32324595435,13.753523515848194,0.0,True,False
2017-10-04,2534.580078125,9.510000228881836,12.3100004196167,0.010659986289736204,476172.06098166533,-870.1742688979085,475301.8867127674,13.243563207809872,0.0,True,False
2017-10-05,2537.739990234375,9.630000114440918,12.380000114440918,0.01076164628607375,476185.9680002012,-878.349752618512,475307.6182475827,13.907018535859326,0.0,True,False
2017-10-06,2552.070068359375,9.1899995803833,12.18000030517578,0.010659986289736204,476200.00805636746,-922.0856987220732,475277.9223576454,14.040056166267957,0.0,True,False
2017-10-09,2549.330078125,9.649999618530272,12.4399995803833,0.010659986289736204,476241.73277921363,-833.1929675698167,475408.53981164383,41.724722846206866,0.0,True,False
2017-10-10,2544.72998046875,10.329999923706056,12.729999542236328,0.010659986289736204,476255.64183257485,-846.3959339147625,475409.2458986601,13.909053361207821,0.0,True,False
2017-10-11,2550.639892578125,10.079999923706056,12.470000267028809,0.01076164628607375,476269.55129216204,-814.1137429936255,475455.4375491684,13.90945958718948,0.0,True,False
2017-10-12,2555.239990234375,9.850000381469728,12.239999771118164,0.01096497400890528,476283.59381273127,-775.5168813286747,475508.0769314026,14.042520569237704,0.0,True,False
2017-10-13,2550.929931640625,9.90999984741211,12.260000228881836,0.01086330885908627,476297.9020748449,-690.0374180118052,475607.8646568331,14.30826211366741,0.0,True,False
2017-10-16,2553.169921875,9.609999656677246,11.979999542236328,0.01086330885908627,476340.4314081631,-521.5880340945832,475818.8433740685,42.52933331819935,0.0,True,False
2017-10-17,2557.639892578125,9.90999984741211,11.9399995803833,0.011066641735660514,476354.60869647603,-566.7067596787081,475787.9019367973,14.177288312905999,0.0,True,False
2017-10-18,2559.360107421875,10.3100004196167,12.050000190734863,0.01086330885908627,476369.05178061686,-607.6706095151226,475761.38117110176,14.44308414083883,0.0,True,False
2017-10-19,2561.260009765625,10.06999969482422,11.920000076293944,0.01086330885908627,476383.229920756,-539.1048324632226,475844.1250882928,14.178140139131836,0.0,True,False
2017-10-20,2562.10009765625,10.050000190734863,11.960000038146973,0.01096497400890528,476397.4084828782,-495.91022209637174,475901.4982607818,14.178562122165902,0.0,True,False
2017-10-23,2575.2099609375,9.970000267028809,11.850000381469728,0.011066641735660514,476440.34481654625,-487.04971661724795,475953.295099929,42.93633366805161,0.0,True,False
2017-10-24,2564.97998046875,11.06999969482422,12.550000190734863,0.01096497400890528,476454.7905002085,-505.478057686702,475949.3124425218,14.445683662232087,0.0,True,False
2017-10-25,2569.1298828125,11.15999984741211,12.670000076293944,0.011168312039483508,476469.1039053233,-512.3503182472691,475956.75358707603,14.313405114831502,0.0,True,False
2017-10-26,2557.14990234375,11.229999542236328,12.949999809265137,0.011168312039483508,476142.33105718193,0.0,476142.33105718193,14.579279567527756,353.1420447942819,False,False
2017-10-27,2560.39990234375,11.300000190734863,12.93000030517578,0.011066641735660514,476156.90033796325,0.0,476156.90033796325,14.569280781312488,0.0,False,False
2017-10-30,2581.070068359375,9.800000190734863,12.229999542236328,0.01096497400890528,476200.21292002994,0.0,476200.21292002994,43.31258206667153,0.0,False,False
2017-10-31,2572.830078125,10.5,12.56999969482422,0.011168312039483508,476834.67259883403,-790.1539215755338,476044.5186772585,14.305757228587302,0.0,True,False
2017-11-01,2575.260009765625,10.18000030517578,12.380000114440918,0.011473338414662016,476849.2630642857,-728.8993914439789,476120.3636728417,14.5904654516494,0.0,True,False
2017-11-02,2579.360107421875,10.199999809265137,12.56999969482422,0.011778387988150774,476864.2524860852,-741.8800625437302,476122.3724235415,14.989421799560066,0.0,True,False
2017-11-03,2579.85009765625,9.93000030517578,12.68000030517578,0.011676702219179911,476879.6409321359,-696.1004099213513,476183.54052221455,15.388446050720844,0.0,True,False
2017-11-06,2587.840087890625,9.140000343322754,12.420000076293944,0.011778387988150774,476925.4106481109,-545.0496739704678,476380.36097414047,45.76971597497131,0.0,True,False
2017-11-07,2591.1298828125,9.399999618530272,12.56999969482422,0.011880076335103261,476940.8010677402,-563.42919192701,476377.3718758132,15.390419629306336,0.0,True,False
2017-11-08,2590.639892578125,9.890000343322754,12.760000228881836,0.012185156845161282,476956.3248631797,-582.8697862440026,476373.4550769357,15.523795439532496,0.0,True,False
2017-11-09,2594.3798828125,9.779999732971191,12.880000114440918,0.012286855505349794,476972.2478347911,-563.2679170727018,476408.9799177184,15.922971611402133,0.0,True,False
2017-11-10,2584.6201171875,10.5,13.140000343322754,0.012388556744173626,476988.3042395308,-548.9278090878503,476439.37643044296,16.056404739752793,0.0,True,False
2017-11-13,2582.300048828125,11.289999961853027,13.609999656677246,0.012286855505349794,477036.87545212166,-521.3482091670545,476515.5272429546,48.57121259085239,0.0,True,False
2017-11-14,2584.840087890625,11.5,13.75,0.012388556744173626,477052.9340324328,-521.9568913574451,476530.97714107536,16.0585803111533,0.0,True,False
2017-11-15,2578.8701171875,11.59000015258789,13.93000030517578,0.012591966958252128,477069.1260807635,-463.5683285414845,476605.55775222206,16.192048330759164,0.0,True,False
2017-11-16,2564.6201171875,13.130000114440918,14.65999984741211,0.012490260561764442,477085.5845528021,-573.558979599031,476512.02557320305,16.45847203853213,0.0,True,False
2017-11-17,2585.639892578125,11.760000228881836,13.960000038146973,0.012693675933768366,477101.91064929345,-431.3651072623773,476670.54554203106,16.32609649137747,0.0,True,False
2017-11-20,2578.85009765625,11.43000030517578,13.800000190734863,0.012795387488443062,476884.18696544634,0.0,476884.18696544634,49.77939433492016,352.65084339348516,False,False
2017-11-21,2582.139892578125,10.649999618530272,13.279999732971191,0.012998818335792863,476900.9048419246,0.0,476900.9048419246,16.717876478255867,0.0,False,False
2017-11-22,2599.030029296875,9.729999542236328,12.550000190734863,0.012998818335792863,476917.8891120979,0.0,476917.8891120979,16.984270173322944,0.0,False,False
2017-11-24,2597.080078125,9.880000114440918,12.4399995803833,0.012897101622407918,476951.85946709116,0.0,476951.85946709116,33.970354993264124,0.0,False,False
2017-11-27,2602.419921875,9.670000076293944,12.420000076293944,0.012795387488443062,477002.42074907833,0.0,477002.42074907833,50.56128198717821,0.0,False,False
2017-11-28,2601.419921875,9.869999885559082,12.56999969482422,0.012693675933768366,477019.14277041575,0.0,477019.14277041575,16.722021337415264,0.0,False,False
2017-11-29,2627.0400390625,10.029999732971191,12.270000457763672,0.012998818335792863,477035.7324463169,0.0,477035.7324463169,16.589675901145842,0.0,False,False
2017-11-30,2626.070068359375,10.699999809265137,12.81999969482422,0.012897101622407918,477052.7215182183,0.0,477052.7215182183,16.989071901389657,0.0,False,False
2017-12-01,2647.580078125,11.279999732971191,13.039999961853027,0.012693675933768366,477069.5782473402,0.0,477069.5782473402,16.856729121915766,0.0,False,False
2017-12-04,2642.219970703125,11.43000030517578,13.279999732971191,0.012693675933768366,477119.3542682085,0.0,477119.3542682085,49.77602086826514,0.0,False,False
2017-12-05,2639.43994140625,11.68000030517578,13.550000190734863,0.012998818335792863,477759.5947311754,-793.6473019304248,476965.947429245,16.593161036480865,0.0,True,False
2017-12-06,2629.570068359375,11.329999923706056,13.539999961853027,0.012998818335792863,477776.60958258883,-691.9720980171508,477084.63748457166,17.014851413421386,0.0,True,False
2017-12-07,2629.27001953125,11.020000457763672,13.449999809265137,0.012998818335792863,477793.62503996637,-633.7430138057558,477159.8820261606,17.01545737753349,0.0,True,False
2017-12-08,2636.97998046875,10.15999984741211,12.93000030517578,0.012897101622407918,477810.6411033296,-533.1504217284762,477277.4906816011,17.0160633632263,0.0,True,False
2017-12-11,2651.5,9.579999923706056,12.460000038146973,0.012795387488443062,477861.29342406546,-429.07653967357317,477432.2168843919,50.65232073587662,0.0,True,False
2017-12-12,2659.989990234375,9.34000015258789,12.279999732971191,0.013303983953780121,477878.04555444757,-408.88714680066397,477469.15840764693,16.752130382092027,0.0,True,False
2017-12-13,2664.110107421875,9.920000076293944,12.479999542236328,0.013405710986155586,477895.4641783319,-459.80607410993485,477435.658104222,17.41862388432588,0.0,True,False
2017-12-14,2662.85009765625,10.18000030517578,12.5,0.012998818335792863,477913.0166334695,-445.0492523678963,477467.9673811016,17.552455137587874,0.0,True,False
2017-12-15,2652.010009765625,10.489999771118164,12.800000190734863,0.013202259501348118,477930.03694882523,-402.2521991391495,477527.7847496861,17.020315355746956,0.0,True,False
2017-12-18,2675.81005859375,9.420000076293944,12.079999923706056,0.013100537628729612,478080.31636835344,-581.7506403720965,477498.56572798133,51.86382513646874,310.31225595009363,True,False
2017-12-19,2690.159912109375,9.529999732971191,12.06999969482422,0.01381264491771495,478097.475879512,-648.1237017085479,477449.35217780346,17.159511158571316,0.0,True,False
2017-12-20,2681.469970703125,10.029999732971191,12.510000228881836,0.013710907564255062,478115.5687990329,-616.7713017817863,477498.79749725113,18.09291952088803,0.0,True,False
2017-12-21,2679.25,9.720000267028809,12.369999885559082,0.01381264491771495,478133.52913189394,-495.5298007153007,477637.99933117867,17.960332861038626,0.0,True,False
2017-12-22,2684.570068359375,9.619999885559082,12.350000381469728,0.013507440598606275,478151.62341579894,-451.3870693242036,477700.23634647473,18.094283904986927,0.0,True,False
2017-12-26,2683.340087890625,9.899999618530272,12.489999771118164,0.013303983953780121,478222.4078837126,-281.235024478634,477941.172859234,70.78446791367887,0.0,True,False
2017-12-27,2680.5,10.25,12.619999885559082,0.01472839724149434,478239.8390595816,-277.640155196812,477962.19890438474,17.431175868978027,0.0,True,False
2017-12-28,2682.6201171875,10.470000267028809,12.649999618530272,0.014423123235623505,478259.13727448933,-271.14870200378124,477987.98857248557,19.298214907734746,0.0,True,False
2017-12-29,2687.5400390625,10.18000030517578,12.760000228881836,0.013914384851773634,478084.9647585368,0.0,478084.9647585368,18.89897744031026,218.67914697923166,False,False
2018-01-02,2673.610107421875,11.039999961853027,13.09000015258789,0.013914384851773634,478767.3280337848,-779.4562570917822,477987.87177669303,72.90701815626132,0.0,True,False
2018-01-03,2695.81005859375,9.770000457763672,12.609999656677246,0.014423123235623505,478785.5797593648,-754.5135239577024,478031.0662354071,18.25172557994598,0.0,True,False
2018-01-04,2713.06005859375,9.149999618530272,12.31999969482422,0.014117872462209299,478804.4995398047,-805.4634256405667,477999.03611416416,18.91978043991834,0.0,True,False
2018-01-05,2723.989990234375,9.220000267028809,12.239999771118164,0.014117872462209299,478823.01962635294,-903.000743701843,477920.0188826511,18.52008654826058,0.0,True,False
2018-01-08,2743.14990234375,9.220000267028809,12.0600004196167,0.013914384851773634,478878.58418423356,-1056.1977437434382,477822.38644049014,55.56455788064428,0.0,True,False
2018-01-09,2747.7099609375,9.520000457763672,12.149999618530272,0.014524878656021945,478896.84015115706,-1143.432513083069,477753.407638074,18.25596692351345,0.0,True,False
2018-01-10,2751.2900390625,10.079999923706056,12.40999984741211,0.014423123235623505,478915.897841284,-1262.116132962679,477653.7817083213,19.057690126940717,0.0,True,False
2018-01-11,2748.22998046875,9.81999969482422,12.359999656677246,0.014219620138848145,478934.8227713976,-1109.1597911638519,477825.6629802337,18.924930113595863,0.0,True,False
2018-01-12,2767.56005859375,9.880000114440918,12.15999984741211,0.014321370396609526,478953.48141224583,-1478.7220009897314,477474.7594112561,18.658640848254922,0.0,True,False
2018-01-16,2786.239990234375,10.15999984741211,12.199999809265137,0.014321370396609526,479028.6573958899,-1816.613039563033,477212.04435632686,75.17598364410124,0.0,True,False
2018-01-17,2776.419921875,11.65999984741211,13.229999542236328,0.014524878656021945,479047.453235406,-1765.174640120478,477282.27859528555,18.795839516098013,0.0,True,False
2018-01-18,2802.56005859375,11.90999984741211,13.25,0.014423123235623505,479066.5169191776,-2472.096339784647,476594.420579393,19.06368377160075,0.0,True,False
2018-01-19,2798.030029296875,12.220000267028809,13.579999923706056,0.014524878656021945,479085.4478011828,-2341.206217795451,476744.24158338737,18.930882005223932,0.0,True,False
2018-01-22,2810.300048828125,11.270000457763672,13.039999961853027,0.014423123235623505,479142.6456646041,-2453.887187436657,476688.75847716746,57.19786342128033,0.0,True,False
2018-01-23,2832.969970703125,11.029999732971191,12.989999771118164,0.014524878656021945,479161.57955492707,-3241.4218848901173,475920.15767003695,18.9338903229543,0.0,True,False
2018-01-24,2839.1298828125,11.100000381469728,13.220000267028809,0.014423123235623505,479180.64778035326,-3514.722343338606,475665.92543701467,19.0682254261919,0.0,True,False
2018-01-25,2837.5400390625,11.470000267028809,13.529999732971191,0.014321370396609526,479199.5831723749,-3427.9956014217673,475771.5875709532,18.93539202166166,0.0,True,False
2018-01-26,2839.25,11.579999923706056,13.68000030517578,0.014219620138848145,475717.81153266854,0.0,475717.81153266854,18.802546199329537,-2891.117928813988,False,False
2018-01-29,2872.8701171875,11.079999923706056,13.460000038146973,0.014117872462209299,475773.4136303611,0.0,475773.4136303611,55.60209769254626,0.0,False,False
2018-01-30,2853.530029296875,13.84000015258789,14.989999771118164,0.014524878656021945,476367.1882673912,-745.3717924322166,475621.81647495896,18.402844597877777,0.0,True,False
2018-01-31,2822.429931640625,14.789999961853027,15.829999923706056,0.014423123235623505,476386.14529007225,-742.9818512310834,475643.1634388412,18.95702268107779,0.0,True,False
2018-02-01,2823.81005859375,13.539999961853027,14.899999618530272,0.014626636657934929,476404.9702540113,-593.8048896427534,475811.1653643685,18.824963939050036,0.0,True,False
2018-02-02,2821.97998046875,13.470000267028809,14.720000267028809,0.014830160406830283,476424.061602017,-558.6543849929324,475865.40721702407,19.091348005749495,0.0,True,False
2018-02-05,2762.1298828125,17.309999465942383,17.030000686645508,0.014830160406830283,476482.1372942011,-879.616844113054,475602.5204500881,58.07569218411685,0.0,True,True
2018-02-06,2648.93994140625,37.31999969482422,28.1299991607666,0.015135465394811011,476501.497431415,-2727.498472814681,473773.99895860034,19.360137213876158,0.0,True,True
2018-02-07,2695.139892578125,29.979999542236328,23.75,0.015237238888565052,476521.25694226054,-2074.298880354296,474446.9580619063,19.759510845539864,0.0,True,True
2018-02-08,2681.659912109375,27.729999542236328,23.030000686645508,0.015542574864945027,476541.1501471515,-1954.9817382107851,474586.1684089407,19.8932048909698,0.0,True,True
2018-02-09,2581.0,33.459999084472656,27.329999923706055,0.015542574864945027,476561.44284359436,-2912.931860976464,473648.5109826179,20.29269644284789,0.0,True,True
2018-02-12,2619.550048828125,29.059999465942383,24.920000076293945,0.015542574864945027,476622.3261178505,-2423.082462821353,474199.24365502916,60.88327425612572,0.0,True,True
2018-02-13,2656.0,25.61000061035156,22.86000061035156,0.01635691778921983,476642.62227103434,-1938.2062463319248,474704.4160247024,20.29615318384778,0.0,True,True
2018-02-14,2662.93994140625,24.969999313354492,22.649999618530273,0.015949725660284436,476663.98276112176,-1837.025094750577,474826.9576663712,21.360490087414128,0.0,True,True
2018-02-15,2698.6298828125,19.260000228881836,19.34000015258789,0.015847934086752537,476684.8124210386,-1172.3892456780043,475512.42317536054,20.829659916822347,0.0,True,False
2018-02-16,2731.199951171875,19.1299991607666,19.079999923706055,0.015847934086752537,476705.5100470482,-936.1221021140901,475769.38794493413,20.697626009648125,0.0,True,True
2018-02-20,2732.219970703125,19.459999084472656,19.170000076293945,0.016153316557528122,476788.30953837384,-863.0854664381585,475925.2240719357,82.79949132561687,0.0,True,True
2018-02-21,2716.260009765625,20.600000381469727,20.010000228881836,0.016662339016142433,476809.41058746865,-1018.3313010722884,475791.0792863964,21.101049094790163,0.0,True,True
2018-02-22,2701.330078125,20.020000457763672,20.030000686645508,0.016458722280811345,476831.1775501759,-1044.1055142209857,475787.0720359549,21.7669627072696,0.0,True,False
2018-02-23,2703.9599609375,18.719999313354492,19.059999465942383,0.01635691778921983,475943.05381574377,0.0,475943.05381574377,21.501942115186406,-334.2538841151585,False,False
2018-02-26,2747.300048828125,16.489999771118164,17.5,0.01635691778921983,476007.0441012271,0.0,476007.0441012271,63.99028548331168,0.0,False,False
2018-02-27,2779.60009765625,15.800000190734863,16.920000076293945,0.01676415126014437,476028.3761082109,0.0,476028.3761082109,21.33200698380233,0.0,False,False
2018-02-28,2744.280029296875,18.59000015258789,19.020000457763672,0.016662339016142433,476050.24020400894,0.0,476050.24020400894,21.86409579807113,0.0,False,False
2018-03-01,2713.830078125,19.850000381469727,19.88999938964844,0.016560529356408785,476071.972509612,0.0,476071.972509612,21.73230560307178,0.0,False,False
2018-03-02,2677.669921875,22.469999313354492,21.420000076293945,0.016255115881502177,476093.5730102504,0.0,476093.5730102504,21.600500638405066,0.0,False,True
2018-03-05,2691.25,19.59000015258789,19.86000061035156,0.016458722280811345,476157.18511873786,0.0,476157.18511873786,63.612108487450065,0.0,False,False
2018-03-06,2720.93994140625,18.729999542236328,19.209999084472656,0.016967783501476128,476270.6130714053,-261.956403166963,476008.65666823834,21.471549500506065,0.0,True,False
2018-03-07,2728.1201171875,18.36000061035156,19.239999771118164,0.01676415126014437,476292.7540152153,-248.3483006750421,476044.4057145403,22.140943809979753,0.0,True,False
2018-03-08,2726.800048828125,17.760000228881836,18.84000015258789,0.01676415126014437,476314.63025395316,-221.94533907343165,476092.68491487973,21.876238737811185,0.0,True,False
2018-03-09,2738.969970703125,16.540000915527344,18.18000030517578,0.016662339016142433,476336.5074974718,-187.9565025501859,476148.55099492165,21.877243518625672,0.0,True,False
2018-03-12,2786.570068359375,14.640000343322754,17.010000228881836,0.016662339016142433,476401.74659784953,-140.75137532314247,476260.99522252637,65.23910037770865,0.0,True,False
2018-03-13,2783.02001953125,15.779999732971191,17.799999237060547,0.017069603499068373,476423.49495017144,-155.48773218415442,476268.00721798727,21.748352321941418,0.0,True,False
2018-03-14,2765.31005859375,16.350000381469727,18.049999237060547,0.017273251248762632,476445.7759099483,-151.32850246019783,476294.44740748807,22.280959776835463,0.0,True,False
2018-03-15,2749.47998046875,17.229999542236328,18.780000686645508,0.017578742261546272,476468.32375194674,-158.26079296468498,476310.0629589821,22.547841998477708,0.0,True,False
2018-03-16,2747.330078125,16.59000015258789,18.209999084472656,0.017680577769863457,476491.2714657916,-139.96837770569113,476351.30308808596,22.94771384490737,0.0,True,False
2018-03-19,2752.010009765625,15.800000190734863,17.739999771118164,0.017782415863761357,476560.5201217788,-114.59632464763156,476445.92379713117,69.24865598720545,0.0,True,False
2018-03-20,2712.919921875,19.020000457763672,19.3799991607666,0.017986099808822733,476583.7382143494,-153.09334369039507,476430.644870659,23.21809257056683,0.0,True,False
2018-03-21,2716.93994140625,18.200000762939453,18.8799991607666,0.018087945660248832,476607.2234030741,-134.77899470946696,476472.4444083646,23.48518872471779,0.0,True,False
2018-03-22,2711.929931640625,17.860000610351562,18.709999084472656,0.017375079001127135,476630.8427432634,-126.64956801094279,476504.19317525247,23.619340189321907,0.0,True,False
2018-03-23,2643.68994140625,23.34000015258789,21.65999984741211,0.01717142608145376,476653.53232041973,-240.96602752503165,476412.5662928947,22.689577156339112,0.0,True,True
2018-03-26,2588.260009765625,24.8700008392334,22.790000915527344,0.017375079001127135,476720.80956841644,-300.59819936591776,476420.21136905055,67.2772479966833,0.0,True,True
2018-03-27,2658.550048828125,21.030000686645508,20.700000762939453,0.01788425654337038,476743.50342836155,-151.75184311233022,476591.7515852492,22.69385994510929,0.0,True,True
2018-03-28,2612.6201171875,22.5,21.940000534057617,0.017680577769863457,476766.8634612586,-193.67224990479068,476573.1912113538,23.360032897024674,0.0,True,True
2018-03-29,2605.0,22.8700008392334,22.309999465942383,0.017273251248762632,476789.9585784459,-195.25840679122274,476594.7001716547,23.095117187322828,0.0,True,True
2018-04-02,2640.8701171875,19.969999313354492,20.549999237060547,0.017273251248762632,476766.6644514836,0.0,476766.6644514836,90.26292920484887,-21.600653000226583,False,False
2018-04-03,2581.8798828125,23.6200008392334,22.56999969482422,0.017680577769863457,476789.22747956304,0.0,476789.22747956304,22.563028079453744,0.0,False,True
2018-04-04,2614.449951171875,21.100000381469727,21.020000457763672,0.017476909338677626,476812.3236800883,0.0,476812.3236800883,23.096200525245624,0.0,False,True
2018-04-05,2644.68994140625,20.059999465942383,20.420000076293945,0.017069603499068373,477252.61429371394,-587.4593663359976,476665.15492737794,22.83124728969102,0.0,True,False
2018-04-06,2662.840087890625,18.940000534057617,19.61000061035156,0.01717142608145376,477274.93402902334,-531.7441045399166,476743.1899244834,22.3197353094015,0.0,True,False
2018-04-09,2604.469970703125,21.489999771118164,21.200000762939453,0.017273251248762632,477342.2989847449,-537.4001888470555,476804.89879589784,67.36495572152019,0.0,True,True
2018-04-10,2613.159912109375,21.770000457763672,21.229999542236328,0.017578742261546272,477364.8892547838,-538.6971674275147,476826.1920873563,22.590270038898247,0.0,True,True
2018-04-11,2656.8701171875,20.469999313354492,20.399999618530273,0.017375079001127135,477387.8801491038,-509.9279410551847,476877.9522080486,22.990894320033835,0.0,True,True
2018-04-12,2642.18994140625,20.239999771118164,20.3700008392334,0.017273251248762632,477410.60576433636,-443.59719675603725,476967.0085675803,22.72561523253911,0.0,True,False
2018-04-13,2663.989990234375,18.489999771118164,19.280000686645508,0.017476909338677626,477433.19926700013,-357.1544733029479,477076.0447936972,22.593502663787643,0.0,True,False
2018-04-16,2656.300048828125,17.40999984741211,18.549999237060547,0.017578742261546272,477501.7854812087,-240.42803895034152,477261.35744225833,68.58621420857233,0.0,True,False
2018-04-17,2677.840087890625,16.559999465942383,17.81999969482422,0.01788425654337038,477379.78858040675,-245.4725739807821,477134.31600642594,22.99748752943275,196.99240402380138,True,False
2018-04-18,2706.389892578125,15.25,16.799999237060547,0.017986099808822733,477403.179790744,-196.38907122060084,477206.7907195234,23.391210337255693,0.0,True,False
2018-04-19,2708.639892578125,15.600000381469728,16.799999237060547,0.018087945660248832,477426.7053600745,-198.7648563578513,477227.9405037167,23.525569330532445,0.0,True,False
2018-04-20,2693.1298828125,15.960000038146973,17.1200008392334,0.0181897940977809,477450.36531153065,-185.9351956909346,477264.4301158397,23.659951456149134,0.0,True,False
2018-04-23,2670.139892578125,16.8799991607666,17.719999313354492,0.018087945660248832,477521.7519395426,-174.71992746570834,477347.0320120769,71.38662801193752,0.0,True,False
2018-04-24,2670.2900390625,16.34000015258789,17.350000381469727,0.01869907508162039,477545.41660124523,-150.4246604931448,477394.9919407521,23.66466170262475,0.0,True,False
2018-04-25,2634.56005859375,18.020000457763672,18.229999542236328,0.01869907508162039,477569.88204326865,-203.42335953433047,477366.4586837343,24.46544202340513,0.0,True,False
2018-04-26,2639.39990234375,17.84000015258789,18.229999542236328,0.018495354928323236,477594.3487386971,-181.0152676032453,477413.33347109385,24.466695428489952,0.0,True,False
2018-04-27,2666.93994140625,16.239999771118164,17.290000915527344,0.0181897940977809,477485.60152944346,0.0,477485.60152944346,24.201372044616466,-57.47600731753402,False,False
2018-04-30,2669.909912109375,15.40999984741211,17.079999923706055,0.018087945660248832,477556.9934258455,0.0,477556.9934258455,71.39189640204347,0.0,False,False
2018-05-01,2648.050048828125,15.93000030517578,17.34000015258789,0.01869907508162039,477748.9424253593,-338.2825913401702,477410.6598340191,23.666408173540198,0.0,True,False
2018-05-02,2654.800048828125,15.489999771118164,16.90999984741211,0.018495354928323236,477773.4182943475,-305.8520357704636,477467.566258577,24.47586898820686,0.0,True,False
2018-05-03,2635.669921875,15.970000267028809,17.260000228881836,0.01839349873168653,477797.62874047126,-304.60865722954765,477493.0200832417,24.2104461238002,0.0,True,False
2018-05-04,2629.72998046875,15.899999618530272,17.030000686645508,0.018291645121549835,477821.7070733994,-286.20860636330957,477535.49846703606,24.078332928152523,0.0,True,False
2018-05-07,2663.419921875,14.770000457763672,16.649999618530273,0.018291645121549835,477893.54928274296,-224.84963113857157,477668.6996516044,71.84220934357056,0.0,True,False
2018-05-08,2672.6298828125,14.75,16.649999618530273,0.018597213711590434,477917.4990861626,-218.47477600118214,477699.0243101614,23.94980341963873,0.0,True,False
2018-05-09,2671.919921875,14.710000038146973,16.479999542236328,0.01869907508162039,477941.85021026287,-202.97812465810355,477738.87208560476,24.35112410028603,0.0,True,False
2018-05-10,2697.7900390625,13.420000076293944,15.779999732971191,0.018800939038543605,477966.33596223616,-171.28605552393995,477795.0499067122,24.485751973287133,0.0,True,False
2018-05-11,2723.070068359375,13.229999542236328,15.239999771118164,0.018902805582492365,477990.95636603417,-184.7354837852364,477806.22088224895,24.620403798020185,0.0,True,False
2018-05-14,2727.719970703125,12.649999618530272,14.81999969482422,0.019106546431990376,478065.225451354,-136.50749718915176,477928.71795416484,74.26908531981368,0.0,True,False
2018-05-15,2730.1298828125,12.93000030517578,14.529999732971191,0.01931029763116581,478090.251244515,-137.40911412076298,477952.84213039425,25.025793160998035,0.0,True,False
2018-05-16,2711.449951171875,14.630000114440918,15.789999961853027,0.019208420737802476,478115.54524249106,-157.65772725321068,477957.88751523785,25.293997976053205,0.0,True,False
2018-05-17,2722.4599609375,13.420000076293944,15.140000343322754,0.019106546431990376,478140.7071225244,-124.54122199080564,478016.16590053355,25.161880033329158,0.0,True,False
2018-05-18,2720.1298828125,13.43000030517578,15.020000457763672,0.019106546431990376,478165.7368670054,-115.38662479403776,478050.35024221137,25.029744481005412,0.0,True,False
2018-05-21,2712.969970703125,13.420000076293944,15.1899995803833,0.019004674713597184,478240.83396227605,-95.2469769125945,478145.58698536345,75.09709527066964,0.0,True,False
2018-05-22,2733.010009765625,13.079999923706056,14.6899995803833,0.01931029763116581,478265.7354639325,-94.18585400621046,478171.5496099263,24.901501656480516,0.0,True,False
2018-05-23,2724.43994140625,13.220000267028809,14.880000114440918,0.01931029763116581,478191.94486981956,0.0,478191.94486981956,25.303282201111596,69.18871502608351,False,False
2018-05-24,2733.2900390625,12.579999923706056,14.479999542236328,0.019106546431990376,478217.2442480316,0.0,478217.2442480316,25.29937821199388,0.0,False,False
2018-05-25,2727.760009765625,12.529999732971191,14.43000030517578,0.019004674713597184,478242.27799908357,0.0,478242.27799908357,25.033751052013105,0.0,False,False
2018-05-29,2721.330078125,13.220000267028809,14.829999923706056,0.018902805582492365,478341.89208633255,0.0,478341.89208633255,99.61408724898047,0.0,False,False
2018-05-30,2689.860107421875,17.020000457763672,17.1299991607666,0.01931029763116581,478366.66534093,0.0,478366.66534093,24.77325459742779,0.0,False,False
2018-05-31,2724.010009765625,14.9399995803833,16.0,0.01931029763116581,478391.97396295995,0.0,478391.97396295995,25.30862202993649,0.0,False,False
2018-06-01,2705.27001953125,15.43000030517578,16.329999923706055,0.019208420737802476,478417.28392397607,0.0,478417.28392397607,25.30996101610644,0.0,False,False
2018-06-04,2734.6201171875,13.460000038146973,15.270000457763672,0.019106546431990376,478492.82117823174,0.0,478492.82117823174,75.53725425566375,0.0,False,False
2018-06-05,2746.8701171875,12.739999771118164,14.899999618530272,0.01941217711221094,478778.933254228,-431.0638990230589,478347.8693552049,25.048176973180286,0.0,True,False
2018-06-06,2748.800048828125,12.399999618530272,14.720000267028809,0.01941217711221094,478804.39733259595,-392.49364211671207,478411.90369047923,25.464078367993128,0.0,True,False
2018-06-07,2772.35009765625,11.640000343322754,14.1899995803833,0.01941217711221094,478829.8627652827,-369.8571068692412,478460.00565841346,25.46543268674463,0.0,True,False
2018-06-08,2770.3701171875,12.130000114440918,14.43000030517578,0.01931029763116581,478855.3295523602,-378.18934952277584,478477.1402028375,25.466787077526202,0.0,True,False
2018-06-11,2779.030029296875,12.18000030517578,14.600000381469728,0.019208420737802476,478931.33699986484,-349.76794724002815,478581.5690526248,76.00744750462316,0.0,True,False
2018-06-12,2782.0,12.350000381469728,14.550000190734863,0.01941217711221094,478956.5418127301,-345.43867220701003,478611.1031405231,25.204812865226113,0.0,True,False
2018-06-13,2786.85009765625,12.34000015258789,14.59000015258789,0.019208420737802476,478982.0153372912,-340.27456590880075,478641.74077138235,25.47352456108643,0.0,True,False
2018-06-14,2775.6298828125,12.9399995803833,14.920000076293944,0.01931029763116581,479007.22281721514,-325.93997448400626,478681.2828427311,25.207479923972265,0.0,True,False
2018-06-15,2782.489990234375,12.119999885559082,14.399999618530272,0.01931029763116581,479032.5653287868,-265.2913376140815,478767.2739911727,25.342511571642323,0.0,True,False
2018-06-18,2779.659912109375,11.979999542236328,14.420000076293944,0.01931029763116581,479108.6009084602,-197.44417857683106,478911.1567298834,76.035579673446,0.0,True,False
2018-06-19,2773.75,12.3100004196167,14.479999542236328,0.01941217711221094,479133.94878357404,-189.25027035871437,478944.69851321535,25.347875113835652,0.0,True,False
2018-06-20,2762.590087890625,13.350000381469728,15.170000076293944,0.01941217711221094,479159.4317436067,-211.10086378874024,478948.33087981795,25.482960032647163,0.0,True,False
2018-06-21,2767.320068359375,12.789999961853027,14.789999961853027,0.01931029763116581,479184.91605896235,-174.88530216987644,479010.03075679246,25.48431535562871,0.0,True,False
2018-06-22,2749.760009765625,14.640000343322754,15.869999885559082,0.01931029763116581,479210.2679716303,-231.47603557045278,478978.7919360599,25.35191266795293,0.0,True,False
2018-06-25,2754.8798828125,13.770000457763672,15.5,0.019208420737802476,479286.3317575771,-152.00679413872928,479134.3249634383,76.06378594674777,0.0,True,False
2018-06-26,2717.070068359375,17.329999923706055,17.520000457763672,0.01931029763116581,479311.55525282066,-295.04781324613003,479016.5074395745,25.223495243565196,0.0,True,False
2018-06-27,2723.06005859375,15.920000076293944,16.8700008392334,0.01931029763116581,479336.9138655029,-205.704713353889,479131.20915214904,25.358612682238522,0.0,True,False
2018-06-28,2699.6298828125,17.90999984741211,18.049999237060547,0.019208420737802476,479362.2738198162,-297.5750301135559,479064.6987897026,25.359954313230144,0.0,True,False
2018-06-29,2716.31005859375,16.850000381469727,17.520000457763672,0.019208420737802476,479165.2739140873,0.0,479165.2739140873,25.227491861283564,38.83650143288976,False,False
2018-07-02,2718.3701171875,16.09000015258789,17.139999389648438,0.019208420737802476,479240.9292684032,0.0,479240.9292684032,75.65535431592977,0.0,False,False
2018-07-03,2726.7099609375,15.600000381469728,16.950000762939453,0.01981972091584406,479865.0854310004,-768.9350567592999,479096.1503742411,25.221105837913832,0.0,True,False
2018-07-05,2713.219970703125,16.139999389648438,17.350000381469727,0.019717831082755294,479917.20219007414,-724.0912610329959,479193.11092904117,52.11675907374326,0.0,True,False
2018-07-06,2736.610107421875,14.970000267028809,16.530000686645508,0.019514059181070218,479943.1287159142,-663.1411600709657,479279.98755584325,25.926525840046068,0.0,True,False
2018-07-09,2759.820068359375,13.369999885559082,15.710000038146973,0.019615943837874208,480020.11274111405,-533.9794908485419,479486.1332502655,76.98402519983487,0.0,True,False
2018-07-10,2784.169921875,12.6899995803833,14.869999885559082,0.01981972091584406,480045.91082494194,-565.807755575766,479480.1030693662,25.798083827884234,0.0,True,False
2018-07-11,2793.840087890625,12.640000343322754,14.710000038146973,0.01981972091584406,480071.9783161808,-598.4701297802817,479473.5081864005,26.06749123888594,0.0,True,False
2018-07-12,2774.02001953125,13.630000114440918,15.380000114440918,0.019615943837874208,480098.0472229387,-532.0981428102544,479565.9490801284,26.06890675786895,0.0,True,False
2018-07-13,2798.2900390625,12.579999923706056,14.760000228881836,0.019717831082755294,480123.84949525836,-561.6433572618862,479562.20613799646,25.802272319661615,0.0,True,False
2018-07-16,2801.31005859375,12.18000030517578,14.539999961853027,0.019717831082755294,480201.6667676119,-430.36632629999076,479771.3004413119,77.81727235355352,0.0,True,False
2018-07-17,2798.429931640625,12.829999923706056,14.850000381469728,0.020125405945675086,480227.6086610574,-445.84412978946403,479781.764531268,25.941893445513124,0.0,True,False
2018-07-18,2809.550048828125,12.0600004196167,14.399999618530272,0.020125405945675086,480254.08822824695,-407.4051916013995,479846.6830366456,26.479567189552018,0.0,True,False
2018-07-19,2815.6201171875,12.100000381469728,14.390000343322754,0.01992161333727291,480280.56925550976,-423.82032624337523,479856.7489292664,26.481027262787915,0.0,True,False
2018-07-20,2804.489990234375,12.869999885559082,14.970000267028809,0.01992161333727291,480306.78357032477,-384.027084780752,479922.756485544,26.214314814978884,0.0,True,False
2018-07-23,2801.830078125,12.859999656677246,15.079999923706056,0.01981972091584406,480119.97906187916,0.0,480119.97906187916,78.6515296179709,333.47901869573,False,False
2018-07-24,2806.97998046875,12.619999885559082,14.859999656677246,0.01992161333727291,480146.05057517736,0.0,480146.05057517736,26.071513298180484,0.0,False,False
2018-07-25,2820.39990234375,12.40999984741211,14.699999809265137,0.020125405945675086,480172.2575477943,0.0,480172.2575477943,26.206972616979506,0.0,False,False
2018-07-26,2846.070068359375,12.289999961853027,14.550000190734863,0.020023508347172446,480198.7340629446,0.0,480198.7340629446,26.47651515027682,0.0,False,False
2018-07-27,2837.43994140625,12.140000343322754,14.399999618530272,0.01981972091584406,480225.07797282445,0.0,480225.07797282445,26.3439098798356,0.0,False,False
2018-07-30,2818.820068359375,13.029999732971191,15.0,0.01992161333727291,480303.31388220616,0.0,480303.31388220616,78.23590938171591,0.0,False,False
2018-07-31,2802.60009765625,14.260000228881836,15.65999984741211,0.020431114274113385,480329.52943845134,0.0,480329.52943845134,26.215556245181844,0.0,False,False
2018-08-01,2816.2900390625,12.829999923706056,14.869999885559082,0.020227306132911464,480356.4169512556,0.0,480356.4169512556,26.887512804233744,0.0,False,False
2018-08-02,2813.360107421875,13.149999618530272,15.220000267028809,0.020227306132911464,480383.037733528,0.0,480383.037733528,26.620782272422566,0.0,False,False
2018-08-03,2827.219970703125,12.1899995803833,14.760000228881836,0.020125405945675086,480409.6599910926,0.0,480409.6599910926,26.622257564567708,0.0,False,False
2018-08-06,2840.35009765625,11.640000343322754,14.489999771118164,0.020023508347172446,480489.1331893448,0.0,480489.1331893448,79.47319825219009,0.0,False,False
2018-08-07,2850.39990234375,11.270000457763672,14.229999542236328,0.020533022228342034,481240.0733090987,-894.5802784526837,480345.49303064606,26.35984130129176,0.0,True,False
2018-08-08,2858.449951171875,10.93000030517578,13.93000030517578,0.020533022228342034,481267.14616132766,-853.4124370686574,480413.733724259,27.07285222893925,0.0,True,False
2018-08-09,2857.699951171875,10.850000381469728,13.960000038146973,0.020533022228342034,481294.22053657885,-806.264819148284,480487.95571743057,27.074375251165495,0.0,True,False
2018-08-10,2853.580078125,11.270000457763672,14.130000114440918,0.020533022228342034,481321.2964349379,-793.3634232829138,480527.933011655,27.075898359071548,0.0,True,False
2018-08-13,2833.280029296875,13.15999984741211,15.220000267028809,0.020431114274113385,481402.5332695194,-835.5623958076951,480566.9708737117,81.23683458145425,0.0,True,False
2018-08-14,2821.929931640625,14.779999732971191,16.209999084472656,0.020634932771830632,481429.4808460975,-975.9139536176708,480453.56689247984,26.94757657811948,0.0,True,False
2018-08-15,2839.9599609375,13.3100004196167,15.350000381469728,0.020736845904711657,481456.6987797663,-809.397194653683,480647.3015851126,27.21793366873938,0.0,True,False
2018-08-16,2818.3701171875,14.640000343322754,16.190000534057617,0.020634932771830632,481484.05268931855,-879.7532792990655,480604.2994100195,27.353909552293818,0.0,True,False
2018-08-17,2840.68994140625,13.449999809265137,15.510000228881836,0.020634932771830632,481511.27370824246,-754.9812666952693,480756.2924415472,27.22101892393888,0.0,True,False
2018-08-20,2850.1298828125,12.640000343322754,15.170000076293944,0.020431114274113385,481592.9459991122,-564.6907820072289,481028.255217105,81.67229086972934,0.0,True,False
2018-08-21,2857.050048828125,12.489999771118164,15.0,0.020634932771830632,481619.904234466,-529.7700595402207,481090.1341749258,26.958235353795843,0.0,True,False
2018-08-22,2862.9599609375,12.859999656677246,15.1899995803833,0.020736845904711657,481647.1329338468,-562.1239578754258,481085.0089759714,27.228699380769484,0.0,True,False
2018-08-23,2861.820068359375,12.25,15.079999923706056,0.020838761627115794,481674.49766289466,-430.56422573992023,481243.93343715474,27.364729047877923,0.0,True,False
2018-08-24,2856.97998046875,12.40999984741211,15.0600004196167,0.020736845904711657,481701.9984480374,-389.83432347788874,481312.16412455955,27.500785142737733,0.0,True,False
2018-08-27,2874.68994140625,11.989999771118164,14.81999969482422,0.020838761627115794,481498.89599429874,0.0,481498.89599429874,82.1082034701671,439.3696212438312,False,False
2018-08-28,2896.739990234375,12.15999984741211,14.789999961853027,0.02114452433278653,481526.38675361744,0.0,481526.38675361744,27.490759318696405,0.0,False,False
2018-08-29,2897.52001953125,12.5,15.109999656677246,0.02124645041460101,481554.28248326044,0.0,481554.28248326044,27.89572964300913,0.0,False,False
2018-08-30,2914.0400390625,12.25,14.949999809265137,0.02124645041460101,481582.3143105761,0.0,481582.3143105761,28.031827315692357,0.0,False,False
2018-08-31,2901.1298828125,13.529999732971191,15.539999961853027,0.02104260084102162,481610.3477696566,0.0,481610.3477696566,28.033459080523944,0.0,False,False
2018-09-04,2901.52001953125,12.859999656677246,15.149999618530272,0.02104260084102162,482454.40218583995,-902.9804117222899,481551.4217741177,111.07400446107626,0.0,True,False
2018-09-05,2896.719970703125,13.15999984741211,15.449999809265137,0.02124645041460101,482482.2169476313,-893.8487430442838,481588.368204587,27.814761791363708,0.0,True,False
2018-09-06,2888.60009765625,13.90999984741211,15.920000076293944,0.021348379086597598,482510.3027910769,-922.4870088414424,481587.81578223547,28.08584344556953,0.0,True,False
2018-09-07,2878.050048828125,14.649999618530272,16.34000015258789,0.02124645041460101,482538.5250214979,-942.5321439598879,481595.992877538,28.22223042102737,0.0,True,False
2018-09-10,2871.679931640625,14.880000114440918,16.59000015258789,0.021348379086597598,482622.79729050264,-857.3613154823921,481765.4359750202,84.27226900474128,0.0,True,False
2018-09-11,2877.1298828125,14.15999984741211,16.170000076293945,0.02145031034890704,482651.02610077424,-747.4812930807065,481903.5448076935,28.228810271582947,0.0,True,False
2018-09-12,2887.889892578125,13.220000267028809,15.539999961853027,0.02145031034890704,482679.39135699027,-623.4024047963242,482055.98895219393,28.36525621604347,0.0,True,False
2018-09-13,2888.919921875,13.140000343322754,15.31999969482422,0.021552244201661897,482707.75828022393,-575.9229624735151,482131.8353177504,28.3669232336539,0.0,True,False
2018-09-14,2904.179931640625,12.369999885559082,14.770000457763672,0.02145031034890704,482736.2616847106,-491.6761661689168,482244.5855185417,28.503404486707815,0.0,True,False
2018-09-17,2904.97998046875,12.06999969482422,14.369999885559082,0.021552244201661897,482986.90884236153,-708.3339138623105,482278.57492849923,85.11579849144108,360.1778570194189,True,False
2018-09-18,2888.800048828125,13.68000030517578,15.279999732971191,0.021654180644992936,483015.42873040633,-846.5071442826617,482168.92158612364,28.519888044821005,0.0,True,False
2018-09-19,2904.31005859375,12.789999961853027,15.039999961853027,0.021654180644992936,483044.0852060535,-718.4593389819656,482325.62586707156,28.656475647178958,0.0,True,False
2018-09-20,2907.949951171875,11.75,14.649999618530272,0.021552244201661897,483072.7433818402,-513.2311210670475,482559.5122607731,28.65817578665209,0.0,True,False
2018-09-21,2930.75,11.800000190734863,14.510000228881836,0.021654180644992936,483101.26833832765,-610.2090968600467,482491.0592414676,28.52495648748786,0.0,True,False
2018-09-24,2929.669921875,11.68000030517578,14.579999923706056,0.021756119679032734,483187.25814484444,-381.2512670521204,482806.0068777923,85.98980651678829,0.0,True,False
2018-09-25,2919.3701171875,12.199999809265137,14.770000457763672,0.022163901724908078,483216.059769826,-353.5898933605362,482862.46987646545,28.801624981590233,0.0,True,False
2018-09-26,2915.56005859375,12.420000076293944,14.920000076293944,0.022061952326718044,483245.4029984221,-314.2963817948245,482931.10661662725,29.34322859610048,0.0,True,False
2018-09-27,2905.969970703125,12.890000343322754,15.149999618530272,0.021960005519763588,483274.613023778,-302.15668160542776,482972.4563421726,29.210025355936697,0.0,True,False
2018-09-28,2914.0,12.40999984741211,14.890000343322754,0.021756119679032734,483076.24222695484,0.0,483076.24222695484,29.07680117727971,310.8863158618228,False,False
2018-10-01,2913.97998046875,12.119999885559082,14.770000457763672,0.021858061303912088,483162.6323990325,0.0,483162.6323990325,86.3901720776181,0.0,False,False
2018-10-02,2924.590087890625,12.0,14.739999771118164,0.022265853714464514,483987.6857018071,-966.1181940944108,483021.5675077127,28.935108680206547,0.0,True,False
2018-10-03,2923.429931640625,12.050000190734863,14.84000015258789,0.022265853714464514,484017.21098320134,-933.960510590892,483083.25047261047,29.525281394252477,0.0,True,False
2018-10-04,2925.510009765625,11.609999656677246,14.68000030517578,0.022265853714464514,484046.73806576175,-851.7606791100225,483194.97738665174,29.527082560412616,0.0,True,False
2018-10-05,2901.610107421875,14.220000267028809,15.84000015258789,0.022163901724908078,484076.2669495982,-1036.8388426673523,483039.42810693086,29.528883836451456,0.0,True,False
2018-10-08,2885.570068359375,14.81999969482422,16.25,0.022163901724908078,484164.4586984885,-970.9733526817789,483193.4853458067,88.19174889027339,0.0,True,False
2018-10-09,2884.429931640625,15.6899995803833,16.510000228881836,0.022163901724908078,484193.85951847874,-1036.116791839014,483157.7427266397,29.400819990263365,0.0,True,False
2018-10-10,2880.340087890625,15.949999809265137,16.6299991607666,0.022469765468205373,484223.26212382974,-1028.6593606762967,483194.60276315344,29.402605351003025,0.0,True,False
2018-10-11,2785.679931640625,22.959999084472656,20.700000762939453,0.02267368758899465,484253.07231025357,-2020.384022449689,482232.6882878039,29.810186423844122,0.0,True,True
2018-10-12,2728.3701171875,24.979999542236328,21.559999465942383,0.0225717252326533,484283.1548963183,-2581.1722882428708,481701.9826080754,30.08258606471587,0.0,True,True
2018-10-15,2767.1298828125,21.309999465942383,19.84000015258789,0.02267368758899465,484373.0079402487,-1930.7220073121198,482442.2859329366,89.85304393045243,0.0,True,True
2018-10-16,2750.7900390625,21.299999237060547,20.290000915527344,0.023081562935935395,484403.09797690925,-2072.2996372756347,482330.7983396336,30.09003666052591,0.0,True,True
2018-10-17,2809.919921875,17.6200008392334,17.959999084472656,0.02297959021070067,484433.73122107406,-1218.189502885075,483215.54171818896,30.633244164812492,0.0,True,False
2018-10-18,2809.2099609375,17.399999618530273,18.100000381469727,0.023081562935935395,484464.23105411755,-1174.057496826587,483290.173557291,30.49983304347872,0.0,True,False
2018-10-19,2768.780029296875,20.059999465942383,19.86000061035156,0.023081562935935395,484494.8681642867,-1739.2879796164746,482755.5801846702,30.637110169155754,0.0,True,True
2018-10-22,2767.780029296875,19.88999938964844,19.84000015258789,0.02297959021070067,484586.79112007475,-1669.6411456251647,482917.1499744496,91.92295578801452,0.0,True,True
2018-10-23,2755.8798828125,19.63999938964844,19.81999969482422,0.02338749666748501,484617.30058973323,-1760.2244645171468,482857.0761252161,30.509469658487763,0.0,True,False
2018-10-24,2740.68994140625,20.709999084472656,20.280000686645508,0.023285516164195733,484648.353599664,-2031.8109720457433,482616.54262761824,31.05300993079051,0.0,True,True
2018-10-25,2656.10009765625,25.229999542236328,22.6200008392334,0.023285516164195733,484679.2731806422,-3843.3975234690706,480835.87565717316,30.9195809782231,0.0,True,True
2018-10-26,2705.570068359375,24.219999313354492,22.440000534057617,0.023285516164195733,481950.6698046391,0.0,481950.6698046391,30.92155358471349,-1963.4067354933738,False,True
2018-10-29,2658.68994140625,24.15999984741211,22.479999542236328,0.02318353825372344,482042.91811233136,0.0,482042.91811233136,92.24830769221654,0.0,False,True
2018-10-30,2641.25,24.700000762939453,23.059999465942383,0.02338749666748501,482073.53678453085,0.0,482073.53678453085,30.618672199497208,0.0,False,True
2018-10-31,2682.6298828125,23.350000381469727,22.229999542236328,0.023285516164195733,482104.4267967259,0.0,482104.4267967259,30.890012195034046,0.0,False,True
2018-11-01,2711.739990234375,21.229999542236328,21.149999618530273,0.023285516164195733,482135.18408033904,0.0,482135.18408033904,30.75728361312962,0.0,False,True
2018-11-02,2740.3701171875,19.34000015258789,20.06999969482422,0.023081562935935395,482165.94332620443,0.0,482165.94332620443,30.759245865377633,0.0,False,False
2018-11-05,2723.06005859375,19.510000228881836,20.299999237060547,0.02318353825372344,482257.4244163113,0.0,482257.4244163113,91.48109010688607,0.0,False,False
2018-11-06,2738.31005859375,19.959999084472656,20.200000762939453,0.02359146545304013,482543.80764790956,-425.7509342671045,482118.05671364244,30.632297331118284,0.0,True,False
2018-11-07,2755.449951171875,19.90999984741211,19.579999923706055,0.02348947976372222,482574.99746563693,-418.3963934757034,482156.6010721612,31.189817727373917,0.0,True,True
2018-11-08,2813.889892578125,16.360000610351562,17.6200008392334,0.02359146545304013,482606.05445300613,-357.02412454831347,482249.0303284578,31.056987369203423,0.0,True,False
2018-11-09,2806.830078125,16.719999313354492,17.68000030517578,0.02338749666748501,482637.248294133,-333.65846300722126,482303.58983112575,31.19384112685455,0.0,True,False
2018-11-12,2781.010009765625,17.360000610351562,18.459999084472656,0.02348947976372222,482730.03263932286,-270.7319052404148,482459.30073408247,92.78434518984972,0.0,True,False
2018-11-13,2726.219970703125,20.450000762939453,20.229999542236328,0.02348947976372222,482761.0996042613,-327.65011824104164,482433.44948602025,31.066964938402478,0.0,True,True
2018-11-14,2722.179931640625,20.020000457763672,20.270000457763672,0.02379544461144372,482792.16856857046,-299.20417731450567,482492.9643912559,31.068964309158854,0.0,True,False
2018-11-15,2701.580078125,21.25,21.219999313354492,0.023693453735569706,482823.6442638883,-331.7518451131156,482491.8924187752,31.47569531784304,0.0,True,True
2018-11-16,2730.199951171875,19.979999542236328,20.309999465942383,0.02359146545304013,482854.9870885011,-274.69238521861524,482580.2947032825,31.342824612777605,0.0,True,False
2018-11-19,2736.27001953125,18.13999938964844,19.350000381469727,0.02348947976372222,482948.6229340992,-185.4873415245333,482763.1355925747,93.63584559810973,0.0,True,False
2018-11-20,2690.72998046875,20.100000381469727,20.63999938964844,0.02379544461144372,482979.70396681165,-237.02144616910337,482742.6825206425,31.081032712447033,0.0,True,False
2018-11-21,2641.889892578125,22.479999542236328,22.270000457763672,0.02379544461144372,483011.19188852306,-335.75319623589604,482675.43869228713,31.48792171139423,0.0,True,True
2018-11-23,2649.929931640625,20.799999237060547,21.31999969482422,0.023999434143750862,483074.1738906566,-252.8142456313123,482821.3596450253,62.98200213353543,0.0,True,False
2018-11-26,2632.56005859375,21.520000457763672,21.75,0.023999434143750862,483169.47238660365,-251.9053598144604,482917.5670267892,95.29849594704807,0.0,True,False
2018-11-27,2673.449951171875,18.899999618530273,20.11000061035156,0.024101432800448245,483201.24272951804,-151.21557428926207,483050.0271552288,31.770342914377814,0.0,True,False
2018-11-28,2682.169921875,19.020000457763672,19.940000534057617,0.023999434143750862,483233.1502001602,-141.36714396096104,483091.78305619926,31.907470642204704,0.0,True,False
2018-11-29,2743.7900390625,18.489999771118164,19.280000686645508,0.023897438080793178,483143.8500814177,0.0,483143.8500814177,31.774529987627158,134.6762855369203,False,False
2018-11-30,2737.800048828125,18.790000915527344,19.59000015258789,0.02359146545304013,483175.48372037325,0.0,483175.48372037325,31.633638955534106,0.0,False,False
2018-12-03,2760.169921875,18.06999969482422,18.88999938964844,0.02359146545304013,483269.18171708076,0.0,483269.18171708076,93.69799670753007,0.0,False,False
2018-12-04,2790.3701171875,16.440000534057617,17.950000762939453,0.02379544461144372,483675.9943345662,-545.5759143050445,483130.4184202611,31.236703180348417,0.0,True,False
2018-12-06,2700.06005859375,20.739999771118164,20.75,0.02420343405101679,483739.0630232813,-732.1525041249895,483006.9105191563,63.068688715085145,0.0,True,False
2018-12-07,2695.949951171875,21.190000534057617,21.059999465942383,0.023999434143750862,483771.1412005594,-748.0496948295669,483023.0915057298,32.07817727809145,0.0,True,True
2018-12-10,2633.080078125,23.229999542236328,22.440000534057617,0.023897438080793178,483866.57719078776,-960.1671541212644,482906.4100366665,95.43599022835697,0.0,True,True
2018-12-11,2637.719970703125,22.63999938964844,22.010000228881836,0.024101432800448245,483898.2581499947,-896.5596652154085,483001.6984847793,31.68095920691956,0.0,True,True
2018-12-12,2636.780029296875,21.760000228881836,21.719999313354492,0.024101432800448245,483930.2116470067,-843.0443958787661,483087.1672511279,31.953497011964007,0.0,True,True
2018-12-13,2651.070068359375,21.459999084472656,21.59000015258789,0.024305437895589328,483962.16725402,-764.5751250812416,483197.59212893876,31.955607013300234,0.0,True,False
2018-12-14,2650.5400390625,20.649999618530273,21.350000381469727,0.02420343405101679,483994.3954843112,-711.607541257672,483282.7879430535,32.228230291242,0.0,True,False
2018-12-17,2599.949951171875,21.6299991607666,21.959999084472656,0.024101432800448245,484090.6871968202,-917.9360370274848,483172.7511597927,96.29171250897352,0.0,True,False
2018-12-18,2545.93994140625,24.520000457763672,23.40999984741211,0.023999434143750862,484122.6534005962,-1381.5756780711213,482741.07772252505,31.9662037759773,0.0,True,True
2018-12-19,2546.159912109375,25.579999923706055,23.899999618530273,0.02379544461144372,484154.48641900934,-1420.3579356277241,482734.1284833816,31.833018413151432,0.0,True,True
2018-12-20,2506.9599609375,25.579999923706055,24.020000457763672,0.023897438080793178,484186.0509308084,-1732.1407210556583,482453.91020975274,31.564511799091292,0.0,True,True
2018-12-21,2467.419921875,28.3799991607666,25.239999771118164,0.02379544461144372,484217.7528074232,-2233.4508392931007,481984.3019681301,31.70187661473896,0.0,True,True
2018-12-24,2416.6201171875,30.11000061035156,26.229999542236328,0.02379544461144372,484312.4648912983,-2929.776660291841,481382.6882310065,94.71208387516236,0.0,True,True
2018-12-26,2351.10009765625,36.06999969482422,28.84000015258789,0.024509453367272362,484375.61657227244,-4103.849539606064,480271.76703266636,63.151680974136745,0.0,True,True
2018-12-27,2467.699951171875,30.40999984741211,25.690000534057617,0.024305437895589328,484408.14309332933,-2302.322482304353,482105.820611025,32.5265210569038,0.0,True,True
2018-12-28,2488.830078125,29.959999084472656,25.88999938964844,0.023999434143750862,482375.34317860205,0.0,482375.34317860205,32.25792891858542,-1689.4819293408411,False,True
2018-12-31,2485.739990234375,28.34000015258789,25.31999969482422,0.023897438080793178,482470.503812665,0.0,482470.503812665,95.16063406293193,0.0,False,True
2019-01-02,2506.85009765625,25.420000076293945,23.729999542236328,0.024407444334296906,482533.6849847651,0.0,482533.6849847651,63.18117210007271,0.0,False,True
2019-01-03,2510.030029296875,23.219999313354492,22.75,0.024101432800448245,482565.9529514517,0.0,482565.9529514517,32.26796668661181,0.0,False,True
2019-01-04,2447.889892578125,25.450000762939453,24.11000061035156,0.023999434143750862,482597.8184716845,0.0,482597.8184716845,31.865520232829844,0.0,False,True
2019-01-07,2531.93994140625,21.3799991607666,21.86000061035156,0.024101432800448245,482750.159911446,-227.13691686744016,482523.0229945785,95.20452289401017,0.0,True,False
2019-01-08,2549.68994140625,21.399999618530273,21.6200008392334,0.024509453367272362,482782.0375955096,-222.13490099155342,482559.90269451804,31.877684063648875,0.0,True,False
2019-01-09,2574.409912109375,20.469999313354492,21.13999938964844,0.024509453367272362,482814.4571054405,-204.80399385202963,482609.65311158844,32.419509930889,0.0,True,False
2019-01-10,2584.9599609375,19.979999542236328,20.690000534057617,0.024407444334296906,482846.87879238825,-189.26066306613933,482657.61812932213,32.4216869477254,0.0,True,False
2019-01-11,2596.639892578125,19.5,20.520000457763672,0.02420343405101679,482879.1677029544,-178.591807661904,482700.57589529245,32.2889105661073,0.0,True,False
2019-01-14,2596.260009765625,18.190000534057617,19.739999771118164,0.02420343405101679,482975.2375385286,-125.72757575444354,482849.5099627742,96.06983557422724,0.0,True,False
2019-01-15,2582.610107421875,19.06999969482422,19.93000030517578,0.024407444334296906,483007.26506426506,-127.48380246644626,482879.78126179863,32.02752573641879,0.0,True,False
2019-01-16,2610.300048828125,18.600000381469727,19.239999771118164,0.024407444334296906,483039.56470017333,-125.88442815137387,482913.680272022,32.29963590827295,0.0,True,False
2019-01-17,2616.10009765625,19.040000915527344,19.530000686645508,0.02420343405101679,483071.8664960211,-131.35511144331488,482940.5113845778,32.30179584779201,0.0,True,False
2019-01-18,2635.9599609375,18.059999465942383,19.170000076293945,0.024101432800448245,483103.9004295113,-121.33759426047057,482982.56283525086,32.033933490238105,0.0,True,False
2019-01-22,2670.7099609375,17.799999237060547,18.84000015258789,0.023999434143750862,483231.5172404498,-122.83836368202866,483108.67887676775,127.61681093844774,0.0,True,False
2019-01-23,2632.89990234375,20.799999237060547,20.690000534057617,0.02420343405101679,483263.29166306375,-138.42436994210232,483124.86729312164,31.77442261393546,0.0,True,True
2019-01-24,2638.699951171875,19.520000457763672,20.079999923706055,0.023999434143750862,483295.33829052665,-108.32592262412668,483187.0123679025,32.04662746290491,0.0,True,False
2019-01-25,2642.330078125,18.88999938964844,19.670000076293945,0.02359146545304013,483220.5999907966,0.0,483220.5999907966,31.778619105564125,-49.380001968193966,False,False
2019-01-28,2664.760009765625,17.420000076293945,18.81999969482422,0.02379544461144372,483314.306736508,0.0,483314.306736508,93.70674571135996,0.0,False,False
2019-01-29,2643.85009765625,18.8700008392334,19.579999923706055,0.024101432800448245,483577.8042292674,-401.9877565789602,483175.81647268846,31.509736180470423,0.0,True,False
2019-01-30,2640.0,19.1299991607666,19.600000381469727,0.024101432800448245,483609.7365655845,-390.7223719787413,483219.01419360575,31.932336317074178,0.0,True,False
2019-01-31,2681.050048828125,17.65999984741211,18.68000030517578,0.024101432800448245,483641.6710105056,-370.7712424871235,483270.89976801845,31.934444921095597,0.0,True,False
2019-02-01,2704.10009765625,16.56999969482422,17.8799991607666,0.023999434143750862,483673.6075641699,-349.77242399405554,483323.8351401759,31.936553664355525,0.0,True,False
2019-02-04,2706.530029296875,16.139999389648438,17.59000015258789,0.023897438080793178,483769.0243134424,-280.524883375617,483488.4994300668,95.41674927250686,0.0,True,False
2019-02-05,2724.8701171875,15.729999542236328,17.190000534057617,0.024101432800448245,483800.69888541603,-291.1749472873754,483509.52393812867,31.674571973592474,0.0,True,False
2019-02-06,2737.699951171875,15.56999969482422,17.06999969482422,0.024101432800448245,483832.64594024804,-308.7513652045852,483523.89457504347,31.947054831987742,0.0,True,False
2019-02-07,2731.610107421875,15.380000114440918,16.899999618530273,0.024101432800448245,483864.59510465595,-256.8415544949384,483607.753550161,31.949164407924258,0.0,True,False
2019-02-08,2706.050048828125,16.3700008392334,17.520000457763672,0.024101432800448245,483896.5463787791,-226.2627095797323,483670.2836691994,31.95127412316346,0.0,True,False
2019-02-11,2707.8798828125,15.720000267028809,17.260000228881836,0.02420343405101679,483992.412860833,-166.4178110920994,483825.9950497409,95.86648205390966,0.0,True,False
2019-02-12,2709.800048828125,15.970000267028809,17.219999313354492,0.024407444334296906,484024.507838493,-165.24585426526096,483859.2619842277,32.09497765999894,0.0,True,False
2019-02-13,2744.72998046875,15.43000030517578,16.81999969482422,0.02420343405101679,484056.87549940543,-198.49153510740004,483858.38396429806,32.367660912479685,0.0,True,False
2019-02-14,2753.030029296875,15.649999618530272,16.959999084472656,0.024305437895589328,484088.97475177486,-217.83263847071578,483871.1421133042,32.099252369457,0.0,True,False
2019-02-15,2745.72998046875,16.219999313354492,17.31999969482422,0.02420343405101679,484121.21142648906,-207.79227739287896,483913.4191490962,32.23667471420897,0.0,True,False
2019-02-19,2775.60009765625,14.90999984741211,16.479999542236328,0.02420343405101679,484249.63827503845,-161.72120269909885,484087.91707233933,128.42684854938412,0.0,True,False
2019-02-20,2779.760009765625,14.880000114440918,16.450000762939453,0.024509453367272362,484281.7503100814,-155.1865833471549,484126.56372673425,32.11203504293127,0.0,True,False
2019-02-21,2784.699951171875,14.020000457763672,15.81999969482422,0.024407444334296906,484185.117134173,0.0,484185.117134173,32.520217802055235,102.83436286852864,False,False
2019-02-22,2774.8798828125,14.460000038146973,16.15999984741211,0.024407444334296906,484217.4955353417,0.0,484217.4955353417,32.37840116868113,0.0,False,False
2019-02-25,2792.669921875,13.510000228881836,15.460000038146973,0.024509453367272362,484314.643730667,0.0,484314.643730667,97.14819532533195,0.0,False,False
2019-02-26,2796.110107421875,14.850000381469728,16.0,0.024611464994646767,484347.16615730966,0.0,484347.16615730966,32.52242664267541,0.0,False,False
2019-02-27,2793.89990234375,15.170000076293944,16.299999237060547,0.024407444334296906,484379.8261442293,0.0,484379.8261442293,32.65998691963071,0.0,False,False
2019-02-28,2792.3798828125,14.699999809265137,15.989999771118164,0.024407444334296906,484412.2175659684,0.0,484412.2175659684,32.39142173915234,0.0,False,False
2019-03-01,2784.489990234375,14.779999732971191,16.100000381469727,0.024407444334296906,484444.61115378496,0.0,484444.61115378496,32.39358781656856,0.0,False,False
2019-03-04,2803.68994140625,13.56999969482422,15.380000114440918,0.024305437895589328,484613.33874914,-241.5338339923685,484371.8049151476,97.19376136263007,0.0,True,False
2019-03-05,2792.81005859375,14.630000114440918,16.030000686645508,0.024509453367272362,484645.61034254165,-267.145850447896,484378.4644920938,32.271593401674565,0.0,True,False
2019-03-06,2789.64990234375,14.739999771118164,16.149999618530273,0.024509453367272362,484678.15499406954,-262.2062078600033,484415.9487862095,32.544651527871856,0.0,True,False
2019-03-07,2771.449951171875,15.739999771118164,16.739999771118164,0.024509453367272362,484710.7018310177,-290.41948844779324,484420.2823425699,32.54683694814693,0.0,True,False
2019-03-08,2748.929931640625,16.59000015258789,17.299999237060547,0.024407444334296906,484743.25085353287,-324.02773692004934,484419.2231166128,32.549022515176134,0.0,True,False
2019-03-11,2743.070068359375,16.049999237060547,17.110000610351562,0.024509453367272362,484840.5045307559,-283.64871885161637,484556.8558119043,97.25367722306575,0.0,True,False
2019-03-12,2783.300048828125,14.329999923706056,16.010000228881836,0.024509453367272362,484873.06226970954,-199.26288247347864,484673.79938723607,32.55773895362148,0.0,True,False
2019-03-13,2791.52001953125,13.770000457763672,15.649999618530272,0.024509453367272362,484905.6221949623,-175.21688599280455,484730.4053089695,32.55992525273607,0.0,True,False
2019-03-14,2810.919921875,13.40999984741211,15.329999923706056,0.024407444334296906,484938.18430666096,-154.08363510380704,484784.1006715571,32.5621116986638,0.0,True,False
2019-03-15,2808.47998046875,13.5,15.300000190734863,0.024407444334296906,484970.6130668972,-149.02886928258204,484821.58419761463,32.428760236225585,0.0,True,False
2019-03-18,2822.47998046875,12.880000114440918,14.979999542236328,0.024407444334296906,485067.91235963174,-118.94660048212869,484948.96575914964,97.29929273451913,0.0,True,False
2019-03-19,2832.93994140625,13.100000381469728,15.239999771118164,0.024305437895589328,485100.3497950354,-114.90248994509042,484985.44730509026,32.43743540362185,0.0,True,False
2019-03-20,2832.570068359375,13.5600004196167,15.5600004196167,0.024509453367272362,485132.65381969966,-115.18429962823711,485017.4695200714,32.30402466428865,0.0,True,False
2019-03-21,2824.22998046875,13.90999984741211,15.789999961853027,0.024611464994646767,485165.2311768993,-114.89926282168021,485050.3319140776,32.577357199613786,0.0,True,False
2019-03-22,2854.8798828125,13.630000114440918,15.510000228881836,0.02471347921655298,485197.94632671593,-105.94021810516855,485092.0061086108,32.71514981663118,0.0,True,False
2019-03-25,2800.7099609375,16.479999542236328,17.3700008392334,0.024509453367272362,485296.51192072086,-129.31134990548708,485167.20057081536,98.56559400496018,0.0,True,False
2019-03-26,2798.360107421875,16.329999923706055,17.450000762939453,0.024509453367272362,485329.1002812282,-119.78036421080873,485209.31991701736,32.58836050735856,0.0,True,False
2019-03-27,2818.4599609375,14.68000030517578,16.450000762939453,0.024509453367272362,485361.69083009096,-94.79639304841109,485266.89443704253,32.59054886275463,0.0,True,False
2019-03-28,2805.3701171875,15.149999618530272,16.780000686645508,0.024305437895589328,485288.4362684475,0.0,485288.4362684475,32.592737365101925,-34.31346501619378,False,False
2019-03-29,2815.43994140625,14.43000030517578,16.299999237060547,0.02420343405101679,485320.75281825237,0.0,485320.75281825237,32.31654980486769,0.0,False,False
2019-04-01,2834.39990234375,13.710000038146973,15.800000190734863,0.023897438080793178,485417.3084123688,0.0,485417.3084123688,96.55559411643765,0.0,False,False
2019-04-02,2867.18994140625,13.399999618530272,15.460000038146973,0.02420343405101679,486086.03396140225,-806.9430563565863,485279.0909050457,31.78249267686294,0.0,True,False
2019-04-03,2867.239990234375,13.359999656677246,15.539999961853027,0.024101432800448245,486118.2677733098,-779.5662024672725,485338.70157084253,32.23381190753206,0.0,True,False
2019-04-04,2873.39990234375,13.739999771118164,15.630000114440918,0.024305437895589328,486150.36786533357,-816.0225882302985,485334.34527710325,32.10009202376738,0.0,True,False
2019-04-05,2879.389892578125,13.579999923706056,15.479999542236328,0.024305437895589328,486182.7418132821,-794.9790275123564,485387.7627857697,32.37394794852292,0.0,True,False
2019-04-08,2892.739990234375,12.81999969482422,15.0600004196167,0.024305437895589328,486279.87659286644,-684.0627614504842,485595.81383141596,97.1347795843481,0.0,True,False
2019-04-09,2895.77001953125,13.18000030517578,15.279999732971191,0.02420343405101679,486312.25916511944,-713.762474065162,485598.49669105426,32.38257225302039,0.0,True,False
2019-04-10,2878.199951171875,14.279999732971191,15.989999771118164,0.024101432800448245,486344.50797869364,-706.3731295114837,485638.13484918216,32.24881357422455,0.0,True,False
2019-04-11,2888.2099609375,13.300000190734863,15.380000114440918,0.02420343405101679,486376.6230101507,-607.4691929132132,485769.1538172375,32.115031457015924,0.0,True,False
2019-04-12,2888.320068359375,13.020000457763672,15.25,0.02420343405101679,486408.87609188305,-540.3946907475361,485868.4814011355,32.2530817323888,0.0,True,False
2019-04-15,2907.409912109375,12.010000228881836,14.460000038146973,0.024305437895589328,486505.64817043487,-417.95088160540416,486087.6972888295,96.77207855182851,0.0,True,False
2019-04-16,2905.580078125,12.31999969482422,14.529999732971191,0.02420343405101679,486538.0457773722,-404.7143385937733,486133.33143877843,32.39760693731478,0.0,True,False
2019-04-17,2907.06005859375,12.18000030517578,14.470000267028809,0.02420343405101679,486570.3095635288,-361.8841249469287,486208.42543858185,32.26378615661142,0.0,True,False
2019-04-18,2900.449951171875,12.600000381469728,14.81999969482422,0.024305437895589328,486602.57548919314,-338.9884875517434,486263.5870016414,32.265925664315276,0.0,True,False
2019-04-22,2905.030029296875,12.09000015258789,14.56999969482422,0.024101432800448245,486534.3760095286,0.0,486534.3760095286,129.62919403412363,439.114382657855,False,False
2019-04-23,2907.969970703125,12.420000076293944,14.720000267028809,0.024305437895589328,486566.50357863674,0.0,486566.50357863674,32.12756910817249,0.0,False,False
2019-04-24,2933.679931640625,12.279999732971191,14.539999961853027,0.024407444334296906,486598.90523808525,0.0,486598.90523808525,32.40165944852888,0.0,False,False
2019-04-25,2927.25,13.140000343322754,15.039999961853027,0.024305437895589328,486631.44505396247,0.0,486631.44505396247,32.53981587722741,0.0,False,False
2019-04-26,2926.169921875,13.25,15.210000038146973,0.02420343405101679,486663.8510380235,0.0,486663.8510380235,32.40598406099627,0.0,False,False
2019-04-29,2939.8798828125,12.729999542236328,14.890000343322754,0.024101432800448245,486760.67384438217,0.0,486760.67384438217,96.82280635867879,0.0,False,False
2019-04-30,2943.030029296875,13.109999656677246,15.229999542236328,0.024305437895589328,486792.8163567291,0.0,486792.8163567291,32.14251234689679,0.0,False,False
2019-05-01,2945.830078125,13.119999885559082,15.229999542236328,0.02420343405101679,486825.2330869018,0.0,486825.2330869018,32.41673017269642,0.0,False,False
2019-05-02,2923.72998046875,14.800000190734863,16.190000534057617,0.02420343405101679,486857.5159173038,0.0,486857.5159173038,32.282830402014156,0.0,False,False
2019-05-03,2917.52001953125,14.420000076293944,16.030000686645508,0.024509453367272362,486889.80088847637,0.0,486889.80088847637,32.28497117259862,0.0,False,False
2019-05-06,2945.639892578125,12.869999885559082,15.06999969482422,0.02420343405101679,486987.8935317207,0.0,486987.8935317207,98.09264324429363,0.0,False,False
2019-05-07,2932.469970703125,15.4399995803833,16.399999618530273,0.024305437895589328,487677.5785434102,-827.3913947892329,486850.187148621,32.29361690032261,0.0,True,False
2019-05-08,2884.050048828125,19.31999969482422,18.780000686645508,0.02420343405101679,487710.05419207166,-1080.6927009938154,486629.36149107787,32.47564866144345,0.0,True,True
2019-05-09,2879.419921875,19.399999618530273,18.75,0.02420343405101679,487742.39569759514,-1050.1388008110343,486692.2568967841,32.3415055234601,0.0,True,True
2019-05-10,2870.719970703125,19.100000381469727,18.440000534057617,0.02420343405101679,487774.7393477801,-976.3864048370099,486798.3529429431,32.34365018496653,0.0,True,True
2019-05-13,2881.39990234375,16.040000915527344,16.899999618530273,0.02420343405101679,487871.7831677265,-635.2992541945584,487236.48391353193,97.04381994633744,0.0,True,False
2019-05-14,2811.8701171875,20.549999237060547,19.790000915527344,0.023999434143750862,487904.13539797976,-1117.0973613507872,486787.038036629,32.35223025327546,0.0,True,True
2019-05-15,2834.409912109375,18.059999465942383,18.290000915527344,0.023999434143750862,487936.21706409653,-830.1204434611741,487106.09662063536,32.081666116798765,0.0,True,False
2019-05-16,2850.9599609375,16.440000534057617,17.489999771118164,0.024101432800448245,487968.3008397124,-650.562634672553,487317.7382050398,32.08377561582974,0.0,True,False
2019-05-17,2876.320068359375,15.289999961853027,16.739999771118164,0.023897438080793178,488000.5230958999,-501.7585331336348,487498.76456276624,32.22225618754291,0.0,True,False
2019-05-20,2859.530029296875,15.960000038146973,17.059999465942383,0.02379544461144372,488096.38425478735,-511.35784737727585,487585.0264074101,95.8611588874554,0.0,True,False
2019-05-21,2840.22998046875,16.309999465942383,17.290000915527344,0.02379544461144372,488128.2057591048,-564.3737026452256,487563.83205645956,31.82150431746805,0.0,True,False
2019-05-22,2864.360107421875,14.949999809265137,16.420000076293945,0.02379544461144372,488160.0293380292,-398.70057986269154,487761.3287581665,31.82357892438933,0.0,True,False
2019-05-23,2856.27001953125,14.75,16.420000076293945,0.023693453735569706,488191.8549916958,-386.0289113026544,487805.8260803931,31.825653666564868,0.0,True,False
2019-05-24,2822.239990234375,16.920000076293945,17.690000534057617,0.02359146545304013,488223.54629735195,-600.806607993304,487622.7396893586,31.6913056561669,0.0,True,False
2019-05-28,2826.06005859375,15.850000381469728,17.09000015258789,0.02338749666748501,488349.7862749378,-421.03486943807366,487928.7514054997,126.23997758583492,0.0,True,False
2019-05-29,2802.389892578125,17.5,17.899999618530273,0.02359146545304013,488381.07845279534,-604.1656335351732,487776.91281926015,31.29217785754043,0.0,True,False
2019-05-30,2783.02001953125,17.899999618530273,18.239999771118164,0.02359146545304013,488412.64556976384,-703.2747482196282,487709.3708215442,31.567116968487692,0.0,True,False
2019-05-31,2788.860107421875,17.299999237060547,17.959999084472656,0.023693453735569706,487844.1904743304,0.0,487844.1904743304,31.569157348260102,57.36714200753099,False,False
2019-06-03,2752.06005859375,18.709999084472656,18.829999923706055,0.02338749666748501,487939.20285219065,0.0,487939.20285219065,95.01237786023977,0.0,False,False
2019-06-04,2744.449951171875,18.86000061035156,18.770000457763672,0.02338749666748501,487970.46872093563,0.0,487970.46872093563,31.265868744992304,0.0,False,True
2019-06-05,2803.27001953125,16.969999313354492,17.59000015258789,0.02338749666748501,488565.3195544187,-733.582961302871,487831.7365931158,31.267872180138863,0.0,True,False
2019-06-06,2826.14990234375,16.09000015258789,17.1299991607666,0.02338749666748501,488596.6255430854,-729.5396610119371,487867.08588207344,31.305988666729437,0.0,True,False
2019-06-07,2843.489990234375,15.93000030517578,16.920000076293945,0.02318353825372344,488627.9335377581,-780.8882242475579,487847.0453135105,31.307994672655717,0.0,True,False
2019-06-10,2873.340087890625,16.299999237060547,17.149999618530273,0.02267368758899465,488721.0502808473,-964.3736701050689,487756.67661074223,93.11674308922198,0.0,True,False
2019-06-11,2886.72998046875,15.9399995803833,16.8799991607666,0.0227756525373621,488751.4104249483,-1014.6082344212477,487736.8021905271,30.360144101042643,0.0,True,False
2019-06-12,2885.719970703125,15.989999771118164,16.989999771118164,0.0225717252326533,488781.9089992218,-977.2443914539441,487804.6646077679,30.49857427350704,0.0,True,False
2019-06-13,2879.840087890625,15.90999984741211,17.049999237060547,0.022265853714464514,488812.1363748029,-876.3915326118895,487935.744842191,30.227375581097423,0.0,True,False
2019-06-14,2891.639892578125,15.81999969482422,16.860000610351562,0.021756119679032734,488841.9559679491,-939.8614448157208,487902.0945231334,29.81959314618547,0.0,True,False
2019-06-17,2886.97998046875,15.279999732971191,16.600000381469727,0.021858061303912088,488929.3772422808,-711.6745120988514,488217.702730182,87.421274331661,0.0,True,False
2019-06-18,2889.669921875,15.350000381469728,16.610000610351562,0.022163901724908078,488958.65770339017,-706.3444979118333,488252.31320547836,29.280461109350124,0.0,True,False
2019-06-19,2917.75,15.149999618530272,16.5,0.022061952326718044,488988.3496504539,-949.5583606292005,488038.7912898247,29.69194706373654,0.0,True,False
2019-06-20,2926.4599609375,14.329999923706056,16.100000381469727,0.021654180644992936,489017.9068112741,-900.0822382257862,488117.82457304833,29.5571608202014,0.0,True,False
2019-06-21,2954.179931640625,14.75,16.139999389648438,0.02124645041460101,489046.9194036346,-1345.3315753633024,487701.5878282713,29.01259236046747,0.0,True,False
2019-06-24,2950.4599609375,15.399999618530272,16.670000076293945,0.02104260084102162,489132.32832211646,-1215.5198862669629,487916.8084358495,85.40891848187044,0.0,True,False
2019-06-25,2945.35009765625,15.260000228881836,16.469999313354492,0.02114452433278653,489160.5280838662,-1060.0613427355966,488100.46674113057,28.199761749700297,0.0,True,False
2019-06-26,2917.3798828125,16.280000686645508,17.1200008392334,0.02104260084102162,489188.86607368116,-766.955618484842,488421.91045519634,28.337989814961258,0.0,True,False
2019-06-27,2913.780029296875,16.209999084472656,17.049999237060547,0.021348379086597598,489217.06909498054,-667.9213862595705,488549.147708721,28.203021299379742,0.0,True,False
2019-06-28,2924.919921875,15.81999969482422,16.760000228881836,0.02124645041460101,488542.0433790771,0.0,488542.0433790771,28.614512001159156,-140.0572666017459,False,False
2019-07-01,2941.760009765625,15.079999923706056,16.059999465942383,0.02114452433278653,488627.36412418843,0.0,488627.36412418843,85.32074511135323,0.0,False,False
2019-07-02,2964.330078125,14.0600004196167,15.43000030517578,0.021960005519763588,489317.4134891342,-831.7422623222047,488485.671226812,28.30710262355553,0.0,True,False
2019-07-03,2973.010009765625,12.93000030517578,14.720000267028809,0.021858061303912088,489346.8538627048,-700.4709726999653,488646.38289000484,29.440373570594087,0.0,True,False
2019-07-05,2995.820068359375,12.56999969482422,14.529999732971191,0.021960005519763588,489405.46654269163,-725.5940073814617,488679.87253531016,58.61267998680872,0.0,True,False
2019-07-08,2990.409912109375,13.279999732971191,14.979999542236328,0.022163901724908078,489493.8088718685,-680.6050525549767,488813.2038193135,88.34232917682401,0.0,True,False
2019-07-09,2975.949951171875,13.960000038146973,15.479999542236328,0.022469765468205373,489523.5333159131,-657.9939290567512,488865.53938685637,29.724444044647335,0.0,True,False
2019-07-10,2979.6298828125,14.09000015258789,15.56999969482422,0.022469765468205373,489553.6698023822,-658.2607700987114,488895.40903228347,30.13648646907518,0.0,True,False
2019-07-11,2993.070068359375,13.029999732971191,15.1899995803833,0.021858061303912088,489583.80814414064,-572.283456141844,489011.5246879988,30.13834175846351,0.0,True,False
2019-07-12,2999.909912109375,12.93000030517578,14.979999542236328,0.021552244201661897,489613.1277970831,-556.2442664223627,489056.88353066077,29.319652942491228,0.0,True,False
2019-07-15,3013.77001953125,12.390000343322754,14.800000190734863,0.021348379086597598,489699.8663974073,-460.3342683900169,489239.5321290173,86.73860032422495,0.0,True,False
2019-07-16,3014.300048828125,12.68000030517578,15.039999961853027,0.02145031034890704,489728.5091484256,-459.2300297898805,489269.2791186357,28.64275101830951,0.0,True,False
2019-07-17,3004.0400390625,12.859999656677246,15.220000267028809,0.021348379086597598,489757.29034620017,-383.1729250981556,489374.117421102,28.78119777455042,0.0,True,False
2019-07-18,2984.419921875,13.970000267028809,15.81999969482422,0.02124645041460101,489785.9364559694,-385.19488183622343,489400.74157413316,28.64610976921108,0.0,True,False
2019-07-19,2995.110107421875,13.529999732971191,15.539999961853027,0.020431114274113385,489814.4474573078,-342.6104400179976,489471.83701728977,28.511001338391516,0.0,True,False
2019-07-22,2976.610107421875,14.449999809265137,15.93000030517578,0.020533022228342034,489603.00033247046,0.0,489603.00033247046,82.25996101582444,368.0351764690472,False,False
2019-07-23,2985.030029296875,13.529999732971191,15.470000267028809,0.020736845904711657,489630.5436531829,0.0,489630.5436531829,27.543320712472465,0.0,False,False
2019-07-24,3005.469970703125,12.609999656677246,14.93000030517578,0.020533022228342034,489658.3619588355,0.0,489658.3619588355,27.81830565256325,0.0,False,False
2019-07-25,3019.56005859375,12.06999969482422,14.5600004196167,0.020838761627115794,489685.9083939959,0.0,489685.9083939959,27.546435160360044,0.0,False,False
2019-07-26,3003.669921875,12.739999771118164,15.050000190734863,0.020940679939175543,489713.8665836437,0.0,489713.8665836437,27.958189647803376,0.0,False,False
2019-07-29,3025.860107421875,12.15999984741211,14.6899995803833,0.02114452433278653,489798.1610267237,0.0,489798.1610267237,84.29444307998583,0.0,False,False
2019-07-30,3020.969970703125,12.829999923706056,15.0,0.02104260084102162,489826.5359558148,0.0,489826.5359558148,28.3749290911354,0.0,False,False
2019-07-31,3013.179931640625,13.9399995803833,15.699999809265137,0.020736845904711657,489854.77574045555,0.0,489854.77574045555,28.239784640729134,0.0,False,False
2019-08-01,2980.3798828125,16.1200008392334,16.90999984741211,0.020736845904711657,489882.6067858296,0.0,489882.6067858296,27.831045374015925,0.0,False,False
2019-08-02,2953.56005859375,17.8700008392334,17.989999771118164,0.020634932771830632,489910.4394124214,0.0,489910.4394124214,27.83262659180734,0.0,False,False
2019-08-05,2932.050048828125,17.610000610351562,17.889999389648438,0.020533022228342034,489993.5363409723,0.0,489993.5363409723,83.09692855094467,0.0,False,False
2019-08-06,2844.739990234375,24.59000015258789,21.899999618530273,0.02032920890901401,490021.1016318494,0.0,490021.1016318494,27.565290877125523,0.0,False,True
2019-08-07,2881.77001953125,20.170000076293945,19.690000534057617,0.020431114274113385,490048.3948339507,0.0,490048.3948339507,27.293202101224676,0.0,False,True
2019-08-08,2883.97998046875,19.489999771118164,19.5,0.020125405945675086,490611.31392381666,-705.4875419738909,489905.8263818428,27.43154789212354,0.0,True,False
2019-08-09,2938.090087890625,16.90999984741211,17.860000610351562,0.020125405945675086,490638.3660445542,-679.3126457269909,489959.0533988272,27.052120737542218,0.0,True,False
2019-08-12,2918.64990234375,17.969999313354492,18.559999465942383,0.01992161333727291,490719.5313569576,-603.6550876191501,490115.8762693385,81.16531240340264,0.0,True,False
2019-08-13,2882.699951171875,21.09000015258789,20.5,0.01992161333727291,490746.3154433944,-718.4706161863818,490027.844827208,26.784086436789813,0.0,True,True
2019-08-14,2926.320068359375,17.520000457763672,18.530000686645508,0.01992161333727291,490773.1009917402,-551.5992928642635,490221.5016988759,26.785548345763093,0.0,True,False
2019-08-15,2840.60009765625,22.100000381469727,21.299999237060547,0.019514059181070218,490799.88800207473,-670.30006441063,490129.5879376641,26.787010334529192,0.0,True,True
2019-08-16,2847.60009765625,21.18000030517578,21.06999969482422,0.019004674713597184,490826.12842423044,-593.2907281501999,490232.8376960802,26.240422155718676,0.0,True,True
2019-08-19,2888.679931640625,18.469999313354492,19.700000762939453,0.018597213711590434,490902.8028309051,-391.579529473029,490511.22330143204,76.67440667464192,0.0,True,False
2019-08-20,2923.64990234375,16.8799991607666,18.36000061035156,0.01931029763116581,490927.81558958365,-334.8307070668855,490592.9848825168,25.01275867858199,0.0,True,False
2019-08-21,2900.510009765625,17.5,18.8700008392334,0.01931029763116581,490953.7887759048,-302.3660802789972,490651.4226956258,25.97318632117499,0.0,True,False
2019-08-22,2924.429931640625,15.800000190734863,17.719999313354492,0.019615943837874208,490743.4971623333,0.0,490743.4971623333,25.97456046699898,299.2213679353737,False,False
2019-08-23,2922.949951171875,16.68000030517578,18.229999542236328,0.01992161333727291,490769.8715611173,0.0,490769.8715611173,26.374398784017,0.0,False,False
2019-08-26,2847.110107421875,19.8700008392334,20.36000061035156,0.019615943837874208,490850.2364495783,0.0,490850.2364495783,80.36488846101285,0.0,False,False
2019-08-27,2878.3798828125,19.31999969482422,19.81999969482422,0.01992161333727291,490876.61658493255,0.0,490876.61658493255,26.380135354229342,0.0,False,False
2019-08-28,2869.159912109375,20.309999465942383,20.63999938964844,0.019717831082755294,490903.40924527775,0.0,490903.40924527775,26.792660345214426,0.0,False,False
2019-08-29,2887.93994140625,19.350000381469727,20.049999237060547,0.01981972091584406,490929.929278039,0.0,490929.929278039,26.520032761242074,0.0,False,False
2019-08-30,2924.580078125,17.8799991607666,19.030000686645508,0.01981972091584406,490956.5877941138,0.0,490956.5877941138,26.658516074786366,0.0,False,False
2019-09-03,2926.4599609375,18.979999542236328,19.540000915527344,0.01981972091584406,491351.55934034643,-458.32300501871714,490893.23633532773,106.64854121396827,0.0,True,False
2019-09-04,2906.27001953125,19.65999984741211,20.1200008392334,0.019717831082755294,491378.24075181043,-463.26261463919235,490914.97813717125,26.681411463971873,0.0,True,False
2019-09-05,2937.780029296875,17.329999923706055,18.809999465942383,0.019615943837874208,491404.7864363534,-355.76620102452193,491049.0202353289,26.54568454298194,0.0,True,False
2019-09-06,2976.0,16.270000457763672,18.079999923706055,0.019615943837874208,491431.1963753068,-341.20485021098574,491089.99152509583,26.409938953424138,0.0,True,False
2019-09-09,2978.7099609375,15.0,17.459999084472656,0.019514059181070218,491510.4347086883,-234.54625933841618,491275.88844934985,79.23833338149504,0.0,True,False
2019-09-10,2978.429931640625,15.270000457763672,17.549999237060547,0.019514059181070218,491536.71311994304,-229.48096642544468,491307.2321535176,26.278411254735783,0.0,True,False
2019-09-11,2979.389892578125,15.199999809265137,17.40999984741211,0.01941217711221094,491562.9929361627,-211.98383347409998,491351.0091026886,26.27981621961406,0.0,True,False
2019-09-12,3000.929931640625,14.609999656677246,17.100000381469727,0.019514059181070218,491589.13694064063,-203.17993125256697,491385.9570093881,26.14400447791875,0.0,True,False
2019-09-13,3009.570068359375,14.220000267028809,16.809999465942383,0.01941217711221094,491615.4195596791,-185.37459030035131,491430.04496937874,26.28261903848128,0.0,True,False
2019-09-16,3007.389892578125,13.739999771118164,16.670000076293945,0.019514059181070218,491943.1901353852,-561.941804174761,491381.24833121046,78.44455039802601,145.70722615201603,True,False
2019-09-17,2997.9599609375,14.670000076293944,17.200000762939453,0.01981972091584406,491969.4916837379,-600.4034119446063,491369.08827179327,26.30154835269424,0.0,True,False
2019-09-18,3005.699951171875,14.4399995803833,17.229999542236328,0.01981972091584406,491996.20665021316,-548.2258807297429,491447.98076948343,26.71496647524132,0.0,True,False
2019-09-19,3006.72998046875,13.949999809265137,16.860000610351562,0.01941217711221094,492022.92306736665,-447.9003743352858,491575.02269303135,26.716417153476122,0.0,True,False
2019-09-20,3006.7900390625,14.050000190734863,16.790000915527344,0.019208420737802476,492049.0915334407,-416.0090153329935,491633.0825181077,26.168466074057026,0.0,True,False
2019-09-23,2992.070068359375,15.31999969482422,17.709999084472656,0.019004674713597184,492126.7811123551,-392.84260913417086,491733.93850322097,77.68957891441093,0.0,True,False
2019-09-24,2991.780029296875,14.90999984741211,17.8700008392334,0.01931029763116581,492152.40564080357,-302.5452565857479,491849.8603842178,25.624528448431054,0.0,True,False
2019-09-25,2966.60009765625,17.049999237060547,18.549999237060547,0.019106546431990376,492178.44361568335,-488.8567449385625,491689.58687074477,26.03797487981307,0.0,True,False
2019-09-26,2984.8701171875,15.960000038146973,18.0,0.018800939038543605,492204.2082086144,-331.2345407762305,491872.97366783815,25.764592931014953,0.0,True,False
2019-09-27,2977.6201171875,16.06999969482422,18.1200008392334,0.0181897940977809,491914.7186183696,0.0,491914.7186183696,25.353807256706766,77.09840667327398,False,False
2019-09-30,2961.7900390625,17.219999313354492,18.75,0.01788425654337038,491988.26790345326,0.0,491988.26790345326,73.54928508368322,0.0,False,False
2019-10-01,2976.739990234375,16.239999771118164,17.959999084472656,0.01869907508162039,492726.48214363214,-884.1072265740185,491842.3749170581,24.107013604857325,0.0,True,False
2019-10-02,2940.25,18.559999465942383,19.350000381469727,0.018087945660248832,492751.72533676773,-976.8000937513183,491774.9252430164,25.243193135590786,0.0,True,False
2019-10-03,2887.610107421875,20.559999465942383,20.739999771118164,0.017782415863761357,492776.1447539694,-1099.4002605081835,491676.7444934612,24.41941720165998,0.0,True,False
2019-10-04,2910.6298828125,19.1200008392334,19.780000686645508,0.016967783501476128,492800.1528739508,-937.4910225363881,491862.66185141436,24.00811998136359,0.0,True,False
2019-10-07,2952.010009765625,17.040000915527344,18.59000015258789,0.017069603499068373,492868.8841840787,-706.1954309942709,492162.68875308445,68.73131012792912,0.0,True,False
2019-10-08,2938.7900390625,17.860000610351562,18.90999984741211,0.017375079001127135,492891.9342475205,-726.4121338116712,492165.52211370884,23.050063441786776,0.0,True,False
2019-10-09,2893.06005859375,20.280000686645508,20.38999938964844,0.017069603499068373,492915.3979191274,-911.8724353204104,492003.525483807,23.46367160689667,0.0,True,False
2019-10-10,2919.39990234375,18.63999938964844,19.510000228881836,0.0168659660885449,492938.4501578831,-732.0168602232815,492206.43329765985,23.05223875570533,0.0,True,False
2019-10-11,2938.1298828125,17.56999969482422,18.790000915527344,0.01676415126014437,492961.22844629834,-614.199641109057,492347.0288051893,22.778288415230968,0.0,True,False
2019-10-14,2970.27001953125,15.579999923706056,17.549999237060547,0.01676415126014437,493029.1570433007,-394.13659001292086,492635.02045328775,67.92859700236404,0.0,True,False
2019-10-15,2966.14990234375,14.56999969482422,17.1200008392334,0.01676415126014437,493090.7309961052,-517.8220439665199,492572.9089521387,22.644945683629903,405.21418972835045,True,False
2019-10-16,2995.679931640625,13.539999961853027,16.479999542236328,0.016662339016142433,493113.378769895,-463.2067986670509,492650.171971228,22.647773789831867,0.0,True,False
2019-10-17,2989.68994140625,13.68000030517578,16.479999542236328,0.016560529356408785,493135.89002971456,-408.94037100663525,492726.94965870795,22.511259819547927,0.0,True,False
2019-10-18,2997.949951171875,13.789999961853027,16.440000534057617,0.016560529356408785,493158.2647602648,-411.59638934505296,492746.6683709197,22.374730550205275,0.0,True,False
2019-10-21,2986.199951171875,14.25,16.649999618530273,0.016560529356408785,493225.3950432633,-295.5430592222867,492929.85198404104,67.13028299854261,0.0,True,False
2019-10-22,3006.719970703125,14.0,16.280000686645508,0.016662339016142433,493247.77383486566,-302.6950564876425,492945.078778378,22.37879160234432,0.0,True,False
2019-10-23,2995.989990234375,14.460000038146973,16.549999237060547,0.016458722280811345,493270.29122999276,-271.53923698734405,492998.7519930054,22.51739512707815,0.0,True,False
2019-10-24,3004.52001953125,14.010000228881836,16.290000915527344,0.016458722280811345,493292.5344677434,-217.80385125853837,493074.7306164849,22.243237750644713,0.0,True,False
2019-10-25,3010.2900390625,13.710000038146973,16.25,0.016662339016142433,493135.64616923255,0.0,493135.64616923255,22.2442407740062,168.68950468166383,False,False
2019-10-28,3022.550048828125,12.649999618530272,15.710000038146973,0.016560529356408785,493203.1860814876,0.0,493203.1860814876,67.53991225505959,0.0,False,False
2019-10-29,3039.419921875,13.109999656677246,15.989999771118164,0.016458722280811345,493225.5638654173,0.0,493225.5638654173,22.37778392972187,0.0,False,False
2019-10-30,3036.889892578125,13.199999809265137,16.09000015258789,0.016255115881502177,493247.80508625874,0.0,493247.80508625874,22.241220841412797,0.0,False,False
2019-10-31,3046.77001953125,12.329999923706056,15.6899995803833,0.016153316557528122,493269.77215137443,0.0,493269.77215137443,21.967065115693433,0.0,False,False
2019-11-01,3037.56005859375,13.220000267028809,16.049999237060547,0.015339014964751659,493291.60261464486,0.0,493291.60261464486,21.830463270417894,0.0,False,False
2019-11-04,3066.909912109375,12.300000190734863,15.420000076293944,0.015135465394811011,493353.7978278322,0.0,493353.7978278322,62.195213187352664,0.0,False,False
2019-11-05,3078.27001953125,12.829999923706056,15.619999885559082,0.015237238888565052,493895.1042879891,-690.8481200017948,493204.2561679873,20.45834015510196,0.0,True,False
2019-11-06,3074.6201171875,13.100000381469728,15.90999984741211,0.015542574864945027,493915.7227942175,-686.3155478932671,493229.40724632423,20.618506228439593,0.0,True,False
2019-11-07,3076.780029296875,12.619999885559082,15.829999923706056,0.015542574864945027,493936.75535736117,-624.1643670888552,493312.5909902723,21.032563143640147,0.0,True,False
2019-11-08,3085.179931640625,12.729999542236328,15.800000190734863,0.015542574864945027,493957.78881614085,-625.3364508082657,493332.4523653326,21.033458779660577,0.0,True,False
2019-11-11,3093.080078125,12.06999969482422,15.529999732971191,0.015440793623500997,494020.89456667745,-489.132621619257,493531.7619450582,63.10575053658428,0.0,True,False
2019-11-12,3087.010009765625,12.6899995803833,15.600000381469728,0.015440793623500997,494041.7938434672,-485.74103010521367,493556.052813362,20.89927678975997,0.0,True,False
2019-11-13,3091.840087890625,12.68000030517578,15.489999771118164,0.015847934086752537,494062.6940043891,-462.8130551002374,493599.8809492889,20.90016092193968,0.0,True,False
2019-11-14,3094.0400390625,13.0,15.619999885559082,0.015644358689213936,494084.14617697644,-466.7078201138568,493617.4383568626,21.452172587344517,0.0,True,False
2019-11-15,3096.6298828125,13.050000190734863,15.600000381469728,0.015644358689213936,494105.32369823294,-445.4833920828409,493659.8403061501,21.17752125650715,0.0,True,False
2019-11-18,3120.4599609375,12.050000190734863,14.989999771118164,0.015644358689213936,494168.8617084459,-330.76623498706067,493838.0954734588,63.53801021292728,0.0,True,False
2019-11-19,3122.030029296875,12.460000038146973,15.170000076293944,0.015644358689213936,494190.04286079435,-341.468149371786,493848.57471142255,21.1811523484625,0.0,True,False
2019-11-20,3120.179931640625,12.859999656677246,15.5,0.015644358689213936,494211.22492101305,-338.39936064919084,493872.8255603639,21.182060218726235,0.0,True,False
2019-11-21,3108.4599609375,12.779999732971191,15.640000343322754,0.015644358689213936,493959.3437183321,0.0,493959.3437183321,21.182968127903266,247.78394919297972,False,False
2019-11-22,3103.5400390625,13.130000114440918,15.81999969482422,0.015746145096439703,493980.5158902838,0.0,493980.5158902838,21.172171951654413,0.0,False,False
2019-11-25,3110.2900390625,12.34000015258789,15.399999618530272,0.015746145096439703,494044.4511689215,0.0,494044.4511689215,63.93527863766938,0.0,False,False
2019-11-26,3133.639892578125,11.869999885559082,14.989999771118164,0.016051519817165624,494065.7647673174,0.0,494065.7647673174,21.313598395888345,0.0,False,False
2019-11-27,3140.52001953125,11.539999961853027,14.850000381469728,0.015949725660284436,494087.49265990837,0.0,494087.49265990837,21.72789259099654,0.0,False,False
2019-11-29,3153.6298828125,11.75,14.960000038146973,0.016153316557528122,494130.6756973543,0.0,494130.6756973543,43.183037445912504,0.0,False,False
2019-12-02,3140.97998046875,12.619999885559082,15.510000228881836,0.015847934086752537,494196.2842927938,0.0,494196.2842927938,65.60859543947365,0.0,False,False
2019-12-03,3113.8701171875,14.90999984741211,16.84000015258789,0.015949725660284436,494940.55341199774,-892.8111461342543,494047.74226586346,21.457973069667162,0.0,True,False
2019-12-04,3093.199951171875,15.960000038146973,17.6299991607666,0.015644358689213936,494962.1817367285,-919.0559841691187,494043.1257525594,21.628324730761744,0.0,True,False
2019-12-05,3112.760009765625,14.800000190734863,16.979999542236328,0.015440793623500997,494983.39689249906,-823.0739102478612,494160.3229822512,21.215155770535773,0.0,True,False
2019-12-06,3117.429931640625,14.520000457763672,16.780000686645508,0.015339014964751659,495004.33688740974,-772.1978420117739,494232.139045398,20.9399949106722,0.0,True,False
2019-12-09,3145.909912109375,13.619999885559082,16.209999084472656,0.015237238888565052,495066.7480456338,-688.8633701702207,494377.88467546355,62.41115822404755,0.0,True,False
2019-12-10,3135.9599609375,15.859999656677246,17.299999237060547,0.015339014964751659,495087.4154641594,-864.719228653944,494222.69623550546,20.667418525615197,0.0,True,False
2019-12-11,3132.52001953125,15.68000030517578,17.1299991607666,0.015542574864945027,495108.221800729,-781.5557332674746,494326.66606746154,20.806336569610465,0.0,True,False
2019-12-12,3141.6298828125,14.989999771118164,16.90999984741211,0.015644358689213936,495129.3051444198,-711.8515613974256,494417.45358302235,21.08334369079764,0.0,True,False
2019-12-13,3168.570068359375,13.9399995803833,16.09000015258789,0.015542574864945027,495150.5274634631,-697.970489449624,494452.55697401345,21.222319043322862,0.0,True,False
2019-12-16,3168.800048828125,12.630000114440918,15.279999732971191,0.015644358689213936,495213.78559274384,-410.88427132870777,494802.90132141515,63.25812928075523,0.0,True,False
2019-12-17,3191.449951171875,12.140000343322754,14.979999542236328,0.015644358689213936,495235.01153280295,-449.06889529495714,494785.942637508,21.22594005910324,0.0,True,False
2019-12-18,3192.52001953125,12.289999961853027,15.149999618530272,0.015542574864945027,495256.238382652,-430.3892376150688,494825.84914503695,21.22684984906568,0.0,True,False
2019-12-19,3191.139892578125,12.579999923706056,15.199999809265137,0.015542574864945027,495277.32802937785,-412.45001584512437,494864.8780135327,21.08964672583364,0.0,True,False
2019-12-20,3205.3701171875,12.5,15.140000343322754,0.015644358689213936,495298.4185741705,-460.88146075350693,494837.537113417,21.090544792661575,0.0,True,False
2019-12-23,3221.219970703125,12.510000228881836,15.31999969482422,0.015746145096439703,495362.1100068842,-427.76882394242745,494934.3411829418,63.69143271371096,0.0,True,False
2019-12-24,3224.010009765625,12.609999656677246,15.5,0.015847934086752537,495383.4804504713,-399.23634805464366,494984.2441024166,21.370443587102784,0.0,True,False
2019-12-26,3223.3798828125,12.670000076293944,15.520000457763672,0.015746145096439703,495134.3253879371,0.0,495134.3253879371,43.01997605362381,430.6361075464497,False,False
2019-12-27,3239.909912109375,12.649999618530272,15.520000457763672,0.015746145096439703,495155.6860046556,0.0,495155.6860046556,21.360616718533542,0.0,False,False
2019-12-30,3240.02001953125,13.43000030517578,15.949999809265137,0.015644358689213936,495219.7733840873,0.0,495219.7733840873,64.08737943171306,0.0,False,False
2019-12-31,3221.2900390625,14.81999969482422,16.68000030517578,0.015644358689213936,495240.99958079617,0.0,495240.99958079617,21.226196708865103,0.0,False,False
2020-01-02,3230.780029296875,13.779999732971191,15.869999885559082,0.015440793623500997,495283.45470365585,0.0,495283.45470365585,42.45512285967999,0.0,False,False
2020-01-03,3257.85009765625,12.470000267028809,15.1899995803833,0.015339014964751659,495304.4073923439,0.0,495304.4073923439,20.95268868803519,0.0,False,False
2020-01-06,3234.85009765625,14.020000457763672,16.010000228881836,0.015135465394811011,495366.85638407036,0.0,495366.85638407036,62.448991726435786,0.0,False,False
2020-01-07,3246.280029296875,13.850000381469728,15.920000076293944,0.015542574864945027,496116.9889343657,-899.5907328530099,495217.3982015127,20.541817442348933,0.0,True,False
2020-01-08,3237.179931640625,13.789999961853027,15.859999656677246,0.015339014964751659,496138.1152346935,-819.5531779587288,495318.5620567348,21.12630032784376,0.0,True,False
2020-01-09,3253.050048828125,13.449999809265137,15.399999618530272,0.015339014964751659,496158.96572753205,-787.9525155113117,495371.01321202074,20.850492838536933,0.0,True,False
2020-01-10,3274.699951171875,12.539999961853027,14.949999809265137,0.015339014964751659,496179.8170966247,-754.4980045622384,495425.3190920625,20.85136909262478,0.0,True,False
2020-01-13,3265.35009765625,12.5600004196167,14.949999809265137,0.015339014964751659,496242.37646179536,-599.8695312767541,495642.5069305186,62.559365170653024,0.0,True,False
2020-01-14,3288.1298828125,12.31999969482422,14.640000343322754,0.015644358689213936,496263.2313362726,-644.2046095554292,495619.0267267172,20.85487447724251,0.0,True,False
2020-01-15,3283.14990234375,12.390000343322754,14.640000343322754,0.015644358689213936,496284.5022578591,-583.4960007717984,495701.0062570873,21.27092158646674,0.0,True,False
2020-01-16,3289.2900390625,12.420000076293944,14.630000114440918,0.015644358689213936,496305.77409116353,-583.5040352559747,495722.27005590755,21.27183330443529,0.0,True,False
2020-01-17,3316.81005859375,12.31999969482422,14.449999809265137,0.015440793623500997,496327.046836225,-729.960827354289,495597.08600887074,21.27274506148205,0.0,True,False
2020-01-21,3329.6201171875,12.100000381469728,14.40999984741211,0.015542574864945027,496411.0395150029,-626.8378457929305,495784.20166921,83.99267877789308,0.0,True,False
2020-01-22,3320.7900390625,12.850000381469728,14.869999885559082,0.015542574864945027,496432.1783369759,-612.2029952316939,495819.97534174426,21.138821972973194,0.0,True,False
2020-01-23,3321.75,12.90999984741211,14.979999542236328,0.015440793623500997,496453.3180591098,-579.1627747530117,495874.1552843568,21.13972213384561,0.0,True,False
2020-01-24,3325.5400390625,12.979999542236328,14.989999771118164,0.015440793623500997,496474.3202382108,-572.1156467720266,495902.20459143876,21.002179100972633,0.0,True,False
2020-01-27,3295.469970703125,14.5600004196167,16.06999969482422,0.015339014964751659,496537.33210657653,-433.877579497815,496103.4545270787,63.0118683657603,0.0,True,False
2020-01-28,3243.6298828125,18.229999542236328,18.15999984741211,0.015440793623500997,496558.1993767363,-639.9039365162525,495918.29544022004,20.86727015975581,0.0,True,True
2020-01-29,3276.239990234375,16.280000686645508,17.030000686645508,0.015644358689213936,496579.2059927826,-471.1817081097567,496108.02428467287,21.00661604627446,0.0,True,False
2020-01-30,3273.39990234375,16.389999389648438,17.030000686645508,0.015542574864945027,496600.4904577302,-433.247583088708,496167.2428746415,21.284464947565322,0.0,True,False
2020-01-31,3283.659912109375,15.489999771118164,16.59000015258789,0.015644358689213936,496289.2607883025,0.0,496289.2607883025,21.14688941997203,397.21417400534284,False,False
2020-02-03,3225.52001953125,18.84000015258789,18.6299991607666,0.015440793623500997,496353.0796354352,0.0,496353.0796354352,63.818847132664615,0.0,False,True
2020-02-04,3248.919921875,17.969999313354492,18.040000915527344,0.015644358689213936,497001.303272823,-797.2256988170858,496204.0775740059,20.997938570694693,0.0,True,False
2020-02-05,3297.590087890625,16.049999237060547,16.700000762939453,0.015644358689213936,497022.6058297781,-769.5107612990984,496253.095068479,21.30255695515054,0.0,True,False
2020-02-06,3334.68994140625,15.149999618530272,16.110000610351562,0.015644358689213936,497043.9092998072,-877.4525162153755,496166.4567835918,21.3034700290798,0.0,True,False
2020-02-07,3345.780029296875,14.960000038146973,15.890000343322754,0.015644358689213936,497065.21368294937,-904.512182533772,496160.70150041557,21.304383142145397,0.0,True,False
2020-02-10,3327.7099609375,15.470000267028809,16.290000915527344,0.015542574864945027,497129.1323114456,-735.0909682074263,496394.0413432382,63.91862849623263,0.0,True,False
2020-02-11,3352.090087890625,15.039999961853027,16.1299991607666,0.015746145096439703,497150.3017121821,-842.9113997897634,496307.3903123924,21.169400736489226,0.0,True,False
2020-02-12,3357.75,15.18000030517578,16.139999389648438,0.015644358689213936,497171.7493002443,-871.7953463945481,496299.9539538498,21.447588062202954,0.0,True,False
2020-02-13,3379.449951171875,13.739999771118164,15.359999656677246,0.015746145096439703,497193.059162887,-851.1007890999782,496341.958373787,21.309862642646753,0.0,True,False
2020-02-14,3373.93994140625,14.149999618530272,15.68000030517578,0.015847934086752537,497214.50859555067,-814.9274088789074,496399.58118667174,21.44943266369701,0.0,True,False
2020-02-18,3380.159912109375,13.68000030517578,15.5,0.015746145096439703,497300.8703168309,-641.8952086259312,496658.97510820493,86.36172128021971,0.0,True,False
2020-02-19,3370.2900390625,14.829999923706056,16.100000381469727,0.015746145096439703,497322.3244005814,-665.9058755973763,496656.41852498404,21.45408375052193,0.0,True,False
2020-02-20,3386.14990234375,14.380000114440918,15.81999969482422,0.015746145096439703,497343.7794098837,-709.8924891905216,496633.8869206932,21.455009302309687,0.0,True,False
2020-02-21,3373.22998046875,15.5600004196167,16.600000381469727,0.015746145096439703,497365.23534477776,-705.5127859444158,496659.72255883337,21.455934894026722,0.0,True,False
2020-02-24,3337.75,17.079999923706055,17.610000610351562,0.015542574864945027,497429.60870340944,-499.53380356277705,496930.0748998467,64.37335863166143,0.0,True,False
2020-02-25,3225.889892578125,25.030000686645508,21.920000076293945,0.015237238888565052,497450.79089942336,-864.6151925413836,496586.175706882,21.182196013892828,0.0,True,True
2020-02-26,3128.2099609375,27.850000381469727,23.86000061035156,0.015237238888565052,497471.5578439455,-1067.4147267327758,496404.14311721275,20.766944522133407,0.0,True,True
2020-02-27,3116.389892578125,27.559999465942383,23.700000762939453,0.015237238888565052,497492.3256554197,-1040.381013972544,496451.94464144716,20.767811474187106,0.0,True,True
2020-02-28,2978.760009765625,39.15999984741211,29.920000076293945,0.014423123235623505,495041.49515739677,0.0,495041.49515739677,20.768678462433225,-1844.3734776682807,False,True
2020-03-02,2954.219970703125,40.11000061035156,29.850000381469727,0.012693675933768366,495100.1839331839,0.0,495100.1839331839,58.688775787128606,0.0,False,True
2020-03-03,3090.22998046875,33.41999816894531,27.700000762939453,0.011168312039483508,495117.40242790163,0.0,495117.40242790163,17.218494717731506,0.0,False,True
2020-03-04,3003.3701171875,36.81999969482422,30.170000076293945,0.00944026726683901,495132.552318985,0.0,495132.552318985,15.149891083344757,0.0,False,True
2020-03-05,3130.1201171875,31.989999771118164,27.510000228881836,0.0072050786041703094,495145.3584671298,0.0,495145.3584671298,12.806148144834578,0.0,False,True
2020-03-06,3023.93994140625,39.619998931884766,32.56999969482422,0.006189495378516595,495155.13270395226,0.0,495155.13270395226,9.774236822463246,0.0,False,True
2020-03-09,2972.3701171875,41.939998626708984,35.459999084472656,0.004565096891371131,495180.3231562505,0.0,495180.3231562505,25.190452298285813,0.0,False,True
2020-03-10,2746.56005859375,54.459999084472656,43.04999923706055,0.003245757350019421,495186.51647211466,0.0,495186.51647211466,6.193315864123218,0.0,False,True
2020-03-11,2882.22998046875,47.29999923706055,39.439998626708984,0.004362093328476233,495190.91993080435,0.0,495190.91993080435,4.403458689669296,0.0,False,True
2020-03-12,2741.3798828125,53.900001525878906,44.369998931884766,0.004159100039446663,495196.8379634499,0.0,495196.8379634499,5.91803264552712,0.0,False,True
2020-03-13,2480.639892578125,75.47000122070312,57.2400016784668,0.0033472296011869446,495202.4806618678,0.0,495202.4806618678,5.642698417942617,0.0,False,True
2020-03-16,2711.02001953125,57.83000183105469,48.310001373291016,0.0027384345971410155,495216.1046005224,0.0,495216.1046005224,13.62393865456365,0.0,False,True
2020-03-17,2386.1298828125,82.69000244140625,67.69999694824219,0.0024340717431051875,495219.82000326505,0.0,495219.82000326505,3.7154027426669676,0.0,False,True
2020-03-18,2529.18994140625,75.91000366210938,65.2699966430664,0.0019268516379477108,495223.12248159305,0.0,495223.12248159305,3.3024783280071475,0.0,False,True
2020-03-19,2398.10009765625,76.44999694824219,72.9800033569336,0.00020278290372213926,495225.7367939311,0.0,495225.7367939311,2.6143123380357536,0.0,False,True
2020-03-20,2409.389892578125,72.0,69.47000122070312,0.00040557606002412504,495226.01192637166,0.0,495226.01192637166,0.27513244053495317,0.0,False,True
2020-03-23,2304.919921875,66.04000091552734,65.58999633789062,0.000506976483216771,495227.6627659567,0.0,495227.6627659567,1.6508395850532984,0.0,False,True
2020-03-24,2237.39990234375,61.59000015258789,56.63999938964844,0.00020278290372213926,495228.35062610253,0.0,495228.35062610253,0.6878601457906094,0.0,False,True
2020-03-25,2447.330078125,61.66999816894531,52.11000061035156,0.00010139017035360414,495228.62575999525,0.0,495228.62575999525,0.27513389270104843,0.0,False,True
2020-03-26,2475.56005859375,63.95000076293945,53.849998474121094,-0.0004055350538510759,495228.7633252602,0.0,495228.7633252602,0.13756526496750707,0.0,False,True
2020-03-27,2630.070068359375,61.0,49.790000915527344,-0.0005069124110711975,495228.2130992009,0.0,495228.2130992009,-0.5502260592955309,0.0,False,True
2020-03-30,2541.469970703125,65.54000091552734,55.75,0.00030417820023607886,495226.14978299895,0.0,495226.14978299895,-2.063316201973283,0.0,False,True
2020-03-31,2626.64990234375,57.08000183105469,51.2599983215332,0.0012168512317685082,495226.56248727767,0.0,495226.56248727767,0.41270427870545806,0.0,False,True
2020-04-01,2584.590087890625,53.540000915527344,48.31999969482422,0.001115432861117531,495228.21349565324,0.0,495228.21349565324,1.6510083755836844,0.0,False,True
2020-04-02,2470.5,57.060001373291016,51.16999816894531,0.0009126038126204015,495229.7269057002,0.0,495229.7269057002,1.5134100469734189,0.0,False,True
2020-04-03,2526.89990234375,50.90999984741211,47.29999923706055,0.0009126038126204015,495230.9651224178,0.0,495230.9651224178,1.2382167175483374,0.0,False,True
2020-04-06,2488.64990234375,46.79999923706055,44.84000015258789,0.0010140170547777556,495234.6797911457,0.0,495234.6797911457,3.7146687279542054,0.0,False,True
2020-04-07,2663.679931640625,45.2400016784668,43.09000015258789,0.0015211217308890748,495236.0556188416,0.0,495236.0556188416,1.3758276958738733,0.0,False,True
2020-04-08,2659.409912109375,46.70000076293945,43.41999816894531,0.0014196956665245841,495238.1194980082,0.0,495238.1194980082,2.0638791665939547,0.0,False,True
2020-04-09,2749.97998046875,43.349998474121094,41.59000015258789,0.002231176003955833,495240.045768637,0.0,495240.045768637,1.9262706287809634,0.0,False,True
2020-04-13,2789.820068359375,41.66999816894531,40.61000061035156,0.0025355234616125932,495252.1551518189,0.0,495252.1551518189,12.109383181905223,0.0,False,True
2020-04-14,2761.6298828125,41.16999816894531,39.970001220703125,0.002636977746247632,495255.59550201165,0.0,495255.59550201165,3.44035019275618,0.0,False,True
2020-04-15,2846.06005859375,37.7599983215332,36.459999084472656,0.0020282905277612144,495259.1735368107,0.0,495259.1735368107,3.5780347990237393,0.0,False,True
2020-04-16,2783.360107421875,40.84000015258789,39.279998779296875,0.0014196956665245841,495261.9256800478,0.0,495261.9256800478,2.752143237102875,0.0,False,True
2020-04-17,2799.550048828125,40.11000061035156,39.209999084472656,0.0014196956665245841,495263.8520432727,0.0,495263.8520432727,1.9263632249431746,0.0,False,True
2020-04-20,2874.56005859375,38.150001525878906,37.279998779296875,0.0012168512317685082,495269.6311779042,0.0,495269.6311779042,5.77913463153258,0.0,False,True
2020-04-21,2823.159912109375,43.83000183105469,40.970001220703125,0.0012168512317685082,495271.2823298641,0.0,495271.2823298641,1.6511519599031375,0.0,False,True
2020-04-22,2736.56005859375,45.40999984741211,43.279998779296875,0.001115432861117531,495272.9334873287,0.0,495272.9334873287,1.6511574645870977,0.0,False,True
2020-04-23,2799.31005859375,41.97999954223633,40.91999816894531,0.0012168512317685082,495274.4470340393,0.0,495274.4470340393,1.5135467106021416,0.0,False,True
2020-04-24,2797.800048828125,41.380001068115234,40.86000061035156,0.001115432861117531,495276.0982020545,0.0,495276.0982020545,1.6511680152188595,0.0,False,True
2020-04-27,2836.739990234375,35.93000030517578,37.810001373291016,0.0012168512317685082,495280.6388850765,0.0,495280.6388850765,4.540683021991515,0.0,False,False
2020-04-28,2878.47998046875,33.290000915527344,35.33000183105469,0.0012168512317685082,495282.2900737344,0.0,495282.2900737344,1.6511886578876844,0.0,False,False
2020-04-29,2863.389892578125,33.56999969482422,35.369998931884766,0.001115432861117531,495283.9412678971,0.0,495283.9412678971,1.65119416269399,0.0,False,False
2020-04-30,2939.510009765625,31.229999542236328,33.33000183105469,0.0010140170547777556,495285.4548482473,0.0,495285.4548482473,1.5135803502156635,0.0,False,False
2020-05-01,2912.429931640625,34.150001525878906,35.04999923706055,0.0009126038126204015,495286.83081700304,0.0,495286.83081700304,1.3759687557242242,0.0,False,False
2020-05-04,2830.7099609375,37.189998626708984,37.970001220703125,0.0012168512317685082,495290.54590477294,0.0,495290.54590477294,3.715087769902824,0.0,False,False
2020-05-05,2842.739990234375,35.970001220703125,37.0,0.001318272166861259,495292.1971264593,0.0,495292.1971264593,1.6512216863512905,0.0,False,False
2020-05-06,2868.43994140625,33.61000061035156,35.52000045776367,0.001318272166861259,495293.98597877985,0.0,495293.98597877985,1.7888523205918887,0.0,False,False
2020-05-07,2848.419921875,34.119998931884766,35.68000030517578,0.0012168512317685082,495295.77483756124,0.0,495295.77483756124,1.7888587814096513,0.0,False,False
2020-05-08,2881.18994140625,31.440000534057617,34.0099983215332,0.001115432861117531,495297.42607668,0.0,495297.42607668,1.651239118800361,0.0,False,False
2020-05-11,2929.800048828125,27.979999542236328,31.63999938964844,0.0012168512317685082,495301.9669552356,0.0,495301.9669552356,4.540878555590973,0.0,False,False
2020-05-12,2930.18994140625,27.56999969482422,30.38999938964844,0.0012168512317685082,495303.6182149979,0.0,495303.6182149979,1.6512597623581127,0.0,False,False
2020-05-13,2870.1201171875,33.040000915527344,34.2599983215332,0.001318272166861259,495305.2694802653,0.0,495305.2694802653,1.6512652674014694,0.0,False,False
2020-05-14,2820.0,35.279998779296875,36.5099983215332,0.001318272166861259,495307.0583797995,0.0,495307.0583797995,1.7888995341570877,0.0,False,False
2020-05-15,2852.5,32.61000061035156,34.900001525878906,0.0012168512317685082,495308.8472857946,0.0,495308.8472857946,1.788905995145372,0.0,False,False
2020-05-18,2863.699951171875,31.88999938964844,34.5099983215332,0.0012168512317685082,495313.8011504109,0.0,495313.8011504109,4.953864616287301,0.0,False,False
2020-05-19,2953.909912109375,29.299999237060547,31.770000457763672,0.001318272166861259,495315.45244962664,0.0,495315.45244962664,1.651299215725183,0.0,False,False
2020-05-20,2922.93994140625,30.530000686645508,32.810001373291016,0.001318272166861259,495317.2413859387,0.0,495317.2413859387,1.7889363121004476,0.0,False,False
2020-05-21,2971.610107421875,27.989999771118164,31.11000061035156,0.0012168512317685082,495319.03032871196,0.0,495319.03032871196,1.7889427732215633,0.0,False,False
2020-05-22,2948.510009765625,29.530000686645508,32.380001068115234,0.0012168512317685082,495320.68164536095,0.0,495320.68164536095,1.6513166489927547,0.0,False,False
2020-05-26,2955.449951171875,28.15999984741211,31.540000915527344,0.0012168512317685082,495327.28696700936,0.0,495327.28696700936,6.605321648403022,0.0,False,False
2020-05-27,2991.77001953125,28.010000228881836,30.850000381469727,0.0014196956665245841,495328.9383111847,0.0,495328.9383111847,1.651344175341331,0.0,False,False
2020-05-28,3036.1298828125,27.6200008392334,30.190000534057617,0.0015211217308890748,495330.86493506096,0.0,495330.86493506096,1.9266238762501606,0.0,False,False
2020-05-29,3029.72998046875,28.59000015258789,31.209999084472656,0.0015211217308890748,495332.9292093421,0.0,495332.9292093421,2.0642742811465484,0.0,False,False
2020-06-01,3044.31005859375,27.510000228881836,30.270000457763672,0.0014196956665245841,495339.1220838026,0.0,495339.1220838026,6.19287446047099,0.0,False,False
2020-06-02,3055.72998046875,28.229999542236328,30.920000076293945,0.0014196956665245841,495341.04874728946,0.0,495341.04874728946,1.926663486896659,0.0,False,False
2020-06-03,3080.820068359375,26.84000015258789,29.93000030517578,0.0015211217308890748,495342.9754182703,0.0,495342.9754182703,1.926670980817543,0.0,False,False
2020-06-04,3122.8701171875,25.65999984741211,28.90999984741211,0.0016225503600835508,495345.0397430214,0.0,495345.0397430214,2.0643247511672778,0.0,False,False
2020-06-05,3112.35009765625,25.809999465942383,28.850000381469727,0.0015211217308890748,495347.2417267447,0.0,495347.2417267447,2.20198372329348,0.0,False,False
2020-06-08,3193.929931640625,24.520000457763672,27.420000076293945,0.0015211217308890748,495353.4347801467,0.0,495353.4347801467,6.193053401983376,0.0,False,False
2020-06-09,3232.389892578125,25.809999465942383,28.079999923706055,0.001723981554238624,495355.4991484869,0.0,495355.4991484869,2.064368340196848,0.0,False,False
2020-06-10,3207.179931640625,27.56999969482422,29.670000076293945,0.0019268516379477108,495357.8388355009,0.0,495357.8388355009,2.339687013984756,0.0,False,False
2020-06-11,3190.139892578125,27.56999969482422,29.56999969482422,0.001723981554238624,495360.45385901455,0.0,495360.45385901455,2.615023513686017,0.0,False,False
2020-06-12,3002.10009765625,40.790000915527344,40.43000030517578,0.001723981554238624,495362.7935694309,0.0,495362.7935694309,2.33971041631278,0.0,False,True
2020-06-15,3041.31005859375,36.09000015258789,38.04999923706055,0.0016225503600835508,495488.2150340156,-288.4022670293542,495199.81276698626,7.01919755535833,0.0,True,False
2020-06-16,3066.590087890625,34.400001525878906,36.43000030517578,0.0018254153134831337,495490.41765420366,-239.64497265810988,495250.7726815455,2.2026201880504717,0.0,True,False
2020-06-17,3124.739990234375,33.66999816894531,35.79999923706055,0.001723981554238624,495492.8956762798,-249.1173618376332,495243.77831444214,2.4780220761478366,0.0,True,False
2020-06-18,3113.489990234375,33.470001220703125,35.720001220703125,0.001723981554238624,495495.2360122517,-214.23134603455577,495281.00466621714,2.3403359718996195,0.0,True,False
2020-06-19,3115.340087890625,32.939998626708984,35.13999938964844,0.0016225503600835508,495497.5763592776,-187.11143303592758,495310.46492624166,2.3403470258874957,0.0,True,False
2020-06-22,3097.739990234375,35.119998931884766,36.68000030517578,0.0015211217308890748,495504.18437405984,-174.31377910196304,495329.8705949579,6.608014782271024,0.0,True,False
2020-06-23,3117.860107421875,31.770000457763672,33.75,0.0016225503600835508,495506.24937064375,-122.0474318988564,495384.20193874487,2.064996583925712,0.0,True,False
2020-06-24,3131.2900390625,31.3700008392334,33.060001373291016,0.0016225503600835508,495508.4520710008,-114.74170143060516,495393.71036957024,2.202700357048906,0.0,True,False
2020-06-25,3050.330078125,33.84000015258789,35.38999938964844,0.0015211217308890748,495510.65478114964,-115.38749053021611,495395.26729061943,2.2027101488302794,0.0,True,False
2020-06-26,3083.760009765625,32.220001220703125,34.09000015258789,0.0016225503600835508,495403.01052533794,0.0,495403.01052533794,2.0650235491239046,8.692987668520644,False,False
2020-06-29,3009.050048828125,34.72999954223633,35.79999923706055,0.0014196956665245841,495409.617278979,0.0,495409.617278979,6.606753641029603,0.0,False,False
2020-06-30,3053.239990234375,31.780000686645508,33.90999984741211,0.0014196956665245841,495411.54421666294,0.0,495411.54421666294,1.9269376839315644,0.0,False,False
2020-07-01,3100.2900390625,30.43000030517578,32.52000045776367,0.0016225503600835508,495413.4711618419,0.0,495413.4711618419,1.9269451789189613,0.0,False,False
2020-07-02,3115.860107421875,28.6200008392334,31.68000030517578,0.0014196956665245841,495415.673449767,0.0,495415.673449767,2.2022879251292,0.0,False,False
2020-07-06,3130.010009765625,27.68000030517578,30.8700008392334,0.0014196956665245841,495423.38133969734,0.0,495423.38133969734,7.7078899303535575,0.0,False,False
2020-07-07,3179.719970703125,27.940000534057617,30.979999542236328,0.0015211217308890748,496030.18339345604,-774.8750625382871,495255.30833091773,1.926991220411998,0.0,True,False
2020-07-08,3145.320068359375,29.43000030517578,32.06999969482422,0.0015211217308890748,496032.2505821227,-775.9443260091575,495256.3062561136,2.067188666681932,0.0,True,False
2020-07-09,3169.93994140625,28.079999923706055,31.190000534057617,0.0015211217308890748,496034.31777940434,-706.5304747848774,495327.78730461944,2.0671972816193427,0.0,True,False
2020-07-10,3152.050048828125,29.260000228881836,32.060001373291016,0.001318272166861259,496036.38498530095,-718.8366385994146,495317.54834670154,2.0672058965926556,0.0,True,False
2020-07-13,3185.0400390625,27.290000915527344,31.020000457763672,0.001318272166861259,496041.759625049,-571.7841976729306,495469.9754273761,5.374639748083771,0.0,True,False
2020-07-14,3155.219970703125,32.189998626708984,34.540000915527344,0.0014196956665245841,496043.5511845728,-782.8251905252972,495260.72599404753,1.7915595237798456,0.0,True,False
2020-07-15,3197.52001953125,29.520000457763672,32.560001373291016,0.0015211217308890748,496045.48058799637,-661.7497178338897,495383.7308701625,1.92940342357247,0.0,True,False
2020-07-16,3226.56005859375,27.760000228881836,31.559999465942383,0.0016225503600835508,496047.5478404136,-588.1904163665143,495459.3574240471,2.067252417212131,0.0,True,False
2020-07-17,3215.570068359375,28.0,31.549999237060547,0.001115432861117531,496049.75294703356,-537.7230040285599,495512.029943005,2.2051066200055214,0.0,True,False
2020-07-20,3224.72998046875,25.68000030517578,30.3700008392334,0.001115432861117531,496054.3007229094,-335.7194739055248,495718.5812490039,4.547775875812166,0.0,True,False
2020-07-21,3251.840087890625,24.459999084472656,29.100000381469727,0.001318272166861259,496399.14801125665,-813.9362283088179,495585.2117829478,1.5159345572402736,304.27018801949947,True,False
2020-07-22,3257.300048828125,24.84000015258789,29.469999313354492,0.001318272166861259,496400.940861564,-804.2235045897929,495596.7173569742,1.7928503073773447,0.0,True,False
2020-07-23,3276.02001953125,24.31999969482422,29.049999237060547,0.001318272166861259,496402.73371834663,-752.6021423471735,495650.13157599943,1.7928567826346806,0.0,True,False
2020-07-24,3235.659912109375,26.079999923706055,30.25,0.0012168512317685082,496404.52658160456,-735.8748540240856,495668.65172758047,1.7928632579154031,0.0,True,False
2020-07-27,3215.6298828125,25.84000015258789,30.559999465942383,0.001115432861117531,496409.4914047307,-498.70052827841914,495910.7908764523,4.964823126162615,0.0,True,False
2020-07-28,3239.409912109375,24.739999771118164,30.0,0.001115432861117531,496411.0084247454,-377.26863402482167,496033.7397907206,1.5170200146754738,0.0,True,False
2020-07-29,3218.43994140625,25.440000534057617,30.100000381469727,0.001115432861117531,496412.52544939605,-368.38867320222545,496044.1367761938,1.5170246506660516,0.0,True,False
2020-07-30,3258.43994140625,24.100000381469727,29.290000915527344,0.001115432861117531,496147.4673232482,0.0,496147.4673232482,1.517029286670797,377.36107287434254,False,False
2020-07-31,3246.219970703125,24.760000228881836,29.760000228881836,0.0009126038126204015,496148.9835425212,0.0,496148.9835425212,1.5162192729837485,0.0,False,False
2020-08-03,3271.1201171875,24.459999084472656,29.709999084472656,0.0009126038126204015,496152.70509719645,0.0,496152.70509719645,3.7215546752333726,0.0,False,False
2020-08-04,3294.610107421875,24.280000686645508,29.65999984741211,0.0010140170547777556,497217.751347708,-1233.8057260830954,495983.9456216249,1.2405244284238213,0.0,True,False
2020-08-05,3306.510009765625,23.760000228881836,29.09000015258789,0.0009126038126204015,497219.13268463995,-1165.5253441624825,496053.60734047747,1.3813369319628497,0.0,True,False
2020-08-06,3327.77001953125,22.989999771118164,28.600000381469727,0.0010140170547777556,497220.375875444,-1128.3254704969056,496092.0504049471,1.243190804037171,0.0,True,False
2020-08-07,3349.159912109375,22.649999618530273,28.200000762939453,0.0010140170547777556,497221.7572196672,-1130.360047967422,496091.3971716998,1.3813442232493753,0.0,True,False
2020-08-10,3351.280029296875,22.209999084472656,28.280000686645508,0.0010140170547777556,497225.90127536224,-951.4830256068298,496274.4182497554,4.144055695055503,0.0,True,False
2020-08-11,3360.469970703125,22.1299991607666,28.049999237060547,0.001115432861117531,497227.2826349358,-921.9645825266032,496305.3180524092,1.3813595735439903,0.0,True,False
2020-08-12,3333.68994140625,24.030000686645508,29.170000076293945,0.001115432861117531,497228.8021541083,-925.264184063575,496303.5379700447,1.5195191724988597,0.0,True,False
2020-08-13,3380.35009765625,22.280000686645508,28.1200008392334,0.001115432861117531,497230.3216779244,-916.9680863664344,496313.353591558,1.5195238161268267,0.0,True,False
2020-08-14,3373.429931640625,22.1299991607666,28.170000076293945,0.0010140170547777556,497231.8412063842,-809.7393973789441,496422.10180900525,1.5195284597689844,0.0,True,False
2020-08-17,3372.85009765625,22.049999237060547,28.3700008392334,0.0010140170547777556,497235.98534612346,-617.9242219648461,496618.0611241586,4.144139739251028,0.0,True,False
2020-08-18,3381.989990234375,21.350000381469727,27.450000762939453,0.0010140170547777556,497409.295968373,-880.593219623761,496528.70274874923,1.3813875884314901,525.1417411204341,True,False
2020-08-19,3389.780029296875,21.510000228881836,27.350000381469727,0.0009126038126204015,497410.6778374414,-843.9974152113781,496566.68042223,1.3818690683516377,0.0,True,False
2020-08-20,3374.85009765625,22.540000915527344,28.11000061035156,0.001115432861117531,497411.9215071634,-834.5974939267155,496577.3240132367,1.2436697219968138,0.0,True,False
2020-08-21,3385.510009765625,22.719999313354492,28.1299991607666,0.001115432861117531,497413.44159058953,-805.6076391422313,496607.8339514473,1.520083426143293,0.0,True,False
2020-08-24,3397.159912109375,22.540000915527344,28.170000076293945,0.0010140170547777556,497418.00186874013,-557.4897406920061,496860.5121280481,4.560278150590932,0.0,True,False
2020-08-25,3431.280029296875,22.3700008392334,28.100000381469727,0.0012168512317685082,497419.38376199466,-565.5679212206837,496853.815840774,1.3818932544987945,0.0,True,False
2020-08-26,3443.6201171875,22.030000686645508,27.90999984741211,0.001115432861117531,497421.0420808955,-477.0939687056628,496943.9481121898,1.6583189008360708,0.0,True,False
2020-08-27,3478.72998046875,23.270000457763672,28.700000762939453,0.001115432861117531,497422.562192194,-744.6282328465929,496677.93395934737,1.5201112984808218,0.0,True,False
2020-08-28,3484.550048828125,24.469999313354492,29.93000030517578,0.001115432861117531,496617.68288232177,0.0,496617.68288232177,1.520115943918317,-95.80620619236865,False,False
2020-08-31,3508.010009765625,22.959999084472656,29.6200008392334,0.0010140170547777556,496622.2358649698,0.0,496622.2358649698,4.55298264800288,0.0,False,False
2020-09-01,3500.31005859375,26.40999984741211,31.850000381469727,0.001115432861117531,497688.1764047707,-1234.5608572900335,496453.61554748064,1.3796825108814779,0.0,True,False
2020-09-02,3526.64990234375,26.1200008392334,32.099998474121094,0.0012168512317685082,497689.6973324277,-1276.7853620525602,496412.91197037516,1.5209276569972126,0.0,True,False
2020-09-03,3580.840087890625,26.56999969482422,32.66999816894531,0.0012168512317685082,497691.356552512,-1520.1188014824754,496171.2377510295,1.6592200842592246,0.0,True,False
2020-09-04,3455.06005859375,33.599998474121094,37.630001068115234,0.001115432861117531,497693.0157781278,-1625.3840333091875,496067.63174481865,1.6592256158410572,0.0,True,False
2020-09-08,3426.9599609375,30.75,34.75,0.001115432861117531,497699.0995757999,-1089.4936514069248,496609.605924393,6.083797672074494,0.0,True,False
2020-09-09,3331.840087890625,31.459999084472656,34.310001373291016,0.001318272166861259,497700.62053683796,-1043.6551702962522,496656.9653665417,1.5209610380452423,0.0,True,False
2020-09-10,3398.9599609375,28.809999465942383,32.119998931884766,0.0012168512317685082,497702.4180876881,-806.630396107727,496895.78769158036,1.797550850129845,0.0,True,False
2020-09-11,3339.18994140625,29.709999084472656,32.91999816894531,0.0012168512317685082,497704.07735018135,-854.0572003679519,496850.0201498134,1.6592624932798012,0.0,True,False
2020-09-14,3340.969970703125,26.8700008392334,31.1299991607666,0.001115432861117531,497709.0551708516,-603.9167137649952,497105.1384570866,4.977820670229916,0.0,True,False
2020-09-15,3383.5400390625,25.850000381469727,30.479999542236328,0.001115432861117531,497971.0182919133,-917.8814629218256,497053.13682899147,1.520991462195491,577.1215239677398,True,False
2020-09-16,3401.199951171875,25.59000015258789,30.270000457763672,0.001115432861117531,497972.54008393094,-880.0614724960913,497092.47861143487,1.5217920175930781,0.0,True,False
2020-09-17,3385.489990234375,26.040000915527344,30.56999969482422,0.0012168512317685082,497974.0618805991,-805.4715028771757,497168.59037772194,1.521796668166826,0.0,True,False
2020-09-18,3357.010009765625,26.459999084472656,30.75,0.0009126038126204015,497975.72204871057,-717.1143217957666,497258.6077269148,1.6601681114579112,0.0,True,False
2020-09-21,3319.469970703125,25.829999923706055,30.459999084472656,0.0010140170547777556,497979.4573055347,-474.0153872367027,497505.44191829796,3.735256824091157,0.0,True,False
2020-09-22,3281.06005859375,27.780000686645508,31.63999938964844,0.0010140170547777556,497980.84075858694,-582.8055593955617,497398.03519919136,1.383453052250169,0.0,True,False
2020-09-23,3315.570068359375,26.86000061035156,31.670000076293945,0.0010140170547777556,497982.2242154826,-421.1731819092569,497561.05103357334,1.383456895666438,0.0,True,False
2020-09-24,3236.919921875,28.579999923706055,33.279998779296875,0.001115432861117531,497983.6076762217,-572.6613381565428,497410.94633806514,1.3834607390933842,0.0,True,False
2020-09-25,3246.590087890625,28.510000228881836,33.060001373291016,0.0010140170547777556,497477.9981091206,0.0,497477.9981091206,1.5218304905640807,240.75006533018347,False,False
2020-09-28,3298.4599609375,26.3799991607666,32.029998779296875,0.0010140170547777556,497482.1443004352,0.0,497482.1443004352,4.146191314629319,0.0,False,False
2020-09-29,3351.60009765625,26.190000534057617,31.739999771118164,0.001115432861117531,497483.5263718859,0.0,497483.5263718859,1.3820714506906362,0.0,False,False
2020-09-30,3335.469970703125,26.270000457763672,31.09000015258789,0.0009126038126204015,497485.04667413543,0.0,497485.04667413543,1.5203022495437577,0.0,False,False
2020-10-01,3363.0,26.3700008392334,31.63999938964844,0.0010140170547777556,497486.2905298009,0.0,497486.2905298009,1.2438556654728539,0.0,False,False
2020-10-02,3380.800048828125,26.700000762939453,31.719999313354492,0.0009126038126204015,497487.6726127704,0.0,497487.6726127704,1.3820829694663352,0.0,False,False
2020-10-05,3348.419921875,27.6299991607666,32.38999938964844,0.0009126038126204015,497491.40420879354,0.0,497491.40420879354,3.7315960231617673,0.0,False,False
2020-10-06,3408.60009765625,27.959999084472656,31.280000686645508,0.0010140170547777556,498429.44893361715,-1106.8008532624947,497322.6480803547,1.2438715611375692,0.0,True,False
2020-10-07,3360.969970703125,29.479999542236328,31.8799991607666,0.0010140170547777556,498430.8336368059,-1055.1318885380301,497375.70174826786,1.3847031887411925,0.0,True,False
2020-10-08,3419.43994140625,28.059999465942383,30.700000762939453,0.0010140170547777556,498432.2183438415,-1033.955888650205,497398.2624551913,1.3847070356305065,0.0,True,False
2020-10-09,3446.830078125,26.36000061035156,29.489999771118164,0.0009126038126204015,498433.60305472405,-934.726307739685,497498.8767469844,1.3847108825305077,0.0,True,False
2020-10-12,3477.139892578125,25.0,28.280000686645508,0.0010140170547777556,498437.34174605925,-789.9960396606576,497647.3457063986,3.7386913352060707,0.0,True,False
2020-10-13,3534.219970703125,25.06999969482422,27.979999542236328,0.0010140170547777556,498438.72647117527,-992.7227458014347,497446.0037253738,1.3847251160221348,0.0,True,False
2020-10-14,3511.929931640625,26.06999969482422,28.350000381469727,0.001115432861117531,498440.1112001382,-918.7192811479424,497521.3919189903,1.3847289629723658,0.0,True,False
2020-10-15,3488.669921875,26.399999618530273,28.239999771118164,0.0012168512317685082,498441.63442569674,-796.7126968245441,497644.92172887217,1.5232255585362735,0.0,True,False
2020-10-16,3483.340087890625,26.969999313354492,28.719999313354492,0.001115432861117531,498443.2961526224,-785.0082948086924,497658.2878578137,1.6617269256383784,0.0,True,False
2020-10-19,3483.81005859375,27.40999984741211,29.209999084472656,0.001115432861117531,498447.86587246245,-697.5236421295978,497750.34223033284,4.5697198400686165,0.0,True,False
2020-10-20,3426.919921875,29.18000030517578,30.399999618530273,0.001115432861117531,498449.38912171917,-629.9853942127459,497819.4037275064,1.523249256699437,0.0,True,False
2020-10-21,3443.1201171875,29.350000381469727,30.11000061035156,0.0010140170547777556,498450.91237563087,-639.807267854066,497811.1051077768,1.5232539117264856,0.0,True,False
2020-10-22,3435.56005859375,28.649999618530273,29.61000061035156,0.0010140170547777556,498452.2971384479,-534.2600544007712,497918.0370840471,1.3847628170329425,0.0,True,False
2020-10-23,3453.489990234375,28.11000061035156,29.299999237060547,0.0009126038126204015,498453.68190511194,-498.39160956156434,497955.29029555037,1.3847666640879117,0.0,True,False
2020-10-26,3465.389892578125,27.549999237060547,28.989999771118164,0.0010140170547777556,498071.70445084444,0.0,498071.70445084444,3.738841944281193,551.0845570507538,False,False
2020-10-27,3400.969970703125,32.459999084472656,32.06999969482422,0.001115432861117531,498073.0881601715,0.0,498073.0881601715,1.3837093270680714,0.0,False,True
2020-10-28,3390.679931640625,33.349998474121094,32.720001220703125,0.0010140170547777556,498074.6102641131,0.0,498074.6102641131,1.5221039415907536,0.0,False,True
2020-10-29,3271.030029296875,40.279998779296875,37.75,0.0010140170547777556,498075.9939815129,0.0,498075.9939815129,1.383717399803155,0.0,False,True
2020-10-30,3310.110107421875,37.59000015258789,35.84000015258789,0.0009126038126204015,498077.37770275684,0.0,498077.37770275684,1.3837212439538162,0.0,False,True
2020-11-02,3269.9599609375,38.02000045776367,36.27000045776367,0.0009126038126204015,498081.11372208793,0.0,498081.11372208793,3.7360193310943526,0.0,False,True
2020-11-03,3310.239990234375,37.130001068115234,35.060001373291016,0.0009126038126204015,498082.3590680924,0.0,498082.3590680924,1.245346004488175,0.0,False,True
2020-11-04,3369.159912109375,35.54999923706055,33.52000045776367,0.0010140170547777556,498083.6044172106,0.0,498083.6044172106,1.245349118211278,0.0,False,True
2020-11-05,3443.43994140625,29.56999969482422,29.979999542236328,0.0010140170547777556,498867.0222405916,-952.0340809941804,497914.9881595974,1.3837423867546699,0.0,True,False
2020-11-06,3510.449951171875,27.579999923706055,29.049999237060547,0.0010140170547777556,498868.4081594171,-980.271835376168,497888.13632404094,1.3859188254873194,0.0,True,False
2020-11-09,3509.43994140625,24.86000061035156,27.3700008392334,0.0010140170547777556,498872.5659389951,-652.1528631357785,498220.4130758593,4.157779578022322,0.0,True,False
2020-11-10,3550.5,25.75,26.8799991607666,0.001115432861117531,498873.9518732217,-798.480248956115,498075.4716242656,1.385934226617556,0.0,True,False
2020-11-11,3545.530029296875,24.799999237060547,26.489999771118164,0.0010140170547777556,498875.4764245909,-670.9542477736295,498204.5221768173,1.5245513691737487,0.0,True,False
2020-11-12,3572.659912109375,23.450000762939453,25.6200008392334,0.0010140170547777556,498876.8623669032,-631.0310064055786,498245.8313604976,1.3859423123329846,0.0,True,False
2020-11-13,3537.010009765625,25.350000381469727,27.219999313354492,0.0010140170547777556,498878.2483130659,-619.6963829075958,498258.55193015834,1.3859461626647485,0.0,True,False
2020-11-16,3585.14990234375,23.100000381469727,25.690000534057617,0.0009126038126204015,498882.40617465595,-506.5994829213838,498375.8066917346,4.157861590010286,0.0,True,False
2020-11-17,3626.909912109375,22.450000762939453,25.350000381469727,0.0009126038126204015,498883.65352412197,-595.6225921204303,498288.03093200154,1.247349466026347,0.0,True,False
2020-11-18,3609.530029296875,22.709999084472656,25.3799991607666,0.0009126038126204015,498884.9008767067,-494.45107328446085,498390.44980342226,1.24735258475868,0.0,True,False
2020-11-19,3567.7900390625,23.84000015258789,26.38999938964844,0.0009126038126204015,498485.67164769146,0.0,498485.67164769146,1.2473557034988103,381.5574962754366,False,False
2020-11-20,3581.8701171875,23.11000061035156,25.799999237060547,0.0007097850203325396,498486.9180052071,0.0,498486.9180052071,1.2463575156303452,0.0,False,False
2020-11-23,3557.5400390625,23.700000762939453,26.059999465942383,0.0007097850203325396,498489.82611133833,0.0,498489.82611133833,2.908106131248188,0.0,False,False
2020-11-24,3577.590087890625,22.65999984741211,25.43000030517578,0.0008111931345149166,498490.7954838188,0.0,498490.7954838188,0.9693724804738111,0.0,False,False
2020-11-25,3635.409912109375,21.63999938964844,24.84000015258789,0.0009126038126204015,498491.9033543949,0.0,498491.9033543949,1.1078705761147916,0.0,False,False
2020-11-27,3629.64990234375,21.25,24.420000076293945,0.0009126038126204015,498494.3961037046,0.0,498494.3961037046,2.492749309672108,0.0,False,False
2020-11-30,3638.35009765625,20.84000015258789,24.43000030517578,0.0009126038126204015,498498.1352510412,0.0,498498.1352510412,3.739147336655554,0.0,False,False
2020-12-01,3621.6298828125,20.56999969482422,24.329999923706055,0.0008111931345149166,499389.7976626937,-1060.4160229743218,498329.3816397194,1.2463886782225526,0.0,True,False
2020-12-02,3662.449951171875,20.770000457763672,24.489999771118164,0.0009126038126204015,499390.9075312567,-1205.3781563097334,498185.52937494696,1.1098685629800695,0.0,True,False
2020-12-03,3669.010009765625,21.170000076293945,24.540000915527344,0.0009126038126204015,499392.1561521223,-1220.9763743812334,498171.1797777411,1.2486208656343092,0.0,True,False
2020-12-04,3666.719970703125,21.280000686645508,24.559999465942383,0.0008111931345149166,499393.40477610985,-1170.986254099215,498222.4185220106,1.2486239875455065,0.0,True,False
2020-12-07,3699.1201171875,20.790000915527344,24.290000915527344,0.0009126038126204015,499396.7344132484,-1139.6783975441042,498257.05601570435,3.329637138573573,0.0,True,False
2020-12-08,3691.9599609375,21.299999237060547,24.520000457763672,0.0008111931345149166,499397.9830486829,-1100.648512474196,498297.3345362087,1.2486354345147728,0.0,True,False
2020-12-09,3702.25,20.68000030517578,23.8700008392334,0.0009126038126204015,499399.0929354375,-1023.1983649839993,498375.8945704535,1.1098867545863613,0.0,True,False
2020-12-10,3672.820068359375,22.270000457763672,24.729999542236328,0.0008111931345149166,499400.341576769,-993.9731862698114,498406.3683904992,1.2486413314984242,0.0,True,False
2020-12-11,3668.10009765625,22.520000457763672,25.049999237060547,0.0008111931345149166,499401.4514687653,-954.2028664354281,498447.2486023299,1.1098919962957234,0.0,True,False
2020-12-14,3663.4599609375,23.309999465942383,26.049999237060547,0.0008111931345149166,499404.78115955414,-869.676676570315,498535.1044829838,3.329690788794926,0.0,True,False
2020-12-15,3647.489990234375,24.719999313354492,27.11000061035156,0.0009126038126204015,499405.8910614172,-903.3601292949801,498502.5309321222,1.1099018630438808,0.0,True,False
2020-12-16,3694.6201171875,22.88999938964844,25.8700008392334,0.0008111931345149166,499407.13971974596,-848.8915100445059,498558.24820970144,1.248658328768133,0.0,True,False
2020-12-17,3701.169921875,22.5,25.469999313354492,0.0009126038126204015,499408.24962685077,-777.5374954203687,498630.7121314304,1.109907104824596,0.0,True,False
2020-12-18,3722.47998046875,21.93000030517578,25.149999618530273,0.0008111931345149166,499409.4982910766,-762.7939672278973,498646.7043238487,1.248664225859908,0.0,True,False
2020-12-21,3709.409912109375,21.56999969482422,25.170000076293945,0.0008111931345149166,499412.8280355165,-465.2442746666881,498947.5837608498,3.329744439880741,0.0,True,False
2020-12-22,3694.919921875,25.15999984741211,27.579999923706055,0.0009126038126204015,499413.9379552633,-709.6998171629895,498704.2381381003,1.1099197468186448,0.0,True,False
2020-12-23,3687.260009765625,24.229999542236328,27.25,0.0009126038126204015,499415.1866337116,-503.13340760058935,498912.05322611105,1.2486784483165834,0.0,True,False
2020-12-24,3690.010009765625,23.309999465942383,26.260000228881836,0.0009126038126204015,499021.5774370568,0.0,499021.5774370568,1.2486815703717542,495.5581447491892,False,False
2020-12-28,3703.06005859375,21.530000686645508,25.3700008392334,0.0009126038126204015,499026.56824551115,0.0,499026.56824551115,4.990808454322078,0.0,False,False
2020-12-29,3735.360107421875,21.700000762939453,25.149999618530273,0.001115432861117531,499027.8159554238,0.0,499027.8159554238,1.2477099126564084,0.0,False,False
2020-12-30,3727.0400390625,23.079999923706055,26.239999771118164,0.0010140170547777556,499029.3409769993,0.0,499029.3409769993,1.5250215755180707,0.0,False,False
2020-12-31,3732.0400390625,22.770000457763672,25.440000534057617,0.0008111931345149166,499030.7273467678,0.0,499030.7273467678,1.3863697684891367,0.0,False,False
2021-01-04,3756.070068359375,22.75,25.280000686645508,0.0009126038126204015,499035.16364374623,0.0,499035.16364374623,4.436296978445808,0.0,False,False
2021-01-05,3700.64990234375,26.969999313354492,28.260000228881836,0.0009126038126204015,499965.1135538228,-1098.7021786729304,498866.41137514985,1.2477314036235503,0.0,True,False
2021-01-06,3726.860107421875,25.34000015258789,27.25,0.0009126038126204015,499966.3636103686,-990.1716324683367,498976.1919779002,1.25005654580016,0.0,True,False
2021-01-07,3748.139892578125,25.06999969482422,26.790000915527344,0.0009126038126204015,499967.61367003986,-981.1233176898089,498986.49035235005,1.2500596713009706,0.0,True,False
2021-01-08,3803.7900390625,22.3700008392334,25.020000457763672,0.0009126038126204015,499968.8637328367,-899.9039585323704,499068.9597743043,1.2500627968095959,0.0,True,False
2021-01-11,3824.679931640625,21.559999465942383,24.899999618530273,0.0008111931345149166,499972.6139399801,-804.4862961233595,499168.12764385674,3.750207143448863,0.0,True,False
2021-01-12,3799.610107421875,24.079999923706055,26.700000762939453,0.0008111931345149166,499973.72510382277,-900.843059102839,499072.88204471994,1.111163842673769,0.0,True,False
2021-01-13,3801.18994140625,23.329999923706055,26.200000762939453,0.0009126038126204015,499974.83627013495,-787.6220816830499,499187.2141884519,1.1111663121791997,0.0,True,False
2021-01-14,3809.840087890625,22.209999084472656,25.549999237060547,0.0009126038126204015,499976.08635099034,-674.2320759455868,499301.85427504475,1.2500808553866483,0.0,True,False
2021-01-15,3795.5400390625,23.25,26.31999969482422,0.0009126038126204015,499977.3364349713,-671.1553090727978,499306.1811258985,1.2500839809482398,0.0,True,False
2021-01-19,3768.25,24.34000015258789,27.260000228881836,0.0009126038126204015,499982.33680215076,-503.1455637379156,499479.19123841287,5.000367179440909,0.0,True,False
2021-01-20,3798.909912109375,23.239999771118164,26.690000534057617,0.0009126038126204015,500298.06839361094,-953.1941683319492,499344.87422527897,1.25009960887342,459.98950219228584,True,False
2021-01-21,3851.85009765625,21.579999923706055,25.719999313354492,0.0008111931345149166,500299.3192826396,-873.9786963488929,499425.3405862907,1.2508890286387615,0.0,True,False
2021-01-22,3853.070068359375,21.31999969482422,25.700000762939453,0.0009126038126204015,500300.43117256835,-763.7290716138057,499536.70210095454,1.1118899287709871,0.0,True,False
2021-01-25,3841.469970703125,21.90999984741211,25.989999771118164,0.0008111931345149166,500304.1838667598,-556.7082547130997,499747.4756120467,3.7526941914856806,0.0,True,False
2021-01-26,3855.360107421875,23.190000534057617,26.8799991607666,0.0009126038126204015,500305.2957674999,-680.181662414883,499625.114105085,1.1119007400631127,0.0,True,False
2021-01-27,3849.6201171875,23.020000457763672,26.88999938964844,0.0007097850203325396,500306.54667459906,-545.4760820088114,499761.07059259026,1.250907099151671,0.0,True,False
2021-01-28,3750.77001953125,37.209999084472656,35.72999954223633,0.0008111931345149166,500307.51957990776,-2000.5438988280548,498306.9756810797,0.9729053086811063,0.0,True,True
2021-01-29,3787.3798828125,30.209999084472656,31.770000457763672,0.0007097850203325396,499243.204959285,0.0,499243.204959285,1.1119081535168422,-282.23236044436993,False,False
2021-02-01,3714.239990234375,33.09000015258789,33.880001068115234,0.0006083794699427381,499246.11747749336,0.0,499246.11747749336,2.9125182083733776,0.0,False,False
2021-02-02,3773.860107421875,30.239999771118164,32.529998779296875,0.0007097850203325396,500236.0865653317,-1159.1369471768235,499076.94961815485,0.8321406614622583,0.0,True,False
2021-02-03,3826.31005859375,25.559999465942383,29.36000061035156,0.0007097850203325396,500237.05933362234,-867.6654440184127,499369.3938896039,0.9727682906572325,0.0,True,False
2021-02-04,3830.169921875,22.90999984741211,27.56999969482422,0.00040557606002412504,500238.03210380464,-630.0120716100952,499608.02003219456,0.9727701823203346,0.0,True,False
2021-02-05,3871.739990234375,21.770000457763672,26.790000915527344,0.00040557606002412504,500238.5879522508,-613.9165421166854,499624.6714101341,0.5558484461447645,0.0,True,False
2021-02-08,3886.830078125,20.8700008392334,26.520000457763672,0.00030417820023607886,500832.45279350836,-1258.1572906576116,499574.2955028507,1.6675490444260437,493.1769487323419,True,False
2021-02-09,3915.590087890625,21.239999771118164,26.649999618530273,0.000506976483216771,500832.87016988534,-1353.2906512101863,499479.57951867516,0.4173763769804994,0.0,True,False
2021-02-10,3911.22998046875,21.6299991607666,27.11000061035156,0.00040557606002412504,500833.5658155388,-1320.813399374514,499512.7524161643,0.695645653491287,0.0,True,False
2021-02-11,3909.8798828125,21.989999771118164,27.489999771118164,0.000506976483216771,500834.1223257229,-1292.6829519468515,499541.439373776,0.5565101840916017,0.0,True,False
2021-02-12,3916.3798828125,21.25,27.219999313354492,0.000506976483216771,500834.8179731156,-1156.9067423815443,499677.911230734,0.6956473927077358,0.0,True,False
2021-02-16,3934.830078125,19.969999313354492,26.5,0.00040557606002412504,500837.600572349,-749.0842571425435,500088.5163152064,2.782599233375036,0.0,True,False
2021-02-17,3932.590087890625,21.459999084472656,27.549999237060547,0.00040557606002412504,500838.1570870164,-836.6614585018244,500001.49562851456,0.5565146673838738,0.0,True,False
2021-02-18,3931.330078125,21.5,27.520000457763672,0.00040557606002412504,500838.71360230213,-748.1016364155624,500090.61196588655,0.5565152857651108,0.0,True,False
2021-02-19,3913.969970703125,22.489999771118164,27.86000061035156,0.00030417820023607886,500839.2701182063,-721.6910659234986,500117.5790522828,0.556515904147035,0.0,True,False
2021-02-22,3906.7099609375,22.049999237060547,27.09000015258789,0.00040557606002412504,500393.7930089258,0.0,500393.7930089258,1.252147218377441,641.4280341587795,False,False
2021-02-23,3876.5,23.450000762939453,27.809999465942383,0.00030417820023607886,500394.3490304485,0.0,500394.3490304485,0.5560215226633922,0.0,False,False
2021-02-24,3881.3701171875,23.11000061035156,27.1200008392334,0.00040557606002412504,500394.766041725,0.0,500394.766041725,0.4170112765155684,0.0,False,False
2021-02-25,3925.429931640625,21.34000015258789,25.88999938964844,0.00030417820023607886,500395.3220643289,0.0,500395.3220643289,0.5560226038662092,0.0,False,False
2021-02-26,3829.340087890625,28.88999938964844,30.239999771118164,0.00040557606002412504,500395.7390764163,0.0,500395.7390764163,0.41701208740822004,0.0,False,False
2021-03-01,3811.14990234375,27.950000762939453,29.600000381469727,0.00040557606002412504,500397.4071493252,0.0,500397.4071493252,1.668072908864422,0.0,False,False
2021-03-02,3901.820068359375,23.350000381469727,26.780000686645508,0.000506976483216771,501458.9223542614,-1230.9591793976142,500227.9631748638,0.5560255385802082,0.0,True,False
2021-03-03,3870.2900390625,24.100000381469727,27.15999984741211,0.00040557606002412504,501459.61886948737,-1166.655121752932,500292.96374773444,0.6965152259711688,0.0,True,False
2021-03-04,3819.719970703125,26.670000076293945,28.790000915527344,0.000506976483216771,501460.1760753215,-1277.2323776941068,500182.9436976274,0.5572058341519899,0.0,True,False
2021-03-05,3768.469970703125,28.56999969482422,30.079999923706055,0.00040557606002412504,501460.8725922889,-1368.1586965916313,500092.71389569726,0.6965169673616767,0.0,True,False
2021-03-08,3841.93994140625,24.65999984741211,27.88999938964844,0.00040557606002412504,501462.54421582824,-964.2297100593073,500498.31450576894,1.6716235393422711,0.0,True,False
2021-03-09,3821.35009765625,25.469999313354492,28.1299991607666,0.000506976483216771,501463.1014249129,-961.3218029826431,500501.77962193027,0.5572090847029549,0.0,True,False
2021-03-10,3875.43994140625,24.030000686645508,27.280000686645508,0.000506976483216771,501463.79794594354,-858.9338686663286,500604.8640772772,0.6965210306068217,0.0,True,False
2021-03-11,3898.81005859375,22.559999465942383,26.68000030517578,0.00040557606002412504,501464.4944679416,-731.9562622198777,500732.5382057217,0.6965219980589528,0.0,True,False
2021-03-12,3939.340087890625,21.90999984741211,26.09000015258789,0.00040557606002412504,501465.05167919333,-715.2019166236857,500749.84976256965,0.55721125176051,0.0,True,False
2021-03-15,3943.340087890625,20.690000534057617,25.739999771118164,0.00040557606002412504,501834.3363985003,-1020.1629430329338,500814.1734554674,1.6716374703594734,578.4093182013305,True,False
2021-03-16,3968.93994140625,20.030000686645508,24.88999938964844,0.00040557606002412504,501834.89402070857,-941.1774319031327,500893.71658880543,0.557622208243678,0.0,True,False
2021-03-17,3962.7099609375,19.790000915527344,24.709999084472656,0.00020278290372213926,501835.45164353645,-803.3205474577859,501032.13109607866,0.5576228278555789,0.0,True,False
2021-03-18,3974.1201171875,19.229999542236328,23.8799991607666,0.00020278290372213926,501835.73044813465,-694.905005000432,501140.82544313424,0.2788045981848872,0.0,True,False
2021-03-19,3915.4599609375,21.579999923706055,25.280000686645508,0.00010139017035360414,501836.00925288774,-763.9239975064288,501072.0852553813,0.27880475308028907,0.0,True,False
2021-03-22,3913.10009765625,20.950000762939453,24.989999771118164,0.00010139017035360414,501836.427455022,-493.7746610067289,501342.65279401524,0.41820213428194336,0.0,True,False
2021-03-23,3940.590087890625,18.8799991607666,22.940000534057617,0.00030417820023607886,501525.3832172432,0.0,501525.3832172432,0.13940078889271254,538.9793044652649,False,False
2021-03-24,3910.52001953125,20.299999237060547,23.799999237060547,0.00010139017035360414,501525.80117108434,0.0,501525.80117108434,0.4179538411367154,0.0,False,False
2021-03-25,3889.139892578125,21.200000762939453,24.399999618530273,0.00020278290372213926,501525.94048558705,0.0,501525.94048558705,0.13931450271127427,0.0,False,False
2021-03-26,3909.52001953125,19.809999465942383,23.3700008392334,0.00020278290372213926,501526.2191182302,0.0,501526.2191182302,0.2786326431471488,0.0,False,False
2021-03-29,3974.5400390625,18.86000061035156,22.31999969482422,0.00020278290372213926,501527.05501708854,0.0,501527.05501708854,0.8358988583285815,0.0,False,False
2021-03-30,3971.090087890625,20.739999771118164,23.200000762939453,0.00030417820023607886,501527.33365035086,0.0,501527.33365035086,0.27863326234714036,0.0,False,False
2021-03-31,3958.550048828125,19.61000061035156,22.309999465942383,0.00020278290372213926,501527.7516058174,0.0,501527.7516058174,0.41795546655994725,0.0,False,False
2021-04-01,3972.889892578125,19.399999618530273,22.149999618530273,0.00030417820023607886,501528.03023946675,0.0,501528.03023946675,0.2786336493507688,0.0,False,False
2021-04-05,4019.8701171875,17.329999923706055,20.969999313354492,0.00020278290372213926,501529.70206574484,0.0,501529.70206574484,1.6718262781041824,0.0,False,False
2021-04-06,4077.909912109375,17.90999984741211,20.959999084472656,0.00030417820023607886,502649.15108318964,-1289.1703827118351,501359.9807004778,0.27863473296730995,0.0,True,False
2021-04-07,4073.93994140625,18.1200008392334,21.15999984741211,0.00020278290372213926,502649.5699735399,-1259.8158017416313,501389.7541717983,0.4188903502583582,0.0,True,False
2021-04-08,4079.949951171875,17.15999984741211,20.65999984741211,0.00020278290372213926,502649.8492304376,-1105.033661514968,501544.8155689226,0.27925689770483575,0.0,True,False
2021-04-09,4097.169921875,16.950000762939453,20.59000015258789,0.00010139017035360414,502650.12848749047,-1093.957657416205,501556.1708300743,0.2792570528515216,0.0,True,False
2021-04-12,4128.7998046875,16.690000534057617,20.739999771118164,0.00020278290372213926,502650.5473680663,-1054.6070014570648,501595.94036660925,0.4188805758349473,0.0,True,False
2021-04-13,4127.990234375,16.90999984741211,20.81999969482422,0.00020278290372213926,502650.82662550703,-1016.5121788609259,501634.3144466461,0.27925744071567193,0.0,True,False
2021-04-14,4141.58984375,16.649999618530273,20.780000686645508,0.00030417820023607886,502651.1058831029,-994.0224230384264,501657.0834600645,0.2792575958626594,0.0,True,False
2021-04-15,4124.66015625,16.989999771118164,21.059999465942383,0.00020278290372213926,502651.52477508225,-894.9303700217986,501756.59440506046,0.4188919793207342,0.0,True,False
2021-04-16,4170.419921875,16.56999969482422,20.760000228881836,0.00020278290372213926,502651.804033066,-1024.7369223374126,501627.06711072853,0.27925798373344685,0.0,True,False
2021-04-19,4185.47021484375,16.25,20.530000686645508,0.00020278290372213926,502652.6418079481,-850.0155962559763,501802.6262116922,0.8377748821721949,0.0,True,False
2021-04-20,4163.259765625,17.290000915527344,21.3700008392334,0.00020278290372213926,502652.92106655246,-794.4186763394345,501858.502390213,0.27925860432312083,0.0,True,False
2021-04-21,4134.93994140625,18.68000030517578,22.350000381469727,0.00030417820023607886,502653.2003253119,-775.8159578956952,501877.3843674162,0.27925875947075485,0.0,True,False
2021-04-22,4173.419921875,17.5,21.489999771118164,0.00030417820023607886,502653.61921903666,-730.6756465225152,501922.94357251417,0.418893724756151,0.0,True,False
2021-04-23,4134.97998046875,18.709999084472656,22.520000457763672,0.00030417820023607886,502654.0381131105,-631.4971583741868,502022.54095473635,0.418894073847637,0.0,True,False
2021-04-26,4180.169921875,17.329999923706055,21.56999969482422,0.00030417820023607886,502222.95949746633,0.0,502222.95949746633,1.256684316070047,686.8350827515766,False,False
2021-04-27,4187.6201171875,17.639999389648438,21.540000915527344,0.00030417820023607886,502223.37803264335,0.0,502223.37803264335,0.41853517698842213,0.0,False,False
2021-04-28,4186.72021484375,17.559999465942383,21.31999969482422,0.00010139017035360414,502223.79656816914,0.0,502223.79656816914,0.41853552578110687,0.0,False,False
2021-04-29,4183.18017578125,17.280000686645508,21.1299991607666,0.00010139017035360414,502223.9360765619,0.0,502223.9360765619,0.13950839279910737,0.0,False,False
2021-04-30,4211.47021484375,17.610000610351562,21.309999465942383,0.00010139017035360414,502224.07558499346,0.0,502224.07558499346,0.13950843155193388,0.0,False,False
2021-05-03,4181.169921875,18.61000061035156,22.06999969482422,0.00010139017035360414,502224.4941105206,0.0,502224.4941105206,0.41852552711413804,0.0,False,False
2021-05-04,4192.66015625,18.309999465942383,21.739999771118164,0.00040557606002412504,503412.7529528823,-1358.1193337752143,502054.63361910713,0.13950858656334758,0.0,True,False
2021-05-05,4164.66015625,19.479999542236328,22.670000076293945,0.00020278290372213926,503413.3123289764,-1388.5176377322284,502024.7946912442,0.5593760940596616,0.0,True,False
2021-05-06,4167.58984375,19.149999618530273,22.260000228881836,0.00020278290372213926,503413.5920101863,-1282.7423314835148,502130.84967870277,0.2796812098570101,0.0,True,False
2021-05-07,4201.6201171875,18.38999938964844,21.8799991607666,0.00020278290372213926,503413.8716915515,-1249.7885788086523,502164.08311274287,0.27968136523943093,0.0,True,False
2021-05-10,4232.60009765625,16.690000534057617,20.790000915527344,0.00020278290372213926,503414.7107365796,-963.5896471408917,502451.12108943873,0.8390450281015885,0.0,True,False
2021-05-11,4188.43017578125,19.65999984741211,22.399999618530273,0.00020278290372213926,503414.9904185664,-1134.9604694326433,502280.02994913375,0.2796819867699776,0.0,True,False
2021-05-12,4152.10009765625,21.84000015258789,24.229999542236328,0.00010139017035360414,503415.2701007085,-1296.4842779836279,502118.7858227249,0.27968214215283005,0.0,True,False
2021-05-13,4063.0400390625,27.59000015258789,28.18000030517578,0.00020278290372213926,503415.4099400704,-1887.563268693309,501527.84667137713,0.13983936189838755,0.0,True,False
2021-05-14,4112.5,23.1299991607666,25.260000228881836,0.00020278290372213926,503415.6896224456,-1293.5481336589748,502122.1414887866,0.27968237522628864,0.0,True,False
2021-05-17,4173.85009765625,18.809999465942383,22.260000228881836,0.00010139017035360414,503416.5286705037,-672.2361750976548,502744.29249540606,0.8390480580655285,0.0,True,False
2021-05-18,4163.2900390625,19.719999313354492,23.13999938964844,0.00020278290372213926,503416.6685102152,-707.0182589878046,502709.6502512274,0.13983971150557573,0.0,True,False
2021-05-19,4127.830078125,21.34000015258789,24.219999313354492,0.00020278290372213926,503416.94819328963,-805.8193157760517,502611.1288775136,0.2796830744497938,0.0,True,False
2021-05-20,4115.68017578125,22.18000030517578,25.270000457763672,0.00010139017035360414,503417.22787651944,-836.8334927261675,502580.3943837933,0.2796832298332505,0.0,True,False
2021-05-21,4159.1201171875,20.670000076293945,23.809999465942383,0.00010139017035360414,503417.36771642516,-633.0930268260903,502784.27468959906,0.13983990573195082,0.0,True,False
2021-05-24,4155.85986328125,20.149999618530273,23.489999771118164,0.00010139017035360414,502985.23804111773,0.0,502985.23804111773,0.41951995020651345,755.570138517572,False,False
2021-05-25,4197.0498046875,18.399999618530273,22.229999542236328,0.00020278290372213926,502985.37776102475,0.0,502985.37776102475,0.1397199070221042,0.0,False,False
2021-05-26,4188.1298828125,18.84000015258789,22.399999618530273,0.00020278290372213926,502985.6572044871,0.0,502985.6572044871,0.27944346235456397,0.0,False,False
2021-05-27,4195.990234375,17.360000610351562,21.299999237060547,0.00020278290372213926,502985.93664810475,0.0,502985.93664810475,0.2794436176048995,0.0,False,False
2021-05-28,4200.8798828125,16.739999771118164,20.309999465942383,0.00020278290372213926,502986.2160918776,0.0,502986.2160918776,0.27944377285532124,0.0,False,False
2021-06-01,4204.10986328125,16.760000228881836,20.479999542236328,0.00010139017035360414,504200.27438095614,-1382.940512434509,502817.3338685216,1.1177766439910353,0.0,True,False
2021-06-02,4202.0400390625,17.899999618530273,21.34000015258789,0.00020278290372213926,504200.41443837754,-1510.0871207129376,502690.32731766463,0.14005742142927022,0.0,True,False
2021-06-03,4208.1201171875,17.479999542236328,21.420000076293945,0.00020278290372213926,504200.69455687754,-1446.5499265379367,502754.1446303396,0.2801184999819372,0.0,True,False
2021-06-04,4192.85009765625,18.040000915527344,21.81999969482422,0.00020278290372213926,504200.9746755331,-1412.0993285110433,502788.8753470221,0.28011865560730326,0.0,True,False
2021-06-07,4229.89013671875,16.420000076293945,20.6200008392334,0.00020278290372213926,504201.8150324338,-1117.624469490538,503084.19056294323,0.8403569006630152,0.0,True,False
2021-06-08,4226.52001953125,16.420000076293945,20.549999237060547,0.00020278290372213926,504202.0951517119,-1032.9432266874524,503169.15192502446,0.2801192781096319,0.0,True,False
2021-06-09,4227.259765625,17.06999969482422,20.850000381469727,0.00020278290372213926,504202.3752711456,-1063.4848456868087,503138.8904254588,0.2801194337354302,0.0,True,False
2021-06-10,4219.5498046875,17.889999389648438,21.280000686645508,0.00030417820023607886,504202.65539073496,-1086.1237291655857,503116.5316615694,0.2801195893613149,0.0,True,False
2021-06-11,4239.18017578125,16.100000381469727,20.079999923706055,0.00030417820023607886,504203.07557572174,-830.9533147138542,503372.1222610079,0.42018498680974437,0.0,True,False
2021-06-14,4247.43994140625,15.649999618530272,19.63999938964844,0.00030417820023607886,504449.81041485275,-1031.1808126267283,503418.629602226,1.2605570614111088,597.2339818773787,True,False
2021-06-15,4255.14990234375,16.389999389648438,20.13999938964844,0.00030417820023607886,504450.23080580996,-1114.7698356721169,503335.46097013785,0.4203909572254861,0.0,True,False
2021-06-16,4246.58984375,17.020000457763672,20.68000030517578,0.00030417820023607886,504450.6511971175,-1108.1898955110819,503342.46130160644,0.4203913075647136,0.0,True,False
2021-06-17,4223.7001953125,18.149999618530273,21.260000228881836,0.00040557606002412504,504451.07158877543,-1154.3553446016108,503296.7162441738,0.4203916579042331,0.0,True,False
2021-06-18,4221.85986328125,17.75,20.979999542236328,0.00040557606002412504,504451.63211861585,-991.7027082678875,503459.92941034795,0.5605298404030515,0.0,True,False
2021-06-21,4166.4501953125,20.700000762939453,22.93000030517578,0.000506976483216771,504453.31371187425,-1207.2198654192593,503246.093846455,1.681593258413025,0.0,True,False
2021-06-22,4224.7900390625,17.889999389648438,21.1200008392334,0.000506976483216771,504454.01438624284,-671.0535550354538,503782.9608312074,0.7006743685850884,0.0,True,False
2021-06-23,4246.43994140625,16.65999984741211,20.06999969482422,0.00040557606002412504,504454.71506158466,-452.065252302383,504002.6498092823,0.7006753418061129,0.0,True,False
2021-06-24,4241.83984375,16.31999969482422,19.700000762939453,0.000506976483216771,504096.3801617577,0.0,504096.3801617577,0.5605338889131,502.2853789108158,False,False
2021-06-25,4266.490234375,15.970000267028809,19.260000228881836,0.000506976483216771,504097.08034035354,0.0,504097.08034035354,0.7001785958682546,0.0,False,False
2021-06-28,4280.7001953125,15.619999885559082,19.0,0.0006083794699427381,504099.1808819765,0.0,504099.1808819765,2.1005416229343954,0.0,False,False
2021-06-29,4290.60986328125,15.760000228881836,19.020000457763672,0.000506976483216771,504100.02111169713,0.0,504100.02111169713,0.8402297206459923,0.0,False,False
2021-06-30,4291.7998046875,16.020000457763672,19.489999771118164,0.00040557606002412504,504100.7212953502,0.0,504100.7212953502,0.7001836530662757,0.0,False,False
2021-07-01,4297.5,15.829999923706056,19.510000228881836,0.000506976483216771,504101.28143589257,0.0,504101.28143589257,0.5601405424014826,0.0,False,False
2021-07-02,4319.93994140625,15.479999542236328,19.450000762939453,0.000506976483216771,504101.9816212962,0.0,504101.9816212962,0.7001854036283909,0.0,False,False
2021-07-06,4352.33984375,15.06999969482422,19.299999237060547,0.000506976483216771,505376.4907442793,-1441.7083716429647,503934.7823726363,2.80075134009064,0.0,True,False
2021-07-07,4343.5400390625,16.440000534057617,20.260000228881836,0.000506976483216771,505377.1927009201,-1584.6862949571619,503792.5064059629,0.7019566408324704,0.0,True,False
2021-07-08,4358.1298828125,16.200000762939453,20.40999984741211,0.000506976483216771,505377.89465853595,-1583.5665264378736,503794.3281320981,0.7019576158345424,0.0,True,False
2021-07-09,4320.81982421875,19.0,21.979999542236328,0.0006083794699427381,505378.5966171268,-1809.3402734648055,503569.256343662,0.7019585908379687,0.0,True,False
2021-07-12,4369.5498046875,16.18000030517578,20.440000534057617,0.0006083794699427381,505381.12370807014,-1365.5115738930579,504015.61213417706,2.5270909433801103,0.0,True,False
2021-07-13,4384.6298828125,16.170000076293945,20.459999084472656,0.000506976483216771,505381.96607452596,-1374.7376635343403,504007.2284109916,0.8423664558431578,0.0,True,False
2021-07-14,4369.2099609375,17.1200008392334,21.1299991607666,0.000506976483216771,505382.6680387719,-1385.9242621147803,503996.7437766571,0.701964245943705,0.0,True,False
2021-07-15,4374.2998046875,16.329999923706055,20.6200008392334,0.0006083794699427381,505383.37000399287,-1195.9615459650865,504187.40845802776,0.7019652209563403,0.0,True,False
2021-07-16,4360.02978515625,17.010000228881836,21.09000015258789,0.000506976483216771,505384.21237419284,-1170.9836380190484,504213.22873617377,0.8423701999567513,0.0,True,False
2021-07-19,4327.16015625,18.450000762939453,22.06999969482422,0.000506976483216771,505386.318279216,-1070.0761278445857,504316.24215137144,2.105905023193461,0.0,True,False
2021-07-20,4258.490234375,22.5,24.899999618530273,0.000506976483216771,505387.02024950704,-1535.01753662098,503852.0027128861,0.7019702910586646,0.0,True,False
2021-07-21,4323.06005859375,19.729999542236328,23.200000762939453,0.000506976483216771,505387.7222207731,-1107.6332446754054,504280.0889760977,0.7019712660796964,0.0,True,False
2021-07-22,4358.68994140625,17.90999984741211,21.8700008392334,0.000506976483216771,505388.4241930142,-832.3260690705343,504556.09812394367,0.7019722411020825,0.0,True,False
2021-07-23,4367.47998046875,17.690000534057617,21.86000061035156,0.000506976483216771,505389.12616623036,-738.6821959628054,504650.44397026754,0.7019732161258229,0.0,True,False
2021-07-26,4411.7900390625,17.200000762939453,21.649999618530273,0.000506976483216771,504830.1861543568,0.0,504830.1861543568,2.1059254986635714,710.6624342707858,False,False
2021-07-27,4422.2998046875,17.579999923706055,21.739999771118164,0.000506976483216771,504830.8873521928,0.0,504830.8873521928,0.7011978359774037,0.0,False,False
2021-07-28,4401.4599609375,19.36000061035156,23.0,0.000506976483216771,504831.5885510027,0.0,504831.5885510027,0.7011988099255128,0.0,False,False
2021-07-29,4400.64013671875,18.309999465942383,22.350000381469727,0.000506976483216771,504832.28975078656,0.0,504832.28975078656,0.7011997838749745,0.0,False,False
2021-07-30,4419.14990234375,17.700000762939453,21.8799991607666,0.0006083794699427381,504832.9909515444,0.0,504832.9909515444,0.7012007578257892,0.0,False,False
2021-08-02,4395.259765625,18.239999771118164,22.18000030517578,0.0006083794699427381,504835.5153142457,0.0,504835.5153142457,2.5243627013346823,0.0,False,False
2021-08-03,4387.16015625,19.459999084472656,23.049999237060547,0.000506976483216771,506045.1070387209,-1378.7502674364237,504666.3567712845,0.8414570387964506,0.0,True,False
2021-08-04,4423.14990234375,18.040000915527344,22.18000030517578,0.000506976483216771,506045.80992405483,-1277.2487666599363,504768.5611573949,0.702885333909113,0.0,True,False
2021-08-05,4402.66015625,17.969999313354492,22.170000076293945,0.000506976483216771,506046.512810365,-1130.7301044061194,504915.7827059589,0.7028863102011189,0.0,True,False
2021-08-06,4429.10009765625,17.280000686645508,21.520000457763672,0.000506976483216771,506047.2156976515,-1068.3334485912428,504978.88224906026,0.7028872864944808,0.0,True,False
2021-08-09,4436.52001953125,16.149999618530273,20.8700008392334,0.0006083794699427381,506049.32436536887,-784.7441371102025,505264.5802282587,2.108667717387461,0.0,True,False
2021-08-10,4432.35009765625,16.719999313354492,21.270000457763672,0.0006083794699427381,506050.1678455779,-787.350135923366,505262.8177096545,0.8434802089951373,0.0,True,False
2021-08-11,4436.75,16.790000915527344,21.209999084472656,0.000506976483216771,506051.01132719277,-749.3570103719594,505301.6543168208,0.8434816149032746,0.0,True,False
2021-08-12,4442.41015625,16.170000076293945,20.81999969482422,0.000506976483216771,506051.7142207276,-637.9095972917457,505413.8046234359,0.7028935348337269,0.0,True,False
2021-08-13,4460.830078125,15.59000015258789,20.25,0.0006083794699427381,506575.2125351669,-1271.9442006626298,505303.2683345043,0.7028945111371236,629.6014867019875,True,False
2021-08-16,4468.0,15.449999809265137,20.260000228881836,0.0006083794699427381,506577.7456096586,-998.2562618558877,505579.4893478027,2.533074491693049,0.0,True,False
2021-08-17,4479.7099609375,16.1200008392334,20.63999938964844,0.0006083794699427381,506578.5899706372,-1078.796023956291,505499.7939466809,0.8443609785962625,0.0,True,False
2021-08-18,4448.080078125,17.90999984741211,21.700000762939453,0.0007097850203325396,506579.43433302315,-1200.0631817470594,505379.3711512761,0.8443623859724616,0.0,True,False
2021-08-19,4400.27001953125,21.56999969482422,23.799999237060547,0.0007097850203325396,506580.4194367045,-1693.9158267937717,504886.5036099107,0.9851036813472356,0.0,True,False
2021-08-20,4405.7998046875,21.670000076293945,24.200000762939453,0.0006083794699427381,506581.4045423015,-1622.9883354469382,504958.41620685457,0.9851055969979652,0.0,True,False
2021-08-23,4441.669921875,18.559999465942383,22.40999984741211,0.000506976483216771,506583.93764775567,-789.2758800144437,505794.6617677412,2.5331054541541738,0.0,True,False
2021-08-24,4479.52978515625,17.149999618530273,21.200000762939453,0.000506976483216771,506021.45730363723,0.0,506021.45730363723,0.7036337575719128,538.7602227865696,False,False
2021-08-25,4486.22998046875,17.219999313354492,21.219999313354492,0.000506976483216771,506022.1601561222,0.0,506022.1601561222,0.7028524849561048,0.0,False,False
2021-08-26,4496.18994140625,16.790000915527344,20.790000915527344,0.0006083794699427381,506022.8630095834,0.0,506022.8630095834,0.7028534612024842,0.0,False,False
2021-08-27,4470.0,18.84000015258789,21.86000061035156,0.000506976483216771,506023.70644568675,0.0,506023.70644568675,0.8434361033539802,0.0,False,False
2021-08-30,4509.3701171875,16.389999389648438,20.61000061035156,0.000506976483216771,506025.81501544255,0.0,506025.81501544255,2.1085697557760934,0.0,False,False
2021-08-31,4528.7900390625,16.190000534057617,20.399999618530273,0.000506976483216771,507417.61513019225,-1561.0972562119787,505856.5178739803,0.7028585377203243,0.0,True,False
2021-09-01,4522.68017578125,16.479999542236328,20.420000076293945,0.00040557606002412504,507418.3199219092,-1501.368247698831,505916.9516742104,0.704791716946412,0.0,True,False
2021-09-02,4524.08984375,16.110000610351562,20.079999923706055,0.000506976483216771,507418.8837488607,-1369.3000912795515,506049.5836575811,0.5638269515170578,0.0,True,False
2021-09-03,4536.9501953125,16.40999984741211,20.1299991607666,0.000506976483216771,507419.5885423397,-1396.9409140028222,506022.64762833685,0.7047934790293646,0.0,True,False
2021-09-07,4535.43017578125,16.40999984741211,20.31999969482422,0.000506976483216771,507422.4077260454,-1138.9468343374847,506283.4608917079,2.819183705700714,0.0,True,False
2021-09-08,4520.02978515625,18.13999938964844,21.530000686645508,0.000506976483216771,507423.11252441915,-1309.5238825199533,506113.5886418992,0.704798373754846,0.0,True,False
2021-09-09,4514.06982421875,17.959999084472656,21.59000015258789,0.000506976483216771,507423.81732377183,-1198.2380514907152,506225.5792722811,0.7047993527040215,0.0,True,False
2021-09-10,4493.27978515625,18.799999237060547,22.059999465942383,0.00040557606002412504,507424.5221241035,-1205.364388383008,506219.1577357205,0.7048003316545566,0.0,True,False
2021-09-13,4458.580078125,20.950000762939453,23.309999465942383,0.000506976483216771,507426.2136275128,-1274.8575807989243,506151.3560467139,1.6915034093034795,0.0,True,False
2021-09-14,4468.72998046875,19.3700008392334,22.469999313354492,0.0006083794699427381,507426.91843117285,-984.2712586624319,506442.6471725104,0.7048036600668497,0.0,True,False
2021-09-15,4443.0498046875,19.459999084472656,22.549999237060547,0.00040557606002412504,507427.764207548,-935.3986727181546,506492.36553482985,0.84577637514849,0.0,True,False
2021-09-16,4480.7001953125,18.18000030517578,21.760000228881836,0.00040557606002412504,507428.3280449937,-701.3159895634839,506727.0120554302,0.5638374457041454,0.0,True,False
2021-09-17,4473.75,18.690000534057617,21.809999465942383,0.00040557606002412504,507428.8918830659,-703.1619147243272,506725.7299683416,0.5638380722222187,0.0,True,False
2021-09-20,4432.990234375,20.809999465942383,23.219999313354492,0.00040557606002412504,507430.58340104186,-796.426781847699,506634.15661919414,1.691517975927402,0.0,True,False
2021-09-21,4357.72998046875,25.709999084472656,26.399999618530273,0.00040557606002412504,507431.1472416202,-1521.6505707513977,505909.4966708688,0.5638405783014738,0.0,True,False
2021-09-22,4354.18994140625,24.36000061035156,25.469999313354492,0.00030417820023607886,507431.711082825,-1296.1953995871313,506135.5156832378,0.563841204823028,0.0,True,False
2021-09-23,4395.64013671875,20.8700008392334,23.049999237060547,0.00030417820023607886,507432.1339587947,-709.6590280867224,506722.474930708,0.4228759697089465,0.0,True,False
2021-09-24,4448.97998046875,18.6299991607666,21.3700008392334,0.00030417820023607886,507061.95535918756,0.0,507061.95535918756,0.4228763221190972,1020.4957802827412,False,False
2021-09-27,4455.47998046875,17.75,20.81999969482422,0.00030417820023607886,507063.22306372836,0.0,507063.22306372836,1.2677045408164225,0.0,False,False
2021-09-28,4443.10986328125,18.760000228881836,21.399999618530273,0.00040557606002412504,507063.6456326129,0.0,507063.6456326129,0.4225688845879376,0.0,False,False
2021-09-29,4352.6298828125,23.25,24.030000686645508,0.00040557606002412504,507064.20906546176,0.0,507064.20906546176,0.5634328488300555,0.0,False,False
2021-09-30,4359.4599609375,22.559999465942383,23.719999313354492,0.00040557606002412504,507064.7724989367,0.0,507064.7724989367,0.5634334748985538,0.0,False,False
2021-10-01,4307.5400390625,23.13999938964844,23.8700008392334,0.00040557606002412504,507065.3359330376,0.0,507065.3359330376,0.5634341009677477,0.0,False,False
2021-10-04,4357.0400390625,21.100000381469727,22.950000762939453,0.00040557606002412504,507067.0262390971,0.0,507067.0262390971,1.6903060594706032,0.0,False,False
2021-10-05,4300.4599609375,22.959999084472656,24.11000061035156,0.00040557606002412504,508065.9884622049,-1168.3987865025574,506897.5896757024,0.5634366052514802,0.0,True,False
2021-10-06,4345.72021484375,21.299999237060547,23.11000061035156,0.00040557606002412504,508066.55300882494,-1087.4591548031492,506979.0938540218,0.5645466200121263,0.0,True,False
2021-10-07,4363.5498046875,21.0,22.84000015258789,0.00040557606002412504,508067.11755607225,-1072.4846439100008,506994.6329121622,0.5645472473182114,0.0,True,False
2021-10-08,4399.759765625,19.540000915527344,22.1200008392334,0.000506976483216771,508067.68210394686,-1023.0454472390524,507044.6366567078,0.5645478746249935,0.0,True,False
2021-10-11,4391.33984375,18.770000457763672,21.8799991607666,0.000506976483216771,508069.79919082386,-764.62358655797,507305.1756042659,2.1170868770090534,0.0,True,False
2021-10-12,4361.18994140625,20.0,22.38999938964844,0.000506976483216771,508070.50488840987,-736.3444129569831,507334.1604754529,0.7056975860178665,0.0,True,False
2021-10-13,4350.64990234375,19.850000381469727,22.329999923706055,0.0006083794699427381,508071.2105869761,-649.0328190922258,507422.17776788387,0.7056985662160277,0.0,True,False
2021-10-14,4363.7998046875,18.63999938964844,21.540000915527344,0.000506976483216771,508072.0574372538,-524.9856223881724,507547.07181486563,0.8468502777426935,0.0,True,False
2021-10-15,4438.259765625,16.860000610351562,20.3700008392334,0.000506976483216771,508072.7631379765,-542.2770267776588,507530.48611119884,0.7057007226716427,0.0,True,False
2021-10-18,4471.3701171875,16.299999237060547,20.299999237060547,0.000506976483216771,508541.97871978325,-1129.7221930567464,507412.25652672653,2.11710804936629,505.7750672031855,True,False
2021-10-19,4486.4599609375,16.309999465942383,20.290000915527344,0.0006083794699427381,508542.6850732161,-1102.7069573829654,507439.97811583313,0.7063534328213655,0.0,True,False
2021-10-20,4519.6298828125,15.699999809265137,19.979999542236328,0.000506976483216771,508543.5327093449,-1063.1189275550912,507480.4137817898,0.8476361288031377,0.0,True,False
2021-10-21,4536.18994140625,15.489999771118164,19.8700008392334,0.000506976483216771,508544.2390649362,-1023.4293294287614,507520.8097355074,0.7063555912781053,0.0,True,False
2021-10-22,4549.77978515625,15.010000228881836,19.479999542236328,0.0006083794699427381,508544.9454215086,-907.9892108197232,507636.95621068886,0.7063565723902211,0.0,True,False
2021-10-25,4544.89990234375,15.43000030517578,20.010000228881836,0.0006083794699427381,508547.4883454362,-593.9932715199592,507953.4950739163,2.542923927682763,0.0,True,False
2021-10-26,4566.47998046875,15.239999771118164,19.559999465942383,0.0006083794699427381,508548.3359895711,-602.6797973260303,507945.6561922451,0.8476441348706513,0.0,True,False
2021-10-27,4574.7900390625,15.979999542236328,20.11000061035156,0.0006083794699427381,508549.1836351188,-692.7807129710461,507856.40292214777,0.8476455477191971,0.0,True,False
2021-10-28,4551.68017578125,16.979999542236328,20.88999938964844,0.0006083794699427381,508550.0312820794,-594.5003793662141,507955.5309027132,0.8476469605700978,0.0,True,False
2021-10-29,4596.419921875,16.530000686645508,20.479999542236328,0.0006083794699427381,507817.1765786418,0.0,507817.1765786418,0.8476483734233535,226.019841245736,False,False
2021-11-01,4605.3798828125,16.260000228881836,20.3700008392334,0.000506976483216771,507819.7158634402,0.0,507819.7158634402,2.539284798396336,0.0,False,False
2021-11-02,4613.669921875,16.40999984741211,20.38999938964844,0.000506976483216771,509193.4997192208,-1543.0785055547733,507650.42121366604,0.7053502258702666,0.0,True,False
2021-11-03,4630.64990234375,16.030000686645508,20.100000381469727,0.000506976483216771,509194.2069776017,-1488.4193201463108,507705.78765745537,0.7072583809156535,0.0,True,False
2021-11-04,4660.56982421875,15.100000381469728,19.5,0.000506976483216771,509194.91423696495,-1420.3305783288886,507774.5836586361,0.7072593632817239,0.0,True,False
2021-11-05,4680.06005859375,15.4399995803833,19.700000762939453,0.00040557606002412504,509195.6214973106,-1539.9527009388169,507655.6687963718,0.7072603456491586,0.0,True,False
2021-11-08,4697.52978515625,16.479999542236328,20.489999771118164,0.000506976483216771,509197.3189046928,-1655.61623127919,507541.70267341356,1.6974073822046203,0.0,True,False
2021-11-09,4701.7001953125,17.219999313354492,20.979999542236328,0.0006083794699427381,509198.0261683785,-1754.9299582422282,507443.09621013625,0.7072636856788423,0.0,True,False
2021-11-10,4685.25,17.780000686645508,21.40999984741211,0.00040557606002412504,509198.87489682616,-1656.1820107700828,507542.6928860561,0.8487284477082244,0.0,True,False
2021-11-11,4646.7099609375,18.729999542236328,22.0,0.000506976483216771,509199.4407022732,-1500.2975085106743,507699.1431937625,0.5658054470583115,0.0,True,False
2021-11-12,4649.27001953125,17.65999984741211,21.3799991607666,0.000506976483216771,509200.14796890604,-1242.42044161242,507957.7275272936,0.707266632808219,0.0,True,False
2021-11-15,4682.85009765625,16.290000915527344,20.690000534057617,0.000506976483216771,509202.2697746989,-935.1251472943535,508267.1446274045,2.1218057928264056,0.0,True,False
2021-11-16,4682.7998046875,16.489999771118164,20.8700008392334,0.000506976483216771,509202.9770452612,-881.9565495979977,508321.02049566316,0.7072705623265344,0.0,True,False
2021-11-17,4700.89990234375,16.3700008392334,20.899999618530273,0.000506976483216771,509203.6843168059,-874.7224636160486,508328.96185318986,0.7072715447095245,0.0,True,False
2021-11-18,4688.669921875,17.110000610351562,21.579999923706055,0.000506976483216771,509204.391589333,-836.65875028065,508367.7328390524,0.7072725270938791,0.0,True,False
2021-11-19,4704.5400390625,17.59000015258789,21.899999618530273,0.000506976483216771,509205.0988628425,-919.4927165078913,508285.6061463346,0.7072735094795982,0.0,True,False
2021-11-22,4697.9599609375,17.90999984741211,21.920000076293945,0.000506976483216771,508561.1373525334,0.0,508561.1373525334,2.1218264228978536,726.9951688227832,False,False
2021-11-23,4682.93994140625,19.170000076293945,22.6299991607666,0.000506976483216771,508561.84373257717,0.0,508561.84373257717,0.7063800437336943,0.0,False,False
2021-11-24,4690.7001953125,19.3799991607666,22.450000762939453,0.0006083794699427381,508562.550113602,0.0,508562.550113602,0.706381024879774,0.0,False,False
2021-11-26,4701.4599609375,18.579999923706055,21.899999618530273,0.0006083794699427381,508564.24545349454,0.0,508564.24545349454,1.6953398924973335,0.0,False,False
2021-11-29,4594.6201171875,28.6200008392334,29.170000076293945,0.0006083794699427381,508566.7884739299,0.0,508566.7884739299,2.5430204354026493,0.0,False,False
2021-11-30,4655.27001953125,22.959999084472656,25.040000915527344,0.0006083794699427381,508567.63615023415,0.0,508567.63615023415,0.8476763042178507,0.0,False,False
2021-12-01,4567.0,27.190000534057617,28.1299991607666,0.000506976483216771,508568.48382795125,0.0,508568.48382795125,0.8476777171200162,0.0,False,False
2021-12-02,4513.0400390625,31.1200008392334,30.790000915527344,0.0006083794699427381,508569.19021819904,0.0,508569.19021819904,0.7063902478237157,0.0,False,True
2021-12-03,4577.10009765625,27.950000762939453,29.149999618530273,0.000506976483216771,508570.0378985065,0.0,508570.0378985065,0.8476803074318864,0.0,False,False
2021-12-06,4538.43017578125,30.670000076293945,31.780000686645508,0.0006083794699427381,508572.1570786693,0.0,508572.1570786693,2.1191801628009137,0.0,False,False
2021-12-07,4591.669921875,27.18000030517578,28.8799991607666,0.0006083794699427381,509729.69061780616,-1326.6858538842473,508403.0047639219,0.8476852525784738,0.0,True,False
2021-12-08,4686.75,21.88999938964844,24.959999084472656,0.0006083794699427381,509730.5402324292,-957.8456297295351,508772.69460269966,0.8496146230656976,0.0,True,False
2021-12-09,4701.2099609375,19.899999618530273,23.6299991607666,0.0007097850203325396,509731.3898484684,-745.5273318436429,508985.8625166248,0.8496160391986421,0.0,True,False
2021-12-10,4667.4501953125,21.579999923706055,24.65999984741211,0.0006083794699427381,509732.3810815004,-769.6331174868322,508962.74796401354,0.991233031990528,0.0,True,False
2021-12-13,4712.02001953125,18.690000534057617,23.18000030517578,0.0006083794699427381,510462.078920056,-1416.817864061777,509045.2610559942,2.5488615711094895,637.0169668069135,True,False
2021-12-14,4668.97021484375,20.309999465942383,24.31999969482422,0.000506976483216771,510462.92975541984,-1469.780521095463,508993.1492343244,0.8508353638285115,0.0,True,False
2021-12-15,4634.08984375,21.88999938964844,25.350000381469727,0.000506976483216771,510463.63877701067,-1568.5838698630778,508895.0549071476,0.7090215908399414,0.0,True,False
2021-12-16,4709.85009765625,19.290000915527344,23.299999237060547,0.0006083794699427381,510464.3477995863,-1261.905546179712,509202.44225340657,0.709022575655071,0.0,True,False
2021-12-17,4668.669921875,20.56999969482422,24.3700008392334,0.000506976483216771,510465.1986387319,-1282.7426278094,509182.4560109225,0.8508391455843372,0.0,True,False
2021-12-20,4620.64013671875,21.56999969482422,25.3799991607666,0.000506976483216771,510467.3257159133,-1162.0021499561535,509305.3235659572,2.1270771813956393,0.0,True,False
2021-12-21,4568.02001953125,22.8700008392334,26.309999465942383,0.0007097850203325396,510468.0347436101,-1292.647609110239,509175.38713449985,0.7090276967307333,0.0,True,False
2021-12-22,4649.22998046875,21.010000228881836,25.0,0.0007097850203325396,510469.02740913525,-949.8979649124923,509519.1294442228,0.992665525196663,0.0,True,False
2021-12-23,4696.56005859375,18.6299991607666,23.559999465942383,0.0008111931345149166,509843.01342847076,0.0,509843.01342847076,0.9926674555522931,619.8112159417417,False,False
2021-12-27,4725.7900390625,17.959999084472656,23.239999771118164,0.0008111931345149166,509847.5458448051,0.0,509847.5458448051,4.532416334320701,0.0,False,False
2021-12-28,4791.18994140625,17.68000030517578,22.739999771118164,0.0006083794699427381,509848.67895518435,0.0,509848.67895518435,1.1331103792951216,0.0,False,False
2021-12-29,4786.35009765625,17.540000915527344,22.329999923706055,0.0006083794699427381,509849.5287681365,0.0,509849.5287681365,0.8498129521669282,0.0,False,False
2021-12-30,4793.06005859375,16.950000762939453,21.829999923706055,0.000506976483216771,509850.37858250516,0.0,509850.37858250516,0.8498143686304467,0.0,False,False
2021-12-31,4778.72998046875,17.329999923706055,21.8799991607666,0.000506976483216771,509851.0867532761,0.0,509851.0867532761,0.7081707709629742,0.0,False,False
2022-01-03,4766.18017578125,17.219999313354492,21.8799991607666,0.0006083794699427381,509853.21127149096,0.0,509853.21127149096,2.124518214825812,0.0,False,False
2022-01-04,4796.56005859375,16.600000381469727,21.530000686645508,0.0009126038126204015,511339.98085658485,-1655.9197645873144,509684.06109199754,0.849820506606627,0.0,True,False
2022-01-05,4793.5400390625,16.90999984741211,21.6200008392334,0.0008111931345149166,511341.2593535697,-1614.0185878328896,509727.24076573685,1.2784969848307028,0.0,True,False
2022-01-06,4700.580078125,19.729999542236328,23.469999313354492,0.0009126038126204015,511342.39578365174,-1747.9315536595539,509594.4642299922,1.1364300820067823,0.0,True,False
2022-01-07,4696.0498046875,19.61000061035156,23.5,0.0010140170547777556,511343.6742866746,-1672.7381668849393,509670.93611978967,1.2785030228427676,0.0,True,False
2022-01-10,4677.02978515625,18.760000228881836,22.8700008392334,0.0010140170547777556,511347.93604037864,-1360.703848492702,509987.23219188594,4.26175370403619,0.0,True,False
2022-01-11,4670.2900390625,19.399999618530273,22.68000030517578,0.001318272166861259,511349.35663283983,-1358.1121029034794,509991.24452993635,1.4205924611923213,0.0,True,False
2022-01-12,4713.06982421875,18.40999984741211,21.979999542236328,0.0012168512317685082,511351.20347898145,-1159.4510919350416,510191.7523870464,1.8468461416368205,0.0,True,False
2022-01-13,4726.35009765625,17.6200008392334,21.579999923706055,0.0012168512317685082,511352.9082444035,-1004.6163828536681,510348.29186154983,1.7047654220491935,0.0,True,False
2022-01-14,4659.02978515625,20.309999465942383,23.40999984741211,0.0012168512317685082,511354.613015509,-1325.0959695410363,510029.5170459679,1.704771105472102,0.0,True,False
2022-01-18,4662.85009765625,19.190000534057617,22.81999969482422,0.001318272166861259,511361.43215676537,-960.5923508203393,510400.83980594506,6.819141256412194,0.0,True,False
2022-01-19,4577.10986328125,22.790000915527344,25.1200008392334,0.001723981554238624,511363.2790465203,-1549.5247780139423,509813.75426850637,1.8468897549404864,0.0,True,False
2022-01-20,4532.759765625,23.850000381469727,25.809999465942383,0.001723981554238624,511365.6943422533,-1809.1499110803966,509556.54443117295,2.4152957330048066,0.0,True,False
2022-01-21,4482.72998046875,25.59000015258789,27.25,0.0018254153134831337,511368.10964939435,-2223.4615449351595,509144.64810445916,2.415307141046246,0.0,True,False
2022-01-24,4397.93994140625,28.850000381469727,29.950000762939453,0.001723981554238624,511375.7819741677,-3028.1055655531586,508347.6764086145,7.67232477333709,0.0,True,False
2022-01-25,4410.1298828125,29.899999618530273,30.81999969482422,0.0020282905277612144,511378.1973289551,-2969.3870010797946,508408.8103278753,2.4153547874364296,0.0,True,False
2022-01-26,4356.4501953125,31.15999984741211,31.760000228881836,0.0020282905277612144,511381.03904521716,-3517.713860513773,507863.3251847034,2.8417162620737155,0.0,True,False
2022-01-27,4349.93017578125,31.959999084472656,31.950000762939453,0.0019268516379477108,511383.8807772706,-3621.2139704177644,507762.66680685285,2.8417320534221857,0.0,True,True
2022-01-28,4326.509765625,30.489999771118164,30.8700008392334,0.0020282905277612144,507628.97024428943,0.0,507628.97024428943,2.699625942926999,-2271.6903943367724,False,False
2022-01-31,4431.85009765625,27.65999984741211,28.81999969482422,0.0019268516379477108,507637.43293701,0.0,507637.43293701,8.462692720607027,0.0,False,False
2022-02-01,4515.5498046875,24.829999923706055,26.850000381469727,0.0024340717431051875,508819.53947376244,-1349.4266885306376,507470.1127852318,2.679848221798954,0.0,True,False
2022-02-02,4546.5400390625,21.959999084472656,24.760000228881836,0.0020282905277612144,508822.9326447021,-1039.5938377746877,507783.3388069274,3.3931709396598846,0.0,True,False
2022-02-03,4589.3798828125,22.09000015258789,25.13999938964844,0.0020282905277612144,508825.76016142016,-1180.451931818725,507645.3082296014,2.8275167180863647,0.0,True,False
2022-02-04,4477.43994140625,24.350000381469727,26.670000076293945,0.0021297319830542957,508828.5876938507,-1069.7866940534755,507758.8009997972,2.827532430528313,0.0,True,False
2022-02-07,4500.52978515625,23.219999313354492,26.25,0.002332622590596498,508837.4946363311,-869.7498301204736,507967.7448062106,8.906942480391155,0.0,True,False
2022-02-08,4483.8701171875,22.86000061035156,25.690000534057617,0.00283989401442168,508840.7464983246,-754.6642122715186,508086.0822860531,3.251861993501888,0.0,True,False
2022-02-09,4521.5400390625,21.440000534057617,24.540000915527344,0.0027384345971410155,508844.70556520665,-626.2673163743119,508218.43824883236,3.9590668820342874,0.0,True,False
2022-02-10,4587.18017578125,19.959999084472656,23.489999771118164,0.0027384345971410155,509255.8106648656,-1156.7260621418018,508099.0846027238,3.817652530047667,599.9880735177154,True,False
2022-02-11,4504.080078125,23.90999984741211,26.06999969482422,0.004159100039446663,509259.6314017481,-1474.182692403973,507785.44870934414,3.820736882516433,0.0,True,False
2022-02-14,4418.64013671875,27.36000061035156,28.829999923706055,0.003753144278824244,509277.0404260422,-1744.1600812487752,507532.88034479343,17.409024294135218,0.0,True,False
2022-02-15,4401.669921875,28.329999923706055,29.440000534057617,0.004565096891371131,509282.2771384742,-1823.5312872237205,507458.7458512505,5.236712431980501,0.0,True,False
2022-02-16,4471.06982421875,25.700000762939453,27.280000686645508,0.004159100039446663,509288.6468301983,-1371.1349555332151,507917.5118746651,6.3696917240454285,0.0,True,False
2022-02-17,4475.009765625,24.290000915527344,26.260000228881836,0.0039561170232425644,509294.45010279905,-1126.1127860993145,508168.33731669973,5.803272600777403,0.0,True,False
2022-02-18,4380.259765625,28.11000061035156,29.31999969482422,0.003753144278824244,509299.9702106428,-1655.29696741031,507644.6732432325,5.5201078437495585,0.0,True,False
2022-02-22,4348.8701171875,27.75,29.219999313354492,0.003550181805152164,509320.91832658567,-1468.611142471589,507852.30718411406,20.94811594285602,0.0,True,False
2022-02-23,4304.759765625,28.809999465942383,29.11000061035156,0.0039561170232425644,509325.87227357447,-1750.3999399154611,507575.472333659,4.95394698878092,0.0,True,False
2022-02-24,4225.5,31.020000457763672,30.8799991607666,0.003651661758209666,509331.39272199484,-2386.6513017592088,506944.7414202356,5.52044842034789,0.0,True,True
2022-02-25,4288.7001953125,30.31999969482422,30.049999237060547,0.0033472296011869446,507441.649021669,0.0,507441.649021669,5.095658281817867,-908.1132964658586,False,True
2022-02-28,4384.64990234375,27.59000015258789,28.040000915527344,0.0033472296011869446,508448.30356701487,-1162.6938844707286,507285.60968254413,13.960660875126726,0.0,True,False
2022-03-01,4373.93994140625,30.149999618530273,29.649999618530273,0.003753144278824244,508452.9663095245,-1351.066449593593,507101.8998599309,4.662742509612186,0.0,True,True
2022-03-02,4306.259765625,33.31999969482422,32.59000015258789,0.003245757350019421,508458.19454829907,-1519.4379155562035,506938.7566327429,5.228238774563643,0.0,True,True
2022-03-03,4386.5400390625,30.739999771118164,30.969999313354492,0.0033472296011869446,508462.7160257235,-1413.1813758120632,507049.53464991145,4.521477424443063,0.0,True,False
2022-03-04,4363.490234375,30.479999542236328,30.799999237060547,0.003753144278824244,508467.37890040304,-1279.7943853035054,507187.58451509953,4.662874679556342,0.0,True,False
2022-03-07,4328.8701171875,31.979999542236328,32.34000015258789,0.0033472296011869446,508483.0642226105,-1238.4175024897831,507244.64672012074,15.685322207448825,0.0,True,False
2022-03-08,4201.08984375,36.45000076293945,35.7400016784668,0.003854629367124934,508487.7272838939,-1481.567666666867,507006.15961722704,4.663061283389914,0.0,True,True
2022-03-09,4170.7001953125,35.130001068115234,35.0,0.003651661758209666,508493.0972621844,-1335.9616188929313,507157.1356432915,5.369978290496459,0.0,True,True
2022-03-10,4277.8798828125,32.45000076293945,33.060001373291016,0.003854629367124934,508498.18453365314,-1086.3078307704586,507411.8767028827,5.087271468706732,0.0,True,False
2022-03-11,4259.52001953125,30.229999542236328,31.520000457763672,0.003854629367124934,508503.55462237936,-856.0212215455142,507647.53340083384,5.370088726208418,0.0,True,False
2022-03-14,4204.31005859375,30.75,32.34000015258789,0.0039561170232425644,508519.66522883123,-797.860661784077,507721.80456704716,16.110606451846344,0.0,True,False
2022-03-15,4173.10986328125,31.770000457763672,33.31999969482422,0.004565096891371131,508525.17693898664,-853.6227056914502,507671.5542332952,5.511710155419861,0.0,True,False
2022-03-16,4262.4501953125,29.829999923706055,31.959999084472656,0.0046666025258428525,508531.53716151236,-625.900648586727,507905.6365129256,6.3602225257414045,0.0,True,False
2022-03-17,4357.85986328125,26.670000076293945,28.959999084472656,0.004362093328476233,508117.29181861493,0.0,508117.29181861493,6.501725277364693,571.9468162959498,False,False
2022-03-18,4411.669921875,25.670000076293945,28.219999313354492,0.004057607247306191,508123.3643344865,0.0,508123.3643344865,6.072515871574513,0.0,False,False
2022-03-21,4463.1201171875,23.8700008392334,26.549999237060547,0.004159100039446663,508140.31063113996,0.0,508140.31063113996,16.946296653475496,0.0,False,False
2022-03-22,4461.18017578125,23.530000686645508,26.3799991607666,0.005580268850231442,508146.10081861104,0.0,508146.10081861104,5.790187471073544,0.0,False,False
2022-03-23,4511.60986328125,22.940000534057617,25.850000381469727,0.0051741692336486865,508153.869622813,0.0,508153.869622813,7.768804201956414,0.0,False,False
2022-03-24,4456.240234375,23.56999969482422,26.40999984741211,0.00507265075359442,508161.0731646056,0.0,508161.0731646056,7.2035417925769,0.0,False,False
2022-03-25,4520.16015625,21.670000076293945,25.299999237060547,0.00507265075359442,508168.13547025766,0.0,508168.13547025766,7.062305652093535,0.0,False,False
2022-03-28,4543.06005859375,20.809999465942383,24.719999313354492,0.005377213902406584,508189.3229761211,0.0,508189.3229761211,21.187505863419563,0.0,False,False
2022-03-29,4575.52001953125,19.6299991607666,24.18000030517578,0.006087951197542419,508196.80972357705,0.0,508196.80972357705,7.4867474559343865,0.0,False,False
2022-03-30,4631.60009765625,18.899999618530273,23.190000534057617,0.005681800179119004,508205.28617064113,0.0,508205.28617064113,8.47644706405957,0.0,False,False
2022-03-31,4602.4501953125,19.329999923706055,23.56999969482422,0.005580268850231442,508213.19724834117,0.0,508213.19724834117,7.911077700051977,0.0,False,False
2022-04-01,4530.41015625,20.559999465942383,24.459999084472656,0.0051741692336486865,508220.96707834856,0.0,508220.96707834856,7.76983000737809,0.0,False,False
2022-04-04,4545.85986328125,19.6299991607666,24.209999084472656,0.005275690283209086,508242.58086362015,0.0,508242.58086362015,21.613785271583453,0.0,False,False
2022-04-05,4582.64013671875,18.56999969482422,23.030000686645508,0.00679881445588274,509023.58753489464,-943.6605073749338,508079.92702751973,7.346163899606128,0.0,True,False
2022-04-06,4525.1201171875,21.030000686645508,24.899999618530273,0.006595697811793748,509033.0691490237,-1084.5973039295063,507948.4718450942,9.481614129028452,0.0,True,False
2022-04-07,4481.14990234375,22.100000381469727,25.799999237060547,0.00679881445588274,509042.2676658334,-1122.7474258292962,507919.5202400041,9.198516809757203,0.0,True,False
2022-04-08,4500.2099609375,21.549999237060547,25.229999542236328,0.006900376635245804,509051.7496279184,-1020.2243237348515,508031.52530418354,9.481962084993125,0.0,True,False
2022-04-11,4488.27978515625,21.15999984741211,25.170000076293945,0.007001941386327625,509080.62153267325,-854.4572457622867,508226.16428691096,28.871904754813364,0.0,True,False
2022-04-12,4412.52978515625,24.3700008392334,27.0,0.007916139894923874,509090.3875240794,-1125.6721146263312,507964.7154094531,9.765991406152281,0.0,True,False
2022-04-13,4397.4501953125,24.260000228881836,27.170000076293945,0.007509803722084999,509101.4288238846,-1100.4678562758545,508000.9609676087,11.04129980514319,0.0,True,False
2022-04-14,4446.58984375,21.81999969482422,25.540000915527344,0.007611383906217505,509111.90359412215,-801.9408737179908,508309.96272040415,10.474770237572585,0.0,True,False
2022-04-18,4392.58984375,22.700000762939453,26.030000686645508,0.007916139894923874,509154.37162445066,-783.9984332165707,508370.3731912341,42.46803032850914,0.0,True,False
2022-04-19,4391.68994140625,22.170000076293945,25.75,0.008322517236116296,509165.4143119615,-711.0100800436933,508454.4042319178,11.042687510847863,0.0,True,False
2022-04-20,4462.2099609375,21.3700008392334,25.059999465942383,0.008322517236116296,509177.0241372984,-517.1404703943774,508659.883666904,11.609825336879435,0.0,True,False
2022-04-21,4459.4501953125,20.31999969482422,24.149999618530273,0.008322517236116296,509188.6342273588,-427.5085530570026,508761.1256743018,11.610090060367254,0.0,True,False
2022-04-22,4393.66015625,22.68000030517578,26.11000061035156,0.008322517236116296,509200.2445821487,-619.2757402413338,508580.96884190734,11.610354789891211,0.0,True,False
2022-04-25,4271.77978515625,28.209999084472656,29.8700008392334,0.008322517236116296,509235.0772349557,-1208.8263588859647,508026.2508760697,34.83265280703043,0.0,True,False
2022-04-26,4296.1201171875,27.020000457763672,29.06999969482422,0.00944026726683901,509246.68864872406,-977.7228796506062,508268.96576907346,11.611413768351184,0.0,True,False
2022-04-27,4175.2001953125,33.52000045776367,33.13999938964844,0.008525721347452138,509259.85984602576,-2000.0306441595949,507259.8292018662,13.171197301729004,0.0,True,True
2022-04-28,4183.9599609375,31.600000381469727,32.20000076293945,0.008322517236116296,509271.75534840155,-1731.9811546511107,507539.77419375046,11.89550237578601,0.0,True,False
2022-04-29,4287.5,29.989999771118164,31.149999618530273,0.008220919040828615,508196.8825560957,0.0,508196.8825560957,11.612250090848399,-312.82453502173746,False,False
2022-05-02,4131.93017578125,33.400001525878906,33.18000030517578,0.008424118004947048,508231.2221718078,0.0,508231.2221718078,34.339615712077716,0.0,False,True
2022-05-03,4155.3798828125,32.34000015258789,33.0099983215332,0.009135395456935813,509258.5106267057,-1185.5584570989538,508072.95216960675,11.729997798956807,0.0,True,False
2022-05-04,4175.47998046875,29.25,30.809999465942383,0.009135395456935813,509271.2567530197,-923.2799593321591,508347.97679368756,12.746126313956706,0.0,True,False
2022-05-05,4300.169921875,25.420000076293945,28.09000015258789,0.008932160456818562,509284.0031983538,-913.1771162098734,508370.82608214393,12.746445334125484,0.0,True,False
2022-05-06,4146.8701171875,31.200000762939453,32.68000030517578,0.008525721347452138,509296.4663821785,-968.984139142491,508327.482243036,12.463183824678184,0.0,True,False
2022-05-09,4123.33984375,30.190000534057617,32.310001373291016,0.008525721347452138,509332.1562881642,-747.488535194289,508584.6677529699,35.68990598573265,0.0,True,False
2022-05-10,3991.239990234375,34.75,35.04999923706055,0.009338640755400468,509344.0534792702,-928.2884557036542,508415.76502356655,11.897191105974718,0.0,True,False
2022-05-11,4001.050048828125,32.9900016784668,33.970001220703125,0.009033776669648766,509357.0853751227,-788.3061713621091,508568.7792037606,13.03189585254815,0.0,True,False
2022-05-12,3935.179931640625,32.560001373291016,33.630001068115234,0.009135395456935813,509369.69215621194,-771.0855998267472,508598.6065563852,12.606781089234989,0.0,True,False
2022-05-13,3930.080078125,31.770000457763672,33.08000183105469,0.009643528014781815,509382.4410652655,-708.8875974774296,508673.5534677881,12.748909053546313,0.0,True,False
2022-05-16,4023.889892578125,28.8700008392334,30.700000762939453,0.010253372068529071,509599.3740413786,-785.4222565132818,508813.95178486535,40.37620703519345,576.6929696635689,True,False
2022-05-17,4008.010009765625,27.469999313354492,29.510000228881836,0.01086330885908627,509613.6896177596,-601.5441511262085,509012.1454666334,14.315576381008883,0.0,True,False
2022-05-18,4088.85009765625,26.100000381469727,28.3700008392334,0.01076164628607375,509628.85721582506,-606.8531111141328,509022.00410471094,15.167598065434666,0.0,True,False
2022-05-19,3923.679931640625,30.959999084472656,32.79999923706055,0.010355021759470935,509643.8833154166,-703.3559764644383,508940.5273389521,15.026099591532091,0.0,True,False
2022-05-20,3900.7900390625,29.350000381469727,30.790000915527344,0.010558328869943914,509658.3420780504,-573.5603669264818,509084.78171112394,14.458762633865833,0.0,True,False
2022-05-23,3901.360107421875,29.43000030517578,31.13999938964844,0.010253372068529071,509702.57254832593,-468.20327758279126,509234.36927074316,44.230470275502874,0.0,True,False
2022-05-24,3973.75,28.479999542236328,30.290000915527344,0.01086330885908627,509716.89102374134,-368.12064122857777,509348.77038251277,14.318475415395238,0.0,True,False
2022-05-25,3941.47998046875,29.450000762939453,30.739999771118164,0.010659986289736204,509732.0616933833,-387.4907479735408,509344.57094540977,15.17066964195941,0.0,True,False
2022-05-26,3978.72998046875,28.3700008392334,29.729999542236328,0.010659986289736204,509430.6682133317,0.0,509430.6682133317,14.88716749923852,299.14160896246653,False,False
2022-05-27,4057.840087890625,27.5,29.280000686645508,0.01076164628607375,509445.54657837265,0.0,509445.54657837265,14.878365040931698,0.0,False,False
2022-05-31,4158.240234375,25.719999313354492,28.020000457763672,0.01076164628607375,509887.6923092669,-552.0602944335639,509335.63201483333,60.08543646070327,0.0,True,False
2022-06-01,4132.14990234375,26.190000534057617,27.989999771118164,0.011473338414662016,509902.7260404551,-520.8424902981387,509381.88355015696,15.033731188206362,0.0,True,False
2022-06-02,4101.22998046875,25.690000534057617,27.719999313354492,0.011371660378853593,509918.75447465724,-464.8524862838072,509453.9019883734,16.028434202142204,0.0,True,False
2022-06-03,4176.81982421875,24.719999313354492,27.059999465942383,0.011473338414662016,509934.6413602089,-430.47100335120547,509504.1703568577,15.886885551692233,0.0,True,False
2022-06-06,4108.5400390625,24.790000915527344,27.329999923706055,0.011880076335103261,509982.7311841604,-352.9854564297051,509629.7457277307,48.089823951487126,0.0,True,False
2022-06-07,4121.43017578125,25.06999969482422,27.219999313354492,0.012490260561764442,509999.3304509433,-339.2071881631433,509660.1232627802,16.599266782949353,0.0,True,False
2022-06-08,4160.68017578125,24.020000457763672,26.520000457763672,0.012591966958252128,510016.78287153423,-288.63875530508477,509728.14411622914,17.452420590919115,0.0,True,False
2022-06-09,4115.77001953125,23.959999084472656,26.540000915527344,0.012693675933768366,510034.3780092222,-271.4582174721241,509762.9197917501,17.59513768797567,0.0,True,False
2022-06-10,4017.820068359375,26.09000015258789,28.010000228881836,0.012795387488443062,510052.1158823408,-351.4534112737116,509700.6624710671,17.737873118622076,0.0,True,False
2022-06-13,3900.860107421875,27.75,29.719999313354492,0.013609172791262171,510105.75964386703,-439.56762628294,509666.1920175841,53.6437615262087,0.0,True,False
2022-06-14,3749.6298828125,34.02000045776367,34.2400016784668,0.01717142608145376,510124.77949824027,-892.3303745740265,509232.4491236663,19.019854373254205,0.0,True,False
2022-06-15,3735.47998046875,32.689998626708984,33.279998779296875,0.018087945660248832,510148.7788845244,-831.6193596448311,509317.1595248796,23.999386284161332,0.0,True,False
2022-06-16,3789.989990234375,29.6200008392334,30.780000686645508,0.01717142608145376,510174.06045174366,-571.624497693502,509602.43595405016,25.28156721924124,0.0,True,False
2022-06-17,3666.77001953125,32.95000076293945,33.4900016784668,0.015644358689213936,510198.06215650495,-947.5851386747053,509250.47701783024,24.00170476130087,0.0,True,False
2022-06-21,3674.840087890625,31.1299991607666,32.36000061035156,0.016051519817165624,510285.54057556525,-691.2409417585968,509594.29963380663,87.4784190602818,0.0,True,False
2022-06-22,3764.7900390625,30.190000534057617,31.25,0.0168659660885449,510307.98177713604,-457.6075616112149,509850.3742155248,22.441201570779075,0.0,True,False
2022-06-23,3759.889892578125,28.950000762939453,30.239999771118164,0.015949725660284436,510331.5626976055,-389.01215773508096,509942.55053987046,23.5809204694643,0.0,True,False
2022-06-24,3795.72998046875,29.049999237060547,30.190000534057617,0.016153316557528122,510019.48957198433,0.0,510019.48957198433,22.300893879659505,47.686274932679595,False,False
2022-06-27,3911.739990234375,27.229999542236328,28.950000762939453,0.0168659660885449,510087.2078173864,0.0,510087.2078173864,67.71824540209238,0.0,False,False
2022-06-28,3900.110107421875,26.950000762939453,28.18000030517578,0.017782415863761357,510110.7785360692,0.0,510110.7785360692,23.570718682754137,0.0,False,False
2022-06-29,3821.550048828125,28.36000061035156,29.149999618530273,0.017782415863761357,510135.6312017375,0.0,510135.6312017375,24.852665668292964,0.0,False,False
2022-06-30,3818.830078125,28.15999984741211,29.0,0.017578742261546272,510160.485078231,0.0,510160.485078231,24.853876493503506,0.0,False,False
2022-07-01,3785.3798828125,28.709999084472656,29.709999084472656,0.0168659660885449,510185.05547723337,0.0,510185.05547723337,24.570399002325175,0.0,False,False
2022-07-05,3825.330078125,26.700000762939453,28.520000457763672,0.0168659660885449,510927.39694125735,-818.0339668887076,510109.3629743686,94.30749713524203,0.0,True,False
2022-07-06,3831.389892578125,27.540000915527344,28.899999618530273,0.018902805582492365,510951.0064844022,-855.9154525410709,510095.09103186114,23.609543144876625,0.0,True,False
2022-07-07,3845.080078125,26.729999542236328,28.38999938964844,0.018800939038543605,510977.46856012644,-790.0961199651664,510187.37244016124,26.462075724209278,0.0,True,False
2022-07-08,3902.6201171875,26.079999923706055,28.030000686645508,0.019208420737802476,511003.7893920786,-867.7334086798386,510136.05598339875,26.32083195213659,0.0,True,False
2022-07-11,3899.3798828125,24.63999938964844,27.299999237060547,0.01941217711221094,511084.47172622907,-633.1616219851344,510451.3101042439,80.68233415047538,0.0,True,False
2022-07-12,3854.429931640625,26.170000076293945,28.25,0.021654180644992936,511111.65398955933,-604.9582042325414,510506.69578532677,27.182263330267652,0.0,True,False
2022-07-13,3818.800048828125,27.290000915527344,28.81999969482422,0.021960005519763588,511141.97736598656,-584.5737324388099,510557.4036335478,30.323376427207577,0.0,True,False
2022-07-14,3801.780029296875,26.81999969482422,28.559999465942383,0.023693453735569706,511172.73084081995,-507.039483342125,510665.6913574778,30.753474833367957,0.0,True,False
2022-07-15,3790.3798828125,26.399999618530273,28.61000061035156,0.023693453735569706,511205.9139656315,-452.34590908431784,510753.5680565472,33.18312481155491,0.0,True,False
2022-07-18,3863.159912109375,24.229999542236328,27.079999923706055,0.023285516164195733,511421.60791645915,-613.2755820410597,510808.3323344181,99.56229962453048,320.89003605071844,True,False
2022-07-19,3830.85009765625,25.299999237060547,27.81999969482422,0.024815496033122095,511454.2355767051,-608.4918687525944,510845.7437079525,32.627660245902845,0.0,True,False
2022-07-20,3936.68994140625,24.5,27.309999465942383,0.02501953745077878,511489.0093356454,-745.2300738912032,510743.7792617542,34.773758940352025,0.0,True,False
2022-07-21,3959.89990234375,23.8799991607666,26.700000762939453,0.024815496033122095,511524.0714097225,-719.3502854110352,510804.72112431144,35.06207407710468,0.0,True,False
2022-07-22,3998.949951171875,23.11000061035156,26.219999313354492,0.024407444334296906,511558.84991679917,-765.0327839376532,510793.8171328615,34.77850707665401,0.0,True,False
2022-07-25,3961.6298828125,23.030000686645508,25.969999313354492,0.024509453367272362,511661.48358768126,-419.8240280118685,511241.6595596694,102.63367088208017,0.0,True,False
2022-07-26,3966.840087890625,23.36000061035156,25.799999237060547,0.025937852300922264,511695.8423940508,-425.7368068489842,511270.10558720183,34.35880636951542,0.0,True,False
2022-07-27,3921.050048828125,24.690000534057617,26.420000076293945,0.025223589248672858,511732.20612768363,-370.17162240592853,511362.0345052777,36.36373363283195,0.0,True,False
2022-07-28,4023.610107421875,23.239999771118164,25.309999465942383,0.024101432800448245,511767.5709742089,-554.2740089870878,511213.2969652218,35.36484652525905,0.0,True,False
2022-07-29,4072.429931640625,22.329999923706055,24.329999923706055,0.023897438080793178,511092.35592957796,0.0,511092.35592957796,33.79380535995971,-265.73326794987213,False,False
2022-08-01,4130.2900390625,21.329999923706055,23.790000915527344,0.02379544461144372,511192.75316937413,0.0,511192.75316937413,100.39723979619812,0.0,False,False
2022-08-02,4118.6298828125,22.84000015258789,24.86000061035156,0.025223589248672858,511800.7442205401,-744.66377621216,511056.08044432796,33.32727495384651,0.0,True,False
2022-08-03,4091.18994140625,23.93000030517578,25.65999984741211,0.025223589248672858,511836.11380360357,-760.7962941950734,511075.3175094085,35.36958306344441,0.0,True,False
2022-08-04,4155.169921875,21.950000762939453,24.3700008392334,0.024815496033122095,511871.4858309921,-683.0723475097744,511188.4134834823,35.372027388545945,0.0,True,False
2022-08-05,4151.93994140625,21.440000534057617,24.31999969482422,0.024509453367272362,511906.2879587654,-611.8175961964598,511294.4703625689,34.80212777328195,0.0,True,False
2022-08-08,4145.18994140625,21.149999618530273,24.18000030517578,0.025223589248672858,512009.4206199705,-482.05633744632934,511527.36428252415,103.13266120509998,0.0,True,False
2022-08-09,4140.06005859375,21.290000915527344,24.479999542236328,0.02614195082295749,512044.8046242659,-459.37321414746066,511585.4314101184,35.38400429539137,0.0,True,False
2022-08-10,4122.47021484375,21.770000457763672,24.690000534057617,0.026244003978677013,512081.47949953243,-438.14098793083673,511643.3385116016,36.67487526657905,0.0,True,False
2022-08-11,4210.240234375,19.739999771118164,23.459999084472656,0.026039900263749652,512118.3001886852,-405.87377514842046,511712.42641353677,36.820689152778264,0.0,True,False
2022-08-12,4207.27001953125,20.200000762939453,23.709999084472656,0.02563172398939818,512154.83713433915,-396.6008728586121,511758.23626148055,36.53694565396534,0.0,True,False
2022-08-15,4280.14990234375,19.530000686645508,23.309999465942383,0.025733764163878625,512262.74503277283,-424.73166624341616,511838.0133665294,107.9078984337008,0.0,True,False
2022-08-16,4297.14013671875,19.950000762939453,23.31999969482422,0.026754308709582827,512298.86260369257,-478.26371170087424,511820.5988919917,36.11757091971295,0.0,True,False
2022-08-17,4305.2001953125,19.690000534057617,23.31999969482422,0.0265501790262306,512336.4152181108,-438.1332094022478,511898.2820087085,37.55261441821308,0.0,True,False
2022-08-18,4274.0400390625,19.899999618530273,23.600000381469727,0.02634605973104124,512373.68403533427,-312.3848462855345,512061.29918904876,37.268817223495994,0.0,True,False
2022-08-19,4283.740234375,19.559999465942383,23.38999938964844,0.0265501790262306,512125.6870386835,0.0,512125.6870386835,36.984972280798694,289.6818072805961,False,False
2022-08-22,4228.47998046875,20.600000381469727,24.31999969482422,0.026856377447150227,512237.4556334146,0.0,512237.4556334146,111.76859473109545,0.0,False,False
2022-08-23,4137.990234375,23.799999237060547,26.0,0.027877207703692453,512275.14699936425,0.0,512275.14699936425,37.69136594963802,0.0,False,False
2022-08-24,4128.72998046875,24.11000061035156,25.920000076293945,0.027570931345771127,512314.273974824,0.0,512314.273974824,39.12697545977405,0.0,False,False
2022-08-25,4140.77001953125,22.81999969482422,24.88999938964844,0.027775112985802146,512352.9740163763,0.0,512352.9740163763,38.700041552305734,0.0,False,False
2022-08-26,4199.1201171875,21.780000686645508,24.1299991607666,0.028285612564175014,512391.963614199,0.0,512391.963614199,38.98959782269987,0.0,False,False
2022-08-29,4057.659912109375,25.559999465942383,26.559999465942383,0.028285612564175014,512511.1006451343,0.0,512511.1006451343,119.1370309352575,0.0,False,False
2022-08-30,4030.610107421875,26.209999084472656,26.81999969482422,0.029408940397327037,512550.81914417946,0.0,512550.81914417946,39.718499045149954,0.0,False,False
2022-08-31,3986.159912109375,26.209999084472656,26.90999984741211,0.029306806684143823,512592.11827778094,0.0,512592.11827778094,41.29913360147145,0.0,False,False
2022-09-01,3955.0,25.8700008392334,26.649999618530273,0.029204675571573958,512633.2772948488,0.0,512633.2772948488,41.15901706786942,0.0,False,False
2022-09-02,3966.85009765625,25.559999465942383,26.43000030517578,0.029306806684143823,512674.2961647502,0.0,512674.2961647502,41.01886990134681,0.0,False,False
2022-09-06,3924.260009765625,25.469999313354492,26.479999542236328,0.029000421147742747,513761.65755103563,-1092.6790902135212,512668.97846082214,164.68229607198475,0.0,True,False
2022-09-07,3908.18994140625,26.90999984741211,27.59000015258789,0.03012394921789552,513802.4791848794,-1159.5288863290637,512642.9502985503,40.82163384376361,0.0,True,False
2022-09-08,3979.8701171875,24.63999938964844,26.100000381469727,0.030328260865411308,513844.88575613673,-1143.6676326602014,512701.21812347654,42.40657125732847,0.0,True,False
2022-09-09,4006.179931640625,23.61000061035156,25.520000457763672,0.03022610374075078,513887.58347998455,-1113.9198499863471,512773.6636299982,42.6977238478238,0.0,True,False
2022-09-12,4067.360107421875,22.790000915527344,25.13999938964844,0.030328260865411308,514015.26634853735,-1224.0928023749025,512791.17354616243,127.6828685528132,0.0,True,False
2022-09-13,4110.41015625,23.8700008392334,25.3700008392334,0.031452160993734345,514057.97823008854,-1583.028438117528,512474.949791971,42.71188155121837,0.0,True,False
2022-09-14,3932.68994140625,27.270000457763672,27.950000762939453,0.032474161735104125,514102.27667097136,-987.8107198995725,513114.46595107176,44.298440882821424,0.0,True,False
2022-09-15,3946.010009765625,26.15999984741211,27.459999084472656,0.031963128813672324,514148.0185427096,-883.5590298098272,513264.45951289975,45.74187173821235,0.0,True,False
2022-09-16,3901.35009765625,26.270000457763672,27.600000381469727,0.03175873387444679,514193.04456715286,-745.3186899076189,513447.72587724525,45.02602444328069,0.0,True,False
2022-09-19,3873.330078125,26.299999237060547,27.6299991607666,0.03155434935039874,514327.2822513655,-598.1421298348852,513729.1401215306,134.23768421264063,0.0,True,False
2022-09-20,3899.889892578125,25.760000228881836,27.010000228881836,0.033496422948821526,514371.7479069187,-547.6859146880573,513824.06199223065,44.46565555322036,0.0,True,False
2022-09-21,3855.929931640625,27.15999984741211,27.8799991607666,0.033189717227210126,514418.95449386287,-575.1937918769403,513843.7607019859,47.206586944173495,0.0,True,False
2022-09-22,3789.929931640625,27.989999771118164,28.760000228881836,0.032678593135811514,514465.73311279103,-605.4416936662857,513860.29141912475,46.778618928166345,0.0,True,False
2022-09-23,3757.989990234375,27.350000381469727,28.219999313354492,0.032474161735104125,514511.79549358663,-573.3382392015161,513938.4572543851,46.06238079560472,0.0,True,False
2022-09-26,3693.22998046875,29.920000076293945,30.31999969482422,0.03175873387444679,514649.1426383453,-720.642225228399,513928.5004131169,137.34714475865695,0.0,True,False
2022-09-27,3655.0400390625,32.2599983215332,31.770000457763672,0.03359866340128471,514693.9243267133,-909.8012238071432,513784.12310290616,44.7816883679977,0.0,True,True
2022-09-28,3647.2900390625,32.599998474121094,32.119998931884766,0.033189717227210126,514741.3046660666,-913.3563327496028,513827.948333317,47.3803393532833,0.0,True,True
2022-09-29,3719.0400390625,30.18000030517578,30.579999923706055,0.033496422948821526,514788.11259786465,-579.06925191498,514209.04334594967,46.80793179802703,0.0,True,False
2022-09-30,3640.469970703125,31.84000015258789,31.739999771118164,0.033189717227210126,514014.8758793643,0.0,514014.8758793643,47.2447989106425,102.19757280258304,False,True
2022-10-03,3585.6201171875,31.6200008392334,31.86000061035156,0.03278081274358243,514155.114253429,0.0,514155.114253429,140.23837406468573,0.0,False,False
2022-10-04,3678.429931640625,30.100000381469727,30.690000534057617,0.034007651274308236,515123.48290760576,-1092.1900804897848,514031.292827116,46.17857368698339,0.0,True,False
2022-10-05,3790.929931640625,29.06999969482422,29.670000076293945,0.03380315212489637,515171.4800470366,-1392.8551769750743,513778.6248700615,47.997139430842665,0.0,True,False
2022-10-06,3783.280029296875,28.549999237060547,29.43000030517578,0.033905400396310605,515219.192995864,-1266.5263861303902,513952.66660973366,47.712948827444016,0.0,True,False
2022-10-07,3744.52001953125,30.520000457763672,30.790000915527344,0.03380315212489637,515267.05470655736,-1237.2385497373944,514029.81615682,47.861710693326174,0.0,True,False
2022-10-10,3639.659912109375,31.36000061035156,32.099998474121094,0.03370090645993172,515410.23336793965,-901.1512666399899,514509.08210129966,143.17866138228717,0.0,True,False
2022-10-11,3612.389892578125,32.45000076293945,32.72999954223633,0.03370090645993172,515457.8240363649,-898.8646266791126,514558.9594096858,47.59066842526252,0.0,True,False
2022-10-12,3588.840087890625,33.630001068115234,33.36000061035156,0.035950913383836366,515505.41909909894,-915.8470514638385,514589.5720476351,47.595062734056825,0.0,True,True
2022-10-13,3577.030029296875,33.56999969482422,33.130001068115234,0.03625783032483448,515556.19664267555,-862.213448929386,514693.9831937462,50.77754357662427,0.0,True,True
2022-10-14,3669.909912109375,31.940000534057617,31.799999237060547,0.03707639033485183,515607.41274562845,-838.0512426568874,514769.36150297156,51.216102952877115,0.0,True,True
2022-10-17,3583.070068359375,32.02000045776367,32.45000076293945,0.03717872208288992,515764.5615796199,-635.1943895060858,515129.3671901138,157.1488339914205,0.0,True,False
2022-10-18,3677.949951171875,31.3700008392334,31.739999771118164,0.038918761366922815,515817.09978216834,-658.0268838874434,515159.0728982809,52.53820254846996,0.0,True,False
2022-10-19,3719.97998046875,30.5,30.979999542236328,0.039635467594594666,515872.102612079,-647.9846917715366,515224.11792030744,55.00282991067045,0.0,True,False
2022-10-20,3695.159912109375,30.760000228881836,31.350000381469727,0.03984026432686883,515928.1243715591,-569.4722668758817,515358.6521046832,56.021759480138385,0.0,True,False
2022-10-21,3665.780029296875,29.979999542236328,30.809999465942383,0.03984026432686883,515534.1929841516,0.0,515534.1929841516,56.31735528050698,471.9413378017233,False,False
2022-10-24,3752.75,29.690000534057617,30.469999313354492,0.03973786465364425,515703.03447740636,0.0,515703.03447740636,168.84149325477847,0.0,False,False
2022-10-25,3797.340087890625,29.850000381469727,30.329999923706055,0.04076197904577037,515759.1825677293,0.0,515759.1825677293,56.14809032297282,0.0,False,False
2022-10-26,3859.110107421875,28.459999084472656,29.290000915527344,0.04045471727135618,515816.784044293,0.0,515816.784044293,57.60147656366308,0.0,False,False
2022-10-27,3830.60009765625,27.280000686645508,28.459999084472656,0.04014747903292383,515873.9576843278,0.0,515873.9576843278,57.17364003480148,0.0,False,False
2022-10-28,3807.300048828125,27.38999938964844,28.280000686645508,0.040249889164181527,515930.70337741583,0.0,515930.70337741583,56.74569308804484,0.0,False,False
2022-10-31,3901.06005859375,25.75,26.899999618530273,0.040659555838967396,516101.41232765757,0.0,516101.41232765757,170.70895024172108,0.0,False,False
2022-11-01,3871.97998046875,25.8799991607666,26.920000076293945,0.041376573216971836,516886.75235249475,-897.8451672232002,515988.90718527156,57.49485761395947,0.0,True,False
2022-11-02,3856.10009765625,25.809999465942383,26.690000534057617,0.041376573216971836,516945.3502013161,-812.5054009058193,516132.8448004103,58.59784882137649,0.0,True,False
2022-11-03,3759.68994140625,25.86000061035156,27.219999313354492,0.04117169802941739,517003.95469319395,-706.9110378870053,516297.043655307,58.60449187785039,0.0,True,False
2022-11-04,3719.889892578125,25.299999237060547,26.700000762939453,0.041376573216971836,517062.2756007706,-659.4494394975185,516402.8261612731,58.32090757663681,0.0,True,False
2022-11-07,3770.550048828125,24.549999237060547,26.38999938964844,0.04096683330603987,517238.1487795045,-535.659383528048,516702.4893959765,175.873178733949,0.0,True,False
2022-11-08,3806.800048828125,24.350000381469727,26.260000228881836,0.04199126157538794,517296.2057608844,-501.36243089105534,516794.8433299933,58.056981379855735,0.0,True,False
2022-11-09,3828.110107421875,25.540000915527344,27.100000381469727,0.041786354988887824,517355.72129466594,-556.3871605134483,516799.3341341525,59.51553378153723,0.0,True,False
2022-11-10,3748.570068359375,26.09000015258789,27.90999984741211,0.0418888069736482,517414.95320519956,-556.0437258732892,516858.9094793263,59.231910533605536,0.0,True,False
2022-11-11,3956.3701171875,23.530000686645508,26.18000030517578,0.04168390562097403,517474.33714722027,-594.9069424992291,516879.43020472105,59.38394202069077,0.0,True,False
2022-11-14,3992.929931640625,22.520000457763672,25.739999771118164,0.04168390562097403,517651.6580809279,-506.37300895757875,517145.2850719703,177.3209337076146,0.0,True,False
2022-11-15,3957.25,23.729999542236328,26.1299991607666,0.0424011061548201,517710.7785604424,-451.0538393853284,517259.72472105705,59.12047951449658,0.0,True,False
2022-11-16,3991.72998046875,24.540000915527344,26.59000015258789,0.04219617863034214,517770.92317620583,-581.6837581893697,517189.23941801646,60.144615763446765,0.0,True,False
2022-11-17,3958.7900390625,24.11000061035156,26.030000686645508,0.04219617863034214,517830.78404549236,-406.82607481125245,517423.9579706811,59.860869286539895,0.0,True,False
2022-11-18,3946.56005859375,23.93000030517578,25.829999923706055,0.042093718794241654,517545.27363675705,0.0,517545.27363675705,59.86778996035788,382.46696852753223,False,False
2022-11-21,3965.340087890625,23.1200008392334,25.329999923706055,0.04229864108382401,517724.3627402441,0.0,517724.3627402441,179.08910348705442,0.0,False,False
2022-11-22,3949.93994140625,22.36000061035156,24.719999313354492,0.04311843495344054,517784.3635784697,0.0,517784.3635784697,60.000838225641665,0.0,False,False
2022-11-23,4003.580078125,21.290000915527344,23.829999923706055,0.04291347077720313,517845.5344556509,0.0,517845.5344556509,61.17087718116783,0.0,False,False
2022-11-25,4027.260009765625,20.350000381469727,23.3799991607666,0.04291347077720313,517967.31616603717,0.0,517967.31616603717,121.78171038628739,0.0,False,False
2022-11-28,4026.1201171875,20.5,23.59000015258789,0.043015951556096534,518150.04243259475,0.0,518150.04243259475,182.7262665575768,0.0,False,False
2022-11-29,3963.93994140625,22.209999084472656,24.899999618530273,0.04383589206272108,518211.1110094707,0.0,518211.1110094707,61.06857687595616,0.0,False,False
2022-11-30,3957.6298828125,21.88999938964844,24.649999618530273,0.04352839473000431,518273.35103816714,0.0,518273.35103816714,62.24002869643232,0.0,False,False
2022-12-01,4080.110107421875,20.579999923706055,23.530000686645508,0.04352839473000431,518335.16186621744,0.0,518335.16186621744,61.810828050298035,0.0,False,False
2022-12-02,4076.570068359375,19.84000015258789,23.309999465942383,0.043015951556096534,518396.9800660117,0.0,518396.9800660117,61.81819979429493,0.0,False,False
2022-12-05,4071.699951171875,19.059999465942383,22.959999084472656,0.043015951556096534,518580.29471156764,0.0,518580.29471156764,183.31464555590696,0.0,False,False
2022-12-06,3998.840087890625,20.75,23.88999938964844,0.04352839473000431,519057.0862191477,-585.6722216580511,518471.41399748967,61.1192859220293,0.0,True,False
2022-12-07,3941.260009765625,22.170000076293945,24.719999313354492,0.04352839473000431,519118.9905177969,-585.8708178405893,518533.1196999563,61.904298649184746,0.0,True,False
2022-12-08,3933.919921875,22.68000030517578,25.18000030517578,0.04281099261662742,519180.90219933767,-592.6169693828103,518588.28522995487,61.91168154076448,0.0,True,False
2022-12-09,3963.510009765625,22.290000915527344,24.729999542236328,0.04250357384346505,519241.8007015512,-555.637082746509,518686.1636188047,60.89850221354654,0.0,True,False
2022-12-12,3934.3798828125,22.829999923706055,25.209999084472656,0.042708517074234724,519423.2266271897,-496.9134811845218,518926.3131460052,181.42592563853688,0.0,True,False
2022-12-13,3990.56005859375,25.0,25.670000076293945,0.043733390332472026,519484.00770569034,-638.9155762430352,518845.0921294473,60.78107850063463,0.0,True,False
2022-12-14,4019.64990234375,22.549999237060547,24.290000915527344,0.04342590085751791,519546.2547138811,-483.94122124917686,519062.31349263195,62.24700819078465,0.0,True,False
2022-12-15,3995.320068359375,21.13999938964844,23.459999084472656,0.04311843495344054,519608.07144359365,-349.62247644117525,519258.44896715245,61.81672971250774,0.0,True,False
2022-12-16,3895.75,22.829999923706055,25.079999923706055,0.043015951556096534,519669.45777303196,-409.82391286385507,519259.6338601681,61.386329438282814,0.0,True,False
2022-12-19,3852.360107421875,22.6200008392334,25.149999618530273,0.04281099261662742,519853.22238995886,-374.8729324369231,519478.3494575219,183.76461692690242,0.0,True,False
2022-12-20,3817.659912109375,22.420000076293945,25.079999923706055,0.043630891221611366,519914.199753495,-382.54920073701857,519531.65055275796,60.977363536147806,0.0,True,False
2022-12-21,3821.6201171875,21.479999542236328,24.399999618530273,0.043323409604017406,519976.3522898026,-326.4549295122925,519649.89736029034,62.15253630761377,0.0,True,False
2022-12-22,3878.43994140625,20.06999969482422,23.350000381469727,0.043015951556096534,520038.0741678007,-225.01144078367145,519813.06272701704,61.721877998081915,0.0,True,False
2022-12-23,3822.389892578125,21.969999313354492,24.780000686645508,0.04322092096936986,520099.3652659576,-301.09374448051966,519798.2715214771,61.29109815690476,0.0,True,False
2022-12-27,3844.820068359375,20.8700008392334,24.1299991607666,0.04311843495344054,520154.7980916663,0.0,520154.7980916663,246.40545838292553,224.69958898386258,False,False
2022-12-28,3829.25,21.649999618530273,24.43000030517578,0.044348440009470164,520216.2490112139,0.0,520216.2490112139,61.45091954758969,0.0,False,False
2022-12-29,3783.219970703125,22.13999938964844,24.579999923706055,0.044348440009470164,520279.4604653167,0.0,520279.4604653167,63.21145410280563,0.0,False,False
2022-12-30,3849.280029296875,21.440000534057617,23.950000762939453,0.044245925180273475,520342.6796002406,0.0,520342.6796002406,63.21913492388222,0.0,False,False
2023-01-03,3839.5,21.670000076293945,24.290000915527344,0.04383589206272108,521234.19753818476,-809.1494343007345,520425.04810388404,252.36850364342826,0.0,True,False
2023-01-04,3824.139892578125,22.899999618530273,24.579999923706055,0.0448610534610046,521296.8006563409,-819.9310245281727,520476.86963181273,62.60311815611687,0.0,True,False
2023-01-05,3852.969970703125,22.010000228881836,23.809999465942383,0.0449635840133589,521360.87561757106,-767.5825565010018,520593.29306107,64.0749612301378,0.0,True,False
2023-01-06,3808.10009765625,22.459999084472656,24.06999969482422,0.04598903371375363,521425.1049257694,-677.8081483207177,520747.2967774487,64.22930819833306,0.0,True,False
2023-01-09,3895.080078125,21.1299991607666,23.18000030517578,0.04598903371375363,521622.2367290129,-667.7138278421825,520954.5229011707,197.1318032435544,0.0,True,False
2023-01-10,3892.090087890625,21.969999313354492,23.739999771118164,0.04639928701180315,521687.96389055636,-699.2790268479456,520988.6848637084,65.72716154344023,0.0,True,False
2023-01-11,3919.25,20.579999923706055,22.739999771118164,0.046604429397524544,521754.28577597736,-621.7482789944188,521132.53749698296,66.3218854210243,0.0,True,False
2023-01-12,3969.610107421875,21.09000015258789,22.739999771118164,0.046604429397524544,521820.90937383665,-857.422514035439,520963.4868598012,66.62359785926034,0.0,True,False
2023-01-13,3983.169921875,18.829999923706055,21.579999923706055,0.04588647694541601,521887.5414789644,-643.047478785161,521244.4940001792,66.63210512774423,0.0,True,False
2023-01-17,3999.090087890625,18.350000381469727,21.13999938964844,0.04598903371375363,522150.0467157386,-488.06452755943707,521661.98218817916,262.5052367742158,0.0,True,False
2023-01-18,3990.969970703125,19.36000061035156,21.450000762939453,0.04650185689316091,522215.8403841328,-506.0021146170047,521709.8382695158,65.79366839422042,0.0,True,False
2023-01-19,3928.860107421875,20.34000015258789,22.270000457763672,0.04629671975331805,522282.37614649517,-335.77182181305886,521946.6043246821,66.5357623623714,0.0,True,False
2023-01-20,3898.85009765625,20.520000457763672,22.450000762939453,0.04639928701180315,522076.0569518295,0.0,522076.0569518295,66.25066948618108,366.5795701488823,False,False
2023-01-23,3972.610107421875,19.850000381469727,21.719999313354492,0.046604429397524544,522275.1959365005,0.0,522275.1959365005,199.13898467095962,0.0,False,False
2023-01-24,4019.81005859375,19.809999465942383,21.600000381469727,0.04670700452502913,522341.88605017,0.0,522341.88605017,66.69011366948293,0.0,False,False
2023-01-25,4016.949951171875,19.200000762939453,20.90999984741211,0.046604429397524544,522408.7314909295,0.0,522408.7314909295,66.84544075948403,0.0,False,False
2023-01-26,4016.219970703125,19.079999923706055,20.940000534057617,0.04650185689316091,522475.4386559569,0.0,522475.4386559569,66.70716502741276,0.0,False,False
2023-01-27,4060.429931640625,18.729999542236328,20.700000762939453,0.04639928701180315,522542.00749385543,0.0,522542.00749385543,66.56883789855402,0.0,False,False
2023-01-30,4070.56005859375,18.510000228881836,20.469999313354492,0.046604429397524544,522741.3242091781,0.0,522741.3242091781,199.31671532267282,0.0,False,False
2023-01-31,4017.77001953125,19.940000534057617,21.3700008392334,0.04680958227580794,523523.6666728452,-885.5928293699425,522638.07384347526,66.74963429717364,0.0,True,False
2023-02-01,4076.60009765625,19.399999618530273,20.809999465942383,0.04670700452502913,523590.8104964124,-1013.1053936761067,522577.7051027363,67.14382356717762,0.0,True,False
2023-02-02,4119.2099609375,17.8700008392334,19.969999313354492,0.04629671975331805,523657.8157652602,-1029.5435185076133,522628.2722467526,67.00526884778012,0.0,True,False
2023-02-03,4179.759765625,18.729999542236328,20.84000015258789,0.046194155117570544,523724.2409070237,-1597.3408731637978,522126.90003385994,66.42514176352141,0.0,True,False
2023-02-06,4136.47998046875,18.329999923706055,20.780000686645508,0.046604429397524544,523923.1252263044,-1047.6923056171518,522875.43292068725,198.88431928070062,0.0,True,False
2023-02-07,4111.080078125,19.43000030517578,21.43000030517578,0.04680958227580794,523990.0257665699,-975.9644379090151,523014.0613286609,66.9005402654832,0.0,True,False
2023-02-08,4164.0,18.65999984741211,20.780000686645508,0.04680958227580794,524057.22940239526,-1179.963864298121,522877.2655380971,67.20363582534544,0.0,True,False
2023-02-09,4117.85986328125,19.6299991607666,21.81999969482422,0.04680958227580794,524124.4416573325,-951.1372156483266,523173.3044416842,67.21225493724846,0.0,True,False
2023-02-10,4081.5,20.709999084472656,22.5,0.04732251038351998,524191.6625324871,-839.5741874932999,523352.0883449938,67.22087515458408,0.0,True,False
2023-02-13,4090.4599609375,20.530000686645508,22.549999237060547,0.04752769999422446,524395.5876574579,-713.5091416216272,523682.07851583627,203.9251249707851,0.0,True,False
2023-02-14,4137.2900390625,20.34000015258789,21.969999313354492,0.04773290010232253,524463.8751613135,-884.5962184995547,523579.2789428139,68.287503855524,0.0,True,False
2023-02-15,4136.1298828125,18.90999984741211,21.13999938964844,0.04763029873603194,524532.4664455741,-642.8806187250759,523889.585826849,68.59128426064224,0.0,True,False
2023-02-16,4147.60009765625,18.229999542236328,20.68000030517578,0.04752769999422446,524600.9192353042,-569.9666609041873,524030.95257440006,68.45278973020758,0.0,True,False
2023-02-17,4090.409912109375,20.170000076293945,21.8799991607666,0.047938110708888315,524669.233477716,-483.7044226234144,524185.52905509254,68.31424241176639,0.0,True,False
2023-02-21,4079.090087890625,20.020000457763672,21.770000457763672,0.047938110708888315,524652.4417952778,0.0,524652.4417952778,275.7069551413524,423.0941917902866,False,False
2023-02-22,3997.340087890625,22.8700008392334,23.3799991607666,0.048143331814996124,524721.3527501621,0.0,524721.3527501621,68.91095488436582,0.0,False,False
2023-02-23,3991.050048828125,22.290000915527344,22.68000030517578,0.04804071994943209,524790.5678194258,0.0,524790.5678194258,69.21506926367061,0.0,False,False
2023-02-24,4012.320068359375,21.13999938964844,21.739999771118164,0.04804071994943209,524859.6444657553,0.0,524859.6444657553,69.07664632942837,0.0,False,False
2023-02-27,3970.0400390625,21.670000076293945,22.43000030517578,0.048143331814996124,525066.9289636714,0.0,525066.9289636714,207.28449791610475,0.0,False,False
2023-02-28,3982.239990234375,20.950000762939453,21.59000015258789,0.04834856342172042,525136.1896172847,0.0,525136.1896172847,69.26065361320883,0.0,False,False
2023-03-01,3970.14990234375,20.700000762939453,21.31999969482422,0.048143331814996124,525205.7547187038,0.0,525205.7547187038,69.56510141914214,0.0,False,False
2023-03-02,3951.389892578125,20.579999923706055,21.36000061035156,0.04824594630571383,525275.0336845778,0.0,525275.0336845778,69.27896587399216,0.0,False,False
2023-03-03,3981.35009765625,19.59000015258789,20.6299991607666,0.04834856342172042,525344.4694819252,0.0,525344.4694819252,69.43579734750278,0.0,False,False
2023-03-06,4045.639892578125,18.489999771118164,19.979999542236328,0.04834856342172042,525553.2752172295,0.0,525553.2752172295,208.8057353042408,0.0,False,False
2023-03-07,4048.419921875,18.61000061035156,19.989999771118164,0.048553805530135836,526648.0673775959,-1195.1718073713425,525452.8955702246,69.62035299508432,0.0,True,False
2023-03-08,3986.3701171875,19.59000015258789,20.59000015258789,0.04968282489218797,526718.1289356403,-1079.4268567365823,525638.7020789038,70.0615580443589,0.0,True,False
2023-03-09,3992.010009765625,19.11000061035156,20.190000534057617,0.04988813528780124,526789.8292799277,-988.2848660486776,525801.5444138789,71.70034428732096,0.0,True,False
2023-03-10,3918.320068359375,22.61000061035156,22.8700008392334,0.04968282489218797,526861.8357412001,-1321.5897646072722,525540.2459765929,72.00646127252963,0.0,True,False
2023-03-13,3861.590087890625,24.799999237060547,25.38999938964844,0.049272235625926496,527077.0247513041,-1557.6071138156824,525519.4176374883,215.18901010389183,0.0,True,False
2023-03-14,3855.760009765625,26.520000457763672,26.63999938964844,0.047938110708888315,527148.1809604269,-1724.2465327783013,525423.9344276487,71.1562091229091,0.0,True,False
2023-03-15,3919.2900390625,23.729999542236328,24.8700008392334,0.04804071994943209,527217.4197204548,-1321.424626332173,525895.9950941227,69.23876002794667,0.0,True,False
2023-03-16,3891.929931640625,26.13999938964844,27.200000762939453,0.04680958227580794,527286.8158061964,-1593.5298196562162,525693.2859865403,69.39608574153107,0.0,True,False
2023-03-17,3960.280029296875,22.989999771118164,24.559999465942383,0.046604429397524544,527354.4422673931,-1165.5149779857811,526188.9272894074,67.6264611966711,0.0,True,False
2023-03-20,3916.639892578125,25.510000228881836,27.420000076293945,0.04445095745885867,527556.4841352934,-1319.9043517501284,526236.5797835432,202.04186790031693,0.0,True,False
2023-03-21,3951.570068359375,24.149999618530273,25.850000381469727,0.04742510387676492,527620.7356937211,-1096.171532134176,526524.5641615869,64.25155842771308,0.0,True,False
2023-03-22,4002.8701171875,21.3799991607666,23.56999969482422,0.04711733126913511,527689.2948550233,-761.952099905034,526927.3427551183,68.5591613021228,0.0,True,False
2023-03-23,3936.969970703125,22.260000228881836,24.3799991607666,0.04721991951435448,527757.4179130142,-795.6239922123831,526961.7939208018,68.12305799093222,0.0,True,False
2023-03-24,3948.719970703125,22.61000061035156,24.530000686645508,0.046604429397524544,527825.6981180967,-772.6483372565698,527053.0497808402,68.28020508247872,0.0,True,False
2023-03-27,3970.989990234375,21.739999771118164,23.959999084472656,0.046604429397524544,528027.9205351775,-534.3873210252368,527493.5332141522,202.2224170807234,0.0,True,False
2023-03-28,3977.530029296875,20.600000381469727,22.8700008392334,0.04845118316314934,527677.6902130597,0.0,527677.6902130597,67.4246878180926,607.5167974355162,False,False
2023-03-29,3971.27001953125,19.969999313354492,22.3799991607666,0.04732251038351998,527747.7403648088,0.0,527747.7403648088,70.05015174916198,0.0,False,False
2023-03-30,4027.81005859375,19.1200008392334,21.489999771118164,0.04732251038351998,527816.1676715603,0.0,527816.1676715603,68.42730675148542,0.0,False,False
2023-03-31,4050.830078125,19.020000457763672,21.450000762939453,0.048964321256339406,527884.603850536,0.0,527884.603850536,68.43617897575307,0.0,False,False
2023-04-03,4109.31005859375,18.700000762939453,21.229999542236328,0.04773290010232253,528097.0919037985,0.0,528097.0919037985,212.48805326250022,0.0,False,False
2023-04-04,4124.509765625,18.549999237060547,20.829999923706055,0.04865643052281336,529287.7858783423,-1291.6275250445653,527996.1583532977,69.06644949921595,0.0,True,False
2023-04-05,4100.60009765625,19.0,21.34000015258789,0.04834856342172042,529358.3474426683,-1222.3793170450267,528135.9681256233,70.5615643258809,0.0,True,False
2023-04-06,4090.3798828125,19.079999923706055,21.479999542236328,0.048143331814996124,529428.47185583,-1156.0362706088843,528272.4355852212,70.1244131617674,0.0,True,False
2023-04-10,4105.02001953125,18.399999618530273,21.0,0.04865643052281336,529707.8710405455,-916.4141194760778,528791.4569210694,279.39918471545815,0.0,True,False
2023-04-11,4109.10986328125,18.969999313354492,21.06999969482422,0.050401457259371084,529778.4886081781,-939.6645514023551,528838.8240567758,70.61756763256207,0.0,True,False
2023-04-12,4108.93994140625,19.100000381469727,21.010000228881836,0.04988813528780124,529851.6487492657,-900.2235722400844,528951.4251770256,73.16014108758887,0.0,True,False
2023-04-13,4091.949951171875,19.09000015258789,21.049999237060547,0.04968282489218797,529924.0737280813,-809.458059356756,529114.6156687245,72.42497881555761,0.0,True,False
2023-04-14,4146.22021484375,17.799999237060547,20.260000228881836,0.05050412953748208,529996.2104867101,-764.2672208900268,529231.94326582,72.13675862879933,0.0,True,False
2023-04-17,4137.64013671875,17.06999969482422,20.030000686645508,0.05081216214182949,530608.4752266761,-1079.2263493472678,529529.2488773288,220.04838542829,604.6175302351028,True,False
2023-04-18,4151.31982421875,16.950000762939453,19.649999618530273,0.051633698090556686,530682.3471188098,-1050.005175742358,529632.3419430675,73.87189213368329,0.0,True,False
2023-04-19,4154.8701171875,16.829999923706055,19.81999969482422,0.051428298327706325,530757.4239141351,-968.7485199675525,529788.6753941675,75.07679532522019,0.0,True,False
2023-04-20,4154.52001953125,16.459999084472656,20.020000457763672,0.05112021840402644,530832.2126106261,-814.1357868497256,530018.0768237764,74.78869649108515,0.0,True,False
2023-04-21,4129.7900390625,17.170000076293945,20.549999237060547,0.05070948197857671,530906.563731237,-746.5928004411398,530159.9709307959,74.3511206107811,0.0,True,False
2023-04-24,4133.52001953125,16.770000457763672,20.38999938964844,0.05081216214182949,531127.8865368679,-467.3222901898323,530660.5642466781,221.32280563098539,0.0,True,False
2023-04-25,4137.0400390625,16.889999389648438,20.399999618530273,0.051428298327706325,530769.8983498336,0.0,530769.8983498336,73.94420514425688,477.2939571686383,False,False
2023-04-26,4071.6298828125,18.760000228881836,21.649999618530273,0.05070948197857671,530844.6888040896,0.0,530844.6888040896,74.79045425601375,0.0,False,False
2023-04-27,4055.989990234375,18.84000015258789,21.540000915527344,0.05101753035441975,530918.4442265187,0.0,530918.4442265187,73.75542242918912,0.0,False,False
2023-04-28,4135.35009765625,17.030000686645508,20.3700008392334,0.051325602390535095,530992.6580372108,0.0,530992.6580372108,74.21381069209353,0.0,False,False
2023-05-01,4169.47998046875,15.779999732971191,19.540000915527344,0.05050412953748208,531216.7068099799,0.0,531216.7068099799,224.04877276900476,0.0,False,False
2023-05-02,4167.8701171875,16.079999923706055,19.670000076293945,0.05204452917405792,532557.564356368,-1437.3493448422823,531120.2150115258,73.50820154588928,0.0,True,False
2023-05-03,4119.580078125,17.780000686645508,20.75,0.05183910837231473,532633.5059558761,-1422.5156772771516,531210.990278599,75.9415995080979,0.0,True,False
2023-05-04,4090.75,18.34000015258789,21.290000915527344,0.05194181745812106,532709.158577448,-1384.4794337616338,531324.6791436863,75.652621571963,0.0,True,False
2023-05-05,4061.219970703125,20.09000015258789,22.770000457763672,0.05204452917405792,532784.9718672191,-1561.6532628189805,531223.3186044001,75.8132897710663,0.0,True,False
2023-05-08,4136.25,17.190000534057617,20.780000686645508,0.05204452917405792,533012.9264520146,-1139.7485347698098,531873.1779172447,227.9545847954939,0.0,True,False
2023-05-09,4138.1201171875,16.979999542236328,20.709999084472656,0.052558127210423286,533088.9329852092,-1057.628173910685,532031.3048112985,76.00653319454464,0.0,True,False
2023-05-10,4119.169921875,17.709999084472656,21.170000076293945,0.05235268010400237,533165.7005832543,-1048.5428669742578,532117.1577162801,76.76759804515987,0.0,True,False
2023-05-11,4137.64013671875,16.940000534057617,20.690000534057617,0.05183910837231473,533242.1790907738,-927.0537668867054,532315.1253238871,76.47850751947358,0.0,True,False
2023-05-12,4130.6201171875,16.93000030517578,20.6200008392334,0.051428298327706325,533317.9181652591,-845.3933848800094,532472.524780379,75.73907448530873,0.0,True,False
2023-05-15,4124.080078125,17.030000686645508,20.65999984741211,0.05183910837231473,533543.3984169571,-675.3067896017785,532868.0916273553,225.48025169810742,0.0,True,False
2023-05-16,4136.27978515625,17.1200008392334,20.309999465942383,0.051633698090556686,533619.1802751416,-642.1538162003403,532977.0264589413,75.78185818449231,0.0,True,False
2023-05-17,4109.89990234375,17.989999771118164,20.899999618530273,0.05173640191650513,533694.6725506934,-665.9922347992829,533028.6803158941,75.49227555172351,0.0,True,False
2023-05-18,4158.77001953125,16.8700008392334,20.049999237060547,0.05204452917405792,533221.3036249349,0.0,533221.3036249349,75.65314806684276,718.3272710169274,False,False
2023-05-19,4198.0498046875,16.049999237060547,19.329999923706055,0.052455402341810294,533297.3398722803,0.0,533297.3398722803,76.03624734541144,0.0,False,False
2023-05-22,4191.97998046875,16.809999465942383,20.040000915527344,0.052249960496863854,533527.3154160657,0.0,533527.3154160657,229.97554378551072,0.0,False,False
2023-05-23,4192.6298828125,17.209999084472656,20.36000061035156,0.053482769436383866,533603.6956257599,0.0,533603.6956257599,76.38020969412912,0.0,False,False
2023-05-24,4145.580078125,18.530000686645508,21.059999465942383,0.052866317602436645,533681.8893089924,0.0,533681.8893089924,78.19368323253907,0.0,False,False
2023-05-25,4115.240234375,20.030000686645508,22.020000457763672,0.05317453167654386,533759.1929791013,0.0,533759.1929791013,77.30367010888939,0.0,False,False
2023-05-26,4151.27978515625,19.13999938964844,21.3799991607666,0.05317453167654386,533836.9586301713,0.0,533836.9586301713,77.76565106998065,0.0,False,False
2023-05-30,4205.4501953125,17.950000762939453,20.440000534057617,0.0526608547099752,534148.13455105,0.0,534148.13455105,311.1759208788234,0.0,False,False
2023-05-31,4205.52001953125,17.459999084472656,20.1299991607666,0.05389378996693749,534225.2050347682,0.0,534225.2050347682,77.07048371823907,0.0,False,False
2023-06-01,4179.830078125,17.940000534057617,20.209999084472656,0.0536882744368159,534304.0914640483,0.0,534304.0914640483,78.88642928005413,0.0,False,False
2023-06-02,4221.02001953125,15.649999618530272,18.75,0.053482769436383866,534382.6886545066,0.0,534382.6886545066,78.5971904583467,0.0,False,False
2023-06-05,4282.3701171875,14.600000381469728,17.920000076293945,0.05338002088446449,534617.6465895886,0.0,534617.6465895886,234.957935082036,0.0,False,False
2023-06-06,4273.7900390625,14.729999542236328,17.899999618530273,0.05307179102027293,535930.9664576426,-1405.128120032491,534525.8383376101,78.1917480215161,0.0,True,False
2023-06-07,4283.85009765625,13.960000038146973,17.040000915527344,0.052866317602436645,536008.8976471684,-1224.9046197378038,534783.9930274306,77.9311895257864,0.0,True,False
2023-06-08,4267.52001953125,13.9399995803833,17.139999389648438,0.0526608547099752,536086.5383837742,-1085.4380902153782,535001.1002935589,77.6407366058393,0.0,True,False
2023-06-09,4293.93017578125,13.649999618530272,16.860000610351562,0.052249960496863854,536163.8885534286,-1117.8800920262336,535046.0084614024,77.35016965434163,0.0,True,False
2023-06-12,4298.85986328125,13.829999923706056,16.959999084472656,0.052147243520260914,536394.1945120976,-999.1795460514699,535395.0149660462,230.30595866899395,0.0,True,False
2023-06-13,4338.93017578125,15.010000228881836,17.280000686645508,0.052455402341810294,536470.8341748649,-1445.1581670903965,535025.6760077745,76.63966276734585,0.0,True,False
2023-06-14,4369.009765625,14.609999656677246,17.229999542236328,0.052147243520260914,536547.9377793941,-1625.4929172831726,534922.4448621109,77.10360452915623,0.0,True,False
2023-06-15,4372.58984375,13.880000114440918,16.860000610351562,0.05204452917405792,536624.5994089021,-1439.8202666376949,535184.7791422644,76.66162950799834,0.0,True,False
2023-06-16,4425.83984375,14.5,17.18000030517578,0.05173640191650513,536701.1209591381,-2225.021221565,534476.0997375732,76.52155023608768,0.0,True,False
2023-06-20,4409.58984375,13.539999961853027,16.75,0.05194181745812106,537005.5029643307,-1400.2441504939927,535605.2588138367,304.3820051925339,0.0,True,False
2023-06-21,4388.7099609375,13.880000114440918,17.299999237060547,0.052455402341810294,537081.9276946913,-1113.949189037378,535967.9785056539,76.42473036057828,0.0,True,False
2023-06-22,4365.68994140625,13.199999809265137,16.889999389648438,0.052558127210423286,537159.1191278779,-652.3693446550215,536506.7497832228,77.1914331865249,0.0,True,False
2023-06-23,4381.89013671875,12.90999984741211,16.559999465942383,0.052558127210423286,537236.4728540424,-646.4934679722734,536589.9793860702,77.35372616457074,0.0,True,False
2023-06-26,4348.330078125,13.4399995803833,16.8700008392334,0.052558127210423286,537157.7525281869,0.0,537157.7525281869,232.12802096034773,924.2797732165623,False,False
2023-06-27,4328.81982421875,14.25,17.049999237060547,0.053482769436383866,537235.1060575539,0.0,537235.1060575539,77.3535293670586,0.0,False,False
2023-06-28,4378.41015625,13.739999771118164,16.440000534057617,0.05296905299561576,537313.831883572,0.0,537313.831883572,78.72582601812837,0.0,False,False
2023-06-29,4376.85986328125,13.43000030517578,15.899999618530272,0.052866317602436645,537391.8128974804,0.0,537391.8128974804,77.98101390843948,0.0,False,False
2023-06-30,4396.43994140625,13.539999961853027,16.100000381469727,0.05307179102027293,537469.6539489676,0.0,537469.6539489676,77.84105148712015,0.0,False,False
2023-07-03,4450.3798828125,13.59000015258789,16.020000457763672,0.05276358484060169,537704.1528476524,0.0,537704.1528476524,234.49889868489518,0.0,False,False
2023-07-05,4455.58984375,13.56999969482422,16.06999969482422,0.05317453167654386,539101.5993171873,-1411.9653716701055,537689.6339455172,155.4810978647872,0.0,True,False
2023-07-06,4446.81982421875,14.18000030517578,16.510000228881836,0.05317453167654386,539180.1433261996,-1430.6400655000618,537749.5032606996,78.54400901233822,0.0,True,False
2023-07-07,4411.58984375,15.4399995803833,17.520000457763672,0.05338002088446449,539258.6987786232,-1469.6086668350051,537789.0901117882,78.55545242367208,0.0,True,False
2023-07-10,4398.9501953125,14.829999923706056,17.239999771118164,0.05327727496456247,539495.3449942209,-1152.1804486805042,538343.1645455403,236.64621559762512,0.0,True,False
2023-07-11,4409.52978515625,15.06999969482422,17.25,0.05358552062045635,539574.0982535793,-1156.6099253561379,538417.4883282232,78.75325935850229,0.0,True,False
2023-07-12,4439.259765625,14.84000015258789,16.969999313354492,0.05358552062045635,539653.3187507084,-1156.5576046626563,538496.7611460458,79.22049712903669,0.0,True,False
2023-07-13,4472.16015625,13.539999961853027,16.110000610351562,0.053482769436383866,539732.5508790243,-1005.6008592512076,538726.9500197731,79.23212831590368,0.0,True,False
2023-07-14,4510.0400390625,13.609999656677246,16.1200008392334,0.053482769436383866,539811.6426777875,-1241.5105747472967,538570.1321030401,79.09179876318554,0.0,True,False
2023-07-17,4505.419921875,13.34000015258789,16.040000915527344,0.05358552062045635,540048.9876210082,-904.8460796443227,539144.1415413639,237.34494322067366,0.0,True,False
2023-07-18,4522.7900390625,13.479999542236328,16.270000457763672,0.0536882744368159,540128.2778415949,-1003.7437924414082,539124.5340491534,79.29022058665035,0.0,True,False
2023-07-19,4554.97998046875,13.300000190734863,16.1299991607666,0.05358552062045635,540207.7317814087,-1214.5572727306603,538993.174508678,79.45393981380572,0.0,True,False
2023-07-20,4565.72021484375,13.760000228881836,16.559999465942383,0.0536882744368159,540287.04530888,-1369.4295821844082,538917.6157266956,79.31352747136546,0.0,True,False
2023-07-21,4534.8701171875,13.989999771118164,16.65999984741211,0.0536882744368159,540366.5226037028,-959.0368707433175,539407.4857329596,79.47729482280558,0.0,True,False
2023-07-24,4536.33984375,13.600000381469728,16.399999618530273,0.053791030885598286,539998.4310234236,0.0,539998.4310234236,238.50203895292123,635.3717524379459,False,False
2023-07-25,4554.64013671875,13.90999984741211,16.260000228881836,0.05389378996693749,540078.017907695,0.0,540078.017907695,79.58688427143137,0.0,False,False
2023-07-26,4567.4599609375,13.859999656677246,16.219999313354492,0.05389378996693749,540157.7685932933,0.0,540157.7685932933,79.75068559824767,0.0,False,False
2023-07-27,4566.75,13.1899995803833,15.789999961853027,0.05389378996693749,540237.5310552861,0.0,540237.5310552861,79.76246199284715,0.0,False,False
2023-07-28,4537.41015625,14.40999984741211,16.6299991607666,0.05389378996693749,540317.3052954124,0.0,540317.3052954124,79.77424012640935,0.0,False,False
2023-07-31,4582.22998046875,13.329999923706056,15.920000076293944,0.05389378996693749,540556.6987019865,0.0,540556.6987019865,239.39340657397926,0.0,False,False
2023-08-01,4588.9599609375,13.630000114440918,16.010000228881836,0.05389378996693749,541875.2708369563,-1408.7507649144516,540466.5200720419,79.82137005542174,0.0,True,False
2023-08-02,4576.72998046875,13.93000030517578,16.34000015258789,0.053791030885598286,541955.286914125,-1357.6551710573983,540597.6317430675,80.01607716863101,0.0,True,False
2023-08-03,4513.39013671875,16.09000015258789,17.959999084472656,0.053791030885598286,542035.162206759,-1497.9201569346305,540537.2420498243,79.87529263405192,0.0,True,False
2023-08-04,4501.89013671875,15.920000076293944,17.719999313354492,0.053791030885598286,542115.049271697,-1381.0705340089062,540733.978737688,79.88706493801762,0.0,True,False
2023-08-07,4478.02978515625,17.100000381469727,18.61000061035156,0.05389378996693749,542354.7811176863,-1432.533115980188,540922.2480017061,239.73184598939784,0.0,True,False
2023-08-08,4518.43994140625,15.770000457763672,17.719999313354492,0.053996551680969306,542434.8680017983,-1187.0423608465235,541247.8256409517,80.08688411201999,0.0,True,False
2023-08-09,4499.3798828125,15.989999771118164,18.1299991607666,0.054099316027827735,542515.1194510611,-1170.0329926903753,541345.0864583708,80.25144926288917,0.0,True,False
2023-08-10,4467.7099609375,15.960000038146973,18.049999237060547,0.05389378996693749,542595.5355389268,-1134.8526912886068,541460.6828476383,80.41608786574054,0.0,True,False
2023-08-11,4468.830078125,15.850000381469728,18.15999984741211,0.05389378996693749,542675.6579740695,-1079.8545082630608,541595.8034658064,80.12243514264539,0.0,True,False
2023-08-14,4464.0498046875,14.84000015258789,17.559999465942383,0.05389378996693749,542916.09627422,-833.523873166879,542082.5724010532,240.4383001506118,0.0,True,False
2023-08-15,4489.72021484375,14.81999969482422,17.40999984741211,0.053996551680969306,542996.2660450023,-727.620344446471,542268.6457005558,80.1697707822527,0.0,True,False
2023-08-16,4437.85986328125,16.459999084472656,18.59000015258789,0.053996551680969306,543076.6005512537,-1022.1801881334843,542054.4203631202,80.33450625136491,0.0,True,False
2023-08-17,4404.330078125,16.780000686645508,18.969999313354492,0.053996551680969306,543156.9469427302,-1162.3505009302,541994.5964418,80.3463914765464,0.0,True,False
2023-08-18,4370.35986328125,17.889999389648438,19.829999923706055,0.053996551680969306,543237.3052211903,-1446.6336958933132,541790.671525297,80.35827846010775,0.0,True,False
2023-08-21,4369.7099609375,17.299999237060547,19.239999771118164,0.05389378996693749,543478.4513960598,-1240.7623532666526,542237.6890427931,241.14617486949564,0.0,True,False
2023-08-22,4399.77001953125,17.1299991607666,18.770000457763672,0.054099316027827735,543558.7042070789,-1005.8538215414975,542552.8503855374,80.25281101908766,0.0,True,False
2023-08-23,4387.5498046875,16.969999313354492,18.719999313354492,0.054099316027827735,543639.2749837274,-999.0287581414193,542640.2462255859,80.57077664846089,0.0,True,False
2023-08-24,4436.009765625,15.979999542236328,17.940000534057617,0.054099316027827735,543096.5877115402,0.0,543096.5877115402,80.58271951681989,615.4807732103827,False,False
2023-08-25,4376.31005859375,17.200000762939453,18.75,0.0542020830076486,543177.0899894512,0.0,543177.0899894512,80.50227791104864,0.0,False,False
2023-08-28,4405.7099609375,15.68000030517578,17.719999313354492,0.054510399746231425,543419.1274308142,0.0,543419.1274308142,242.03744136303035,0.0,False,False
2023-08-29,4433.31005859375,15.079999923706056,17.1200008392334,0.054510399746231425,543500.2896387681,0.0,543500.2896387681,81.16220795383732,0.0,False,False
2023-08-30,4497.6298828125,14.449999809265137,16.559999465942383,0.05440762486671551,543581.4639686802,0.0,543581.4639686802,81.17432991213329,0.0,False,False
2023-08-31,4514.8701171875,13.880000114440918,16.18000030517578,0.05430485262056591,543662.4973405652,0.0,543662.4973405652,81.0333718849479,0.0,False,False
2023-09-01,4507.66015625,13.56999969482422,15.920000076293944,0.05430485262056591,543743.3896916955,0.0,543743.3896916955,80.89235113030915,0.0,False,False
2023-09-05,4515.77001953125,13.09000015258789,15.739999771118164,0.054099316027827735,545373.5943082394,-1476.5148331811747,543897.0794750582,323.6897833628119,0.0,True,False
2023-09-06,4496.830078125,14.010000228881836,16.239999771118164,0.05430485262056591,545454.4341029421,-1479.3753045619599,543975.0587983802,80.8397947027213,0.0,True,False
2023-09-07,4465.47998046875,14.449999809265137,16.610000610351562,0.0542020830076486,545535.593079007,-1371.2435973698593,544164.3494816371,81.15897606488635,0.0,True,False
2023-09-08,4451.14013671875,14.399999618530272,16.579999923706055,0.054099316027827735,545616.6105066838,-1264.533302329581,544352.0772043542,81.01742767677383,0.0,True,False
2023-09-11,4457.490234375,13.84000015258789,16.139999389648438,0.0542020830076486,545859.2739224465,-1017.9559160116103,544841.318006435,242.66341576274155,0.0,True,False
2023-09-12,4487.4599609375,13.800000190734863,16.020000457763672,0.05430485262056591,545940.3394199278,-1031.1109391319196,544909.2284807959,81.0654974813043,0.0,True,False
2023-09-13,4461.89990234375,14.229999542236328,16.25,0.05430485262056591,546021.570694567,-982.6110431145214,545038.9596514525,81.23127463929595,0.0,True,False
2023-09-14,4467.43994140625,13.479999542236328,15.920000076293944,0.0542020830076486,546102.8140557285,-823.9470433944196,545278.867012334,81.24336116139932,0.0,True,False
2023-09-15,4505.10009765625,12.81999969482422,15.34000015258789,0.0542020830076486,546183.9157213267,-741.3782815407588,545442.537439786,81.10166559826108,0.0,True,False
2023-09-18,4450.31982421875,13.789999961853027,16.020000457763672,0.05430485262056591,546427.2929916703,-670.3581498864977,545756.9348417838,243.3772703436337,0.0,True,False
2023-09-19,4453.52978515625,14.0,16.1299991607666,0.0542020830076486,546754.0124796972,-1077.2447012355872,545676.7677784617,81.30372918508905,644.6858907873516,True,False
2023-09-20,4443.9501953125,14.109999656677246,16.1299991607666,0.0542020830076486,546835.210854698,-970.8894696341606,545864.3213850638,81.19837500070234,0.0,True,False
2023-09-21,4402.2001953125,15.140000343322754,16.809999465942383,0.05440762486671551,546916.4212884599,-987.1052334531772,545929.3160550067,81.21043376195927,0.0,True,False
2023-09-22,4330.0,17.540000915527344,18.239999771118164,0.05440762486671551,546997.9518127583,-1438.7644825375692,545559.1873302208,81.53052429838947,0.0,True,False
2023-09-25,4320.06005859375,17.200000762939453,18.09000015258789,0.05430485262056591,547242.6163169472,-1252.294629735634,545990.3216872115,244.66450418880797,0.0,True,False
2023-09-26,4337.43994140625,16.899999618530273,18.020000457763672,0.054613177259249544,547324.0413593018,-1067.364125894612,546256.6772334072,81.42504235463016,0.0,True,False
2023-09-27,4273.52978515625,18.940000534057617,19.719999313354492,0.054510399746231425,547405.9409243182,-1675.1423827354668,545730.7985415827,81.89956501637893,0.0,True,False
2023-09-28,4274.509765625,18.219999313354492,19.11000061035156,0.054510399746231425,547487.6985816581,-1509.7432402595068,545977.9553413986,81.75765733995435,0.0,True,False
2023-09-29,4299.7001953125,17.34000015258789,18.3799991607666,0.05430485262056591,546409.9538377445,0.0,546409.9538377445,81.76986823142262,-252.2699109092703,False,False
2023-10-02,4288.0498046875,17.520000457763672,18.510000228881836,0.05430485262056591,546653.8935781007,0.0,546653.8935781007,243.93974035618888,0.0,False,False
2023-10-03,4288.39013671875,17.610000610351562,18.6200008392334,0.054613177259249544,547745.3410666978,-1180.1100431739246,546565.231023524,81.33744542318443,0.0,True,False
2023-10-04,4229.4501953125,19.780000686645508,20.40999984741211,0.054613177259249544,547827.3036734594,-1273.8110743823843,546553.492599077,81.96260676161558,0.0,True,False
2023-10-05,4263.75,18.579999923706055,19.520000457763672,0.054510399746231425,547909.2785448054,-1161.0189515599063,546748.2595932455,81.97487134590958,0.0,True,False
2023-10-06,4258.18994140625,18.489999771118164,19.5,0.054510399746231425,547991.1113779913,-1088.8717196454013,546902.2396583458,81.83283318593186,0.0,True,False
2023-10-09,4308.5,17.450000762939453,18.729999542236328,0.054715957405904354,548236.683217567,-998.2939063741118,547238.3893111929,245.5718395757834,0.0,True,False
2023-10-10,4335.66015625,17.700000762939453,18.809999465942383,0.054715957405904354,548318.873747753,-1133.9511923079942,547184.922555445,82.19053018596794,0.0,True,False
2023-10-11,4358.240234375,17.030000686645508,18.270000457763672,0.054510399746231425,548401.0765997763,-1112.8523370663788,547288.2242627098,82.20285202334045,0.0,True,False
2023-10-12,4376.9501953125,16.09000015258789,17.6299991607666,0.054510399746231425,548482.9828853197,-1032.637769502121,547450.3451158176,81.90628554341062,0.0,True,False
2023-10-13,4349.60986328125,16.690000534057617,18.09000015258789,0.054613177259249544,548564.901403953,-893.7047938961701,547671.1966100568,81.91851863320161,0.0,True,False
2023-10-16,4327.77978515625,19.31999969482422,20.56999969482422,0.054613177259249544,548811.1939829028,-1035.3103450085189,547775.8836378943,246.29257894985054,0.0,True,False
2023-10-17,4373.6298828125,17.209999084472656,18.790000915527344,0.054510399746231425,548893.3160799912,-911.7774212875407,547981.5386587037,82.12209708839133,0.0,True,False
2023-10-18,4373.2001953125,17.8799991607666,19.260000228881836,0.054613177259249544,548975.295883821,-957.2445151021146,548018.0513687189,81.97980382983012,0.0,True,False
2023-10-19,4314.60009765625,19.219999313354492,20.469999313354492,0.054510399746231425,549057.4425365168,-776.696615672289,548280.7459208445,82.146652695834,0.0,True,False
2023-10-20,4278.0,21.399999618530273,22.190000534057617,0.05440762486671551,549139.4468534065,-891.1203372462002,548248.3265161603,82.0043168896818,0.0,True,False
2023-10-23,4224.16015625,21.709999084472656,22.440000534057617,0.0542020830076486,549385.0692182612,-675.4051129439307,548709.6641053172,245.62236485465985,0.0,True,False
2023-10-24,4217.0400390625,20.3700008392334,21.329999923706055,0.05430485262056591,548950.8060444443,0.0,548950.8060444443,81.58911293189215,494.2577564252123,False,False
2023-10-25,4247.68017578125,18.969999313354492,20.209999084472656,0.0542020830076486,549032.4852508877,0.0,549032.4852508877,81.67920644339814,0.0,False,False
2023-10-26,4186.77001953125,20.190000534057617,21.329999923706055,0.05430485262056591,549114.0220016155,0.0,549114.0220016155,81.53675072777739,0.0,False,False
2023-10-27,4137.22998046875,20.68000030517578,21.56999969482422,0.05430485262056591,549195.7254932037,0.0,549195.7254932037,81.70349158828517,0.0,False,False
2023-10-30,4117.3701171875,21.270000457763672,22.270000457763672,0.05430485262056591,549440.9089159078,0.0,549440.9089159078,245.18342270412455,0.0,False,False
2023-10-31,4166.81982421875,19.75,20.799999237060547,0.05440762486671551,550537.876921203,-1185.2158757169536,549352.661045486,81.75212957817816,0.0,True,False
2023-11-01,4193.7998046875,18.13999938964844,19.489999771118164,0.05440762486671551,550619.9473071054,-1019.0151371051389,549600.9321700003,82.07038590240806,0.0,True,False
2023-11-02,4237.85986328125,16.8700008392334,18.549999237060547,0.0542020830076486,550702.0299274944,-1023.6448702765746,549678.3850572178,82.08262038894301,0.0,True,False
2023-11-03,4317.77978515625,15.65999984741211,17.799999237060547,0.05389378996693749,550783.8146221085,-1433.0621889426925,549350.7524331658,81.78469461412713,0.0,True,False
2023-11-06,4358.33984375,14.90999984741211,17.219999313354492,0.053791030885598286,551027.8453284656,-1564.716382957015,549463.1289455085,244.0307063570876,0.0,True,False
2023-11-07,4365.97998046875,14.890000343322754,17.030000686645508,0.053996551680969306,551109.0577669414,-1579.6114372794864,549529.4463296619,81.2124384757527,0.0,True,False
2023-11-08,4378.3798828125,14.8100004196167,16.920000076293945,0.05389378996693749,551190.5925339644,-1656.9511334275494,549533.6414005369,81.5347670230442,0.0,True,False
2023-11-09,4382.77978515625,14.449999809265137,16.639999389648438,0.05389378996693749,551271.984159234,-1575.382876127016,549696.601283107,81.3916252695937,0.0,True,False
2023-11-10,4347.35009765625,15.289999961853027,17.299999237060547,0.053791030885598286,551353.3878032077,-1236.2428991046106,550117.1449041031,81.4036439737475,0.0,True,False
2023-11-13,4415.240234375,14.170000076293944,16.520000457763672,0.0536882744368159,551597.20498856,-1700.5887820550565,549896.616206505,243.817185352342,0.0,True,False
2023-11-14,4411.5498046875,14.760000228881836,16.610000610351562,0.05389378996693749,551678.3460302803,-1684.0244401496018,549994.3215901308,81.1410417202368,0.0,True,False
2023-11-15,4495.7001953125,14.15999984741211,16.290000915527344,0.0536882744368159,551759.8096797287,-3082.4990271431107,548677.3106525856,81.46364944840556,0.0,True,False
2023-11-16,4502.8798828125,14.18000030517578,16.280000686645508,0.0536882744368159,551840.9746409212,-3170.09015153606,548670.8844893852,81.16496119247252,0.0,True,False
2023-11-17,4508.240234375,14.31999969482422,16.139999389648438,0.05358552062045635,551922.1515416403,-3244.492943511139,548677.6585981292,81.17690071907414,0.0,True,False
2023-11-20,4514.02001953125,13.800000190734863,15.850000381469728,0.05358552062045635,552165.2875660735,-3019.3435447741804,549145.9440212992,243.13602443320042,0.0,True,False
2023-11-21,4547.3798828125,13.40999984741211,15.6899995803833,0.053791030885598286,552246.3567069384,-3762.545768002039,548483.8109389363,81.06914086492044,0.0,True,False
2023-11-22,4538.18994140625,13.350000381469728,15.5,0.0536882744368159,552327.7487339434,-3390.71863225184,548937.0301016916,81.39202700507147,0.0,True,False
2023-11-24,4556.6201171875,12.850000381469728,15.479999542236328,0.053791030885598286,548893.2599238076,0.0,548893.2599238076,162.50896412124968,-2581.781898540107,False,False
2023-11-27,4559.33984375,12.460000038146973,15.119999885559082,0.05389378996693749,549135.9892017153,0.0,549135.9892017153,242.72927790780432,0.0,False,False
2023-11-28,4550.43017578125,12.6899995803833,15.34000015258789,0.05389378996693749,549217.0774337363,0.0,549217.0774337363,81.0882320209403,0.0,False,False
2023-11-29,4554.89013671875,12.6899995803833,15.239999771118164,0.053791030885598286,549298.1776396608,0.0,549298.1776396608,81.10020592449348,0.0,False,False
2023-11-30,4550.580078125,12.979999542236328,15.510000228881836,0.05358552062045635,549379.135153577,0.0,549379.135153577,80.95751391622011,0.0,False,False
2023-12-01,4567.7998046875,12.920000076293944,15.4399995803833,0.05358552062045635,549459.7952303672,0.0,549459.7952303672,80.66007679029262,0.0,False,False
2023-12-04,4594.6298828125,12.630000114440918,15.359999656677246,0.05338002088446449,549701.8465229726,0.0,549701.8465229726,242.05129260537169,0.0,False,False
2023-12-05,4569.77978515625,13.079999923706056,15.68000030517578,0.0536882744368159,551063.6411196395,-1451.3966738814179,549612.244445758,80.39792278552042,0.0,True,False
2023-12-06,4567.18017578125,12.850000381469728,15.56999969482422,0.05358552062045635,551144.7036730575,-1327.8128339263833,549816.8908391311,81.06255341798119,0.0,True,False
2023-12-07,4549.33984375,12.970000267028809,15.739999771118164,0.05358552062045635,551225.622971364,-1204.7781689128544,550020.8448024511,80.91929830645014,0.0,True,False
2023-12-08,4585.58984375,13.0600004196167,15.649999618530272,0.053482769436383866,551306.554150276,-1370.5516070184035,549936.0025432575,80.93117891202391,0.0,True,False
2023-12-11,4604.3701171875,12.350000381469728,15.15999984741211,0.053482769436383866,551548.9531881013,-1149.8244718640808,550399.1287162373,242.3990378252855,0.0,True,False
2023-12-12,4622.43994140625,12.630000114440918,15.1899995803833,0.0536882744368159,551629.7765491207,-1288.0263466539634,550341.7502024667,80.82336101936643,0.0,True,False
2023-12-13,4643.7001953125,12.06999969482422,14.829999923706056,0.0536882744368159,551710.922382182,-1294.7833075935125,550416.1390745884,81.14583306132853,0.0,True,False
2023-12-14,4707.08984375,12.1899995803833,14.65999984741211,0.053482769436383866,551792.0801519561,-2131.787227365014,549660.292924591,81.15776977414416,0.0,True,False
2023-12-15,4719.5498046875,12.479999542236328,14.789999961853027,0.05338002088446449,551872.9391405262,-2341.034821737101,549531.9043187891,80.85898857021137,0.0,True,False
2023-12-18,4719.18994140625,12.279999732971191,15.130000114440918,0.053482769436383866,552115.1209409017,-2005.113348185596,550110.0075927161,242.181800375477,0.0,True,False
2023-12-19,4740.56005859375,12.5600004196167,15.470000267028809,0.0536882744368159,552196.0272675045,-2402.074128054314,549793.9531394502,80.90632660277949,0.0,True,False
2023-12-20,4768.3701171875,12.529999732971191,15.640000343322754,0.05338002088446449,552277.2563971684,-2899.5409213636253,549377.7154758048,81.22912966390186,0.0,True,False
2023-12-21,4698.35009765625,13.670000076293944,16.579999923706055,0.053482769436383866,552358.0309925183,-1699.8436662683634,550658.1873262499,80.77459534995943,0.0,True,False
2023-12-22,4746.75,13.649999618530272,16.299999237060547,0.05327727496456247,552438.9729148858,-2480.8865123700048,549958.0864025159,80.94192236754988,0.0,True,False
2023-12-26,4754.6298828125,13.029999732971191,15.989999771118164,0.053482769436383866,552761.6144157598,-1890.0697047860679,550871.5447109737,322.6415008739895,0.0,True,False
2023-12-27,4774.75,12.989999771118164,15.880000114440918,0.05358552062045635,552842.6154787866,-2206.572360986337,550636.0431178003,81.00106302683231,0.0,True,False
2023-12-28,4781.580078125,12.43000030517578,15.270000457763672,0.053482769436383866,552923.7840652219,-2039.7140900720099,550884.0699751499,81.16858643530304,0.0,True,False
2023-12-29,4783.35009765625,12.470000267028809,15.229999542236328,0.05358552062045635,551073.2267543583,0.0,551073.2267543583,81.02482718420964,-650.1854641663848,False,False
2024-01-02,4769.830078125,12.449999809265137,15.260000228881836,0.05307179102027293,552717.0010407858,-1490.0677889220322,551226.9332518638,323.70649750550655,0.0,True,False
2024-01-03,4742.830078125,13.199999809265137,15.479999542236328,0.05327727496456247,552797.3731335703,-1396.5302488776092,551400.8428846927,80.37209278452491,0.0,True,False
2024-01-04,4704.81005859375,14.039999961853027,16.040000915527344,0.053482769436383866,552878.0681669993,-1374.438389074304,551503.629777925,80.69503342897829,0.0,True,False
2024-01-05,4688.68017578125,14.130000114440918,16.040000915527344,0.053482769436383866,552959.0862950274,-1303.6702273790827,551655.4160676483,81.01812802808756,0.0,True,False
2024-01-08,4697.240234375,13.350000381469728,15.510000228881836,0.053482769436383866,553202.211919901,-1028.0295921293832,552174.1823277716,243.1256248735394,0.0,True,False
2024-01-09,4763.5400390625,13.079999923706056,15.140000343322754,0.05358552062045635,553283.2775475887,-1092.268943462462,552191.0086041263,81.0656276877488,0.0,True,False
2024-01-10,4756.5,12.760000228881836,14.899999618530272,0.053482769436383866,553364.5108322152,-932.4918054528855,552432.0190267623,81.23328462646789,0.0,True,False
2024-01-11,4783.4501953125,12.6899995803833,14.729999542236328,0.05338002088446449,553445.6002430024,-979.5308486497494,552466.0693943526,81.08941078715857,0.0,True,False
2024-01-12,4780.240234375,12.4399995803833,14.5600004196167,0.05338002088446449,553526.5457172004,-846.8963426652824,552679.6493745351,80.94547419800851,0.0,True,False
2024-01-16,4783.830078125,12.699999809265137,14.9399995803833,0.05327727496456247,553850.446019996,-673.6885157852444,553176.7575042107,323.90030279557647,0.0,True,False
2024-01-17,4765.97998046875,13.84000015258789,15.739999771118164,0.05327727496456247,553931.2947765718,-758.6770268813924,553172.6177496904,80.8487565758369,0.0,True,False
2024-01-18,4739.2099609375,14.789999961853027,16.3799991607666,0.053482769436383866,554012.1553351087,-799.4814212826784,553212.6739138261,80.8605585369743,0.0,True,False
2024-01-19,4780.93994140625,14.130000114440918,15.84000015258789,0.05327727496456247,554093.3396509903,-740.5214659928833,553352.8181849974,81.18431588156044,0.0,True,False
2024-01-22,4839.81005859375,13.300000190734863,15.260000228881836,0.05327727496456247,554336.0277136215,-681.0295321011029,553654.9981815204,242.68806263115434,0.0,True,False
2024-01-23,4850.43017578125,13.1899995803833,14.970000267028809,0.05327727496456247,554416.9473533689,-670.4849930798391,553746.4623602891,80.91963974732792,0.0,True,False
2024-01-24,4864.60009765625,12.550000190734863,14.520000457763672,0.05317453167654386,553934.1416996092,0.0,553934.1416996092,80.9314520556923,756.3306831066751,False,False
2024-01-25,4868.5498046875,13.140000343322754,14.970000267028809,0.05317453167654386,554014.8467249199,0.0,554014.8467249199,80.70502531063228,0.0,False,False
2024-01-26,4894.16015625,13.449999809265137,15.100000381469728,0.05317453167654386,554095.5635084895,0.0,554095.5635084895,80.71678356963831,0.0,False,False
2024-01-29,4890.97021484375,13.260000228881836,15.029999732971191,0.05317453167654386,554337.7844258848,0.0,554337.7844258848,242.22091739532232,0.0,False,False
2024-01-30,4927.93017578125,13.600000381469728,15.220000267028809,0.05327727496456247,555663.0759511865,-1414.527691562414,554248.548259624,80.76383373926708,0.0,True,False
2024-01-31,4924.97021484375,13.3100004196167,15.140000343322754,0.05317453167654386,555744.189307849,-1289.174255671985,554455.015052177,81.1133566625968,0.0,True,False
2024-02-01,4845.64990234375,14.350000381469728,15.960000038146973,0.05327727496456247,555825.158046708,-1190.4328405545218,554634.7252061535,80.96873885894009,0.0,True,False
2024-02-02,4906.18994140625,13.880000114440918,15.5,0.05327727496456247,555906.2950634325,-1204.92844538601,554701.3666180465,81.13701672458697,0.0,True,False
2024-02-05,4958.60986328125,13.850000381469728,15.609999656677246,0.05338002088446449,556149.7771847632,-1349.0320905765475,554800.7450941866,243.48212133064962,0.0,True,False
2024-02-06,4942.81005859375,13.670000076293944,15.329999923706056,0.05327727496456247,556231.1181646528,-1117.6227589644884,555113.4954056883,81.34097988957068,0.0,True,False
2024-02-07,4954.22998046875,13.0600004196167,14.989999771118164,0.05338002088446449,556312.3144417264,-994.5862484254537,555317.728193301,81.19627707364162,0.0,True,False
2024-02-08,4995.06005859375,12.829999923706056,14.850000381469728,0.05338002088446449,556393.6791938808,-1184.6030945934604,555209.0760992873,81.36475215433157,0.0,True,False
2024-02-09,4997.91015625,12.789999961853027,14.93000030517578,0.05338002088446449,556475.0558462263,-1132.4217292522962,555342.634116974,81.37665234550347,0.0,True,False
2024-02-12,5026.60986328125,12.93000030517578,15.079999923706056,0.053482769436383866,556719.2572218161,-1212.8354215470426,555506.421800269,244.20137558976504,0.0,True,False
2024-02-13,5021.83984375,13.93000030517578,15.670000076293944,0.05338002088446449,556800.8382333524,-1335.2396765612373,555465.5985567912,81.58101153629943,0.0,True,False
2024-02-14,4953.169921875,15.850000381469728,16.81999969482422,0.05358552062045635,556882.2744356907,-1135.0510901976281,555747.2233454931,81.43620233832945,0.0,True,False
2024-02-15,5000.6201171875,14.380000114440918,15.93000030517578,0.05338002088446449,556964.0361265612,-1064.8551670435427,555899.1809595177,81.76169087051133,0.0,True,False
2024-02-16,5029.72998046875,14.010000228881836,15.760000228881836,0.05338002088446449,557045.4961977872,-1165.540554701484,555879.9556430858,81.46007122598182,0.0,True,False
2024-02-20,5005.56982421875,14.239999771118164,15.859999656677246,0.053482769436383866,557371.4556414407,-650.6573030932062,556720.7983383475,325.95944365341535,0.0,True,False
2024-02-21,4975.509765625,15.420000076293944,16.40999984741211,0.053482769436383866,557453.1322253972,-654.9336994792969,556798.1985259178,81.67658395651867,0.0,True,False
2024-02-22,4981.7998046875,15.34000015258789,16.229999542236328,0.053482769436383866,556913.302198018,0.0,556913.302198018,81.68855275093625,623.0091114321976,False,False
2024-02-23,5087.02978515625,14.539999961853027,15.770000457763672,0.05358552062045635,556994.911644686,0.0,556994.911644686,81.60944666807677,0.0,False,False
2024-02-26,5088.7998046875,13.75,15.25,0.0536882744368159,557240.2823515304,0.0,557240.2823515304,245.37070684432092,0.0,False,False
2024-02-27,5069.52978515625,13.739999771118164,15.220000267028809,0.0536882744368159,557322.2535011112,0.0,557322.2535011112,81.97114958082467,0.0,False,False
2024-02-28,5078.18017578125,13.43000030517578,14.890000343322754,0.05358552062045635,557404.2367088106,0.0,557404.2367088106,81.9832076993355,0.0,False,False
2024-02-29,5069.759765625,13.84000015258789,15.220000267028809,0.053482769436383866,557486.0750344025,0.0,557486.0750344025,81.8383255920315,0.0,False,False
2024-03-01,5096.27001953125,13.399999618530272,14.93000030517578,0.05358552062045635,557567.7684145556,0.0,557567.7684145556,81.69338015298253,0.0,False,False
2024-03-04,5137.080078125,13.109999656677246,14.93000030517578,0.05338002088446449,557813.3914796667,0.0,557813.3914796667,245.6230651111647,0.0,False,False
2024-03-05,5130.9501953125,13.489999771118164,15.229999542236328,0.053482769436383866,559172.0667578288,-1447.090982492374,557724.9757753364,81.58429566970231,0.0,True,False
2024-03-06,5078.64990234375,14.460000038146973,15.90999984741211,0.05338002088446449,559254.0072013058,-1361.791556595499,557892.2156447103,81.94044347700931,0.0,True,False
2024-03-07,5104.759765625,14.5,15.970000267028809,0.053482769436383866,559335.8021975803,-1429.9696522130591,557905.8325453673,81.79499627455668,0.0,True,False
2024-03-08,5157.35986328125,14.4399995803833,15.90999984741211,0.053482769436383866,559417.7666346639,-1691.8499790709848,557725.916655593,81.9644370835282,0.0,True,False
2024-03-11,5123.68994140625,14.739999771118164,16.299999237060547,0.053482769436383866,559663.7320188114,-1361.617965464136,558302.1140533473,245.96538414750995,0.0,True,False
2024-03-12,5117.93994140625,15.220000267028809,16.459999084472656,0.053482769436383866,559745.7445103608,-1363.017865822984,558382.7266445378,82.01249154936876,0.0,True,False
2024-03-13,5175.27001953125,13.84000015258789,15.65999984741211,0.05358552062045635,559827.7690199281,-1352.4196916561539,558475.3493282719,82.02450956730584,0.0,True,False
2024-03-14,5165.31005859375,13.75,15.600000381469728,0.05358552062045635,559909.9631695582,-1182.7685416716963,558727.1946278865,82.19414963013197,0.0,True,False
2024-03-15,5150.47998046875,14.399999618530272,16.1200008392334,0.05358552062045635,559992.1693869681,-1172.553527414583,558819.6158595536,82.20621740991582,0.0,True,False
2024-03-18,5117.08984375,14.40999984741211,16.40999984741211,0.05358552062045635,560238.8604635958,-830.7307205788778,559408.1297430169,246.69107662767635,0.0,True,False
2024-03-19,5149.419921875,14.329999923706056,16.219999313354492,0.05358552062045635,560321.1149698454,-870.849359134785,559450.2656107106,82.25450624961807,0.0,True,False
2024-03-20,5178.509765625,13.81999969482422,15.770000457763672,0.053482769436383866,560403.3815527364,-846.0699141570263,559557.3116385794,82.26658289098631,0.0,True,False
2024-03-21,5224.6201171875,13.039999961853027,15.279999732971191,0.053482769436383866,560485.5024316936,-926.5392998534442,559558.9631318401,82.12087895716398,0.0,True,False
2024-03-22,5241.52978515625,12.920000076293944,15.18000030517578,0.05358552062045635,560567.6353445516,-964.049923567011,559603.5854209847,82.13291285806946,0.0,True,False
2024-03-25,5234.18017578125,13.0600004196167,15.300000190734863,0.053482769436383866,560814.579928861,-647.2439594538162,560167.3359694072,246.9445843093896,0.0,True,False
2024-03-26,5218.18994140625,13.1899995803833,15.380000114440918,0.05338002088446449,560402.4594692669,0.0,560402.4594692669,82.18113550304625,782.7893873953183,False,False
2024-03-27,5203.580078125,13.239999771118164,15.289999961853027,0.05327727496456247,560484.4224351005,0.0,560484.4224351005,81.96296583359387,0.0,False,False
2024-03-28,5248.490234375,12.779999732971191,15.010000228881836,0.05327727496456247,560566.2395916266,0.0,560566.2395916266,81.81715652598386,0.0,False,False
2024-04-01,5254.35009765625,13.010000228881836,15.1899995803833,0.05338002088446449,560893.6276684069,0.0,560893.6276684069,327.3880767803762,0.0,False,False
2024-04-02,5243.77001953125,13.649999618530272,15.520000457763672,0.05338002088446449,562361.1899795916,-1555.527508403195,560805.6624711885,82.03480278156655,0.0,True,False
2024-04-03,5205.81005859375,14.609999656677246,16.09000015258789,0.05327727496456247,562443.4394241142,-1507.983744626556,560935.4556794877,82.24944452258286,0.0,True,False
2024-04-04,5211.490234375,14.329999923706056,15.90999984741211,0.05327727496456247,562525.5425496934,-1411.4375632814915,561114.1049864119,82.10312557920183,0.0,True,False
2024-04-05,5147.2099609375,16.350000381469727,17.15999984741211,0.05317453167654386,562607.6576603412,-1595.5254378452867,561012.132222496,82.11511064784585,0.0,True,False
2024-04-08,5204.33984375,16.030000686645508,17.18000030517578,0.05338002088446449,562853.5996096131,-1548.4735525983,561305.1260570148,245.9419492717764,0.0,True,False
2024-04-09,5202.39013671875,15.1899995803833,16.559999465942383,0.05338002088446449,562935.921072652,-1281.831017558405,561654.0900550935,82.32146303891807,0.0,True,False
2024-04-10,5209.91015625,14.979999542236328,16.420000076293945,0.05338002088446449,563018.2545758081,-1200.7083706900307,561817.5462051181,82.33350315606677,0.0,True,False
2024-04-11,5160.64013671875,15.800000190734863,17.040000915527344,0.05358552062045635,563100.6001208422,-1207.525661961883,561893.0744588803,82.34554503417083,0.0,True,False
2024-04-12,5199.06005859375,14.90999984741211,16.489999771118164,0.05358552062045635,563183.2747889177,-1040.955744081136,562142.3190448366,82.67466807546316,0.0,True,False
2024-04-15,5123.41015625,17.309999465942383,18.200000762939453,0.05358552062045635,563431.3716302512,-1275.0623546631193,562156.309275588,248.09684133345988,0.0,True,False
2024-04-16,5061.81982421875,19.229999542236328,19.549999237060547,0.05358552062045635,563514.0948623394,-1681.9108124458471,561832.1840498936,82.72323208825827,0.0,True,False
2024-04-17,5051.41015625,18.399999618530273,18.84000015258789,0.05358552062045635,563596.8302398876,-1533.9891315110826,562062.8411083765,82.73537754815223,0.0,True,False
2024-04-18,5022.2099609375,18.209999084472656,18.770000457763672,0.05358552062045635,563679.5777646789,-1596.817343460014,562082.7604212188,82.74752479124773,0.0,True,False
2024-04-19,5011.1201171875,18.0,18.65999984741211,0.05358552062045635,563762.3374384966,-1585.1316659164017,562177.2057725802,82.7596738178066,0.0,True,False
2024-04-22,4967.22998046875,18.709999084472656,19.25,0.05358552062045635,564010.6893719479,-1851.5703650266453,562159.1190069213,248.3519334512941,0.0,True,False
2024-04-23,5010.60009765625,16.940000534057617,17.6299991607666,0.05327727496456247,564093.4976597119,-1266.9692056641252,562826.5284540477,82.80828776391326,0.0,True,False
2024-04-24,5070.5498046875,15.6899995803833,16.68000030517578,0.05358552062045635,564175.8416538461,-765.565994785221,563410.2756590609,82.3439941342142,0.0,True,False
2024-04-25,5071.6298828125,15.970000267028809,16.84000015258789,0.0536882744368159,564258.6741893379,-750.8467695255899,563507.8274198123,82.83253549173473,0.0,True,False
2024-04-26,5048.419921875,15.369999885559082,16.3700008392334,0.0536882744368159,563610.3767449724,0.0,563610.3767449724,83.00356892553893,654.2264951121759,False,False
2024-04-29,5099.9599609375,15.029999732971191,16.270000457763672,0.05358552062045635,563859.1379439101,0.0,563859.1379439101,248.7611989377132,0.0,False,False
2024-04-30,5116.169921875,14.670000076293944,16.0,0.05358552062045635,563941.9239808293,0.0,563941.9239808293,82.78603691920327,0.0,False,False
2024-05-01,5035.68994140625,15.649999618530272,16.59000015258789,0.05358552062045635,564024.7221724294,0.0,564024.7221724294,82.79819160012904,0.0,False,False
2024-05-02,5018.39013671875,15.390000343322754,16.56999969482422,0.0536882744368159,564107.532520495,0.0,564107.532520495,82.8103480656102,0.0,False,False
2024-05-03,5064.2001953125,14.68000030517578,16.049999237060547,0.05358552062045635,564190.5138561816,0.0,564190.5138561816,82.98133568659875,0.0,False,False
2024-05-06,5127.7900390625,13.489999771118164,15.270000457763672,0.05358552062045635,564439.0544124517,0.0,564439.0544124517,248.5405562700398,0.0,False,False
2024-05-07,5180.740234375,13.489999771118164,15.020000457763672,0.05358552062045635,565599.7924284393,-1247.8668354873992,564351.9255929518,82.87118050018664,0.0,True,False
2024-05-08,5187.7001953125,13.229999542236328,14.949999809265137,0.05358552062045635,565682.8340289855,-1190.636962288629,564492.1970666968,83.0416005462206,0.0,True,False
2024-05-09,5187.669921875,13.0,14.899999618530272,0.05358552062045635,565765.8878217345,-1100.2132955573945,564665.6745261771,83.0537927491061,0.0,True,False
2024-05-10,5214.080078125,12.6899995803833,14.710000038146973,0.05358552062045635,565848.9538084766,-1133.6883992392404,564715.2654092374,83.06598674205596,0.0,True,False
2024-05-13,5222.68017578125,12.550000190734863,14.65999984741211,0.0536882744368159,566098.224950565,-983.123571859834,565115.1013787052,249.2711420884127,0.0,True,False
2024-05-14,5221.419921875,13.600000381469728,14.890000343322754,0.05358552062045635,566181.4991210522,-1106.5457019123744,565074.9534191398,83.2741704871736,0.0,True,False
2024-05-15,5246.68017578125,13.420000076293944,14.699999809265137,0.053482769436383866,566264.6261280209,-1183.483337041871,565081.142790979,83.12700696865868,0.0,True,False
2024-05-16,5308.14990234375,12.449999809265137,14.079999923706056,0.05358552062045635,566347.605907142,-1490.2412698401424,564857.3646373019,82.9797791211345,0.0,True,False
2024-05-17,5297.10009765625,12.420000076293944,14.220000267028809,0.05358552062045635,566430.7573019792,-1285.6904398248919,565145.0668621543,83.15139483718893,0.0,True,False
2024-05-20,5303.27001953125,11.989999771118164,13.989999771118164,0.05358552062045635,566680.2847435983,-1002.9035172798548,565677.3812263184,249.5274416190919,0.0,True,False
2024-05-21,5308.1298828125,12.149999618530272,14.109999656677246,0.05358552062045635,566763.4849824829,-1013.963695604274,565749.5212868786,83.20023888454716,0.0,True,False
2024-05-22,5321.41015625,11.859999656677246,13.949999809265137,0.05358552062045635,566846.6974368617,-995.9999816570179,565850.6974552047,83.21245437878054,0.0,True,False
2024-05-23,5307.009765625,12.289999961853027,14.3100004196167,0.05358552062045635,566929.9221085282,-870.6900958107572,566059.2320127174,83.22467166649793,0.0,True,False
2024-05-24,5267.83984375,12.770000457763672,14.670000076293944,0.0536882744368159,567013.1589992761,-595.3127089829525,566417.8462902931,83.23689074796266,0.0,True,False
2024-05-28,5304.72021484375,11.93000030517578,14.170000076293944,0.0536882744368159,566960.2698847846,0.0,566960.2698847846,333.70866117582466,691.2690598200182,False,False
2024-05-29,5306.0400390625,12.920000076293944,14.720000267028809,0.0536882744368159,567043.6708637895,0.0,567043.6708637895,83.40097900494642,0.0,False,False
2024-05-30,5266.9501953125,14.279999732971191,15.449999809265137,0.0536882744368159,567127.0841112437,0.0,567127.0841112437,83.41324745419843,0.0,False,False
2024-05-31,5235.47998046875,14.470000267028809,15.59000015258789,0.0536882744368159,567210.5096289519,0.0,567210.5096289519,83.42551770816361,0.0,False,False
2024-06-03,5277.509765625,12.920000076293944,14.65999984741211,0.05358552062045635,567460.8598216511,0.0,567460.8598216511,250.3501926991944,0.0,False,False
2024-06-04,5283.39990234375,13.109999656677246,14.800000190734863,0.0536882744368159,568879.0759178944,-1504.9012529957838,567374.1746648985,83.31484324737708,0.0,True,False
2024-06-05,5291.33984375,13.15999984741211,14.880000114440918,0.05358552062045635,568962.7591570684,-1517.1923051066744,567445.5668519618,83.68323917410162,0.0,True,False
2024-06-06,5354.02978515625,12.630000114440918,14.539999961853027,0.05358552062045635,569046.294509811,-1873.7254741129834,567172.569035698,83.53535274250414,0.0,True,False
2024-06-07,5352.9599609375,12.579999923706056,14.539999961853027,0.05358552062045635,569129.8421272492,-1775.8253433126742,567354.0167839365,83.54761743829575,0.0,True,False
2024-06-10,5346.990234375,12.220000267028809,14.40999984741211,0.0536882744368159,569380.5585857473,-1392.1294074261243,567988.4291783212,250.7164584979961,0.0,True,False
2024-06-11,5360.7900390625,12.739999771118164,14.600000381469728,0.05358552062045635,569464.3155940154,-1583.192202433877,567881.1233915816,83.75700826811845,0.0,True,False
2024-06-12,5375.31982421875,12.850000381469728,14.489999771118164,0.05358552062045635,569547.924585486,-1678.7240657856603,567869.2005197003,83.60899147053391,0.0,True,False
2024-06-13,5421.02978515625,12.039999961853027,14.119999885559082,0.05358552062045635,569631.5458524639,-1983.030202087382,567648.5156503766,83.6212669779947,0.0,True,False
2024-06-14,5433.740234375,11.9399995803833,14.170000076293944,0.05358552062045635,569715.1793967517,-2067.228236417579,567647.951160334,83.63354428775065,0.0,True,False
2024-06-17,5431.60009765625,12.65999984741211,14.84000015258789,0.05358552062045635,569966.1537115003,-1956.7850359650397,568009.3686755353,250.9743147486682,0.0,True,False
2024-06-18,5473.22998046875,12.75,14.789999961853027,0.05358552062045635,570049.8363830553,-2625.7871562941705,567424.0492267611,83.68267155501931,0.0,True,False
2024-06-20,5487.02978515625,12.300000190734863,14.6899995803833,0.053482769436383866,570217.2385869448,-2510.862001598325,567706.3765853464,167.40220388944763,0.0,True,False
2024-06-21,5473.169921875,13.279999732971191,15.40999984741211,0.053482769436383866,570300.797577434,-2426.072710054813,567874.7248673792,83.558990489211,0.0,True,False
2024-06-24,5464.6201171875,13.199999809265137,15.170000076293944,0.05338002088446449,570551.5480239198,-1836.6227553263404,568714.9252685935,250.75044648586044,0.0,True,False
2024-06-25,5447.8701171875,13.329999923706056,15.229999542236328,0.053482769436383866,570634.9953683182,-1459.0602979225882,569175.9350703956,83.4473443983042,0.0,True,False
2024-06-26,5469.2998046875,12.84000015258789,14.859999656677246,0.05338002088446449,570718.6155764145,-1506.1904179616765,569212.4251584528,83.62020809639539,0.0,True,False
2024-06-27,5477.89990234375,12.550000190734863,14.710000038146973,0.053482769436383866,570802.0873556664,-1382.2885023404062,569419.798853326,83.47177925198059,0.0,True,False
2024-06-28,5482.8701171875,12.239999771118164,14.420000076293944,0.05338002088446449,569678.9221382377,0.0,569678.9221382377,83.64469356761029,128.0913419994568,False,False
2024-07-01,5460.47998046875,12.4399995803833,14.520000457763672,0.05327727496456247,569928.9178477833,0.0,569928.9178477833,249.9957095455058,0.0,False,False
2024-07-02,5475.08984375,12.220000267028809,14.1899995803833,0.053482769436383866,571447.7862138473,-1605.6725418560904,569842.1136719913,83.1958242080065,0.0,True,False
2024-07-03,5509.009765625,12.029999732971191,14.010000228881836,0.053482769436383866,571531.5255273968,-1757.314585275417,569774.2109421215,83.7393135494322,0.0,True,False
2024-07-05,5537.02001953125,12.09000015258789,14.020000457763672,0.053482769436383866,571699.0409694873,-1912.8637126007038,569786.1772568866,167.51544209042746,0.0,True,False
2024-07-08,5567.18994140625,12.479999542236328,14.350000381469728,0.05338002088446449,571950.4061970788,-2171.635320029258,569778.7708770495,251.36522759145,0.0,True,False
2024-07-09,5572.85009765625,12.369999885559082,14.289999961853027,0.05338002088446449,572034.0581347345,-2124.681217239935,569909.3769174946,83.65193765573076,0.0,True,False
2024-07-10,5576.97998046875,12.510000228881836,14.390000343322754,0.05338002088446449,572117.722307099,-2135.2253173533927,569982.4969897456,83.66417236454072,0.0,True,False
2024-07-11,5633.91015625,12.850000381469728,14.5,0.05338002088446449,572201.3987159618,-3071.729919437057,569129.6687965248,83.67640886276648,0.0,True,False
2024-07-12,5584.5400390625,12.920000076293944,14.670000076293944,0.05317453167654386,572285.0873631125,-2182.7473383293454,570102.3400247832,83.68864715066978,0.0,True,False
2024-07-15,5615.35009765625,12.460000038146973,14.369999885559082,0.05317453167654386,572535.2597665784,-2198.9078369253507,570336.3519296531,250.1724034659798,0.0,True,False
2024-07-16,5631.22021484375,13.119999885559082,14.869999885559082,0.05307179102027293,572618.6748680361,-2590.764474976719,570027.9103930594,83.41510145758133,0.0,True,False
2024-07-17,5667.2001953125,13.1899995803833,14.90999984741211,0.05307179102027293,572701.9409177143,-3209.814961344388,569492.1259563699,83.26604967819584,0.0,True,False
2024-07-18,5588.27001953125,14.479999542236328,15.789999961853027,0.05307179102027293,572785.2190753368,-2114.568933715099,570670.6501416217,83.2781576225108,0.0,True,False
2024-07-19,5544.58984375,15.93000030517578,16.559999465942383,0.05317453167654386,572868.5093426643,-1921.065258850199,570947.444083814,83.29026732747512,0.0,True,False
2024-07-22,5505.0,16.520000457763672,17.15999984741211,0.05307179102027293,573118.9367869868,-1412.6089415556623,571706.3278454312,250.4274443225079,0.0,True,False
2024-07-23,5564.41015625,14.90999984741211,16.09000015258789,0.05296905299561576,573202.2755811206,-1370.3526063161253,571831.9229748045,83.33879413384088,0.0,True,False
2024-07-24,5555.740234375,14.720000267028809,16.010000228881836,0.052866317602436645,573285.465128778,-1100.4917761717184,572184.9733526063,83.1895476573663,0.0,True,False
2024-07-25,5427.1298828125,18.040000915527344,18.43000030517578,0.052866317602436645,573368.5053655975,-1135.8798357945534,572232.625529803,83.04023681957374,0.0,True,False
2024-07-26,5399.22021484375,18.459999084472656,18.690000534057617,0.05276358484060169,572325.957887267,0.0,572325.957887267,83.05226517429489,310.072798351204,False,False
2024-07-29,5459.10009765625,16.389999389648438,17.239999771118164,0.0526608547099752,572574.2142013104,0.0,572574.2142013104,248.25631404341414,0.0,False,False
2024-07-30,5463.5400390625,16.600000381469727,17.15999984741211,0.052558127210423286,572656.8290581239,0.0,572656.8290581239,82.61485681341107,0.0,False,False
2024-07-31,5436.43994140625,17.690000534057617,18.010000228881836,0.052455402341810294,572739.2946404138,0.0,572739.2946404138,82.46558228994338,0.0,False,False
2024-08-01,5522.2998046875,16.360000610351562,16.969999313354492,0.052558127210423286,572821.6108843904,0.0,572821.6108843904,82.31624397658892,0.0,False,False
2024-08-02,5446.68017578125,18.59000015258789,19.13999938964844,0.052249960496863854,572904.1001961263,0.0,572904.1001961263,82.48931173585993,0.0,False,False
2024-08-05,5346.56005859375,23.38999938964844,23.34000015258789,0.0515309968943356,573150.1876907112,0.0,573150.1876907112,246.0874945850034,0.0,False,True
2024-08-06,5186.330078125,38.56999969482422,33.709999084472656,0.05194181745812106,573231.1112127049,0.0,573231.1112127049,80.92352199367367,0.0,False,True
2024-08-07,5240.02978515625,27.709999084472656,26.760000228881836,0.05194181745812106,573312.6914439445,0.0,573312.6914439445,81.58023123952148,0.0,False,True
2024-08-08,5199.5,27.850000381469727,27.010000228881836,0.05194181745812106,573394.2832853949,0.0,573394.2832853949,81.59184145047988,0.0,False,True
2024-08-09,5319.31005859375,23.790000915527344,24.1299991607666,0.05194181745812106,574726.4354732252,-1420.5487345165454,573305.8867387087,81.60345331376256,0.0,True,False
2024-08-12,5344.16015625,20.3700008392334,21.18000030517578,0.05194181745812106,574971.8495179262,-820.8159683190747,574151.0335496071,245.41404470099303,0.0,True,False
2024-08-13,5344.39013671875,20.709999084472656,21.6299991607666,0.05173640191650513,575053.6774849057,-831.665407700594,574222.0120772051,81.82796697941706,0.0,True,False
2024-08-14,5434.43017578125,18.1200008392334,19.86000061035156,0.051633698090556686,575135.1934213516,-731.078592084815,574404.1148292668,81.51593644588179,0.0,True,False
2024-08-15,5455.2099609375,16.190000534057617,18.450000762939453,0.05173640191650513,575076.7662005079,-545.3175627017418,574531.4486378061,81.36563696768059,735.4383140033076,True,False
2024-08-16,5543.22021484375,15.229999542236328,17.8799991607666,0.05194181745812106,575158.2854098626,-592.2058749972467,574566.0795348655,81.51920935473767,0.0,True,False
2024-08-19,5554.25,14.800000190734863,17.809999465942383,0.05183910837231473,575403.8838588874,-424.6851527069029,574979.1987061804,245.59844902470715,0.0,True,False
2024-08-20,5608.25,14.649999618530272,17.59000015258789,0.051633698090556686,575485.6113728156,-548.1426211941314,574937.4687516214,81.72751392816113,0.0,True,False
2024-08-21,5597.1201171875,15.880000114440918,18.280000686645508,0.051428298327706325,575567.0265841793,-624.7326722000653,574942.2939119792,81.41521136366941,0.0,True,False
2024-08-22,5620.85009765625,16.270000457763672,18.579999923706055,0.05122290908268638,575648.1293737437,-752.2177148755108,574895.9116588682,81.10278956445534,0.0,True,False
2024-08-23,5570.64013671875,17.549999237060547,19.36000061035156,0.051428298327706325,575728.9196227901,-637.2273599442639,575091.6922628458,80.79024904642154,0.0,True,False
2024-08-26,5634.60986328125,15.859999656677246,18.190000534057617,0.05112021840402644,575972.3307239078,-472.0384015150802,575500.2923223927,243.41110111773943,0.0,True,False
2024-08-27,5616.83984375,16.149999618530273,18.25,0.05081216214182949,576053.0044042399,-381.80468075326274,575671.1997234867,80.67368033209053,0.0,True,False
2024-08-28,5625.7998046875,15.43000030517578,17.729999542236328,0.05081216214182949,576133.2031334187,-273.10510736390256,575860.0980260548,80.1987291787133,0.0,True,False
2024-08-29,5592.18017578125,17.110000610351562,18.899999618530273,0.0506068044438388,576213.4130279522,-309.4627951291673,575903.950232823,80.2098945334857,0.0,True,False
2024-08-30,5591.9599609375,15.649999618530272,18.0,0.05081216214182949,576134.9771643023,0.0,576134.9771643023,79.89682500220023,216.98487404969822,False,False
2024-09-03,5648.39990234375,15.0,17.43000030517578,0.05081216214182949,577110.2014429132,-824.3167046664742,576285.8847382467,320.90757394444336,0.0,True,False
2024-09-04,5528.93017578125,20.719999313354492,21.700000762939453,0.05070948197857671,577190.5473562196,-1492.9113590189093,575697.6359972007,80.34591330646691,0.0,True,False
2024-09-05,5520.06982421875,21.31999969482422,22.06999969482422,0.0506068044438388,577270.7420601326,-1527.7433713697253,575742.9986887628,80.19470391292516,0.0,True,False
2024-09-06,5503.41015625,19.899999618530273,20.93000030517578,0.050401457259371084,577350.7854926776,-1243.0981757530137,576107.6873169246,80.04343254507214,0.0,True,False
2024-09-09,5408.419921875,22.3799991607666,22.739999771118164,0.05029878760937217,577590.0075400119,-1541.5919377381447,576048.4156022738,239.22204733435393,0.0,True,False
2024-09-10,5471.0498046875,19.450000762939453,20.8799991607666,0.04988813528780124,577669.6077563565,-1059.9601082885126,576609.6476480679,79.60021634456328,0.0,True,False
2024-09-11,5495.52001953125,19.079999923706055,20.549999237060547,0.04947752500525496,577748.5689320043,-950.6927954471753,576797.8761365571,78.96117564775922,0.0,True,False
2024-09-12,5554.1298828125,17.690000534057617,19.59000015258789,0.04988813528780124,577826.8908684703,-724.7131146239805,577102.1777538463,78.32193646600031,0.0,True,False
2024-09-13,5595.759765625,17.06999969482422,19.479999542236328,0.04947752500525496,577905.8735430151,-630.6743660821747,577275.1991769329,78.98267454483688,0.0,True,False
2024-09-16,5626.02001953125,16.559999465942383,19.280000686645508,0.048759058141317174,578140.9351899935,-468.85271692695295,577672.0824730665,235.06164697835587,0.0,True,False
2024-09-17,5633.08984375,17.139999389648438,19.809999465942383,0.04845118316314934,578218.1721500801,-488.1350254317918,577730.0371246483,77.23696008661958,0.0,True,False
2024-09-18,5634.580078125,17.610000610351562,20.1299991607666,0.04845118316314934,578294.931640683,-491.4590358165095,577803.4726048665,76.75949060283718,0.0,True,False
2024-09-19,5618.259765625,18.229999542236328,20.350000381469727,0.04742510387676492,578371.7013212447,-499.3339200107687,577872.367401234,76.76968056171671,0.0,True,False
2024-09-20,5713.64013671875,16.329999923706055,19.06999969482422,0.04701474564772673,578446.8550748426,-363.63947996669265,578083.2155948759,75.15375359789579,0.0,True,False
2024-09-23,5702.5498046875,16.149999618530273,18.940000534057617,0.04650185689316091,578442.1503142951,0.0,578442.1503142951,223.56811169219984,426.0438324267759,False,False
2024-09-24,5718.56982421875,15.890000343322754,18.700000762939453,0.046194155117570544,578515.8498968765,0.0,578515.8498968765,73.69958258137214,0.0,False,False
2024-09-25,5732.93017578125,15.390000343322754,18.469999313354492,0.04588647694541601,578589.0711080229,0.0,578589.0711080229,73.2212111464149,0.0,False,False
2024-09-26,5722.259765625,15.40999984741211,18.56999969482422,0.04598903371375363,578661.8138011469,0.0,578661.8138011469,72.74269312402326,0.0,False,False
2024-09-27,5745.3701171875,15.369999885559082,18.450000762939453,0.04588647694541601,578734.7282511774,0.0,578734.7282511774,72.91445003040964,0.0,False,False
2024-09-30,5738.169921875,16.959999084472656,19.540000915527344,0.04588647694541601,578953.0387130915,0.0,578953.0387130915,218.31046191416885,0.0,False,False
2024-10-01,5762.47998046875,16.729999542236328,19.219999313354492,0.04609159310442741,580605.2585468874,-1749.4313811075858,578855.8271657799,72.78845268832316,0.0,True,False
2024-10-02,5708.75,19.260000228881836,20.88999938964844,0.04588647694541601,580678.5810429723,-1989.835546251844,578688.7454967204,73.32249608489549,0.0,True,False
2024-10-03,5709.5400390625,18.899999618530273,20.59000015258789,0.04568137127521102,580751.5864382238,-1841.2233800177705,578910.363058206,73.00539525160845,0.0,True,False
2024-10-04,5699.93994140625,20.489999771118164,21.6299991607666,0.04568137127521102,580824.2746274079,-2076.1924834047977,578748.0821440031,72.68818918407352,0.0,True,False
2024-10-07,5751.06982421875,19.209999084472656,20.649999618530273,0.046194155117570544,581042.3937864294,-1786.1669496029992,579256.2268368264,218.11915902154337,0.0,True,False
2024-10-08,5695.93994140625,22.63999938964844,22.59000015258789,0.04639928701180315,581115.9347755105,-2205.766041160307,578910.1687343501,73.54098908100497,0.0,True,True
2024-10-09,5751.1298828125,21.420000076293945,21.520000457763672,0.046194155117570544,581189.8117040773,-2084.7828859231686,579105.0288181541,73.87692856682084,0.0,True,False
2024-10-10,5792.0400390625,20.86000061035156,20.90999984741211,0.04629671975331805,581263.3713514517,-2095.847971801975,579167.5233796497,73.55964737442386,0.0,True,False
2024-10-11,5780.0498046875,20.93000030517578,21.020000457763672,0.04629671975331805,581337.1036641978,-1967.3177765362811,579369.7858876615,73.73231274613589,0.0,True,False
2024-10-14,5815.02978515625,20.459999084472656,20.770000457763672,0.046194155117570544,581558.3567241254,-1832.2768802848987,579726.0798438406,221.25305992757583,0.0,True,False
2024-10-15,5859.85009765625,19.700000762939453,20.1200008392334,0.046194155117570544,581631.963017262,-1886.3692102836796,579745.5938069783,73.60629313656628,0.0,True,False
2024-10-16,5815.259765625,20.63999938964844,20.799999237060547,0.04609159310442741,581705.5786265512,-1704.7459190862855,580000.8327074649,73.61560928915297,0.0,True,False
2024-10-17,5842.47021484375,19.579999923706055,20.31999969482422,0.04598903371375363,581779.0400779996,-1544.8004052955002,580234.2396727041,73.46145144836429,0.0,True,False
2024-10-18,5841.47021484375,19.11000061035156,19.809999465942383,0.04629671975331805,581852.347315033,-1341.8905570202742,580510.4567580126,73.30723703341579,0.0,True,False
2024-10-21,5864.669921875,18.030000686645508,19.190000534057617,0.046194155117570544,582073.7964732891,-971.0147595997644,581102.7817136893,221.4491582561308,0.0,True,False
2024-10-22,5853.97998046875,18.3700008392334,19.239999771118164,0.04598903371375363,582147.4680042627,-905.2531820353881,581242.2148222273,73.67153097354775,0.0,True,False
2024-10-23,5851.2001953125,18.200000762939453,19.170000076293945,0.04598903371375363,581443.2176892603,0.0,581443.2176892603,73.35366090134454,801.8274052038901,False,False
2024-10-24,5797.419921875,19.239999771118164,20.040000915527344,0.04609159310442741,581516.482610896,0.0,581516.482610896,73.26492163571919,0.0,False,False
2024-10-25,5809.85986328125,19.079999923706055,19.850000381469727,0.04588647694541601,581589.9201821062,0.0,581589.9201821062,73.43757121017586,0.0,False,False
2024-10-28,5808.1201171875,20.329999923706055,20.940000534057617,0.04609159310442741,581809.3076802493,0.0,581809.3076802493,219.3874981431476,0.0,False,False
2024-10-29,5823.52001953125,19.799999237060547,20.170000076293945,0.045783922799279536,581882.7822312572,0.0,581882.7822312572,73.47455100787,0.0,False,False
2024-10-30,5832.919921875,19.34000015258789,19.959999084472656,0.045783922799279536,581955.7755115429,0.0,581955.7755115429,72.99328028578911,0.0,False,False
2024-10-31,5813.669921875,20.350000381469727,20.760000228881836,0.0455788223730755,582028.7779483446,0.0,582028.7779483446,73.00243680172252,0.0,False,False
2024-11-01,5705.4501953125,23.15999984741211,22.63999938964844,0.04527119139692984,582101.4624488613,0.0,582101.4624488613,72.68450051678244,0.0,False,True
2024-11-04,5728.7998046875,21.8799991607666,21.90999984741211,0.0449635840133589,582318.098038646,0.0,582318.098038646,216.63558978471968,0.0,False,False
2024-11-05,5712.68994140625,21.979999542236328,21.56999969482422,0.04527119139692984,582389.8370016898,0.0,582389.8370016898,71.73896304376007,0.0,False,True
2024-11-06,5782.759765625,20.489999771118164,20.190000534057617,0.0451686529811875,582462.0756781561,0.0,582462.0756781561,72.23867646631604,0.0,False,True
2024-11-07,5929.0400390625,16.270000457763672,17.670000076293945,0.04527119139692984,583935.6979359186,-1571.538270623488,582364.159665295,72.08398713893986,0.0,True,False
2024-11-08,5973.10009765625,15.199999809265137,16.950000762939453,0.0451686529811875,584008.1283584299,-1496.2298405691104,582511.8985178608,72.43042251130986,0.0,True,False
2024-11-11,5995.5400390625,14.9399995803833,16.829999923706055,0.0451686529811875,584224.9811611105,-1370.353385973873,582854.6277751366,216.85280268059842,0.0,True,False
2024-11-12,6001.35009765625,14.970000267028809,16.799999237060547,0.0451686529811875,584297.2833208335,-1337.3745602861322,582959.9087605473,72.30215972298748,0.0,True,False
2024-11-13,5983.990234375,14.710000038146973,16.709999084472656,0.0451686529811875,584369.5944284832,-1106.1827412148705,583263.4116872683,72.3111076496753,0.0,True,False
2024-11-14,5985.3798828125,14.020000457763672,16.510000228881836,0.0448610534610046,584441.9144851669,-912.0150430897003,583529.8994420771,72.32005668373515,0.0,True,False
2024-11-15,5949.169921875,14.3100004196167,16.68000030517578,0.0449635840133589,584513.7508995949,-763.828073234011,583749.9228263608,71.83641442793319,0.0,True,False
2024-11-18,5870.6201171875,16.139999389648438,17.809999465942383,0.0449635840133589,584729.8058871262,-756.753057338064,583973.0528297882,216.0549875313628,0.0,True,False
2024-11-19,5893.6201171875,15.579999923706056,17.190000534057617,0.04506611718670883,585333.5919821541,-1350.394916050168,583983.1970661039,72.03607457231672,752.8933750287831,True,False
2024-11-20,5916.97998046875,16.350000381469727,17.690000534057617,0.0449635840133589,585405.8668884301,-1603.835391501052,583802.031496929,72.27490627606456,0.0,True,False
2024-11-21,5917.10986328125,17.15999984741211,18.260000228881836,0.04506611718670883,585477.9862506683,-1737.0170537698232,583740.9691968985,72.11936223820109,0.0,True,False
2024-11-22,5948.7099609375,16.8700008392334,18.18000030517578,0.0451686529811875,585550.2789862341,-1781.079635864744,583769.1993503694,72.29273556583473,0.0,True,False
2024-11-25,5969.33984375,15.239999771118164,17.299999237060547,0.0451686529811875,585767.7044173928,-1093.0266409128496,584674.67777648,217.4254311587927,0.0,True,False
2024-11-26,5987.3701171875,14.600000381469728,16.8700008392334,0.04506611718670883,585840.1975005219,-927.2235347747757,584912.9739657472,72.49308312900551,0.0,True,False
2024-11-27,6021.6298828125,14.100000381469728,16.530000686645508,0.0448610534610046,585912.5349606422,-948.307283035513,584964.2276776067,72.33746012033477,0.0,True,False
2024-11-29,5998.740234375,14.100000381469728,16.600000381469727,0.0448610534610046,585542.2247814762,0.0,585542.2247814762,144.0432021198072,666.0415347643789,False,False
2024-12-02,6032.3798828125,13.510000228881836,16.260000228881836,0.04475852552951106,585758.1662973711,0.0,585758.1662973711,215.94151589494805,0.0,False,False
2024-12-03,6047.14990234375,13.34000015258789,16.34000015258789,0.04465600021874516,587986.9737031638,-2326.9737636243453,585659.9999395395,71.83364216832167,0.0,True,False
2024-12-04,6049.8798828125,13.300000190734863,16.239999771118164,0.04445095745885867,588058.9154914098,-2214.5840084756333,585844.3314829342,71.94178824605764,0.0,True,False
2024-12-05,6086.490234375,13.449999809265137,16.389999389648438,0.044348440009470164,588130.5356930449,-2508.4891130275355,585622.0465800173,71.62020163502372,0.0,True,False
2024-12-06,6075.10986328125,13.539999961853027,16.579999923706055,0.044245925180273475,588201.9994092092,-2342.8825304878605,585859.1168787214,71.46371616434843,0.0,True,False
2024-12-09,6090.27001953125,12.770000457763672,16.31999969482422,0.04393839641249149,588415.9468710304,-1892.8539317997877,586523.0929392306,213.94746182109984,0.0,True,False
2024-12-10,6052.85009765625,14.1899995803833,17.09000015258789,0.04383589206272108,588486.7841568829,-1941.911984888411,586544.8721719945,70.83728585256716,0.0,True,False
2024-12-11,6034.91015625,14.18000030517578,16.979999542236328,0.043733390332472026,588557.4646837092,-1700.5161159725378,586856.9485677367,70.6805268263076,0.0,True,False
2024-12-12,6084.18994140625,13.579999923706056,16.8799991607666,0.04342590085751791,588627.9883972047,-1752.347438296805,586875.6409589079,70.52371349546934,0.0,True,False
2024-12-13,6051.25,13.920000076293944,17.350000381469727,0.04311843495344054,588698.0246200238,-1534.403304541887,587163.621315482,70.036222819094,0.0,True,False
2024-12-16,6051.08984375,13.8100004196167,17.149999618530273,0.04311843495344054,588906.6950527963,-1138.306693182874,587768.3883596134,208.67043277248337,0.0,True,False
2024-12-17,6074.080078125,14.6899995803833,17.56999969482422,0.043323409604017406,588976.2682992058,-1403.1049089089822,587573.1633902969,69.57324640952133,0.0,True,False
2024-12-18,6050.60986328125,15.869999885559082,18.1299991607666,0.04342590085751791,589046.18055813,-1514.3668811510042,587531.813676979,69.91225892416813,0.0,True,False
2024-12-19,5872.16015625,27.6200008392334,24.239999771118164,0.043323409604017406,589116.266538351,-4646.649933185192,584469.6166051658,70.08598022095237,0.0,True,True
2024-12-20,5867.080078125,24.09000015258789,24.13999938964844,0.04311843495344054,589186.1954152505,-3430.2902570176157,585755.9051582329,69.92887689957877,0.0,True,False
2024-12-23,5930.85009765625,18.36000061035156,20.100000381469727,0.04311843495344054,589395.0388854834,-1399.7352699751953,587995.3036155083,208.84347023285636,0.0,True,False
2024-12-24,5974.06982421875,16.780000686645508,18.649999618530273,0.04322092096936986,588533.6514261462,0.0,588533.6514261462,69.63093919190865,1225.9553650952303,False,False
2024-12-26,6040.0400390625,14.270000457763672,17.200000762939453,0.043630891221611366,588673.0485700018,0.0,588673.0485700018,139.39714385573913,0.0,False,False
2024-12-27,6037.58984375,14.729999542236328,17.360000610351562,0.04322092096936986,588743.4208026547,0.0,588743.4208026547,70.37223265282586,0.0,False,False
2024-12-30,5970.83984375,15.949999809265137,18.06999969482422,0.042708517074234724,588952.6034310961,0.0,588952.6034310961,209.18262844131655,0.0,False,False
2024-12-31,5906.93994140625,17.399999618530273,18.940000534057617,0.04311843495344054,589021.5205926461,0.0,589021.5205926461,68.91716155001981,0.0,False,False
2025-01-02,5881.6298828125,17.350000381469727,18.979999542236328,0.04311843495344054,589160.702437333,0.0,589160.702437333,139.18184468684734,0.0,False,False
2025-01-03,5868.5498046875,17.93000030517578,19.329999923706055,0.043015951556096534,589230.3056920927,0.0,589230.3056920927,69.60325475974501,0.0,False,False
2025-01-06,5942.47021484375,16.1299991607666,18.13999938964844,0.04281099261662742,589438.668296028,0.0,589438.668296028,208.36260393528974,0.0,False,False
2025-01-07,5975.3798828125,16.040000915527344,18.030000686645508,0.04291347077720313,591099.2741232265,-1761.4662808594107,589337.8078423671,69.13954633907831,0.0,True,False
2025-01-08,5909.02978515625,17.81999969482422,19.190000534057617,0.04291347077720313,591168.7744318484,-1828.217632077268,589340.5567997711,69.50030862192638,0.0,True,False
2025-01-10,5918.25,17.700000762939453,19.34000015258789,0.04291347077720313,591307.7995651886,-1729.5590013301694,589578.2405638584,139.02513334010698,0.0,True,False
2025-01-13,5827.0400390625,19.540000915527344,20.969999313354492,0.043015951556096534,591516.3985698529,-1797.1410573424937,589719.2575125104,208.59900466439404,0.0,True,False
2025-01-14,5836.22021484375,19.190000534057617,20.43000030517578,0.04311843495344054,591586.1140223305,-1647.4551602001486,589938.6588621304,69.71545247755331,0.0,True,False
2025-01-15,5842.91015625,18.709999084472656,19.989999771118164,0.043015951556096534,591656.0038144301,-1490.5834879411873,590165.4203264889,69.8897920996413,0.0,True,False
2025-01-16,5949.91015625,16.1200008392334,18.229999542236328,0.04291347077720313,591725.7357206236,-1072.3343355487475,590653.4013850748,69.73190619348995,0.0,True,False
2025-01-17,5937.33984375,16.600000381469727,18.350000381469727,0.04291347077720313,591795.3096873877,-1060.1596962326073,590735.149991155,69.57396676407765,0.0,True,False
2025-01-21,5996.66015625,15.970000267028809,18.190000534057617,0.04281099261662742,592073.6873677867,-825.5652289497665,591248.1221388369,278.37768039897014,0.0,True,False
2025-01-22,6049.240234375,15.0600004196167,17.5,0.043015951556096534,592101.0282730943,-908.3149434899557,591192.7133296044,69.44862688132179,811.0436157957462,True,False
2025-01-23,6086.3701171875,15.100000381469728,17.809999465942383,0.043015951556096534,592170.8126293663,-950.5877957365076,591220.2248336298,69.78435627192289,0.0,True,False
2025-01-24,6118.7099609375,15.020000457763672,17.520000457763672,0.043015951556096534,592240.6052103434,-995.0561986429325,591245.5490117004,69.79258097707918,0.0,True,False
2025-01-27,6101.240234375,14.850000381469728,17.549999237060547,0.04291347077720313,592450.0323111998,-548.5941169276176,591901.4381942722,209.42710085642335,0.0,True,False
2025-01-28,6012.27978515625,17.899999618530273,18.969999313354492,0.04281099261662742,592519.6914393551,-947.254788256662,591572.4366510984,69.65912815537443,0.0,True,False
2025-01-29,6067.7001953125,16.40999984741211,18.1299991607666,0.04281099261662742,592589.1923812963,-626.8065407275119,591962.3858405688,69.5009419411104,0.0,True,False
2025-01-30,6039.31005859375,16.559999465942383,18.149999618530273,0.04281099261662742,592658.7014755082,-535.2765993173853,592123.4248761907,69.50909421182898,0.0,True,False
2025-01-31,6071.169921875,15.84000015258789,17.90999984741211,0.042708517074234724,592356.4673687852,0.0,592356.4673687852,69.51724743878665,366.56358932818,False,False
2025-02-03,6040.52978515625,16.43000030517578,18.43000030517578,0.04281099261662742,592564.4381120881,0.0,592564.4381120881,207.97074330290923,0.0,False,False
2025-02-04,5994.56982421875,18.6200008392334,19.549999237060547,0.043015951556096534,594110.2659006902,-1646.3215979984557,592463.9443026917,69.50619060364197,0.0,True,False
2025-02-05,6037.8798828125,17.209999084472656,18.63999938964844,0.043015951556096534,594180.2870634323,-1492.7371241894025,592687.5499392429,70.02116274200797,0.0,True,False
2025-02-06,6061.47998046875,15.770000457763672,17.959999084472656,0.043015951556096534,594250.3164787892,-1276.3883141393126,592973.9281646499,70.02941535690651,0.0,True,False
2025-02-07,6083.56982421875,15.5,17.940000534057617,0.043015951556096534,594320.3541477337,-1293.8823381310374,593026.4718096026,70.0376689444489,0.0,True,False
2025-02-10,6025.990234375,16.540000915527344,18.6299991607666,0.04322092096936986,594530.5166858205,-1034.215168256053,593496.3015175645,210.16253808689186,0.0,True,False
2025-02-11,6066.43994140625,15.8100004196167,18.229999542236328,0.04311843495344054,594600.9212828651,-1002.2341782834719,593598.6871045816,70.40459704461642,0.0,True,False
2025-02-12,6068.5,16.020000457763672,18.280000686645508,0.04311843495344054,594671.1672433191,-978.8210556466698,593692.3461876725,70.2459604539433,0.0,True,False
2025-02-13,6051.97021484375,15.890000343322754,18.309999465942383,0.04311843495344054,594741.4215026081,-829.389784777273,593912.0317178308,70.25425928898287,0.0,True,False
2025-02-14,6115.06982421875,15.100000381469728,17.84000015258789,0.043015951556096534,594811.6840617126,-896.1836349772416,593915.5004267354,70.26255910444412,0.0,True,False
2025-02-18,6114.6298828125,14.770000457763672,17.809999465942383,0.043015951556096534,596014.0066604421,-1656.9736253854178,594357.0330350567,280.4649024108418,911.2056689316443,True,False
2025-02-19,6129.580078125,15.350000381469728,17.81999969482422,0.04311843495344054,596084.2521959129,-1818.206742577296,594266.0454533356,70.24553547078938,0.0,True,False
2025-02-20,6144.14990234375,15.270000457763672,17.93000030517578,0.043015951556096534,596154.673396601,-1745.339915029682,594409.3334815713,70.42120068807085,0.0,True,False
2025-02-21,6117.52001953125,15.65999984741211,18.010000228881836,0.04291347077720313,596224.9355108939,-1558.6811551859273,594666.254355708,70.26211429292105,0.0,True,False
2025-02-24,6013.1298828125,18.209999084472656,19.479999542236328,0.04291347077720313,596435.2691614819,-1739.401065190818,594695.8680962911,210.33365058793487,0.0,True,False
2025-02-25,5983.25,18.979999542236328,19.86000061035156,0.042708517074234724,596505.396866073,-1899.7548119667688,594605.6420541062,70.12770459109568,0.0,True,False
2025-02-26,5955.25,19.43000030517578,20.030000686645508,0.042708517074234724,596575.1978289379,-2010.1740967141086,594565.0237322238,69.80096286489614,0.0,True,False
2025-02-27,5956.06005859375,19.100000381469727,19.75,0.04281099261662742,596645.0069596659,-1816.496446788921,594828.510512877,69.80913072799086,0.0,True,False
2025-02-28,5861.56982421875,21.1299991607666,21.219999313354492,0.04281099261662742,593885.1847905098,0.0,593885.1847905098,69.98483018754048,-1342.8333739582506,False,False
2025-03-03,5954.5,19.6299991607666,20.18000030517578,0.04281099261662742,595443.6605057889,-1519.4678693983394,593924.1926363906,209.0078458807918,0.0,True,False
2025-03-04,5849.72021484375,22.780000686645508,22.18000030517578,0.04291347077720313,595513.5044213176,-1724.9087385391067,593788.5956827785,69.84391552875633,0.0,True,True
2025-03-05,5778.14990234375,23.510000228881836,22.780000686645508,0.04281099261662742,595583.5237465946,-1723.1943151029088,593860.3294314917,70.01932527695551,0.0,True,True
2025-03-06,5842.6298828125,21.93000030517578,21.719999313354492,0.04291347077720313,595653.3840676995,-1484.9947191030412,594168.3893485965,69.86032110500868,0.0,True,True
2025-03-07,5738.52001953125,24.8700008392334,23.700000762939453,0.04281099261662742,595723.4198397546,-1845.2839972663771,593878.1358424883,70.03577205505026,0.0,True,True
2025-03-10,5770.2001953125,23.3700008392334,22.59000015258789,0.04281099261662742,595933.0746213692,-1484.332521468632,594448.7420999006,209.6547816146757,0.0,True,True
2025-03-11,5614.56005859375,27.86000061035156,25.719999313354492,0.042708517074234724,596002.9759438374,-2283.69048535445,593719.285458483,69.90132246817717,0.0,True,True
2025-03-12,5572.06982421875,26.920000076293945,25.34000015258789,0.04281099261662742,596072.7181151736,-2268.307095000593,593804.411020173,69.74217133623644,0.0,True,True
2025-03-13,5599.2998046875,24.229999542236328,23.670000076293945,0.04291347077720313,596142.6358174423,-1832.6867129196553,594309.9491045227,69.91770226870628,0.0,True,True
2025-03-14,5521.52001953125,24.65999984741211,24.059999465942383,0.04281099261662742,596212.7291147712,-2173.80603805913,594038.9230767121,70.09329732887397,0.0,True,True
2025-03-17,5638.93994140625,21.770000457763672,22.170000076293945,0.04281099261662742,596422.5561005091,-1292.8712698805903,595129.6848306286,209.8269857378966,0.0,True,False
2025-03-18,5675.1201171875,20.510000228881836,21.299999237060547,0.04281099261662742,596492.5148378183,-1021.849015872401,595470.665821946,69.9587373091596,0.0,True,False
2025-03-19,5614.66015625,21.700000762939453,21.969999313354492,0.04281099261662742,596562.4817810963,-1290.4080787141652,595272.0737023822,69.96694327802484,0.0,True,False
2025-03-20,5675.2900390625,19.899999618530273,20.829999923706055,0.04281099261662742,596632.4569313057,-886.3208302380258,595746.1361010676,69.97515020942784,0.0,True,False
2025-03-21,5662.89013671875,19.799999237060547,20.709999084472656,0.042708517074234724,596702.4402894091,-870.599607039151,595831.84068237,69.98335810348146,0.0,True,False
2025-03-24,5667.56005859375,19.280000686645508,20.350000381469727,0.042708517074234724,596911.9368626277,-686.1916344226919,596225.7452282051,209.49657321862074,0.0,True,False
2025-03-25,5767.56982421875,17.479999542236328,19.040000915527344,0.042708517074234724,596625.0572400627,0.0,596625.0572400627,69.84853474496913,992.739712088371,False,False
2025-03-26,5776.64990234375,17.149999618530273,19.049999237060547,0.042708517074234724,596694.8722051636,0.0,596694.8722051636,69.81496510086103,0.0,False,False
2025-03-27,5712.2001953125,18.329999923706055,19.84000015258789,0.04281099261662742,596764.695339766,0.0,596764.695339766,69.82313460244815,0.0,False,False
2025-03-28,5693.31005859375,18.690000534057617,19.88999938964844,0.04281099261662742,596834.6942090737,0.0,596834.6942090737,69.99886930771918,0.0,False,False
2025-03-31,5580.93994140625,21.649999618530273,22.010000228881836,0.04281099261662742,597044.7400849067,0.0,597044.7400849067,210.0458758329897,0.0,False,False
2025-04-01,5611.85009765625,22.280000686645508,21.969999313354492,0.04291347077720313,597114.7718026984,0.0,597114.7718026984,70.03171779166686,0.0,False,True
2025-04-02,5633.06982421875,21.770000457763672,21.81999969482422,0.04281099261662742,598492.877940946,-1477.8985390511298,597014.9794018948,70.20759919652217,0.0,True,False
2025-04-03,5670.97021484375,21.510000228881836,21.450000762939453,0.04291347077720313,598563.079521354,-1516.324061616574,597046.7554597375,70.20158040806501,0.0,True,True
2025-04-04,5396.52001953125,30.020000457763672,27.3799991607666,0.04281099261662742,598633.4574097691,-2258.557630013069,596374.899779756,70.37788841498788,0.0,True,True
2025-04-07,5074.080078125,45.310001373291016,36.709999084472656,0.04250357384346505,598844.1363298865,-4539.030336834399,594305.1059930521,210.678920117399,0.0,True,True
2025-04-08,5062.25,46.97999954223633,36.880001068115234,0.04250357384346505,598913.8746805852,-4701.395213783148,594212.4794668021,69.73835069877197,0.0,True,True
2025-04-09,4982.77001953125,52.33000183105469,41.5,0.042708517074234724,598983.6211526586,-5465.579780799071,593518.0413718595,69.74647207337202,0.0,True,True
2025-04-10,5456.89990234375,33.619998931884766,29.920000076293945,0.04322092096936986,599053.7121086104,-2596.2105889645773,596457.5015196458,70.09095595181145,0.0,True,True
2025-04-11,5268.0498046875,40.720001220703125,35.709999084472656,0.043015951556096534,599124.6523446881,-3578.3995071551303,595546.2528375329,70.94023607769883,0.0,True,True
2025-04-14,5363.35986328125,37.560001373291016,33.90999984741211,0.04311843495344054,599336.5137704131,-2948.522999885278,596387.9907705279,211.86142572510192,0.0,True,True
2025-04-15,5405.97021484375,30.88999938964844,29.6299991607666,0.043015951556096534,599407.3191922313,-1904.6284302405627,597502.6907619907,70.8054218181951,0.0,True,True
2025-04-16,5396.6298828125,30.1200008392334,29.0,0.043015951556096534,599477.964659672,-1746.010804598011,597731.953855074,70.64546744076247,0.0,True,True
2025-04-17,5275.7001953125,32.63999938964844,30.940000534057617,0.04291347077720313,599548.6184533075,-2238.5626001834016,597310.0558531241,70.6537936355054,0.0,True,True
2025-04-21,5282.7001953125,29.649999618530273,29.350000381469727,0.04311843495344054,599830.6432530303,-1659.8287577512501,598170.814495279,282.02479972273414,0.0,True,True
2025-04-22,5158.2001953125,33.81999969482422,31.829999923706055,0.043015951556096534,599901.5070511457,-2613.9516980869266,597287.5553530587,70.86379811539317,0.0,True,True
2025-04-23,5287.759765625,30.56999969482422,29.450000762939453,0.043015951556096534,599972.2107630075,-1654.3731751251212,598317.8375878824,70.70371186184096,0.0,True,True
2025-04-24,5375.85986328125,28.450000762939453,28.020000457763672,0.043015951556096534,600042.9228079288,-1118.282951830092,598924.6398560987,70.71204492120535,0.0,True,True
2025-04-25,5484.77001953125,26.469999313354492,26.440000534057617,0.04291347077720313,599397.070306787,0.0,599397.070306787,70.72037896269467,591.3256589466752,False,True
2025-04-28,5525.2099609375,24.84000015258789,25.3700008392334,0.04291347077720313,599608.5230093502,0.0,599608.5230093502,211.4527025631856,0.0,False,False
2025-04-29,5528.75,25.149999618530273,25.729999542236328,0.04281099261662742,599679.0238189871,0.0,599679.0238189871,70.50080963692693,0.0,False,False
2025-04-30,5560.830078125,24.170000076293945,25.219999313354492,0.04281099261662742,599749.3645310679,0.0,599749.3645310679,70.34071208080852,0.0,False,False
2025-05-01,5569.06005859375,24.700000762939453,25.540000915527344,0.04281099261662742,599819.7134939221,0.0,599819.7134939221,70.3489628542715,0.0,False,False
2025-05-02,5604.14013671875,24.600000381469727,25.489999771118164,0.04281099261662742,599890.0707085177,0.0,599890.0707085177,70.35721459552768,0.0,False,False
2025-05-05,5686.669921875,22.68000030517578,24.0,0.043015951556096534,600101.1918724313,0.0,600101.1918724313,211.12116391367968,0.0,False,False
2025-05-06,5650.3798828125,23.63999938964844,24.549999237060547,0.043015951556096534,600198.1635725581,-196.24445363826354,600001.9191189199,70.72724648861121,0.0,True,False
2025-05-07,5606.91015625,24.760000228881836,25.40999984741211,0.043015951556096534,600268.9022480214,-211.45995179099765,600057.4422962305,70.73867546330777,0.0,True,False
2025-05-08,5631.27978515625,23.549999237060547,24.700000762939453,0.043015951556096534,600339.6492606649,-183.61457445421289,600156.0346862107,70.74701264344262,0.0,True,False
2025-05-09,5663.93994140625,22.479999542236328,23.760000228881836,0.04311843495344054,600410.4046114711,-158.73766909172616,600251.6669423794,70.75535080618808,0.0,True,False
2025-05-12,5659.91015625,21.899999618530273,23.3799991607666,0.043015951556096534,600623.2266250191,-135.99356977440917,600487.2330552447,212.82201354802373,0.0,True,False
2025-05-13,5844.18994140625,18.38999938964844,20.219999313354492,0.04393839641249149,600694.0153979321,-99.31798588021262,600594.697412052,70.78877291302423,0.0,True,False
2025-05-14,5886.5498046875,18.219999313354492,20.09000015258789,0.043733390332472026,600766.330796427,-95.25733016447175,600671.0734662625,72.31539849479333,0.0,True,False
2025-05-15,5892.580078125,18.6200008392334,20.579999923706055,0.043733390332472026,600838.3174334728,-94.48454007682126,600743.832893396,71.98663704584953,0.0,True,False
2025-05-16,5916.93017578125,17.829999923706055,20.25,0.04352839473000431,600910.3126962949,-90.10243630880854,600820.210259986,71.99526282204158,0.0,True,False
2025-05-19,5958.3798828125,17.239999771118164,20.079999923706055,0.043323409604017406,601125.337415608,-84.62097209014861,601040.7164435178,215.02471931309663,0.0,True,False
2025-05-20,5963.60009765625,18.13999938964844,20.690000534057617,0.043630891221611366,601196.6917850407,-84.7378143631119,601111.9539706776,71.35436943263778,0.0,True,False
2025-05-21,5940.4599609375,18.09000015258789,20.719999313354492,0.04342590085751791,601268.5611420075,-83.84928200208435,601184.7118600054,71.86935696679025,0.0,True,False
2025-05-22,5844.60986328125,20.8700008392334,22.65999984741211,0.04322092096936986,601340.101367332,-87.8876291765858,601252.2137381554,71.5402253245246,0.0,True,False
2025-05-23,5842.009765625,20.280000686645508,22.31999969482422,0.043323409604017406,601411.3123587535,-85.43518882134485,601325.8771699321,71.21099142150315,0.0,True,False
2025-05-27,5802.81982421875,22.290000915527344,23.799999237060547,0.04322092096936986,601696.9164662398,-83.76031261012287,601613.1561536298,285.6041074863121,0.0,True,False
2025-05-28,5921.5400390625,18.959999084472656,21.290000915527344,0.04322092096936986,601768.1697118813,-80.61038493431131,601687.559326947,71.25324564151877,0.0,True,False
2025-05-29,5888.5498046875,19.309999465942383,21.670000076293945,0.04322092096936986,601839.4313953674,-80.49397680244304,601758.9374185649,71.26168348601408,0.0,True,False
2025-05-30,5912.169921875,19.18000030517578,21.6200008392334,0.043323409604017406,601820.4375458846,0.0,601820.4375458846,71.2701223297231,-64.01951817416216,False,False
2025-06-02,5911.68994140625,18.56999969482422,21.3799991607666,0.043323409604017406,602034.7736220474,0.0,602034.7736220474,214.33607616278528,0.0,False,False
2025-06-03,5935.93994140625,18.36000061035156,21.09000015258789,0.043323409604017406,602256.7675155847,-320.53157282903095,601936.2359427557,71.4623207083712,0.0,True,False
2025-06-04,5970.3701171875,17.690000534057617,20.719999313354492,0.04322092096936986,602328.2561872607,-282.2050113497743,602046.051175911,71.48867167597363,0.0,True,False
2025-06-05,5970.81005859375,17.610000610351562,20.65999984741211,0.043323409604017406,602399.5841964635,-264.5357279849498,602135.0484684785,71.32800920269729,0.0,True,False
2025-06-06,5939.2998046875,18.479999542236328,21.11000061035156,0.043323409604017406,602471.0898206676,-277.56711587640297,602193.5227047913,71.50562420413088,0.0,True,False
2025-06-09,6000.35986328125,16.770000457763672,20.020000457763672,0.043323409604017406,602685.657624181,-188.66318541202742,602496.994438769,214.5678035133752,0.0,True,False
2025-06-10,6005.8798828125,17.15999984741211,20.09000015258789,0.043323409604017406,602757.1972056779,-184.2543222493283,602572.9428834285,71.53958149685451,0.0,True,False
2025-06-11,6038.81005859375,16.950000762939453,19.940000534057617,0.04342590085751791,602828.7452790173,-168.54885668826057,602660.1964223289,71.54807333941955,0.0,True,False
2025-06-12,6022.240234375,17.260000228881836,20.299999237060547,0.04342590085751791,602900.4711384027,-165.64584968426723,602734.8252887184,71.72585938544646,0.0,True,False
2025-06-13,6045.259765625,18.020000457763672,20.649999618530273,0.04352839473000431,602972.205531885,-170.67402825501648,602801.53150363,71.7343934823104,0.0,True,False
2025-06-16,5976.97021484375,20.81999969482422,22.6200008392334,0.04342590085751791,603187.9680616814,-199.35064522145086,602988.61741646,215.76252979639006,0.0,True,False
2025-06-17,6033.10986328125,19.11000061035156,21.229999542236328,0.04322092096936986,603259.7366621654,-148.9350116593908,603110.801650506,71.76860048397434,0.0,True,False
2025-06-18,5982.72021484375,21.600000381469727,22.90999984741211,0.04311843495344054,603331.1749777454,-191.56876870784026,603139.6062090376,71.43831557999843,0.0,True,False
2025-06-20,5980.8701171875,20.13999938964844,21.969999313354492,0.04311843495344054,603473.73809803,-138.85790591337133,603334.8801921166,142.56312028463103,0.0,True,False
2025-06-23,5967.83984375,20.6200008392334,22.479999542236328,0.04291347077720313,603687.6459435286,-120.33555341100524,603567.3103901176,213.90784549858833,0.0,True,False
2025-06-24,6025.169921875,19.829999923706055,21.81999969482422,0.042708517074234724,603758.6263685453,-103.40160926406452,603655.2247592813,70.98042501668304,0.0,True,False
2025-06-25,6092.18017578125,17.479999542236328,20.049999237060547,0.042708517074234724,603829.2760788077,-86.60322028290956,603742.6728585247,70.64971026234224,0.0,True,False
2025-06-26,6092.16015625,16.760000228881836,19.670000076293945,0.042708517074234724,603899.9340562505,-83.27180062782305,603816.6622556227,70.65797744287129,0.0,True,False
2025-06-27,6141.02001953125,16.59000015258789,19.450000762939453,0.04291347077720313,603878.8949783732,0.0,603878.8949783732,70.66624559079669,58.82624936093279,False,False
2025-06-30,6173.06982421875,16.31999969482422,19.450000762939453,0.04281099261662742,604091.9287596339,0.0,604091.9287596339,213.0337812607111,0.0,False,False
2025-07-01,6204.9501953125,16.729999542236328,19.440000534057617,0.04322092096936986,604352.2161715929,-359.42907817805605,603992.7870934149,70.8583337809861,0.0,True,False
2025-07-02,6198.009765625,16.829999923706055,19.510000228881836,0.04322092096936986,604423.7838591354,-347.21149026552024,604076.5723688698,71.56768754238232,0.0,True,False
2025-07-03,6227.419921875,16.639999389648438,19.350000381469727,0.04322092096936986,604495.3600217586,-315.65453824058886,604179.705483518,71.57616262324264,0.0,True,False
2025-07-07,6279.35009765625,16.3799991607666,19.209999084472656,0.04342590085751791,604781.7494431345,-236.62704385896058,604545.1223992755,286.38942137594336,0.0,True,False
2025-07-08,6229.97998046875,17.790000915527344,20.209999084472656,0.04342590085751791,604853.7076751518,-274.77239306305376,604578.9352820887,71.95823201722902,0.0,True,False
2025-07-09,6225.52001953125,16.809999465942383,19.579999923706055,0.04342590085751791,604925.674468914,-227.79287607557984,604697.8815928384,71.96679376228798,0.0,True,False
2025-07-10,6263.259765625,15.9399995803833,19.020000457763672,0.04342590085751791,604997.6498254401,-185.90810808989852,604811.7417173502,71.97535652604176,0.0,True,False
2025-07-11,6280.4599609375,15.779999732971191,18.920000076293945,0.043323409604017406,605069.6337457488,-168.63271915622042,604901.0010265926,71.98392030861159,0.0,True,False
2025-07-14,6259.75,16.399999618530273,19.3700008392334,0.043323409604017406,605285.1270108682,-151.2185425369254,605133.9084683312,215.4932651193481,0.0,True,False
2025-07-15,6268.56005859375,17.200000762939453,19.84000015258789,0.04342590085751791,605356.9751528056,-153.53029010579607,605203.4448626997,71.84814193741745,0.0,True,False
2025-07-16,6243.759765625,17.3799991607666,20.059999465942383,0.043323409604017406,605429.0018264137,-149.42909859014796,605279.5727278235,72.02667360812838,0.0,True,False
2025-07-17,6263.7001953125,17.15999984741211,20.09000015258789,0.04322092096936986,605500.8670464812,-133.45659972644214,605367.4104467548,71.86522006755355,0.0,True,False
2025-07-18,6297.35986328125,16.520000457763672,19.690000534057617,0.04322092096936986,605572.5707578268,-114.28585998529425,605458.2848978415,71.7037113455712,0.0,True,False
2025-07-21,6296.7900390625,16.40999984741211,19.579999923706055,0.04322092096936986,605681.3845359238,0.0,605681.3845359238,215.16208519219884,83.08077108299327,False,False
2025-07-22,6305.60009765625,16.649999618530273,19.510000228881836,0.04322092096936986,605753.1096242395,0.0,605753.1096242395,71.72508831571322,0.0,False,False
2025-07-23,6309.6201171875,16.5,19.530000686645508,0.04322092096936986,605824.8432062756,0.0,605824.8432062756,71.73358203605073,0.0,False,False
2025-07-24,6358.91015625,15.369999885559082,18.559999465942383,0.043323409604017406,605896.5852830379,0.0,605896.5852830379,71.74207676221883,0.0,False,False
2025-07-25,6363.35009765625,15.390000343322754,18.559999465942383,0.043323409604017406,605968.5060058776,0.0,605968.5060058776,71.9207228398173,0.0,False,False
2025-07-28,6388.64013671875,14.93000030517578,18.31999969482422,0.043323409604017406,606184.319400958,0.0,606184.319400958,215.81339508035978,0.0,False,False
2025-07-29,6389.77001953125,15.029999732971191,18.15999984741211,0.04322092096936986,606256.2742782166,0.0,606256.2742782166,71.95487725865569,0.0,False,False
2025-07-30,6370.85986328125,15.979999542236328,18.770000457763672,0.04322092096936986,606328.0674452592,0.0,606328.0674452592,71.79316704256618,0.0,False,False
2025-07-31,6362.89990234375,15.479999542236328,18.350000381469727,0.043323409604017406,606399.869114084,0.0,606399.869114084,71.80166882482013,0.0,False,False
2025-08-01,6339.39013671875,16.719999313354492,19.13999938964844,0.04322092096936986,606471.8495773776,0.0,606471.8495773776,71.9804632935542,0.0,False,False
2025-08-04,6238.009765625,20.3799991607666,21.239999771118164,0.042708517074234724,606687.3311795283,0.0,606687.3311795283,215.48160215073872,0.0,False,False
2025-08-05,6329.93994140625,17.520000457763672,19.61000061035156,0.0424011061548201,608723.3429931676,-2135.0193966440133,606588.3235965236,70.99241699530339,0.0,True,False
2025-08-06,6299.18994140625,17.850000381469727,20.030000686645508,0.0424011061548201,608794.0609173189,-2021.377100861422,606772.6838164575,70.71792415133292,0.0,True,False
2025-08-07,6345.06005859375,16.770000457763672,19.469999313354492,0.04219617863034214,608864.7870570658,-1896.3119267424577,606968.4751303233,70.72613974689672,0.0,True,False
2025-08-08,6340.0,16.56999969482422,19.350000381469727,0.04219617863034214,608935.1795294889,-1728.1371930303396,607207.0423364586,70.39247242316927,0.0,True,False
2025-08-11,6389.4501953125,15.149999618530272,18.700000762939453,0.04219617863034214,609146.4057800842,-1378.2409057144878,607768.1648743697,211.22625059526214,0.0,True,False
2025-08-12,6373.4501953125,16.25,19.25,0.04229864108382401,609216.8308111946,-1459.0339680345767,607757.7968431601,70.42503111044324,0.0,True,False
2025-08-13,6445.759765625,14.729999542236328,18.34000015258789,0.04219617863034214,609287.4350228959,-1415.3550565503099,607872.0799663456,70.60421170131501,0.0,True,False
2025-08-14,6466.580078125,14.489999771118164,18.329999923706055,0.0418888069736482,609357.8763587711,-1409.2343012828383,607948.6420574883,70.44133587514062,0.0,True,False
2025-08-15,6468.5400390625,14.829999923706056,18.489999771118164,0.04199126157538794,609427.8126305687,-1399.567874382534,608028.2447561863,69.93627179767576,0.0,True,False
2025-08-18,6449.7998046875,15.09000015258789,18.63999938964844,0.04199126157538794,609638.1829809438,-991.3675917722874,608646.8153891715,210.37035037505623,0.0,True,False
2025-08-19,6449.14990234375,14.989999771118164,18.450000762939453,0.04219617863034214,610381.9778471441,-1708.5314624525085,608673.4463846916,70.1395863137044,1100.1432140780917,True,False
2025-08-20,6411.3701171875,15.56999969482422,18.899999618530273,0.04199126157538794,610452.5457260173,-1581.3554894541785,608871.1902365631,70.56787887320802,0.0,True,False
2025-08-21,6395.77978515625,15.6899995803833,19.100000381469727,0.04199126157538794,610522.7790057177,-1432.7029238856558,609090.076081832,70.23327970044315,0.0,True,False
2025-08-22,6370.169921875,16.600000381469727,19.40999984741211,0.04219617863034214,610593.0203658391,-1539.2326105567126,609053.7877552824,70.24136012145541,0.0,True,False
2025-08-25,6466.91015625,14.220000267028809,17.760000228881836,0.041786354988887824,610120.5817753858,0.0,610120.5817753858,211.8013191997999,854.2915527992899,False,False
2025-08-26,6439.31982421875,14.789999961853027,18.020000457763672,0.041786354988887824,610190.4343086176,0.0,610190.4343086176,69.85253323186475,0.0,False,False
2025-08-27,6465.93994140625,14.619999885559082,17.899999618530273,0.041786354988887824,610260.2948392463,0.0,610260.2948392463,69.86053062868213,0.0,False,False
2025-08-28,6481.39990234375,14.850000381469728,17.940000534057617,0.04158145886977225,610330.1633681874,0.0,610330.1633681874,69.86852894111922,0.0,False,False
2025-08-29,6501.85986328125,14.43000030517578,17.719999313354492,0.04158145886977225,610399.6972427561,0.0,610399.6972427561,69.53387456880942,0.0,False,False
2025-09-02,6460.259765625,15.359999656677246,18.350000381469727,0.04127413431510591,612816.0006291254,-2308.088660311113,610507.9119688143,278.21472605815734,0.0,True,False
2025-09-03,6415.5400390625,17.170000076293945,19.3799991607666,0.04127413431510591,612885.3016703958,-2486.1666717337175,610399.134998662,69.30104127041477,0.0,True,False
2025-09-04,6448.259765625,16.350000381469727,18.93000030517578,0.041069264359773545,612954.6105486585,-2332.4639303415142,610622.146618317,69.30887826278479,0.0,True,False
2025-09-05,6502.080078125,15.300000190734863,18.38999938964844,0.04086440486808363,613023.583182199,-2287.7125609318273,610735.8706212672,68.97263354049691,0.0,True,False
2025-09-08,6481.5,15.18000030517578,18.420000076293945,0.03994266661440099,613229.5151107262,-1794.5620083536812,611434.9531023726,205.93192852722615,0.0,True,False
2025-09-09,6495.14990234375,15.109999656677246,18.290000915527344,0.040249889164181527,613296.6256924893,-1736.9313495547533,611559.6943429345,67.11058176304273,0.0,True,False
2025-09-10,6512.60986328125,15.039999961853027,18.270000457763672,0.040249889164181527,613364.2598906219,-1720.1576531579963,611644.1022374639,67.63419813253488,0.0,True,False
2025-09-11,6532.0400390625,15.350000381469728,18.440000534057617,0.04014747903292383,613431.9015474368,-1838.4096484077634,611593.4918990291,67.64165681494956,0.0,True,False
2025-09-12,6587.47021484375,14.710000038146973,18.030000686645508,0.04014747903292383,613499.3785307137,-2001.7498429017212,611497.628687812,67.47698327684763,0.0,True,False
2025-09-15,6584.2900390625,14.760000228881836,18.059999465942383,0.04014747903292383,613701.8540182721,-1566.823739493667,612135.0302787785,202.4754875584219,0.0,True,False
2025-09-16,6615.27978515625,15.6899995803833,18.530000686645508,0.03984026432686883,613769.3606960893,-2065.8994057785426,611703.4612903108,67.50667781721005,0.0,True,False
2025-09-17,6606.759765625,16.360000610351562,18.90999984741211,0.03973786465364425,613836.3581430471,-2056.604508277103,611779.7536347699,66.99744695778163,0.0,True,False
2025-09-18,6600.35009765625,15.720000267028809,18.440000534057617,0.03953307314958572,613903.1906745164,-1609.0118599204989,612294.1788145959,66.83253146933052,0.0,True,False
2025-09-19,6631.9599609375,15.699999809265137,18.520000457763672,0.039635467594594666,613969.686000824,-1786.1557778834924,612183.5302229405,66.49532630763642,0.0,True,False
2025-09-22,6664.35986328125,15.449999809265137,18.479999542236328,0.039635467594594666,614169.7320816866,-1545.2471681333054,612624.4849135533,200.0460808625931,0.0,True,False
2025-09-23,6693.75,16.100000381469727,18.950000762939453,0.03932829210115765,614236.4285919969,-2009.5650414717459,612226.8635505252,66.69651031029731,0.0,True,False
2025-09-24,6656.919921875,16.639999389648438,19.440000534057617,0.03932829210115765,614302.6153623142,-1497.4373334398056,612805.1780288743,66.18677031721887,0.0,True,False
2025-09-25,6637.97021484375,16.18000030517578,19.13999938964844,0.03943068131848483,613415.0820868221,0.0,613415.0820868221,66.19390224290922,1184.3614825761288,False,False
2025-09-26,6604.72021484375,16.739999771118164,19.459999084472656,0.039635467594594666,613481.3524461013,0.0,613481.3524461013,66.27035927915956,0.0,False,False
2025-09-29,6643.7001953125,15.289999961853027,18.40999984741211,0.03943068131848483,613681.2394161543,0.0,613681.2394161543,199.88697005304763,0.0,False,False
2025-09-30,6661.2099609375,16.1200008392334,18.760000228881836,0.03932829210115765,613747.538529767,0.0,613747.538529767,66.29911361265202,0.0,False,False
2025-10-01,6688.4599609375,16.280000686645508,18.770000457763672,0.03932829210115765,613813.6726199553,0.0,613813.6726199553,66.13409018827673,0.0,False,False
2025-10-02,6711.2001953125,16.290000915527344,18.760000228881836,0.039225905497471646,613879.8138363927,0.0,613879.8138363927,66.14121643744346,0.0,False,False
2025-10-03,6715.35009765625,16.6299991607666,18.88999938964844,0.03932829210115765,613945.7899611263,0.0,613945.7899611263,65.97612473362102,0.0,False,False
2025-10-06,6715.7900390625,16.649999618530273,19.079999923706055,0.03943068131848483,614144.2777055942,0.0,614144.2777055942,198.48774446788318,0.0,False,False
2025-10-07,6740.27978515625,16.3700008392334,19.1200008392334,0.03932829210115765,616334.2014073252,-2293.5745637309074,614040.6268435944,66.34913800021157,0.0,True,False
2025-10-08,6714.58984375,17.239999771118164,19.709999084472656,0.039225905497471646,616400.6142222094,-2320.4418857624764,614080.1723364469,66.41281488416863,0.0,True,False
2025-10-09,6753.72021484375,16.299999237060547,19.260000228881836,0.039225905497471646,616466.8612674668,-2191.8785935859137,614274.9826738809,66.24704525736954,0.0,True,False
2025-10-10,6735.10986328125,16.43000030517578,19.3799991607666,0.03943068131848483,616533.1154325597,-2033.3403024477593,614499.775130112,66.25416509291816,0.0,True,False
2025-10-13,6552.509765625,21.65999984741211,22.809999465942383,0.03932829210115765,616732.9586700524,-2657.6279631409525,614075.3307069114,199.84323749256868,0.0,True,False
2025-10-14,6654.72021484375,19.030000686645508,20.93000030517578,0.03932829210115765,616799.4144528462,-2039.185916388003,614760.2285364581,66.45578279380716,0.0,True,False
2025-10-15,6644.31005859375,20.809999465942383,22.030000686645508,0.039225905497471646,616865.8773965529,-2387.0035569882125,614478.8738395647,66.46294370681603,0.0,True,False
2025-10-16,6671.06005859375,20.63999938964844,21.940000534057617,0.03943068131848483,616932.174445509,-2326.798497730015,614605.3759477789,66.2970489560294,0.0,True,False
2025-10-17,6629.06982421875,25.309999465942383,24.8700008392334,0.03932829210115765,616998.8247742102,-3392.5454939552124,613606.279280255,66.6503287012273,0.0,True,True
2025-10-20,6664.009765625,20.780000686645508,22.09000015258789,0.03912352150729249,617198.2995602114,-1934.6704983910615,615263.6290618203,199.47478600109304,0.0,True,False
2025-10-21,6735.1298828125,18.229999542236328,20.309999465942383,0.03881638521646549,617264.459190685,-1374.4273074172174,615890.0318832677,66.1596304735921,0.0,True,False
2025-10-22,6735.35009765625,17.8700008392334,19.989999771118164,0.0387140116789814,617330.1064484944,-1181.95169125426,616148.1547572401,65.64725780936618,0.0,True,False
2025-10-23,6699.39990234375,18.600000381469727,20.309999465942383,0.0387140116789814,617395.5875236889,-1169.8198096904566,616225.7677139984,65.48107519453396,0.0,True,False
2025-10-24,6738.43994140625,17.299999237060547,19.649999618530273,0.0387140116789814,616582.9332310479,0.0,616582.9332310479,65.48802086454721,1245.4322502253458,False,False
2025-10-27,6791.68994140625,16.3700008392334,19.200000762939453,0.03840690674303827,616779.1595080062,0.0,616779.1595080062,196.22627695822402,0.0,False,False
2025-10-28,6875.16015625,15.789999961853027,18.989999771118164,0.03799747006865464,616844.0631409166,0.0,616844.0631409166,64.9036329104219,0.0,False,False
2025-10-29,6890.89013671875,16.420000076293945,19.549999237060547,0.03799747006865464,616908.2815898875,0.0,616908.2815898875,64.21844897079637,0.0,False,False
2025-10-30,6890.58984375,16.920000076293945,19.829999923706055,0.03840690674303827,616972.5067245174,0.0,616972.5067245174,64.22513463000044,0.0,False,False
2025-10-31,6822.33984375,16.90999984741211,19.979999542236328,0.03830454365611515,617037.4307033435,0.0,617037.4307033435,64.92397882608921,0.0,False,False
2025-11-03,6840.2001953125,17.440000534057617,20.489999771118164,0.03799747006865464,617231.724332146,0.0,617231.724332146,194.2936288024955,0.0,False,False
2025-11-04,6851.97021484375,17.170000076293945,20.3799991607666,0.038918761366922815,619512.6113406685,-2386.6282008906796,617125.9831397778,64.25880763178462,0.0,True,False
2025-11-05,6771.5498046875,19.0,21.290000915527344,0.0387140116789814,619578.6714747809,-2386.2290690587647,617192.4424057221,66.06013411241324,0.0,True,False
2025-11-06,6796.2900390625,18.010000228881836,20.600000381469727,0.0387140116789814,619644.3910584396,-2116.064030284871,617528.3270281547,65.7195836586896,0.0,True,False
2025-11-07,6720.31982421875,19.5,21.350000381469727,0.03840690674303827,619710.1176130673,-2177.8651618310723,617532.2524512362,65.72655462763208,0.0,True,False
2025-11-10,6728.7998046875,19.079999923706055,21.190000534057617,0.03840690674303827,619905.7743729248,-1863.2471563760664,618042.5272165488,195.65675985749456,0.0,True,False
2025-11-11,6832.43017578125,17.600000381469727,20.239999771118164,0.03861164075433803,619971.0070193246,-1667.173788893739,618303.8332304308,65.23264639979924,0.0,True,False
2025-11-12,6846.60986328125,17.280000686645508,20.190000534057617,0.03861164075433803,620036.5943179422,-1556.5883148561045,618480.0060030861,65.58729861762738,0.0,True,False
2025-11-13,6850.919921875,17.510000228881836,20.34000015258789,0.03861164075433803,620102.1885551,-1531.4581943466794,618570.7303607534,65.59423715780305,0.0,True,False
2025-11-14,6737.490234375,20.0,21.850000381469727,0.0387140116789814,620167.789731532,-1750.1248914347645,618417.6648400972,65.60117643201323,0.0,True,False
2025-11-17,6734.10986328125,19.829999923706055,21.579999923706055,0.0387140116789814,620365.1568818531,-1444.013646768045,618921.1432350851,197.36715032108742,0.0,True,False
2025-11-18,6672.41015625,22.3799991607666,23.18000030517578,0.0387140116789814,620430.9598891283,-1903.248745852186,618527.7111432762,65.80300727523112,0.0,True,False
2025-11-19,6617.31982421875,24.690000534057617,24.540000915527344,0.03850927244240115,620496.7698762214,-2372.4446694793405,618124.325206742,65.80998709303428,0.0,True,True
2025-11-20,6642.16015625,23.65999984741211,23.989999771118164,0.03861164075433803,620562.2387521613,-2032.565528707882,618529.6732234533,65.46887593981458,0.0,True,False
2025-11-21,6538.759765625,26.420000076293945,25.760000228881836,0.03850927244240115,620627.8885977234,-2751.8542511680766,617876.0343465554,65.64984556220179,0.0,True,True
2025-11-24,6602.990234375,23.43000030517578,23.959999084472656,0.038202183181499365,620824.3574567718,-1722.1589621652658,619102.1984946065,196.46885904831512,0.0,True,False
2025-11-25,6705.1201171875,20.520000457763672,21.850000381469727,0.038202183181499365,619938.5839792115,0.0,619938.5839792115,64.98106031411378,1265.8736630163403,False,False
2025-11-26,6765.8798828125,18.559999465942383,20.729999542236328,0.03809982531905667,620003.4723265077,0.0,620003.4723265077,64.88834729620679,0.0,False,False
2025-11-28,6812.60986328125,17.190000534057617,20.020000457763672,0.03830454365611515,620132.9215862564,0.0,620132.9215862564,129.44925974872908,0.0,False,False
2025-12-01,6849.08984375,16.350000381469727,19.63999938964844,0.03799747006865464,620328.189927656,0.0,620328.189927656,195.26834139955892,0.0,False,False
2025-12-02,6812.6298828125,17.239999771118164,20.219999313354492,0.0377927674034376,622564.2320001449,-2341.460897779739,620222.7711023651,64.58117470916648,0.0,True,False
2025-12-03,6829.3701171875,16.59000015258789,19.84000015258789,0.03748573299258113,622628.6967764293,-2159.9142347591956,620468.7825416701,64.4647762843537,0.0,True,False
2025-12-04,6849.72021484375,16.079999923706055,19.709999084472656,0.03707639033485183,622692.6444247104,-2067.141776698792,620625.5026480117,63.947648281094835,0.0,True,False
2025-12-05,6857.1201171875,15.779999732971191,19.489999771118164,0.036974061197521786,622755.9002279212,-1917.4084343032791,620838.491793618,63.25580321072754,0.0,True,False
2025-12-08,6870.39990234375,15.40999984741211,19.270000457763672,0.03687173467076569,622945.1822595784,-1576.0640884653685,621369.118171113,189.28203165714072,0.0,True,False
2025-12-09,6846.509765625,16.65999984741211,19.90999984741211,0.03707639033485183,623008.1143956432,-1661.261696162204,621346.8526994811,62.932136064830836,0.0,True,False
2025-12-10,6840.509765625,16.93000030517578,20.079999923706055,0.03707639033485183,623071.4022456536,-1598.0002514481885,621473.4019942054,63.28785001034673,0.0,True,False
2025-12-11,6886.68017578125,15.770000457763672,19.350000381469727,0.03666708944844436,623134.6965247166,-1420.3380480859653,621714.3584766306,63.29427906298084,0.0,True,False
2025-12-12,6901.0,14.850000381469728,19.049999237060547,0.03646245466682238,623197.2983969108,-1168.9823700570787,622028.3160268537,62.60187219425736,0.0,True,False
2025-12-15,6827.41015625,15.739999771118164,19.25,0.03605321642141552,624210.0303549465,-1800.0629669195564,622409.967388027,186.7948649658014,1367.3350239301694,True,False
2025-12-16,6816.509765625,16.5,19.68000030517578,0.03625783032483448,624271.6903297923,-1850.807537578088,622420.8827922143,61.65997484586132,0.0,True,False
2025-12-17,6800.259765625,16.479999542236328,19.670000076293945,0.03625783032483448,624333.7063881207,-1628.0155399826317,622705.6908481381,62.01605832827788,0.0,True,False
2025-12-18,6721.43017578125,17.6200008392334,20.079999923706055,0.036155522068370215,624395.7286072144,-1688.3981037808912,622707.3305034335,62.02221909377494,0.0,True,False
2025-12-19,6774.759765625,16.8700008392334,19.59000015258789,0.035950913383836366,624457.5819543285,-1408.1321462267897,623049.4498081016,61.853347114053335,0.0,True,False
2025-12-22,6834.5,14.90999984741211,18.25,0.03605321642141552,623985.5543219651,0.0,623985.5543219651,184.5463362906421,973.4889982655491,False,False
2025-12-23,6878.490234375,14.079999923706056,17.790000915527344,0.03625783032483448,624047.1921228857,0.0,624047.1921228857,61.637800920621345,0.0,False,False
2025-12-24,6909.7900390625,14.0,17.84000015258789,0.03625783032483448,624109.1858792354,0.0,624109.1858792354,61.99375634965258,0.0,False,False
2025-12-26,6932.0498046875,13.470000267028809,17.770000457763672,0.03666708944844436,624233.1918681965,0.0,624233.1918681965,124.00598896103185,0.0,False,False
2025-12-29,6929.93994140625,13.600000381469728,17.770000457763672,0.03625783032483448,624421.3474599933,0.0,624421.3474599933,188.155591796826,0.0,False,False
2025-12-30,6905.740234375,14.199999809265137,17.81999969482422,0.03636014119094051,624483.3783854787,0.0,624483.3783854787,62.03092548541404,0.0,False,False
2025-12-31,6896.240234375,14.329999923706056,17.770000457763672,0.036155522068370215,624545.5905356486,0.0,624545.5905356486,62.21215016990227,0.0,False,False
2026-01-02,6845.5,14.949999809265137,18.18000030517578,0.03636014119094051,624669.3330495941,0.0,624669.3330495941,123.74251394549651,0.0,False,False
2026-01-05,6858.47021484375,14.510000228881836,18.020000457763672,0.03605321642141552,624856.0436747223,0.0,624856.0436747223,186.71062512824577,0.0,False,False
2026-01-06,6902.0498046875,14.899999618530272,18.31999969482422,0.03605321642141552,627173.791653914,-2426.0241906244164,624747.7674632897,61.72378856738197,0.0,True,False
2026-01-07,6944.81982421875,14.75,18.149999618530273,0.035950913383836366,627235.7443915132,-2553.403066030869,624682.3413254824,61.95273759919221,0.0,True,False
2026-01-08,6920.93017578125,15.380000114440918,18.59000015258789,0.035848612955500556,627297.527428439,-2482.9108407652416,624814.6165876738,61.783036925813164,0.0,True,False
2026-01-09,6921.4599609375,15.449999809265137,18.38999938964844,0.035848612955500556,627359.1407178257,-2352.6066867858663,625006.5340310399,61.61328938670776,0.0,True,False
2026-01-12,6966.27978515625,14.489999771118164,17.8799991607666,0.035848612955500556,627544.0168983814,-2031.83162899516,625512.1852693863,184.87618055564954,0.0,True,False
2026-01-13,6977.27001953125,15.119999885559082,18.229999542236328,0.03625783032483448,627605.6543980135,-2203.4319088387565,625402.2224891747,61.637499632051146,0.0,True,False
2026-01-14,6963.740234375,15.979999542236328,18.850000381469727,0.03636014119094051,627668.0016571848,-2269.809228477702,625398.1924287071,62.34725917131139,0.0,True,False
2026-01-15,6926.60009765625,16.75,19.3700008392334,0.03636014119094051,627730.5310652163,-2139.2462542379735,625591.2848109783,62.52940803147444,0.0,True,False
2026-01-16,6944.47021484375,15.84000015258789,18.899999618530273,0.03636014119094051,627793.0667025391,-1845.2679925037603,625947.7987100354,62.535637322848935,0.0,True,False
2026-01-20,6940.009765625,15.859999656677246,18.989999771118164,0.03636014119094051,628043.2715571563,-1322.1448330859334,626721.1267240704,250.20485461727992,0.0,True,False
2026-01-21,6796.85986328125,20.09000015258789,21.280000686645508,0.03656477075261275,628105.8383502458,-1955.7356361953357,626150.1027140506,62.566793089554984,0.0,True,False
2026-01-22,6875.6201171875,16.899999618530273,19.36000061035156,0.03656477075261275,628168.763545838,-1145.076961029763,627023.6865848082,62.92519559211529,0.0,True,False
2026-01-23,6913.35009765625,15.640000343322754,18.75,0.03666708944844436,627398.8630244248,0.0,627398.8630244248,62.93149959376365,1423.192169617415,False,False
2026-01-26,6915.60986328125,16.09000015258789,19.149999618530273,0.03656477075261275,627587.9728088817,0.0,627587.9728088817,189.1097844568665,0.0,False,False
2026-01-27,6950.22998046875,16.149999618530273,19.06999969482422,0.03656477075261275,627650.8461234237,0.0,627650.8461234237,62.87331454199426,0.0,False,False
2026-01-28,6978.60009765625,16.350000381469727,19.219999313354492,0.03646245466682238,627713.7257367697,0.0,627713.7257367697,62.87961334607077,0.0,False,False
2026-01-29,6978.02978515625,16.350000381469727,19.299999237060547,0.03656477075261275,627776.4356724641,0.0,627776.4356724641,62.7099356944033,0.0,False,False
2026-01-30,6969.009765625,16.8799991607666,19.670000076293945,0.03656477075261275,627839.3278676816,0.0,627839.3278676816,62.89219521755671,0.0,False,False
2026-02-02,6939.02978515625,17.440000534057617,20.06999969482422,0.03646245466682238,628028.0422600328,0.0,628028.0422600328,188.71439235120218,0.0,False,False
2026-02-03,6976.43994140625,16.34000015258789,19.3700008392334,0.03666708944844436,630280.3099753798,-2359.526378763728,627920.7835966161,62.74133658330115,0.0,True,False
2026-02-04,6917.81005859375,18.0,20.350000381469727,0.03666708944844436,630343.6297160903,-2443.784028853729,627899.8456872365,63.31974071045905,0.0,True,False
2026-02-05,6882.72021484375,18.63999938964844,20.6200008392334,0.03666708944844436,630406.9558180808,-2383.7792184235514,628023.1765996573,63.326101990512036,0.0,True,False
2026-02-06,6798.39990234375,21.770000457763672,22.450000762939453,0.03656477075261275,630470.2882819904,-2919.314464415884,627550.9738175746,63.3324639096372,0.0,True,False
2026-02-09,6932.2998046875,20.3700008392334,20.3700008392334,0.03666708944844436,630659.7934819158,-2523.9048891011453,628135.8885928147,189.5051999254467,0.0,True,False
2026-02-10,6964.81982421875,17.360000610351562,20.09000015258789,0.03666708944844436,630723.1513466116,-1896.2493691842712,628826.9019774273,63.35786469570411,0.0,True,False
2026-02-11,6941.81005859375,17.790000915527344,20.43000030517578,0.03666708944844436,630786.5155764173,-1825.5838114793494,628960.9317649379,63.36422980580038,0.0,True,False
2026-02-12,6941.47021484375,17.649999618530273,20.3700008392334,0.03676941075445124,630849.8861719727,-1687.0851963966163,629162.8009755762,63.37059555535358,0.0,True,False
2026-02-13,6832.759765625,20.81999969482422,22.170000076293945,0.03676941075445124,630913.4399993366,-2155.9766857059817,628757.4633136307,63.55382736387039,0.0,True,False
2026-02-17,6836.169921875,20.600000381469727,22.170000076293945,0.03666708944844436,631167.7193413932,-1737.6856725534385,629430.0336688397,254.27934205659975,0.0,True,False
2026-02-18,6843.22021484375,20.290000915527344,21.600000381469727,0.03676941075445124,631231.1282337558,-1573.5765927072566,629657.5516410485,63.40889236262187,0.0,True,False
2026-02-19,6881.31005859375,19.6200008392334,21.38999938964844,0.03676941075445124,631294.7204686597,-1344.4096960085833,629950.3107726511,63.59223490377728,0.0,True,False
2026-02-20,6861.89013671875,20.229999542236328,21.8799991607666,0.03676941075445124,631358.3191100478,-1372.2627132791235,629986.0563967687,63.598641388120626,0.0,True,False
2026-02-23,6909.509765625,19.09000015258789,21.09000015258789,0.03666708944844436,630667.791256677,0.0,630667.791256677,190.8343695249826,1308.1641558679817,False,False
2026-02-24,6837.75,21.010000228881836,22.13999938964844,0.03666708944844436,630731.1499248517,0.0,630731.1499248517,63.358668174753234,0.0,False,False
2026-02-25,6890.06982421875,19.549999237060547,21.34000015258789,0.03666708944844436,630794.5149582173,0.0,630794.5149582173,63.36503336556927,0.0,False,False
2026-02-26,6946.1298828125,17.93000030517578,20.36000061035156,0.03666708944844436,630857.8863574131,0.0,630857.8863574131,63.37139919585036,0.0,False,False
2026-02-27,6908.85986328125,18.6299991607666,20.809999465942383,0.03666708944844436,630921.2641230788,0.0,630921.2641230788,63.377765665660746,0.0,False,False
2026-03-02,6878.8798828125,19.86000061035156,21.559999465942383,0.03656477075261275,631111.435625291,0.0,631111.435625291,190.17150221218088,0.0,False,False
2026-03-03,6881.6201171875,21.440000534057617,22.440000534057617,0.03676941075445124,633030.8796702804,-2026.217741232391,631004.661929048,63.226303757102414,0.0,True,False
2026-03-04,6816.6298828125,23.56999969482422,23.540000915527344,0.03666708944844436,633094.6532178777,-2164.395568149256,630930.2576497284,63.77354759733871,0.0,True,True
2026-03-05,6869.5,21.149999618530273,22.290000915527344,0.03666708944844436,633158.2556954619,-1774.4112447083626,631383.8444507535,63.60247758414015,0.0,True,False
2026-03-06,6830.7099609375,23.75,23.86000061035156,0.03656477075261275,633221.8645627307,-2129.4708094536636,631092.393753277,63.608867268738315,0.0,True,False
2026-03-09,6740.02001953125,29.489999771118164,27.559999465942383,0.03646245466682238,633412.1968246491,-2917.4480558853747,630494.7487687637,190.33226191850696,0.0,True,True
2026-03-10,6795.990234375,25.5,25.34000015258789,0.03676941075445124,633475.47604972,-2138.8428349144465,631336.6332148055,63.27922507079521,0.0,True,True
2026-03-11,6781.47998046875,24.93000030517578,25.510000228881836,0.03666708944844436,633539.294387373,-1944.4544054907158,631594.8399818824,63.818337653047465,0.0,True,False
2026-03-12,6775.7998046875,24.229999542236328,24.969999313354492,0.03676941075445124,633602.9415348653,-1710.2360433501208,631892.7054915152,63.64714749230013,0.0,True,False
2026-03-13,6672.6201171875,27.290000915527344,26.950000762939453,0.03676941075445124,633666.7727137974,-2125.9951826194356,631540.777531178,63.83117893211456,0.0,True,True
2026-03-16,6632.18994140625,27.190000534057617,27.280000686645508,0.03676941075445124,633858.3048365233,-1911.028517073696,631947.2763194495,191.53212272584358,0.0,True,False
2026-03-17,6699.3798828125,23.510000228881836,24.920000076293945,0.03676941075445124,633922.1617415679,-1209.0553452111276,632713.1063963567,63.856905044688055,0.0,True,False
2026-03-18,6716.08984375,22.3700008392334,24.329999923706055,0.03676941075445124,633986.0250797606,-977.165494054061,633008.8595857065,63.8633381927446,0.0,True,False
2026-03-19,6624.7001953125,25.09000015258789,26.559999465942383,0.03687173467076569,634049.8948517495,-1379.5107969927801,632670.3840547567,63.86977198889698,0.0,True,False
2026-03-20,6606.490234375,24.059999465942383,25.540000915527344,0.03687173467076569,634113.9488253432,-1213.6758856524632,632900.2729396907,64.0539735935785,0.0,True,False
2026-03-23,6506.47998046875,26.780000686645508,27.43000030517578,0.036974061197521786,634306.1495744993,-1618.600969498079,632687.5486050013,192.20074915613347,0.0,True,False
2026-03-24,6581.0,26.149999618530273,26.100000381469727,0.036974061197521786,634370.4072794485,-1295.0837902198823,633075.3234892286,64.25770494913039,0.0,True,True
2026-03-25,6556.3701171875,26.950000762939453,26.559999465942383,0.036974061197521786,634434.6714939555,-1398.2134978732277,633036.4579960823,64.26421450709084,0.0,True,True
2026-03-26,6591.89990234375,25.329999923706055,25.6299991607666,0.036974061197521786,634498.94221868,-1031.069164372163,633467.8730543079,64.2707247244951,0.0,True,False
2026-03-27,6477.16015625,27.440000534057617,27.15999984741211,0.036974061197521786,632997.8459945838,0.0,632997.8459945838,64.27723560140994,290.8442815346704,False,True
2026-03-30,6368.85009765625,31.049999237060547,29.270000457763672,0.03687173467076569,633190.2409896061,0.0,633190.2409896061,192.3949950222837,0.0,False,True
2026-03-31,6343.72021484375,30.61000061035156,29.1299991607666,0.03687173467076569,633254.2081179116,0.0,633254.2081179116,63.967128305482966,0.0,False,True
2026-04-01,6528.52001953125,25.25,25.549999237060547,0.03676941075445124,635131.9089863978,-1983.727277994068,633148.1817084037,63.97359049210361,0.0,True,False
2026-04-02,6575.31982421875,24.540000915527344,24.86000061035156,0.03676941075445124,635195.8941983822,-1928.7151650941826,633267.1790332879,63.985211984334505,0.0,True,False
2026-04-06,6582.68994140625,23.8700008392334,24.719999313354492,0.03676941075445124,635451.899513555,-1555.341749560016,633896.557763995,256.00531517285157,0.0,True,False
2026-04-07,6611.830078125,24.170000076293945,24.770000457763672,0.03707639033485183,635515.9169624045,-1646.2745276443673,633869.6424347601,64.0174488495013,0.0,True,False
2026-04-08,6616.85009765625,25.780000686645508,25.56999969482422,0.03687173467076569,635580.47540892,-1902.354213240294,633678.1211956796,64.55844651545343,0.0,True,True
2026-04-09,6782.81005859375,21.040000915527344,22.68000030517578,0.03676941075445124,635644.6840072006,-1783.3093626192965,633861.3746445813,64.20859828066999,0.0,True,False
2026-04-10,6824.66015625,19.489999771118164,21.809999465942383,0.03666708944844436,635708.7208777742,-1644.6950597136795,634064.0258180605,64.0368705735852,0.0,True,False
2026-04-13,6816.89013671875,19.229999542236328,21.86000061035156,0.03666708944844436,635900.3354092431,-1233.3833035550274,634666.952105688,191.61453146890074,0.0,True,False
2026-04-14,6886.240234375,19.1200008392334,21.34000015258789,0.03687173467076569,635964.2197535873,-1639.417021123764,634324.8027324635,63.88434434415389,0.0,True,False
2026-04-15,6967.3798828125,18.36000061035156,20.81999969482422,0.03687173467076569,636028.4671190854,-2148.62906596001,633879.8380531253,64.24736549807605,0.0,True,False
2026-04-16,7022.9501953125,18.170000076293945,20.780000686645508,0.03687173467076569,636092.7209750806,-2668.3298334763444,633424.3911416043,64.25385599525377,0.0,True,False
2026-04-17,7041.27978515625,17.940000534057617,20.770000457763672,0.03687173467076569,636156.9813222288,-2699.921810446245,633457.0595117826,64.26034714812458,0.0,True,False
2026-04-20,7126.06005859375,17.479999542236328,20.510000228881836,0.03676941075445124,636349.8013171485,-3413.7310604204445,632936.0702567281,192.8199949197366,0.0,True,False
2026-04-21,7109.14013671875,18.8700008392334,21.239999771118164,0.03687173467076569,636413.9092234863,-3442.978808952675,632970.9304145336,64.10790633782958,0.0,True,False
2026-04-22,7064.009765625,19.5,21.510000228881836,0.03666708944844436,636478.2020182126,-2752.452403973951,633725.7496142387,64.29279472638143,0.0,True,False
2026-04-23,7137.89990234375,18.920000076293945,21.239999771118164,0.03666708944844436,636542.144416669,-3608.652284998179,632933.4921316708,63.942398456373596,0.0,True,False
2026-04-24,7108.39990234375,19.309999465942383,21.479999542236328,0.03666708944844436,633587.5198481205,0.0,633587.5198481205,63.94882229038298,-1204.8461128448043,False,False
2026-04-27,7165.080078125,18.709999084472656,21.299999237060547,0.03666708944844436,633778.495009815,0.0,633778.495009815,190.9751616945059,0.0,False,False
2026-04-28,7173.91015625,18.020000457763672,20.770000457763672,0.03666708944844436,633842.1661880777,0.0,633842.1661880777,63.671178262659105,0.0,False,False
2026-04-29,7138.7998046875,17.829999923706055,20.489999771118164,0.03666708944844436,633905.8437629268,0.0,633905.8437629268,63.677574849121534,0.0,False,False
2026-04-30,7135.9501953125,18.809999465942383,21.190000534057617,0.03666708944844436,633969.527735005,0.0,633969.527735005,63.683972078203105,0.0,False,False
2026-05-01,7209.009765625,16.889999389648438,20.079999923706055,0.03656477075261275,634033.218104955,0.0,634033.218104955,63.69036994996839,0.0,False,False
2026-05-04,7230.1201171875,16.989999771118164,20.3700008392334,0.03656477075261275,636490.8717448482,-2437.0775033336645,634053.7942415145,190.5761365595284,0.0,True,False
2026-05-05,7200.75,18.290000915527344,21.049999237060547,0.03676941075445124,636554.636973814,-2530.855833844298,634023.7811399697,63.765228965770305,0.0,True,False
2026-05-06,7259.22021484375,17.3799991607666,20.81999969482422,0.03676941075445124,636618.7655159484,-2546.27494221907,634072.4905737294,64.12854213447001,0.0,True,False
2026-05-07,7365.1201171875,17.389999389648438,20.56999969482422,0.03676941075445124,636682.9005185965,-3211.6602001002816,633471.2403184962,64.13500264811239,0.0,True,False
2026-05-08,7337.10986328125,17.079999923706055,20.350000381469727,0.03676941075445124,636747.0419824091,-2738.521510298499,634008.5204721106,64.1414638126075,0.0,True,False
2026-05-11,7398.93017578125,17.190000534057617,20.5,0.03666708944844436,636939.5051473435,-2968.743763474224,633970.7613838692,192.46316493444434,0.0,True,False
2026-05-12,7412.83984375,18.3799991607666,21.239999771118164,0.03676941075445124,637003.4938896155,-3362.686999294446,633640.8068903211,63.988742272074624,0.0,True,False
2026-05-13,7400.9599609375,17.989999771118164,21.040000915527344,0.03676941075445124,637067.6676510257,-2977.3870754424524,634090.2805755832,64.17376141018555,0.0,True,False
2026-05-14,7444.25,17.8700008392334,21.18000030517578,0.03676941075445124,637131.847877505,-3279.3973204192625,633852.4505570857,64.18022647936183,0.0,True,False
2026-05-15,7501.240234375,17.260000228881836,20.850000381469727,0.03666708944844436,637196.0345697049,-3631.876870657872,633564.157699047,64.18669219984979,0.0,True,False
2026-05-18,7408.5,18.43000030517578,21.36000061035156,0.03666708944844436,637388.0974054157,-2450.3652289519027,634937.7321764638,192.06283571087033,0.0,True,False
2026-05-19,7403.0498046875,17.81999969482422,20.920000076293945,0.03666708944844436,637452.1312145335,-2035.4587832288576,635416.6724313046,64.03380911775629,0.0,True,False
2026-05-20,7353.60986328125,18.059999465942383,21.1200008392334,0.03656477075261275,637516.1714566686,-1560.3631440640459,635955.8083126046,64.04024213513898,0.0,True,False
2026-05-21,7432.97021484375,17.440000534057617,20.760000228881836,0.03636014119094051,637580.0394026941,-1856.172117513488,635723.8672851806,63.867946025487974,0.0,True,False
2026-05-22,7445.72021484375,16.760000228881836,20.0,0.03656477075261275,637643.5562656396,-1593.4641356078562,636050.0921300318,63.51686294549894,0.0,True,False
2026-05-26,7473.47021484375,16.700000762939453,20.030000686645508,0.03656477075261275,636781.995436419,0.0,636781.995436419,255.5612319301094,1149.9554421828773,False,False
2026-05-27,7519.1201171875,17.010000228881836,19.88999938964844,0.03666708944844436,636845.7898308759,0.0,636845.7898308759,63.794394456862875,0.0,False,False
2026-05-28,7520.35986328125,16.290000915527344,19.450000762939453,0.03656477075261275,636909.7691582425,0.0,636909.7691582425,63.979327366602554,0.0,False,False
2026-05-29,7563.6298828125,15.739999771118164,19.11000061035156,0.03666708944844436,636973.5763533866,0.0,636973.5763533866,63.8071951441776,0.0,False,False
2026-06-01,7580.06005859375,15.31999969482422,18.65999984741211,0.03666708944844436,637165.5721360188,0.0,637165.5721360188,191.99578263217043,0.0,False,False
2026-06-02,7599.9599609375,16.049999237060547,19.43000030517578,0.036974061197521786,639539.7237871252,-2480.1401975059025,637059.5835896193,64.01145360047813,0.0,True,False
2026-06-03,7609.77978515625,15.770000457763672,19.489999771118164,0.036974061197521786,639604.5116737032,-2392.2298935276035,637212.2817801756,64.78788657800136,0.0,True,False
2026-06-04,7553.68017578125,16.059999465942383,19.760000228881836,0.036974061197521786,639669.3061235487,-2125.7950158829362,637543.5111076657,64.79444984544375,0.0,True,False
2026-06-05,7584.31005859375,15.399999618530272,19.229999542236328,0.036974061197521786,639734.1071373264,-1941.036859602467,637793.070277724,64.80101377777092,0.0,True,False
2026-06-08,7383.740234375,21.510000228881836,21.81999969482422,0.036974061197521786,639928.5495689035,-2701.3213759116798,637227.2281929918,194.4424315771276,0.0,True,False
2026-06-09,7405.72998046875,18.920000076293945,20.790000915527344,0.03717872208288992,639993.3768450608,-2057.7577060717704,637935.6191389891,64.82727615727454,0.0,True,False
2026-06-10,7386.64990234375,19.8700008392334,21.309999465942383,0.03707639033485183,640058.5695786589,-2199.6268316831324,637858.9427469758,65.19273359803033,0.0,True,False
2026-06-11,7266.990234375,22.219999313354492,22.88999938964844,0.03707639033485183,640123.5894874103,-2850.336443034033,637273.2530443763,65.0199087513113,0.0,True,False
2026-06-12,7394.2998046875,19.440000534057617,21.420000076293945,0.036974061197521786,640188.6160011642,-1962.6045830425444,638226.0114181216,65.02651375393914,0.0,True,False
2026-06-15,7431.4599609375,17.68000030517578,20.510000228881836,0.036974061197521786,640383.1965773356,-1323.4872419500523,639059.7093353856,194.58057617137698,0.0,True,False
2026-06-16,7554.2900390625,16.200000762939453,19.36000061035156,0.03707639033485183,641102.683909395,-1777.6511331078143,639325.0327762872,64.87333368539946,1357.1030627719917,True,False
2026-06-17,7511.35009765625,16.40999984741211,19.530000686645508,0.03707639033485183,641167.8098837811,-1544.365801514748,639623.4440822664,65.12597438614077,0.0,True,False
2026-06-18,7420.10009765625,18.440000534057617,20.6200008392334,0.03748573299258113,641232.9424739445,-1891.7781240023533,639341.1643499421,65.13259016337302,0.0,True,False
2026-06-22,7500.580078125,16.399999618530273,19.56999969482422,0.03738339341162134,641496.4167182415,-875.6406008856491,640620.7761173559,263.47424429698816,0.0,True,False
2026-06-23,7472.7900390625,17.280000686645508,19.760000228881836,0.037690419988356,641562.1223101494,-989.1192728493681,640573.0030373,65.70559190784662,0.0,True,False
2026-06-24,7365.4599609375,19.489999771118164,21.059999465942383,0.037690419988356,641628.3743494662,-1556.3116315984405,640072.0627178678,66.25203931676131,0.0,True,False
2026-06-25,7358.22021484375,18.6299991607666,20.3700008392334,0.037690419988356,641694.6332304161,-1285.8306834504806,640408.8025469657,66.25888094995784,0.0,True,False
2026-06-26,7357.490234375,18.88999938964844,20.329999923706055,0.0375880751847819,640485.6666940425,0.0,640485.6666940425,66.26572328966763,332.4188734445378,False,False
2026-06-29,7354.02001953125,18.40999984741211,20.1299991607666,0.03738339341162134,640683.5708799739,0.0,640683.5708799739,197.90418593146597,0.0,False,False
2026-06-30,7440.43017578125,17.649999618530273,19.530000686645508,0.03809982531905667,640749.1932157396,0.0,640749.1932157396,65.62233576558096,0.0,False,False
2026-07-01,7499.35986328125,16.450000762939453,19.0,0.03809982531905667,640816.0800828674,0.0,640816.0800828674,66.88686712787396,0.0,False,False
2026-07-02,7483.22998046875,16.59000015258789,19.15999984741211,0.0377927674034376,640882.9739322171,0.0,640882.9739322171,66.89384934968797,0.0,False,False
2026-07-06,7483.240234375,16.149999618530273,19.040000915527344,0.03748573299258113,641148.4616865056,0.0,641148.4616865056,265.487754288429,0.0,False,False
2026-07-07,7537.43017578125,15.56999969482422,18.780000686645508,0.03809982531905667,642856.9514828279,-1812.6400586918624,641044.311424136,65.84973763041272,0.0,True,False
2026-07-08,7503.85009765625,16.1299991607666,19.010000228881836,0.03799747006865464,642924.0583757453,-1726.9643778176703,641197.0939979276,67.10689291743581,0.0,True,False
2026-07-09,7482.7099609375,16.899999618530273,19.459999084472656,0.03799747006865464,642990.9919628575,-1767.150277984972,641223.8416848725,66.93358711222297,0.0,True,False
2026-07-10,7543.64013671875,15.84000015258789,18.989999771118164,0.0375880751847819,643057.9325182968,-1649.461329618099,641408.4711886786,66.94055543923662,0.0,True,False
2026-07-13,7575.39013671875,15.029999732971191,18.56999969482422,0.0377927674034376,643256.6315107328,-1308.6146899321807,641948.0168208006,198.69899243599866,0.0,True,False
2026-07-14,7515.33984375,17.15999984741211,19.63999938964844,0.03830454365611515,643323.2389268231,-1504.8071194741328,641818.431807349,66.60741609029137,0.0,True,False
2026-07-15,7543.58984375,16.5,19.299999237060547,0.0377927674034376,643390.755354661,-1349.8402553784888,642040.9150992825,67.51642783790402,0.0,True,False
2026-07-16,7572.39990234375,15.670000076293944,18.90999984741211,0.037690419988356,643457.3766588983,-1167.3542534663814,642290.022405432,66.62130423732714,0.0,True,False
2026-07-17,7533.77001953125,16.729999542236328,19.5,0.037690419988356,643523.824414984,-1198.84073105592,642324.983683928,66.4477560856635,0.0,True,False
2026-07-20,7457.68994140625,18.770000457763672,20.540000915527344,0.0377927674034376,643723.2088571407,-1235.877458050503,642487.3313990902,199.38444215673118,0.0,True,False
2026-07-21,7443.27978515625,18.649999618530273,20.4,0.03799747006865464,643789.8645860038,-1120.7840269014557,642669.0805591024,66.65572886302954,0.0,True,False
2026-07-22,7509.2001953125,17.049999237060547,19.59,0.03809982531905667,644615.5278877488,-1738.6440587547713,642876.883828994,67.02372453147439,832.6355771505628,True,False
2026-07-23,7498.9599609375,16.639999389648438,19.54,0.038202183181499365,644682.818355874,-1427.3695236706703,643255.4488322034,67.29046812529495,0.0,True,False
2026-07-24,7408.2998046875,18.700000762939453,20.6,0.03881638521646549,644750.2966572646,-1708.1957553472353,643042.1009019173,67.47830139053923,0.0,True,False
2026-07-27,7411.97998046875,18.579999923706055,20.51,0.03881638521646549,644956.0298236762,-1317.250494216896,643638.7793294593,205.73316641166926,0.0,True,False
2026-07-28,7413.18017578125,18.670000076293945,20.2,0.038918761366922815,645024.6221330748,-1255.8712452643351,643768.7508878105,68.59230939855654,0.0,True,False
2026-07-29,7428.77978515625,18.209999084472656,19.86,0.03840690674303827,645093.4026748489,-1037.5491520569685,644055.853522792,68.78054177413384,0.0,True,False
2026-07-30,7316.14990234375,20.65999984741211,21.5,0.037690419988356,645161.2858138212,-1637.6586349233212,643523.627178898,67.88313897236972,0.0,True,False
2026-07-31,7437.6298828125,17.09000015258789,19.5,0.0375880751847819,644650.2447740118,0.0,644650.2447740118,66.6237132570714,990.9793056882978,False,False
2026-08-03,7489.72021484375,15.989999771118164,19.02,0.0375880751847819,644849.4357763039,0.0,644849.4357763039,199.19100229211696,0.0,False,False
2026-08-04,7600.5,15.859999656677246,18.93,0.038202183181499365,647151.6664771963,-2405.8200236918583,644745.8464535044,66.41067720049801,0.0,True,False
2026-08-05,7736.52001953125,16.5,19.34,0.03809982531905667,647219.4031904335,-3550.353560506555,643669.0496299269,67.73671323722519,0.0,True,False
2026-08-06,7723.5498046875,15.8100004196167,18.95,0.03809982531905667,647286.965473277,-3084.679621327648,644202.2858519494,67.56228284349092,0.0,True,False
2026-08-07,7709.9599609375,15.149999618530272,18.69,0.03809982531905667,647354.5348088479,-2650.629546078294,644703.9052627697,67.56933557095941,0.0,True,False
2026-08-10,7757.64013671875,14.899999618530272,18.72,0.03789511743015909,647557.285139288,-2646.1536128202556,644911.1315264679,202.75033044010965,0.0,True,False
2026-08-11,7753.10986328125,15.460000038146973,18.98,0.03809982531905667,647624.5194770077,-2644.7573109875907,644979.7621660201,67.23433771956962,0.0,True,False
2026-08-12,7728.2001953125,15.279999732971191,18.91,0.03809982531905667,647692.1240493453,-2223.972926346794,645468.1511229984,67.60457233759927,0.0,True,False
2026-08-13,7748.5,14.550000190734863,18.53,0.03789511743015909,647759.7356788248,-2019.9548323382078,645739.7808464866,67.61162947960592,0.0,True,False
2026-08-14,7798.990234375,14.630000114440918,18.61,0.0377927674034376,647826.9910365039,-2394.396850098626,645432.5941864053,67.2553576791301,0.0,True,False
2026-08-17,7785.759765625,14.25,18.46,0.0377927674034376,648028.2538671836,-1649.7855385577668,646378.4683286258,201.26283067965187,0.0,True,False
2026-08-18,7745.06005859375,15.1899995803833,19.04,0.03789511743015909,648095.3553713565,-1471.827205756931,646623.5281655996,67.10150417295196,0.0,True,False
2026-08-19,7691.759765625,15.84000015258789,19.27,0.0377927674034376,648162.6455756326,-1189.7539333236853,646972.8916423089,67.29020427613527,0.0,True,False
2026-08-20,7707.97998046875,14.890000343322754,18.57,0.0377927674034376,647336.176450922,0.0,647336.176450922,67.11542005660593,1342.235478924719,False,False
2026-08-21,7641.16015625,16.010000228881836,19.06,0.0377927674034376,647403.2062924239,0.0,647403.2062924239,67.02984150182898,0.0,False,False
2026-08-24,7674.3701171875,15.130000114440918,18.5,0.03789511743015909,647604.3374643144,0.0,647604.3374643144,201.13117189054225,0.0,False,False
2026-08-25,7652.85986328125,15.850000381469728,18.56,0.03789511743015909,647671.5766873653,0.0,647671.5766873653,67.2392230509278,0.0,False,False
2026-08-26,7677.27978515625,15.449999809265137,18.21,0.0377927674034376,647738.8228917053,0.0,647738.8228917053,67.24620434004979,0.0,False,False
2026-08-27,7675.7001953125,15.210000038146973,17.99,0.037690419988356,647805.8944261143,0.0,647805.8944261143,67.07153440899039,0.0,False,False
2026-08-28,7730.990234375,14.510000228881836,17.56,0.0375880751847819,647872.7912395244,0.0,647872.7912395244,66.89681341006701,0.0,False,False
2026-08-31,7711.759765625,14.43000030517578,17.48,0.03809982531905667,648072.9779790641,0.0,648072.9779790641,200.18673953972075,0.0,False,False
2026-09-01,7686.14013671875,14.920000076293944,17.53,0.03850927244240115,650284.4580703324,-2313.828705006397,647970.629365326,67.65138626191943,0.0,True,False
2026-09-02,7631.47021484375,16.34000015258789,18.33,0.03850927244240115,650353.0698578192,-2382.2767719442472,647970.793085875,68.61178748680483,0.0,True,False
2026-09-03,7666.60009765625,15.199999809265137,17.73,0.03850927244240115,650421.6888845647,-2116.2816723666074,648305.407212198,68.61902674544575,0.0,True,False
2026-09-04,7747.7099609375,14.31999969482422,17.42,0.038202183181499365,650490.3151513325,-2254.5504085985544,648235.764742734,68.62626676790389,0.0,True,False
2026-09-08,7718.60009765625,14.529999732971191,17.61,0.03840690674303827,650762.7025783063,-1705.8959489701454,649056.8066293362,272.3874269737348,0.0,True,False
2026-09-09,7673.52001953125,15.720000267028809,18.39,0.03840690674303827,650831.1822973578,-1752.2826626829203,649078.8996346749,68.4797190515128,0.0,True,False
