EXPIRE_DATE,rows,first_quote,last_quote,file
2010-01-07,60,2010-01-04,2010-01-07,spx_eod_201001.txt
2010-01-14,1458,2010-01-04,2010-01-14,spx_eod_201001.txt
2010-01-21,60,2010-01-15,2010-01-21,spx_eod_201001.txt
2010-01-28,79,2010-01-22,2010-01-28,spx_eod_201001.txt
2010-02-04,14,2010-01-29,2010-01-29,spx_eod_201001.txt
2010-02-18,3268,2010-01-04,2010-01-29,spx_eod_201001.txt
2010-03-18,2841,2010-01-04,2010-01-29,spx_eod_201001.txt
2010-03-31,629,2010-01-04,2010-01-29,spx_eod_201001.txt
2010-04-15,1512,2010-01-04,2010-01-29,spx_eod_201001.txt
2010-05-20,308,2010-01-20,2010-01-29,spx_eod_201001.txt
2010-06-17,1041,2010-01-04,2010-01-29,spx_eod_201001.txt
2010-06-29,78,2010-01-27,2010-01-29,spx_eod_201001.txt
2010-06-30,416,2010-01-04,2010-01-26,spx_eod_201001.txt
2010-09-16,830,2010-01-04,2010-01-29,spx_eod_201001.txt
2010-09-29,72,2010-01-27,2010-01-29,spx_eod_201001.txt
2010-09-30,384,2010-01-04,2010-01-26,spx_eod_201001.txt
2010-12-16,1349,2010-01-04,2010-01-29,spx_eod_201001.txt
2010-12-30,69,2010-01-27,2010-01-29,spx_eod_201001.txt
2010-12-31,368,2010-01-04,2010-01-26,spx_eod_201001.txt
2011-06-16,931,2010-01-04,2010-01-29,spx_eod_201001.txt
2011-12-15,969,2010-01-04,2010-01-29,spx_eod_201001.txt
2012-12-20,836,2010-01-04,2010-01-29,spx_eod_201001.txt
2010-02-04,58,2010-02-01,2010-02-04,spx_eod_201002.txt
2010-02-11,58,2010-02-08,2010-02-11,spx_eod_201002.txt
2010-02-18,2236,2010-02-01,2010-02-18,spx_eod_201002.txt
2010-02-25,74,2010-02-19,2010-02-25,spx_eod_201002.txt
2010-03-04,14,2010-02-26,2010-02-26,spx_eod_201002.txt
2010-03-18,3021,2010-02-01,2010-02-26,spx_eod_201002.txt
2010-03-31,710,2010-02-01,2010-02-26,spx_eod_201002.txt
2010-04-15,2328,2010-02-01,2010-02-26,spx_eod_201002.txt
2010-05-20,1424,2010-02-01,2010-02-26,spx_eod_201002.txt
2010-06-17,1105,2010-02-01,2010-02-26,spx_eod_201002.txt
2010-06-29,494,2010-02-01,2010-02-26,spx_eod_201002.txt
2010-09-16,849,2010-02-01,2010-02-26,spx_eod_201002.txt
2010-09-29,456,2010-02-01,2010-02-26,spx_eod_201002.txt
2010-12-16,1349,2010-02-01,2010-02-26,spx_eod_201002.txt
2010-12-30,437,2010-02-01,2010-02-26,spx_eod_201002.txt
2011-06-16,931,2010-02-01,2010-02-26,spx_eod_201002.txt
2011-12-15,969,2010-02-01,2010-02-26,spx_eod_201002.txt
2012-12-20,836,2010-02-01,2010-02-26,spx_eod_201002.txt
2010-03-04,58,2010-03-01,2010-03-04,spx_eod_201003.txt
2010-03-11,65,2010-03-05,2010-03-11,spx_eod_201003.txt
2010-03-18,2226,2010-03-01,2010-03-18,spx_eod_201003.txt
2010-03-25,68,2010-03-19,2010-03-25,spx_eod_201003.txt
2010-03-31,1119,2010-03-01,2010-03-31,spx_eod_201003.txt
2010-04-01,52,2010-03-26,2010-03-31,spx_eod_201003.txt
2010-04-15,3524,2010-03-01,2010-03-31,spx_eod_201003.txt
2010-05-20,2868,2010-03-01,2010-03-31,spx_eod_201003.txt
2010-06-17,2315,2010-03-01,2010-03-31,spx_eod_201003.txt
2010-06-29,648,2010-03-01,2010-03-31,spx_eod_201003.txt
2010-07-15,302,2010-03-23,2010-03-31,spx_eod_201003.txt
2010-09-16,1058,2010-03-01,2010-03-31,spx_eod_201003.txt
2010-09-29,552,2010-03-01,2010-03-31,spx_eod_201003.txt
2010-12-16,1668,2010-03-01,2010-03-31,spx_eod_201003.txt
2010-12-30,529,2010-03-01,2010-03-31,spx_eod_201003.txt
2011-03-17,336,2010-03-23,2010-03-31,spx_eod_201003.txt
2011-06-16,1183,2010-03-01,2010-03-31,spx_eod_201003.txt
2011-12-15,1173,2010-03-01,2010-03-31,spx_eod_201003.txt
2012-12-20,1012,2010-03-01,2010-03-31,spx_eod_201003.txt
2010-04-01,13,2010-04-01,2010-04-01,spx_eod_201004.txt
2010-04-08,65,2010-04-01,2010-04-08,spx_eod_201004.txt
2010-04-15,1540,2010-04-01,2010-04-15,spx_eod_201004.txt
2010-04-22,73,2010-04-16,2010-04-22,spx_eod_201004.txt
2010-04-29,70,2010-04-23,2010-04-29,spx_eod_201004.txt
2010-05-20,3256,2010-04-01,2010-04-30,spx_eod_201004.txt
2010-06-17,3090,2010-04-01,2010-04-30,spx_eod_201004.txt
2010-06-29,788,2010-04-01,2010-04-30,spx_eod_201004.txt
2010-07-15,1454,2010-04-01,2010-04-30,spx_eod_201004.txt
2010-08-19,446,2010-04-19,2010-04-30,spx_eod_201004.txt
2010-09-16,1069,2010-04-01,2010-04-30,spx_eod_201004.txt
2010-09-29,504,2010-04-01,2010-04-30,spx_eod_201004.txt
2010-12-16,1640,2010-04-01,2010-04-30,spx_eod_201004.txt
2010-12-30,483,2010-04-01,2010-04-30,spx_eod_201004.txt
2011-03-17,1008,2010-04-01,2010-04-30,spx_eod_201004.txt
2011-03-30,483,2010-04-01,2010-04-30,spx_eod_201004.txt
2011-06-16,1113,2010-04-01,2010-04-30,spx_eod_201004.txt
2011-12-15,1088,2010-04-01,2010-04-30,spx_eod_201004.txt
2012-12-20,924,2010-04-01,2010-04-30,spx_eod_201004.txt
2010-05-06,56,2010-05-03,2010-05-06,spx_eod_201005.txt
2010-05-13,81,2010-05-07,2010-05-13,spx_eod_201005.txt
2010-05-20,2054,2010-05-03,2010-05-20,spx_eod_201005.txt
2010-05-27,75,2010-05-21,2010-05-27,spx_eod_201005.txt
2010-06-03,15,2010-05-28,2010-05-28,spx_eod_201005.txt
2010-06-17,2983,2010-05-03,2010-05-28,spx_eod_201005.txt
2010-06-29,380,2010-05-03,2010-05-14,spx_eod_201005.txt
2010-06-30,352,2010-05-17,2010-05-28,spx_eod_201005.txt
2010-07-15,2587,2010-05-03,2010-05-28,spx_eod_201005.txt
2010-08-19,1593,2010-05-03,2010-05-28,spx_eod_201005.txt
2010-09-16,1107,2010-05-03,2010-05-28,spx_eod_201005.txt
2010-09-29,240,2010-05-03,2010-05-14,spx_eod_201005.txt
2010-09-30,230,2010-05-17,2010-05-28,spx_eod_201005.txt
2010-12-16,1522,2010-05-03,2010-05-28,spx_eod_201005.txt
2010-12-30,230,2010-05-03,2010-05-14,spx_eod_201005.txt
2010-12-31,207,2010-05-17,2010-05-28,spx_eod_201005.txt
2011-03-17,920,2010-05-03,2010-05-28,spx_eod_201005.txt
2011-03-30,230,2010-05-03,2010-05-14,spx_eod_201005.txt
2011-03-31,207,2010-05-17,2010-05-28,spx_eod_201005.txt
2011-06-16,1035,2010-05-03,2010-05-28,spx_eod_201005.txt
2011-12-15,1007,2010-05-03,2010-05-28,spx_eod_201005.txt
2012-12-20,836,2010-05-03,2010-05-28,spx_eod_201005.txt
2010-06-03,48,2010-06-01,2010-06-03,spx_eod_201006.txt
2010-06-10,72,2010-06-04,2010-06-10,spx_eod_201006.txt
2010-06-17,2041,2010-06-01,2010-06-17,spx_eod_201006.txt
2010-06-24,75,2010-06-18,2010-06-24,spx_eod_201006.txt
2010-06-30,1044,2010-06-01,2010-06-30,spx_eod_201006.txt
2010-07-01,56,2010-06-25,2010-06-30,spx_eod_201006.txt
2010-07-15,3732,2010-06-01,2010-06-30,spx_eod_201006.txt
2010-08-19,2833,2010-06-01,2010-06-30,spx_eod_201006.txt
2010-09-16,2168,2010-06-01,2010-06-30,spx_eod_201006.txt
2010-09-30,638,2010-06-01,2010-06-30,spx_eod_201006.txt
2010-10-14,350,2010-06-21,2010-06-30,spx_eod_201006.txt
2010-12-16,1804,2010-06-01,2010-06-30,spx_eod_201006.txt
2010-12-31,506,2010-06-01,2010-06-30,spx_eod_201006.txt
2011-03-17,1180,2010-06-01,2010-06-30,spx_eod_201006.txt
2011-03-31,506,2010-06-01,2010-06-30,spx_eod_201006.txt
2011-06-16,1318,2010-06-01,2010-06-30,spx_eod_201006.txt
2011-12-15,1166,2010-06-01,2010-06-30,spx_eod_201006.txt
2012-06-14,368,2010-06-21,2010-06-30,spx_eod_201006.txt
2012-12-20,968,2010-06-01,2010-06-30,spx_eod_201006.txt
2010-07-01,14,2010-07-01,2010-07-01,spx_eod_201007.txt
2010-07-08,82,2010-07-01,2010-07-08,spx_eod_201007.txt
2010-07-15,1710,2010-07-01,2010-07-15,spx_eod_201007.txt
2010-07-22,90,2010-07-15,2010-07-22,spx_eod_201007.txt
2010-07-29,91,2010-07-22,2010-07-29,spx_eod_201007.txt
2010-08-04,12,2010-07-29,2010-07-29,spx_eod_201007.txt
2010-08-05,30,2010-07-29,2010-07-30,spx_eod_201007.txt
2010-08-19,3183,2010-07-01,2010-07-30,spx_eod_201007.txt
2010-09-16,2711,2010-07-01,2010-07-30,spx_eod_201007.txt
2010-09-30,683,2010-07-01,2010-07-30,spx_eod_201007.txt
2010-10-14,1399,2010-07-01,2010-07-30,spx_eod_201007.txt
2010-11-18,308,2010-07-19,2010-07-30,spx_eod_201007.txt
2010-12-16,1760,2010-07-01,2010-07-30,spx_eod_201007.txt
2010-12-31,483,2010-07-01,2010-07-30,spx_eod_201007.txt
2011-03-17,1155,2010-07-01,2010-07-30,spx_eod_201007.txt
2011-03-31,483,2010-07-01,2010-07-30,spx_eod_201007.txt
2011-06-16,1260,2010-07-01,2010-07-30,spx_eod_201007.txt
2011-06-30,567,2010-07-01,2010-07-30,spx_eod_201007.txt
2011-12-15,1161,2010-07-01,2010-07-30,spx_eod_201007.txt
2012-06-14,966,2010-07-01,2010-07-30,spx_eod_201007.txt
2012-12-20,936,2010-07-01,2010-07-30,spx_eod_201007.txt
2010-08-05,61,2010-08-02,2010-08-05,spx_eod_201008.txt
2010-08-12,84,2010-08-05,2010-08-12,spx_eod_201008.txt
2010-08-19,2142,2010-08-02,2010-08-19,spx_eod_201008.txt
2010-08-26,90,2010-08-19,2010-08-26,spx_eod_201008.txt
2010-09-02,53,2010-08-27,2010-08-31,spx_eod_201008.txt
2010-09-16,3300,2010-08-02,2010-08-31,spx_eod_201008.txt
2010-09-30,770,2010-08-02,2010-08-31,spx_eod_201008.txt
2010-10-14,3087,2010-08-02,2010-08-31,spx_eod_201008.txt
2010-11-18,1264,2010-08-02,2010-08-31,spx_eod_201008.txt
2010-12-16,2149,2010-08-02,2010-08-31,spx_eod_201008.txt
2010-12-31,506,2010-08-02,2010-08-31,spx_eod_201008.txt
2011-01-20,364,2010-08-23,2010-08-31,spx_eod_201008.txt
2011-03-17,1330,2010-08-02,2010-08-31,spx_eod_201008.txt
2011-03-31,506,2010-08-02,2010-08-31,spx_eod_201008.txt
2011-06-16,1320,2010-08-02,2010-08-31,spx_eod_201008.txt
2011-06-30,594,2010-08-02,2010-08-31,spx_eod_201008.txt
2011-10-20,2,2010-08-20,2010-08-23,spx_eod_201008.txt
2011-12-15,1235,2010-08-02,2010-08-31,spx_eod_201008.txt
2012-06-14,1084,2010-08-02,2010-08-31,spx_eod_201008.txt
2012-12-20,997,2010-08-02,2010-08-31,spx_eod_201008.txt
2010-09-02,40,2010-09-01,2010-09-02,spx_eod_201009.txt
2010-09-09,65,2010-09-02,2010-09-09,spx_eod_201009.txt
2010-09-16,1650,2010-09-01,2010-09-16,spx_eod_201009.txt
2010-09-22,1,2010-09-03,2010-09-03,spx_eod_201009.txt
2010-09-23,84,2010-09-16,2010-09-23,spx_eod_201009.txt
2010-09-30,1164,2010-09-01,2010-09-30,spx_eod_201009.txt
2010-10-07,13,2010-09-30,2010-09-30,spx_eod_201009.txt
2010-10-14,3276,2010-09-01,2010-09-30,spx_eod_201009.txt
2010-11-18,2673,2010-09-01,2010-09-30,spx_eod_201009.txt
2010-12-16,2552,2010-09-01,2010-09-30,spx_eod_201009.txt
2010-12-31,587,2010-09-01,2010-09-30,spx_eod_201009.txt
2011-01-20,1112,2010-09-01,2010-09-30,spx_eod_201009.txt
2011-03-17,1337,2010-09-01,2010-09-30,spx_eod_201009.txt
2011-03-31,483,2010-09-01,2010-09-30,spx_eod_201009.txt
2011-06-16,1286,2010-09-01,2010-09-30,spx_eod_201009.txt
2011-06-30,567,2010-09-01,2010-09-30,spx_eod_201009.txt
2011-09-15,477,2010-09-20,2010-09-30,spx_eod_201009.txt
2011-12-15,1263,2010-09-01,2010-09-30,spx_eod_201009.txt
2012-06-14,1050,2010-09-01,2010-09-30,spx_eod_201009.txt
2012-12-20,966,2010-09-01,2010-09-30,spx_eod_201009.txt
2010-10-07,98,2010-10-01,2010-10-07,spx_eod_201010.txt
2010-10-14,1560,2010-10-01,2010-10-14,spx_eod_201010.txt
2010-10-21,98,2010-10-14,2010-10-21,spx_eod_201010.txt
2010-10-28,114,2010-10-21,2010-10-28,spx_eod_201010.txt
2010-11-04,32,2010-10-28,2010-10-29,spx_eod_201010.txt
2010-11-18,3076,2010-10-01,2010-10-29,spx_eod_201010.txt
2010-12-16,3005,2010-10-01,2010-10-29,spx_eod_201010.txt
2010-12-31,760,2010-10-01,2010-10-29,spx_eod_201010.txt
2011-01-20,1445,2010-10-01,2010-10-29,spx_eod_201010.txt
2011-02-17,510,2010-10-18,2010-10-29,spx_eod_201010.txt
2011-03-17,1344,2010-10-01,2010-10-29,spx_eod_201010.txt
2011-03-31,483,2010-10-01,2010-10-29,spx_eod_201010.txt
2011-06-16,1323,2010-10-01,2010-10-29,spx_eod_201010.txt
2011-06-30,567,2010-10-01,2010-10-29,spx_eod_201010.txt
2011-09-15,1113,2010-10-01,2010-10-29,spx_eod_201010.txt
2011-09-30,651,2010-10-01,2010-10-29,spx_eod_201010.txt
2011-12-15,1320,2010-10-01,2010-10-29,spx_eod_201010.txt
2012-06-14,1050,2010-10-01,2010-10-29,spx_eod_201010.txt
2012-12-20,966,2010-10-01,2010-10-29,spx_eod_201010.txt
2010-11-04,77,2010-11-01,2010-11-04,spx_eod_201011.txt
2010-11-11,109,2010-11-04,2010-11-11,spx_eod_201011.txt
2010-11-18,1924,2010-11-01,2010-11-18,spx_eod_201011.txt
2010-11-25,88,2010-11-18,2010-11-24,spx_eod_201011.txt
2010-12-02,61,2010-11-24,2010-11-30,spx_eod_201011.txt
2010-12-16,3140,2010-11-01,2010-11-30,spx_eod_201011.txt
2010-12-31,902,2010-11-01,2010-11-30,spx_eod_201011.txt
2011-01-20,2329,2010-11-01,2010-11-30,spx_eod_201011.txt
2011-02-17,1398,2010-11-01,2010-11-30,spx_eod_201011.txt
2011-03-17,1280,2010-11-01,2010-11-30,spx_eod_201011.txt
2011-03-31,460,2010-11-01,2010-11-30,spx_eod_201011.txt
2011-06-16,1260,2010-11-01,2010-11-30,spx_eod_201011.txt
2011-06-30,540,2010-11-01,2010-11-30,spx_eod_201011.txt
2011-09-15,1060,2010-11-01,2010-11-30,spx_eod_201011.txt
2011-09-30,620,2010-11-01,2010-11-30,spx_eod_201011.txt
2011-12-15,1260,2010-11-01,2010-11-30,spx_eod_201011.txt
2012-06-14,1000,2010-11-01,2010-11-30,spx_eod_201011.txt
2012-12-20,934,2010-11-01,2010-11-30,spx_eod_201011.txt
2010-12-02,32,2010-12-01,2010-12-02,spx_eod_201012.txt
2010-12-10,167,2010-12-02,2010-12-10,spx_eod_201012.txt
2010-12-16,1884,2010-12-01,2010-12-16,spx_eod_201012.txt
2010-12-23,178,2010-12-16,2010-12-23,spx_eod_201012.txt
2010-12-31,1397,2010-12-01,2010-12-31,spx_eod_201012.txt
2011-01-07,61,2010-12-30,2010-12-31,spx_eod_201012.txt
2011-01-20,3470,2010-12-01,2010-12-31,spx_eod_201012.txt
2011-02-17,2882,2010-12-01,2010-12-31,spx_eod_201012.txt
2011-03-17,2197,2010-12-01,2010-12-31,spx_eod_201012.txt
2011-03-31,650,2010-12-01,2010-12-31,spx_eod_201012.txt
2011-04-14,353,2010-12-20,2010-12-31,spx_eod_201012.txt
2011-06-16,1388,2010-12-01,2010-12-31,spx_eod_201012.txt
2011-06-30,594,2010-12-01,2010-12-31,spx_eod_201012.txt
2011-09-15,1170,2010-12-01,2010-12-31,spx_eod_201012.txt
2011-09-30,682,2010-12-01,2010-12-31,spx_eod_201012.txt
2011-12-15,1422,2010-12-01,2010-12-31,spx_eod_201012.txt
2012-06-14,1102,2010-12-01,2010-12-31,spx_eod_201012.txt
2012-12-20,1036,2010-12-01,2010-12-31,spx_eod_201012.txt
2013-12-19,354,2010-12-22,2010-12-31,spx_eod_201012.txt
2011-01-07,155,2011-01-03,2011-01-07,spx_eod_201101.txt
2011-01-14,224,2011-01-06,2011-01-14,spx_eod_201101.txt
2011-01-20,1749,2011-01-03,2011-01-18,spx_eod_201101.txt
2011-01-28,102,2011-01-26,2011-01-28,spx_eod_201101.txt
2011-02-04,99,2011-01-27,2011-01-31,spx_eod_201101.txt
2011-02-17,2340,2011-01-03,2011-01-31,spx_eod_201101.txt
2011-03-17,2137,2011-01-03,2011-01-31,spx_eod_201101.txt
2011-03-31,585,2011-01-03,2011-01-31,spx_eod_201101.txt
2011-04-14,983,2011-01-03,2011-01-31,spx_eod_201101.txt
2011-05-19,164,2011-01-26,2011-01-31,spx_eod_201101.txt
2011-06-16,1007,2011-01-03,2011-01-31,spx_eod_201101.txt
2011-06-30,405,2011-01-03,2011-01-31,spx_eod_201101.txt
2011-09-15,825,2011-01-03,2011-01-31,spx_eod_201101.txt
2011-09-30,465,2011-01-03,2011-01-31,spx_eod_201101.txt
2011-12-15,1036,2011-01-03,2011-01-31,spx_eod_201101.txt
2011-12-30,360,2011-01-03,2011-01-31,spx_eod_201101.txt
2012-06-14,765,2011-01-03,2011-01-31,spx_eod_201101.txt
2012-12-20,734,2011-01-03,2011-01-31,spx_eod_201101.txt
2013-12-19,765,2011-01-03,2011-01-31,spx_eod_201101.txt
2011-02-04,144,2011-02-01,2011-02-04,spx_eod_201102.txt
2011-02-11,251,2011-02-03,2011-02-11,spx_eod_201102.txt
2011-02-17,2028,2011-02-01,2011-02-17,spx_eod_201102.txt
2011-02-25,198,2011-02-17,2011-02-25,spx_eod_201102.txt
2011-03-04,118,2011-02-24,2011-02-28,spx_eod_201102.txt
2011-03-17,3110,2011-02-01,2011-02-28,spx_eod_201102.txt
2011-03-31,1073,2011-02-01,2011-02-28,spx_eod_201102.txt
2011-04-14,2486,2011-02-01,2011-02-28,spx_eod_201102.txt
2011-05-19,1355,2011-02-01,2011-02-28,spx_eod_201102.txt
2011-06-16,1304,2011-02-01,2011-02-28,spx_eod_201102.txt
2011-06-30,563,2011-02-01,2011-02-28,spx_eod_201102.txt
2011-09-15,1045,2011-02-01,2011-02-28,spx_eod_201102.txt
2011-09-30,629,2011-02-01,2011-02-28,spx_eod_201102.txt
2011-12-15,1364,2011-02-01,2011-02-28,spx_eod_201102.txt
2011-12-30,468,2011-02-01,2011-02-28,spx_eod_201102.txt
2012-06-14,1001,2011-02-01,2011-02-28,spx_eod_201102.txt
2012-12-20,955,2011-02-01,2011-02-28,spx_eod_201102.txt
2013-12-19,969,2011-02-01,2011-02-28,spx_eod_201102.txt
2011-03-04,164,2011-03-01,2011-03-04,spx_eod_201103.txt
2011-03-11,286,2011-03-03,2011-03-11,spx_eod_201103.txt
2011-03-17,2145,2011-03-01,2011-03-17,spx_eod_201103.txt
2011-03-25,291,2011-03-17,2011-03-25,spx_eod_201103.txt
2011-03-31,1936,2011-03-01,2011-03-31,spx_eod_201103.txt
2011-04-01,266,2011-03-24,2011-03-31,spx_eod_201103.txt
2011-04-08,36,2011-03-31,2011-03-31,spx_eod_201103.txt
2011-04-14,3473,2011-03-01,2011-03-31,spx_eod_201103.txt
2011-05-19,2888,2011-03-01,2011-03-31,spx_eod_201103.txt
2011-06-16,2271,2011-03-01,2011-03-31,spx_eod_201103.txt
2011-06-30,736,2011-03-01,2011-03-31,spx_eod_201103.txt
2011-07-14,331,2011-03-21,2011-03-31,spx_eod_201103.txt
2011-09-15,1265,2011-03-01,2011-03-31,spx_eod_201103.txt
2011-09-30,805,2011-03-01,2011-03-31,spx_eod_201103.txt
2011-12-15,1679,2011-03-01,2011-03-31,spx_eod_201103.txt
2011-12-30,576,2011-03-01,2011-03-31,spx_eod_201103.txt
2012-03-15,324,2011-03-21,2011-03-31,spx_eod_201103.txt
2012-06-14,1219,2011-03-01,2011-03-31,spx_eod_201103.txt
2012-12-20,1196,2011-03-01,2011-03-31,spx_eod_201103.txt
2013-01-17,6,2011-03-31,2011-03-31,spx_eod_201103.txt
2013-12-19,1173,2011-03-01,2011-03-31,spx_eod_201103.txt
2011-04-01,45,2011-04-01,2011-04-01,spx_eod_201104.txt
2011-04-08,252,2011-04-01,2011-04-08,spx_eod_201104.txt
2011-04-14,1510,2011-04-01,2011-04-14,spx_eod_201104.txt
2011-04-21,240,2011-04-14,2011-04-21,spx_eod_201104.txt
2011-04-29,233,2011-04-21,2011-04-29,spx_eod_201104.txt
2011-05-06,76,2011-04-28,2011-04-29,spx_eod_201104.txt
2011-05-19,2840,2011-04-01,2011-04-29,spx_eod_201104.txt
2011-06-16,3088,2011-04-01,2011-04-29,spx_eod_201104.txt
2011-06-30,658,2011-04-01,2011-04-29,spx_eod_201104.txt
2011-07-14,1932,2011-04-01,2011-04-29,spx_eod_201104.txt
2011-08-18,462,2011-04-18,2011-04-29,spx_eod_201104.txt
2011-09-15,1216,2011-04-01,2011-04-29,spx_eod_201104.txt
2011-09-30,700,2011-04-01,2011-04-29,spx_eod_201104.txt
2011-12-15,1481,2011-04-01,2011-04-29,spx_eod_201104.txt
2011-12-30,520,2011-04-01,2011-04-29,spx_eod_201104.txt
2012-03-15,729,2011-04-01,2011-04-29,spx_eod_201104.txt
2012-03-30,280,2011-04-01,2011-04-29,spx_eod_201104.txt
2012-06-14,1060,2011-04-01,2011-04-29,spx_eod_201104.txt
2012-12-20,1040,2011-04-01,2011-04-29,spx_eod_201104.txt
2013-12-19,1020,2011-04-01,2011-04-29,spx_eod_201104.txt
2011-05-06,209,2011-05-02,2011-05-06,spx_eod_201105.txt
2011-05-13,273,2011-05-05,2011-05-13,spx_eod_201105.txt
2011-05-19,1988,2011-05-02,2011-05-19,spx_eod_201105.txt
2011-05-27,292,2011-05-19,2011-05-27,spx_eod_201105.txt
2011-06-03,120,2011-05-26,2011-05-31,spx_eod_201105.txt
2011-06-16,3521,2011-05-02,2011-05-31,spx_eod_201105.txt
2011-06-30,719,2011-05-02,2011-05-31,spx_eod_201105.txt
2011-07-14,3038,2011-05-02,2011-05-31,spx_eod_201105.txt
2011-08-18,1824,2011-05-02,2011-05-31,spx_eod_201105.txt
2011-09-15,1864,2011-05-02,2011-05-31,spx_eod_201105.txt
2011-09-30,735,2011-05-02,2011-05-31,spx_eod_201105.txt
2011-12-15,1612,2011-05-02,2011-05-31,spx_eod_201105.txt
2011-12-30,552,2011-05-02,2011-05-31,spx_eod_201105.txt
2012-03-15,808,2011-05-02,2011-05-31,spx_eod_201105.txt
2012-03-30,294,2011-05-02,2011-05-31,spx_eod_201105.txt
2012-06-14,1113,2011-05-02,2011-05-31,spx_eod_201105.txt
2012-12-20,1112,2011-05-02,2011-05-31,spx_eod_201105.txt
2013-12-19,1071,2011-05-02,2011-05-31,spx_eod_201105.txt
2011-06-03,120,2011-06-01,2011-06-03,spx_eod_201106.txt
2011-06-10,315,2011-06-02,2011-06-10,spx_eod_201106.txt
2011-06-16,2016,2011-06-01,2011-06-16,spx_eod_201106.txt
2011-06-24,312,2011-06-16,2011-06-24,spx_eod_201106.txt
2011-06-30,1302,2011-06-01,2011-06-30,spx_eod_201106.txt
2011-07-01,262,2011-06-23,2011-06-30,spx_eod_201106.txt
2011-07-08,42,2011-06-30,2011-06-30,spx_eod_201106.txt
2011-07-14,3458,2011-06-01,2011-06-30,spx_eod_201106.txt
2011-08-18,2973,2011-06-01,2011-06-30,spx_eod_201106.txt
2011-09-15,2393,2011-06-01,2011-06-30,spx_eod_201106.txt
2011-09-30,770,2011-06-01,2011-06-30,spx_eod_201106.txt
2011-10-20,432,2011-06-20,2011-06-30,spx_eod_201106.txt
2011-12-15,1731,2011-06-01,2011-06-30,spx_eod_201106.txt
2011-12-30,649,2011-06-01,2011-06-30,spx_eod_201106.txt
2012-03-15,881,2011-06-01,2011-06-30,spx_eod_201106.txt
2012-03-30,308,2011-06-01,2011-06-30,spx_eod_201106.txt
2012-06-14,1166,2011-06-01,2011-06-30,spx_eod_201106.txt
2012-12-20,1181,2011-06-01,2011-06-30,spx_eod_201106.txt
2013-06-20,292,2011-06-20,2011-06-30,spx_eod_201106.txt
2013-12-19,1122,2011-06-01,2011-06-30,spx_eod_201106.txt
2011-07-01,44,2011-07-01,2011-07-01,spx_eod_201107.txt
2011-07-08,231,2011-07-01,2011-07-08,spx_eod_201107.txt
2011-07-14,1431,2011-07-01,2011-07-14,spx_eod_201107.txt
2011-07-22,297,2011-07-14,2011-07-22,spx_eod_201107.txt
2011-07-29,355,2011-07-21,2011-07-29,spx_eod_201107.txt
2011-08-05,48,2011-07-29,2011-07-29,spx_eod_201107.txt
2011-08-18,2940,2011-07-01,2011-07-29,spx_eod_201107.txt
2011-09-15,3057,2011-07-01,2011-07-29,spx_eod_201107.txt
2011-09-30,897,2011-07-01,2011-07-29,spx_eod_201107.txt
2011-10-20,1910,2011-07-01,2011-07-29,spx_eod_201107.txt
2011-11-17,396,2011-07-19,2011-07-29,spx_eod_201107.txt
2011-12-15,1648,2011-07-01,2011-07-29,spx_eod_201107.txt
2011-12-30,600,2011-07-01,2011-07-29,spx_eod_201107.txt
2012-03-15,820,2011-07-01,2011-07-29,spx_eod_201107.txt
2012-03-30,280,2011-07-01,2011-07-29,spx_eod_201107.txt
2012-06-14,1060,2011-07-01,2011-07-29,spx_eod_201107.txt
2012-06-29,560,2011-07-01,2011-07-29,spx_eod_201107.txt
2012-12-20,1080,2011-07-01,2011-07-29,spx_eod_201107.txt
2013-06-20,679,2011-07-01,2011-07-29,spx_eod_201107.txt
2013-12-19,1020,2011-07-01,2011-07-29,spx_eod_201107.txt
2011-08-05,340,2011-08-01,2011-08-05,spx_eod_201108.txt
2011-08-12,485,2011-08-04,2011-08-12,spx_eod_201108.txt
2011-08-18,2065,2011-08-01,2011-08-18,spx_eod_201108.txt
2011-08-26,351,2011-08-18,2011-08-26,spx_eod_201108.txt
2011-09-02,270,2011-08-25,2011-08-31,spx_eod_201108.txt
2011-09-15,3880,2011-08-01,2011-08-31,spx_eod_201108.txt
2011-09-30,1887,2011-08-01,2011-08-31,spx_eod_201108.txt
2011-10-20,2998,2011-08-01,2011-08-31,spx_eod_201108.txt
2011-11-17,1445,2011-08-01,2011-08-31,spx_eod_201108.txt
2011-12-15,1921,2011-08-01,2011-08-31,spx_eod_201108.txt
2011-12-30,782,2011-08-01,2011-08-31,spx_eod_201108.txt
2012-03-15,923,2011-08-01,2011-08-31,spx_eod_201108.txt
2012-03-30,308,2011-08-01,2011-08-31,spx_eod_201108.txt
2012-06-14,1166,2011-08-01,2011-08-31,spx_eod_201108.txt
2012-06-29,616,2011-08-01,2011-08-31,spx_eod_201108.txt
2012-12-20,1188,2011-08-01,2011-08-31,spx_eod_201108.txt
2013-06-20,771,2011-08-01,2011-08-31,spx_eod_201108.txt
2013-12-19,1122,2011-08-01,2011-08-31,spx_eod_201108.txt
2011-09-02,116,2011-09-01,2011-09-02,spx_eod_201109.txt
2011-09-09,352,2011-09-01,2011-09-09,spx_eod_201109.txt
2011-09-15,1830,2011-09-01,2011-09-15,spx_eod_201109.txt
2011-09-23,385,2011-09-15,2011-09-23,spx_eod_201109.txt
2011-09-30,2310,2011-09-01,2011-09-30,spx_eod_201109.txt
2011-10-07,107,2011-09-29,2011-09-30,spx_eod_201109.txt
2011-10-20,3605,2011-09-01,2011-09-30,spx_eod_201109.txt
2011-11-17,3150,2011-09-01,2011-09-30,spx_eod_201109.txt
2011-12-15,2960,2011-09-01,2011-09-30,spx_eod_201109.txt
2011-12-30,884,2011-09-01,2011-09-30,spx_eod_201109.txt
2012-01-19,470,2011-09-19,2011-09-30,spx_eod_201109.txt
2012-03-15,924,2011-09-01,2011-09-30,spx_eod_201109.txt
2012-03-30,471,2011-09-01,2011-09-30,spx_eod_201109.txt
2012-06-14,1113,2011-09-01,2011-09-30,spx_eod_201109.txt
2012-06-29,588,2011-09-01,2011-09-30,spx_eod_201109.txt
2012-09-20,480,2011-09-19,2011-09-30,spx_eod_201109.txt
2012-12-20,1134,2011-09-01,2011-09-30,spx_eod_201109.txt
2013-06-20,781,2011-09-01,2011-09-30,spx_eod_201109.txt
2013-12-19,1071,2011-09-01,2011-09-30,spx_eod_201109.txt
2011-10-07,316,2011-10-03,2011-10-07,spx_eod_201110.txt
2011-10-14,410,2011-10-06,2011-10-14,spx_eod_201110.txt
2011-10-20,2478,2011-10-03,2011-10-20,spx_eod_201110.txt
2011-10-28,404,2011-10-20,2011-10-28,spx_eod_201110.txt
2011-11-04,173,2011-10-27,2011-10-31,spx_eod_201110.txt
2011-11-17,3551,2011-10-03,2011-10-31,spx_eod_201110.txt
2011-12-15,3678,2011-10-03,2011-10-31,spx_eod_201110.txt
2011-12-30,1092,2011-10-03,2011-10-31,spx_eod_201110.txt
2012-01-19,1474,2011-10-03,2011-10-31,spx_eod_201110.txt
2012-02-16,258,2011-10-24,2011-10-31,spx_eod_201110.txt
2012-03-15,1019,2011-10-03,2011-10-31,spx_eod_201110.txt
2012-03-30,504,2011-10-03,2011-10-31,spx_eod_201110.txt
2012-06-14,1113,2011-10-03,2011-10-31,spx_eod_201110.txt
2012-06-29,588,2011-10-03,2011-10-31,spx_eod_201110.txt
2012-09-20,1008,2011-10-03,2011-10-31,spx_eod_201110.txt
2012-09-28,432,2011-10-04,2011-10-31,spx_eod_201110.txt
2012-12-20,1134,2011-10-03,2011-10-31,spx_eod_201110.txt
2013-06-20,806,2011-10-03,2011-10-31,spx_eod_201110.txt
2013-12-19,1071,2011-10-03,2011-10-31,spx_eod_201110.txt
2011-11-04,246,2011-11-01,2011-11-04,spx_eod_201111.txt
2011-11-11,401,2011-11-03,2011-11-11,spx_eod_201111.txt
2011-11-17,2293,2011-11-01,2011-11-17,spx_eod_201111.txt
2011-11-25,346,2011-11-17,2011-11-25,spx_eod_201111.txt
2011-12-02,266,2011-11-23,2011-11-30,spx_eod_201111.txt
2011-12-15,3972,2011-11-01,2011-11-30,spx_eod_201111.txt
2011-12-30,1134,2011-11-01,2011-11-30,spx_eod_201111.txt
2012-01-19,3071,2011-11-01,2011-11-30,spx_eod_201111.txt
2012-02-16,1427,2011-11-01,2011-11-30,spx_eod_201111.txt
2012-03-15,1398,2011-11-01,2011-11-30,spx_eod_201111.txt
2012-03-30,555,2011-11-01,2011-11-30,spx_eod_201111.txt
2012-06-14,1198,2011-11-01,2011-11-30,spx_eod_201111.txt
2012-06-29,609,2011-11-01,2011-11-30,spx_eod_201111.txt
2012-09-20,1008,2011-11-01,2011-11-30,spx_eod_201111.txt
2012-09-28,504,2011-11-01,2011-11-30,spx_eod_201111.txt
2012-12-20,1134,2011-11-01,2011-11-30,spx_eod_201111.txt
2013-06-20,819,2011-11-01,2011-11-30,spx_eod_201111.txt
2013-12-19,1071,2011-11-01,2011-11-30,spx_eod_201111.txt
2011-12-02,113,2011-12-01,2011-12-02,spx_eod_201112.txt
2011-12-09,422,2011-12-01,2011-12-09,spx_eod_201112.txt
2011-12-15,2090,2011-12-01,2011-12-15,spx_eod_201112.txt
2011-12-23,318,2011-12-15,2011-12-23,spx_eod_201112.txt
2011-12-30,1996,2011-12-01,2011-12-30,spx_eod_201112.txt
2012-01-06,104,2011-12-29,2011-12-30,spx_eod_201112.txt
2012-01-19,3220,2011-12-01,2011-12-30,spx_eod_201112.txt
2012-02-16,2864,2011-12-01,2011-12-30,spx_eod_201112.txt
2012-03-15,2140,2011-12-01,2011-12-30,spx_eod_201112.txt
2012-03-30,760,2011-12-01,2011-12-30,spx_eod_201112.txt
2012-04-19,378,2011-12-19,2011-12-30,spx_eod_201112.txt
2012-06-14,1255,2011-12-01,2011-12-30,spx_eod_201112.txt
2012-06-29,700,2011-12-01,2011-12-30,spx_eod_201112.txt
2012-09-20,1055,2011-12-01,2011-12-30,spx_eod_201112.txt
2012-09-28,720,2011-12-01,2011-12-30,spx_eod_201112.txt
2012-12-20,1194,2011-12-01,2011-12-30,spx_eod_201112.txt
2013-06-20,789,2011-12-01,2011-12-30,spx_eod_201112.txt
2013-12-19,1020,2011-12-01,2011-12-30,spx_eod_201112.txt
2014-12-18,402,2011-12-21,2011-12-30,spx_eod_201112.txt
2012-01-06,216,2012-01-03,2012-01-06,spx_eod_201201.txt
2012-01-13,357,2012-01-05,2012-01-13,spx_eod_201201.txt
2012-01-19,1932,2012-01-03,2012-01-19,spx_eod_201201.txt
2012-01-27,364,2012-01-19,2012-01-27,spx_eod_201201.txt
2012-02-03,216,2012-01-26,2012-01-31,spx_eod_201201.txt
2012-02-16,3219,2012-01-03,2012-01-31,spx_eod_201201.txt
2012-03-15,3175,2012-01-03,2012-01-31,spx_eod_201201.txt
2012-03-30,869,2012-01-03,2012-01-31,spx_eod_201201.txt
2012-04-19,1557,2012-01-03,2012-01-31,spx_eod_201201.txt
2012-05-17,333,2012-01-23,2012-01-31,spx_eod_201201.txt
2012-06-14,1280,2012-01-03,2012-01-31,spx_eod_201201.txt
2012-06-29,700,2012-01-03,2012-01-31,spx_eod_201201.txt
2012-09-20,1060,2012-01-03,2012-01-31,spx_eod_201201.txt
2012-09-28,720,2012-01-03,2012-01-31,spx_eod_201201.txt
2012-12-20,1200,2012-01-03,2012-01-31,spx_eod_201201.txt
2012-12-31,800,2012-01-03,2012-01-31,spx_eod_201201.txt
2013-06-20,800,2012-01-03,2012-01-31,spx_eod_201201.txt
2013-12-19,1020,2012-01-03,2012-01-31,spx_eod_201201.txt
2014-12-18,1160,2012-01-03,2012-01-31,spx_eod_201201.txt
2012-02-03,162,2012-02-01,2012-02-03,spx_eod_201202.txt
2012-02-10,318,2012-02-03,2012-02-10,spx_eod_201202.txt
2012-02-16,1968,2012-02-01,2012-02-16,spx_eod_201202.txt
2012-02-24,324,2012-02-16,2012-02-24,spx_eod_201202.txt
2012-03-02,162,2012-02-24,2012-02-28,spx_eod_201202.txt
2012-03-15,3433,2012-02-01,2012-02-28,spx_eod_201202.txt
2012-03-30,2111,2012-02-01,2012-02-28,spx_eod_201202.txt
2012-04-19,3160,2012-02-01,2012-02-28,spx_eod_201202.txt
2012-05-17,1858,2012-02-01,2012-02-28,spx_eod_201202.txt
2012-06-14,1491,2012-02-01,2012-02-28,spx_eod_201202.txt
2012-06-29,665,2012-02-01,2012-02-28,spx_eod_201202.txt
2012-09-20,1007,2012-02-01,2012-02-28,spx_eod_201202.txt
2012-09-28,684,2012-02-01,2012-02-28,spx_eod_201202.txt
2012-12-20,1140,2012-02-01,2012-02-28,spx_eod_201202.txt
2012-12-31,760,2012-02-01,2012-02-28,spx_eod_201202.txt
2013-06-20,760,2012-02-01,2012-02-28,spx_eod_201202.txt
2013-12-19,969,2012-02-01,2012-02-28,spx_eod_201202.txt
2014-12-18,1102,2012-02-01,2012-02-28,spx_eod_201202.txt
2012-03-02,108,2012-03-01,2012-03-02,spx_eod_201203.txt
2012-03-09,351,2012-03-02,2012-03-09,spx_eod_201203.txt
2012-03-15,2024,2012-03-01,2012-03-15,spx_eod_201203.txt
2012-03-23,371,2012-03-15,2012-03-23,spx_eod_201203.txt
2012-03-30,2644,2012-03-01,2012-03-30,spx_eod_201203.txt
2012-04-05,114,2012-03-29,2012-03-30,spx_eod_201203.txt
2012-04-19,4246,2012-03-01,2012-03-30,spx_eod_201203.txt
2012-05-17,4036,2012-03-01,2012-03-30,spx_eod_201203.txt
2012-06-14,2859,2012-03-01,2012-03-30,spx_eod_201203.txt
2012-06-29,814,2012-03-01,2012-03-30,spx_eod_201203.txt
2012-07-19,490,2012-03-19,2012-03-30,spx_eod_201203.txt
2012-09-20,1166,2012-03-01,2012-03-30,spx_eod_201203.txt
2012-09-28,874,2012-03-01,2012-03-30,spx_eod_201203.txt
2012-12-20,1344,2012-03-01,2012-03-30,spx_eod_201203.txt
2012-12-31,940,2012-03-01,2012-03-30,spx_eod_201203.txt
2013-03-14,500,2012-03-19,2012-03-30,spx_eod_201203.txt
2013-06-20,950,2012-03-01,2012-03-30,spx_eod_201203.txt
2013-12-19,1122,2012-03-01,2012-03-30,spx_eod_201203.txt
2014-12-18,1276,2012-03-01,2012-03-30,spx_eod_201203.txt
2012-04-05,228,2012-04-02,2012-04-05,spx_eod_201204.txt
2012-04-13,350,2012-04-05,2012-04-13,spx_eod_201204.txt
2012-04-19,2509,2012-04-02,2012-04-19,spx_eod_201204.txt
2012-04-27,385,2012-04-19,2012-04-27,spx_eod_201204.txt
2012-05-04,165,2012-04-26,2012-04-30,spx_eod_201204.txt
2012-05-17,3920,2012-04-02,2012-04-30,spx_eod_201204.txt
2012-06-14,3783,2012-04-02,2012-04-30,spx_eod_201204.txt
2012-06-29,740,2012-04-02,2012-04-30,spx_eod_201204.txt
2012-07-19,1415,2012-04-02,2012-04-30,spx_eod_201204.txt
2012-08-16,288,2012-04-23,2012-04-30,spx_eod_201204.txt
2012-09-20,1216,2012-04-02,2012-04-30,spx_eod_201204.txt
2012-09-28,820,2012-04-02,2012-04-30,spx_eod_201204.txt
2012-12-20,1280,2012-04-02,2012-04-30,spx_eod_201204.txt
2012-12-31,880,2012-04-02,2012-04-30,spx_eod_201204.txt
2013-03-14,1057,2012-04-02,2012-04-30,spx_eod_201204.txt
2013-03-28,880,2012-04-02,2012-04-30,spx_eod_201204.txt
2013-06-20,913,2012-04-02,2012-04-30,spx_eod_201204.txt
2013-12-19,1021,2012-04-02,2012-04-30,spx_eod_201204.txt
2014-12-18,1160,2012-04-02,2012-04-30,spx_eod_201204.txt
2012-05-04,220,2012-05-01,2012-05-04,spx_eod_201205.txt
2012-05-11,399,2012-05-03,2012-05-11,spx_eod_201205.txt
2012-05-17,2548,2012-05-01,2012-05-17,spx_eod_201205.txt
2012-05-25,412,2012-05-17,2012-05-25,spx_eod_201205.txt
2012-06-01,275,2012-05-24,2012-05-31,spx_eod_201205.txt
2012-06-08,54,2012-05-31,2012-05-31,spx_eod_201205.txt
2012-06-14,4356,2012-05-01,2012-05-31,spx_eod_201205.txt
2012-06-22,18,2012-05-31,2012-05-31,spx_eod_201205.txt
2012-06-29,1378,2012-05-01,2012-05-31,spx_eod_201205.txt
2012-07-06,18,2012-05-31,2012-05-31,spx_eod_201205.txt
2012-07-19,2847,2012-05-01,2012-05-31,spx_eod_201205.txt
2012-08-16,1718,2012-05-01,2012-05-31,spx_eod_201205.txt
2012-09-20,1486,2012-05-01,2012-05-31,spx_eod_201205.txt
2012-09-28,902,2012-05-01,2012-05-31,spx_eod_201205.txt
2012-11-15,400,2012-05-21,2012-05-31,spx_eod_201205.txt
2012-12-20,1446,2012-05-01,2012-05-31,spx_eod_201205.txt
2012-12-31,968,2012-05-01,2012-05-31,spx_eod_201205.txt
2013-03-14,1226,2012-05-01,2012-05-31,spx_eod_201205.txt
2013-03-28,968,2012-05-01,2012-05-31,spx_eod_201205.txt
2013-06-20,1028,2012-05-01,2012-05-31,spx_eod_201205.txt
2013-12-19,1152,2012-05-01,2012-05-31,spx_eod_201205.txt
2014-12-18,1276,2012-05-01,2012-05-31,spx_eod_201205.txt
2012-06-01,55,2012-06-01,2012-06-01,spx_eod_201206.txt
2012-06-08,354,2012-06-01,2012-06-08,spx_eod_201206.txt
2012-06-14,1980,2012-06-01,2012-06-14,spx_eod_201206.txt
2012-06-22,789,2012-06-01,2012-06-22,spx_eod_201206.txt
2012-06-29,1964,2012-06-01,2012-06-29,spx_eod_201206.txt
2012-07-06,1141,2012-06-01,2012-06-29,spx_eod_201206.txt
2012-07-13,799,2012-06-07,2012-06-29,spx_eod_201206.txt
2012-07-19,3234,2012-06-01,2012-06-29,spx_eod_201206.txt
2012-07-27,278,2012-06-21,2012-06-29,spx_eod_201206.txt
2012-08-03,90,2012-06-28,2012-06-29,spx_eod_201206.txt
2012-08-16,2573,2012-06-01,2012-06-29,spx_eod_201206.txt
2012-09-20,2288,2012-06-01,2012-06-29,spx_eod_201206.txt
2012-09-28,861,2012-06-01,2012-06-29,spx_eod_201206.txt
2012-10-18,524,2012-06-18,2012-06-29,spx_eod_201206.txt
2012-11-15,1080,2012-06-01,2012-06-29,spx_eod_201206.txt
2012-12-20,1386,2012-06-01,2012-06-29,spx_eod_201206.txt
2012-12-31,924,2012-06-01,2012-06-29,spx_eod_201206.txt
2013-03-14,1351,2012-06-01,2012-06-29,spx_eod_201206.txt
2013-03-28,924,2012-06-01,2012-06-29,spx_eod_201206.txt
2013-06-20,1032,2012-06-01,2012-06-29,spx_eod_201206.txt
2013-12-19,1113,2012-06-01,2012-06-29,spx_eod_201206.txt
2014-06-19,520,2012-06-18,2012-06-29,spx_eod_201206.txt
2014-12-18,1218,2012-06-01,2012-06-29,spx_eod_201206.txt
2012-07-06,272,2012-07-02,2012-07-06,spx_eod_201207.txt
2012-07-13,603,2012-07-02,2012-07-13,spx_eod_201207.txt
2012-07-19,2002,2012-07-02,2012-07-19,spx_eod_201207.txt
2012-07-27,1252,2012-07-02,2012-07-27,spx_eod_201207.txt
2012-08-03,1283,2012-07-02,2012-07-31,spx_eod_201207.txt
2012-08-10,1055,2012-07-05,2012-07-31,spx_eod_201207.txt
2012-08-16,3041,2012-07-02,2012-07-31,spx_eod_201207.txt
2012-08-24,508,2012-07-19,2012-07-31,spx_eod_201207.txt
2012-08-31,188,2012-07-26,2012-07-31,spx_eod_201207.txt
2012-09-20,2969,2012-07-02,2012-07-31,spx_eod_201207.txt
2012-09-28,1116,2012-07-02,2012-07-31,spx_eod_201207.txt
2012-10-18,1627,2012-07-02,2012-07-31,spx_eod_201207.txt
2012-11-15,1207,2012-07-02,2012-07-31,spx_eod_201207.txt
2012-12-20,1412,2012-07-02,2012-07-31,spx_eod_201207.txt
2012-12-31,924,2012-07-02,2012-07-31,spx_eod_201207.txt
2013-03-14,1409,2012-07-02,2012-07-31,spx_eod_201207.txt
2013-03-28,924,2012-07-02,2012-07-31,spx_eod_201207.txt
2013-06-20,1070,2012-07-02,2012-07-31,spx_eod_201207.txt
2013-06-28,924,2012-07-02,2012-07-31,spx_eod_201207.txt
2013-12-19,1113,2012-07-02,2012-07-31,spx_eod_201207.txt
2014-01-16,795,2012-07-11,2012-07-31,spx_eod_201207.txt
2014-06-19,1092,2012-07-02,2012-07-31,spx_eod_201207.txt
2014-12-18,1218,2012-07-02,2012-07-31,spx_eod_201207.txt
2012-08-03,213,2012-08-01,2012-08-03,spx_eod_201208.txt
2012-08-10,581,2012-08-01,2012-08-10,spx_eod_201208.txt
2012-08-16,1788,2012-08-01,2012-08-16,spx_eod_201208.txt
2012-08-24,1272,2012-08-01,2012-08-24,spx_eod_201208.txt
2012-08-31,1616,2012-08-01,2012-08-31,spx_eod_201208.txt
2012-09-07,1512,2012-08-02,2012-08-31,spx_eod_201208.txt
2012-09-14,976,2012-08-09,2012-08-31,spx_eod_201208.txt
2012-09-20,3639,2012-08-01,2012-08-31,spx_eod_201208.txt
2012-09-28,1998,2012-08-01,2012-08-31,spx_eod_201208.txt
2012-10-05,98,2012-08-30,2012-08-31,spx_eod_201208.txt
2012-10-18,3254,2012-08-01,2012-08-31,spx_eod_201208.txt
2012-11-15,2255,2012-08-01,2012-08-31,spx_eod_201208.txt
2012-12-20,1931,2012-08-01,2012-08-31,spx_eod_201208.txt
2012-12-31,1026,2012-08-01,2012-08-31,spx_eod_201208.txt
2013-01-17,513,2012-08-21,2012-08-31,spx_eod_201208.txt
2013-03-14,1564,2012-08-01,2012-08-31,spx_eod_201208.txt
2013-03-28,1012,2012-08-01,2012-08-31,spx_eod_201208.txt
2013-06-20,1186,2012-08-01,2012-08-31,spx_eod_201208.txt
2013-06-28,1012,2012-08-01,2012-08-31,spx_eod_201208.txt
2013-12-19,1219,2012-08-01,2012-08-31,spx_eod_201208.txt
2014-01-16,1219,2012-08-01,2012-08-31,spx_eod_201208.txt
2014-06-19,1196,2012-08-01,2012-08-31,spx_eod_201208.txt
2014-12-18,1334,2012-08-01,2012-08-31,spx_eod_201208.txt
2012-09-07,308,2012-09-04,2012-09-07,spx_eod_201209.txt
2012-09-14,612,2012-09-04,2012-09-14,spx_eod_201209.txt
2012-09-20,2057,2012-09-04,2012-09-20,spx_eod_201209.txt
2012-09-28,1936,2012-09-04,2012-09-28,spx_eod_201209.txt
2012-10-05,1240,2012-09-04,2012-09-28,spx_eod_201209.txt
2012-10-12,1034,2012-09-06,2012-09-28,spx_eod_201209.txt
2012-10-18,2921,2012-09-04,2012-09-28,spx_eod_201209.txt
2012-10-26,365,2012-09-20,2012-09-28,spx_eod_201209.txt
2012-11-02,96,2012-09-27,2012-09-28,spx_eod_201209.txt
2012-11-15,2910,2012-09-04,2012-09-28,spx_eod_201209.txt
2012-12-20,2359,2012-09-04,2012-09-28,spx_eod_201209.txt
2012-12-31,874,2012-09-04,2012-09-28,spx_eod_201209.txt
2013-01-17,1207,2012-09-04,2012-09-28,spx_eod_201209.txt
2013-03-14,1377,2012-09-04,2012-09-28,spx_eod_201209.txt
2013-03-28,836,2012-09-04,2012-09-28,spx_eod_201209.txt
2013-06-20,988,2012-09-04,2012-09-28,spx_eod_201209.txt
2013-06-28,836,2012-09-04,2012-09-28,spx_eod_201209.txt
2013-09-19,255,2012-09-24,2012-09-28,spx_eod_201209.txt
2013-12-19,1007,2012-09-04,2012-09-28,spx_eod_201209.txt
2014-01-16,1007,2012-09-04,2012-09-28,spx_eod_201209.txt
2014-06-19,988,2012-09-04,2012-09-28,spx_eod_201209.txt
2014-12-18,1102,2012-09-04,2012-09-28,spx_eod_201209.txt
2012-10-05,375,2012-10-01,2012-10-05,spx_eod_201210.txt
2012-10-12,760,2012-10-01,2012-10-12,spx_eod_201210.txt
2012-10-18,2226,2012-10-01,2012-10-18,spx_eod_201210.txt
2012-10-26,1406,2012-10-01,2012-10-26,spx_eod_201210.txt
2012-11-02,1461,2012-10-01,2012-10-31,spx_eod_201210.txt
2012-11-09,1152,2012-10-04,2012-10-31,spx_eod_201210.txt
2012-11-15,3608,2012-10-01,2012-10-31,spx_eod_201210.txt
2012-11-23,571,2012-10-18,2012-10-31,spx_eod_201210.txt
2012-11-30,255,2012-10-25,2012-10-31,spx_eod_201210.txt
2012-12-20,3823,2012-10-01,2012-10-31,spx_eod_201210.txt
2012-12-31,2151,2012-10-01,2012-10-31,spx_eod_201210.txt
2013-01-17,2453,2012-10-01,2012-10-31,spx_eod_201210.txt
2013-02-14,465,2012-10-23,2012-10-31,spx_eod_201210.txt
2013-03-14,1751,2012-10-01,2012-10-31,spx_eod_201210.txt
2013-03-28,968,2012-10-01,2012-10-31,spx_eod_201210.txt
2013-06-20,1144,2012-10-01,2012-10-31,spx_eod_201210.txt
2013-06-28,968,2012-10-01,2012-10-31,spx_eod_201210.txt
2013-09-19,1122,2012-10-01,2012-10-31,spx_eod_201210.txt
2013-09-30,990,2012-10-01,2012-10-31,spx_eod_201210.txt
2013-12-19,1166,2012-10-01,2012-10-31,spx_eod_201210.txt
2014-01-16,1166,2012-10-01,2012-10-31,spx_eod_201210.txt
2014-06-19,1144,2012-10-01,2012-10-31,spx_eod_201210.txt
2014-12-18,1276,2012-10-01,2012-10-31,spx_eod_201210.txt
2012-11-02,144,2012-11-01,2012-11-02,spx_eod_201211.txt
2012-11-09,558,2012-11-01,2012-11-09,spx_eod_201211.txt
2012-11-15,1804,2012-11-01,2012-11-15,spx_eod_201211.txt
2012-11-23,1244,2012-11-01,2012-11-23,spx_eod_201211.txt
2012-11-30,1643,2012-11-01,2012-11-30,spx_eod_201211.txt
2012-12-07,1469,2012-11-01,2012-11-30,spx_eod_201211.txt
2012-12-14,1105,2012-11-08,2012-11-30,spx_eod_201211.txt
2012-12-20,3990,2012-11-01,2012-11-30,spx_eod_201211.txt
2012-12-28,98,2012-11-29,2012-11-30,spx_eod_201211.txt
2012-12-31,2975,2012-11-01,2012-11-30,spx_eod_201211.txt
2013-01-17,3548,2012-11-01,2012-11-30,spx_eod_201211.txt
2013-02-14,2236,2012-11-01,2012-11-30,spx_eod_201211.txt
2013-03-14,1881,2012-11-01,2012-11-30,spx_eod_201211.txt
2013-03-28,932,2012-11-01,2012-11-30,spx_eod_201211.txt
2013-06-20,1108,2012-11-01,2012-11-30,spx_eod_201211.txt
2013-06-28,924,2012-11-01,2012-11-30,spx_eod_201211.txt
2013-09-19,1071,2012-11-01,2012-11-30,spx_eod_201211.txt
2013-09-30,945,2012-11-01,2012-11-30,spx_eod_201211.txt
2013-12-19,1113,2012-11-01,2012-11-30,spx_eod_201211.txt
2014-01-16,1113,2012-11-01,2012-11-30,spx_eod_201211.txt
2014-06-19,1092,2012-11-01,2012-11-30,spx_eod_201211.txt
2014-12-18,1218,2012-11-01,2012-11-30,spx_eod_201211.txt
2012-12-07,390,2012-12-03,2012-12-07,spx_eod_201212.txt
2012-12-14,784,2012-12-03,2012-12-14,spx_eod_201212.txt
2012-12-20,2660,2012-12-03,2012-12-20,spx_eod_201212.txt
2012-12-28,1289,2012-12-03,2012-12-28,spx_eod_201212.txt
2012-12-31,2879,2012-12-03,2012-12-31,spx_eod_201212.txt
2013-01-04,1073,2012-12-06,2012-12-31,spx_eod_201212.txt
2013-01-11,676,2012-12-14,2012-12-31,spx_eod_201212.txt
2013-01-17,3560,2012-12-03,2012-12-31,spx_eod_201212.txt
2013-01-25,417,2012-12-20,2012-12-31,spx_eod_201212.txt
2013-02-01,159,2012-12-27,2012-12-31,spx_eod_201212.txt
2013-02-14,3233,2012-12-03,2012-12-31,spx_eod_201212.txt
2013-03-14,2564,2012-12-03,2012-12-31,spx_eod_201212.txt
2013-03-28,960,2012-12-03,2012-12-31,spx_eod_201212.txt
2013-04-18,260,2012-12-24,2012-12-31,spx_eod_201212.txt
2013-06-20,1124,2012-12-03,2012-12-31,spx_eod_201212.txt
2013-06-28,880,2012-12-03,2012-12-31,spx_eod_201212.txt
2013-09-19,1020,2012-12-03,2012-12-31,spx_eod_201212.txt
2013-09-30,900,2012-12-03,2012-12-31,spx_eod_201212.txt
2013-12-19,1097,2012-12-03,2012-12-31,spx_eod_201212.txt
2014-01-16,1060,2012-12-03,2012-12-31,spx_eod_201212.txt
2014-06-19,1040,2012-12-03,2012-12-31,spx_eod_201212.txt
2014-12-18,1160,2012-12-03,2012-12-31,spx_eod_201212.txt
2015-12-18,212,2012-12-26,2012-12-31,spx_eod_201212.txt
2013-01-04,213,2013-01-02,2013-01-04,spx_eod_201301.txt
2013-01-11,576,2013-01-02,2013-01-11,spx_eod_201301.txt
2013-01-17,2136,2013-01-02,2013-01-17,spx_eod_201301.txt
2013-01-25,1207,2013-01-02,2013-01-25,spx_eod_201301.txt
2013-02-01,1499,2013-01-02,2013-01-31,spx_eod_201301.txt
2013-02-08,1321,2013-01-03,2013-01-31,spx_eod_201301.txt
2013-02-14,3423,2013-01-02,2013-01-31,spx_eod_201301.txt
2013-02-22,624,2013-01-17,2013-01-31,spx_eod_201301.txt
2013-03-01,320,2013-01-24,2013-01-31,spx_eod_201301.txt
2013-03-08,49,2013-01-31,2013-01-31,spx_eod_201301.txt
2013-03-14,3492,2013-01-02,2013-01-31,spx_eod_201301.txt
2013-03-28,1548,2013-01-02,2013-01-31,spx_eod_201301.txt
2013-04-18,1929,2013-01-02,2013-01-31,spx_eod_201301.txt
2013-05-16,400,2013-01-22,2013-01-31,spx_eod_201301.txt
2013-06-20,1316,2013-01-02,2013-01-31,spx_eod_201301.txt
2013-06-28,928,2013-01-02,2013-01-31,spx_eod_201301.txt
2013-09-19,1143,2013-01-02,2013-01-31,spx_eod_201301.txt
2013-09-30,949,2013-01-02,2013-01-31,spx_eod_201301.txt
2013-12-19,1176,2013-01-02,2013-01-31,spx_eod_201301.txt
2013-12-31,882,2013-01-02,2013-01-31,spx_eod_201301.txt
2014-01-16,1153,2013-01-02,2013-01-31,spx_eod_201301.txt
2014-06-19,1092,2013-01-02,2013-01-31,spx_eod_201301.txt
2014-12-18,1218,2013-01-02,2013-01-31,spx_eod_201301.txt
2015-12-18,1113,2013-01-02,2013-01-31,spx_eod_201301.txt
2013-02-01,74,2013-02-01,2013-02-01,spx_eod_201302.txt
2013-02-08,438,2013-02-01,2013-02-08,spx_eod_201302.txt
2013-02-14,1630,2013-02-01,2013-02-14,spx_eod_201302.txt
2013-02-22,1065,2013-02-01,2013-02-22,spx_eod_201302.txt
2013-03-01,1395,2013-02-01,2013-02-28,spx_eod_201302.txt
2013-03-08,1267,2013-02-01,2013-02-28,spx_eod_201302.txt
2013-03-14,3287,2013-02-01,2013-02-28,spx_eod_201302.txt
2013-03-22,730,2013-02-14,2013-02-28,spx_eod_201302.txt
2013-03-28,2014,2013-02-01,2013-02-28,spx_eod_201302.txt
2013-04-05,51,2013-02-28,2013-02-28,spx_eod_201302.txt
2013-04-18,2995,2013-02-01,2013-02-28,spx_eod_201302.txt
2013-05-16,1882,2013-02-01,2013-02-28,spx_eod_201302.txt
2013-06-20,1511,2013-02-01,2013-02-28,spx_eod_201302.txt
2013-06-28,912,2013-02-01,2013-02-28,spx_eod_201302.txt
2013-09-19,1124,2013-02-01,2013-02-28,spx_eod_201302.txt
2013-09-30,931,2013-02-01,2013-02-28,spx_eod_201302.txt
2013-12-19,1096,2013-02-01,2013-02-28,spx_eod_201302.txt
2013-12-31,798,2013-02-01,2013-02-28,spx_eod_201302.txt
2014-01-16,1083,2013-02-01,2013-02-28,spx_eod_201302.txt
2014-06-19,988,2013-02-01,2013-02-28,spx_eod_201302.txt
2014-12-18,1109,2013-02-01,2013-02-28,spx_eod_201302.txt
2015-12-18,1007,2013-02-01,2013-02-28,spx_eod_201302.txt
2013-03-01,74,2013-03-01,2013-03-01,spx_eod_201303.txt
2013-03-08,438,2013-03-01,2013-03-08,spx_eod_201303.txt
2013-03-14,1730,2013-03-01,2013-03-14,spx_eod_201303.txt
2013-03-22,1213,2013-03-01,2013-03-22,spx_eod_201303.txt
2013-03-28,2154,2013-03-01,2013-03-28,spx_eod_201303.txt
2013-04-05,1436,2013-03-01,2013-03-28,spx_eod_201303.txt
2013-04-12,1122,2013-03-07,2013-03-28,spx_eod_201303.txt
2013-04-18,3360,2013-03-01,2013-03-28,spx_eod_201303.txt
2013-04-26,348,2013-03-21,2013-03-28,spx_eod_201303.txt
2013-05-03,54,2013-03-28,2013-03-28,spx_eod_201303.txt
2013-05-16,3170,2013-03-01,2013-03-28,spx_eod_201303.txt
2013-06-20,2574,2013-03-01,2013-03-28,spx_eod_201303.txt
2013-06-28,1036,2013-03-01,2013-03-28,spx_eod_201303.txt
2013-07-18,558,2013-03-18,2013-03-28,spx_eod_201303.txt
2013-09-19,1265,2013-03-01,2013-03-28,spx_eod_201303.txt
2013-09-30,980,2013-03-01,2013-03-28,spx_eod_201303.txt
2013-12-19,1252,2013-03-01,2013-03-28,spx_eod_201303.txt
2013-12-31,840,2013-03-01,2013-03-28,spx_eod_201303.txt
2014-01-16,1140,2013-03-01,2013-03-28,spx_eod_201303.txt
2014-03-20,531,2013-03-18,2013-03-28,spx_eod_201303.txt
2014-06-19,1040,2013-03-01,2013-03-28,spx_eod_201303.txt
2014-12-18,1180,2013-03-01,2013-03-28,spx_eod_201303.txt
2015-12-18,1080,2013-03-01,2013-03-28,spx_eod_201303.txt
2013-04-05,385,2013-04-01,2013-04-05,spx_eod_201304.txt
2013-04-12,800,2013-04-01,2013-04-12,spx_eod_201304.txt
2013-04-18,2352,2013-04-01,2013-04-18,spx_eod_201304.txt
2013-04-26,1572,2013-04-01,2013-04-26,spx_eod_201304.txt
2013-05-03,1660,2013-04-01,2013-04-30,spx_eod_201304.txt
2013-05-10,1350,2013-04-04,2013-04-30,spx_eod_201304.txt
2013-05-16,3717,2013-04-01,2013-04-30,spx_eod_201304.txt
2013-05-24,568,2013-04-18,2013-04-30,spx_eod_201304.txt
2013-05-31,210,2013-04-25,2013-04-30,spx_eod_201304.txt
2013-06-20,3543,2013-04-01,2013-04-30,spx_eod_201304.txt
2013-06-28,1892,2013-04-01,2013-04-30,spx_eod_201304.txt
2013-07-18,2295,2013-04-01,2013-04-30,spx_eod_201304.txt
2013-08-15,506,2013-04-22,2013-04-30,spx_eod_201304.txt
2013-09-19,1511,2013-04-01,2013-04-30,spx_eod_201304.txt
2013-09-30,1078,2013-04-01,2013-04-30,spx_eod_201304.txt
2013-12-19,1464,2013-04-01,2013-04-30,spx_eod_201304.txt
2013-12-31,925,2013-04-01,2013-04-30,spx_eod_201304.txt
2014-01-16,1257,2013-04-01,2013-04-30,spx_eod_201304.txt
2014-03-20,1300,2013-04-01,2013-04-30,spx_eod_201304.txt
2014-03-31,1012,2013-04-01,2013-04-30,spx_eod_201304.txt
2014-06-19,1152,2013-04-01,2013-04-30,spx_eod_201304.txt
2014-07-17,1,2013-04-30,2013-04-30,spx_eod_201304.txt
2014-12-18,1322,2013-04-01,2013-04-30,spx_eod_201304.txt
2015-12-18,1197,2013-04-01,2013-04-30,spx_eod_201304.txt
2013-05-03,240,2013-05-01,2013-05-03,spx_eod_201305.txt
2013-05-10,624,2013-05-01,2013-05-10,spx_eod_201305.txt
2013-05-16,2082,2013-05-01,2013-05-16,spx_eod_201305.txt
2013-05-24,1476,2013-05-01,2013-05-24,spx_eod_201305.txt
2013-05-31,1820,2013-05-01,2013-05-31,spx_eod_201305.txt
2013-06-07,1595,2013-05-02,2013-05-31,spx_eod_201305.txt
2013-06-14,1178,2013-05-09,2013-05-31,spx_eod_201305.txt
2013-06-20,4020,2013-05-01,2013-05-31,spx_eod_201305.txt
2013-06-28,2281,2013-05-01,2013-05-31,spx_eod_201305.txt
2013-07-05,118,2013-05-30,2013-05-31,spx_eod_201305.txt
2013-07-18,3703,2013-05-01,2013-05-31,spx_eod_201305.txt
2013-08-15,2233,2013-05-01,2013-05-31,spx_eod_201305.txt
2013-09-19,2139,2013-05-01,2013-05-31,spx_eod_201305.txt
2013-09-30,1081,2013-05-01,2013-05-31,spx_eod_201305.txt
2013-12-19,1705,2013-05-01,2013-05-31,spx_eod_201305.txt
2013-12-31,990,2013-05-01,2013-05-31,spx_eod_201305.txt
2014-01-16,1320,2013-05-01,2013-05-31,spx_eod_201305.txt
2014-03-20,1342,2013-05-01,2013-05-31,spx_eod_201305.txt
2014-03-31,1012,2013-05-01,2013-05-31,spx_eod_201305.txt
2014-06-19,1320,2013-05-01,2013-05-31,spx_eod_201305.txt
2014-07-17,2,2013-05-01,2013-05-03,spx_eod_201305.txt
2014-12-18,1496,2013-05-01,2013-05-31,spx_eod_201305.txt
2015-12-18,1386,2013-05-01,2013-05-31,spx_eod_201305.txt
2013-06-07,425,2013-06-03,2013-06-07,spx_eod_201306.txt
2013-06-14,850,2013-06-03,2013-06-14,spx_eod_201306.txt
2013-06-20,2632,2013-06-03,2013-06-20,spx_eod_201306.txt
2013-06-28,2334,2013-06-03,2013-06-28,spx_eod_201306.txt
2013-07-05,1638,2013-06-03,2013-06-28,spx_eod_201306.txt
2013-07-12,1353,2013-06-06,2013-06-28,spx_eod_201306.txt
2013-07-18,3593,2013-06-03,2013-06-28,spx_eod_201306.txt
2013-07-26,610,2013-06-20,2013-06-28,spx_eod_201306.txt
2013-08-02,164,2013-06-27,2013-06-28,spx_eod_201306.txt
2013-08-15,3348,2013-06-03,2013-06-28,spx_eod_201306.txt
2013-09-19,2870,2013-06-03,2013-06-28,spx_eod_201306.txt
2013-09-30,1130,2013-06-03,2013-06-28,spx_eod_201306.txt
2013-10-17,359,2013-06-24,2013-06-28,spx_eod_201306.txt
2013-12-19,1793,2013-06-03,2013-06-28,spx_eod_201306.txt
2013-12-31,900,2013-06-03,2013-06-28,spx_eod_201306.txt
2014-01-16,1214,2013-06-03,2013-06-28,spx_eod_201306.txt
2014-03-20,1220,2013-06-03,2013-06-28,spx_eod_201306.txt
2014-03-31,920,2013-06-03,2013-06-28,spx_eod_201306.txt
2014-06-19,1220,2013-06-03,2013-06-28,spx_eod_201306.txt
2014-12-18,1360,2013-06-03,2013-06-28,spx_eod_201306.txt
2015-01-15,195,2013-06-26,2013-06-28,spx_eod_201306.txt
2015-12-18,1260,2013-06-03,2013-06-28,spx_eod_201306.txt
2013-07-05,360,2013-07-01,2013-07-05,spx_eod_201307.txt
2013-07-12,783,2013-07-01,2013-07-12,spx_eod_201307.txt
2013-07-18,2340,2013-07-01,2013-07-18,spx_eod_201307.txt
2013-07-26,1672,2013-07-01,2013-07-26,spx_eod_201307.txt
2013-08-02,1868,2013-07-01,2013-07-31,spx_eod_201307.txt
2013-08-09,1717,2013-07-03,2013-07-31,spx_eod_201307.txt
2013-08-15,3966,2013-07-01,2013-07-31,spx_eod_201307.txt
2013-08-23,836,2013-07-18,2013-07-31,spx_eod_201307.txt
2013-08-30,420,2013-07-25,2013-07-31,spx_eod_201307.txt
2013-09-19,4097,2013-07-01,2013-07-31,spx_eod_201307.txt
2013-09-30,2284,2013-07-01,2013-07-31,spx_eod_201307.txt
2013-10-17,2484,2013-07-01,2013-07-31,spx_eod_201307.txt
2013-11-14,640,2013-07-22,2013-07-31,spx_eod_201307.txt
2013-12-19,2014,2013-07-01,2013-07-31,spx_eod_201307.txt
2013-12-31,1112,2013-07-01,2013-07-31,spx_eod_201307.txt
2014-01-16,1393,2013-07-01,2013-07-31,spx_eod_201307.txt
2014-03-20,1427,2013-07-01,2013-07-31,spx_eod_201307.txt
2014-03-31,1144,2013-07-01,2013-07-31,spx_eod_201307.txt
2014-06-19,1364,2013-07-01,2013-07-31,spx_eod_201307.txt
2014-06-30,1078,2013-07-01,2013-07-31,spx_eod_201307.txt
2014-12-18,1496,2013-07-01,2013-07-31,spx_eod_201307.txt
2015-01-15,1430,2013-07-01,2013-07-31,spx_eod_201307.txt
2015-12-18,1386,2013-07-01,2013-07-31,spx_eod_201307.txt
2013-08-02,180,2013-08-01,2013-08-02,spx_eod_201308.txt
2013-08-09,637,2013-08-01,2013-08-09,spx_eod_201308.txt
2013-08-15,2046,2013-08-01,2013-08-15,spx_eod_201308.txt
2013-08-23,1440,2013-08-01,2013-08-23,spx_eod_201308.txt
2013-08-30,1870,2013-08-01,2013-08-30,spx_eod_201308.txt
2013-09-06,1898,2013-08-01,2013-08-30,spx_eod_201308.txt
2013-09-13,1459,2013-08-08,2013-08-30,spx_eod_201308.txt
2013-09-19,4396,2013-08-01,2013-08-30,spx_eod_201308.txt
2013-09-27,584,2013-08-22,2013-08-30,spx_eod_201308.txt
2013-09-30,3156,2013-08-01,2013-08-30,spx_eod_201308.txt
2013-10-04,162,2013-08-29,2013-08-30,spx_eod_201308.txt
2013-10-17,3642,2013-08-01,2013-08-30,spx_eod_201308.txt
2013-11-14,2304,2013-08-01,2013-08-30,spx_eod_201308.txt
2013-12-19,2278,2013-08-01,2013-08-30,spx_eod_201308.txt
2013-12-31,1122,2013-08-01,2013-08-30,spx_eod_201308.txt
2014-01-16,1609,2013-08-01,2013-08-30,spx_eod_201308.txt
2014-03-20,1452,2013-08-01,2013-08-30,spx_eod_201308.txt
2014-03-31,1144,2013-08-01,2013-08-30,spx_eod_201308.txt
2014-06-19,1364,2013-08-01,2013-08-30,spx_eod_201308.txt
2014-06-30,1078,2013-08-01,2013-08-30,spx_eod_201308.txt
2014-12-18,1496,2013-08-01,2013-08-30,spx_eod_201308.txt
2015-01-15,1430,2013-08-01,2013-08-30,spx_eod_201308.txt
2015-12-18,1386,2013-08-01,2013-08-30,spx_eod_201308.txt
2013-09-06,360,2013-09-03,2013-09-06,spx_eod_201309.txt
2013-09-13,801,2013-09-03,2013-09-13,spx_eod_201309.txt
2013-09-19,2626,2013-09-03,2013-09-19,spx_eod_201309.txt
2013-09-27,1642,2013-09-03,2013-09-27,spx_eod_201309.txt
2013-09-30,2880,2013-09-03,2013-09-30,spx_eod_201309.txt
2013-10-04,1750,2013-09-03,2013-09-30,spx_eod_201309.txt
2013-10-11,1585,2013-09-05,2013-09-30,spx_eod_201309.txt
2013-10-17,3780,2013-09-03,2013-09-30,spx_eod_201309.txt
2013-10-25,724,2013-09-19,2013-09-30,spx_eod_201309.txt
2013-11-01,282,2013-09-26,2013-09-30,spx_eod_201309.txt
2013-11-14,3175,2013-09-03,2013-09-30,spx_eod_201309.txt
2013-12-19,2861,2013-09-03,2013-09-30,spx_eod_201309.txt
2013-12-31,1020,2013-09-03,2013-09-30,spx_eod_201309.txt
2014-01-16,1645,2013-09-03,2013-09-30,spx_eod_201309.txt
2014-03-20,1344,2013-09-03,2013-09-30,spx_eod_201309.txt
2014-03-31,1040,2013-09-03,2013-09-30,spx_eod_201309.txt
2014-06-19,1240,2013-09-03,2013-09-30,spx_eod_201309.txt
2014-06-30,980,2013-09-03,2013-09-30,spx_eod_201309.txt
2014-09-18,438,2013-09-23,2013-09-30,spx_eod_201309.txt
2014-12-18,1360,2013-09-03,2013-09-30,spx_eod_201309.txt
2015-01-15,1300,2013-09-03,2013-09-30,spx_eod_201309.txt
2015-06-18,1168,2013-09-09,2013-09-30,spx_eod_201309.txt
2015-12-18,1260,2013-09-03,2013-09-30,spx_eod_201309.txt
2013-10-04,368,2013-10-01,2013-10-04,spx_eod_201310.txt
2013-10-11,837,2013-10-01,2013-10-11,spx_eod_201310.txt
2013-10-17,2457,2013-10-01,2013-10-17,spx_eod_201310.txt
2013-10-25,1761,2013-10-01,2013-10-25,spx_eod_201310.txt
2013-11-01,2183,2013-10-01,2013-10-31,spx_eod_201310.txt
2013-11-08,2014,2013-10-03,2013-10-31,spx_eod_201310.txt
2013-11-14,4000,2013-10-01,2013-10-31,spx_eod_201310.txt
2013-11-22,1121,2013-10-17,2013-10-31,spx_eod_201310.txt
2013-11-29,618,2013-10-24,2013-10-31,spx_eod_201310.txt
2013-12-06,101,2013-10-31,2013-10-31,spx_eod_201310.txt
2013-12-19,3944,2013-10-01,2013-10-31,spx_eod_201310.txt
2013-12-31,2364,2013-10-01,2013-10-31,spx_eod_201310.txt
2014-01-16,2703,2013-10-01,2013-10-31,spx_eod_201310.txt
2014-02-20,753,2013-10-21,2013-10-31,spx_eod_201310.txt
2014-03-20,1587,2013-10-01,2013-10-31,spx_eod_201310.txt
2014-03-31,1196,2013-10-01,2013-10-31,spx_eod_201310.txt
2014-06-19,1426,2013-10-01,2013-10-31,spx_eod_201310.txt
2014-06-30,1127,2013-10-01,2013-10-31,spx_eod_201310.txt
2014-09-18,1679,2013-10-01,2013-10-31,spx_eod_201310.txt
2014-09-30,1173,2013-10-01,2013-10-31,spx_eod_201310.txt
2014-12-18,1564,2013-10-01,2013-10-31,spx_eod_201310.txt
2015-01-15,1495,2013-10-01,2013-10-31,spx_eod_201310.txt
2015-06-18,1679,2013-10-01,2013-10-31,spx_eod_201310.txt
2015-12-18,1449,2013-10-01,2013-10-31,spx_eod_201310.txt
2013-11-01,97,2013-11-01,2013-11-01,spx_eod_201311.txt
2013-11-08,612,2013-11-01,2013-11-08,spx_eod_201311.txt
2013-11-14,1760,2013-11-01,2013-11-14,spx_eod_201311.txt
2013-11-22,1676,2013-11-01,2013-11-22,spx_eod_201311.txt
2013-11-29,2106,2013-11-01,2013-11-29,spx_eod_201311.txt
2013-12-06,2020,2013-11-01,2013-11-29,spx_eod_201311.txt
2013-12-13,1616,2013-11-07,2013-11-29,spx_eod_201311.txt
2013-12-19,4018,2013-11-01,2013-11-29,spx_eod_201311.txt
2013-12-27,648,2013-11-21,2013-11-29,spx_eod_201311.txt
2013-12-31,2687,2013-11-01,2013-11-29,spx_eod_201311.txt
2014-01-03,113,2013-11-29,2013-11-29,spx_eod_201311.txt
2014-01-16,3841,2013-11-01,2013-11-29,spx_eod_201311.txt
2014-02-20,2422,2013-11-01,2013-11-29,spx_eod_201311.txt
2014-03-20,1692,2013-11-01,2013-11-29,spx_eod_201311.txt
2014-03-31,1040,2013-11-01,2013-11-29,spx_eod_201311.txt
2014-06-19,1330,2013-11-01,2013-11-29,spx_eod_201311.txt
2014-06-30,980,2013-11-01,2013-11-29,spx_eod_201311.txt
2014-09-18,1496,2013-11-01,2013-11-29,spx_eod_201311.txt
2014-09-30,1020,2013-11-01,2013-11-29,spx_eod_201311.txt
2014-12-18,1512,2013-11-01,2013-11-29,spx_eod_201311.txt
2015-01-15,1300,2013-11-01,2013-11-29,spx_eod_201311.txt
2015-06-18,1460,2013-11-01,2013-11-29,spx_eod_201311.txt
2015-12-18,1260,2013-11-01,2013-11-29,spx_eod_201311.txt
2013-12-06,505,2013-12-02,2013-12-06,spx_eod_201312.txt
2013-12-13,1010,2013-12-02,2013-12-13,spx_eod_201312.txt
2013-12-19,2828,2013-12-02,2013-12-19,spx_eod_201312.txt
2013-12-27,2052,2013-12-02,2013-12-27,spx_eod_201312.txt
2013-12-31,2892,2013-12-02,2013-12-31,spx_eod_201312.txt
2014-01-03,2373,2013-12-02,2013-12-31,spx_eod_201312.txt
2014-01-10,2088,2013-12-05,2013-12-31,spx_eod_201312.txt
2014-01-16,4311,2013-12-02,2013-12-31,spx_eod_201312.txt
2014-01-24,938,2013-12-19,2013-12-31,spx_eod_201312.txt
2014-01-31,448,2013-12-26,2013-12-31,spx_eod_201312.txt
2014-02-20,3662,2013-12-02,2013-12-31,spx_eod_201312.txt
2014-03-20,3008,2013-12-02,2013-12-31,spx_eod_201312.txt
2014-03-31,1172,2013-12-02,2013-12-31,spx_eod_201312.txt
2014-04-16,276,2013-12-23,2013-12-31,spx_eod_201312.txt
2014-06-19,1522,2013-12-02,2013-12-31,spx_eod_201312.txt
2014-06-30,1149,2013-12-02,2013-12-31,spx_eod_201312.txt
2014-09-18,1575,2013-12-02,2013-12-31,spx_eod_201312.txt
2014-09-30,1071,2013-12-02,2013-12-31,spx_eod_201312.txt
2014-12-18,1596,2013-12-02,2013-12-31,spx_eod_201312.txt
2015-01-15,1365,2013-12-02,2013-12-31,spx_eod_201312.txt
2015-06-18,1533,2013-12-02,2013-12-31,spx_eod_201312.txt
2015-12-18,1323,2013-12-02,2013-12-31,spx_eod_201312.txt
2016-12-15,276,2013-12-26,2013-12-31,spx_eod_201312.txt
2014-01-03,113,2014-01-03,2014-01-03,spx_eod_201401.txt
2014-01-10,696,2014-01-03,2014-01-10,spx_eod_201401.txt
2014-01-16,2070,2014-01-03,2014-01-16,spx_eod_201401.txt
2014-01-24,1770,2014-01-03,2014-01-24,spx_eod_201401.txt
2014-01-31,2240,2014-01-03,2014-01-31,spx_eod_201401.txt
2014-02-07,2266,2014-01-03,2014-01-31,spx_eod_201401.txt
2014-02-14,1812,2014-01-09,2014-01-31,spx_eod_201401.txt
2014-02-20,3840,2014-01-03,2014-01-31,spx_eod_201401.txt
2014-02-28,1267,2014-01-16,2014-01-31,spx_eod_201401.txt
2014-03-07,1272,2014-01-16,2014-01-31,spx_eod_201401.txt
2014-03-14,812,2014-01-23,2014-01-31,spx_eod_201401.txt
2014-03-20,4154,2014-01-03,2014-01-31,spx_eod_201401.txt
2014-03-28,228,2014-01-30,2014-01-31,spx_eod_201401.txt
2014-03-31,2140,2014-01-03,2014-01-31,spx_eod_201401.txt
2014-04-16,2144,2014-01-03,2014-01-31,spx_eod_201401.txt
2014-05-15,392,2014-01-22,2014-01-31,spx_eod_201401.txt
2014-06-19,1460,2014-01-03,2014-01-31,spx_eod_201401.txt
2014-06-30,1100,2014-01-03,2014-01-31,spx_eod_201401.txt
2014-09-18,1500,2014-01-03,2014-01-31,spx_eod_201401.txt
2014-09-30,1020,2014-01-03,2014-01-31,spx_eod_201401.txt
2014-12-18,1520,2014-01-03,2014-01-31,spx_eod_201401.txt
2014-12-31,1000,2014-01-03,2014-01-31,spx_eod_201401.txt
2015-01-15,1370,2014-01-03,2014-01-31,spx_eod_201401.txt
2015-06-18,1480,2014-01-03,2014-01-31,spx_eod_201401.txt
2015-12-18,1320,2014-01-03,2014-01-31,spx_eod_201401.txt
2016-12-15,1380,2014-01-03,2014-01-31,spx_eod_201401.txt
2014-02-07,575,2014-02-03,2014-02-07,spx_eod_201402.txt
2014-02-14,1168,2014-02-03,2014-02-14,spx_eod_201402.txt
2014-02-20,2496,2014-02-03,2014-02-20,spx_eod_201402.txt
2014-02-28,2276,2014-02-03,2014-02-28,spx_eod_201402.txt
2014-03-07,2313,2014-02-03,2014-02-28,spx_eod_201402.txt
2014-03-14,2317,2014-02-03,2014-02-28,spx_eod_201402.txt
2014-03-20,4142,2014-02-03,2014-02-28,spx_eod_201402.txt
2014-03-28,2297,2014-02-03,2014-02-28,spx_eod_201402.txt
2014-03-31,2337,2014-02-03,2014-02-28,spx_eod_201402.txt
2014-04-04,1933,2014-02-06,2014-02-28,spx_eod_201402.txt
2014-04-11,1275,2014-02-13,2014-02-28,spx_eod_201402.txt
2014-04-16,3310,2014-02-03,2014-02-28,spx_eod_201402.txt
2014-04-25,242,2014-02-27,2014-02-28,spx_eod_201402.txt
2014-05-15,1669,2014-02-03,2014-02-28,spx_eod_201402.txt
2014-06-19,1387,2014-02-03,2014-02-28,spx_eod_201402.txt
2014-06-30,1045,2014-02-03,2014-02-28,spx_eod_201402.txt
2014-09-18,1425,2014-02-03,2014-02-28,spx_eod_201402.txt
2014-09-30,969,2014-02-03,2014-02-28,spx_eod_201402.txt
2014-12-18,1444,2014-02-03,2014-02-28,spx_eod_201402.txt
2014-12-31,954,2014-02-03,2014-02-28,spx_eod_201402.txt
2015-01-15,1368,2014-02-03,2014-02-28,spx_eod_201402.txt
2015-06-18,1425,2014-02-03,2014-02-28,spx_eod_201402.txt
2015-12-18,1311,2014-02-03,2014-02-28,spx_eod_201402.txt
2016-12-15,1311,2014-02-03,2014-02-28,spx_eod_201402.txt
2014-03-07,635,2014-03-03,2014-03-07,spx_eod_201403.txt
2014-03-14,1280,2014-03-03,2014-03-14,spx_eod_201403.txt
2014-03-20,3052,2014-03-03,2014-03-20,spx_eod_201403.txt
2014-03-28,2620,2014-03-03,2014-03-28,spx_eod_201403.txt
2014-03-31,2814,2014-03-03,2014-03-31,spx_eod_201403.txt
2014-04-04,2772,2014-03-03,2014-03-31,spx_eod_201403.txt
2014-04-11,2552,2014-03-03,2014-03-31,spx_eod_201403.txt
2014-04-16,3974,2014-03-03,2014-03-31,spx_eod_201403.txt
2014-04-25,2552,2014-03-03,2014-03-31,spx_eod_201403.txt
2014-05-02,2189,2014-03-06,2014-03-31,spx_eod_201403.txt
2014-05-09,1558,2014-03-13,2014-03-31,spx_eod_201403.txt
2014-05-15,3789,2014-03-03,2014-03-31,spx_eod_201403.txt
2014-05-23,357,2014-03-27,2014-03-31,spx_eod_201403.txt
2014-06-19,3203,2014-03-03,2014-03-31,spx_eod_201403.txt
2014-06-30,1909,2014-03-03,2014-03-31,spx_eod_201403.txt
2014-07-17,393,2014-03-24,2014-03-31,spx_eod_201403.txt
2014-09-18,1614,2014-03-03,2014-03-31,spx_eod_201403.txt
2014-09-30,1071,2014-03-03,2014-03-31,spx_eod_201403.txt
2014-12-04,2,2014-03-07,2014-03-12,spx_eod_201403.txt
2014-12-11,2,2014-03-07,2014-03-12,spx_eod_201403.txt
2014-12-18,1596,2014-03-03,2014-03-31,spx_eod_201403.txt
2014-12-25,2,2014-03-07,2014-03-12,spx_eod_201403.txt
2014-12-31,1101,2014-03-03,2014-03-31,spx_eod_201403.txt
2015-01-15,1512,2014-03-03,2014-03-31,spx_eod_201403.txt
2015-03-19,324,2014-03-24,2014-03-31,spx_eod_201403.txt
2015-06-18,1575,2014-03-03,2014-03-31,spx_eod_201403.txt
2015-12-18,1483,2014-03-03,2014-03-31,spx_eod_201403.txt
2016-12-15,1449,2014-03-03,2014-03-31,spx_eod_201403.txt
2014-04-04,528,2014-04-01,2014-04-04,spx_eod_201404.txt
2014-04-11,1098,2014-04-01,2014-04-11,spx_eod_201404.txt
2014-04-16,2280,2014-04-01,2014-04-16,spx_eod_201404.txt
2014-04-25,2196,2014-04-01,2014-04-25,spx_eod_201404.txt
2014-05-02,2562,2014-04-01,2014-04-30,spx_eod_201404.txt
2014-05-09,2520,2014-04-01,2014-04-30,spx_eod_201404.txt
2014-05-15,4053,2014-04-01,2014-04-30,spx_eod_201404.txt
2014-05-23,2553,2014-04-01,2014-04-30,spx_eod_201404.txt
2014-05-30,2315,2014-04-03,2014-04-30,spx_eod_201404.txt
2014-06-06,1666,2014-04-10,2014-04-30,spx_eod_201404.txt
2014-06-13,605,2014-04-24,2014-04-30,spx_eod_201404.txt
2014-06-19,4140,2014-04-01,2014-04-30,spx_eod_201404.txt
2014-06-30,2503,2014-04-01,2014-04-30,spx_eod_201404.txt
2014-07-17,2219,2014-04-01,2014-04-30,spx_eod_201404.txt
2014-08-14,561,2014-04-21,2014-04-30,spx_eod_201404.txt
2014-09-18,1638,2014-04-01,2014-04-30,spx_eod_201404.txt
2014-09-30,1071,2014-04-01,2014-04-30,spx_eod_201404.txt
2014-12-18,1596,2014-04-01,2014-04-30,spx_eod_201404.txt
2014-12-31,1113,2014-04-01,2014-04-30,spx_eod_201404.txt
2015-01-15,1512,2014-04-01,2014-04-30,spx_eod_201404.txt
2015-03-19,1134,2014-04-01,2014-04-30,spx_eod_201404.txt
2015-03-31,1029,2014-04-01,2014-04-30,spx_eod_201404.txt
2015-06-18,1575,2014-04-01,2014-04-30,spx_eod_201404.txt
2015-12-18,1491,2014-04-01,2014-04-30,spx_eod_201404.txt
2016-12-15,1449,2014-04-01,2014-04-30,spx_eod_201404.txt
2014-05-02,244,2014-05-01,2014-05-02,spx_eod_201405.txt
2014-05-09,840,2014-05-01,2014-05-09,spx_eod_201405.txt
2014-05-15,2123,2014-05-01,2014-05-15,spx_eod_201405.txt
2014-05-23,2074,2014-05-01,2014-05-23,spx_eod_201405.txt
2014-05-30,2562,2014-05-01,2014-05-30,spx_eod_201405.txt
2014-06-06,2499,2014-05-01,2014-05-30,spx_eod_201405.txt
2014-06-13,2541,2014-05-01,2014-05-30,spx_eod_201405.txt
2014-06-19,4515,2014-05-01,2014-05-30,spx_eod_201405.txt
2014-06-27,2499,2014-05-01,2014-05-30,spx_eod_201405.txt
2014-06-30,2919,2014-05-01,2014-05-30,spx_eod_201405.txt
2014-07-03,1904,2014-05-08,2014-05-30,spx_eod_201405.txt
2014-07-11,660,2014-05-22,2014-05-30,spx_eod_201405.txt
2014-07-17,3699,2014-05-01,2014-05-30,spx_eod_201405.txt
2014-07-25,220,2014-05-29,2014-05-30,spx_eod_201405.txt
2014-08-14,2358,2014-05-01,2014-05-30,spx_eod_201405.txt
2014-09-18,1918,2014-05-01,2014-05-30,spx_eod_201405.txt
2014-09-30,1075,2014-05-01,2014-05-30,spx_eod_201405.txt
2014-12-18,1596,2014-05-01,2014-05-30,spx_eod_201405.txt
2014-12-31,1113,2014-05-01,2014-05-30,spx_eod_201405.txt
2015-01-15,1512,2014-05-01,2014-05-30,spx_eod_201405.txt
2015-03-19,1134,2014-05-01,2014-05-30,spx_eod_201405.txt
2015-03-31,1029,2014-05-01,2014-05-30,spx_eod_201405.txt
2015-06-18,1575,2014-05-01,2014-05-30,spx_eod_201405.txt
2015-12-18,1491,2014-05-01,2014-05-30,spx_eod_201405.txt
2016-01-14,594,2014-05-19,2014-05-30,spx_eod_201405.txt
2016-12-15,1449,2014-05-01,2014-05-30,spx_eod_201405.txt
2014-06-06,595,2014-06-02,2014-06-06,spx_eod_201406.txt
2014-06-13,1210,2014-06-02,2014-06-13,spx_eod_201406.txt
2014-06-19,3010,2014-06-02,2014-06-19,spx_eod_201406.txt
2014-06-27,2436,2014-06-02,2014-06-27,spx_eod_201406.txt
2014-06-30,2979,2014-06-02,2014-06-30,spx_eod_201406.txt
2014-07-03,2639,2014-06-02,2014-06-30,spx_eod_201406.txt
2014-07-11,2434,2014-06-02,2014-06-30,spx_eod_201406.txt
2014-07-17,3912,2014-06-02,2014-06-30,spx_eod_201406.txt
2014-07-25,2484,2014-06-02,2014-06-30,spx_eod_201406.txt
2014-08-01,2118,2014-06-05,2014-06-30,spx_eod_201406.txt
2014-08-08,1573,2014-06-12,2014-06-30,spx_eod_201406.txt
2014-08-14,3310,2014-06-02,2014-06-30,spx_eod_201406.txt
2014-08-22,357,2014-06-26,2014-06-30,spx_eod_201406.txt
2014-09-18,3023,2014-06-02,2014-06-30,spx_eod_201406.txt
2014-09-30,1106,2014-06-02,2014-06-30,spx_eod_201406.txt
2014-10-16,422,2014-06-23,2014-06-30,spx_eod_201406.txt
2014-12-18,1644,2014-06-02,2014-06-30,spx_eod_201406.txt
2014-12-31,1181,2014-06-02,2014-06-30,spx_eod_201406.txt
2015-01-15,1512,2014-06-02,2014-06-30,spx_eod_201406.txt
2015-03-19,1134,2014-06-02,2014-06-30,spx_eod_201406.txt
2015-03-31,1029,2014-06-02,2014-06-30,spx_eod_201406.txt
2015-06-18,1575,2014-06-02,2014-06-30,spx_eod_201406.txt
2015-12-18,1539,2014-06-02,2014-06-30,spx_eod_201406.txt
2016-01-14,1386,2014-06-02,2014-06-30,spx_eod_201406.txt
2016-06-16,300,2014-06-25,2014-06-30,spx_eod_201406.txt
2016-12-15,1449,2014-06-02,2014-06-30,spx_eod_201406.txt
2014-07-03,384,2014-07-01,2014-07-03,spx_eod_201407.txt
2014-07-11,944,2014-07-01,2014-07-11,spx_eod_201407.txt
2014-07-17,2244,2014-07-01,2014-07-17,spx_eod_201407.txt
2014-07-25,2214,2014-07-01,2014-07-25,spx_eod_201407.txt
2014-08-01,2656,2014-07-01,2014-07-31,spx_eod_201407.txt
2014-08-08,2690,2014-07-01,2014-07-31,spx_eod_201407.txt
2014-08-14,4048,2014-07-01,2014-07-31,spx_eod_201407.txt
2014-08-22,2618,2014-07-01,2014-07-31,spx_eod_201407.txt
2014-08-29,2261,2014-07-07,2014-07-31,spx_eod_201407.txt
2014-09-05,1968,2014-07-10,2014-07-31,spx_eod_201407.txt
2014-09-12,750,2014-07-24,2014-07-31,spx_eod_201407.txt
2014-09-18,4389,2014-07-01,2014-07-31,spx_eod_201407.txt
2014-09-26,125,2014-07-31,2014-07-31,spx_eod_201407.txt
2014-09-30,2878,2014-07-01,2014-07-31,spx_eod_201407.txt
2014-10-16,2357,2014-07-01,2014-07-31,spx_eod_201407.txt
2014-10-31,645,2014-07-07,2014-07-31,spx_eod_201407.txt
2014-11-20,648,2014-07-17,2014-07-31,spx_eod_201407.txt
2014-11-28,703,2014-07-07,2014-07-31,spx_eod_201407.txt
2014-12-18,1760,2014-07-01,2014-07-31,spx_eod_201407.txt
2014-12-31,1272,2014-07-01,2014-07-31,spx_eod_201407.txt
2015-01-15,1630,2014-07-01,2014-07-31,spx_eod_201407.txt
2015-01-30,835,2014-07-07,2014-07-31,spx_eod_201407.txt
2015-03-19,1205,2014-07-01,2014-07-31,spx_eod_201407.txt
2015-03-31,1114,2014-07-01,2014-07-31,spx_eod_201407.txt
2015-06-18,1658,2014-07-01,2014-07-31,spx_eod_201407.txt
2015-06-30,1162,2014-07-01,2014-07-31,spx_eod_201407.txt
2015-12-18,1670,2014-07-01,2014-07-31,spx_eod_201407.txt
2016-01-14,1460,2014-07-01,2014-07-31,spx_eod_201407.txt
2016-06-16,1662,2014-07-01,2014-07-31,spx_eod_201407.txt
2016-12-15,1610,2014-07-01,2014-07-31,spx_eod_201407.txt
2014-08-01,121,2014-08-01,2014-08-01,spx_eod_201408.txt
2014-08-08,615,2014-08-01,2014-08-08,spx_eod_201408.txt
2014-08-14,1656,2014-08-01,2014-08-14,spx_eod_201408.txt
2014-08-22,1785,2014-08-01,2014-08-22,spx_eod_201408.txt
2014-08-29,2380,2014-08-01,2014-08-29,spx_eod_201408.txt
2014-09-05,2475,2014-08-01,2014-08-29,spx_eod_201408.txt
2014-09-12,2530,2014-08-01,2014-08-29,spx_eod_201408.txt
2014-09-18,4320,2014-08-01,2014-08-29,spx_eod_201408.txt
2014-09-26,2500,2014-08-01,2014-08-29,spx_eod_201408.txt
2014-09-30,3170,2014-08-01,2014-08-29,spx_eod_201408.txt
2014-10-03,2125,2014-08-07,2014-08-29,spx_eod_201408.txt
2014-10-10,875,2014-08-21,2014-08-29,spx_eod_201408.txt
2014-10-16,3775,2014-08-01,2014-08-29,spx_eod_201408.txt
2014-10-24,274,2014-08-28,2014-08-29,spx_eod_201408.txt
2014-10-31,1840,2014-08-01,2014-08-29,spx_eod_201408.txt
2014-11-20,2323,2014-08-01,2014-08-29,spx_eod_201408.txt
2014-11-28,1064,2014-08-01,2014-08-29,spx_eod_201408.txt
2014-12-18,1965,2014-08-01,2014-08-29,spx_eod_201408.txt
2014-12-31,1909,2014-08-01,2014-08-29,spx_eod_201408.txt
2015-01-15,1540,2014-08-01,2014-08-29,spx_eod_201408.txt
2015-01-30,900,2014-08-01,2014-08-29,spx_eod_201408.txt
2015-03-19,1160,2014-08-01,2014-08-29,spx_eod_201408.txt
2015-03-31,1060,2014-08-01,2014-08-29,spx_eod_201408.txt
2015-06-18,1540,2014-08-01,2014-08-29,spx_eod_201408.txt
2015-06-30,1080,2014-08-01,2014-08-29,spx_eod_201408.txt
2015-12-18,1600,2014-08-01,2014-08-29,spx_eod_201408.txt
2016-01-14,1360,2014-08-01,2014-08-29,spx_eod_201408.txt
2016-06-16,1580,2014-08-01,2014-08-29,spx_eod_201408.txt
2016-12-15,1680,2014-08-01,2014-08-29,spx_eod_201408.txt
2014-09-05,496,2014-09-02,2014-09-05,spx_eod_201409.txt
2014-09-12,1152,2014-09-02,2014-09-12,spx_eod_201409.txt
2014-09-18,2808,2014-09-02,2014-09-18,spx_eod_201409.txt
2014-09-26,2441,2014-09-02,2014-09-26,spx_eod_201409.txt
2014-09-30,3408,2014-09-02,2014-09-30,spx_eod_201409.txt
2014-10-03,2833,2014-09-02,2014-09-30,spx_eod_201409.txt
2014-10-10,2885,2014-09-02,2014-09-30,spx_eod_201409.txt
2014-10-16,4032,2014-09-02,2014-09-30,spx_eod_201409.txt
2014-10-24,3165,2014-09-02,2014-09-30,spx_eod_201409.txt
2014-10-31,3102,2014-09-02,2014-09-30,spx_eod_201409.txt
2014-11-07,2939,2014-09-04,2014-09-30,spx_eod_201409.txt
2014-11-14,2226,2014-09-11,2014-09-30,spx_eod_201409.txt
2014-11-20,3632,2014-09-02,2014-09-30,spx_eod_201409.txt
2014-11-28,2720,2014-09-02,2014-09-30,spx_eod_201409.txt
2014-12-05,592,2014-09-25,2014-09-30,spx_eod_201409.txt
2014-12-18,3069,2014-09-02,2014-09-30,spx_eod_201409.txt
2014-12-31,2940,2014-09-02,2014-09-30,spx_eod_201409.txt
2015-01-15,2049,2014-09-02,2014-09-30,spx_eod_201409.txt
2015-01-30,945,2014-09-02,2014-09-30,spx_eod_201409.txt
2015-02-27,945,2014-09-02,2014-09-30,spx_eod_201409.txt
2015-03-19,1218,2014-09-02,2014-09-30,spx_eod_201409.txt
2015-03-31,1114,2014-09-02,2014-09-30,spx_eod_201409.txt
2015-06-18,1637,2014-09-02,2014-09-30,spx_eod_201409.txt
2015-06-30,1134,2014-09-02,2014-09-30,spx_eod_201409.txt
2015-09-17,476,2014-09-22,2014-09-30,spx_eod_201409.txt
2015-12-18,1680,2014-09-02,2014-09-30,spx_eod_201409.txt
2016-01-14,1428,2014-09-02,2014-09-30,spx_eod_201409.txt
2016-06-16,1680,2014-09-02,2014-09-30,spx_eod_201409.txt
2016-12-15,1764,2014-09-02,2014-09-30,spx_eod_201409.txt
2014-10-03,414,2014-10-01,2014-10-03,spx_eod_201410.txt
2014-10-10,1136,2014-10-01,2014-10-10,spx_eod_201410.txt
2014-10-16,2304,2014-10-01,2014-10-16,spx_eod_201410.txt
2014-10-24,2852,2014-10-01,2014-10-24,spx_eod_201410.txt
2014-10-31,3808,2014-10-01,2014-10-31,spx_eod_201410.txt
2014-11-07,3879,2014-10-01,2014-10-31,spx_eod_201410.txt
2014-11-14,3922,2014-10-01,2014-10-31,spx_eod_201410.txt
2014-11-20,4519,2014-10-01,2014-10-31,spx_eod_201410.txt
2014-11-28,3923,2014-10-01,2014-10-31,spx_eod_201410.txt
2014-12-05,3778,2014-10-01,2014-10-31,spx_eod_201410.txt
2014-12-12,3546,2014-10-02,2014-10-31,spx_eod_201410.txt
2014-12-18,4693,2014-10-01,2014-10-31,spx_eod_201410.txt
2014-12-26,2709,2014-10-09,2014-10-31,spx_eod_201410.txt
2014-12-31,3894,2014-10-01,2014-10-31,spx_eod_201410.txt
2015-01-02,1022,2014-10-23,2014-10-31,spx_eod_201410.txt
2015-01-09,296,2014-10-30,2014-10-31,spx_eod_201410.txt
2015-01-15,3306,2014-10-01,2014-10-31,spx_eod_201410.txt
2015-01-30,1143,2014-10-01,2014-10-31,spx_eod_201410.txt
2015-02-19,823,2014-10-20,2014-10-31,spx_eod_201410.txt
2015-02-27,1143,2014-10-01,2014-10-31,spx_eod_201410.txt
2015-03-19,1334,2014-10-01,2014-10-31,spx_eod_201410.txt
2015-03-31,1242,2014-10-01,2014-10-31,spx_eod_201410.txt
2015-06-18,1794,2014-10-01,2014-10-31,spx_eod_201410.txt
2015-06-30,1242,2014-10-01,2014-10-31,spx_eod_201410.txt
2015-09-17,1564,2014-10-01,2014-10-31,spx_eod_201410.txt
2015-09-30,1196,2014-10-01,2014-10-31,spx_eod_201410.txt
2015-12-18,1840,2014-10-01,2014-10-31,spx_eod_201410.txt
2016-01-14,1564,2014-10-01,2014-10-31,spx_eod_201410.txt
2016-06-16,1840,2014-10-01,2014-10-31,spx_eod_201410.txt
2016-12-15,1932,2014-10-01,2014-10-31,spx_eod_201410.txt
2014-11-07,885,2014-11-03,2014-11-07,spx_eod_201411.txt
2014-11-14,1780,2014-11-03,2014-11-14,spx_eod_201411.txt
2014-11-20,2800,2014-11-03,2014-11-20,spx_eod_201411.txt
2014-11-28,3382,2014-11-03,2014-11-28,spx_eod_201411.txt
2014-12-05,3391,2014-11-03,2014-11-28,spx_eod_201411.txt
2014-12-12,3339,2014-11-03,2014-11-28,spx_eod_201411.txt
2014-12-18,4335,2014-11-03,2014-11-28,spx_eod_201411.txt
2014-12-26,3429,2014-11-03,2014-11-28,spx_eod_201411.txt
2014-12-31,3970,2014-11-03,2014-11-28,spx_eod_201411.txt
2015-01-02,2894,2014-11-03,2014-11-28,spx_eod_201411.txt
2015-01-09,2954,2014-11-03,2014-11-28,spx_eod_201411.txt
2015-01-15,3612,2014-11-03,2014-11-28,spx_eod_201411.txt
2015-01-23,2427,2014-11-06,2014-11-28,spx_eod_201411.txt
2015-01-30,2187,2014-11-03,2014-11-28,spx_eod_201411.txt
2015-02-06,1694,2014-11-13,2014-11-28,spx_eod_201411.txt
2015-02-13,306,2014-11-26,2014-11-28,spx_eod_201411.txt
2015-02-19,2264,2014-11-03,2014-11-28,spx_eod_201411.txt
2015-02-27,1026,2014-11-03,2014-11-28,spx_eod_201411.txt
2015-03-19,1102,2014-11-03,2014-11-28,spx_eod_201411.txt
2015-03-31,1026,2014-11-03,2014-11-28,spx_eod_201411.txt
2015-04-29,893,2014-11-03,2014-11-28,spx_eod_201411.txt
2015-06-18,1482,2014-11-03,2014-11-28,spx_eod_201411.txt
2015-06-30,1026,2014-11-03,2014-11-28,spx_eod_201411.txt
2015-09-17,1292,2014-11-03,2014-11-28,spx_eod_201411.txt
2015-09-30,988,2014-11-03,2014-11-28,spx_eod_201411.txt
2015-12-18,1520,2014-11-03,2014-11-28,spx_eod_201411.txt
2016-01-14,1292,2014-11-03,2014-11-28,spx_eod_201411.txt
2016-06-16,1520,2014-11-03,2014-11-28,spx_eod_201411.txt
2016-12-15,1596,2014-11-03,2014-11-28,spx_eod_201411.txt
2014-12-05,728,2014-12-01,2014-12-04,spx_eod_201412.txt
2014-12-12,1611,2014-12-01,2014-12-12,spx_eod_201412.txt
2014-12-18,3055,2014-12-01,2014-12-18,spx_eod_201412.txt
2014-12-26,3312,2014-12-01,2014-12-26,spx_eod_201412.txt
2014-12-31,4452,2014-12-01,2014-12-31,spx_eod_201412.txt
2015-01-02,3408,2014-12-01,2014-12-31,spx_eod_201412.txt
2015-01-09,3458,2014-12-01,2014-12-31,spx_eod_201412.txt
2015-01-15,4527,2014-12-01,2014-12-31,spx_eod_201412.txt
2015-01-23,3304,2014-12-01,2014-12-31,spx_eod_201412.txt
2015-01-30,3299,2014-12-01,2014-12-31,spx_eod_201412.txt
2015-02-06,3237,2014-12-01,2014-12-31,spx_eod_201412.txt
2015-02-13,3217,2014-12-01,2014-12-31,spx_eod_201412.txt
2015-02-19,3732,2014-12-01,2014-12-31,spx_eod_201412.txt
2015-02-27,3110,2014-12-01,2014-12-31,spx_eod_201412.txt
2015-03-06,2324,2014-12-11,2014-12-31,spx_eod_201412.txt
2015-03-13,850,2014-12-24,2014-12-31,spx_eod_201412.txt
2015-03-19,2831,2014-12-01,2014-12-31,spx_eod_201412.txt
2015-03-27,158,2014-12-31,2014-12-31,spx_eod_201412.txt
2015-03-31,1218,2014-12-01,2014-12-31,spx_eod_201412.txt
2015-04-16,892,2014-12-22,2014-12-31,spx_eod_201412.txt
2015-04-29,1071,2014-12-01,2014-12-31,spx_eod_201412.txt
2015-05-29,1071,2014-12-01,2014-12-31,spx_eod_201412.txt
2015-06-18,1650,2014-12-01,2014-12-31,spx_eod_201412.txt
2015-06-30,1176,2014-12-01,2014-12-31,spx_eod_201412.txt
2015-09-17,1458,2014-12-01,2014-12-31,spx_eod_201412.txt
2015-09-30,1134,2014-12-01,2014-12-31,spx_eod_201412.txt
2015-12-18,1704,2014-12-01,2014-12-31,spx_eod_201412.txt
2015-12-31,434,2014-12-22,2014-12-31,spx_eod_201412.txt
2016-01-14,1466,2014-12-01,2014-12-31,spx_eod_201412.txt
2016-06-16,1680,2014-12-01,2014-12-31,spx_eod_201412.txt
2016-12-15,1764,2014-12-01,2014-12-31,spx_eod_201412.txt
2017-12-14,460,2014-12-24,2014-12-31,spx_eod_201412.txt
2015-01-02,164,2015-01-02,2015-01-02,spx_eod_201501.txt
2015-01-09,996,2015-01-02,2015-01-09,spx_eod_201501.txt
2015-01-15,2160,2015-01-02,2015-01-15,spx_eod_201501.txt
2015-01-23,2385,2015-01-02,2015-01-23,spx_eod_201501.txt
2015-01-30,3188,2015-01-02,2015-01-30,spx_eod_201501.txt
2015-02-06,3191,2015-01-02,2015-01-30,spx_eod_201501.txt
2015-02-13,3235,2015-01-02,2015-01-30,spx_eod_201501.txt
2015-02-19,4232,2015-01-02,2015-01-30,spx_eod_201501.txt
2015-02-27,3351,2015-01-02,2015-01-30,spx_eod_201501.txt
2015-03-06,3380,2015-01-02,2015-01-30,spx_eod_201501.txt
2015-03-13,3470,2015-01-02,2015-01-30,spx_eod_201501.txt
2015-03-19,3974,2015-01-02,2015-01-30,spx_eod_201501.txt
2015-03-27,3241,2015-01-02,2015-01-30,spx_eod_201501.txt
2015-03-31,2061,2015-01-02,2015-01-30,spx_eod_201501.txt
2015-04-01,1476,2015-01-08,2015-01-21,spx_eod_201501.txt
2015-04-02,1154,2015-01-22,2015-01-30,spx_eod_201501.txt
2015-04-10,1143,2015-01-22,2015-01-30,spx_eod_201501.txt
2015-04-16,2860,2015-01-02,2015-01-30,spx_eod_201501.txt
2015-04-24,328,2015-01-29,2015-01-30,spx_eod_201501.txt
2015-04-29,690,2015-01-02,2015-01-21,spx_eod_201501.txt
2015-04-30,388,2015-01-22,2015-01-30,spx_eod_201501.txt
2015-05-14,724,2015-01-20,2015-01-30,spx_eod_201501.txt
2015-05-29,1078,2015-01-02,2015-01-30,spx_eod_201501.txt
2015-06-18,1620,2015-01-02,2015-01-30,spx_eod_201501.txt
2015-06-30,1126,2015-01-02,2015-01-30,spx_eod_201501.txt
2015-09-17,1464,2015-01-02,2015-01-30,spx_eod_201501.txt
2015-09-30,1086,2015-01-02,2015-01-30,spx_eod_201501.txt
2015-12-18,1844,2015-01-02,2015-01-30,spx_eod_201501.txt
2015-12-31,1248,2015-01-02,2015-01-30,spx_eod_201501.txt
2016-01-14,1484,2015-01-02,2015-01-30,spx_eod_201501.txt
2016-06-16,1604,2015-01-02,2015-01-30,spx_eod_201501.txt
2016-12-15,1092,2015-01-02,2015-01-21,spx_eod_201501.txt
2016-12-16,588,2015-01-22,2015-01-30,spx_eod_201501.txt
2017-12-14,1196,2015-01-02,2015-01-21,spx_eod_201501.txt
2017-12-15,644,2015-01-22,2015-01-30,spx_eod_201501.txt
2015-02-06,805,2015-02-02,2015-02-06,spx_eod_201502.txt
2015-02-13,1650,2015-02-02,2015-02-13,spx_eod_201502.txt
2015-02-19,2782,2015-02-02,2015-02-19,spx_eod_201502.txt
2015-02-27,3211,2015-02-02,2015-02-27,spx_eod_201502.txt
2015-03-06,3268,2015-02-02,2015-02-27,spx_eod_201502.txt
2015-03-13,3382,2015-02-02,2015-02-27,spx_eod_201502.txt
2015-03-19,4054,2015-02-02,2015-02-27,spx_eod_201502.txt
2015-03-27,3179,2015-02-02,2015-02-27,spx_eod_201502.txt
2015-03-31,3128,2015-02-02,2015-02-27,spx_eod_201502.txt
2015-04-02,3225,2015-02-02,2015-02-27,spx_eod_201502.txt
2015-04-10,3156,2015-02-02,2015-02-27,spx_eod_201502.txt
2015-04-16,3647,2015-02-02,2015-02-27,spx_eod_201502.txt
2015-04-24,3156,2015-02-02,2015-02-27,spx_eod_201502.txt
2015-04-30,1601,2015-02-02,2015-02-27,spx_eod_201502.txt
2015-05-01,2654,2015-02-05,2015-02-27,spx_eod_201502.txt
2015-05-08,1885,2015-02-12,2015-02-27,spx_eod_201502.txt
2015-05-14,2425,2015-02-02,2015-02-27,spx_eod_201502.txt
2015-05-22,350,2015-02-26,2015-02-27,spx_eod_201502.txt
2015-05-29,1121,2015-02-02,2015-02-27,spx_eod_201502.txt
2015-06-18,1991,2015-02-02,2015-02-27,spx_eod_201502.txt
2015-06-30,1121,2015-02-02,2015-02-27,spx_eod_201502.txt
2015-07-31,1140,2015-02-02,2015-02-27,spx_eod_201502.txt
2015-09-17,1406,2015-02-02,2015-02-27,spx_eod_201502.txt
2015-09-30,1119,2015-02-02,2015-02-27,spx_eod_201502.txt
2015-12-18,1806,2015-02-02,2015-02-27,spx_eod_201502.txt
2015-12-31,1254,2015-02-02,2015-02-27,spx_eod_201502.txt
2016-01-14,1425,2015-02-02,2015-02-27,spx_eod_201502.txt
2016-06-16,1539,2015-02-02,2015-02-27,spx_eod_201502.txt
2016-12-16,1596,2015-02-02,2015-02-27,spx_eod_201502.txt
2017-12-15,1748,2015-02-02,2015-02-27,spx_eod_201502.txt
2015-03-06,860,2015-03-02,2015-03-06,spx_eod_201503.txt
2015-03-13,1775,2015-03-02,2015-03-13,spx_eod_201503.txt
2015-03-19,3052,2015-03-02,2015-03-19,spx_eod_201503.txt
2015-03-27,3425,2015-03-02,2015-03-27,spx_eod_201503.txt
2015-03-31,4097,2015-03-02,2015-03-31,spx_eod_201503.txt
2015-04-02,4163,2015-03-02,2015-03-31,spx_eod_201503.txt
2015-04-10,3779,2015-03-02,2015-03-31,spx_eod_201503.txt
2015-04-16,5038,2015-03-02,2015-03-31,spx_eod_201503.txt
2015-04-24,3767,2015-03-02,2015-03-31,spx_eod_201503.txt
2015-04-30,3921,2015-03-02,2015-03-31,spx_eod_201503.txt
2015-05-01,3737,2015-03-02,2015-03-31,spx_eod_201503.txt
2015-05-08,3803,2015-03-02,2015-03-31,spx_eod_201503.txt
2015-05-14,4882,2015-03-02,2015-03-31,spx_eod_201503.txt
2015-05-22,3840,2015-03-02,2015-03-31,spx_eod_201503.txt
2015-05-29,3537,2015-03-02,2015-03-31,spx_eod_201503.txt
2015-06-05,3365,2015-03-05,2015-03-31,spx_eod_201503.txt
2015-06-12,2352,2015-03-12,2015-03-31,spx_eod_201503.txt
2015-06-18,4368,2015-03-02,2015-03-31,spx_eod_201503.txt
2015-06-26,672,2015-03-26,2015-03-31,spx_eod_201503.txt
2015-06-30,1717,2015-03-02,2015-03-31,spx_eod_201503.txt
2015-07-16,614,2015-03-23,2015-03-31,spx_eod_201503.txt
2015-07-31,1303,2015-03-02,2015-03-31,spx_eod_201503.txt
2015-08-31,1303,2015-03-02,2015-03-31,spx_eod_201503.txt
2015-09-17,1628,2015-03-02,2015-03-31,spx_eod_201503.txt
2015-09-30,1281,2015-03-02,2015-03-31,spx_eod_201503.txt
2015-12-18,2112,2015-03-02,2015-03-31,spx_eod_201503.txt
2015-12-31,1435,2015-03-02,2015-03-31,spx_eod_201503.txt
2016-01-14,1650,2015-03-02,2015-03-31,spx_eod_201503.txt
2016-03-17,560,2015-03-23,2015-03-31,spx_eod_201503.txt
2016-03-31,245,2015-03-23,2015-03-31,spx_eod_201503.txt
2016-06-16,1782,2015-03-02,2015-03-31,spx_eod_201503.txt
2016-12-16,1848,2015-03-02,2015-03-31,spx_eod_201503.txt
2017-12-15,2024,2015-03-02,2015-03-31,spx_eod_201503.txt
2015-04-02,378,2015-04-01,2015-04-02,spx_eod_201504.txt
2015-04-10,1204,2015-04-01,2015-04-10,spx_eod_201504.txt
2015-04-16,2519,2015-04-01,2015-04-16,spx_eod_201504.txt
2015-04-24,2907,2015-04-01,2015-04-24,spx_eod_201504.txt
2015-04-30,3738,2015-04-01,2015-04-30,spx_eod_201504.txt
2015-05-01,3591,2015-04-01,2015-04-30,spx_eod_201504.txt
2015-05-08,3654,2015-04-01,2015-04-30,spx_eod_201504.txt
2015-05-14,4935,2015-04-01,2015-04-30,spx_eod_201504.txt
2015-05-22,3699,2015-04-01,2015-04-30,spx_eod_201504.txt
2015-05-29,3778,2015-04-01,2015-04-30,spx_eod_201504.txt
2015-06-05,3758,2015-04-01,2015-04-30,spx_eod_201504.txt
2015-06-12,3557,2015-04-01,2015-04-30,spx_eod_201504.txt
2015-06-18,5253,2015-04-01,2015-04-30,spx_eod_201504.txt
2015-06-26,3552,2015-04-01,2015-04-30,spx_eod_201504.txt
2015-06-30,3531,2015-04-01,2015-04-30,spx_eod_201504.txt
2015-07-02,3384,2015-04-02,2015-04-30,spx_eod_201504.txt
2015-07-10,2696,2015-04-09,2015-04-30,spx_eod_201504.txt
2015-07-16,2946,2015-04-01,2015-04-30,spx_eod_201504.txt
2015-07-24,1020,2015-04-23,2015-04-30,spx_eod_201504.txt
2015-07-31,2259,2015-04-01,2015-04-30,spx_eod_201504.txt
2015-08-07,171,2015-04-30,2015-04-30,spx_eod_201504.txt
2015-08-20,914,2015-04-20,2015-04-30,spx_eod_201504.txt
2015-08-31,1239,2015-04-01,2015-04-30,spx_eod_201504.txt
2015-09-17,1554,2015-04-01,2015-04-30,spx_eod_201504.txt
2015-09-30,1218,2015-04-01,2015-04-30,spx_eod_201504.txt
2015-12-18,2016,2015-04-01,2015-04-30,spx_eod_201504.txt
2015-12-31,1365,2015-04-01,2015-04-30,spx_eod_201504.txt
2016-01-14,1575,2015-04-01,2015-04-30,spx_eod_201504.txt
2016-03-17,1680,2015-04-01,2015-04-30,spx_eod_201504.txt
2016-03-31,735,2015-04-01,2015-04-30,spx_eod_201504.txt
2016-06-16,1701,2015-04-01,2015-04-30,spx_eod_201504.txt
2016-12-16,1764,2015-04-01,2015-04-30,spx_eod_201504.txt
2017-12-15,1932,2015-04-01,2015-04-30,spx_eod_201504.txt
2015-05-01,171,2015-05-01,2015-05-01,spx_eod_201505.txt
2015-05-08,1044,2015-05-01,2015-05-08,spx_eod_201505.txt
2015-05-14,2350,2015-05-01,2015-05-14,spx_eod_201505.txt
2015-05-22,2864,2015-05-01,2015-05-22,spx_eod_201505.txt
2015-05-29,3680,2015-05-01,2015-05-29,spx_eod_201505.txt
2015-06-05,3680,2015-05-01,2015-05-29,spx_eod_201505.txt
2015-06-12,3514,2015-05-01,2015-05-29,spx_eod_201505.txt
2015-06-18,5140,2015-05-01,2015-05-29,spx_eod_201505.txt
2015-06-26,3484,2015-05-01,2015-05-29,spx_eod_201505.txt
2015-06-30,3420,2015-05-01,2015-05-29,spx_eod_201505.txt
2015-07-02,3440,2015-05-01,2015-05-29,spx_eod_201505.txt
2015-07-10,3420,2015-05-01,2015-05-29,spx_eod_201505.txt
2015-07-16,4482,2015-05-01,2015-05-29,spx_eod_201505.txt
2015-07-24,3401,2015-05-01,2015-05-29,spx_eod_201505.txt
2015-07-31,3460,2015-05-01,2015-05-29,spx_eod_201505.txt
2015-08-07,3460,2015-05-01,2015-05-29,spx_eod_201505.txt
2015-08-14,2800,2015-05-07,2015-05-29,spx_eod_201505.txt
2015-08-20,3006,2015-05-01,2015-05-29,spx_eod_201505.txt
2015-08-28,1068,2015-05-21,2015-05-29,spx_eod_201505.txt
2015-08-31,1180,2015-05-01,2015-05-29,spx_eod_201505.txt
2015-09-04,356,2015-05-28,2015-05-29,spx_eod_201505.txt
2015-09-17,2448,2015-05-01,2015-05-29,spx_eod_201505.txt
2015-09-30,1198,2015-05-01,2015-05-29,spx_eod_201505.txt
2015-10-30,1102,2015-05-04,2015-05-29,spx_eod_201505.txt
2015-12-18,1923,2015-05-01,2015-05-29,spx_eod_201505.txt
2015-12-31,1300,2015-05-01,2015-05-29,spx_eod_201505.txt
2016-01-14,1500,2015-05-01,2015-05-29,spx_eod_201505.txt
2016-03-17,1603,2015-05-01,2015-05-29,spx_eod_201505.txt
2016-03-31,700,2015-05-01,2015-05-29,spx_eod_201505.txt
2016-06-16,1623,2015-05-01,2015-05-29,spx_eod_201505.txt
2016-12-16,1680,2015-05-01,2015-05-29,spx_eod_201505.txt
2017-12-15,1840,2015-05-01,2015-05-29,spx_eod_201505.txt
2015-06-05,920,2015-06-01,2015-06-05,spx_eod_201506.txt
2015-06-12,1760,2015-06-01,2015-06-12,spx_eod_201506.txt
2015-06-18,3598,2015-06-01,2015-06-18,spx_eod_201506.txt
2015-06-26,3520,2015-06-01,2015-06-26,spx_eod_201506.txt
2015-06-30,3838,2015-06-01,2015-06-30,spx_eod_201506.txt
2015-07-02,3784,2015-06-01,2015-06-30,spx_eod_201506.txt
2015-07-10,3762,2015-06-01,2015-06-30,spx_eod_201506.txt
2015-07-16,4972,2015-06-01,2015-06-30,spx_eod_201506.txt
2015-07-24,3822,2015-06-01,2015-06-30,spx_eod_201506.txt
2015-07-31,3856,2015-06-01,2015-06-30,spx_eod_201506.txt
2015-08-07,3806,2015-06-01,2015-06-30,spx_eod_201506.txt
2015-08-14,3850,2015-06-01,2015-06-30,spx_eod_201506.txt
2015-08-20,4772,2015-06-01,2015-06-30,spx_eod_201506.txt
2015-08-28,3916,2015-06-01,2015-06-30,spx_eod_201506.txt
2015-08-31,3338,2015-06-01,2015-06-30,spx_eod_201506.txt
2015-09-04,3916,2015-06-01,2015-06-30,spx_eod_201506.txt
2015-09-11,3382,2015-06-04,2015-06-30,spx_eod_201506.txt
2015-09-17,4110,2015-06-01,2015-06-30,spx_eod_201506.txt
2015-09-25,2492,2015-06-11,2015-06-30,spx_eod_201506.txt
2015-09-30,2364,2015-06-01,2015-06-30,spx_eod_201506.txt
2015-10-02,706,2015-06-25,2015-06-30,spx_eod_201506.txt
2015-10-15,704,2015-06-22,2015-06-30,spx_eod_201506.txt
2015-10-30,1276,2015-06-01,2015-06-30,spx_eod_201506.txt
2015-11-30,1276,2015-06-01,2015-06-30,spx_eod_201506.txt
2015-12-18,2138,2015-06-01,2015-06-30,spx_eod_201506.txt
2015-12-31,1430,2015-06-01,2015-06-30,spx_eod_201506.txt
2016-01-14,1650,2015-06-01,2015-06-30,spx_eod_201506.txt
2016-03-17,1782,2015-06-01,2015-06-30,spx_eod_201506.txt
2016-03-31,798,2015-06-01,2015-06-30,spx_eod_201506.txt
2016-06-16,1804,2015-06-01,2015-06-30,spx_eod_201506.txt
2016-06-30,280,2015-06-22,2015-06-30,spx_eod_201506.txt
2016-12-16,1848,2015-06-01,2015-06-30,spx_eod_201506.txt
2017-06-16,440,2015-06-24,2015-06-30,spx_eod_201506.txt
2017-12-15,2024,2015-06-01,2015-06-30,spx_eod_201506.txt
2015-07-02,344,2015-07-01,2015-07-02,spx_eod_201507.txt
2015-07-10,1197,2015-07-01,2015-07-10,spx_eod_201507.txt
2015-07-16,2486,2015-07-01,2015-07-16,spx_eod_201507.txt
2015-07-24,2975,2015-07-01,2015-07-24,spx_eod_201507.txt
2015-07-31,3894,2015-07-01,2015-07-31,spx_eod_201507.txt
2015-08-07,3806,2015-07-01,2015-07-31,spx_eod_201507.txt
2015-08-14,3850,2015-07-01,2015-07-31,spx_eod_201507.txt
2015-08-20,4840,2015-07-01,2015-07-31,spx_eod_201507.txt
2015-08-28,3937,2015-07-01,2015-07-31,spx_eod_201507.txt
2015-08-31,3938,2015-07-01,2015-07-31,spx_eod_201507.txt
2015-09-04,3937,2015-07-01,2015-07-31,spx_eod_201507.txt
2015-09-11,3937,2015-07-01,2015-07-31,spx_eod_201507.txt
2015-09-17,5114,2015-07-01,2015-07-31,spx_eod_201507.txt
2015-09-25,3937,2015-07-01,2015-07-31,spx_eod_201507.txt
2015-09-30,3872,2015-07-01,2015-07-31,spx_eod_201507.txt
2015-10-02,3915,2015-07-01,2015-07-31,spx_eod_201507.txt
2015-10-09,3780,2015-07-02,2015-07-31,spx_eod_201507.txt
2015-10-15,3149,2015-07-01,2015-07-31,spx_eod_201507.txt
2015-10-23,3043,2015-07-09,2015-07-31,spx_eod_201507.txt
2015-10-30,2029,2015-07-01,2015-07-31,spx_eod_201507.txt
2015-11-06,1246,2015-07-23,2015-07-31,spx_eod_201507.txt
2015-11-13,356,2015-07-30,2015-07-31,spx_eod_201507.txt
2015-11-19,909,2015-07-20,2015-07-31,spx_eod_201507.txt
2015-11-30,1276,2015-07-01,2015-07-31,spx_eod_201507.txt
2015-12-18,2156,2015-07-01,2015-07-31,spx_eod_201507.txt
2015-12-31,1430,2015-07-01,2015-07-31,spx_eod_201507.txt
2016-01-14,1650,2015-07-01,2015-07-31,spx_eod_201507.txt
2016-03-17,1782,2015-07-01,2015-07-31,spx_eod_201507.txt
2016-03-31,858,2015-07-01,2015-07-31,spx_eod_201507.txt
2016-06-16,1804,2015-07-01,2015-07-31,spx_eod_201507.txt
2016-06-30,880,2015-07-01,2015-07-31,spx_eod_201507.txt
2016-12-16,1848,2015-07-01,2015-07-31,spx_eod_201507.txt
2017-06-16,1936,2015-07-01,2015-07-31,spx_eod_201507.txt
2017-12-15,2024,2015-07-01,2015-07-31,spx_eod_201507.txt
2015-08-07,865,2015-08-03,2015-08-07,spx_eod_201508.txt
2015-08-14,1750,2015-08-03,2015-08-14,spx_eod_201508.txt
2015-08-20,3080,2015-08-03,2015-08-20,spx_eod_201508.txt
2015-08-28,3628,2015-08-03,2015-08-28,spx_eod_201508.txt
2015-08-31,3826,2015-08-03,2015-08-31,spx_eod_201508.txt
2015-09-04,3862,2015-08-03,2015-08-31,spx_eod_201508.txt
2015-09-11,3862,2015-08-03,2015-08-31,spx_eod_201508.txt
2015-09-17,5040,2015-08-03,2015-08-31,spx_eod_201508.txt
2015-09-25,3849,2015-08-03,2015-08-31,spx_eod_201508.txt
2015-09-30,3809,2015-08-03,2015-08-31,spx_eod_201508.txt
2015-10-02,3834,2015-08-03,2015-08-31,spx_eod_201508.txt
2015-10-09,3870,2015-08-03,2015-08-31,spx_eod_201508.txt
2015-10-15,4545,2015-08-03,2015-08-31,spx_eod_201508.txt
2015-10-23,3849,2015-08-03,2015-08-31,spx_eod_201508.txt
2015-10-30,3888,2015-08-03,2015-08-31,spx_eod_201508.txt
2015-11-06,3804,2015-08-03,2015-08-31,spx_eod_201508.txt
2015-11-13,3738,2015-08-03,2015-08-31,spx_eod_201508.txt
2015-11-19,2951,2015-08-03,2015-08-31,spx_eod_201508.txt
2015-11-27,3204,2015-08-06,2015-08-31,spx_eod_201508.txt
2015-11-30,1458,2015-08-03,2015-08-31,spx_eod_201508.txt
2015-12-04,2275,2015-08-13,2015-08-31,spx_eod_201508.txt
2015-12-11,455,2015-08-27,2015-08-31,spx_eod_201508.txt
2015-12-18,2258,2015-08-03,2015-08-31,spx_eod_201508.txt
2015-12-31,1437,2015-08-03,2015-08-31,spx_eod_201508.txt
2016-01-14,1575,2015-08-03,2015-08-31,spx_eod_201508.txt
2016-01-29,1218,2015-08-03,2015-08-31,spx_eod_201508.txt
2016-03-17,1709,2015-08-03,2015-08-31,spx_eod_201508.txt
2016-03-31,819,2015-08-03,2015-08-31,spx_eod_201508.txt
2016-06-16,1722,2015-08-03,2015-08-31,spx_eod_201508.txt
2016-06-30,840,2015-08-03,2015-08-31,spx_eod_201508.txt
2016-12-16,1764,2015-08-03,2015-08-31,spx_eod_201508.txt
2017-01-20,1536,2015-08-10,2015-08-31,spx_eod_201508.txt
2017-06-16,1848,2015-08-03,2015-08-31,spx_eod_201508.txt
2017-12-15,1932,2015-08-03,2015-08-31,spx_eod_201508.txt
2015-09-04,796,2015-09-01,2015-09-04,spx_eod_201509.txt
2015-09-11,1592,2015-09-01,2015-09-11,spx_eod_201509.txt
2015-09-17,2880,2015-09-01,2015-09-17,spx_eod_201509.txt
2015-09-25,3708,2015-09-01,2015-09-25,spx_eod_201509.txt
2015-09-30,4158,2015-09-01,2015-09-30,spx_eod_201509.txt
2015-10-02,4339,2015-09-01,2015-09-30,spx_eod_201509.txt
2015-10-09,4360,2015-09-01,2015-09-30,spx_eod_201509.txt
2015-10-15,4889,2015-09-01,2015-09-30,spx_eod_201509.txt
2015-10-23,4339,2015-09-01,2015-09-30,spx_eod_201509.txt
2015-10-30,4368,2015-09-01,2015-09-30,spx_eod_201509.txt
2015-11-06,4276,2015-09-01,2015-09-30,spx_eod_201509.txt
2015-11-13,3831,2015-09-01,2015-09-30,spx_eod_201509.txt
2015-11-19,4923,2015-09-01,2015-09-30,spx_eod_201509.txt
2015-11-27,3844,2015-09-01,2015-09-30,spx_eod_201509.txt
2015-11-30,4466,2015-09-01,2015-09-30,spx_eod_201509.txt
2015-12-04,3760,2015-09-01,2015-09-30,spx_eod_201509.txt
2015-12-11,3970,2015-09-01,2015-09-30,spx_eod_201509.txt
2015-12-18,4026,2015-09-01,2015-09-30,spx_eod_201509.txt
2015-12-24,3581,2015-09-03,2015-09-30,spx_eod_201509.txt
2015-12-31,4476,2015-09-01,2015-09-30,spx_eod_201509.txt
2016-01-08,860,2015-09-24,2015-09-30,spx_eod_201509.txt
2016-01-14,3093,2015-09-01,2015-09-30,spx_eod_201509.txt
2016-01-29,1488,2015-09-01,2015-09-30,spx_eod_201509.txt
2016-02-29,1227,2015-09-01,2015-09-30,spx_eod_201509.txt
2016-03-17,1722,2015-09-01,2015-09-30,spx_eod_201509.txt
2016-03-31,959,2015-09-01,2015-09-30,spx_eod_201509.txt
2016-06-16,1722,2015-09-01,2015-09-30,spx_eod_201509.txt
2016-06-30,840,2015-09-01,2015-09-30,spx_eod_201509.txt
2016-09-16,584,2015-09-21,2015-09-30,spx_eod_201509.txt
2016-09-30,480,2015-09-21,2015-09-30,spx_eod_201509.txt
2016-12-16,1764,2015-09-01,2015-09-30,spx_eod_201509.txt
2017-01-20,2016,2015-09-01,2015-09-30,spx_eod_201509.txt
2017-06-16,1848,2015-09-01,2015-09-30,spx_eod_201509.txt
2017-12-15,1932,2015-09-01,2015-09-30,spx_eod_201509.txt
2015-10-02,414,2015-10-01,2015-10-02,spx_eod_201510.txt
2015-10-09,1456,2015-10-01,2015-10-09,spx_eod_201510.txt
2015-10-15,2563,2015-10-01,2015-10-15,spx_eod_201510.txt
2015-10-23,3519,2015-10-01,2015-10-23,spx_eod_201510.txt
2015-10-30,4620,2015-10-01,2015-10-30,spx_eod_201510.txt
2015-11-06,4532,2015-10-01,2015-10-30,spx_eod_201510.txt
2015-11-13,4070,2015-10-01,2015-10-30,spx_eod_201510.txt
2015-11-19,5170,2015-10-01,2015-10-30,spx_eod_201510.txt
2015-11-27,4070,2015-10-01,2015-10-30,spx_eod_201510.txt
2015-11-30,4714,2015-10-01,2015-10-30,spx_eod_201510.txt
2015-12-04,3963,2015-10-01,2015-10-30,spx_eod_201510.txt
2015-12-11,4228,2015-10-01,2015-10-30,spx_eod_201510.txt
2015-12-18,5150,2015-10-01,2015-10-30,spx_eod_201510.txt
2015-12-24,4200,2015-10-01,2015-10-30,spx_eod_201510.txt
2015-12-31,4708,2015-10-01,2015-10-30,spx_eod_201510.txt
2016-01-08,3987,2015-10-01,2015-10-30,spx_eod_201510.txt
2016-01-14,4076,2015-10-01,2015-10-30,spx_eod_201510.txt
2016-01-22,1243,2015-10-22,2015-10-30,spx_eod_201510.txt
2016-01-29,3156,2015-10-01,2015-10-30,spx_eod_201510.txt
2016-02-18,1040,2015-10-19,2015-10-30,spx_eod_201510.txt
2016-02-29,1298,2015-10-01,2015-10-30,spx_eod_201510.txt
2016-03-17,1804,2015-10-01,2015-10-30,spx_eod_201510.txt
2016-03-31,1298,2015-10-01,2015-10-30,spx_eod_201510.txt
2016-06-16,1804,2015-10-01,2015-10-30,spx_eod_201510.txt
2016-06-30,991,2015-10-01,2015-10-30,spx_eod_201510.txt
2016-09-16,1606,2015-10-01,2015-10-30,spx_eod_201510.txt
2016-09-30,1320,2015-10-01,2015-10-30,spx_eod_201510.txt
2016-12-16,1848,2015-10-01,2015-10-30,spx_eod_201510.txt
2017-01-20,2112,2015-10-01,2015-10-30,spx_eod_201510.txt
2017-06-16,1936,2015-10-01,2015-10-30,spx_eod_201510.txt
2017-12-15,2024,2015-10-01,2015-10-30,spx_eod_201510.txt
2015-11-06,1030,2015-11-02,2015-11-06,spx_eod_201511.txt
2015-11-13,1850,2015-11-02,2015-11-13,spx_eod_201511.txt
2015-11-19,3290,2015-11-02,2015-11-19,spx_eod_201511.txt
2015-11-27,3519,2015-11-02,2015-11-27,spx_eod_201511.txt
2015-11-30,4325,2015-11-02,2015-11-30,spx_eod_201511.txt
2015-12-04,3625,2015-11-02,2015-11-30,spx_eod_201511.txt
2015-12-11,4041,2015-11-02,2015-11-30,spx_eod_201511.txt
2015-12-18,4968,2015-11-02,2015-11-30,spx_eod_201511.txt
2015-12-24,4043,2015-11-02,2015-11-30,spx_eod_201511.txt
2015-12-31,4297,2015-11-02,2015-11-30,spx_eod_201511.txt
2016-01-08,3858,2015-11-02,2015-11-30,spx_eod_201511.txt
2016-01-14,4655,2015-11-02,2015-11-30,spx_eod_201511.txt
2016-01-22,3623,2015-11-02,2015-11-30,spx_eod_201511.txt
2016-01-29,3801,2015-11-02,2015-11-30,spx_eod_201511.txt
2016-02-05,3065,2015-11-05,2015-11-30,spx_eod_201511.txt
2016-02-12,2177,2015-11-12,2015-11-30,spx_eod_201511.txt
2016-02-18,3068,2015-11-02,2015-11-30,spx_eod_201511.txt
2016-02-26,531,2015-11-25,2015-11-30,spx_eod_201511.txt
2016-02-29,2005,2015-11-02,2015-11-30,spx_eod_201511.txt
2016-03-17,2137,2015-11-02,2015-11-30,spx_eod_201511.txt
2016-03-31,1185,2015-11-02,2015-11-30,spx_eod_201511.txt
2016-04-29,1205,2015-11-02,2015-11-30,spx_eod_201511.txt
2016-06-16,1640,2015-11-02,2015-11-30,spx_eod_201511.txt
2016-06-30,1245,2015-11-02,2015-11-30,spx_eod_201511.txt
2016-09-16,1460,2015-11-02,2015-11-30,spx_eod_201511.txt
2016-09-30,1205,2015-11-02,2015-11-30,spx_eod_201511.txt
2016-12-16,1685,2015-11-02,2015-11-30,spx_eod_201511.txt
2017-01-20,1920,2015-11-02,2015-11-30,spx_eod_201511.txt
2017-06-16,1760,2015-11-02,2015-11-30,spx_eod_201511.txt
2017-12-15,1840,2015-11-02,2015-11-30,spx_eod_201511.txt
2015-12-04,728,2015-12-01,2015-12-04,spx_eod_201512.txt
2015-12-11,1827,2015-12-01,2015-12-11,spx_eod_201512.txt
2015-12-18,3237,2015-12-01,2015-12-17,spx_eod_201512.txt
2015-12-24,3690,2015-12-01,2015-12-24,spx_eod_201512.txt
2015-12-31,4796,2015-12-01,2015-12-31,spx_eod_201512.txt
2016-01-08,4304,2015-12-01,2015-12-31,spx_eod_201512.txt
2016-01-14,5214,2015-12-01,2015-12-31,spx_eod_201512.txt
2016-01-22,4040,2015-12-01,2015-12-31,spx_eod_201512.txt
2016-01-29,4238,2015-12-01,2015-12-31,spx_eod_201512.txt
2016-02-05,3982,2015-12-01,2015-12-31,spx_eod_201512.txt
2016-02-12,4004,2015-12-01,2015-12-31,spx_eod_201512.txt
2016-02-18,5158,2015-12-01,2015-12-31,spx_eod_201512.txt
2016-02-26,3894,2015-12-01,2015-12-31,spx_eod_201512.txt
2016-02-29,3982,2015-12-01,2015-12-31,spx_eod_201512.txt
2016-03-04,3530,2015-12-03,2015-12-31,spx_eod_201512.txt
2016-03-11,2505,2015-12-10,2015-12-31,spx_eod_201512.txt
2016-03-17,4059,2015-12-01,2015-12-31,spx_eod_201512.txt
2016-03-24,825,2015-12-24,2015-12-31,spx_eod_201512.txt
2016-03-31,1767,2015-12-01,2015-12-31,spx_eod_201512.txt
2016-04-14,568,2015-12-21,2015-12-31,spx_eod_201512.txt
2016-04-29,1342,2015-12-01,2015-12-31,spx_eod_201512.txt
2016-05-31,1386,2015-12-01,2015-12-31,spx_eod_201512.txt
2016-06-16,1804,2015-12-01,2015-12-31,spx_eod_201512.txt
2016-06-30,1386,2015-12-01,2015-12-31,spx_eod_201512.txt
2016-09-16,1626,2015-12-01,2015-12-31,spx_eod_201512.txt
2016-09-30,1342,2015-12-01,2015-12-31,spx_eod_201512.txt
2016-12-16,1870,2015-12-01,2015-12-31,spx_eod_201512.txt
2016-12-30,536,2015-12-21,2015-12-31,spx_eod_201512.txt
2017-01-20,2112,2015-12-01,2015-12-31,spx_eod_201512.txt
2017-06-16,1936,2015-12-01,2015-12-31,spx_eod_201512.txt
2017-12-15,2024,2015-12-01,2015-12-31,spx_eod_201512.txt
2018-12-21,552,2015-12-23,2015-12-31,spx_eod_201512.txt
2016-01-08,990,2016-01-04,2016-01-08,spx_eod_201601.txt
2016-01-14,2133,2016-01-04,2016-01-14,spx_eod_201601.txt
2016-01-22,2604,2016-01-04,2016-01-22,spx_eod_201601.txt
2016-01-29,3705,2016-01-04,2016-01-29,spx_eod_201601.txt
2016-02-05,3481,2016-01-04,2016-01-29,spx_eod_201601.txt
2016-02-12,3514,2016-01-04,2016-01-29,spx_eod_201601.txt
2016-02-18,4522,2016-01-04,2016-01-29,spx_eod_201601.txt
2016-02-26,3419,2016-01-04,2016-01-29,spx_eod_201601.txt
2016-02-29,3619,2016-01-04,2016-01-29,spx_eod_201601.txt
2016-03-04,3419,2016-01-04,2016-01-29,spx_eod_201601.txt
2016-03-11,3173,2016-01-04,2016-01-29,spx_eod_201601.txt
2016-03-17,4416,2016-01-04,2016-01-29,spx_eod_201601.txt
2016-03-24,3205,2016-01-04,2016-01-29,spx_eod_201601.txt
2016-03-31,2578,2016-01-04,2016-01-29,spx_eod_201601.txt
2016-04-01,2657,2016-01-07,2016-01-29,spx_eod_201601.txt
2016-04-08,1190,2016-01-21,2016-01-29,spx_eod_201601.txt
2016-04-14,2671,2016-01-04,2016-01-29,spx_eod_201601.txt
2016-04-29,1191,2016-01-04,2016-01-29,spx_eod_201601.txt
2016-05-19,868,2016-01-19,2016-01-29,spx_eod_201601.txt
2016-05-31,1229,2016-01-04,2016-01-29,spx_eod_201601.txt
2016-06-16,1558,2016-01-04,2016-01-29,spx_eod_201601.txt
2016-06-30,1229,2016-01-04,2016-01-29,spx_eod_201601.txt
2016-09-16,1406,2016-01-04,2016-01-29,spx_eod_201601.txt
2016-09-30,1191,2016-01-04,2016-01-29,spx_eod_201601.txt
2016-12-16,1615,2016-01-04,2016-01-29,spx_eod_201601.txt
2016-12-30,1273,2016-01-04,2016-01-29,spx_eod_201601.txt
2017-01-20,1824,2016-01-04,2016-01-29,spx_eod_201601.txt
2017-06-16,1672,2016-01-04,2016-01-29,spx_eod_201601.txt
2017-12-15,1748,2016-01-04,2016-01-29,spx_eod_201601.txt
2018-12-21,1748,2016-01-04,2016-01-29,spx_eod_201601.txt
2016-02-05,935,2016-02-01,2016-02-05,spx_eod_201602.txt
2016-02-12,1900,2016-02-01,2016-02-12,spx_eod_201602.txt
2016-02-18,3094,2016-02-01,2016-02-18,spx_eod_201602.txt
2016-02-26,3541,2016-02-01,2016-02-26,spx_eod_201602.txt
2016-02-29,3888,2016-02-01,2016-02-29,spx_eod_201602.txt
2016-03-02,425,2016-02-23,2016-02-29,spx_eod_201602.txt
2016-03-04,3728,2016-02-01,2016-02-29,spx_eod_201602.txt
2016-03-09,425,2016-02-23,2016-02-29,spx_eod_201602.txt
2016-03-11,3520,2016-02-01,2016-02-29,spx_eod_201602.txt
2016-03-17,4700,2016-02-01,2016-02-29,spx_eod_201602.txt
2016-03-24,3598,2016-02-01,2016-02-29,spx_eod_201602.txt
2016-03-31,3616,2016-02-01,2016-02-29,spx_eod_201602.txt
2016-04-01,3400,2016-02-01,2016-02-29,spx_eod_201602.txt
2016-04-08,3410,2016-02-01,2016-02-29,spx_eod_201602.txt
2016-04-14,4394,2016-02-01,2016-02-29,spx_eod_201602.txt
2016-04-22,2607,2016-02-04,2016-02-29,spx_eod_201602.txt
2016-04-29,2491,2016-02-01,2016-02-29,spx_eod_201602.txt
2016-05-06,1867,2016-02-11,2016-02-29,spx_eod_201602.txt
2016-05-13,476,2016-02-25,2016-02-29,spx_eod_201602.txt
2016-05-19,2951,2016-02-01,2016-02-29,spx_eod_201602.txt
2016-05-31,1300,2016-02-01,2016-02-29,spx_eod_201602.txt
2016-06-16,2268,2016-02-01,2016-02-29,spx_eod_201602.txt
2016-06-30,1312,2016-02-01,2016-02-29,spx_eod_201602.txt
2016-07-29,1292,2016-02-01,2016-02-29,spx_eod_201602.txt
2016-09-16,1492,2016-02-01,2016-02-29,spx_eod_201602.txt
2016-09-30,1260,2016-02-01,2016-02-29,spx_eod_201602.txt
2016-12-16,1719,2016-02-01,2016-02-29,spx_eod_201602.txt
2016-12-30,1359,2016-02-01,2016-02-29,spx_eod_201602.txt
2017-01-20,1920,2016-02-01,2016-02-29,spx_eod_201602.txt
2017-06-16,1760,2016-02-01,2016-02-29,spx_eod_201602.txt
2017-12-15,1840,2016-02-01,2016-02-29,spx_eod_201602.txt
2018-12-21,1840,2016-02-01,2016-02-29,spx_eod_201602.txt
2016-03-02,170,2016-03-01,2016-03-02,spx_eod_201603.txt
2016-03-04,748,2016-03-01,2016-03-04,spx_eod_201603.txt
2016-03-09,605,2016-03-01,2016-03-09,spx_eod_201603.txt
2016-03-11,1638,2016-03-01,2016-03-11,spx_eod_201603.txt
2016-03-16,1024,2016-03-01,2016-03-16,spx_eod_201603.txt
2016-03-17,3055,2016-03-01,2016-03-17,spx_eod_201603.txt
2016-03-23,1044,2016-03-08,2016-03-23,spx_eod_201603.txt
2016-03-24,3276,2016-03-01,2016-03-24,spx_eod_201603.txt
2016-03-30,968,2016-03-15,2016-03-30,spx_eod_201603.txt
2016-03-31,4004,2016-03-01,2016-03-31,spx_eod_201603.txt
2016-04-01,3740,2016-03-01,2016-03-31,spx_eod_201603.txt
2016-04-06,616,2016-03-22,2016-03-31,spx_eod_201603.txt
2016-04-08,4028,2016-03-01,2016-03-31,spx_eod_201603.txt
2016-04-13,270,2016-03-29,2016-03-31,spx_eod_201603.txt
2016-04-14,5199,2016-03-01,2016-03-31,spx_eod_201603.txt
2016-04-20,270,2016-03-29,2016-03-31,spx_eod_201603.txt
2016-04-22,3668,2016-03-01,2016-03-31,spx_eod_201603.txt
2016-04-29,3916,2016-03-01,2016-03-31,spx_eod_201603.txt
2016-05-06,3773,2016-03-01,2016-03-31,spx_eod_201603.txt
2016-05-13,3773,2016-03-01,2016-03-31,spx_eod_201603.txt
2016-05-19,4656,2016-03-01,2016-03-31,spx_eod_201603.txt
2016-05-27,3277,2016-03-04,2016-03-31,spx_eod_201603.txt
2016-05-31,3182,2016-03-01,2016-03-31,spx_eod_201603.txt
2016-06-03,2442,2016-03-10,2016-03-31,spx_eod_201603.txt
2016-06-10,117,2016-03-31,2016-03-31,spx_eod_201603.txt
2016-06-16,4251,2016-03-01,2016-03-31,spx_eod_201603.txt
2016-06-30,2358,2016-03-01,2016-03-31,spx_eod_201603.txt
2016-07-14,694,2016-03-21,2016-03-31,spx_eod_201603.txt
2016-07-29,1672,2016-03-01,2016-03-31,spx_eod_201603.txt
2016-08-31,1364,2016-03-01,2016-03-31,spx_eod_201603.txt
2016-09-16,1892,2016-03-01,2016-03-31,spx_eod_201603.txt
2016-09-30,1386,2016-03-01,2016-03-31,spx_eod_201603.txt
2016-12-16,1892,2016-03-01,2016-03-31,spx_eod_201603.txt
2016-12-30,1496,2016-03-01,2016-03-31,spx_eod_201603.txt
2017-01-20,2112,2016-03-01,2016-03-31,spx_eod_201603.txt
2017-03-17,576,2016-03-21,2016-03-31,spx_eod_201603.txt
2017-03-31,560,2016-03-21,2016-03-31,spx_eod_201603.txt
2017-06-16,1936,2016-03-01,2016-03-31,spx_eod_201603.txt
2017-12-15,2024,2016-03-01,2016-03-31,spx_eod_201603.txt
2018-12-21,2026,2016-03-01,2016-03-31,spx_eod_201603.txt
2016-04-01,170,2016-04-01,2016-04-01,spx_eod_201604.txt
2016-04-06,352,2016-04-01,2016-04-06,spx_eod_201604.txt
2016-04-08,1104,2016-04-01,2016-04-08,spx_eod_201604.txt
2016-04-13,810,2016-04-01,2016-04-13,spx_eod_201604.txt
2016-04-14,2370,2016-04-01,2016-04-14,spx_eod_201604.txt
2016-04-20,1170,2016-04-01,2016-04-20,spx_eod_201604.txt
2016-04-22,2630,2016-04-01,2016-04-22,spx_eod_201604.txt
2016-04-27,1424,2016-04-05,2016-04-27,spx_eod_201604.txt
2016-04-29,3680,2016-04-01,2016-04-29,spx_eod_201604.txt
2016-05-04,1163,2016-04-12,2016-04-29,spx_eod_201604.txt
2016-05-06,3620,2016-04-01,2016-04-29,spx_eod_201604.txt
2016-05-11,801,2016-04-19,2016-04-29,spx_eod_201604.txt
2016-05-13,3614,2016-04-01,2016-04-29,spx_eod_201604.txt
2016-05-18,360,2016-04-26,2016-04-29,spx_eod_201604.txt
2016-05-19,4550,2016-04-01,2016-04-29,spx_eod_201604.txt
2016-05-27,3688,2016-04-01,2016-04-29,spx_eod_201604.txt
2016-05-31,3554,2016-04-01,2016-04-29,spx_eod_201604.txt
2016-06-03,3575,2016-04-01,2016-04-29,spx_eod_201604.txt
2016-06-10,3138,2016-04-01,2016-04-29,spx_eod_201604.txt
2016-06-16,4704,2016-04-01,2016-04-29,spx_eod_201604.txt
2016-06-24,2206,2016-04-07,2016-04-29,spx_eod_201604.txt
2016-06-30,2900,2016-04-01,2016-04-29,spx_eod_201604.txt
2016-07-01,819,2016-04-21,2016-04-29,spx_eod_201604.txt
2016-07-14,2608,2016-04-01,2016-04-29,spx_eod_201604.txt
2016-07-29,2640,2016-04-01,2016-04-29,spx_eod_201604.txt
2016-08-18,884,2016-04-19,2016-04-29,spx_eod_201604.txt
2016-08-31,1252,2016-04-01,2016-04-29,spx_eod_201604.txt
2016-09-16,1745,2016-04-01,2016-04-29,spx_eod_201604.txt
2016-09-30,1287,2016-04-01,2016-04-29,spx_eod_201604.txt
2016-12-16,1720,2016-04-01,2016-04-29,spx_eod_201604.txt
2016-12-30,1360,2016-04-01,2016-04-29,spx_eod_201604.txt
2017-01-20,1920,2016-04-01,2016-04-29,spx_eod_201604.txt
2017-03-17,1440,2016-04-01,2016-04-29,spx_eod_201604.txt
2017-03-31,1400,2016-04-01,2016-04-29,spx_eod_201604.txt
2017-06-16,1760,2016-04-01,2016-04-29,spx_eod_201604.txt
2017-12-15,1840,2016-04-01,2016-04-29,spx_eod_201604.txt
2018-12-21,1860,2016-04-01,2016-04-29,spx_eod_201604.txt
2016-05-04,276,2016-05-02,2016-05-04,spx_eod_201605.txt
2016-05-06,925,2016-05-02,2016-05-06,spx_eod_201605.txt
2016-05-11,712,2016-05-02,2016-05-11,spx_eod_201605.txt
2016-05-13,1810,2016-05-02,2016-05-13,spx_eod_201605.txt
2016-05-18,1170,2016-05-02,2016-05-18,spx_eod_201605.txt
2016-05-19,3234,2016-05-02,2016-05-19,spx_eod_201605.txt
2016-05-25,1496,2016-05-03,2016-05-25,spx_eod_201605.txt
2016-05-27,3820,2016-05-02,2016-05-27,spx_eod_201605.txt
2016-05-31,3759,2016-05-02,2016-05-31,spx_eod_201605.txt
2016-06-01,1290,2016-05-10,2016-05-31,spx_eod_201605.txt
2016-06-03,3885,2016-05-02,2016-05-31,spx_eod_201605.txt
2016-06-08,860,2016-05-17,2016-05-31,spx_eod_201605.txt
2016-06-10,3528,2016-05-02,2016-05-31,spx_eod_201605.txt
2016-06-15,430,2016-05-24,2016-05-31,spx_eod_201605.txt
2016-06-16,5103,2016-05-02,2016-05-31,spx_eod_201605.txt
2016-06-22,90,2016-05-31,2016-05-31,spx_eod_201605.txt
2016-06-24,3486,2016-05-02,2016-05-31,spx_eod_201605.txt
2016-06-30,3423,2016-05-02,2016-05-31,spx_eod_201605.txt
2016-07-01,2548,2016-05-02,2016-05-31,spx_eod_201605.txt
2016-07-08,1544,2016-05-05,2016-05-31,spx_eod_201605.txt
2016-07-14,4185,2016-05-02,2016-05-31,spx_eod_201605.txt
2016-07-22,791,2016-05-12,2016-05-31,spx_eod_201605.txt
2016-07-29,3066,2016-05-02,2016-05-31,spx_eod_201605.txt
2016-08-18,2988,2016-05-02,2016-05-31,spx_eod_201605.txt
2016-08-31,1344,2016-05-02,2016-05-31,spx_eod_201605.txt
2016-09-16,2157,2016-05-02,2016-05-31,spx_eod_201605.txt
2016-09-30,1386,2016-05-02,2016-05-31,spx_eod_201605.txt
2016-10-31,1344,2016-05-02,2016-05-31,spx_eod_201605.txt
2016-12-16,1806,2016-05-02,2016-05-31,spx_eod_201605.txt
2016-12-30,1428,2016-05-02,2016-05-31,spx_eod_201605.txt
2017-01-20,2016,2016-05-02,2016-05-31,spx_eod_201605.txt
2017-03-17,1512,2016-05-02,2016-05-31,spx_eod_201605.txt
2017-03-31,1470,2016-05-02,2016-05-31,spx_eod_201605.txt
2017-06-16,1848,2016-05-02,2016-05-31,spx_eod_201605.txt
2017-12-15,1932,2016-05-02,2016-05-31,spx_eod_201605.txt
2018-12-21,1953,2016-05-02,2016-05-31,spx_eod_201605.txt
2016-06-01,86,2016-06-01,2016-06-01,spx_eod_201606.txt
2016-06-03,555,2016-06-01,2016-06-03,spx_eod_201606.txt
2016-06-08,522,2016-06-01,2016-06-08,spx_eod_201606.txt
2016-06-10,1344,2016-06-01,2016-06-10,spx_eod_201606.txt
2016-06-15,955,2016-06-01,2016-06-15,spx_eod_201606.txt
2016-06-16,2916,2016-06-01,2016-06-16,spx_eod_201606.txt
2016-06-22,1446,2016-06-01,2016-06-22,spx_eod_201606.txt
2016-06-24,2988,2016-06-01,2016-06-24,spx_eod_201606.txt
2016-06-29,1220,2016-06-13,2016-06-29,spx_eod_201606.txt
2016-06-30,3586,2016-06-01,2016-06-30,spx_eod_201606.txt
2016-07-01,3432,2016-06-01,2016-06-30,spx_eod_201606.txt
2016-07-06,1336,2016-06-13,2016-06-30,spx_eod_201606.txt
2016-07-08,2819,2016-06-01,2016-06-30,spx_eod_201606.txt
2016-07-13,1166,2016-06-14,2016-06-30,spx_eod_201606.txt
2016-07-14,4626,2016-06-01,2016-06-30,spx_eod_201606.txt
2016-07-20,742,2016-06-21,2016-06-30,spx_eod_201606.txt
2016-07-22,2934,2016-06-01,2016-06-30,spx_eod_201606.txt
2016-07-27,258,2016-06-28,2016-06-30,spx_eod_201606.txt
2016-07-29,3608,2016-06-01,2016-06-30,spx_eod_201606.txt
2016-08-05,2298,2016-06-02,2016-06-30,spx_eod_201606.txt
2016-08-12,1690,2016-06-13,2016-06-30,spx_eod_201606.txt
2016-08-18,4307,2016-06-01,2016-06-30,spx_eod_201606.txt
2016-08-26,624,2016-06-23,2016-06-30,spx_eod_201606.txt
2016-08-31,1408,2016-06-01,2016-06-30,spx_eod_201606.txt
2016-09-02,112,2016-06-30,2016-06-30,spx_eod_201606.txt
2016-09-16,3616,2016-06-01,2016-06-30,spx_eod_201606.txt
2016-09-30,2478,2016-06-01,2016-06-30,spx_eod_201606.txt
2016-10-21,968,2016-06-20,2016-06-30,spx_eod_201606.txt
2016-10-31,1408,2016-06-01,2016-06-30,spx_eod_201606.txt
2016-11-30,1452,2016-06-01,2016-06-30,spx_eod_201606.txt
2016-12-16,1892,2016-06-01,2016-06-30,spx_eod_201606.txt
2016-12-30,1496,2016-06-01,2016-06-30,spx_eod_201606.txt
2017-01-20,2112,2016-06-01,2016-06-30,spx_eod_201606.txt
2017-03-17,1584,2016-06-01,2016-06-30,spx_eod_201606.txt
2017-03-31,1540,2016-06-01,2016-06-30,spx_eod_201606.txt
2017-06-16,1936,2016-06-01,2016-06-30,spx_eod_201606.txt
2017-06-30,639,2016-06-20,2016-06-30,spx_eod_201606.txt
2017-12-15,2024,2016-06-01,2016-06-30,spx_eod_201606.txt
2018-06-15,574,2016-06-22,2016-06-30,spx_eod_201606.txt
2018-12-21,2046,2016-06-01,2016-06-30,spx_eod_201606.txt
2016-07-01,156,2016-07-01,2016-07-01,spx_eod_201607.txt
2016-07-06,312,2016-07-01,2016-07-06,spx_eod_201607.txt
2016-07-08,725,2016-07-01,2016-07-08,spx_eod_201607.txt
2016-07-13,792,2016-07-01,2016-07-13,spx_eod_201607.txt
2016-07-14,1899,2016-07-01,2016-07-14,spx_eod_201607.txt
2016-07-20,1321,2016-07-01,2016-07-20,spx_eod_201607.txt
2016-07-22,2292,2016-07-01,2016-07-22,spx_eod_201607.txt
2016-07-27,1880,2016-07-01,2016-07-27,spx_eod_201607.txt
2016-07-29,3765,2016-07-01,2016-07-29,spx_eod_201607.txt
2016-08-03,1921,2016-07-05,2016-07-29,spx_eod_201607.txt
2016-08-05,3106,2016-07-01,2016-07-29,spx_eod_201607.txt
2016-08-10,1396,2016-07-12,2016-07-29,spx_eod_201607.txt
2016-08-12,3079,2016-07-01,2016-07-29,spx_eod_201607.txt
2016-08-17,846,2016-07-19,2016-07-29,spx_eod_201607.txt
2016-08-18,4572,2016-07-01,2016-07-29,spx_eod_201607.txt
2016-08-24,376,2016-07-26,2016-07-29,spx_eod_201607.txt
2016-08-26,2923,2016-07-01,2016-07-29,spx_eod_201607.txt
2016-08-31,2450,2016-07-01,2016-07-29,spx_eod_201607.txt
2016-09-02,2905,2016-07-01,2016-07-29,spx_eod_201607.txt
2016-09-09,2403,2016-07-07,2016-07-29,spx_eod_201607.txt
2016-09-16,4595,2016-07-01,2016-07-29,spx_eod_201607.txt
2016-09-23,826,2016-07-21,2016-07-29,spx_eod_201607.txt
2016-09-30,3288,2016-07-01,2016-07-29,spx_eod_201607.txt
2016-10-21,2972,2016-07-01,2016-07-29,spx_eod_201607.txt
2016-10-31,1280,2016-07-01,2016-07-29,spx_eod_201607.txt
2016-11-18,1132,2016-07-18,2016-07-29,spx_eod_201607.txt
2016-11-30,1321,2016-07-01,2016-07-29,spx_eod_201607.txt
2016-12-16,1720,2016-07-01,2016-07-29,spx_eod_201607.txt
2016-12-30,1361,2016-07-01,2016-07-29,spx_eod_201607.txt
2017-01-20,1920,2016-07-01,2016-07-29,spx_eod_201607.txt
2017-03-17,1440,2016-07-01,2016-07-29,spx_eod_201607.txt
2017-03-31,1400,2016-07-01,2016-07-29,spx_eod_201607.txt
2017-06-16,1760,2016-07-01,2016-07-29,spx_eod_201607.txt
2017-06-30,1420,2016-07-01,2016-07-29,spx_eod_201607.txt
2017-12-15,1840,2016-07-01,2016-07-29,spx_eod_201607.txt
2018-06-15,1640,2016-07-01,2016-07-29,spx_eod_201607.txt
2018-12-21,1860,2016-07-01,2016-07-29,spx_eod_201607.txt
2016-08-03,321,2016-08-01,2016-08-03,spx_eod_201608.txt
2016-08-05,795,2016-08-01,2016-08-05,spx_eod_201608.txt
2016-08-10,816,2016-08-01,2016-08-10,spx_eod_201608.txt
2016-08-12,1610,2016-08-01,2016-08-12,spx_eod_201608.txt
2016-08-17,1222,2016-08-01,2016-08-17,spx_eod_201608.txt
2016-08-18,3262,2016-08-01,2016-08-18,spx_eod_201608.txt
2016-08-22,570,2016-08-15,2016-08-22,spx_eod_201608.txt
2016-08-24,1692,2016-08-01,2016-08-24,spx_eod_201608.txt
2016-08-26,3180,2016-08-01,2016-08-26,spx_eod_201608.txt
2016-08-29,1045,2016-08-15,2016-08-29,spx_eod_201608.txt
2016-08-31,3910,2016-08-01,2016-08-31,spx_eod_201608.txt
2016-09-02,3645,2016-08-01,2016-08-31,spx_eod_201608.txt
2016-09-06,855,2016-08-19,2016-08-31,spx_eod_201608.txt
2016-09-07,1598,2016-08-09,2016-08-31,spx_eod_201608.txt
2016-09-09,3739,2016-08-01,2016-08-31,spx_eod_201608.txt
2016-09-12,380,2016-08-26,2016-08-31,spx_eod_201608.txt
2016-09-14,1128,2016-08-16,2016-08-31,spx_eod_201608.txt
2016-09-16,5612,2016-08-01,2016-08-31,spx_eod_201608.txt
2016-09-21,651,2016-08-23,2016-08-31,spx_eod_201608.txt
2016-09-23,3510,2016-08-01,2016-08-31,spx_eod_201608.txt
2016-09-28,186,2016-08-30,2016-08-31,spx_eod_201608.txt
2016-09-30,4234,2016-08-01,2016-08-31,spx_eod_201608.txt
2016-10-07,2637,2016-08-05,2016-08-31,spx_eod_201608.txt
2016-10-14,1783,2016-08-11,2016-08-31,spx_eod_201608.txt
2016-10-21,5124,2016-08-01,2016-08-31,spx_eod_201608.txt
2016-10-28,569,2016-08-25,2016-08-31,spx_eod_201608.txt
2016-10-31,1728,2016-08-01,2016-08-31,spx_eod_201608.txt
2016-11-18,3478,2016-08-01,2016-08-31,spx_eod_201608.txt
2016-11-30,1573,2016-08-01,2016-08-31,spx_eod_201608.txt
2016-12-16,2468,2016-08-01,2016-08-31,spx_eod_201608.txt
2016-12-30,1603,2016-08-01,2016-08-31,spx_eod_201608.txt
2017-01-20,2214,2016-08-01,2016-08-31,spx_eod_201608.txt
2017-01-31,1610,2016-08-01,2016-08-31,spx_eod_201608.txt
2017-03-17,1656,2016-08-01,2016-08-31,spx_eod_201608.txt
2017-03-31,1610,2016-08-01,2016-08-31,spx_eod_201608.txt
2017-06-16,2024,2016-08-01,2016-08-31,spx_eod_201608.txt
2017-06-30,1633,2016-08-01,2016-08-31,spx_eod_201608.txt
2017-12-15,2116,2016-08-01,2016-08-31,spx_eod_201608.txt
2018-06-15,1886,2016-08-01,2016-08-31,spx_eod_201608.txt
2018-12-21,2139,2016-08-01,2016-08-31,spx_eod_201608.txt
2016-09-02,318,2016-09-01,2016-09-02,spx_eod_201609.txt
2016-09-06,285,2016-09-01,2016-09-06,spx_eod_201609.txt
2016-09-07,376,2016-09-01,2016-09-07,spx_eod_201609.txt
2016-09-09,978,2016-09-01,2016-09-09,spx_eod_201609.txt
2016-09-12,665,2016-09-01,2016-09-12,spx_eod_201609.txt
2016-09-14,846,2016-09-01,2016-09-14,spx_eod_201609.txt
2016-09-16,2544,2016-09-01,2016-09-16,spx_eod_201609.txt
2016-09-19,1045,2016-09-02,2016-09-19,spx_eod_201609.txt
2016-09-21,1302,2016-09-01,2016-09-21,spx_eod_201609.txt
2016-09-23,2528,2016-09-01,2016-09-23,spx_eod_201609.txt
2016-09-26,1140,2016-09-09,2016-09-26,spx_eod_201609.txt
2016-09-28,1767,2016-09-01,2016-09-28,spx_eod_201609.txt
2016-09-30,3969,2016-09-01,2016-09-30,spx_eod_201609.txt
2016-10-03,1060,2016-09-16,2016-09-30,spx_eod_201609.txt
2016-10-05,1581,2016-09-08,2016-09-30,spx_eod_201609.txt
2016-10-07,3265,2016-09-01,2016-09-30,spx_eod_201609.txt
2016-10-10,564,2016-09-23,2016-09-30,spx_eod_201609.txt
2016-10-12,1302,2016-09-13,2016-09-30,spx_eod_201609.txt
2016-10-14,3099,2016-09-01,2016-09-30,spx_eod_201609.txt
2016-10-17,93,2016-09-30,2016-09-30,spx_eod_201609.txt
2016-10-19,846,2016-09-20,2016-09-30,spx_eod_201609.txt
2016-10-21,4956,2016-09-01,2016-09-30,spx_eod_201609.txt
2016-10-26,376,2016-09-27,2016-09-30,spx_eod_201609.txt
2016-10-28,2927,2016-09-01,2016-09-30,spx_eod_201609.txt
2016-10-31,3225,2016-09-01,2016-09-30,spx_eod_201609.txt
2016-11-04,2848,2016-09-01,2016-09-30,spx_eod_201609.txt
2016-11-11,2217,2016-09-08,2016-09-30,spx_eod_201609.txt
2016-11-18,4662,2016-09-01,2016-09-30,spx_eod_201609.txt
2016-11-25,823,2016-09-22,2016-09-30,spx_eod_201609.txt
2016-11-30,1730,2016-09-01,2016-09-30,spx_eod_201609.txt
2016-12-02,242,2016-09-29,2016-09-30,spx_eod_201609.txt
2016-12-16,3878,2016-09-01,2016-09-30,spx_eod_201609.txt
2016-12-30,1937,2016-09-01,2016-09-30,spx_eod_201609.txt
2017-01-20,2415,2016-09-01,2016-09-30,spx_eod_201609.txt
2017-01-31,1470,2016-09-01,2016-09-30,spx_eod_201609.txt
2017-02-28,1470,2016-09-01,2016-09-30,spx_eod_201609.txt
2017-03-17,1544,2016-09-01,2016-09-30,spx_eod_201609.txt
2017-03-31,1470,2016-09-01,2016-09-30,spx_eod_201609.txt
2017-06-16,1848,2016-09-01,2016-09-30,spx_eod_201609.txt
2017-06-30,1491,2016-09-01,2016-09-30,spx_eod_201609.txt
2017-09-15,896,2016-09-19,2016-09-30,spx_eod_201609.txt
2017-09-29,740,2016-09-19,2016-09-30,spx_eod_201609.txt
2017-12-15,1932,2016-09-01,2016-09-30,spx_eod_201609.txt
2018-01-19,1440,2016-09-12,2016-09-30,spx_eod_201609.txt
2018-06-15,1722,2016-09-01,2016-09-30,spx_eod_201609.txt
2018-12-21,1953,2016-09-01,2016-09-30,spx_eod_201609.txt
2016-10-03,100,2016-10-03,2016-10-03,spx_eod_201610.txt
2016-10-05,279,2016-10-03,2016-10-05,spx_eod_201610.txt
2016-10-07,785,2016-10-03,2016-10-07,spx_eod_201610.txt
2016-10-10,564,2016-10-03,2016-10-10,spx_eod_201610.txt
2016-10-12,744,2016-10-03,2016-10-12,spx_eod_201610.txt
2016-10-14,1510,2016-10-03,2016-10-14,spx_eod_201610.txt
2016-10-17,1023,2016-10-03,2016-10-17,spx_eod_201610.txt
2016-10-19,1222,2016-10-03,2016-10-19,spx_eod_201610.txt
2016-10-21,3387,2016-10-03,2016-10-21,spx_eod_201610.txt
2016-10-24,1236,2016-10-07,2016-10-24,spx_eod_201610.txt
2016-10-26,1692,2016-10-03,2016-10-26,spx_eod_201610.txt
2016-10-28,2980,2016-10-03,2016-10-28,spx_eod_201610.txt
2016-10-31,3360,2016-10-03,2016-10-31,spx_eod_201610.txt
2016-11-02,1880,2016-10-04,2016-10-31,spx_eod_201610.txt
2016-11-04,3171,2016-10-03,2016-10-31,spx_eod_201610.txt
2016-11-07,1751,2016-10-07,2016-10-31,spx_eod_201610.txt
2016-11-09,1880,2016-10-04,2016-10-31,spx_eod_201610.txt
2016-11-11,3162,2016-10-03,2016-10-31,spx_eod_201610.txt
2016-11-14,1068,2016-10-14,2016-10-31,spx_eod_201610.txt
2016-11-16,920,2016-10-18,2016-10-31,spx_eod_201610.txt
2016-11-18,4977,2016-10-03,2016-10-31,spx_eod_201610.txt
2016-11-21,644,2016-10-21,2016-10-31,spx_eod_201610.txt
2016-11-23,465,2016-10-25,2016-10-31,spx_eod_201610.txt
2016-11-25,3092,2016-10-03,2016-10-31,spx_eod_201610.txt
2016-11-28,178,2016-10-28,2016-10-31,spx_eod_201610.txt
2016-11-30,3176,2016-10-03,2016-10-31,spx_eod_201610.txt
2016-12-02,3001,2016-10-03,2016-10-31,spx_eod_201610.txt
2016-12-09,2454,2016-10-06,2016-10-31,spx_eod_201610.txt
2016-12-16,4926,2016-10-03,2016-10-31,spx_eod_201610.txt
2016-12-23,1566,2016-10-13,2016-10-31,spx_eod_201610.txt
2016-12-30,3036,2016-10-03,2016-10-31,spx_eod_201610.txt
2017-01-20,3603,2016-10-03,2016-10-31,spx_eod_201610.txt
2017-01-31,1470,2016-10-03,2016-10-31,spx_eod_201610.txt
2017-02-17,601,2016-10-24,2016-10-31,spx_eod_201610.txt
2017-02-28,1470,2016-10-03,2016-10-31,spx_eod_201610.txt
2017-03-17,1554,2016-10-03,2016-10-31,spx_eod_201610.txt
2017-03-31,1470,2016-10-03,2016-10-31,spx_eod_201610.txt
2017-06-16,1848,2016-10-03,2016-10-31,spx_eod_201610.txt
2017-06-30,1491,2016-10-03,2016-10-31,spx_eod_201610.txt
2017-09-15,1890,2016-10-03,2016-10-31,spx_eod_201610.txt
2017-09-29,1554,2016-10-03,2016-10-31,spx_eod_201610.txt
2017-12-15,1932,2016-10-03,2016-10-31,spx_eod_201610.txt
2018-01-19,2016,2016-10-03,2016-10-31,spx_eod_201610.txt
2018-06-15,1722,2016-10-03,2016-10-31,spx_eod_201610.txt
2018-12-21,1953,2016-10-03,2016-10-31,spx_eod_201610.txt
2016-11-02,188,2016-11-01,2016-11-02,spx_eod_201611.txt
2016-11-04,604,2016-11-01,2016-11-04,spx_eod_201611.txt
2016-11-07,515,2016-11-01,2016-11-07,spx_eod_201611.txt
2016-11-09,706,2016-11-01,2016-11-09,spx_eod_201611.txt
2016-11-11,1368,2016-11-01,2016-11-11,spx_eod_201611.txt
2016-11-14,962,2016-11-01,2016-11-14,spx_eod_201611.txt
2016-11-16,1200,2016-11-01,2016-11-16,spx_eod_201611.txt
2016-11-18,3170,2016-11-01,2016-11-18,spx_eod_201611.txt
2016-11-21,1476,2016-11-01,2016-11-21,spx_eod_201611.txt
2016-11-23,1693,2016-11-01,2016-11-23,spx_eod_201611.txt
2016-11-25,2793,2016-11-01,2016-11-25,spx_eod_201611.txt
2016-11-28,1819,2016-11-01,2016-11-28,spx_eod_201611.txt
2016-11-30,3425,2016-11-01,2016-11-30,spx_eod_201611.txt
2016-12-02,3327,2016-11-01,2016-11-30,spx_eod_201611.txt
2016-12-05,1781,2016-11-04,2016-11-30,spx_eod_201611.txt
2016-12-07,1442,2016-11-08,2016-11-30,spx_eod_201611.txt
2016-12-09,3186,2016-11-01,2016-11-30,spx_eod_201611.txt
2016-12-12,1167,2016-11-11,2016-11-30,spx_eod_201611.txt
2016-12-14,989,2016-11-15,2016-11-30,spx_eod_201611.txt
2016-12-16,5121,2016-11-01,2016-11-30,spx_eod_201611.txt
2016-12-19,736,2016-11-18,2016-11-30,spx_eod_201611.txt
2016-12-21,549,2016-11-22,2016-11-30,spx_eod_201611.txt
2016-12-23,2945,2016-11-01,2016-11-30,spx_eod_201611.txt
2016-12-27,367,2016-11-25,2016-11-30,spx_eod_201611.txt
2016-12-28,186,2016-11-29,2016-11-30,spx_eod_201611.txt
2016-12-30,3586,2016-11-01,2016-11-30,spx_eod_201611.txt
2017-01-06,2821,2016-11-03,2016-11-30,spx_eod_201611.txt
2017-01-13,1998,2016-11-10,2016-11-30,spx_eod_201611.txt
2017-01-20,5212,2016-11-01,2016-11-30,spx_eod_201611.txt
2017-01-27,682,2016-11-23,2016-11-30,spx_eod_201611.txt
2017-01-31,1470,2016-11-01,2016-11-30,spx_eod_201611.txt
2017-02-17,3019,2016-11-01,2016-11-30,spx_eod_201611.txt
2017-02-28,1470,2016-11-01,2016-11-30,spx_eod_201611.txt
2017-03-17,2072,2016-11-01,2016-11-30,spx_eod_201611.txt
2017-03-31,1470,2016-11-01,2016-11-30,spx_eod_201611.txt
2017-04-28,987,2016-11-01,2016-11-30,spx_eod_201611.txt
2017-06-16,1848,2016-11-01,2016-11-30,spx_eod_201611.txt
2017-06-30,1491,2016-11-01,2016-11-30,spx_eod_201611.txt
2017-09-15,1890,2016-11-01,2016-11-30,spx_eod_201611.txt
2017-09-29,1554,2016-11-01,2016-11-30,spx_eod_201611.txt
2017-12-15,1932,2016-11-01,2016-11-30,spx_eod_201611.txt
2018-01-19,2016,2016-11-01,2016-11-30,spx_eod_201611.txt
2018-06-15,1722,2016-11-01,2016-11-30,spx_eod_201611.txt
2018-12-21,1953,2016-11-01,2016-11-30,spx_eod_201611.txt
2016-12-02,318,2016-12-01,2016-12-02,spx_eod_201612.txt
2016-12-05,352,2016-12-01,2016-12-05,spx_eod_201612.txt
2016-12-07,539,2016-12-01,2016-12-07,spx_eod_201612.txt
2016-12-09,1105,2016-12-01,2016-12-09,spx_eod_201612.txt
2016-12-12,799,2016-12-01,2016-12-12,spx_eod_201612.txt
2016-12-14,1053,2016-12-01,2016-12-14,spx_eod_201612.txt
2016-12-16,2815,2016-12-01,2016-12-16,spx_eod_201612.txt
2016-12-19,1394,2016-12-01,2016-12-19,spx_eod_201612.txt
2016-12-21,1584,2016-12-01,2016-12-21,spx_eod_201612.txt
2016-12-23,2688,2016-12-01,2016-12-23,spx_eod_201612.txt
2016-12-27,1938,2016-12-01,2016-12-27,spx_eod_201612.txt
2016-12-28,2063,2016-12-01,2016-12-28,spx_eod_201612.txt
2016-12-30,3967,2016-12-01,2016-12-30,spx_eod_201612.txt
2017-01-03,2187,2016-12-02,2016-12-30,spx_eod_201612.txt
2017-01-04,1976,2016-12-06,2016-12-30,spx_eod_201612.txt
2017-01-06,3557,2016-12-01,2016-12-30,spx_eod_201612.txt
2017-01-09,1563,2016-12-09,2016-12-30,spx_eod_201612.txt
2017-01-11,1325,2016-12-13,2016-12-30,spx_eod_201612.txt
2017-01-13,3369,2016-12-01,2016-12-30,spx_eod_201612.txt
2017-01-17,1000,2016-12-16,2016-12-30,spx_eod_201612.txt
2017-01-18,844,2016-12-20,2016-12-30,spx_eod_201612.txt
2017-01-20,5676,2016-12-01,2016-12-30,spx_eod_201612.txt
2017-01-23,507,2016-12-23,2016-12-30,spx_eod_201612.txt
2017-01-25,416,2016-12-27,2016-12-30,spx_eod_201612.txt
2017-01-27,3185,2016-12-01,2016-12-30,spx_eod_201612.txt
2017-01-30,115,2016-12-30,2016-12-30,spx_eod_201612.txt
2017-01-31,3575,2016-12-01,2016-12-30,spx_eod_201612.txt
2017-02-03,3185,2016-12-01,2016-12-30,spx_eod_201612.txt
2017-02-10,2446,2016-12-08,2016-12-30,spx_eod_201612.txt
2017-02-17,5060,2016-12-01,2016-12-30,spx_eod_201612.txt
2017-02-24,854,2016-12-22,2016-12-30,spx_eod_201612.txt
2017-02-28,2550,2016-12-01,2016-12-30,spx_eod_201612.txt
2017-03-03,286,2016-12-29,2016-12-30,spx_eod_201612.txt
2017-03-17,3875,2016-12-01,2016-12-30,spx_eod_201612.txt
2017-03-31,2389,2016-12-01,2016-12-30,spx_eod_201612.txt
2017-04-21,1017,2016-12-19,2016-12-30,spx_eod_201612.txt
2017-04-28,995,2016-12-01,2016-12-30,spx_eod_201612.txt
2017-05-31,995,2016-12-01,2016-12-30,spx_eod_201612.txt
2017-06-16,1848,2016-12-01,2016-12-30,spx_eod_201612.txt
2017-06-30,1515,2016-12-01,2016-12-30,spx_eod_201612.txt
2017-09-15,1890,2016-12-01,2016-12-30,spx_eod_201612.txt
2017-09-29,1554,2016-12-01,2016-12-30,spx_eod_201612.txt
2017-12-15,1932,2016-12-01,2016-12-30,spx_eod_201612.txt
2017-12-29,457,2016-12-19,2016-12-30,spx_eod_201612.txt
2018-01-19,2016,2016-12-01,2016-12-30,spx_eod_201612.txt
2018-06-15,1722,2016-12-01,2016-12-30,spx_eod_201612.txt
2018-12-21,1953,2016-12-01,2016-12-30,spx_eod_201612.txt
2019-12-20,595,2016-12-21,2016-12-30,spx_eod_201612.txt
2017-01-03,114,2017-01-03,2017-01-03,spx_eod_201701.txt
2017-01-04,226,2017-01-03,2017-01-04,spx_eod_201701.txt
2017-01-06,696,2017-01-03,2017-01-06,spx_eod_201701.txt
2017-01-09,525,2017-01-03,2017-01-09,spx_eod_201701.txt
2017-01-11,714,2017-01-03,2017-01-11,spx_eod_201701.txt
2017-01-13,1485,2017-01-03,2017-01-13,spx_eod_201701.txt
2017-01-17,1006,2017-01-03,2017-01-17,spx_eod_201701.txt
2017-01-18,1184,2017-01-03,2017-01-18,spx_eod_201701.txt
2017-01-20,3536,2017-01-03,2017-01-20,spx_eod_201701.txt
2017-01-23,1438,2017-01-03,2017-01-23,spx_eod_201701.txt
2017-01-25,1692,2017-01-03,2017-01-25,spx_eod_201701.txt
2017-01-27,2822,2017-01-03,2017-01-27,spx_eod_201701.txt
2017-01-30,2230,2017-01-03,2017-01-30,spx_eod_201701.txt
2017-01-31,3496,2017-01-03,2017-01-31,spx_eod_201701.txt
2017-02-01,2224,2017-01-03,2017-01-31,spx_eod_201701.txt
2017-02-03,3129,2017-01-03,2017-01-31,spx_eod_201701.txt
2017-02-06,1975,2017-01-06,2017-01-31,spx_eod_201701.txt
2017-02-08,1698,2017-01-10,2017-01-31,spx_eod_201701.txt
2017-02-10,3113,2017-01-03,2017-01-31,spx_eod_201701.txt
2017-02-13,1372,2017-01-13,2017-01-31,spx_eod_201701.txt
2017-02-15,1261,2017-01-17,2017-01-31,spx_eod_201701.txt
2017-02-17,4944,2017-01-03,2017-01-31,spx_eod_201701.txt
2017-02-21,881,2017-01-20,2017-01-31,spx_eod_201701.txt
2017-02-22,660,2017-01-24,2017-01-31,spx_eod_201701.txt
2017-02-24,2900,2017-01-03,2017-01-31,spx_eod_201701.txt
2017-02-27,323,2017-01-27,2017-01-31,spx_eod_201701.txt
2017-02-28,3249,2017-01-03,2017-01-31,spx_eod_201701.txt
2017-03-01,107,2017-01-31,2017-01-31,spx_eod_201701.txt
2017-03-03,2888,2017-01-03,2017-01-31,spx_eod_201701.txt
2017-03-10,2562,2017-01-05,2017-01-31,spx_eod_201701.txt
2017-03-17,4816,2017-01-03,2017-01-31,spx_eod_201701.txt
2017-03-24,947,2017-01-12,2017-01-31,spx_eod_201701.txt
2017-03-31,3408,2017-01-03,2017-01-31,spx_eod_201701.txt
2017-04-21,2971,2017-01-03,2017-01-31,spx_eod_201701.txt
2017-04-28,963,2017-01-03,2017-01-31,spx_eod_201701.txt
2017-05-19,437,2017-01-23,2017-01-31,spx_eod_201701.txt
2017-05-31,963,2017-01-03,2017-01-31,spx_eod_201701.txt
2017-06-16,1760,2017-01-03,2017-01-31,spx_eod_201701.txt
2017-06-30,1483,2017-01-03,2017-01-31,spx_eod_201701.txt
2017-09-15,1800,2017-01-03,2017-01-31,spx_eod_201701.txt
2017-09-29,1483,2017-01-03,2017-01-31,spx_eod_201701.txt
2017-12-15,1840,2017-01-03,2017-01-31,spx_eod_201701.txt
2017-12-29,1020,2017-01-03,2017-01-31,spx_eod_201701.txt
2018-01-19,1920,2017-01-03,2017-01-31,spx_eod_201701.txt
2018-06-15,1640,2017-01-03,2017-01-31,spx_eod_201701.txt
2018-12-21,1860,2017-01-03,2017-01-31,spx_eod_201701.txt
2019-12-20,1700,2017-01-03,2017-01-31,spx_eod_201701.txt
2017-02-01,112,2017-02-01,2017-02-01,spx_eod_201702.txt
2017-02-03,477,2017-02-01,2017-02-03,spx_eod_201702.txt
2017-02-06,468,2017-02-01,2017-02-06,spx_eod_201702.txt
2017-02-08,690,2017-02-01,2017-02-08,spx_eod_201702.txt
2017-02-10,1272,2017-02-01,2017-02-10,spx_eod_201702.txt
2017-02-13,1035,2017-02-01,2017-02-13,spx_eod_201702.txt
2017-02-15,1269,2017-02-01,2017-02-15,spx_eod_201702.txt
2017-02-17,3146,2017-02-01,2017-02-17,spx_eod_201702.txt
2017-02-21,1587,2017-02-01,2017-02-21,spx_eod_201702.txt
2017-02-22,1702,2017-02-01,2017-02-22,spx_eod_201702.txt
2017-02-24,2573,2017-02-01,2017-02-24,spx_eod_201702.txt
2017-02-27,2009,2017-02-01,2017-02-27,spx_eod_201702.txt
2017-02-28,3236,2017-02-01,2017-02-28,spx_eod_201702.txt
2017-03-01,2140,2017-02-01,2017-02-28,spx_eod_201702.txt
2017-03-03,2920,2017-02-01,2017-02-28,spx_eod_201702.txt
2017-03-06,1943,2017-02-03,2017-02-28,spx_eod_201702.txt
2017-03-08,1686,2017-02-07,2017-02-28,spx_eod_201702.txt
2017-03-10,2883,2017-02-01,2017-02-28,spx_eod_201702.txt
2017-03-13,1383,2017-02-10,2017-02-28,spx_eod_201702.txt
2017-03-15,1153,2017-02-14,2017-02-28,spx_eod_201702.txt
2017-03-17,4831,2017-02-01,2017-02-28,spx_eod_201702.txt
2017-03-20,818,2017-02-17,2017-02-28,spx_eod_201702.txt
2017-03-22,673,2017-02-21,2017-02-28,spx_eod_201702.txt
2017-03-24,2655,2017-02-01,2017-02-28,spx_eod_201702.txt
2017-03-27,327,2017-02-24,2017-02-28,spx_eod_201702.txt
2017-03-29,111,2017-02-28,2017-02-28,spx_eod_201702.txt
2017-03-31,3449,2017-02-01,2017-02-28,spx_eod_201702.txt
2017-04-07,2485,2017-02-02,2017-02-28,spx_eod_201702.txt
2017-04-13,1814,2017-02-09,2017-02-28,spx_eod_201702.txt
2017-04-21,3950,2017-02-01,2017-02-28,spx_eod_201702.txt
2017-04-28,1970,2017-02-01,2017-02-28,spx_eod_201702.txt
2017-05-05,1072,2017-02-16,2017-02-28,spx_eod_201702.txt
2017-05-12,537,2017-02-23,2017-02-28,spx_eod_201702.txt
2017-05-19,2182,2017-02-01,2017-02-28,spx_eod_201702.txt
2017-05-31,982,2017-02-01,2017-02-28,spx_eod_201702.txt
2017-06-16,1709,2017-02-01,2017-02-28,spx_eod_201702.txt
2017-06-30,1452,2017-02-01,2017-02-28,spx_eod_201702.txt
2017-07-31,893,2017-02-01,2017-02-28,spx_eod_201702.txt
2017-09-15,1717,2017-02-01,2017-02-28,spx_eod_201702.txt
2017-09-29,1436,2017-02-01,2017-02-28,spx_eod_201702.txt
2017-12-15,1748,2017-02-01,2017-02-28,spx_eod_201702.txt
2017-12-29,969,2017-02-01,2017-02-28,spx_eod_201702.txt
2018-01-19,1831,2017-02-01,2017-02-28,spx_eod_201702.txt
2018-06-15,1619,2017-02-01,2017-02-28,spx_eod_201702.txt
2018-12-21,1799,2017-02-01,2017-02-28,spx_eod_201702.txt
2019-12-20,1633,2017-02-01,2017-02-28,spx_eod_201702.txt
2017-03-01,117,2017-03-01,2017-03-01,spx_eod_201703.txt
2017-03-03,477,2017-03-01,2017-03-03,spx_eod_201703.txt
2017-03-06,480,2017-03-01,2017-03-06,spx_eod_201703.txt
2017-03-08,718,2017-03-01,2017-03-08,spx_eod_201703.txt
2017-03-10,1284,2017-03-01,2017-03-10,spx_eod_201703.txt
2017-03-13,1111,2017-03-01,2017-03-13,spx_eod_201703.txt
2017-03-15,1358,2017-03-01,2017-03-15,spx_eod_201703.txt
2017-03-17,3246,2017-03-01,2017-03-17,spx_eod_201703.txt
2017-03-20,1745,2017-03-01,2017-03-20,spx_eod_201703.txt
2017-03-22,1913,2017-03-01,2017-03-22,spx_eod_201703.txt
2017-03-24,2751,2017-03-01,2017-03-24,spx_eod_201703.txt
2017-03-27,2219,2017-03-01,2017-03-27,spx_eod_201703.txt
2017-03-29,2451,2017-03-01,2017-03-29,spx_eod_201703.txt
2017-03-31,4503,2017-03-01,2017-03-31,spx_eod_201703.txt
2017-04-03,2334,2017-03-03,2017-03-31,spx_eod_201703.txt
2017-04-05,2163,2017-03-07,2017-03-31,spx_eod_201703.txt
2017-04-07,3538,2017-03-01,2017-03-31,spx_eod_201703.txt
2017-04-10,1804,2017-03-10,2017-03-31,spx_eod_201703.txt
2017-04-12,1576,2017-03-14,2017-03-31,spx_eod_201703.txt
2017-04-13,3557,2017-03-01,2017-03-31,spx_eod_201703.txt
2017-04-17,1234,2017-03-17,2017-03-31,spx_eod_201703.txt
2017-04-19,1033,2017-03-21,2017-03-31,spx_eod_201703.txt
2017-04-21,5727,2017-03-01,2017-03-31,spx_eod_201703.txt
2017-04-24,667,2017-03-24,2017-03-31,spx_eod_201703.txt
2017-04-26,456,2017-03-28,2017-03-31,spx_eod_201703.txt
2017-04-28,3732,2017-03-01,2017-03-31,spx_eod_201703.txt
2017-05-01,111,2017-03-31,2017-03-31,spx_eod_201703.txt
2017-05-05,3284,2017-03-01,2017-03-31,spx_eod_201703.txt
2017-05-12,3215,2017-03-01,2017-03-31,spx_eod_201703.txt
2017-05-19,4724,2017-03-01,2017-03-31,spx_eod_201703.txt
2017-05-26,932,2017-03-23,2017-03-31,spx_eod_201703.txt
2017-05-31,2531,2017-03-01,2017-03-31,spx_eod_201703.txt
2017-06-02,270,2017-03-30,2017-03-31,spx_eod_201703.txt
2017-06-16,4261,2017-03-01,2017-03-31,spx_eod_201703.txt
2017-06-30,2679,2017-03-01,2017-03-31,spx_eod_201703.txt
2017-07-21,650,2017-03-20,2017-03-31,spx_eod_201703.txt
2017-07-31,1127,2017-03-01,2017-03-31,spx_eod_201703.txt
2017-08-31,1081,2017-03-01,2017-03-31,spx_eod_201703.txt
2017-09-15,2093,2017-03-01,2017-03-31,spx_eod_201703.txt
2017-09-29,1748,2017-03-01,2017-03-31,spx_eod_201703.txt
2017-12-15,2116,2017-03-01,2017-03-31,spx_eod_201703.txt
2017-12-29,1173,2017-03-01,2017-03-31,spx_eod_201703.txt
2018-01-19,2231,2017-03-01,2017-03-31,spx_eod_201703.txt
2018-03-16,704,2017-03-20,2017-03-31,spx_eod_201703.txt
2018-03-29,500,2017-03-20,2017-03-31,spx_eod_201703.txt
2018-06-15,2047,2017-03-01,2017-03-31,spx_eod_201703.txt
2018-12-21,2231,2017-03-01,2017-03-31,spx_eod_201703.txt
2019-12-20,2001,2017-03-01,2017-03-31,spx_eod_201703.txt
2017-04-03,113,2017-04-03,2017-04-03,spx_eod_201704.txt
2017-04-05,345,2017-04-03,2017-04-05,spx_eod_201704.txt
2017-04-07,770,2017-04-03,2017-04-07,spx_eod_201704.txt
2017-04-10,678,2017-04-03,2017-04-10,spx_eod_201704.txt
2017-04-12,904,2017-04-03,2017-04-12,spx_eod_201704.txt
2017-04-13,1395,2017-04-03,2017-04-13,spx_eod_201704.txt
2017-04-17,1130,2017-04-03,2017-04-17,spx_eod_201704.txt
2017-04-19,1380,2017-04-03,2017-04-19,spx_eod_201704.txt
2017-04-21,3486,2017-04-03,2017-04-21,spx_eod_201704.txt
2017-04-24,1710,2017-04-03,2017-04-24,spx_eod_201704.txt
2017-04-26,1989,2017-04-03,2017-04-26,spx_eod_201704.txt
2017-04-28,3097,2017-04-03,2017-04-28,spx_eod_201704.txt
2017-05-01,2129,2017-04-03,2017-04-28,spx_eod_201704.txt
2017-05-03,2018,2017-04-04,2017-04-28,spx_eod_201704.txt
2017-05-05,2813,2017-04-03,2017-04-28,spx_eod_201704.txt
2017-05-08,1688,2017-04-07,2017-04-28,spx_eod_201704.txt
2017-05-10,1479,2017-04-11,2017-04-28,spx_eod_201704.txt
2017-05-12,2766,2017-04-03,2017-04-28,spx_eod_201704.txt
2017-05-15,1219,2017-04-13,2017-04-28,spx_eod_201704.txt
2017-05-17,993,2017-04-18,2017-04-28,spx_eod_201704.txt
2017-05-19,4113,2017-04-03,2017-04-28,spx_eod_201704.txt
2017-05-22,542,2017-04-21,2017-04-28,spx_eod_201704.txt
2017-05-24,357,2017-04-25,2017-04-28,spx_eod_201704.txt
2017-05-26,2727,2017-04-03,2017-04-28,spx_eod_201704.txt
2017-05-30,542,2017-04-21,2017-04-28,spx_eod_201704.txt
2017-05-31,2915,2017-04-03,2017-04-28,spx_eod_201704.txt
2017-06-02,2610,2017-04-03,2017-04-28,spx_eod_201704.txt
2017-06-05,86,2017-04-28,2017-04-28,spx_eod_201704.txt
2017-06-07,354,2017-04-25,2017-04-28,spx_eod_201704.txt
2017-06-09,2235,2017-04-06,2017-04-28,spx_eod_201704.txt
2017-06-16,4326,2017-04-03,2017-04-28,spx_eod_201704.txt
2017-06-23,814,2017-04-21,2017-04-28,spx_eod_201704.txt
2017-06-30,3367,2017-04-03,2017-04-28,spx_eod_201704.txt
2017-07-21,2426,2017-04-03,2017-04-28,spx_eod_201704.txt
2017-07-31,937,2017-04-03,2017-04-28,spx_eod_201704.txt
2017-08-18,325,2017-04-24,2017-04-28,spx_eod_201704.txt
2017-08-31,897,2017-04-03,2017-04-28,spx_eod_201704.txt
2017-09-15,1731,2017-04-03,2017-04-28,spx_eod_201704.txt
2017-09-29,1452,2017-04-03,2017-04-28,spx_eod_201704.txt
2017-12-15,1748,2017-04-03,2017-04-28,spx_eod_201704.txt
2017-12-29,979,2017-04-03,2017-04-28,spx_eod_201704.txt
2018-01-19,1843,2017-04-03,2017-04-28,spx_eod_201704.txt
2018-03-16,1349,2017-04-03,2017-04-28,spx_eod_201704.txt
2018-03-29,952,2017-04-03,2017-04-28,spx_eod_201704.txt
2018-06-15,1691,2017-04-03,2017-04-28,spx_eod_201704.txt
2018-12-21,1843,2017-04-03,2017-04-28,spx_eod_201704.txt
2019-12-20,1653,2017-04-03,2017-04-28,spx_eod_201704.txt
2017-05-01,113,2017-05-01,2017-05-01,spx_eod_201705.txt
2017-05-03,339,2017-05-01,2017-05-03,spx_eod_201705.txt
2017-05-05,770,2017-05-01,2017-05-05,spx_eod_201705.txt
2017-05-08,684,2017-05-01,2017-05-08,spx_eod_201705.txt
2017-05-10,920,2017-05-01,2017-05-10,spx_eod_201705.txt
2017-05-12,1540,2017-05-01,2017-05-12,spx_eod_201705.txt
2017-05-15,1243,2017-05-01,2017-05-15,spx_eod_201705.txt
2017-05-17,1481,2017-05-01,2017-05-17,spx_eod_201705.txt
2017-05-19,3281,2017-05-01,2017-05-19,spx_eod_201705.txt
2017-05-22,1613,2017-05-01,2017-05-22,spx_eod_201705.txt
2017-05-24,1780,2017-05-01,2017-05-24,spx_eod_201705.txt
2017-05-26,3100,2017-05-01,2017-05-26,spx_eod_201705.txt
2017-05-30,2137,2017-05-01,2017-05-30,spx_eod_201705.txt
2017-05-31,3483,2017-05-01,2017-05-31,spx_eod_201705.txt
2017-06-02,3250,2017-05-01,2017-05-31,spx_eod_201705.txt
2017-06-05,2101,2017-05-01,2017-05-31,spx_eod_201705.txt
2017-06-07,2167,2017-05-01,2017-05-31,spx_eod_201705.txt
2017-06-09,3141,2017-05-01,2017-05-31,spx_eod_201705.txt
2017-06-12,1614,2017-05-05,2017-05-31,spx_eod_201705.txt
2017-06-14,1921,2017-05-02,2017-05-31,spx_eod_201705.txt
2017-06-16,5302,2017-05-01,2017-05-31,spx_eod_201705.txt
2017-06-19,1202,2017-05-12,2017-05-31,spx_eod_201705.txt
2017-06-21,1459,2017-05-09,2017-05-31,spx_eod_201705.txt
2017-06-23,3144,2017-05-01,2017-05-31,spx_eod_201705.txt
2017-06-26,707,2017-05-19,2017-05-31,spx_eod_201705.txt
2017-06-28,985,2017-05-16,2017-05-31,spx_eod_201705.txt
2017-06-30,4127,2017-05-01,2017-05-31,spx_eod_201705.txt
2017-07-03,263,2017-05-26,2017-05-31,spx_eod_201705.txt
2017-07-05,526,2017-05-23,2017-05-31,spx_eod_201705.txt
2017-07-07,2387,2017-05-04,2017-05-31,spx_eod_201705.txt
2017-07-12,176,2017-05-30,2017-05-31,spx_eod_201705.txt
2017-07-14,1777,2017-05-11,2017-05-31,spx_eod_201705.txt
2017-07-21,4426,2017-05-01,2017-05-31,spx_eod_201705.txt
2017-07-28,500,2017-05-25,2017-05-31,spx_eod_201705.txt
2017-07-31,1787,2017-05-01,2017-05-31,spx_eod_201705.txt
2017-08-18,2759,2017-05-01,2017-05-31,spx_eod_201705.txt
2017-08-31,1078,2017-05-01,2017-05-31,spx_eod_201705.txt
2017-09-15,2046,2017-05-01,2017-05-31,spx_eod_201705.txt
2017-09-29,1760,2017-05-01,2017-05-31,spx_eod_201705.txt
2017-10-31,1103,2017-05-01,2017-05-31,spx_eod_201705.txt
2017-12-15,2024,2017-05-01,2017-05-31,spx_eod_201705.txt
2017-12-29,1232,2017-05-01,2017-05-31,spx_eod_201705.txt
2018-01-19,2134,2017-05-01,2017-05-31,spx_eod_201705.txt
2018-03-16,1562,2017-05-01,2017-05-31,spx_eod_201705.txt
2018-03-29,1122,2017-05-01,2017-05-31,spx_eod_201705.txt
2018-06-15,1958,2017-05-01,2017-05-31,spx_eod_201705.txt
2018-12-21,2134,2017-05-01,2017-05-31,spx_eod_201705.txt
2019-12-20,1914,2017-05-01,2017-05-31,spx_eod_201705.txt
2017-06-02,300,2017-06-01,2017-06-02,spx_eod_201706.txt
2017-06-05,309,2017-06-01,2017-06-05,spx_eod_201706.txt
2017-06-07,530,2017-06-01,2017-06-07,spx_eod_201706.txt
2017-06-09,1001,2017-06-01,2017-06-09,spx_eod_201706.txt
2017-06-12,736,2017-06-01,2017-06-12,spx_eod_201706.txt
2017-06-14,1000,2017-06-01,2017-06-14,spx_eod_201706.txt
2017-06-16,2888,2017-06-01,2017-06-16,spx_eod_201706.txt
2017-06-19,1370,2017-06-01,2017-06-19,spx_eod_201706.txt
2017-06-21,1507,2017-06-01,2017-06-21,spx_eod_201706.txt
2017-06-23,2579,2017-06-01,2017-06-23,spx_eod_201706.txt
2017-06-26,1844,2017-06-01,2017-06-26,spx_eod_201706.txt
2017-06-28,1952,2017-06-01,2017-06-28,spx_eod_201706.txt
2017-06-30,4206,2017-06-01,2017-06-30,spx_eod_201706.txt
2017-07-03,2126,2017-06-01,2017-06-30,spx_eod_201706.txt
2017-07-05,2183,2017-06-01,2017-06-30,spx_eod_201706.txt
2017-07-07,2955,2017-06-01,2017-06-30,spx_eod_201706.txt
2017-07-10,2035,2017-06-02,2017-06-30,spx_eod_201706.txt
2017-07-12,2131,2017-06-01,2017-06-30,spx_eod_201706.txt
2017-07-14,3027,2017-06-01,2017-06-30,spx_eod_201706.txt
2017-07-17,1505,2017-06-09,2017-06-30,spx_eod_201706.txt
2017-07-19,1797,2017-06-06,2017-06-30,spx_eod_201706.txt
2017-07-21,4670,2017-06-01,2017-06-30,spx_eod_201706.txt
2017-07-24,976,2017-06-16,2017-06-30,spx_eod_201706.txt
2017-07-26,851,2017-06-20,2017-06-30,spx_eod_201706.txt
2017-07-28,2901,2017-06-01,2017-06-30,spx_eod_201706.txt
2017-07-31,3124,2017-06-01,2017-06-30,spx_eod_201706.txt
2017-08-02,380,2017-06-27,2017-06-30,spx_eod_201706.txt
2017-08-04,2869,2017-06-01,2017-06-30,spx_eod_201706.txt
2017-08-07,89,2017-06-30,2017-06-30,spx_eod_201706.txt
2017-08-11,2156,2017-06-08,2017-06-30,spx_eod_201706.txt
2017-08-18,4061,2017-06-01,2017-06-30,spx_eod_201706.txt
2017-08-25,887,2017-06-22,2017-06-30,spx_eod_201706.txt
2017-08-31,2128,2017-06-01,2017-06-30,spx_eod_201706.txt
2017-09-15,3901,2017-06-01,2017-06-30,spx_eod_201706.txt
2017-09-29,2470,2017-06-01,2017-06-30,spx_eod_201706.txt
2017-10-20,718,2017-06-19,2017-06-30,spx_eod_201706.txt
2017-10-31,1100,2017-06-01,2017-06-30,spx_eod_201706.txt
2017-11-30,1100,2017-06-01,2017-06-30,spx_eod_201706.txt
2017-12-15,2032,2017-06-01,2017-06-30,spx_eod_201706.txt
2017-12-29,1232,2017-06-01,2017-06-30,spx_eod_201706.txt
2018-01-19,2150,2017-06-01,2017-06-30,spx_eod_201706.txt
2018-03-16,1578,2017-06-01,2017-06-30,spx_eod_201706.txt
2018-03-29,1122,2017-06-01,2017-06-30,spx_eod_201706.txt
2018-06-15,1974,2017-06-01,2017-06-30,spx_eod_201706.txt
2018-06-29,490,2017-06-19,2017-06-30,spx_eod_201706.txt
2018-12-21,2142,2017-06-01,2017-06-30,spx_eod_201706.txt
2019-06-21,600,2017-06-21,2017-06-30,spx_eod_201706.txt
2019-12-20,1930,2017-06-01,2017-06-30,spx_eod_201706.txt
2017-07-03,106,2017-07-03,2017-07-03,spx_eod_201707.txt
2017-07-05,216,2017-07-03,2017-07-05,spx_eod_201707.txt
2017-07-07,584,2017-07-03,2017-07-07,spx_eod_201707.txt
2017-07-10,556,2017-07-03,2017-07-10,spx_eod_201707.txt
2017-07-12,812,2017-07-03,2017-07-12,spx_eod_201707.txt
2017-07-14,1332,2017-07-03,2017-07-14,spx_eod_201707.txt
2017-07-17,1133,2017-07-03,2017-07-17,spx_eod_201707.txt
2017-07-19,1392,2017-07-03,2017-07-19,spx_eod_201707.txt
2017-07-21,2991,2017-07-03,2017-07-21,spx_eod_201707.txt
2017-07-24,1589,2017-07-03,2017-07-24,spx_eod_201707.txt
2017-07-26,1793,2017-07-03,2017-07-26,spx_eod_201707.txt
2017-07-28,2668,2017-07-03,2017-07-28,spx_eod_201707.txt
2017-07-31,2860,2017-07-03,2017-07-31,spx_eod_201707.txt
2017-08-02,2137,2017-07-03,2017-07-31,spx_eod_201707.txt
2017-08-04,2898,2017-07-03,2017-07-31,spx_eod_201707.txt
2017-08-07,1929,2017-07-03,2017-07-31,spx_eod_201707.txt
2017-08-09,1822,2017-07-05,2017-07-31,spx_eod_201707.txt
2017-08-11,2676,2017-07-03,2017-07-31,spx_eod_201707.txt
2017-08-14,1620,2017-07-07,2017-07-31,spx_eod_201707.txt
2017-08-16,1437,2017-07-11,2017-07-31,spx_eod_201707.txt
2017-08-18,4056,2017-07-03,2017-07-31,spx_eod_201707.txt
2017-08-21,1146,2017-07-14,2017-07-31,spx_eod_201707.txt
2017-08-23,914,2017-07-18,2017-07-31,spx_eod_201707.txt
2017-08-25,2668,2017-07-03,2017-07-31,spx_eod_201707.txt
2017-08-28,623,2017-07-21,2017-07-31,spx_eod_201707.txt
2017-08-30,450,2017-07-25,2017-07-31,spx_eod_201707.txt
2017-08-31,2774,2017-07-03,2017-07-31,spx_eod_201707.txt
2017-09-01,2296,2017-07-06,2017-07-31,spx_eod_201707.txt
2017-09-05,188,2017-07-28,2017-07-31,spx_eod_201707.txt
2017-09-08,1651,2017-07-13,2017-07-31,spx_eod_201707.txt
2017-09-15,4500,2017-07-03,2017-07-31,spx_eod_201707.txt
2017-09-22,380,2017-07-27,2017-07-31,spx_eod_201707.txt
2017-09-29,3176,2017-07-03,2017-07-31,spx_eod_201707.txt
2017-10-20,2600,2017-07-03,2017-07-31,spx_eod_201707.txt
2017-10-31,1000,2017-07-03,2017-07-31,spx_eod_201707.txt
2017-11-17,408,2017-07-24,2017-07-31,spx_eod_201707.txt
2017-11-30,1000,2017-07-03,2017-07-31,spx_eod_201707.txt
2017-12-15,1860,2017-07-03,2017-07-31,spx_eod_201707.txt
2017-12-29,1120,2017-07-03,2017-07-31,spx_eod_201707.txt
2018-01-19,1980,2017-07-03,2017-07-31,spx_eod_201707.txt
2018-03-16,1460,2017-07-03,2017-07-31,spx_eod_201707.txt
2018-03-29,1020,2017-07-03,2017-07-31,spx_eod_201707.txt
2018-06-15,1820,2017-07-03,2017-07-31,spx_eod_201707.txt
2018-06-29,980,2017-07-03,2017-07-31,spx_eod_201707.txt
2018-12-21,1960,2017-07-03,2017-07-31,spx_eod_201707.txt
2019-06-21,1500,2017-07-03,2017-07-31,spx_eod_201707.txt
2019-12-20,1780,2017-07-03,2017-07-31,spx_eod_201707.txt
2017-08-02,224,2017-08-01,2017-08-02,spx_eod_201708.txt
2017-08-04,588,2017-08-01,2017-08-04,spx_eod_201708.txt
2017-08-07,510,2017-08-01,2017-08-07,spx_eod_201708.txt
2017-08-09,714,2017-08-01,2017-08-09,spx_eod_201708.txt
2017-08-11,1224,2017-08-01,2017-08-11,spx_eod_201708.txt
2017-08-14,1048,2017-08-01,2017-08-14,spx_eod_201708.txt
2017-08-16,1266,2017-08-01,2017-08-16,spx_eod_201708.txt
2017-08-18,2856,2017-08-01,2017-08-18,spx_eod_201708.txt
2017-08-21,1599,2017-08-01,2017-08-21,spx_eod_201708.txt
2017-08-23,1746,2017-08-01,2017-08-23,spx_eod_201708.txt
2017-08-25,2855,2017-08-01,2017-08-25,spx_eod_201708.txt
2017-08-28,2069,2017-08-01,2017-08-28,spx_eod_201708.txt
2017-08-30,2276,2017-08-01,2017-08-30,spx_eod_201708.txt
2017-08-31,3335,2017-08-01,2017-08-31,spx_eod_201708.txt
2017-09-01,3278,2017-08-01,2017-08-31,spx_eod_201708.txt
2017-09-05,2412,2017-08-01,2017-08-31,spx_eod_201708.txt
2017-09-06,2284,2017-08-01,2017-08-31,spx_eod_201708.txt
2017-09-08,3261,2017-08-01,2017-08-31,spx_eod_201708.txt
2017-09-11,1908,2017-08-04,2017-08-31,spx_eod_201708.txt
2017-09-13,1735,2017-08-08,2017-08-31,spx_eod_201708.txt
2017-09-15,5244,2017-08-01,2017-08-31,spx_eod_201708.txt
2017-09-18,1379,2017-08-11,2017-08-31,spx_eod_201708.txt
2017-09-20,1214,2017-08-15,2017-08-31,spx_eod_201708.txt
2017-09-22,3056,2017-08-01,2017-08-31,spx_eod_201708.txt
2017-09-25,896,2017-08-18,2017-08-31,spx_eod_201708.txt
2017-09-27,760,2017-08-22,2017-08-31,spx_eod_201708.txt
2017-09-29,3816,2017-08-01,2017-08-31,spx_eod_201708.txt
2017-10-02,452,2017-08-25,2017-08-31,spx_eod_201708.txt
2017-10-04,279,2017-08-29,2017-08-31,spx_eod_201708.txt
2017-10-06,2727,2017-08-03,2017-08-31,spx_eod_201708.txt
2017-10-13,2063,2017-08-10,2017-08-31,spx_eod_201708.txt
2017-10-20,4473,2017-08-01,2017-08-31,spx_eod_201708.txt
2017-10-27,762,2017-08-24,2017-08-31,spx_eod_201708.txt
2017-10-31,1926,2017-08-01,2017-08-31,spx_eod_201708.txt
2017-11-03,126,2017-08-31,2017-08-31,spx_eod_201708.txt
2017-11-17,3160,2017-08-01,2017-08-31,spx_eod_201708.txt
2017-11-30,1152,2017-08-01,2017-08-31,spx_eod_201708.txt
2017-12-15,2139,2017-08-01,2017-08-31,spx_eod_201708.txt
2017-12-29,1290,2017-08-01,2017-08-31,spx_eod_201708.txt
2018-01-19,2277,2017-08-01,2017-08-31,spx_eod_201708.txt
2018-01-31,1127,2017-08-01,2017-08-31,spx_eod_201708.txt
2018-03-16,1679,2017-08-01,2017-08-31,spx_eod_201708.txt
2018-03-29,1173,2017-08-01,2017-08-31,spx_eod_201708.txt
2018-06-15,2093,2017-08-01,2017-08-31,spx_eod_201708.txt
2018-06-29,1127,2017-08-01,2017-08-31,spx_eod_201708.txt
2018-12-21,2254,2017-08-01,2017-08-31,spx_eod_201708.txt
2019-06-21,1725,2017-08-01,2017-08-31,spx_eod_201708.txt
2019-12-20,2062,2017-08-01,2017-08-31,spx_eod_201708.txt
2017-09-01,148,2017-09-01,2017-09-01,spx_eod_201709.txt
2017-09-05,234,2017-09-01,2017-09-05,spx_eod_201709.txt
2017-09-06,333,2017-09-01,2017-09-06,spx_eod_201709.txt
2017-09-08,745,2017-09-01,2017-09-08,spx_eod_201709.txt
2017-09-11,658,2017-09-01,2017-09-11,spx_eod_201709.txt
2017-09-13,893,2017-09-01,2017-09-13,spx_eod_201709.txt
2017-09-15,2273,2017-09-01,2017-09-15,spx_eod_201709.txt
2017-09-18,1232,2017-09-01,2017-09-18,spx_eod_201709.txt
2017-09-20,1459,2017-09-01,2017-09-20,spx_eod_201709.txt
2017-09-22,2245,2017-09-01,2017-09-22,spx_eod_201709.txt
2017-09-25,1828,2017-09-01,2017-09-25,spx_eod_201709.txt
2017-09-27,1927,2017-09-01,2017-09-26,spx_eod_201709.txt
2017-09-29,3363,2017-09-01,2017-09-29,spx_eod_201709.txt
2017-10-02,1935,2017-09-01,2017-09-29,spx_eod_201709.txt
2017-10-04,2068,2017-09-01,2017-09-29,spx_eod_201709.txt
2017-10-06,2811,2017-09-01,2017-09-29,spx_eod_201709.txt
2017-10-09,1836,2017-09-01,2017-09-29,spx_eod_201709.txt
2017-10-11,1656,2017-09-05,2017-09-29,spx_eod_201709.txt
2017-10-13,2812,2017-09-01,2017-09-29,spx_eod_201709.txt
2017-10-16,1421,2017-09-08,2017-09-29,spx_eod_201709.txt
2017-10-18,1246,2017-09-12,2017-09-29,spx_eod_201709.txt
2017-10-20,3928,2017-09-01,2017-09-29,spx_eod_201709.txt
2017-10-23,953,2017-09-15,2017-09-29,spx_eod_201709.txt
2017-10-25,728,2017-09-19,2017-09-29,spx_eod_201709.txt
2017-10-27,2554,2017-09-01,2017-09-29,spx_eod_201709.txt
2017-10-30,460,2017-09-22,2017-09-29,spx_eod_201709.txt
2017-10-31,2706,2017-09-01,2017-09-29,spx_eod_201709.txt
2017-11-01,279,2017-09-26,2017-09-29,spx_eod_201709.txt
2017-11-03,2496,2017-09-01,2017-09-29,spx_eod_201709.txt
2017-11-06,93,2017-09-29,2017-09-29,spx_eod_201709.txt
2017-11-10,2036,2017-09-07,2017-09-29,spx_eod_201709.txt
2017-11-17,3868,2017-09-01,2017-09-29,spx_eod_201709.txt
2017-11-24,756,2017-09-21,2017-09-29,spx_eod_201709.txt
2017-11-30,2274,2017-09-01,2017-09-29,spx_eod_201709.txt
2017-12-01,252,2017-09-28,2017-09-29,spx_eod_201709.txt
2017-12-15,3553,2017-09-01,2017-09-29,spx_eod_201709.txt
2017-12-29,1878,2017-09-01,2017-09-29,spx_eod_201709.txt
2018-01-19,1893,2017-09-01,2017-09-29,spx_eod_201709.txt
2018-01-31,931,2017-09-01,2017-09-29,spx_eod_201709.txt
2018-02-28,931,2017-09-01,2017-09-29,spx_eod_201709.txt
2018-03-16,1412,2017-09-01,2017-09-29,spx_eod_201709.txt
2018-03-29,969,2017-09-01,2017-09-29,spx_eod_201709.txt
2018-06-15,1733,2017-09-01,2017-09-29,spx_eod_201709.txt
2018-06-29,931,2017-09-01,2017-09-29,spx_eod_201709.txt
2018-09-21,672,2017-09-18,2017-09-29,spx_eod_201709.txt
2018-09-28,459,2017-09-18,2017-09-29,spx_eod_201709.txt
2018-12-21,1862,2017-09-01,2017-09-29,spx_eod_201709.txt
2019-01-18,525,2017-09-20,2017-09-29,spx_eod_201709.txt
2019-06-21,1425,2017-09-01,2017-09-29,spx_eod_201709.txt
2019-12-20,1710,2017-09-01,2017-09-29,spx_eod_201709.txt
2017-10-02,105,2017-10-02,2017-10-02,spx_eod_201710.txt
2017-10-04,336,2017-10-02,2017-10-04,spx_eod_201710.txt
2017-10-06,755,2017-10-02,2017-10-06,spx_eod_201710.txt
2017-10-09,684,2017-10-02,2017-10-09,spx_eod_201710.txt
2017-10-11,876,2017-10-02,2017-10-11,spx_eod_201710.txt
2017-10-13,1592,2017-10-02,2017-10-13,spx_eod_201710.txt
2017-10-16,1252,2017-10-02,2017-10-16,spx_eod_201710.txt
2017-10-18,1519,2017-10-02,2017-10-18,spx_eod_201710.txt
2017-10-20,3219,2017-10-02,2017-10-20,spx_eod_201710.txt
2017-10-23,1864,2017-10-02,2017-10-23,spx_eod_201710.txt
2017-10-25,1965,2017-10-02,2017-10-25,spx_eod_201710.txt
2017-10-27,3156,2017-10-02,2017-10-27,spx_eod_201710.txt
2017-10-30,2180,2017-10-02,2017-10-30,spx_eod_201710.txt
2017-10-31,3292,2017-10-02,2017-10-31,spx_eod_201710.txt
2017-11-01,2320,2017-10-02,2017-10-31,spx_eod_201710.txt
2017-11-03,3379,2017-10-02,2017-10-31,spx_eod_201710.txt
2017-11-06,2356,2017-10-02,2017-10-31,spx_eod_201710.txt
2017-11-08,2208,2017-10-03,2017-10-31,spx_eod_201710.txt
2017-11-10,3350,2017-10-02,2017-10-31,spx_eod_201710.txt
2017-11-13,1844,2017-10-06,2017-10-31,spx_eod_201710.txt
2017-11-15,1651,2017-10-10,2017-10-31,spx_eod_201710.txt
2017-11-17,4733,2017-10-02,2017-10-31,spx_eod_201710.txt
2017-11-20,1267,2017-10-13,2017-10-31,spx_eod_201710.txt
2017-11-22,1089,2017-10-17,2017-10-31,spx_eod_201710.txt
2017-11-24,3174,2017-10-02,2017-10-31,spx_eod_201710.txt
2017-11-27,780,2017-10-20,2017-10-31,spx_eod_201710.txt
2017-11-29,564,2017-10-24,2017-10-31,spx_eod_201710.txt
2017-11-30,3345,2017-10-02,2017-10-31,spx_eod_201710.txt
2017-12-01,2909,2017-10-02,2017-10-31,spx_eod_201710.txt
2017-12-04,276,2017-10-27,2017-10-31,spx_eod_201710.txt
2017-12-06,94,2017-10-31,2017-10-31,spx_eod_201710.txt
2017-12-08,1820,2017-10-12,2017-10-31,spx_eod_201710.txt
2017-12-15,4859,2017-10-02,2017-10-31,spx_eod_201710.txt
2017-12-22,526,2017-10-26,2017-10-31,spx_eod_201710.txt
2017-12-29,3428,2017-10-02,2017-10-31,spx_eod_201710.txt
2018-01-19,3579,2017-10-02,2017-10-31,spx_eod_201710.txt
2018-01-31,1118,2017-10-02,2017-10-31,spx_eod_201710.txt
2018-02-16,490,2017-10-23,2017-10-31,spx_eod_201710.txt
2018-02-28,1087,2017-10-02,2017-10-31,spx_eod_201710.txt
2018-03-16,1734,2017-10-02,2017-10-31,spx_eod_201710.txt
2018-03-29,1134,2017-10-02,2017-10-31,spx_eod_201710.txt
2018-06-15,2024,2017-10-02,2017-10-31,spx_eod_201710.txt
2018-06-29,1087,2017-10-02,2017-10-31,spx_eod_201710.txt
2018-09-21,1716,2017-10-02,2017-10-31,spx_eod_201710.txt
2018-09-28,1125,2017-10-02,2017-10-31,spx_eod_201710.txt
2018-12-21,2159,2017-10-02,2017-10-31,spx_eod_201710.txt
2019-01-18,1650,2017-10-02,2017-10-31,spx_eod_201710.txt
2019-06-21,1650,2017-10-02,2017-10-31,spx_eod_201710.txt
2019-12-20,1980,2017-10-02,2017-10-31,spx_eod_201710.txt
2017-11-01,114,2017-11-01,2017-11-01,spx_eod_201711.txt
2017-11-03,480,2017-11-01,2017-11-03,spx_eod_201711.txt
2017-11-06,468,2017-11-01,2017-11-06,spx_eod_201711.txt
2017-11-08,690,2017-11-01,2017-11-08,spx_eod_201711.txt
2017-11-10,1304,2017-11-01,2017-11-10,spx_eod_201711.txt
2017-11-13,1062,2017-11-01,2017-11-13,spx_eod_201711.txt
2017-11-15,1309,2017-11-01,2017-11-15,spx_eod_201711.txt
2017-11-17,2912,2017-11-01,2017-11-17,spx_eod_201711.txt
2017-11-20,1685,2017-11-01,2017-11-20,spx_eod_201711.txt
2017-11-22,1929,2017-11-01,2017-11-22,spx_eod_201711.txt
2017-11-24,2720,2017-11-01,2017-11-24,spx_eod_201711.txt
2017-11-27,2113,2017-11-01,2017-11-27,spx_eod_201711.txt
2017-11-29,2369,2017-11-01,2017-11-29,spx_eod_201711.txt
2017-11-30,3288,2017-11-01,2017-11-30,spx_eod_201711.txt
2017-12-01,3347,2017-11-01,2017-11-30,spx_eod_201711.txt
2017-12-04,2285,2017-11-01,2017-11-30,spx_eod_201711.txt
2017-12-06,2352,2017-11-01,2017-11-30,spx_eod_201711.txt
2017-12-08,3243,2017-11-01,2017-11-30,spx_eod_201711.txt
2017-12-11,2049,2017-11-03,2017-11-30,spx_eod_201711.txt
2017-12-13,1859,2017-11-07,2017-11-30,spx_eod_201711.txt
2017-12-15,5127,2017-11-01,2017-11-30,spx_eod_201711.txt
2017-12-18,1466,2017-11-10,2017-11-30,spx_eod_201711.txt
2017-12-20,1267,2017-11-14,2017-11-30,spx_eod_201711.txt
2017-12-22,3030,2017-11-01,2017-11-30,spx_eod_201711.txt
2017-12-26,886,2017-11-17,2017-11-30,spx_eod_201711.txt
2017-12-27,695,2017-11-21,2017-11-30,spx_eod_201711.txt
2017-12-29,3647,2017-11-01,2017-11-30,spx_eod_201711.txt
2018-01-02,486,2017-11-24,2017-11-30,spx_eod_201711.txt
2018-01-03,291,2017-11-28,2017-11-30,spx_eod_201711.txt
2018-01-05,2709,2017-11-02,2017-11-30,spx_eod_201711.txt
2018-01-12,2026,2017-11-09,2017-11-30,spx_eod_201711.txt
2018-01-19,4912,2017-11-01,2017-11-30,spx_eod_201711.txt
2018-01-26,786,2017-11-22,2017-11-30,spx_eod_201711.txt
2018-01-31,2372,2017-11-01,2017-11-30,spx_eod_201711.txt
2018-02-02,135,2017-11-30,2017-11-30,spx_eod_201711.txt
2018-02-16,2994,2017-11-01,2017-11-30,spx_eod_201711.txt
2018-02-28,1146,2017-11-01,2017-11-30,spx_eod_201711.txt
2018-03-16,1823,2017-11-01,2017-11-30,spx_eod_201711.txt
2018-03-29,1209,2017-11-01,2017-11-30,spx_eod_201711.txt
2018-04-30,1659,2017-11-01,2017-11-30,spx_eod_201711.txt
2018-06-15,1986,2017-11-01,2017-11-30,spx_eod_201711.txt
2018-06-29,1146,2017-11-01,2017-11-30,spx_eod_201711.txt
2018-09-21,1692,2017-11-01,2017-11-30,spx_eod_201711.txt
2018-09-28,1128,2017-11-01,2017-11-30,spx_eod_201711.txt
2018-12-21,2151,2017-11-01,2017-11-30,spx_eod_201711.txt
2019-01-18,1629,2017-11-01,2017-11-30,spx_eod_201711.txt
2019-06-21,1647,2017-11-01,2017-11-30,spx_eod_201711.txt
2019-12-20,1962,2017-11-01,2017-11-30,spx_eod_201711.txt
2017-12-01,162,2017-12-01,2017-12-01,spx_eod_201712.txt
2017-12-04,248,2017-12-01,2017-12-04,spx_eod_201712.txt
2017-12-06,516,2017-12-01,2017-12-06,spx_eod_201712.txt
2017-12-08,978,2017-12-01,2017-12-08,spx_eod_201712.txt
2017-12-11,896,2017-12-01,2017-12-11,spx_eod_201712.txt
2017-12-13,1152,2017-12-01,2017-12-13,spx_eod_201712.txt
2017-12-15,2772,2017-12-01,2017-12-15,spx_eod_201712.txt
2017-12-18,1520,2017-12-01,2017-12-18,spx_eod_201712.txt
2017-12-20,1776,2017-12-01,2017-12-20,spx_eod_201712.txt
2017-12-22,2560,2017-12-01,2017-12-22,spx_eod_201712.txt
2017-12-26,2080,2017-12-01,2017-12-26,spx_eod_201712.txt
2017-12-27,2283,2017-12-01,2017-12-27,spx_eod_201712.txt
2017-12-29,3660,2017-12-01,2017-12-29,spx_eod_201712.txt
2018-01-02,2342,2017-12-01,2017-12-29,spx_eod_201712.txt
2018-01-03,2336,2017-12-01,2017-12-29,spx_eod_201712.txt
2018-01-05,3161,2017-12-01,2017-12-29,spx_eod_201712.txt
2018-01-08,2202,2017-12-01,2017-12-29,spx_eod_201712.txt
2018-01-10,2057,2017-12-05,2017-12-29,spx_eod_201712.txt
2018-01-12,3060,2017-12-01,2017-12-29,spx_eod_201712.txt
2018-01-16,1588,2017-12-08,2017-12-29,spx_eod_201712.txt
2018-01-17,1419,2017-12-12,2017-12-29,spx_eod_201712.txt
2018-01-19,5110,2017-12-01,2017-12-29,spx_eod_201712.txt
2018-01-22,1020,2017-12-15,2017-12-29,spx_eod_201712.txt
2018-01-24,784,2017-12-19,2017-12-29,spx_eod_201712.txt
2018-01-26,2889,2017-12-01,2017-12-29,spx_eod_201712.txt
2018-01-29,490,2017-12-22,2017-12-29,spx_eod_201712.txt
2018-01-31,3104,2017-12-01,2017-12-29,spx_eod_201712.txt
2018-02-02,2893,2017-12-01,2017-12-29,spx_eod_201712.txt
2018-02-05,98,2017-12-29,2017-12-29,spx_eod_201712.txt
2018-02-09,2273,2017-12-07,2017-12-29,spx_eod_201712.txt
2018-02-16,4327,2017-12-01,2017-12-29,spx_eod_201712.txt
2018-02-23,828,2017-12-21,2017-12-29,spx_eod_201712.txt
2018-02-28,1645,2017-12-01,2017-12-29,spx_eod_201712.txt
2018-03-16,2637,2017-12-01,2017-12-29,spx_eod_201712.txt
2018-03-29,2774,2017-12-01,2017-12-29,spx_eod_201712.txt
2018-04-20,666,2017-12-18,2017-12-29,spx_eod_201712.txt
2018-04-30,1580,2017-12-01,2017-12-29,spx_eod_201712.txt
2018-05-31,1080,2017-12-01,2017-12-29,spx_eod_201712.txt
2018-06-15,1900,2017-12-01,2017-12-29,spx_eod_201712.txt
2018-06-29,1100,2017-12-01,2017-12-29,spx_eod_201712.txt
2018-09-21,1620,2017-12-01,2017-12-29,spx_eod_201712.txt
2018-09-28,1080,2017-12-01,2017-12-29,spx_eod_201712.txt
2018-12-21,2060,2017-12-01,2017-12-29,spx_eod_201712.txt
2018-12-31,486,2017-12-18,2017-12-29,spx_eod_201712.txt
2019-01-18,1560,2017-12-01,2017-12-29,spx_eod_201712.txt
2019-03-15,480,2017-12-21,2017-12-29,spx_eod_201712.txt
2019-06-21,1580,2017-12-01,2017-12-29,spx_eod_201712.txt
2019-12-20,1880,2017-12-01,2017-12-29,spx_eod_201712.txt
2020-12-18,628,2017-12-20,2017-12-29,spx_eod_201712.txt
2018-01-02,126,2018-01-02,2018-01-02,spx_eod_201801.txt
2018-01-03,252,2018-01-02,2018-01-03,spx_eod_201801.txt
2018-01-05,636,2018-01-02,2018-01-05,spx_eod_201801.txt
2018-01-08,625,2018-01-02,2018-01-08,spx_eod_201801.txt
2018-01-10,905,2018-01-02,2018-01-10,spx_eod_201801.txt
2018-01-12,1449,2018-01-02,2018-01-12,spx_eod_201801.txt
2018-01-16,1288,2018-01-02,2018-01-16,spx_eod_201801.txt
2018-01-17,1461,2018-01-02,2018-01-17,spx_eod_201801.txt
2018-01-19,3440,2018-01-02,2018-01-19,spx_eod_201801.txt
2018-01-22,1884,2018-01-02,2018-01-22,spx_eod_201801.txt
2018-01-24,2136,2018-01-02,2018-01-24,spx_eod_201801.txt
2018-01-26,3219,2018-01-02,2018-01-26,spx_eod_201801.txt
2018-01-29,2431,2018-01-02,2018-01-29,spx_eod_201801.txt
2018-01-31,3794,2018-01-02,2018-01-31,spx_eod_201801.txt
2018-02-02,3753,2018-01-02,2018-01-31,spx_eod_201801.txt
2018-02-05,2612,2018-01-02,2018-01-31,spx_eod_201801.txt
2018-02-07,2598,2018-01-02,2018-01-31,spx_eod_201801.txt
2018-02-09,3673,2018-01-02,2018-01-31,spx_eod_201801.txt
2018-02-12,2122,2018-01-05,2018-01-31,spx_eod_201801.txt
2018-02-14,1932,2018-01-09,2018-01-31,spx_eod_201801.txt
2018-02-16,5176,2018-01-02,2018-01-31,spx_eod_201801.txt
2018-02-20,1500,2018-01-12,2018-01-31,spx_eod_201801.txt
2018-02-21,1364,2018-01-16,2018-01-31,spx_eod_201801.txt
2018-02-23,3333,2018-01-02,2018-01-31,spx_eod_201801.txt
2018-02-26,951,2018-01-19,2018-01-31,spx_eod_201801.txt
2018-02-28,3132,2018-01-02,2018-01-31,spx_eod_201801.txt
2018-03-02,2849,2018-01-04,2018-01-31,spx_eod_201801.txt
2018-03-05,416,2018-01-26,2018-01-31,spx_eod_201801.txt
2018-03-07,208,2018-01-30,2018-01-31,spx_eod_201801.txt
2018-03-09,2091,2018-01-11,2018-01-31,spx_eod_201801.txt
2018-03-16,4643,2018-01-02,2018-01-31,spx_eod_201801.txt
2018-03-23,739,2018-01-25,2018-01-31,spx_eod_201801.txt
2018-03-29,3629,2018-01-02,2018-01-31,spx_eod_201801.txt
2018-04-20,3528,2018-01-02,2018-01-31,spx_eod_201801.txt
2018-04-30,1939,2018-01-02,2018-01-31,spx_eod_201801.txt
2018-05-18,635,2018-01-22,2018-01-31,spx_eod_201801.txt
2018-05-31,1204,2018-01-02,2018-01-31,spx_eod_201801.txt
2018-06-15,2084,2018-01-02,2018-01-31,spx_eod_201801.txt
2018-06-29,1263,2018-01-02,2018-01-31,spx_eod_201801.txt
2018-09-21,1799,2018-01-02,2018-01-31,spx_eod_201801.txt
2018-09-28,1221,2018-01-02,2018-01-31,spx_eod_201801.txt
2018-12-20,668,2018-01-24,2018-01-31,spx_eod_201801.txt
2018-12-21,2238,2018-01-02,2018-01-31,spx_eod_201801.txt
2018-12-31,1208,2018-01-02,2018-01-31,spx_eod_201801.txt
2019-01-18,1746,2018-01-02,2018-01-31,spx_eod_201801.txt
2019-03-15,1723,2018-01-02,2018-01-31,spx_eod_201801.txt
2019-06-21,1782,2018-01-02,2018-01-31,spx_eod_201801.txt
2019-12-20,2097,2018-01-02,2018-01-31,spx_eod_201801.txt
2020-12-18,2042,2018-01-02,2018-01-31,spx_eod_201801.txt
2018-02-02,382,2018-02-01,2018-02-02,spx_eod_201802.txt
2018-02-05,429,2018-02-01,2018-02-05,spx_eod_201802.txt
2018-02-07,752,2018-02-01,2018-02-07,spx_eod_201802.txt
2018-02-09,1365,2018-02-01,2018-02-09,spx_eod_201802.txt
2018-02-12,1265,2018-02-01,2018-02-12,spx_eod_201802.txt
2018-02-14,1599,2018-02-01,2018-02-14,spx_eod_201802.txt
2018-02-16,3200,2018-02-01,2018-02-16,spx_eod_201802.txt
2018-02-20,2058,2018-02-01,2018-02-20,spx_eod_201802.txt
2018-02-21,2231,2018-02-01,2018-02-21,spx_eod_201802.txt
2018-02-23,3204,2018-02-01,2018-02-23,spx_eod_201802.txt
2018-02-26,2542,2018-02-01,2018-02-26,spx_eod_201802.txt
2018-02-28,3425,2018-02-01,2018-02-28,spx_eod_201802.txt
2018-03-02,3951,2018-02-01,2018-02-28,spx_eod_201802.txt
2018-03-05,2636,2018-02-01,2018-02-28,spx_eod_201802.txt
2018-03-07,2700,2018-02-01,2018-02-28,spx_eod_201802.txt
2018-03-09,3681,2018-02-01,2018-02-28,spx_eod_201802.txt
2018-03-12,2371,2018-02-02,2018-02-28,spx_eod_201802.txt
2018-03-14,1952,2018-02-05,2018-02-28,spx_eod_201802.txt
2018-03-16,5205,2018-02-01,2018-02-28,spx_eod_201802.txt
2018-03-19,1459,2018-02-09,2018-02-28,spx_eod_201802.txt
2018-03-21,1287,2018-02-13,2018-02-28,spx_eod_201802.txt
2018-03-23,3297,2018-02-01,2018-02-28,spx_eod_201802.txt
2018-03-26,792,2018-02-16,2018-02-28,spx_eod_201802.txt
2018-03-28,698,2018-02-20,2018-02-28,spx_eod_201802.txt
2018-03-29,3814,2018-02-01,2018-02-28,spx_eod_201802.txt
2018-04-02,403,2018-02-23,2018-02-28,spx_eod_201802.txt
2018-04-04,194,2018-02-27,2018-02-28,spx_eod_201802.txt
2018-04-06,2774,2018-02-01,2018-02-28,spx_eod_201802.txt
2018-04-13,1968,2018-02-08,2018-02-28,spx_eod_201802.txt
2018-04-20,4988,2018-02-01,2018-02-28,spx_eod_201802.txt
2018-04-27,665,2018-02-22,2018-02-28,spx_eod_201802.txt
2018-04-30,2033,2018-02-01,2018-02-28,spx_eod_201802.txt
2018-05-18,3595,2018-02-01,2018-02-28,spx_eod_201802.txt
2018-05-31,1159,2018-02-01,2018-02-28,spx_eod_201802.txt
2018-06-15,2014,2018-02-01,2018-02-28,spx_eod_201802.txt
2018-06-29,3073,2018-02-01,2018-02-28,spx_eod_201802.txt
2018-07-31,1653,2018-02-01,2018-02-28,spx_eod_201802.txt
2018-09-21,1748,2018-02-01,2018-02-28,spx_eod_201802.txt
2018-09-28,1197,2018-02-01,2018-02-28,spx_eod_201802.txt
2018-12-20,2147,2018-02-01,2018-02-28,spx_eod_201802.txt
2018-12-21,2147,2018-02-01,2018-02-28,spx_eod_201802.txt
2018-12-31,1178,2018-02-01,2018-02-28,spx_eod_201802.txt
2019-01-18,1729,2018-02-01,2018-02-28,spx_eod_201802.txt
2019-03-15,1691,2018-02-01,2018-02-28,spx_eod_201802.txt
2019-06-21,1786,2018-02-01,2018-02-28,spx_eod_201802.txt
2019-12-20,2071,2018-02-01,2018-02-28,spx_eod_201802.txt
2020-12-18,1976,2018-02-01,2018-02-28,spx_eod_201802.txt
2018-03-02,428,2018-03-01,2018-03-02,spx_eod_201803.txt
2018-03-05,462,2018-03-01,2018-03-05,spx_eod_201803.txt
2018-03-07,790,2018-03-01,2018-03-07,spx_eod_201803.txt
2018-03-09,1414,2018-03-01,2018-03-09,spx_eod_201803.txt
2018-03-12,1132,2018-03-01,2018-03-12,spx_eod_201803.txt
2018-03-14,1417,2018-03-01,2018-03-14,spx_eod_201803.txt
2018-03-16,3383,2018-03-01,2018-03-16,spx_eod_201803.txt
2018-03-19,1819,2018-03-01,2018-03-19,spx_eod_201803.txt
2018-03-21,2109,2018-03-01,2018-03-21,spx_eod_201803.txt
2018-03-23,3341,2018-03-01,2018-03-23,spx_eod_201803.txt
2018-03-26,2278,2018-03-01,2018-03-26,spx_eod_201803.txt
2018-03-28,2613,2018-03-01,2018-03-28,spx_eod_201803.txt
2018-03-29,4334,2018-03-01,2018-03-29,spx_eod_201803.txt
2018-04-02,2563,2018-03-01,2018-03-29,spx_eod_201803.txt
2018-04-04,2479,2018-03-01,2018-03-29,spx_eod_201803.txt
2018-04-06,3755,2018-03-01,2018-03-29,spx_eod_201803.txt
2018-04-09,2414,2018-03-02,2018-03-29,spx_eod_201803.txt
2018-04-11,2218,2018-03-06,2018-03-29,spx_eod_201803.txt
2018-04-13,3737,2018-03-01,2018-03-29,spx_eod_201803.txt
2018-04-16,1808,2018-03-09,2018-03-29,spx_eod_201803.txt
2018-04-18,1536,2018-03-13,2018-03-29,spx_eod_201803.txt
2018-04-20,5772,2018-03-01,2018-03-29,spx_eod_201803.txt
2018-04-23,1197,2018-03-16,2018-03-29,spx_eod_201803.txt
2018-04-25,975,2018-03-20,2018-03-29,spx_eod_201803.txt
2018-04-27,3466,2018-03-01,2018-03-29,spx_eod_201803.txt
2018-04-30,3131,2018-03-01,2018-03-29,spx_eod_201803.txt
2018-05-02,336,2018-03-27,2018-03-29,spx_eod_201803.txt
2018-05-04,3164,2018-03-01,2018-03-29,spx_eod_201803.txt
2018-05-07,97,2018-03-29,2018-03-29,spx_eod_201803.txt
2018-05-11,2505,2018-03-08,2018-03-29,spx_eod_201803.txt
2018-05-18,5324,2018-03-01,2018-03-29,spx_eod_201803.txt
2018-05-25,931,2018-03-22,2018-03-29,spx_eod_201803.txt
2018-05-31,2727,2018-03-01,2018-03-29,spx_eod_201803.txt
2018-06-15,4673,2018-03-01,2018-03-29,spx_eod_201803.txt
2018-06-29,3781,2018-03-01,2018-03-29,spx_eod_201803.txt
2018-07-20,2170,2018-03-19,2018-03-29,spx_eod_201803.txt
2018-07-31,1968,2018-03-01,2018-03-29,spx_eod_201803.txt
2018-08-31,1863,2018-03-01,2018-03-29,spx_eod_201803.txt
2018-09-21,1946,2018-03-01,2018-03-29,spx_eod_201803.txt
2018-09-28,1337,2018-03-01,2018-03-29,spx_eod_201803.txt
2018-12-20,2373,2018-03-01,2018-03-29,spx_eod_201803.txt
2018-12-21,2373,2018-03-01,2018-03-29,spx_eod_201803.txt
2018-12-31,1306,2018-03-01,2018-03-29,spx_eod_201803.txt
2019-01-18,1911,2018-03-01,2018-03-29,spx_eod_201803.txt
2019-03-15,1874,2018-03-01,2018-03-29,spx_eod_201803.txt
2019-03-29,725,2018-03-19,2018-03-29,spx_eod_201803.txt
2019-06-21,1974,2018-03-01,2018-03-29,spx_eod_201803.txt
2019-12-20,2289,2018-03-01,2018-03-29,spx_eod_201803.txt
2020-12-18,2189,2018-03-01,2018-03-29,spx_eod_201803.txt
2018-04-02,152,2018-04-02,2018-04-02,spx_eod_201804.txt
2018-04-04,456,2018-04-02,2018-04-04,spx_eod_201804.txt
2018-04-06,1032,2018-04-02,2018-04-06,spx_eod_201804.txt
2018-04-09,912,2018-04-02,2018-04-09,spx_eod_201804.txt
2018-04-11,1216,2018-04-02,2018-04-11,spx_eod_201804.txt
2018-04-13,2097,2018-04-02,2018-04-13,spx_eod_201804.txt
2018-04-16,1668,2018-04-02,2018-04-16,spx_eod_201804.txt
2018-04-18,1986,2018-04-02,2018-04-18,spx_eod_201804.txt
2018-04-20,4170,2018-04-02,2018-04-20,spx_eod_201804.txt
2018-04-23,2368,2018-04-02,2018-04-23,spx_eod_201804.txt
2018-04-25,2556,2018-04-02,2018-04-25,spx_eod_201804.txt
2018-04-27,4238,2018-04-02,2018-04-27,spx_eod_201804.txt
2018-04-30,3968,2018-04-02,2018-04-30,spx_eod_201804.txt
2018-05-02,2601,2018-04-02,2018-04-30,spx_eod_201804.txt
2018-05-04,4373,2018-04-02,2018-04-30,spx_eod_201804.txt
2018-05-07,2526,2018-04-02,2018-04-30,spx_eod_201804.txt
2018-05-09,2369,2018-04-03,2018-04-30,spx_eod_201804.txt
2018-05-11,4122,2018-04-02,2018-04-30,spx_eod_201804.txt
2018-05-14,1937,2018-04-06,2018-04-30,spx_eod_201804.txt
2018-05-16,1692,2018-04-10,2018-04-30,spx_eod_201804.txt
2018-05-18,5610,2018-04-02,2018-04-30,spx_eod_201804.txt
2018-05-21,1256,2018-04-13,2018-04-30,spx_eod_201804.txt
2018-05-23,1051,2018-04-17,2018-04-30,spx_eod_201804.txt
2018-05-25,3604,2018-04-02,2018-04-30,spx_eod_201804.txt
2018-05-29,758,2018-04-20,2018-04-30,spx_eod_201804.txt
2018-05-30,518,2018-04-24,2018-04-30,spx_eod_201804.txt
2018-05-31,3946,2018-04-02,2018-04-30,spx_eod_201804.txt
2018-06-01,2871,2018-04-05,2018-04-30,spx_eod_201804.txt
2018-06-04,210,2018-04-27,2018-04-30,spx_eod_201804.txt
2018-06-08,1829,2018-04-12,2018-04-30,spx_eod_201804.txt
2018-06-15,5879,2018-04-02,2018-04-30,spx_eod_201804.txt
2018-06-22,423,2018-04-26,2018-04-30,spx_eod_201804.txt
2018-06-29,4304,2018-04-02,2018-04-30,spx_eod_201804.txt
2018-07-20,5249,2018-04-02,2018-04-30,spx_eod_201804.txt
2018-07-31,2309,2018-04-02,2018-04-30,spx_eod_201804.txt
2018-08-17,1432,2018-04-23,2018-04-30,spx_eod_201804.txt
2018-08-31,2204,2018-04-02,2018-04-30,spx_eod_201804.txt
2018-09-21,1953,2018-04-02,2018-04-30,spx_eod_201804.txt
2018-09-28,3660,2018-04-02,2018-04-30,spx_eod_201804.txt
2018-12-20,2373,2018-04-02,2018-04-30,spx_eod_201804.txt
2018-12-21,2373,2018-04-02,2018-04-30,spx_eod_201804.txt
2018-12-31,1343,2018-04-02,2018-04-30,spx_eod_201804.txt
2019-01-18,1911,2018-04-02,2018-04-30,spx_eod_201804.txt
2019-03-15,1890,2018-04-02,2018-04-30,spx_eod_201804.txt
2019-03-29,1764,2018-04-02,2018-04-30,spx_eod_201804.txt
2019-06-21,1974,2018-04-02,2018-04-30,spx_eod_201804.txt
2019-12-20,2289,2018-04-02,2018-04-30,spx_eod_201804.txt
2020-12-18,2205,2018-04-02,2018-04-30,spx_eod_201804.txt
2018-05-02,272,2018-05-01,2018-05-02,spx_eod_201805.txt
2018-05-04,836,2018-05-01,2018-05-04,spx_eod_201805.txt
2018-05-07,690,2018-05-01,2018-05-07,spx_eod_201805.txt
2018-05-09,973,2018-05-01,2018-05-09,spx_eod_201805.txt
2018-05-11,1818,2018-05-01,2018-05-11,spx_eod_201805.txt
2018-05-14,1322,2018-05-01,2018-05-14,spx_eod_201805.txt
2018-05-16,1592,2018-05-01,2018-05-16,spx_eod_201805.txt
2018-05-18,3793,2018-05-01,2018-05-18,spx_eod_201805.txt
2018-05-21,1993,2018-05-01,2018-05-21,spx_eod_201805.txt
2018-05-23,2234,2018-05-01,2018-05-23,spx_eod_201805.txt
2018-05-25,3691,2018-05-01,2018-05-25,spx_eod_201805.txt
2018-05-29,2563,2018-05-01,2018-05-29,spx_eod_201805.txt
2018-05-30,2577,2018-05-01,2018-05-30,spx_eod_201805.txt
2018-05-31,4136,2018-05-01,2018-05-31,spx_eod_201805.txt
2018-06-01,4250,2018-05-01,2018-05-31,spx_eod_201805.txt
2018-06-04,2646,2018-05-01,2018-05-31,spx_eod_201805.txt
2018-06-06,2582,2018-05-01,2018-05-31,spx_eod_201805.txt
2018-06-08,3863,2018-05-01,2018-05-31,spx_eod_201805.txt
2018-06-11,2202,2018-05-04,2018-05-31,spx_eod_201805.txt
2018-06-13,1906,2018-05-08,2018-05-31,spx_eod_201805.txt
2018-06-15,6160,2018-05-01,2018-05-31,spx_eod_201805.txt
2018-06-18,1474,2018-05-11,2018-05-31,spx_eod_201805.txt
2018-06-20,1238,2018-05-15,2018-05-31,spx_eod_201805.txt
2018-06-22,3630,2018-05-01,2018-05-31,spx_eod_201805.txt
2018-06-25,903,2018-05-18,2018-05-31,spx_eod_201805.txt
2018-06-27,706,2018-05-22,2018-05-31,spx_eod_201805.txt
2018-06-29,4540,2018-05-01,2018-05-31,spx_eod_201805.txt
2018-07-02,410,2018-05-25,2018-05-31,spx_eod_201805.txt
2018-07-03,322,2018-05-29,2018-05-31,spx_eod_201805.txt
2018-07-06,3020,2018-05-03,2018-05-31,spx_eod_201805.txt
2018-07-13,2195,2018-05-10,2018-05-31,spx_eod_201805.txt
2018-07-20,5500,2018-05-01,2018-05-31,spx_eod_201805.txt
2018-07-27,704,2018-05-24,2018-05-31,spx_eod_201805.txt
2018-07-31,3704,2018-05-01,2018-05-31,spx_eod_201805.txt
2018-08-03,138,2018-05-31,2018-05-31,spx_eod_201805.txt
2018-08-17,5390,2018-05-01,2018-05-31,spx_eod_201805.txt
2018-08-31,2310,2018-05-01,2018-05-31,spx_eod_201805.txt
2018-09-21,3216,2018-05-01,2018-05-31,spx_eod_201805.txt
2018-09-28,4036,2018-05-01,2018-05-31,spx_eod_201805.txt
2018-10-31,1960,2018-05-01,2018-05-31,spx_eod_201805.txt
2018-12-20,2486,2018-05-01,2018-05-31,spx_eod_201805.txt
2018-12-21,2486,2018-05-01,2018-05-31,spx_eod_201805.txt
2018-12-31,1408,2018-05-01,2018-05-31,spx_eod_201805.txt
2019-01-18,2002,2018-05-01,2018-05-31,spx_eod_201805.txt
2019-03-15,1980,2018-05-01,2018-05-31,spx_eod_201805.txt
2019-03-29,1848,2018-05-01,2018-05-31,spx_eod_201805.txt
2019-06-21,2068,2018-05-01,2018-05-31,spx_eod_201805.txt
2019-12-20,2398,2018-05-01,2018-05-31,spx_eod_201805.txt
2020-12-18,2310,2018-05-01,2018-05-31,spx_eod_201805.txt
2018-06-01,197,2018-06-01,2018-06-01,spx_eod_201806.txt
2018-06-04,274,2018-06-01,2018-06-04,spx_eod_201806.txt
2018-06-06,540,2018-06-01,2018-06-06,spx_eod_201806.txt
2018-06-08,1125,2018-06-01,2018-06-08,spx_eod_201806.txt
2018-06-11,979,2018-06-01,2018-06-11,spx_eod_201806.txt
2018-06-13,1256,2018-06-01,2018-06-13,spx_eod_201806.txt
2018-06-15,3080,2018-06-01,2018-06-15,spx_eod_201806.txt
2018-06-18,1645,2018-06-01,2018-06-18,spx_eod_201806.txt
2018-06-20,1891,2018-06-01,2018-06-20,spx_eod_201806.txt
2018-06-22,3085,2018-06-01,2018-06-22,spx_eod_201806.txt
2018-06-25,2222,2018-06-01,2018-06-25,spx_eod_201806.txt
2018-06-27,2454,2018-06-01,2018-06-27,spx_eod_201806.txt
2018-06-29,4473,2018-06-01,2018-06-29,spx_eod_201806.txt
2018-07-02,2661,2018-06-01,2018-06-29,spx_eod_201806.txt
2018-07-03,2662,2018-06-01,2018-06-29,spx_eod_201806.txt
2018-07-06,4081,2018-06-01,2018-06-29,spx_eod_201806.txt
2018-07-09,2478,2018-06-01,2018-06-29,spx_eod_201806.txt
2018-07-11,2229,2018-06-05,2018-06-29,spx_eod_201806.txt
2018-07-13,3945,2018-06-01,2018-06-29,spx_eod_201806.txt
2018-07-16,1806,2018-06-08,2018-06-29,spx_eod_201806.txt
2018-07-18,1562,2018-06-12,2018-06-29,spx_eod_201806.txt
2018-07-20,5478,2018-06-01,2018-06-29,spx_eod_201806.txt
2018-07-23,1203,2018-06-15,2018-06-29,spx_eod_201806.txt
2018-07-25,980,2018-06-19,2018-06-29,spx_eod_201806.txt
2018-07-27,3616,2018-06-01,2018-06-29,spx_eod_201806.txt
2018-07-30,654,2018-06-22,2018-06-29,spx_eod_201806.txt
2018-07-31,3726,2018-06-01,2018-06-29,spx_eod_201806.txt
2018-08-01,440,2018-06-26,2018-06-29,spx_eod_201806.txt
2018-08-03,3333,2018-06-01,2018-06-29,spx_eod_201806.txt
2018-08-06,102,2018-06-29,2018-06-29,spx_eod_201806.txt
2018-08-10,2509,2018-06-07,2018-06-29,spx_eod_201806.txt
2018-08-17,5189,2018-06-01,2018-06-29,spx_eod_201806.txt
2018-08-24,1037,2018-06-21,2018-06-29,spx_eod_201806.txt
2018-08-31,2205,2018-06-01,2018-06-29,spx_eod_201806.txt
2018-09-21,5267,2018-06-01,2018-06-29,spx_eod_201806.txt
2018-09-28,4041,2018-06-01,2018-06-29,spx_eod_201806.txt
2018-10-19,2336,2018-06-18,2018-06-29,spx_eod_201806.txt
2018-10-31,2037,2018-06-01,2018-06-29,spx_eod_201806.txt
2018-11-30,1869,2018-06-01,2018-06-29,spx_eod_201806.txt
2018-12-20,2373,2018-06-01,2018-06-29,spx_eod_201806.txt
2018-12-21,2373,2018-06-01,2018-06-29,spx_eod_201806.txt
2018-12-31,1344,2018-06-01,2018-06-29,spx_eod_201806.txt
2019-01-18,1911,2018-06-01,2018-06-29,spx_eod_201806.txt
2019-03-15,1890,2018-06-01,2018-06-29,spx_eod_201806.txt
2019-03-29,1764,2018-06-01,2018-06-29,spx_eod_201806.txt
2019-06-21,1974,2018-06-01,2018-06-29,spx_eod_201806.txt
2019-06-28,728,2018-06-18,2018-06-29,spx_eod_201806.txt
2019-09-20,1251,2018-06-11,2018-06-29,spx_eod_201806.txt
2019-12-20,2289,2018-06-01,2018-06-29,spx_eod_201806.txt
2020-06-19,676,2018-06-20,2018-06-29,spx_eod_201806.txt
2020-12-18,2205,2018-06-01,2018-06-29,spx_eod_201806.txt
2018-07-02,142,2018-07-02,2018-07-02,spx_eod_201807.txt
2018-07-03,284,2018-07-02,2018-07-03,spx_eod_201807.txt
2018-07-06,788,2018-07-02,2018-07-06,spx_eod_201807.txt
2018-07-09,695,2018-07-02,2018-07-09,spx_eod_201807.txt
2018-07-11,978,2018-07-02,2018-07-11,spx_eod_201807.txt
2018-07-13,1779,2018-07-02,2018-07-13,spx_eod_201807.txt
2018-07-16,1381,2018-07-02,2018-07-16,spx_eod_201807.txt
2018-07-18,1683,2018-07-02,2018-07-18,spx_eod_201807.txt
2018-07-20,3778,2018-07-02,2018-07-20,spx_eod_201807.txt
2018-07-23,2070,2018-07-02,2018-07-23,spx_eod_201807.txt
2018-07-25,2313,2018-07-02,2018-07-25,spx_eod_201807.txt
2018-07-27,3861,2018-07-02,2018-07-27,spx_eod_201807.txt
2018-07-30,2630,2018-07-02,2018-07-30,spx_eod_201807.txt
2018-07-31,3890,2018-07-02,2018-07-31,spx_eod_201807.txt
2018-08-01,2844,2018-07-02,2018-07-31,spx_eod_201807.txt
2018-08-03,4265,2018-07-02,2018-07-31,spx_eod_201807.txt
2018-08-06,2638,2018-07-02,2018-07-31,spx_eod_201807.txt
2018-08-08,2502,2018-07-03,2018-07-31,spx_eod_201807.txt
2018-08-10,4012,2018-07-02,2018-07-31,spx_eod_201807.txt
2018-08-13,2201,2018-07-06,2018-07-31,spx_eod_201807.txt
2018-08-15,1898,2018-07-10,2018-07-31,spx_eod_201807.txt
2018-08-17,5474,2018-07-02,2018-07-31,spx_eod_201807.txt
2018-08-20,1438,2018-07-13,2018-07-31,spx_eod_201807.txt
2018-08-22,1189,2018-07-17,2018-07-31,spx_eod_201807.txt
2018-08-24,3681,2018-07-02,2018-07-31,spx_eod_201807.txt
2018-08-27,873,2018-07-20,2018-07-31,spx_eod_201807.txt
2018-08-29,664,2018-07-24,2018-07-31,spx_eod_201807.txt
2018-08-31,3457,2018-07-02,2018-07-31,spx_eod_201807.txt
2018-09-04,329,2018-07-27,2018-07-31,spx_eod_201807.txt
2018-09-05,105,2018-07-31,2018-07-31,spx_eod_201807.txt
2018-09-07,2980,2018-07-05,2018-07-31,spx_eod_201807.txt
2018-09-14,2105,2018-07-12,2018-07-31,spx_eod_201807.txt
2018-09-21,5437,2018-07-02,2018-07-31,spx_eod_201807.txt
2018-09-28,4217,2018-07-02,2018-07-31,spx_eod_201807.txt
2018-10-05,604,2018-07-26,2018-07-31,spx_eod_201807.txt
2018-10-19,5105,2018-07-02,2018-07-31,spx_eod_201807.txt
2018-10-31,2145,2018-07-02,2018-07-31,spx_eod_201807.txt
2018-11-16,1656,2018-07-23,2018-07-31,spx_eod_201807.txt
2018-11-30,1977,2018-07-02,2018-07-31,spx_eod_201807.txt
2018-12-20,2373,2018-07-02,2018-07-31,spx_eod_201807.txt
2018-12-21,2373,2018-07-02,2018-07-31,spx_eod_201807.txt
2018-12-31,3764,2018-07-02,2018-07-31,spx_eod_201807.txt
2019-01-18,1911,2018-07-02,2018-07-31,spx_eod_201807.txt
2019-03-15,1890,2018-07-02,2018-07-31,spx_eod_201807.txt
2019-03-29,1784,2018-07-02,2018-07-31,spx_eod_201807.txt
2019-06-21,1974,2018-07-02,2018-07-31,spx_eod_201807.txt
2019-06-28,1772,2018-07-02,2018-07-31,spx_eod_201807.txt
2019-09-20,1812,2018-07-02,2018-07-31,spx_eod_201807.txt
2019-12-20,2289,2018-07-02,2018-07-31,spx_eod_201807.txt
2020-06-19,1812,2018-07-02,2018-07-31,spx_eod_201807.txt
2020-12-18,2205,2018-07-02,2018-07-31,spx_eod_201807.txt
2018-08-01,151,2018-08-01,2018-08-01,spx_eod_201808.txt
2018-08-03,633,2018-08-01,2018-08-03,spx_eod_201808.txt
2018-08-06,572,2018-08-01,2018-08-06,spx_eod_201808.txt
2018-08-08,852,2018-08-01,2018-08-08,spx_eod_201808.txt
2018-08-10,1644,2018-08-01,2018-08-10,spx_eod_201808.txt
2018-08-13,1272,2018-08-01,2018-08-13,spx_eod_201808.txt
2018-08-15,1556,2018-08-01,2018-08-15,spx_eod_201808.txt
2018-08-17,3559,2018-08-01,2018-08-17,spx_eod_201808.txt
2018-08-20,1951,2018-08-01,2018-08-20,spx_eod_201808.txt
2018-08-22,2172,2018-08-01,2018-08-22,spx_eod_201808.txt
2018-08-24,3660,2018-08-01,2018-08-24,spx_eod_201808.txt
2018-08-27,2588,2018-08-01,2018-08-27,spx_eod_201808.txt
2018-08-29,2838,2018-08-01,2018-08-29,spx_eod_201808.txt
2018-08-31,4525,2018-08-01,2018-08-31,spx_eod_201808.txt
2018-09-04,3041,2018-08-01,2018-08-31,spx_eod_201808.txt
2018-09-05,2885,2018-08-01,2018-08-31,spx_eod_201808.txt
2018-09-07,4614,2018-08-01,2018-08-31,spx_eod_201808.txt
2018-09-10,2542,2018-08-03,2018-08-31,spx_eod_201808.txt
2018-09-12,2289,2018-08-07,2018-08-31,spx_eod_201808.txt
2018-09-14,4326,2018-08-01,2018-08-31,spx_eod_201808.txt
2018-09-17,1852,2018-08-10,2018-08-31,spx_eod_201808.txt
2018-09-19,1694,2018-08-14,2018-08-31,spx_eod_201808.txt
2018-09-21,6194,2018-08-01,2018-08-31,spx_eod_201808.txt
2018-09-24,1242,2018-08-17,2018-08-31,spx_eod_201808.txt
2018-09-26,945,2018-08-21,2018-08-31,spx_eod_201808.txt
2018-09-28,4891,2018-08-01,2018-08-31,spx_eod_201808.txt
2018-10-01,624,2018-08-24,2018-08-31,spx_eod_201808.txt
2018-10-03,420,2018-08-28,2018-08-31,spx_eod_201808.txt
2018-10-05,3899,2018-08-01,2018-08-31,spx_eod_201808.txt
2018-10-08,107,2018-08-31,2018-08-31,spx_eod_201808.txt
2018-10-12,3402,2018-08-02,2018-08-31,spx_eod_201808.txt
2018-10-19,5872,2018-08-01,2018-08-31,spx_eod_201808.txt
2018-10-26,2579,2018-08-09,2018-08-31,spx_eod_201808.txt
2018-10-31,3884,2018-08-01,2018-08-31,spx_eod_201808.txt
2018-11-02,1036,2018-08-23,2018-08-31,spx_eod_201808.txt
2018-11-16,5619,2018-08-01,2018-08-31,spx_eod_201808.txt
2018-11-30,2313,2018-08-01,2018-08-31,spx_eod_201808.txt
2018-12-20,4158,2018-08-01,2018-08-31,spx_eod_201808.txt
2018-12-21,4158,2018-08-01,2018-08-31,spx_eod_201808.txt
2018-12-31,4364,2018-08-01,2018-08-31,spx_eod_201808.txt
2019-01-18,2114,2018-08-01,2018-08-31,spx_eod_201808.txt
2019-01-31,2116,2018-08-01,2018-08-31,spx_eod_201808.txt
2019-03-15,2070,2018-08-01,2018-08-31,spx_eod_201808.txt
2019-03-29,2001,2018-08-01,2018-08-31,spx_eod_201808.txt
2019-06-21,2162,2018-08-01,2018-08-31,spx_eod_201808.txt
2019-06-28,1978,2018-08-01,2018-08-31,spx_eod_201808.txt
2019-09-20,2047,2018-08-01,2018-08-31,spx_eod_201808.txt
2019-12-20,2507,2018-08-01,2018-08-31,spx_eod_201808.txt
2020-06-19,2047,2018-08-01,2018-08-31,spx_eod_201808.txt
2020-12-18,2415,2018-08-01,2018-08-31,spx_eod_201808.txt
2018-09-04,142,2018-09-04,2018-09-04,spx_eod_201809.txt
2018-09-05,285,2018-09-04,2018-09-05,spx_eod_201809.txt
2018-09-07,842,2018-09-04,2018-09-07,spx_eod_201809.txt
2018-09-10,699,2018-09-04,2018-09-10,spx_eod_201809.txt
2018-09-12,1007,2018-09-04,2018-09-12,spx_eod_201809.txt
2018-09-14,1862,2018-09-04,2018-09-14,spx_eod_201809.txt
2018-09-17,1393,2018-09-04,2018-09-17,spx_eod_201809.txt
2018-09-19,1701,2018-09-04,2018-09-19,spx_eod_201809.txt
2018-09-21,3604,2018-09-04,2018-09-20,spx_eod_201809.txt
2018-09-24,2079,2018-09-04,2018-09-24,spx_eod_201809.txt
2018-09-26,2291,2018-09-04,2018-09-26,spx_eod_201809.txt
2018-09-28,4423,2018-09-04,2018-09-28,spx_eod_201809.txt
2018-10-01,2468,2018-09-04,2018-09-28,spx_eod_201809.txt
2018-10-03,2440,2018-09-04,2018-09-28,spx_eod_201809.txt
2018-10-05,3849,2018-09-04,2018-09-28,spx_eod_201809.txt
2018-10-08,2362,2018-09-04,2018-09-28,spx_eod_201809.txt
2018-10-10,2178,2018-09-05,2018-09-28,spx_eod_201809.txt
2018-10-12,3792,2018-09-04,2018-09-28,spx_eod_201809.txt
2018-10-15,1891,2018-09-07,2018-09-28,spx_eod_201809.txt
2018-10-17,1625,2018-09-11,2018-09-28,spx_eod_201809.txt
2018-10-19,5207,2018-09-04,2018-09-28,spx_eod_201809.txt
2018-10-22,1222,2018-09-14,2018-09-28,spx_eod_201809.txt
2018-10-24,446,2018-09-25,2018-09-28,spx_eod_201809.txt
2018-10-26,3471,2018-09-04,2018-09-28,spx_eod_201809.txt
2018-10-29,674,2018-09-21,2018-09-28,spx_eod_201809.txt
2018-10-31,3447,2018-09-04,2018-09-28,spx_eod_201809.txt
2018-11-02,3220,2018-09-04,2018-09-28,spx_eod_201809.txt
2018-11-05,109,2018-09-28,2018-09-28,spx_eod_201809.txt
2018-11-09,2675,2018-09-06,2018-09-28,spx_eod_201809.txt
2018-11-16,4845,2018-09-04,2018-09-28,spx_eod_201809.txt
2018-11-23,1853,2018-09-13,2018-09-28,spx_eod_201809.txt
2018-11-30,3280,2018-09-04,2018-09-28,spx_eod_201809.txt
2018-12-20,5318,2018-09-04,2018-09-28,spx_eod_201809.txt
2018-12-21,5032,2018-09-04,2018-09-28,spx_eod_201809.txt
2018-12-31,3842,2018-09-04,2018-09-28,spx_eod_201809.txt
2019-01-18,2579,2018-09-04,2018-09-28,spx_eod_201809.txt
2019-01-31,1916,2018-09-04,2018-09-28,spx_eod_201809.txt
2019-02-28,1809,2018-09-04,2018-09-28,spx_eod_201809.txt
2019-03-15,1745,2018-09-04,2018-09-28,spx_eod_201809.txt
2019-03-29,1677,2018-09-04,2018-09-28,spx_eod_201809.txt
2019-06-21,1816,2018-09-04,2018-09-28,spx_eod_201809.txt
2019-06-28,1658,2018-09-04,2018-09-28,spx_eod_201809.txt
2019-09-20,1742,2018-09-04,2018-09-28,spx_eod_201809.txt
2019-09-30,600,2018-09-24,2018-09-28,spx_eod_201809.txt
2019-12-20,2119,2018-09-04,2018-09-28,spx_eod_201809.txt
2020-06-19,1739,2018-09-04,2018-09-28,spx_eod_201809.txt
2020-12-18,2043,2018-09-04,2018-09-28,spx_eod_201809.txt
2018-10-01,143,2018-10-01,2018-10-01,spx_eod_201810.txt
2018-10-03,429,2018-10-01,2018-10-03,spx_eod_201810.txt
2018-10-05,1030,2018-10-01,2018-10-05,spx_eod_201810.txt
2018-10-08,860,2018-10-01,2018-10-08,spx_eod_201810.txt
2018-10-10,1136,2018-10-01,2018-10-10,spx_eod_201810.txt
2018-10-12,2080,2018-10-01,2018-10-12,spx_eod_201810.txt
2018-10-15,1633,2018-10-01,2018-10-15,spx_eod_201810.txt
2018-10-17,1969,2018-10-01,2018-10-17,spx_eod_201810.txt
2018-10-19,4260,2018-10-01,2018-10-19,spx_eod_201810.txt
2018-10-22,2447,2018-10-01,2018-10-22,spx_eod_201810.txt
2018-10-24,2734,2018-10-01,2018-10-24,spx_eod_201810.txt
2018-10-26,4274,2018-10-01,2018-10-26,spx_eod_201810.txt
2018-10-29,3062,2018-10-01,2018-10-29,spx_eod_201810.txt
2018-10-31,4477,2018-10-01,2018-10-31,spx_eod_201810.txt
2018-11-02,4951,2018-10-01,2018-10-31,spx_eod_201810.txt
2018-11-05,3290,2018-10-01,2018-10-31,spx_eod_201810.txt
2018-11-07,3242,2018-10-02,2018-10-31,spx_eod_201810.txt
2018-11-09,4653,2018-10-01,2018-10-31,spx_eod_201810.txt
2018-11-12,2751,2018-10-05,2018-10-31,spx_eod_201810.txt
2018-11-14,2391,2018-10-09,2018-10-31,spx_eod_201810.txt
2018-11-16,6382,2018-10-01,2018-10-31,spx_eod_201810.txt
2018-11-19,1660,2018-10-12,2018-10-31,spx_eod_201810.txt
2018-11-21,1410,2018-10-16,2018-10-31,spx_eod_201810.txt
2018-11-23,4436,2018-10-01,2018-10-31,spx_eod_201810.txt
2018-11-26,1074,2018-10-19,2018-10-31,spx_eod_201810.txt
2018-11-28,808,2018-10-23,2018-10-31,spx_eod_201810.txt
2018-11-30,4509,2018-10-01,2018-10-31,spx_eod_201810.txt
2018-12-03,438,2018-10-26,2018-10-31,spx_eod_201810.txt
2018-12-05,218,2018-10-30,2018-10-31,spx_eod_201810.txt
2018-12-07,3584,2018-10-04,2018-10-31,spx_eod_201810.txt
2018-12-14,2610,2018-10-11,2018-10-31,spx_eod_201810.txt
2018-12-20,6840,2018-10-01,2018-10-31,spx_eod_201810.txt
2018-12-21,6840,2018-10-01,2018-10-31,spx_eod_201810.txt
2018-12-28,760,2018-10-25,2018-10-31,spx_eod_201810.txt
2018-12-31,4821,2018-10-01,2018-10-31,spx_eod_201810.txt
2019-01-18,6267,2018-10-01,2018-10-31,spx_eod_201810.txt
2019-01-31,2545,2018-10-01,2018-10-31,spx_eod_201810.txt
2019-02-15,1925,2018-10-22,2018-10-31,spx_eod_201810.txt
2019-02-28,2497,2018-10-01,2018-10-31,spx_eod_201810.txt
2019-03-15,2162,2018-10-01,2018-10-31,spx_eod_201810.txt
2019-03-29,5044,2018-10-01,2018-10-31,spx_eod_201810.txt
2019-06-21,2231,2018-10-01,2018-10-31,spx_eod_201810.txt
2019-06-28,2024,2018-10-01,2018-10-31,spx_eod_201810.txt
2019-09-20,2164,2018-10-01,2018-10-31,spx_eod_201810.txt
2019-09-30,2760,2018-10-01,2018-10-31,spx_eod_201810.txt
2019-12-20,2599,2018-10-01,2018-10-31,spx_eod_201810.txt
2020-01-17,1606,2018-10-08,2018-10-31,spx_eod_201810.txt
2020-06-19,2141,2018-10-01,2018-10-31,spx_eod_201810.txt
2020-12-18,2507,2018-10-01,2018-10-31,spx_eod_201810.txt
2018-11-02,468,2018-11-01,2018-11-02,spx_eod_201811.txt
2018-11-05,528,2018-11-01,2018-11-05,spx_eod_201811.txt
2018-11-07,880,2018-11-01,2018-11-07,spx_eod_201811.txt
2018-11-09,1582,2018-11-01,2018-11-09,spx_eod_201811.txt
2018-11-12,1400,2018-11-01,2018-11-12,spx_eod_201811.txt
2018-11-14,1670,2018-11-01,2018-11-14,spx_eod_201811.txt
2018-11-16,3540,2018-11-01,2018-11-16,spx_eod_201811.txt
2018-11-19,2002,2018-11-01,2018-11-19,spx_eod_201811.txt
2018-11-21,2313,2018-11-01,2018-11-21,spx_eod_201811.txt
2018-11-23,3824,2018-11-01,2018-11-23,spx_eod_201811.txt
2018-11-26,2493,2018-11-01,2018-11-26,spx_eod_201811.txt
2018-11-28,2746,2018-11-01,2018-11-28,spx_eod_201811.txt
2018-11-30,4781,2018-11-01,2018-11-30,spx_eod_201811.txt
2018-12-03,2883,2018-11-01,2018-11-30,spx_eod_201811.txt
2018-12-05,2871,2018-11-01,2018-11-30,spx_eod_201811.txt
2018-12-07,4731,2018-11-01,2018-11-30,spx_eod_201811.txt
2018-12-10,2578,2018-11-02,2018-11-30,spx_eod_201811.txt
2018-12-12,2307,2018-11-06,2018-11-30,spx_eod_201811.txt
2018-12-14,4321,2018-11-01,2018-11-30,spx_eod_201811.txt
2018-12-17,1913,2018-11-09,2018-11-30,spx_eod_201811.txt
2018-12-18,1591,2018-11-13,2018-11-30,spx_eod_201811.txt
2018-12-20,6531,2018-11-01,2018-11-30,spx_eod_201811.txt
2018-12-21,6531,2018-11-01,2018-11-30,spx_eod_201811.txt
2018-12-24,659,2018-11-23,2018-11-30,spx_eod_201811.txt
2018-12-26,945,2018-11-20,2018-11-30,spx_eod_201811.txt
2018-12-28,3856,2018-11-01,2018-11-30,spx_eod_201811.txt
2018-12-31,4599,2018-11-01,2018-11-30,spx_eod_201811.txt
2019-01-02,347,2018-11-27,2018-11-30,spx_eod_201811.txt
2019-01-04,3514,2018-11-01,2018-11-30,spx_eod_201811.txt
2019-01-07,101,2018-11-30,2018-11-30,spx_eod_201811.txt
2019-01-11,2628,2018-11-08,2018-11-30,spx_eod_201811.txt
2019-01-18,6048,2018-11-01,2018-11-30,spx_eod_201811.txt
2019-01-25,1005,2018-11-21,2018-11-30,spx_eod_201811.txt
2019-01-31,3795,2018-11-01,2018-11-30,spx_eod_201811.txt
2019-02-15,5355,2018-11-01,2018-11-30,spx_eod_201811.txt
2019-02-28,2520,2018-11-01,2018-11-30,spx_eod_201811.txt
2019-03-15,3388,2018-11-01,2018-11-30,spx_eod_201811.txt
2019-03-29,4977,2018-11-01,2018-11-30,spx_eod_201811.txt
2019-04-30,2007,2018-11-01,2018-11-30,spx_eod_201811.txt
2019-06-21,2037,2018-11-01,2018-11-30,spx_eod_201811.txt
2019-06-28,1848,2018-11-01,2018-11-30,spx_eod_201811.txt
2019-09-20,1995,2018-11-01,2018-11-30,spx_eod_201811.txt
2019-09-30,2520,2018-11-01,2018-11-30,spx_eod_201811.txt
2019-12-20,2373,2018-11-01,2018-11-30,spx_eod_201811.txt
2020-01-17,1911,2018-11-01,2018-11-30,spx_eod_201811.txt
2020-06-19,1974,2018-11-01,2018-11-30,spx_eod_201811.txt
2020-12-18,2289,2018-11-01,2018-11-30,spx_eod_201811.txt
2018-12-03,150,2018-12-03,2018-12-03,spx_eod_201812.txt
2018-12-05,460,2018-12-03,2018-12-05,spx_eod_201812.txt
2018-12-07,1135,2018-12-03,2018-12-07,spx_eod_201812.txt
2018-12-10,926,2018-12-03,2018-12-10,spx_eod_201812.txt
2018-12-12,1240,2018-12-03,2018-12-12,spx_eod_201812.txt
2018-12-14,2189,2018-12-03,2018-12-14,spx_eod_201812.txt
2018-12-17,1539,2018-12-03,2018-12-14,spx_eod_201812.txt
2018-12-18,1815,2018-12-03,2018-12-18,spx_eod_201812.txt
2018-12-20,4370,2018-12-03,2018-12-20,spx_eod_201812.txt
2018-12-21,3118,2018-12-03,2018-12-14,spx_eod_201812.txt
2018-12-24,2522,2018-12-03,2018-12-24,spx_eod_201812.txt
2018-12-26,2563,2018-12-03,2018-12-26,spx_eod_201812.txt
2018-12-28,4261,2018-12-03,2018-12-28,spx_eod_201812.txt
2018-12-31,4672,2018-12-03,2018-12-31,spx_eod_201812.txt
2019-01-02,3057,2018-12-03,2018-12-31,spx_eod_201812.txt
2019-01-04,4396,2018-12-03,2018-12-31,spx_eod_201812.txt
2019-01-07,2982,2018-12-03,2018-12-31,spx_eod_201812.txt
2019-01-09,2817,2018-12-04,2018-12-31,spx_eod_201812.txt
2019-01-11,4139,2018-12-03,2018-12-31,spx_eod_201812.txt
2019-01-14,2208,2018-12-07,2018-12-31,spx_eod_201812.txt
2019-01-16,1716,2018-12-11,2018-12-31,spx_eod_201812.txt
2019-01-18,6093,2018-12-03,2018-12-31,spx_eod_201812.txt
2019-01-22,1467,2018-12-14,2018-12-31,spx_eod_201812.txt
2019-01-23,1074,2018-12-18,2018-12-31,spx_eod_201812.txt
2019-01-25,4026,2018-12-03,2018-12-31,spx_eod_201812.txt
2019-01-28,678,2018-12-21,2018-12-31,spx_eod_201812.txt
2019-01-30,540,2018-12-24,2018-12-31,spx_eod_201812.txt
2019-01-31,4137,2018-12-03,2018-12-31,spx_eod_201812.txt
2019-02-01,3366,2018-12-05,2018-12-31,spx_eod_201812.txt
2019-02-04,193,2018-12-28,2018-12-31,spx_eod_201812.txt
2019-02-06,95,2018-12-31,2018-12-31,spx_eod_201812.txt
2019-02-08,1925,2018-12-13,2018-12-31,spx_eod_201812.txt
2019-02-15,5367,2018-12-03,2018-12-31,spx_eod_201812.txt
2019-02-22,363,2018-12-27,2018-12-31,spx_eod_201812.txt
2019-02-28,4058,2018-12-03,2018-12-31,spx_eod_201812.txt
2019-03-15,5486,2018-12-03,2018-12-31,spx_eod_201812.txt
2019-03-29,5003,2018-12-03,2018-12-31,spx_eod_201812.txt
2019-04-18,1005,2018-12-24,2018-12-31,spx_eod_201812.txt
2019-04-30,2258,2018-12-03,2018-12-31,spx_eod_201812.txt
2019-05-31,2158,2018-12-03,2018-12-31,spx_eod_201812.txt
2019-06-21,1940,2018-12-03,2018-12-31,spx_eod_201812.txt
2019-06-28,1760,2018-12-03,2018-12-31,spx_eod_201812.txt
2019-09-20,1914,2018-12-03,2018-12-31,spx_eod_201812.txt
2019-09-30,2405,2018-12-03,2018-12-31,spx_eod_201812.txt
2019-12-20,2260,2018-12-03,2018-12-31,spx_eod_201812.txt
2019-12-31,371,2018-12-24,2018-12-31,spx_eod_201812.txt
2020-01-17,1849,2018-12-03,2018-12-31,spx_eod_201812.txt
2020-03-20,819,2018-12-17,2018-12-31,spx_eod_201812.txt
2020-06-19,1909,2018-12-03,2018-12-31,spx_eod_201812.txt
2020-12-18,2203,2018-12-03,2018-12-31,spx_eod_201812.txt
2021-12-17,301,2018-12-26,2018-12-31,spx_eod_201812.txt
2019-01-02,192,2019-01-02,2019-01-02,spx_eod_201901.txt
2019-01-04,741,2019-01-02,2019-01-04,spx_eod_201901.txt
2019-01-07,768,2019-01-02,2019-01-07,spx_eod_201901.txt
2019-01-09,1152,2019-01-02,2019-01-09,spx_eod_201901.txt
2019-01-11,1928,2019-01-02,2019-01-11,spx_eod_201901.txt
2019-01-14,1557,2019-01-02,2019-01-14,spx_eod_201901.txt
2019-01-16,1707,2019-01-02,2019-01-16,spx_eod_201901.txt
2019-01-18,4342,2019-01-02,2019-01-18,spx_eod_201901.txt
2019-01-22,2307,2019-01-02,2019-01-22,spx_eod_201901.txt
2019-01-23,2181,2019-01-02,2019-01-23,spx_eod_201901.txt
2019-01-25,4420,2019-01-02,2019-01-25,spx_eod_201901.txt
2019-01-28,2562,2019-01-02,2019-01-28,spx_eod_201901.txt
2019-01-30,2884,2019-01-02,2019-01-30,spx_eod_201901.txt
2019-01-31,4977,2019-01-02,2019-01-31,spx_eod_201901.txt
2019-02-01,5433,2019-01-02,2019-01-31,spx_eod_201901.txt
2019-02-04,2781,2019-01-02,2019-01-31,spx_eod_201901.txt
2019-02-06,2675,2019-01-02,2019-01-31,spx_eod_201901.txt
2019-02-08,4331,2019-01-02,2019-01-31,spx_eod_201901.txt
2019-02-11,2404,2019-01-04,2019-01-31,spx_eod_201901.txt
2019-02-13,1863,2019-01-08,2019-01-31,spx_eod_201901.txt
2019-02-15,6309,2019-01-02,2019-01-31,spx_eod_201901.txt
2019-02-19,1553,2019-01-11,2019-01-31,spx_eod_201901.txt
2019-02-20,1300,2019-01-15,2019-01-31,spx_eod_201901.txt
2019-02-22,4123,2019-01-02,2019-01-31,spx_eod_201901.txt
2019-02-25,966,2019-01-18,2019-01-31,spx_eod_201901.txt
2019-02-27,842,2019-01-22,2019-01-31,spx_eod_201901.txt
2019-02-28,4956,2019-01-02,2019-01-31,spx_eod_201901.txt
2019-03-01,3300,2019-01-03,2019-01-31,spx_eod_201901.txt
2019-03-04,499,2019-01-25,2019-01-31,spx_eod_201901.txt
2019-03-06,303,2019-01-29,2019-01-31,spx_eod_201901.txt
2019-03-08,2237,2019-01-10,2019-01-31,spx_eod_201901.txt
2019-03-15,6279,2019-01-02,2019-01-31,spx_eod_201901.txt
2019-03-22,829,2019-01-24,2019-01-31,spx_eod_201901.txt
2019-03-29,5806,2019-01-02,2019-01-31,spx_eod_201901.txt
2019-04-05,145,2019-01-31,2019-01-31,spx_eod_201901.txt
2019-04-18,5212,2019-01-02,2019-01-31,spx_eod_201901.txt
2019-04-30,2782,2019-01-02,2019-01-31,spx_eod_201901.txt
2019-05-17,1809,2019-01-22,2019-01-31,spx_eod_201901.txt
2019-05-31,2709,2019-01-02,2019-01-31,spx_eod_201901.txt
2019-06-21,2037,2019-01-02,2019-01-31,spx_eod_201901.txt
2019-06-28,4341,2019-01-02,2019-01-31,spx_eod_201901.txt
2019-09-20,2037,2019-01-02,2019-01-31,spx_eod_201901.txt
2019-09-30,2541,2019-01-02,2019-01-31,spx_eod_201901.txt
2019-12-20,2373,2019-01-02,2019-01-31,spx_eod_201901.txt
2019-12-31,1673,2019-01-02,2019-01-31,spx_eod_201901.txt
2020-01-17,1995,2019-01-02,2019-01-31,spx_eod_201901.txt
2020-03-20,1759,2019-01-02,2019-01-31,spx_eod_201901.txt
2020-06-19,2058,2019-01-02,2019-01-31,spx_eod_201901.txt
2020-12-18,2352,2019-01-02,2019-01-31,spx_eod_201901.txt
2021-12-17,1736,2019-01-02,2019-01-31,spx_eod_201901.txt
2019-02-01,259,2019-02-01,2019-02-01,spx_eod_201902.txt
2019-02-04,315,2019-02-01,2019-02-04,spx_eod_201902.txt
2019-02-06,621,2019-02-01,2019-02-06,spx_eod_201902.txt
2019-02-08,1349,2019-02-01,2019-02-08,spx_eod_201902.txt
2019-02-11,1098,2019-02-01,2019-02-11,spx_eod_201902.txt
2019-02-13,1275,2019-02-01,2019-02-13,spx_eod_201902.txt
2019-02-15,3311,2019-02-01,2019-02-15,spx_eod_201902.txt
2019-02-19,1722,2019-02-01,2019-02-19,spx_eod_201902.txt
2019-02-20,1810,2019-02-01,2019-02-20,spx_eod_201902.txt
2019-02-22,3596,2019-02-01,2019-02-22,spx_eod_201902.txt
2019-02-25,2143,2019-02-01,2019-02-25,spx_eod_201902.txt
2019-02-27,2407,2019-02-01,2019-02-27,spx_eod_201902.txt
2019-02-28,4487,2019-02-01,2019-02-28,spx_eod_201902.txt
2019-03-01,4129,2019-02-01,2019-02-28,spx_eod_201902.txt
2019-03-04,2505,2019-02-01,2019-02-28,spx_eod_201902.txt
2019-03-06,2407,2019-02-01,2019-02-28,spx_eod_201902.txt
2019-03-08,3825,2019-02-01,2019-02-28,spx_eod_201902.txt
2019-03-11,2247,2019-02-01,2019-02-28,spx_eod_201902.txt
2019-03-13,1927,2019-02-05,2019-02-28,spx_eod_201902.txt
2019-03-15,5816,2019-02-01,2019-02-28,spx_eod_201902.txt
2019-03-18,1615,2019-02-08,2019-02-28,spx_eod_201902.txt
2019-03-20,1381,2019-02-12,2019-02-28,spx_eod_201902.txt
2019-03-22,3429,2019-02-01,2019-02-28,spx_eod_201902.txt
2019-03-25,525,2019-02-22,2019-02-28,spx_eod_201902.txt
2019-03-27,318,2019-02-26,2019-02-28,spx_eod_201902.txt
2019-03-29,5263,2019-02-01,2019-02-28,spx_eod_201902.txt
2019-04-05,3068,2019-02-01,2019-02-28,spx_eod_201902.txt
2019-04-12,2257,2019-02-07,2019-02-28,spx_eod_201902.txt
2019-04-18,5329,2019-02-01,2019-02-28,spx_eod_201902.txt
2019-04-26,867,2019-02-21,2019-02-28,spx_eod_201902.txt
2019-04-30,3430,2019-02-01,2019-02-28,spx_eod_201902.txt
2019-05-03,142,2019-02-28,2019-02-28,spx_eod_201902.txt
2019-05-17,4626,2019-02-01,2019-02-28,spx_eod_201902.txt
2019-05-31,2460,2019-02-01,2019-02-28,spx_eod_201902.txt
2019-06-21,2903,2019-02-01,2019-02-28,spx_eod_201902.txt
2019-06-28,4437,2019-02-01,2019-02-28,spx_eod_201902.txt
2019-07-19,618,2019-02-19,2019-02-28,spx_eod_201902.txt
2019-07-31,1737,2019-02-01,2019-02-28,spx_eod_201902.txt
2019-08-16,618,2019-02-19,2019-02-28,spx_eod_201902.txt
2019-09-20,1843,2019-02-01,2019-02-28,spx_eod_201902.txt
2019-09-30,2299,2019-02-01,2019-02-28,spx_eod_201902.txt
2019-12-20,2147,2019-02-01,2019-02-28,spx_eod_201902.txt
2019-12-31,1600,2019-02-01,2019-02-28,spx_eod_201902.txt
2020-01-17,1805,2019-02-01,2019-02-28,spx_eod_201902.txt
2020-03-20,1684,2019-02-01,2019-02-28,spx_eod_201902.txt
2020-06-19,1862,2019-02-01,2019-02-28,spx_eod_201902.txt
2020-12-18,2128,2019-02-01,2019-02-28,spx_eod_201902.txt
2021-12-17,1703,2019-02-01,2019-02-28,spx_eod_201902.txt
2019-03-04,149,2019-03-04,2019-03-04,spx_eod_201903.txt
2019-03-06,426,2019-03-04,2019-03-06,spx_eod_201903.txt
2019-03-08,1070,2019-03-04,2019-03-08,spx_eod_201903.txt
2019-03-11,835,2019-03-04,2019-03-11,spx_eod_201903.txt
2019-03-13,1104,2019-03-04,2019-03-13,spx_eod_201903.txt
2019-03-15,3120,2019-03-04,2019-03-15,spx_eod_201903.txt
2019-03-18,1530,2019-03-04,2019-03-18,spx_eod_201903.txt
2019-03-20,1817,2019-03-04,2019-03-20,spx_eod_201903.txt
2019-03-22,3153,2019-03-04,2019-03-22,spx_eod_201903.txt
2019-03-25,2207,2019-03-04,2019-03-25,spx_eod_201903.txt
2019-03-27,2436,2019-03-04,2019-03-27,spx_eod_201903.txt
2019-03-29,5540,2019-03-04,2019-03-29,spx_eod_201903.txt
2019-04-01,2428,2019-03-04,2019-03-29,spx_eod_201903.txt
2019-04-03,2356,2019-03-05,2019-03-29,spx_eod_201903.txt
2019-04-05,4012,2019-03-04,2019-03-29,spx_eod_201903.txt
2019-04-08,1982,2019-03-08,2019-03-29,spx_eod_201903.txt
2019-04-10,1715,2019-03-12,2019-03-29,spx_eod_201903.txt
2019-04-12,4172,2019-03-04,2019-03-29,spx_eod_201903.txt
2019-04-15,1279,2019-03-15,2019-03-29,spx_eod_201903.txt
2019-04-17,1041,2019-03-19,2019-03-29,spx_eod_201903.txt
2019-04-18,5969,2019-03-04,2019-03-29,spx_eod_201903.txt
2019-04-22,645,2019-03-22,2019-03-29,spx_eod_201903.txt
2019-04-24,419,2019-03-26,2019-03-29,spx_eod_201903.txt
2019-04-26,3544,2019-03-04,2019-03-29,spx_eod_201903.txt
2019-04-29,103,2019-03-29,2019-03-29,spx_eod_201903.txt
2019-04-30,3857,2019-03-04,2019-03-29,spx_eod_201903.txt
2019-05-03,3231,2019-03-04,2019-03-29,spx_eod_201903.txt
2019-05-10,2718,2019-03-07,2019-03-29,spx_eod_201903.txt
2019-05-17,5255,2019-03-04,2019-03-29,spx_eod_201903.txt
2019-05-24,1049,2019-03-21,2019-03-29,spx_eod_201903.txt
2019-05-31,3784,2019-03-04,2019-03-29,spx_eod_201903.txt
2019-06-21,5209,2019-03-04,2019-03-29,spx_eod_201903.txt
2019-06-28,4901,2019-03-04,2019-03-29,spx_eod_201903.txt
2019-07-19,3074,2019-03-04,2019-03-29,spx_eod_201903.txt
2019-07-31,2068,2019-03-04,2019-03-29,spx_eod_201903.txt
2019-08-16,1667,2019-03-04,2019-03-29,spx_eod_201903.txt
2019-08-30,1929,2019-03-04,2019-03-29,spx_eod_201903.txt
2019-09-20,1940,2019-03-04,2019-03-29,spx_eod_201903.txt
2019-09-30,2438,2019-03-04,2019-03-29,spx_eod_201903.txt
2019-12-20,2260,2019-03-04,2019-03-29,spx_eod_201903.txt
2019-12-31,1736,2019-03-04,2019-03-29,spx_eod_201903.txt
2020-01-17,1900,2019-03-04,2019-03-29,spx_eod_201903.txt
2020-03-20,1845,2019-03-04,2019-03-29,spx_eod_201903.txt
2020-03-31,829,2019-03-18,2019-03-29,spx_eod_201903.txt
2020-06-19,1960,2019-03-04,2019-03-29,spx_eod_201903.txt
2020-12-18,2240,2019-03-04,2019-03-29,spx_eod_201903.txt
2021-12-17,1865,2019-03-04,2019-03-29,spx_eod_201903.txt
2019-04-01,140,2019-04-01,2019-04-01,spx_eod_201904.txt
2019-04-03,428,2019-04-01,2019-04-03,spx_eod_201904.txt
2019-04-05,1047,2019-04-01,2019-04-05,spx_eod_201904.txt
2019-04-08,870,2019-04-01,2019-04-08,spx_eod_201904.txt
2019-04-10,1170,2019-04-01,2019-04-10,spx_eod_201904.txt
2019-04-12,2283,2019-04-01,2019-04-12,spx_eod_201904.txt
2019-04-15,1608,2019-04-01,2019-04-15,spx_eod_201904.txt
2019-04-17,1758,2019-04-01,2019-04-16,spx_eod_201904.txt
2019-04-18,3722,2019-04-01,2019-04-16,spx_eod_201904.txt
2019-04-21,1262,2019-04-04,2019-04-16,spx_eod_201904.txt
2019-04-22,665,2019-04-01,2019-04-22,spx_eod_201904.txt
2019-04-23,1244,2019-04-04,2019-04-16,spx_eod_201904.txt
2019-04-24,909,2019-04-01,2019-04-24,spx_eod_201904.txt
2019-04-25,1909,2019-04-04,2019-04-16,spx_eod_201904.txt
2019-04-26,1911,2019-04-01,2019-04-26,spx_eod_201904.txt
2019-04-28,1174,2019-04-04,2019-04-16,spx_eod_201904.txt
2019-04-29,3190,2019-04-01,2019-04-29,spx_eod_201904.txt
2019-04-30,3402,2019-04-01,2019-04-30,spx_eod_201904.txt
2019-05-01,1349,2019-04-02,2019-04-30,spx_eod_201904.txt
2019-05-02,1837,2019-04-04,2019-04-16,spx_eod_201904.txt
2019-05-03,2259,2019-04-01,2019-04-30,spx_eod_201904.txt
2019-05-05,893,2019-04-05,2019-04-16,spx_eod_201904.txt
2019-05-06,1095,2019-04-18,2019-04-30,spx_eod_201904.txt
2019-05-07,644,2019-04-09,2019-04-16,spx_eod_201904.txt
2019-05-08,1095,2019-04-18,2019-04-30,spx_eod_201904.txt
2019-05-09,1767,2019-04-04,2019-04-16,spx_eod_201904.txt
2019-05-10,2153,2019-04-01,2019-04-30,spx_eod_201904.txt
2019-05-12,320,2019-04-12,2019-04-16,spx_eod_201904.txt
2019-05-13,1028,2019-04-18,2019-04-30,spx_eod_201904.txt
2019-05-14,107,2019-04-16,2019-04-16,spx_eod_201904.txt
2019-05-15,904,2019-04-18,2019-04-30,spx_eod_201904.txt
2019-05-16,2503,2019-04-04,2019-04-16,spx_eod_201904.txt
2019-05-17,5585,2019-04-01,2019-04-30,spx_eod_201904.txt
2019-05-20,887,2019-04-18,2019-04-30,spx_eod_201904.txt
2019-05-22,651,2019-04-23,2019-04-30,spx_eod_201904.txt
2019-05-23,1469,2019-04-04,2019-04-16,spx_eod_201904.txt
2019-05-24,2045,2019-04-01,2019-04-30,spx_eod_201904.txt
2019-05-28,328,2019-04-26,2019-04-30,spx_eod_201904.txt
2019-05-29,110,2019-04-30,2019-04-30,spx_eod_201904.txt
2019-05-30,1854,2019-04-04,2019-04-16,spx_eod_201904.txt
2019-05-31,2298,2019-04-01,2019-04-30,spx_eod_201904.txt
2019-06-06,1427,2019-04-04,2019-04-16,spx_eod_201904.txt
2019-06-07,1326,2019-04-18,2019-04-30,spx_eod_201904.txt
2019-06-13,601,2019-04-11,2019-04-16,spx_eod_201904.txt
2019-06-14,1246,2019-04-18,2019-04-30,spx_eod_201904.txt
2019-06-20,2451,2019-04-04,2019-04-16,spx_eod_201904.txt
2019-06-21,5455,2019-04-01,2019-04-30,spx_eod_201904.txt
2019-06-27,2315,2019-04-04,2019-04-16,spx_eod_201904.txt
2019-06-28,2845,2019-04-01,2019-04-30,spx_eod_201904.txt
2019-07-05,602,2019-04-25,2019-04-30,spx_eod_201904.txt
2019-07-18,2278,2019-04-04,2019-04-16,spx_eod_201904.txt
2019-07-19,5067,2019-04-01,2019-04-30,spx_eod_201904.txt
2019-07-30,1005,2019-04-04,2019-04-16,spx_eod_201904.txt
2019-07-31,1240,2019-04-01,2019-04-30,spx_eod_201904.txt
2019-08-15,772,2019-04-04,2019-04-16,spx_eod_201904.txt
2019-08-16,2817,2019-04-01,2019-04-30,spx_eod_201904.txt
2019-08-29,960,2019-04-04,2019-04-16,spx_eod_201904.txt
2019-08-30,1185,2019-04-01,2019-04-30,spx_eod_201904.txt
2019-09-19,873,2019-04-04,2019-04-16,spx_eod_201904.txt
2019-09-20,1067,2019-04-01,2019-04-30,spx_eod_201904.txt
2019-09-29,1874,2019-04-04,2019-04-16,spx_eod_201904.txt
2019-09-30,2298,2019-04-01,2019-04-30,spx_eod_201904.txt
2019-10-18,563,2019-04-22,2019-04-30,spx_eod_201904.txt
2019-12-19,1017,2019-04-04,2019-04-16,spx_eod_201904.txt
2019-12-20,1243,2019-04-01,2019-04-30,spx_eod_201904.txt
2019-12-30,799,2019-04-04,2019-04-16,spx_eod_201904.txt
2019-12-31,978,2019-04-01,2019-04-30,spx_eod_201904.txt
2020-01-16,856,2019-04-04,2019-04-16,spx_eod_201904.txt
2020-01-17,1055,2019-04-01,2019-04-30,spx_eod_201904.txt
2020-03-19,854,2019-04-04,2019-04-16,spx_eod_201904.txt
2020-03-20,1052,2019-04-01,2019-04-30,spx_eod_201904.txt
2020-03-30,774,2019-04-04,2019-04-16,spx_eod_201904.txt
2020-03-31,948,2019-04-01,2019-04-30,spx_eod_201904.txt
2020-06-18,882,2019-04-04,2019-04-16,spx_eod_201904.txt
2020-06-19,1078,2019-04-01,2019-04-30,spx_eod_201904.txt
2020-12-18,2240,2019-04-01,2019-04-30,spx_eod_201904.txt
2021-12-17,1926,2019-04-01,2019-04-30,spx_eod_201904.txt
2019-05-01,148,2019-05-01,2019-05-01,spx_eod_201905.txt
2019-05-03,430,2019-05-01,2019-05-02,spx_eod_201905.txt
2019-05-06,576,2019-05-01,2019-05-06,spx_eod_201905.txt
2019-05-08,866,2019-05-01,2019-05-08,spx_eod_201905.txt
2019-05-10,1688,2019-05-01,2019-05-10,spx_eod_201905.txt
2019-05-13,1295,2019-05-01,2019-05-13,spx_eod_201905.txt
2019-05-15,1605,2019-05-01,2019-05-15,spx_eod_201905.txt
2019-05-17,3504,2019-05-01,2019-05-16,spx_eod_201905.txt
2019-05-20,2082,2019-05-01,2019-05-20,spx_eod_201905.txt
2019-05-22,2352,2019-05-01,2019-05-22,spx_eod_201905.txt
2019-05-24,3547,2019-05-01,2019-05-23,spx_eod_201905.txt
2019-05-28,2551,2019-05-01,2019-05-28,spx_eod_201905.txt
2019-05-29,2603,2019-05-01,2019-05-29,spx_eod_201905.txt
2019-05-31,4680,2019-05-01,2019-05-31,spx_eod_201905.txt
2019-06-03,2603,2019-05-03,2019-05-31,spx_eod_201905.txt
2019-06-05,2333,2019-05-07,2019-05-31,spx_eod_201905.txt
2019-06-07,4340,2019-05-01,2019-05-31,spx_eod_201905.txt
2019-06-10,1775,2019-05-10,2019-05-31,spx_eod_201905.txt
2019-06-12,1483,2019-05-14,2019-05-31,spx_eod_201905.txt
2019-06-14,4156,2019-05-01,2019-05-31,spx_eod_201905.txt
2019-06-17,1030,2019-05-17,2019-05-31,spx_eod_201905.txt
2019-06-19,827,2019-05-21,2019-05-31,spx_eod_201905.txt
2019-06-21,5901,2019-05-01,2019-05-31,spx_eod_201905.txt
2019-06-24,458,2019-05-28,2019-05-31,spx_eod_201905.txt
2019-06-26,430,2019-05-28,2019-05-31,spx_eod_201905.txt
2019-06-28,5607,2019-05-01,2019-05-31,spx_eod_201905.txt
2019-07-01,102,2019-05-31,2019-05-31,spx_eod_201905.txt
2019-07-03,430,2019-05-28,2019-05-31,spx_eod_201905.txt
2019-07-05,3709,2019-05-01,2019-05-31,spx_eod_201905.txt
2019-07-08,102,2019-05-31,2019-05-31,spx_eod_201905.txt
2019-07-12,3414,2019-05-02,2019-05-31,spx_eod_201905.txt
2019-07-19,5548,2019-05-01,2019-05-31,spx_eod_201905.txt
2019-07-26,2401,2019-05-09,2019-05-31,spx_eod_201905.txt
2019-07-31,2514,2019-05-01,2019-05-31,spx_eod_201905.txt
2019-08-02,778,2019-05-23,2019-05-31,spx_eod_201905.txt
2019-08-16,5433,2019-05-01,2019-05-31,spx_eod_201905.txt
2019-08-30,3751,2019-05-01,2019-05-31,spx_eod_201905.txt
2019-09-20,3309,2019-05-01,2019-05-31,spx_eod_201905.txt
2019-09-30,4589,2019-05-01,2019-05-31,spx_eod_201905.txt
2019-10-18,1771,2019-05-01,2019-05-31,spx_eod_201905.txt
2019-10-31,2073,2019-05-01,2019-05-31,spx_eod_201905.txt
2019-11-15,647,2019-05-20,2019-05-31,spx_eod_201905.txt
2019-12-20,2373,2019-05-01,2019-05-31,spx_eod_201905.txt
2019-12-31,1911,2019-05-01,2019-05-31,spx_eod_201905.txt
2020-01-17,2058,2019-05-01,2019-05-31,spx_eod_201905.txt
2020-03-20,2058,2019-05-01,2019-05-31,spx_eod_201905.txt
2020-03-31,1848,2019-05-01,2019-05-31,spx_eod_201905.txt
2020-06-19,2058,2019-05-01,2019-05-31,spx_eod_201905.txt
2020-12-18,2352,2019-05-01,2019-05-31,spx_eod_201905.txt
2021-12-17,2079,2019-05-01,2019-05-31,spx_eod_201905.txt
2019-06-03,159,2019-06-03,2019-06-03,spx_eod_201906.txt
2019-06-05,480,2019-06-03,2019-06-05,spx_eod_201906.txt
2019-06-07,895,2019-06-03,2019-06-06,spx_eod_201906.txt
2019-06-10,754,2019-06-03,2019-06-10,spx_eod_201906.txt
2019-06-12,1070,2019-06-03,2019-06-12,spx_eod_201906.txt
2019-06-14,2006,2019-06-03,2019-06-14,spx_eod_201906.txt
2019-06-17,1513,2019-06-03,2019-06-17,spx_eod_201906.txt
2019-06-19,1839,2019-06-03,2019-06-19,spx_eod_201906.txt
2019-06-21,3934,2019-06-03,2019-06-21,spx_eod_201906.txt
2019-06-24,2321,2019-06-03,2019-06-24,spx_eod_201906.txt
2019-06-26,2467,2019-06-03,2019-06-26,spx_eod_201906.txt
2019-06-28,5083,2019-06-03,2019-06-28,spx_eod_201906.txt
2019-07-01,2635,2019-06-03,2019-06-28,spx_eod_201906.txt
2019-07-03,2631,2019-06-03,2019-06-28,spx_eod_201906.txt
2019-07-05,4298,2019-06-03,2019-06-28,spx_eod_201906.txt
2019-07-08,2581,2019-06-03,2019-06-28,spx_eod_201906.txt
2019-07-10,2456,2019-06-04,2019-06-28,spx_eod_201906.txt
2019-07-12,4249,2019-06-03,2019-06-28,spx_eod_201906.txt
2019-07-15,1926,2019-06-10,2019-06-28,spx_eod_201906.txt
2019-07-17,1655,2019-06-11,2019-06-28,spx_eod_201906.txt
2019-07-19,5305,2019-06-03,2019-06-28,spx_eod_201906.txt
2019-07-22,1261,2019-06-14,2019-06-28,spx_eod_201906.txt
2019-07-24,1053,2019-06-18,2019-06-28,spx_eod_201906.txt
2019-07-26,3683,2019-06-03,2019-06-28,spx_eod_201906.txt
2019-07-29,673,2019-06-21,2019-06-28,spx_eod_201906.txt
2019-07-31,3655,2019-06-03,2019-06-28,spx_eod_201906.txt
2019-08-02,3493,2019-06-03,2019-06-28,spx_eod_201906.txt
2019-08-05,110,2019-06-28,2019-06-28,spx_eod_201906.txt
2019-08-09,2692,2019-06-06,2019-06-28,spx_eod_201906.txt
2019-08-16,5140,2019-06-03,2019-06-28,spx_eod_201906.txt
2019-08-23,1893,2019-06-13,2019-06-28,spx_eod_201906.txt
2019-08-30,3777,2019-06-03,2019-06-28,spx_eod_201906.txt
2019-09-20,5187,2019-06-03,2019-06-28,spx_eod_201906.txt
2019-09-30,4341,2019-06-03,2019-06-28,spx_eod_201906.txt
2019-10-18,2454,2019-06-03,2019-06-28,spx_eod_201906.txt
2019-10-31,2085,2019-06-03,2019-06-28,spx_eod_201906.txt
2019-11-15,1611,2019-06-03,2019-06-28,spx_eod_201906.txt
2019-11-29,1973,2019-06-03,2019-06-28,spx_eod_201906.txt
2019-12-20,2147,2019-06-03,2019-06-28,spx_eod_201906.txt
2019-12-31,1729,2019-06-03,2019-06-28,spx_eod_201906.txt
2020-01-17,1862,2019-06-03,2019-06-28,spx_eod_201906.txt
2020-03-20,1862,2019-06-03,2019-06-28,spx_eod_201906.txt
2020-03-31,1672,2019-06-03,2019-06-28,spx_eod_201906.txt
2020-06-19,1862,2019-06-03,2019-06-28,spx_eod_201906.txt
2020-06-30,445,2019-06-24,2019-06-28,spx_eod_201906.txt
2020-09-18,965,2019-06-17,2019-06-28,spx_eod_201906.txt
2020-12-18,2128,2019-06-03,2019-06-28,spx_eod_201906.txt
2021-06-18,445,2019-06-24,2019-06-28,spx_eod_201906.txt
2021-12-17,1881,2019-06-03,2019-06-28,spx_eod_201906.txt
2019-07-01,154,2019-07-01,2019-07-01,spx_eod_201907.txt
2019-07-03,466,2019-07-01,2019-07-03,spx_eod_201907.txt
2019-07-05,946,2019-07-01,2019-07-05,spx_eod_201907.txt
2019-07-08,792,2019-07-01,2019-07-08,spx_eod_201907.txt
2019-07-10,1118,2019-07-01,2019-07-10,spx_eod_201907.txt
2019-07-12,2178,2019-07-01,2019-07-12,spx_eod_201907.txt
2019-07-15,1523,2019-07-01,2019-07-15,spx_eod_201907.txt
2019-07-17,1815,2019-07-01,2019-07-17,spx_eod_201907.txt
2019-07-19,4110,2019-07-01,2019-07-19,spx_eod_201907.txt
2019-07-22,2145,2019-07-01,2019-07-22,spx_eod_201907.txt
2019-07-24,2394,2019-07-01,2019-07-24,spx_eod_201907.txt
2019-07-26,4272,2019-07-01,2019-07-26,spx_eod_201907.txt
2019-07-29,2712,2019-07-01,2019-07-29,spx_eod_201907.txt
2019-07-31,4678,2019-07-01,2019-07-31,spx_eod_201907.txt
2019-08-02,4937,2019-07-01,2019-07-31,spx_eod_201907.txt
2019-08-05,2976,2019-07-01,2019-07-31,spx_eod_201907.txt
2019-08-07,2858,2019-07-02,2019-07-31,spx_eod_201907.txt
2019-08-09,4391,2019-07-01,2019-07-31,spx_eod_201907.txt
2019-08-12,2328,2019-07-05,2019-07-31,spx_eod_201907.txt
2019-08-14,2216,2019-07-09,2019-07-31,spx_eod_201907.txt
2019-08-16,6329,2019-07-01,2019-07-31,spx_eod_201907.txt
2019-08-19,1790,2019-07-12,2019-07-31,spx_eod_201907.txt
2019-08-21,1499,2019-07-16,2019-07-31,spx_eod_201907.txt
2019-08-23,4199,2019-07-01,2019-07-31,spx_eod_201907.txt
2019-08-26,1082,2019-07-19,2019-07-31,spx_eod_201907.txt
2019-08-28,805,2019-07-23,2019-07-31,spx_eod_201907.txt
2019-08-30,4666,2019-07-01,2019-07-31,spx_eod_201907.txt
2019-09-03,458,2019-07-26,2019-07-31,spx_eod_201907.txt
2019-09-04,224,2019-07-30,2019-07-31,spx_eod_201907.txt
2019-09-06,3264,2019-07-03,2019-07-31,spx_eod_201907.txt
2019-09-13,2387,2019-07-11,2019-07-31,spx_eod_201907.txt
2019-09-20,6412,2019-07-01,2019-07-31,spx_eod_201907.txt
2019-09-27,790,2019-07-25,2019-07-31,spx_eod_201907.txt
2019-09-30,5253,2019-07-01,2019-07-31,spx_eod_201907.txt
2019-10-18,5742,2019-07-01,2019-07-31,spx_eod_201907.txt
2019-10-31,2584,2019-07-01,2019-07-31,spx_eod_201907.txt
2019-11-15,3286,2019-07-01,2019-07-31,spx_eod_201907.txt
2019-11-29,2584,2019-07-01,2019-07-31,spx_eod_201907.txt
2019-12-20,2530,2019-07-01,2019-07-31,spx_eod_201907.txt
2019-12-31,4374,2019-07-01,2019-07-31,spx_eod_201907.txt
2020-01-17,2200,2019-07-01,2019-07-31,spx_eod_201907.txt
2020-03-20,2199,2019-07-01,2019-07-31,spx_eod_201907.txt
2020-03-31,1970,2019-07-01,2019-07-31,spx_eod_201907.txt
2020-06-19,2199,2019-07-01,2019-07-31,spx_eod_201907.txt
2020-06-30,1973,2019-07-01,2019-07-31,spx_eod_201907.txt
2020-09-18,2186,2019-07-01,2019-07-31,spx_eod_201907.txt
2020-12-18,2528,2019-07-01,2019-07-31,spx_eod_201907.txt
2021-06-18,2022,2019-07-01,2019-07-31,spx_eod_201907.txt
2021-12-17,2242,2019-07-01,2019-07-31,spx_eod_201907.txt
2019-08-02,458,2019-08-01,2019-08-02,spx_eod_201908.txt
2019-08-05,450,2019-08-01,2019-08-05,spx_eod_201908.txt
2019-08-07,750,2019-08-01,2019-08-07,spx_eod_201908.txt
2019-08-09,1449,2019-08-01,2019-08-09,spx_eod_201908.txt
2019-08-12,1225,2019-08-01,2019-08-12,spx_eod_201908.txt
2019-08-14,1570,2019-08-01,2019-08-14,spx_eod_201908.txt
2019-08-16,3564,2019-08-01,2019-08-16,spx_eod_201908.txt
2019-08-19,2021,2019-08-01,2019-08-19,spx_eod_201908.txt
2019-08-21,2408,2019-08-01,2019-08-21,spx_eod_201908.txt
2019-08-23,3753,2019-08-01,2019-08-23,spx_eod_201908.txt
2019-08-26,2871,2019-08-01,2019-08-26,spx_eod_201908.txt
2019-08-28,3033,2019-08-01,2019-08-28,spx_eod_201908.txt
2019-08-30,4928,2019-08-01,2019-08-30,spx_eod_201908.txt
2019-09-03,2971,2019-08-01,2019-08-30,spx_eod_201908.txt
2019-09-04,3110,2019-08-01,2019-08-30,spx_eod_201908.txt
2019-09-06,4693,2019-08-01,2019-08-30,spx_eod_201908.txt
2019-09-09,2623,2019-08-02,2019-08-30,spx_eod_201908.txt
2019-09-11,2258,2019-08-06,2019-08-30,spx_eod_201908.txt
2019-09-13,4288,2019-08-01,2019-08-30,spx_eod_201908.txt
2019-09-16,1844,2019-08-09,2019-08-30,spx_eod_201908.txt
2019-09-18,1559,2019-08-13,2019-08-30,spx_eod_201908.txt
2019-09-20,6512,2019-08-01,2019-08-30,spx_eod_201908.txt
2019-09-23,649,2019-08-23,2019-08-30,spx_eod_201908.txt
2019-09-25,965,2019-08-20,2019-08-30,spx_eod_201908.txt
2019-09-27,4187,2019-08-01,2019-08-30,spx_eod_201908.txt
2019-09-30,5368,2019-08-01,2019-08-30,spx_eod_201908.txt
2019-10-02,430,2019-08-27,2019-08-30,spx_eod_201908.txt
2019-10-04,3637,2019-08-01,2019-08-30,spx_eod_201908.txt
2019-10-07,110,2019-08-30,2019-08-30,spx_eod_201908.txt
2019-10-11,2687,2019-08-08,2019-08-30,spx_eod_201908.txt
2019-10-18,5867,2019-08-01,2019-08-30,spx_eod_201908.txt
2019-10-25,1041,2019-08-22,2019-08-30,spx_eod_201908.txt
2019-10-31,3407,2019-08-01,2019-08-30,spx_eod_201908.txt
2019-11-15,5825,2019-08-01,2019-08-30,spx_eod_201908.txt
2019-11-29,2662,2019-08-01,2019-08-30,spx_eod_201908.txt
2019-12-20,3966,2019-08-01,2019-08-30,spx_eod_201908.txt
2019-12-31,4828,2019-08-01,2019-08-30,spx_eod_201908.txt
2020-01-17,2222,2019-08-01,2019-08-30,spx_eod_201908.txt
2020-01-31,2159,2019-08-01,2019-08-30,spx_eod_201908.txt
2020-02-21,829,2019-08-19,2019-08-30,spx_eod_201908.txt
2020-03-20,2222,2019-08-01,2019-08-30,spx_eod_201908.txt
2020-03-31,2002,2019-08-01,2019-08-30,spx_eod_201908.txt
2020-06-19,2222,2019-08-01,2019-08-30,spx_eod_201908.txt
2020-06-30,2002,2019-08-01,2019-08-30,spx_eod_201908.txt
2020-09-18,2200,2019-08-01,2019-08-30,spx_eod_201908.txt
2020-12-18,2552,2019-08-01,2019-08-30,spx_eod_201908.txt
2021-06-18,2046,2019-08-01,2019-08-30,spx_eod_201908.txt
2021-12-17,2266,2019-08-01,2019-08-30,spx_eod_201908.txt
2019-09-03,150,2019-09-03,2019-09-03,spx_eod_201909.txt
2019-09-04,322,2019-09-03,2019-09-04,spx_eod_201909.txt
2019-09-06,654,2019-09-03,2019-09-06,spx_eod_201909.txt
2019-09-09,558,2019-09-03,2019-09-09,spx_eod_201909.txt
2019-09-11,848,2019-09-03,2019-09-11,spx_eod_201909.txt
2019-09-13,1668,2019-09-03,2019-09-13,spx_eod_201909.txt
2019-09-16,1365,2019-09-03,2019-09-16,spx_eod_201909.txt
2019-09-18,1621,2019-09-03,2019-09-18,spx_eod_201909.txt
2019-09-20,3848,2019-09-03,2019-09-20,spx_eod_201909.txt
2019-09-23,1992,2019-09-03,2019-09-23,spx_eod_201909.txt
2019-09-25,2296,2019-09-03,2019-09-25,spx_eod_201909.txt
2019-09-27,3808,2019-09-03,2019-09-27,spx_eod_201909.txt
2019-09-30,4636,2019-09-03,2019-09-30,spx_eod_201909.txt
2019-10-02,2655,2019-09-03,2019-09-30,spx_eod_201909.txt
2019-10-04,3933,2019-09-03,2019-09-30,spx_eod_201909.txt
2019-10-07,2614,2019-09-03,2019-09-30,spx_eod_201909.txt
2019-10-09,2439,2019-09-03,2019-09-30,spx_eod_201909.txt
2019-10-11,3872,2019-09-03,2019-09-30,spx_eod_201909.txt
2019-10-14,2223,2019-09-06,2019-09-30,spx_eod_201909.txt
2019-10-16,1798,2019-09-10,2019-09-30,spx_eod_201909.txt
2019-10-18,5073,2019-09-03,2019-09-30,spx_eod_201909.txt
2019-10-21,1353,2019-09-13,2019-09-30,spx_eod_201909.txt
2019-10-23,1133,2019-09-17,2019-09-30,spx_eod_201909.txt
2019-10-25,3414,2019-09-03,2019-09-30,spx_eod_201909.txt
2019-10-28,794,2019-09-20,2019-09-30,spx_eod_201909.txt
2019-10-30,550,2019-09-24,2019-09-30,spx_eod_201909.txt
2019-10-31,3468,2019-09-03,2019-09-30,spx_eod_201909.txt
2019-11-01,2899,2019-09-06,2019-09-30,spx_eod_201909.txt
2019-11-04,220,2019-09-27,2019-09-30,spx_eod_201909.txt
2019-11-08,2048,2019-09-12,2019-09-30,spx_eod_201909.txt
2019-11-15,5073,2019-09-03,2019-09-30,spx_eod_201909.txt
2019-11-22,453,2019-09-26,2019-09-30,spx_eod_201909.txt
2019-11-29,3349,2019-09-03,2019-09-30,spx_eod_201909.txt
2019-12-20,5399,2019-09-03,2019-09-30,spx_eod_201909.txt
2019-12-31,4218,2019-09-03,2019-09-30,spx_eod_201909.txt
2020-01-17,2897,2019-09-03,2019-09-30,spx_eod_201909.txt
2020-01-31,1919,2019-09-03,2019-09-30,spx_eod_201909.txt
2020-02-21,1652,2019-09-03,2019-09-30,spx_eod_201909.txt
2020-02-28,1833,2019-09-03,2019-09-30,spx_eod_201909.txt
2020-03-20,1919,2019-09-03,2019-09-30,spx_eod_201909.txt
2020-03-31,1729,2019-09-03,2019-09-30,spx_eod_201909.txt
2020-06-19,1919,2019-09-03,2019-09-30,spx_eod_201909.txt
2020-06-30,1729,2019-09-03,2019-09-30,spx_eod_201909.txt
2020-09-18,1900,2019-09-03,2019-09-30,spx_eod_201909.txt
2020-09-30,540,2019-09-23,2019-09-30,spx_eod_201909.txt
2020-10-16,106,2019-09-27,2019-09-30,spx_eod_201909.txt
2020-11-20,106,2019-09-27,2019-09-30,spx_eod_201909.txt
2020-12-18,2204,2019-09-03,2019-09-30,spx_eod_201909.txt
2021-06-18,1767,2019-09-03,2019-09-30,spx_eod_201909.txt
2021-12-17,1957,2019-09-03,2019-09-30,spx_eod_201909.txt
2019-10-02,294,2019-10-01,2019-10-02,spx_eod_201910.txt
2019-10-04,828,2019-10-01,2019-10-04,spx_eod_201910.txt
2019-10-07,730,2019-10-01,2019-10-07,spx_eod_201910.txt
2019-10-09,1015,2019-10-01,2019-10-09,spx_eod_201910.txt
2019-10-11,1908,2019-10-01,2019-10-11,spx_eod_201910.txt
2019-10-14,1450,2019-10-01,2019-10-14,spx_eod_201910.txt
2019-10-16,1695,2019-10-01,2019-10-16,spx_eod_201910.txt
2019-10-18,3738,2019-10-01,2019-10-18,spx_eod_201910.txt
2019-10-21,2121,2019-10-01,2019-10-21,spx_eod_201910.txt
2019-10-23,2170,2019-10-01,2019-10-23,spx_eod_201910.txt
2019-10-25,3839,2019-10-01,2019-10-25,spx_eod_201910.txt
2019-10-28,2791,2019-10-01,2019-10-28,spx_eod_201910.txt
2019-10-30,2844,2019-10-01,2019-10-30,spx_eod_201910.txt
2019-10-31,4278,2019-10-01,2019-10-31,spx_eod_201910.txt
2019-11-01,4792,2019-10-01,2019-10-31,spx_eod_201910.txt
2019-11-04,2914,2019-10-01,2019-10-31,spx_eod_201910.txt
2019-11-06,2949,2019-10-01,2019-10-31,spx_eod_201910.txt
2019-11-08,4786,2019-10-01,2019-10-31,spx_eod_201910.txt
2019-11-11,2560,2019-10-04,2019-10-31,spx_eod_201910.txt
2019-11-13,2225,2019-10-08,2019-10-31,spx_eod_201910.txt
2019-11-15,6153,2019-10-01,2019-10-31,spx_eod_201910.txt
2019-11-18,1844,2019-10-11,2019-10-31,spx_eod_201910.txt
2019-11-20,1533,2019-10-15,2019-10-31,spx_eod_201910.txt
2019-11-22,4022,2019-10-01,2019-10-31,spx_eod_201910.txt
2019-11-25,1124,2019-10-18,2019-10-31,spx_eod_201910.txt
2019-11-27,930,2019-10-22,2019-10-31,spx_eod_201910.txt
2019-11-29,4303,2019-10-01,2019-10-31,spx_eod_201910.txt
2019-12-02,576,2019-10-25,2019-10-31,spx_eod_201910.txt
2019-12-04,334,2019-10-29,2019-10-31,spx_eod_201910.txt
2019-12-06,3405,2019-10-03,2019-10-31,spx_eod_201910.txt
2019-12-13,2713,2019-10-10,2019-10-31,spx_eod_201910.txt
2019-12-20,6631,2019-10-01,2019-10-31,spx_eod_201910.txt
2019-12-27,958,2019-10-24,2019-10-31,spx_eod_201910.txt
2019-12-31,5119,2019-10-01,2019-10-31,spx_eod_201910.txt
2020-01-03,155,2019-10-31,2019-10-31,spx_eod_201910.txt
2020-01-17,6125,2019-10-01,2019-10-31,spx_eod_201910.txt
2020-01-31,2336,2019-10-01,2019-10-31,spx_eod_201910.txt
2020-02-21,3346,2019-10-01,2019-10-31,spx_eod_201910.txt
2020-02-28,2295,2019-10-01,2019-10-31,spx_eod_201910.txt
2020-03-06,105,2019-10-31,2019-10-31,spx_eod_201910.txt
2020-03-20,2323,2019-10-01,2019-10-31,spx_eod_201910.txt
2020-03-31,4887,2019-10-01,2019-10-31,spx_eod_201910.txt
2020-04-17,2234,2019-10-21,2019-10-31,spx_eod_201910.txt
2020-06-19,2343,2019-10-01,2019-10-31,spx_eod_201910.txt
2020-06-30,2093,2019-10-01,2019-10-31,spx_eod_201910.txt
2020-09-18,2344,2019-10-01,2019-10-31,spx_eod_201910.txt
2020-09-30,2078,2019-10-01,2019-10-31,spx_eod_201910.txt
2020-10-16,1391,2019-10-01,2019-10-31,spx_eod_201910.txt
2020-11-20,1391,2019-10-01,2019-10-31,spx_eod_201910.txt
2020-12-18,2671,2019-10-01,2019-10-31,spx_eod_201910.txt
2021-06-18,2142,2019-10-01,2019-10-31,spx_eod_201910.txt
2021-12-17,2372,2019-10-01,2019-10-31,spx_eod_201910.txt
2019-11-01,220,2019-11-01,2019-11-01,spx_eod_201911.txt
2019-11-04,305,2019-11-01,2019-11-04,spx_eod_201911.txt
2019-11-06,625,2019-11-01,2019-11-06,spx_eod_201911.txt
2019-11-08,1383,2019-11-01,2019-11-08,spx_eod_201911.txt
2019-11-11,1095,2019-11-01,2019-11-11,spx_eod_201911.txt
2019-11-13,1404,2019-11-01,2019-11-13,spx_eod_201911.txt
2019-11-15,3056,2019-11-01,2019-11-15,spx_eod_201911.txt
2019-11-18,1826,2019-11-01,2019-11-18,spx_eod_201911.txt
2019-11-20,2134,2019-11-01,2019-11-20,spx_eod_201911.txt
2019-11-22,3334,2019-11-01,2019-11-22,spx_eod_201911.txt
2019-11-25,2456,2019-11-01,2019-11-25,spx_eod_201911.txt
2019-11-27,2772,2019-11-01,2019-11-27,spx_eod_201911.txt
2019-11-29,4201,2019-11-01,2019-11-29,spx_eod_201911.txt
2019-12-02,2822,2019-11-01,2019-11-29,spx_eod_201911.txt
2019-12-04,2636,2019-11-01,2019-11-29,spx_eod_201911.txt
2019-12-06,4157,2019-11-01,2019-11-29,spx_eod_201911.txt
2019-12-09,2647,2019-11-01,2019-11-29,spx_eod_201911.txt
2019-12-11,2288,2019-11-05,2019-11-29,spx_eod_201911.txt
2019-12-13,4110,2019-11-01,2019-11-29,spx_eod_201911.txt
2019-12-16,1866,2019-11-08,2019-11-29,spx_eod_201911.txt
2019-12-18,1585,2019-11-12,2019-11-29,spx_eod_201911.txt
2019-12-20,6126,2019-11-01,2019-11-29,spx_eod_201911.txt
2019-12-23,1197,2019-11-15,2019-11-29,spx_eod_201911.txt
2019-12-24,946,2019-11-19,2019-11-29,spx_eod_201911.txt
2019-12-27,3760,2019-11-01,2019-11-29,spx_eod_201911.txt
2019-12-30,591,2019-11-22,2019-11-29,spx_eod_201911.txt
2019-12-31,4770,2019-11-01,2019-11-29,spx_eod_201911.txt
2020-01-03,3435,2019-11-01,2019-11-29,spx_eod_201911.txt
2020-01-06,118,2019-11-29,2019-11-29,spx_eod_201911.txt
2020-01-10,2619,2019-11-07,2019-11-29,spx_eod_201911.txt
2020-01-17,5686,2019-11-01,2019-11-29,spx_eod_201911.txt
2020-01-24,979,2019-11-21,2019-11-29,spx_eod_201911.txt
2020-01-31,3546,2019-11-01,2019-11-29,spx_eod_201911.txt
2020-02-21,5404,2019-11-01,2019-11-29,spx_eod_201911.txt
2020-02-28,2219,2019-11-01,2019-11-29,spx_eod_201911.txt
2020-03-06,2100,2019-11-01,2019-11-29,spx_eod_201911.txt
2020-03-20,3593,2019-11-01,2019-11-29,spx_eod_201911.txt
2020-03-31,4661,2019-11-01,2019-11-29,spx_eod_201911.txt
2020-04-17,5036,2019-11-01,2019-11-29,spx_eod_201911.txt
2020-04-30,2057,2019-11-01,2019-11-29,spx_eod_201911.txt
2020-05-15,2314,2019-11-18,2019-11-29,spx_eod_201911.txt
2020-06-19,2098,2019-11-01,2019-11-29,spx_eod_201911.txt
2020-06-30,1856,2019-11-01,2019-11-29,spx_eod_201911.txt
2020-09-18,2103,2019-11-01,2019-11-29,spx_eod_201911.txt
2020-09-30,1856,2019-11-01,2019-11-29,spx_eod_201911.txt
2020-10-16,1500,2019-11-01,2019-11-29,spx_eod_201911.txt
2020-11-20,1500,2019-11-01,2019-11-29,spx_eod_201911.txt
2020-12-18,2387,2019-11-01,2019-11-29,spx_eod_201911.txt
2021-01-15,377,2019-11-25,2019-11-29,spx_eod_201911.txt
2021-06-18,1927,2019-11-01,2019-11-29,spx_eod_201911.txt
2021-12-17,2263,2019-11-01,2019-11-29,spx_eod_201911.txt
2019-12-02,158,2019-12-02,2019-12-02,spx_eod_201912.txt
2019-12-04,459,2019-12-02,2019-12-04,spx_eod_201912.txt
2019-12-06,1090,2019-12-02,2019-12-06,spx_eod_201912.txt
2019-12-09,924,2019-12-02,2019-12-09,spx_eod_201912.txt
2019-12-11,1224,2019-12-02,2019-12-11,spx_eod_201912.txt
2019-12-13,2170,2019-12-02,2019-12-13,spx_eod_201912.txt
2019-12-16,1655,2019-12-02,2019-12-16,spx_eod_201912.txt
2019-12-18,1973,2019-12-02,2019-12-18,spx_eod_201912.txt
2019-12-20,4755,2019-12-02,2019-12-20,spx_eod_201912.txt
2019-12-23,2246,2019-12-02,2019-12-23,spx_eod_201912.txt
2019-12-24,2395,2019-12-02,2019-12-24,spx_eod_201912.txt
2019-12-27,4100,2019-12-02,2019-12-27,spx_eod_201912.txt
2019-12-30,2894,2019-12-02,2019-12-30,spx_eod_201912.txt
2019-12-31,5387,2019-12-02,2019-12-31,spx_eod_201912.txt
2020-01-03,4393,2019-12-02,2019-12-31,spx_eod_201912.txt
2020-01-06,2909,2019-12-02,2019-12-31,spx_eod_201912.txt
2020-01-08,2889,2019-12-03,2019-12-31,spx_eod_201912.txt
2020-01-10,4052,2019-12-02,2019-12-31,spx_eod_201912.txt
2020-01-13,2253,2019-12-06,2019-12-31,spx_eod_201912.txt
2020-01-15,2072,2019-12-10,2019-12-31,spx_eod_201912.txt
2020-01-17,6321,2019-12-02,2019-12-31,spx_eod_201912.txt
2020-01-21,1532,2019-12-13,2019-12-31,spx_eod_201912.txt
2020-01-22,1287,2019-12-17,2019-12-31,spx_eod_201912.txt
2020-01-24,3971,2019-12-02,2019-12-31,spx_eod_201912.txt
2020-01-27,852,2019-12-20,2019-12-31,spx_eod_201912.txt
2020-01-29,597,2019-12-24,2019-12-31,spx_eod_201912.txt
2020-01-31,4170,2019-12-02,2019-12-31,spx_eod_201912.txt
2020-02-03,359,2019-12-27,2019-12-31,spx_eod_201912.txt
2020-02-05,119,2019-12-31,2019-12-31,spx_eod_201912.txt
2020-02-07,3190,2019-12-05,2019-12-31,spx_eod_201912.txt
2020-02-14,2264,2019-12-12,2019-12-31,spx_eod_201912.txt
2020-02-21,6050,2019-12-02,2019-12-31,spx_eod_201912.txt
2020-02-28,3923,2019-12-02,2019-12-31,spx_eod_201912.txt
2020-03-06,2503,2019-12-02,2019-12-31,spx_eod_201912.txt
2020-03-20,6015,2019-12-02,2019-12-31,spx_eod_201912.txt
2020-03-31,5228,2019-12-02,2019-12-31,spx_eod_201912.txt
2020-04-17,5571,2019-12-02,2019-12-31,spx_eod_201912.txt
2020-04-30,2378,2019-12-02,2019-12-31,spx_eod_201912.txt
2020-05-15,5452,2019-12-02,2019-12-31,spx_eod_201912.txt
2020-05-29,2126,2019-12-02,2019-12-31,spx_eod_201912.txt
2020-06-19,2267,2019-12-02,2019-12-31,spx_eod_201912.txt
2020-06-30,2002,2019-12-02,2019-12-31,spx_eod_201912.txt
2020-09-18,2257,2019-12-02,2019-12-31,spx_eod_201912.txt
2020-09-30,2002,2019-12-02,2019-12-31,spx_eod_201912.txt
2020-10-16,1632,2019-12-02,2019-12-31,spx_eod_201912.txt
2020-11-20,1632,2019-12-02,2019-12-31,spx_eod_201912.txt
2020-12-18,2592,2019-12-02,2019-12-31,spx_eod_201912.txt
2020-12-31,585,2019-12-23,2019-12-31,spx_eod_201912.txt
2021-01-15,2025,2019-12-02,2019-12-31,spx_eod_201912.txt
2021-03-19,1064,2019-12-16,2019-12-31,spx_eod_201912.txt
2021-06-18,2109,2019-12-02,2019-12-31,spx_eod_201912.txt
2021-12-17,2487,2019-12-02,2019-12-31,spx_eod_201912.txt
2022-12-16,585,2019-12-23,2019-12-31,spx_eod_201912.txt
2020-01-03,438,2020-01-02,2020-01-03,spx_eod_202001.txt
2020-01-06,487,2020-01-02,2020-01-06,spx_eod_202001.txt
2020-01-08,841,2020-01-02,2020-01-08,spx_eod_202001.txt
2020-01-10,1497,2020-01-02,2020-01-10,spx_eod_202001.txt
2020-01-13,1266,2020-01-02,2020-01-13,spx_eod_202001.txt
2020-01-15,1624,2020-01-02,2020-01-15,spx_eod_202001.txt
2020-01-17,3808,2020-01-02,2020-01-17,spx_eod_202001.txt
2020-01-21,2082,2020-01-02,2020-01-21,spx_eod_202001.txt
2020-01-22,2230,2020-01-02,2020-01-22,spx_eod_202001.txt
2020-01-24,3646,2020-01-02,2020-01-24,spx_eod_202001.txt
2020-01-27,2620,2020-01-02,2020-01-27,spx_eod_202001.txt
2020-01-29,2794,2020-01-02,2020-01-29,spx_eod_202001.txt
2020-01-31,4794,2020-01-02,2020-01-31,spx_eod_202001.txt
2020-02-03,2981,2020-01-02,2020-01-31,spx_eod_202001.txt
2020-02-05,2979,2020-01-02,2020-01-31,spx_eod_202001.txt
2020-02-07,4652,2020-01-02,2020-01-31,spx_eod_202001.txt
2020-02-10,2759,2020-01-03,2020-01-31,spx_eod_202001.txt
2020-02-12,2513,2020-01-07,2020-01-31,spx_eod_202001.txt
2020-02-14,4450,2020-01-02,2020-01-31,spx_eod_202001.txt
2020-02-18,1956,2020-01-10,2020-01-31,spx_eod_202001.txt
2020-02-19,1699,2020-01-14,2020-01-31,spx_eod_202001.txt
2020-02-21,6561,2020-01-02,2020-01-31,spx_eod_202001.txt
2020-02-24,1267,2020-01-17,2020-01-31,spx_eod_202001.txt
2020-02-26,1137,2020-01-21,2020-01-31,spx_eod_202001.txt
2020-02-28,4456,2020-01-02,2020-01-31,spx_eod_202001.txt
2020-03-02,751,2020-01-24,2020-01-31,spx_eod_202001.txt
2020-03-04,483,2020-01-28,2020-01-31,spx_eod_202001.txt
2020-03-06,4230,2020-01-02,2020-01-31,spx_eod_202001.txt
2020-03-09,125,2020-01-31,2020-01-31,spx_eod_202001.txt
2020-03-13,3820,2020-01-02,2020-01-31,spx_eod_202001.txt
2020-03-20,6476,2020-01-02,2020-01-31,spx_eod_202001.txt
2020-03-27,2868,2020-01-09,2020-01-31,spx_eod_202001.txt
2020-03-31,5691,2020-01-02,2020-01-31,spx_eod_202001.txt
2020-04-03,1215,2020-01-23,2020-01-31,spx_eod_202001.txt
2020-04-17,6518,2020-01-02,2020-01-31,spx_eod_202001.txt
2020-04-30,2657,2020-01-02,2020-01-31,spx_eod_202001.txt
2020-05-15,5921,2020-01-02,2020-01-31,spx_eod_202001.txt
2020-05-29,2426,2020-01-02,2020-01-31,spx_eod_202001.txt
2020-06-19,2345,2020-01-02,2020-01-31,spx_eod_202001.txt
2020-06-30,4849,2020-01-02,2020-01-31,spx_eod_202001.txt
2020-07-17,833,2020-01-21,2020-01-31,spx_eod_202001.txt
2020-09-18,2300,2020-01-02,2020-01-31,spx_eod_202001.txt
2020-09-30,2076,2020-01-02,2020-01-31,spx_eod_202001.txt
2020-10-16,1974,2020-01-02,2020-01-31,spx_eod_202001.txt
2020-11-20,1974,2020-01-02,2020-01-31,spx_eod_202001.txt
2020-12-18,2661,2020-01-02,2020-01-31,spx_eod_202001.txt
2020-12-31,2080,2020-01-02,2020-01-31,spx_eod_202001.txt
2021-01-15,2133,2020-01-02,2020-01-31,spx_eod_202001.txt
2021-03-19,2112,2020-01-02,2020-01-31,spx_eod_202001.txt
2021-06-18,2217,2020-01-02,2020-01-31,spx_eod_202001.txt
2021-12-17,2595,2020-01-02,2020-01-31,spx_eod_202001.txt
2022-12-16,2160,2020-01-02,2020-01-31,spx_eod_202001.txt
2020-02-03,168,2020-02-03,2020-02-03,spx_eod_202002.txt
2020-02-05,504,2020-02-03,2020-02-05,spx_eod_202002.txt
2020-02-07,1154,2020-02-03,2020-02-07,spx_eod_202002.txt
2020-02-10,1022,2020-02-03,2020-02-10,spx_eod_202002.txt
2020-02-12,1376,2020-02-03,2020-02-12,spx_eod_202002.txt
2020-02-14,2276,2020-02-03,2020-02-14,spx_eod_202002.txt
2020-02-18,1895,2020-02-03,2020-02-18,spx_eod_202002.txt
2020-02-19,2076,2020-02-03,2020-02-19,spx_eod_202002.txt
2020-02-21,4592,2020-02-03,2020-02-21,spx_eod_202002.txt
2020-02-24,2348,2020-02-03,2020-02-24,spx_eod_202002.txt
2020-02-26,2710,2020-02-03,2020-02-26,spx_eod_202002.txt
2020-02-28,4467,2020-02-03,2020-02-28,spx_eod_202002.txt
2020-03-02,3091,2020-02-03,2020-02-28,spx_eod_202002.txt
2020-03-04,3036,2020-02-03,2020-02-28,spx_eod_202002.txt
2020-03-06,4585,2020-02-03,2020-02-28,spx_eod_202002.txt
2020-03-09,2997,2020-02-03,2020-02-28,spx_eod_202002.txt
2020-03-11,2769,2020-02-04,2020-02-28,spx_eod_202002.txt
2020-03-13,4470,2020-02-03,2020-02-28,spx_eod_202002.txt
2020-03-16,2144,2020-02-07,2020-02-28,spx_eod_202002.txt
2020-03-18,1891,2020-02-11,2020-02-28,spx_eod_202002.txt
2020-03-20,6199,2020-02-03,2020-02-28,spx_eod_202002.txt
2020-03-23,1417,2020-02-14,2020-02-28,spx_eod_202002.txt
2020-03-25,1294,2020-02-18,2020-02-28,spx_eod_202002.txt
2020-03-27,4087,2020-02-03,2020-02-28,spx_eod_202002.txt
2020-03-30,891,2020-02-21,2020-02-28,spx_eod_202002.txt
2020-03-31,5438,2020-02-03,2020-02-28,spx_eod_202002.txt
2020-04-01,554,2020-02-25,2020-02-28,spx_eod_202002.txt
2020-04-03,3951,2020-02-03,2020-02-28,spx_eod_202002.txt
2020-04-06,135,2020-02-28,2020-02-28,spx_eod_202002.txt
2020-04-09,3052,2020-02-06,2020-02-28,spx_eod_202002.txt
2020-04-17,6235,2020-02-03,2020-02-28,spx_eod_202002.txt
2020-04-24,2095,2020-02-13,2020-02-28,spx_eod_202002.txt
2020-04-30,4043,2020-02-03,2020-02-28,spx_eod_202002.txt
2020-05-15,5991,2020-02-03,2020-02-28,spx_eod_202002.txt
2020-05-29,2408,2020-02-03,2020-02-28,spx_eod_202002.txt
2020-06-19,3190,2020-02-03,2020-02-28,spx_eod_202002.txt
2020-06-30,4726,2020-02-03,2020-02-28,spx_eod_202002.txt
2020-07-17,1856,2020-02-03,2020-02-28,spx_eod_202002.txt
2020-07-31,2568,2020-02-03,2020-02-28,spx_eod_202002.txt
2020-08-21,482,2020-02-24,2020-02-28,spx_eod_202002.txt
2020-09-18,2123,2020-02-03,2020-02-28,spx_eod_202002.txt
2020-09-30,1928,2020-02-03,2020-02-28,spx_eod_202002.txt
2020-10-16,1845,2020-02-03,2020-02-28,spx_eod_202002.txt
2020-11-20,1845,2020-02-03,2020-02-28,spx_eod_202002.txt
2020-12-18,2457,2020-02-03,2020-02-28,spx_eod_202002.txt
2020-12-31,1915,2020-02-03,2020-02-28,spx_eod_202002.txt
2021-01-15,2006,2020-02-03,2020-02-28,spx_eod_202002.txt
2021-03-19,1989,2020-02-03,2020-02-28,spx_eod_202002.txt
2021-06-18,2079,2020-02-03,2020-02-28,spx_eod_202002.txt
2021-12-17,2421,2020-02-03,2020-02-28,spx_eod_202002.txt
2022-12-16,2045,2020-02-03,2020-02-28,spx_eod_202002.txt
2020-03-02,226,2020-03-02,2020-03-02,spx_eod_202003.txt
2020-03-04,678,2020-03-02,2020-03-04,spx_eod_202003.txt
2020-03-06,1385,2020-03-02,2020-03-06,spx_eod_202003.txt
2020-03-09,1356,2020-03-02,2020-03-09,spx_eod_202003.txt
2020-03-11,1884,2020-03-02,2020-03-11,spx_eod_202003.txt
2020-03-13,2910,2020-03-02,2020-03-13,spx_eod_202003.txt
2020-03-16,2551,2020-03-02,2020-03-16,spx_eod_202003.txt
2020-03-18,3131,2020-03-02,2020-03-18,spx_eod_202003.txt
2020-03-20,5496,2020-03-02,2020-03-20,spx_eod_202003.txt
2020-03-23,3927,2020-03-02,2020-03-23,spx_eod_202003.txt
2020-03-25,4577,2020-03-02,2020-03-25,spx_eod_202003.txt
2020-03-27,6610,2020-03-02,2020-03-27,spx_eod_202003.txt
2020-03-30,5459,2020-03-02,2020-03-30,spx_eod_202003.txt
2020-03-31,7314,2020-03-02,2020-03-31,spx_eod_202003.txt
2020-04-01,5273,2020-03-02,2020-03-31,spx_eod_202003.txt
2020-04-03,7253,2020-03-02,2020-03-31,spx_eod_202003.txt
2020-04-06,4439,2020-03-02,2020-03-31,spx_eod_202003.txt
2020-04-08,3939,2020-03-03,2020-03-31,spx_eod_202003.txt
2020-04-09,6859,2020-03-02,2020-03-31,spx_eod_202003.txt
2020-04-13,3649,2020-03-06,2020-03-31,spx_eod_202003.txt
2020-04-15,2156,2020-03-10,2020-03-31,spx_eod_202003.txt
2020-04-17,8222,2020-03-02,2020-03-31,spx_eod_202003.txt
2020-04-20,1957,2020-03-13,2020-03-31,spx_eod_202003.txt
2020-04-22,581,2020-03-24,2020-03-31,spx_eod_202003.txt
2020-04-24,6565,2020-03-02,2020-03-31,spx_eod_202003.txt
2020-04-27,312,2020-03-27,2020-03-31,spx_eod_202003.txt
2020-04-29,99,2020-03-31,2020-03-31,spx_eod_202003.txt
2020-04-30,6631,2020-03-02,2020-03-31,spx_eod_202003.txt
2020-05-01,4177,2020-03-05,2020-03-31,spx_eod_202003.txt
2020-05-08,2839,2020-03-12,2020-03-31,spx_eod_202003.txt
2020-05-15,8326,2020-03-02,2020-03-31,spx_eod_202003.txt
2020-05-29,5617,2020-03-02,2020-03-31,spx_eod_202003.txt
2020-06-19,8261,2020-03-02,2020-03-31,spx_eod_202003.txt
2020-06-30,7080,2020-03-02,2020-03-31,spx_eod_202003.txt
2020-07-17,2999,2020-03-02,2020-03-31,spx_eod_202003.txt
2020-07-31,4014,2020-03-02,2020-03-31,spx_eod_202003.txt
2020-08-21,2413,2020-03-02,2020-03-31,spx_eod_202003.txt
2020-08-31,3054,2020-03-02,2020-03-31,spx_eod_202003.txt
2020-09-18,2596,2020-03-02,2020-03-31,spx_eod_202003.txt
2020-09-30,2255,2020-03-02,2020-03-31,spx_eod_202003.txt
2020-10-16,2366,2020-03-02,2020-03-31,spx_eod_202003.txt
2020-11-20,2321,2020-03-02,2020-03-31,spx_eod_202003.txt
2020-12-18,2882,2020-03-02,2020-03-31,spx_eod_202003.txt
2020-12-31,2244,2020-03-02,2020-03-31,spx_eod_202003.txt
2021-01-15,2555,2020-03-02,2020-03-31,spx_eod_202003.txt
2021-03-19,2555,2020-03-02,2020-03-31,spx_eod_202003.txt
2021-03-31,525,2020-03-23,2020-03-31,spx_eod_202003.txt
2021-06-18,2561,2020-03-02,2020-03-31,spx_eod_202003.txt
2021-12-17,2838,2020-03-02,2020-03-31,spx_eod_202003.txt
2022-12-16,2572,2020-03-02,2020-03-31,spx_eod_202003.txt
2020-04-01,310,2020-04-01,2020-04-01,spx_eod_202004.txt
2020-04-03,1161,2020-04-01,2020-04-03,spx_eod_202004.txt
2020-04-06,1108,2020-04-01,2020-04-06,spx_eod_202004.txt
2020-04-08,1615,2020-04-01,2020-04-08,spx_eod_202004.txt
2020-04-09,2681,2020-04-01,2020-04-09,spx_eod_202004.txt
2020-04-13,2103,2020-04-01,2020-04-13,spx_eod_202004.txt
2020-04-15,1739,2020-04-01,2020-04-15,spx_eod_202004.txt
2020-04-17,5030,2020-04-01,2020-04-17,spx_eod_202004.txt
2020-04-20,2504,2020-04-01,2020-04-20,spx_eod_202004.txt
2020-04-22,2725,2020-04-01,2020-04-22,spx_eod_202004.txt
2020-04-24,6037,2020-04-01,2020-04-24,spx_eod_202004.txt
2020-04-27,2822,2020-04-01,2020-04-27,spx_eod_202004.txt
2020-04-29,3042,2020-04-01,2020-04-29,spx_eod_202004.txt
2020-04-30,7356,2020-04-01,2020-04-30,spx_eod_202004.txt
2020-05-01,5732,2020-04-01,2020-04-30,spx_eod_202004.txt
2020-05-04,2931,2020-04-03,2020-04-30,spx_eod_202004.txt
2020-05-06,2670,2020-04-07,2020-04-30,spx_eod_202004.txt
2020-05-08,5065,2020-04-01,2020-04-30,spx_eod_202004.txt
2020-05-11,2118,2020-04-09,2020-04-30,spx_eod_202004.txt
2020-05-13,1795,2020-04-14,2020-04-30,spx_eod_202004.txt
2020-05-15,8620,2020-04-01,2020-04-30,spx_eod_202004.txt
2020-05-18,1220,2020-04-17,2020-04-30,spx_eod_202004.txt
2020-05-20,906,2020-04-21,2020-04-30,spx_eod_202004.txt
2020-05-22,3977,2020-04-02,2020-04-30,spx_eod_202004.txt
2020-05-26,430,2020-04-24,2020-04-30,spx_eod_202004.txt
2020-05-27,267,2020-04-28,2020-04-30,spx_eod_202004.txt
2020-05-29,6552,2020-04-01,2020-04-30,spx_eod_202004.txt
2020-06-05,2526,2020-04-09,2020-04-30,spx_eod_202004.txt
2020-06-12,660,2020-04-23,2020-04-30,spx_eod_202004.txt
2020-06-19,8337,2020-04-01,2020-04-30,spx_eod_202004.txt
2020-06-26,94,2020-04-30,2020-04-30,spx_eod_202004.txt
2020-06-30,7473,2020-04-01,2020-04-30,spx_eod_202004.txt
2020-07-17,4883,2020-04-01,2020-04-30,spx_eod_202004.txt
2020-07-31,4406,2020-04-01,2020-04-30,spx_eod_202004.txt
2020-08-21,3060,2020-04-01,2020-04-30,spx_eod_202004.txt
2020-08-31,3673,2020-04-01,2020-04-30,spx_eod_202004.txt
2020-09-18,2625,2020-04-01,2020-04-30,spx_eod_202004.txt
2020-09-30,4759,2020-04-01,2020-04-30,spx_eod_202004.txt
2020-10-16,2478,2020-04-01,2020-04-30,spx_eod_202004.txt
2020-11-20,2301,2020-04-01,2020-04-30,spx_eod_202004.txt
2020-12-18,2751,2020-04-01,2020-04-30,spx_eod_202004.txt
2020-12-31,2231,2020-04-01,2020-04-30,spx_eod_202004.txt
2021-01-15,2554,2020-04-01,2020-04-30,spx_eod_202004.txt
2021-03-19,2520,2020-04-01,2020-04-30,spx_eod_202004.txt
2021-03-31,2061,2020-04-01,2020-04-30,spx_eod_202004.txt
2021-06-18,2554,2020-04-01,2020-04-30,spx_eod_202004.txt
2021-12-17,2709,2020-04-01,2020-04-30,spx_eod_202004.txt
2022-12-16,2503,2020-04-01,2020-04-30,spx_eod_202004.txt
2020-05-01,276,2020-05-01,2020-05-01,spx_eod_202005.txt
2020-05-04,358,2020-05-01,2020-05-04,spx_eod_202005.txt
2020-05-06,694,2020-05-01,2020-05-06,spx_eod_202005.txt
2020-05-08,1476,2020-05-01,2020-05-08,spx_eod_202005.txt
2020-05-11,1113,2020-05-01,2020-05-11,spx_eod_202005.txt
2020-05-13,1397,2020-05-01,2020-05-13,spx_eod_202005.txt
2020-05-15,4532,2020-05-01,2020-05-15,spx_eod_202005.txt
2020-05-18,1715,2020-05-01,2020-05-18,spx_eod_202005.txt
2020-05-20,1974,2020-05-01,2020-05-20,spx_eod_202005.txt
2020-05-22,3822,2020-05-01,2020-05-22,spx_eod_202005.txt
2020-05-26,2352,2020-05-01,2020-05-26,spx_eod_202005.txt
2020-05-27,2593,2020-05-01,2020-05-27,spx_eod_202005.txt
2020-05-29,6402,2020-05-01,2020-05-29,spx_eod_202005.txt
2020-06-01,2794,2020-05-01,2020-05-29,spx_eod_202005.txt
2020-06-03,2340,2020-05-05,2020-05-29,spx_eod_202005.txt
2020-06-05,4370,2020-05-01,2020-05-29,spx_eod_202005.txt
2020-06-08,1970,2020-05-08,2020-05-29,spx_eod_202005.txt
2020-06-10,1665,2020-05-12,2020-05-29,spx_eod_202005.txt
2020-06-12,3307,2020-05-01,2020-05-29,spx_eod_202005.txt
2020-06-15,1306,2020-05-15,2020-05-29,spx_eod_202005.txt
2020-06-17,960,2020-05-19,2020-05-29,spx_eod_202005.txt
2020-06-19,7942,2020-05-01,2020-05-29,spx_eod_202005.txt
2020-06-22,644,2020-05-22,2020-05-29,spx_eod_202005.txt
2020-06-24,448,2020-05-26,2020-05-29,spx_eod_202005.txt
2020-06-26,3093,2020-05-01,2020-05-29,spx_eod_202005.txt
2020-06-29,91,2020-05-29,2020-05-29,spx_eod_202005.txt
2020-06-30,7162,2020-05-01,2020-05-29,spx_eod_202005.txt
2020-07-02,1937,2020-05-07,2020-05-29,spx_eod_202005.txt
2020-07-10,694,2020-05-21,2020-05-29,spx_eod_202005.txt
2020-07-17,5557,2020-05-01,2020-05-29,spx_eod_202005.txt
2020-07-31,5156,2020-05-01,2020-05-29,spx_eod_202005.txt
2020-08-21,4421,2020-05-01,2020-05-29,spx_eod_202005.txt
2020-08-31,3542,2020-05-01,2020-05-29,spx_eod_202005.txt
2020-09-18,3396,2020-05-01,2020-05-29,spx_eod_202005.txt
2020-09-30,5378,2020-05-01,2020-05-29,spx_eod_202005.txt
2020-10-16,2368,2020-05-01,2020-05-29,spx_eod_202005.txt
2020-10-30,2286,2020-05-01,2020-05-29,spx_eod_202005.txt
2020-11-20,2208,2020-05-01,2020-05-29,spx_eod_202005.txt
2020-12-18,2620,2020-05-01,2020-05-29,spx_eod_202005.txt
2020-12-31,2140,2020-05-01,2020-05-29,spx_eod_202005.txt
2021-01-15,2440,2020-05-01,2020-05-29,spx_eod_202005.txt
2021-03-19,2400,2020-05-01,2020-05-29,spx_eod_202005.txt
2021-03-31,2182,2020-05-01,2020-05-29,spx_eod_202005.txt
2021-06-18,2440,2020-05-01,2020-05-29,spx_eod_202005.txt
2021-12-17,2580,2020-05-01,2020-05-29,spx_eod_202005.txt
2022-12-16,2380,2020-05-01,2020-05-29,spx_eod_202005.txt
2020-06-01,176,2020-06-01,2020-06-01,spx_eod_202006.txt
2020-06-03,510,2020-06-01,2020-06-03,spx_eod_202006.txt
2020-06-05,1283,2020-06-01,2020-06-05,spx_eod_202006.txt
2020-06-08,1035,2020-06-01,2020-06-08,spx_eod_202006.txt
2020-06-10,1467,2020-06-01,2020-06-10,spx_eod_202006.txt
2020-06-12,2395,2020-06-01,2020-06-12,spx_eod_202006.txt
2020-06-15,2051,2020-06-01,2020-06-15,spx_eod_202006.txt
2020-06-17,2303,2020-06-01,2020-06-17,spx_eod_202006.txt
2020-06-19,5599,2020-06-01,2020-06-19,spx_eod_202006.txt
2020-06-22,2898,2020-06-01,2020-06-22,spx_eod_202006.txt
2020-06-24,2915,2020-06-01,2020-06-24,spx_eod_202006.txt
2020-06-26,4674,2020-06-01,2020-06-26,spx_eod_202006.txt
2020-06-29,3104,2020-06-01,2020-06-29,spx_eod_202006.txt
2020-06-30,7608,2020-06-01,2020-06-30,spx_eod_202006.txt
2020-07-01,3121,2020-06-02,2020-06-30,spx_eod_202006.txt
2020-07-02,4749,2020-06-01,2020-06-30,spx_eod_202006.txt
2020-07-06,2691,2020-06-05,2020-06-30,spx_eod_202006.txt
2020-07-08,2553,2020-06-09,2020-06-30,spx_eod_202006.txt
2020-07-10,4176,2020-06-01,2020-06-30,spx_eod_202006.txt
2020-07-13,1735,2020-06-12,2020-06-30,spx_eod_202006.txt
2020-07-15,1260,2020-06-16,2020-06-30,spx_eod_202006.txt
2020-07-17,7641,2020-06-01,2020-06-30,spx_eod_202006.txt
2020-07-20,1024,2020-06-19,2020-06-30,spx_eod_202006.txt
2020-07-22,726,2020-06-23,2020-06-30,spx_eod_202006.txt
2020-07-24,3023,2020-06-04,2020-06-30,spx_eod_202006.txt
2020-07-27,339,2020-06-26,2020-06-30,spx_eod_202006.txt
2020-07-29,96,2020-06-30,2020-06-30,spx_eod_202006.txt
2020-07-31,6047,2020-06-01,2020-06-30,spx_eod_202006.txt
2020-08-07,1881,2020-06-11,2020-06-30,spx_eod_202006.txt
2020-08-14,468,2020-06-25,2020-06-30,spx_eod_202006.txt
2020-08-21,5712,2020-06-01,2020-06-30,spx_eod_202006.txt
2020-08-31,5292,2020-06-01,2020-06-30,spx_eod_202006.txt
2020-09-18,6012,2020-06-01,2020-06-30,spx_eod_202006.txt
2020-09-30,6693,2020-06-01,2020-06-30,spx_eod_202006.txt
2020-10-16,3295,2020-06-01,2020-06-30,spx_eod_202006.txt
2020-10-30,3093,2020-06-01,2020-06-30,spx_eod_202006.txt
2020-11-20,2420,2020-06-01,2020-06-30,spx_eod_202006.txt
2020-11-30,2703,2020-06-01,2020-06-30,spx_eod_202006.txt
2020-12-18,4365,2020-06-01,2020-06-30,spx_eod_202006.txt
2020-12-31,2277,2020-06-01,2020-06-30,spx_eod_202006.txt
2021-01-15,2562,2020-06-01,2020-06-30,spx_eod_202006.txt
2021-03-19,4104,2020-06-01,2020-06-30,spx_eod_202006.txt
2021-03-31,2562,2020-06-01,2020-06-30,spx_eod_202006.txt
2021-06-18,2562,2020-06-01,2020-06-30,spx_eod_202006.txt
2021-06-30,625,2020-06-22,2020-06-30,spx_eod_202006.txt
2021-09-17,973,2020-06-15,2020-06-30,spx_eod_202006.txt
2021-12-17,2709,2020-06-01,2020-06-30,spx_eod_202006.txt
2022-06-17,712,2020-06-19,2020-06-30,spx_eod_202006.txt
2022-12-16,2499,2020-06-01,2020-06-30,spx_eod_202006.txt
2020-07-01,185,2020-07-01,2020-07-01,spx_eod_202007.txt
2020-07-02,504,2020-07-01,2020-07-02,spx_eod_202007.txt
2020-07-06,561,2020-07-01,2020-07-06,spx_eod_202007.txt
2020-07-08,957,2020-07-01,2020-07-08,spx_eod_202007.txt
2020-07-10,1747,2020-07-01,2020-07-10,spx_eod_202007.txt
2020-07-13,1350,2020-07-01,2020-07-13,spx_eod_202007.txt
2020-07-15,1698,2020-07-01,2020-07-15,spx_eod_202007.txt
2020-07-17,4464,2020-07-01,2020-07-17,spx_eod_202007.txt
2020-07-20,2142,2020-07-01,2020-07-20,spx_eod_202007.txt
2020-07-22,2465,2020-07-01,2020-07-22,spx_eod_202007.txt
2020-07-24,3867,2020-07-01,2020-07-24,spx_eod_202007.txt
2020-07-27,2965,2020-07-01,2020-07-27,spx_eod_202007.txt
2020-07-29,3028,2020-07-01,2020-07-29,spx_eod_202007.txt
2020-07-31,6628,2020-07-01,2020-07-31,spx_eod_202007.txt
2020-08-03,3126,2020-07-02,2020-07-31,spx_eod_202007.txt
2020-08-05,2855,2020-07-07,2020-07-31,spx_eod_202007.txt
2020-08-07,4992,2020-07-01,2020-07-31,spx_eod_202007.txt
2020-08-10,2219,2020-07-10,2020-07-31,spx_eod_202007.txt
2020-08-12,2127,2020-07-14,2020-07-31,spx_eod_202007.txt
2020-08-14,4063,2020-07-01,2020-07-31,spx_eod_202007.txt
2020-08-17,1477,2020-07-17,2020-07-31,spx_eod_202007.txt
2020-08-19,1165,2020-07-21,2020-07-31,spx_eod_202007.txt
2020-08-21,7426,2020-07-01,2020-07-31,spx_eod_202007.txt
2020-08-24,664,2020-07-24,2020-07-31,spx_eod_202007.txt
2020-08-26,474,2020-07-28,2020-07-31,spx_eod_202007.txt
2020-08-28,3616,2020-07-02,2020-07-31,spx_eod_202007.txt
2020-08-31,6025,2020-07-01,2020-07-31,spx_eod_202007.txt
2020-09-04,2281,2020-07-09,2020-07-31,spx_eod_202007.txt
2020-09-11,865,2020-07-23,2020-07-31,spx_eod_202007.txt
2020-09-18,7274,2020-07-01,2020-07-31,spx_eod_202007.txt
2020-09-30,7236,2020-07-01,2020-07-31,spx_eod_202007.txt
2020-10-16,5315,2020-07-01,2020-07-31,spx_eod_202007.txt
2020-10-30,3408,2020-07-01,2020-07-31,spx_eod_202007.txt
2020-11-20,3693,2020-07-01,2020-07-31,spx_eod_202007.txt
2020-11-30,3034,2020-07-01,2020-07-31,spx_eod_202007.txt
2020-12-18,6245,2020-07-01,2020-07-31,spx_eod_202007.txt
2020-12-31,5195,2020-07-01,2020-07-31,spx_eod_202007.txt
2021-01-15,3842,2020-07-01,2020-07-31,spx_eod_202007.txt
2021-03-19,5634,2020-07-01,2020-07-31,spx_eod_202007.txt
2021-03-31,2749,2020-07-01,2020-07-31,spx_eod_202007.txt
2021-06-18,2774,2020-07-01,2020-07-31,spx_eod_202007.txt
2021-06-30,2049,2020-07-01,2020-07-31,spx_eod_202007.txt
2021-09-17,2189,2020-07-01,2020-07-31,spx_eod_202007.txt
2021-12-17,2838,2020-07-01,2020-07-31,spx_eod_202007.txt
2022-06-17,2056,2020-07-01,2020-07-31,spx_eod_202007.txt
2022-12-16,2618,2020-07-01,2020-07-31,spx_eod_202007.txt
2020-08-03,171,2020-08-03,2020-08-03,spx_eod_202008.txt
2020-08-05,516,2020-08-03,2020-08-05,spx_eod_202008.txt
2020-08-07,1235,2020-08-03,2020-08-07,spx_eod_202008.txt
2020-08-10,1011,2020-08-03,2020-08-10,spx_eod_202008.txt
2020-08-12,1390,2020-08-03,2020-08-12,spx_eod_202008.txt
2020-08-14,2262,2020-08-03,2020-08-14,spx_eod_202008.txt
2020-08-17,1736,2020-08-03,2020-08-17,spx_eod_202008.txt
2020-08-19,2077,2020-08-03,2020-08-19,spx_eod_202008.txt
2020-08-21,5351,2020-08-03,2020-08-21,spx_eod_202008.txt
2020-08-24,2461,2020-08-03,2020-08-24,spx_eod_202008.txt
2020-08-26,2870,2020-08-03,2020-08-26,spx_eod_202008.txt
2020-08-28,4706,2020-08-03,2020-08-28,spx_eod_202008.txt
2020-08-31,6268,2020-08-03,2020-08-31,spx_eod_202008.txt
2020-09-02,3027,2020-08-04,2020-08-31,spx_eod_202008.txt
2020-09-04,4647,2020-08-03,2020-08-31,spx_eod_202008.txt
2020-09-08,2505,2020-08-07,2020-08-31,spx_eod_202008.txt
2020-09-09,2185,2020-08-11,2020-08-31,spx_eod_202008.txt
2020-09-11,3567,2020-08-03,2020-08-31,spx_eod_202008.txt
2020-09-14,1639,2020-08-14,2020-08-31,spx_eod_202008.txt
2020-09-16,1424,2020-08-18,2020-08-31,spx_eod_202008.txt
2020-09-18,7638,2020-08-03,2020-08-31,spx_eod_202008.txt
2020-09-21,989,2020-08-21,2020-08-31,spx_eod_202008.txt
2020-09-23,658,2020-08-25,2020-08-31,spx_eod_202008.txt
2020-09-25,2980,2020-08-06,2020-08-31,spx_eod_202008.txt
2020-09-28,212,2020-08-28,2020-08-31,spx_eod_202008.txt
2020-09-30,7340,2020-08-03,2020-08-31,spx_eod_202008.txt
2020-10-02,1780,2020-08-13,2020-08-31,spx_eod_202008.txt
2020-10-09,399,2020-08-27,2020-08-31,spx_eod_202008.txt
2020-10-16,5877,2020-08-03,2020-08-31,spx_eod_202008.txt
2020-10-30,4819,2020-08-03,2020-08-31,spx_eod_202008.txt
2020-11-02,1287,2020-08-14,2020-08-31,spx_eod_202008.txt
2020-11-04,1680,2020-08-11,2020-08-31,spx_eod_202008.txt
2020-11-20,4992,2020-08-03,2020-08-31,spx_eod_202008.txt
2020-11-30,3209,2020-08-03,2020-08-31,spx_eod_202008.txt
2020-12-18,6672,2020-08-03,2020-08-31,spx_eod_202008.txt
2020-12-31,5633,2020-08-03,2020-08-31,spx_eod_202008.txt
2021-01-15,5160,2020-08-03,2020-08-31,spx_eod_202008.txt
2021-01-29,2679,2020-08-03,2020-08-31,spx_eod_202008.txt
2021-02-19,808,2020-08-20,2020-08-31,spx_eod_202008.txt
2021-03-19,5485,2020-08-03,2020-08-31,spx_eod_202008.txt
2021-03-31,2740,2020-08-03,2020-08-31,spx_eod_202008.txt
2021-06-18,2742,2020-08-03,2020-08-31,spx_eod_202008.txt
2021-06-30,2089,2020-08-03,2020-08-31,spx_eod_202008.txt
2021-09-17,2285,2020-08-03,2020-08-31,spx_eod_202008.txt
2021-12-17,2763,2020-08-03,2020-08-31,spx_eod_202008.txt
2022-06-17,2117,2020-08-03,2020-08-31,spx_eod_202008.txt
2022-12-16,2553,2020-08-03,2020-08-31,spx_eod_202008.txt
2020-09-02,396,2020-09-01,2020-09-02,spx_eod_202009.txt
2020-09-04,1088,2020-09-01,2020-09-04,spx_eod_202009.txt
2020-09-08,1021,2020-09-01,2020-09-08,spx_eod_202009.txt
2020-09-09,1191,2020-09-01,2020-09-09,spx_eod_202009.txt
2020-09-11,2039,2020-09-01,2020-09-11,spx_eod_202009.txt
2020-09-14,1814,2020-09-01,2020-09-14,spx_eod_202009.txt
2020-09-16,2237,2020-09-01,2020-09-16,spx_eod_202009.txt
2020-09-18,5313,2020-09-01,2020-09-18,spx_eod_202009.txt
2020-09-21,2665,2020-09-01,2020-09-21,spx_eod_202009.txt
2020-09-23,3007,2020-09-01,2020-09-23,spx_eod_202009.txt
2020-09-25,4559,2020-09-01,2020-09-25,spx_eod_202009.txt
2020-09-28,3603,2020-09-01,2020-09-28,spx_eod_202009.txt
2020-09-30,8314,2020-09-01,2020-09-30,spx_eod_202009.txt
2020-10-02,5217,2020-09-01,2020-09-30,spx_eod_202009.txt
2020-10-05,3039,2020-09-04,2020-09-30,spx_eod_202009.txt
2020-10-07,2720,2020-09-08,2020-09-30,spx_eod_202009.txt
2020-10-09,4468,2020-09-01,2020-09-30,spx_eod_202009.txt
2020-10-12,2038,2020-09-11,2020-09-30,spx_eod_202009.txt
2020-10-14,1859,2020-09-15,2020-09-30,spx_eod_202009.txt
2020-10-16,7959,2020-09-01,2020-09-30,spx_eod_202009.txt
2020-10-19,1220,2020-09-18,2020-09-30,spx_eod_202009.txt
2020-10-21,874,2020-09-22,2020-09-30,spx_eod_202009.txt
2020-10-23,3701,2020-09-03,2020-09-30,spx_eod_202009.txt
2020-10-26,460,2020-09-25,2020-09-30,spx_eod_202009.txt
2020-10-28,212,2020-09-29,2020-09-30,spx_eod_202009.txt
2020-10-30,5869,2020-09-01,2020-09-30,spx_eod_202009.txt
2020-11-02,2979,2020-09-01,2020-09-30,spx_eod_202009.txt
2020-11-04,3050,2020-09-01,2020-09-30,spx_eod_202009.txt
2020-11-06,2192,2020-09-10,2020-09-30,spx_eod_202009.txt
2020-11-13,650,2020-09-24,2020-09-30,spx_eod_202009.txt
2020-11-20,6195,2020-09-01,2020-09-30,spx_eod_202009.txt
2020-11-30,5239,2020-09-01,2020-09-30,spx_eod_202009.txt
2020-12-18,8185,2020-09-01,2020-09-30,spx_eod_202009.txt
2020-12-31,6613,2020-09-01,2020-09-30,spx_eod_202009.txt
2021-01-15,5749,2020-09-01,2020-09-30,spx_eod_202009.txt
2021-01-29,3313,2020-09-01,2020-09-30,spx_eod_202009.txt
2021-02-19,3399,2020-09-01,2020-09-30,spx_eod_202009.txt
2021-02-26,3067,2020-09-01,2020-09-30,spx_eod_202009.txt
2021-03-19,7707,2020-09-01,2020-09-30,spx_eod_202009.txt
2021-03-31,2953,2020-09-01,2020-09-30,spx_eod_202009.txt
2021-06-18,2932,2020-09-01,2020-09-30,spx_eod_202009.txt
2021-06-30,2302,2020-09-01,2020-09-30,spx_eod_202009.txt
2021-09-17,2491,2020-09-01,2020-09-30,spx_eod_202009.txt
2021-09-30,719,2020-09-21,2020-09-30,spx_eod_202009.txt
2021-12-17,2953,2020-09-01,2020-09-30,spx_eod_202009.txt
2022-06-17,2323,2020-09-01,2020-09-30,spx_eod_202009.txt
2022-12-16,2815,2020-09-01,2020-09-30,spx_eod_202009.txt
2020-10-02,552,2020-10-01,2020-10-02,spx_eod_202010.txt
2020-10-05,603,2020-10-01,2020-10-05,spx_eod_202010.txt
2020-10-07,975,2020-10-01,2020-10-07,spx_eod_202010.txt
2020-10-09,1792,2020-10-01,2020-10-09,spx_eod_202010.txt
2020-10-12,1401,2020-10-01,2020-10-12,spx_eod_202010.txt
2020-10-14,1988,2020-10-01,2020-10-14,spx_eod_202010.txt
2020-10-16,4656,2020-10-01,2020-10-16,spx_eod_202010.txt
2020-10-19,2332,2020-10-01,2020-10-19,spx_eod_202010.txt
2020-10-21,2720,2020-10-01,2020-10-21,spx_eod_202010.txt
2020-10-23,4213,2020-10-01,2020-10-23,spx_eod_202010.txt
2020-10-26,3110,2020-10-01,2020-10-26,spx_eod_202010.txt
2020-10-28,3297,2020-10-01,2020-10-28,spx_eod_202010.txt
2020-10-30,6424,2020-10-01,2020-10-30,spx_eod_202010.txt
2020-11-02,3928,2020-10-01,2020-10-30,spx_eod_202010.txt
2020-11-04,3892,2020-10-01,2020-10-30,spx_eod_202010.txt
2020-11-06,4895,2020-10-01,2020-10-30,spx_eod_202010.txt
2020-11-09,2538,2020-10-09,2020-10-30,spx_eod_202010.txt
2020-11-11,2130,2020-10-13,2020-10-30,spx_eod_202010.txt
2020-11-13,4514,2020-10-01,2020-10-30,spx_eod_202010.txt
2020-11-16,1545,2020-10-16,2020-10-30,spx_eod_202010.txt
2020-11-18,1297,2020-10-20,2020-10-30,spx_eod_202010.txt
2020-11-20,7820,2020-10-01,2020-10-30,spx_eod_202010.txt
2020-11-23,812,2020-10-23,2020-10-30,spx_eod_202010.txt
2020-11-25,522,2020-10-27,2020-10-30,spx_eod_202010.txt
2020-11-27,3903,2020-10-01,2020-10-30,spx_eod_202010.txt
2020-11-30,5962,2020-10-01,2020-10-30,spx_eod_202010.txt
2020-12-04,2686,2020-10-08,2020-10-30,spx_eod_202010.txt
2020-12-11,1005,2020-10-22,2020-10-30,spx_eod_202010.txt
2020-12-18,8602,2020-10-01,2020-10-30,spx_eod_202010.txt
2020-12-31,6974,2020-10-01,2020-10-30,spx_eod_202010.txt
2021-01-15,6050,2020-10-01,2020-10-30,spx_eod_202010.txt
2021-01-29,3498,2020-10-01,2020-10-30,spx_eod_202010.txt
2021-02-19,5138,2020-10-01,2020-10-30,spx_eod_202010.txt
2021-02-26,3498,2020-10-01,2020-10-30,spx_eod_202010.txt
2021-03-19,8168,2020-10-01,2020-10-30,spx_eod_202010.txt
2021-03-31,5808,2020-10-01,2020-10-30,spx_eod_202010.txt
2021-04-16,2332,2020-10-15,2020-10-30,spx_eod_202010.txt
2021-06-18,3080,2020-10-01,2020-10-30,spx_eod_202010.txt
2021-06-30,2420,2020-10-01,2020-10-30,spx_eod_202010.txt
2021-09-17,2618,2020-10-01,2020-10-30,spx_eod_202010.txt
2021-09-30,2090,2020-10-01,2020-10-30,spx_eod_202010.txt
2021-12-17,3102,2020-10-01,2020-10-30,spx_eod_202010.txt
2022-06-17,2442,2020-10-01,2020-10-30,spx_eod_202010.txt
2022-12-16,3014,2020-10-01,2020-10-30,spx_eod_202010.txt
2020-11-02,214,2020-11-02,2020-11-02,spx_eod_202011.txt
2020-11-04,645,2020-11-02,2020-11-04,spx_eod_202011.txt
2020-11-06,1265,2020-11-02,2020-11-06,spx_eod_202011.txt
2020-11-09,1224,2020-11-02,2020-11-09,spx_eod_202011.txt
2020-11-11,1675,2020-11-02,2020-11-11,spx_eod_202011.txt
2020-11-13,2609,2020-11-02,2020-11-13,spx_eod_202011.txt
2020-11-16,2208,2020-11-02,2020-11-16,spx_eod_202011.txt
2020-11-18,2642,2020-11-02,2020-11-18,spx_eod_202011.txt
2020-11-20,5520,2020-11-02,2020-11-20,spx_eod_202011.txt
2020-11-23,3141,2020-11-02,2020-11-23,spx_eod_202011.txt
2020-11-25,3631,2020-11-02,2020-11-25,spx_eod_202011.txt
2020-11-27,4703,2020-11-02,2020-11-25,spx_eod_202011.txt
2020-11-30,5256,2020-11-02,2020-11-30,spx_eod_202011.txt
2020-12-02,3107,2020-11-03,2020-11-30,spx_eod_202011.txt
2020-12-04,5041,2020-11-02,2020-11-30,spx_eod_202011.txt
2020-12-07,2509,2020-11-06,2020-11-30,spx_eod_202011.txt
2020-12-09,2021,2020-11-10,2020-11-30,spx_eod_202011.txt
2020-12-11,3829,2020-11-02,2020-11-30,spx_eod_202011.txt
2020-12-14,1655,2020-11-13,2020-11-30,spx_eod_202011.txt
2020-12-16,1178,2020-11-17,2020-11-30,spx_eod_202011.txt
2020-12-18,7569,2020-11-02,2020-11-30,spx_eod_202011.txt
2020-12-21,711,2020-11-20,2020-11-30,spx_eod_202011.txt
2020-12-23,385,2020-11-24,2020-11-30,spx_eod_202011.txt
2020-12-24,2944,2020-11-05,2020-11-30,spx_eod_202011.txt
2020-12-28,150,2020-11-30,2020-11-30,spx_eod_202011.txt
2020-12-31,6137,2020-11-02,2020-11-30,spx_eod_202011.txt
2021-01-08,1617,2020-11-12,2020-11-30,spx_eod_202011.txt
2021-01-15,5624,2020-11-02,2020-11-30,spx_eod_202011.txt
2021-01-22,260,2020-11-25,2020-11-30,spx_eod_202011.txt
2021-01-29,4855,2020-11-02,2020-11-30,spx_eod_202011.txt
2021-02-19,4707,2020-11-02,2020-11-30,spx_eod_202011.txt
2021-02-26,3093,2020-11-02,2020-11-30,spx_eod_202011.txt
2021-03-19,7275,2020-11-02,2020-11-30,spx_eod_202011.txt
2021-03-31,5827,2020-11-02,2020-11-30,spx_eod_202011.txt
2021-04-16,4198,2020-11-02,2020-11-30,spx_eod_202011.txt
2021-04-30,2796,2020-11-02,2020-11-30,spx_eod_202011.txt
2021-05-21,1080,2020-11-19,2020-11-30,spx_eod_202011.txt
2021-06-18,2695,2020-11-02,2020-11-30,spx_eod_202011.txt
2021-06-30,2119,2020-11-02,2020-11-30,spx_eod_202011.txt
2021-09-17,2296,2020-11-02,2020-11-30,spx_eod_202011.txt
2021-09-30,1964,2020-11-02,2020-11-30,spx_eod_202011.txt
2021-12-17,2714,2020-11-02,2020-11-30,spx_eod_202011.txt
2022-06-17,2144,2020-11-02,2020-11-30,spx_eod_202011.txt
2022-12-16,2638,2020-11-02,2020-11-30,spx_eod_202011.txt
2020-12-02,417,2020-12-01,2020-12-02,spx_eod_202012.txt
2020-12-04,1167,2020-12-01,2020-12-04,spx_eod_202012.txt
2020-12-07,1011,2020-12-01,2020-12-07,spx_eod_202012.txt
2020-12-09,1388,2020-12-01,2020-12-09,spx_eod_202012.txt
2020-12-11,2300,2020-12-01,2020-12-11,spx_eod_202012.txt
2020-12-14,2011,2020-12-01,2020-12-14,spx_eod_202012.txt
2020-12-16,2280,2020-12-01,2020-12-16,spx_eod_202012.txt
2020-12-18,5878,2020-12-01,2020-12-18,spx_eod_202012.txt
2020-12-21,2743,2020-12-01,2020-12-21,spx_eod_202012.txt
2020-12-23,3108,2020-12-01,2020-12-23,spx_eod_202012.txt
2020-12-24,4296,2020-12-01,2020-12-23,spx_eod_202012.txt
2020-12-28,3101,2020-12-01,2020-12-28,spx_eod_202012.txt
2020-12-30,3358,2020-12-01,2020-12-30,spx_eod_202012.txt
2020-12-31,7190,2020-12-01,2020-12-31,spx_eod_202012.txt
2021-01-04,2902,2020-12-04,2020-12-31,spx_eod_202012.txt
2021-01-06,2607,2020-12-08,2020-12-31,spx_eod_202012.txt
2021-01-08,4936,2020-12-01,2020-12-31,spx_eod_202012.txt
2021-01-11,2030,2020-12-11,2020-12-31,spx_eod_202012.txt
2021-01-13,1692,2020-12-15,2020-12-31,spx_eod_202012.txt
2021-01-15,7989,2020-12-01,2020-12-31,spx_eod_202012.txt
2021-01-19,1157,2020-12-18,2020-12-31,spx_eod_202012.txt
2021-01-20,880,2020-12-22,2020-12-31,spx_eod_202012.txt
2021-01-22,4401,2020-12-01,2020-12-31,spx_eod_202012.txt
2021-01-25,571,2020-12-28,2020-12-31,spx_eod_202012.txt
2021-01-27,392,2020-12-29,2020-12-31,spx_eod_202012.txt
2021-01-29,6005,2020-12-01,2020-12-31,spx_eod_202012.txt
2021-02-01,113,2020-12-31,2020-12-31,spx_eod_202012.txt
2021-02-05,3531,2020-12-03,2020-12-31,spx_eod_202012.txt
2021-02-12,2257,2020-12-10,2020-12-31,spx_eod_202012.txt
2021-02-19,6065,2020-12-01,2020-12-31,spx_eod_202012.txt
2021-02-26,4999,2020-12-01,2020-12-31,spx_eod_202012.txt
2021-03-05,580,2020-12-28,2020-12-31,spx_eod_202012.txt
2021-03-19,8610,2020-12-01,2020-12-31,spx_eod_202012.txt
2021-03-31,7114,2020-12-01,2020-12-31,spx_eod_202012.txt
2021-04-16,5009,2020-12-01,2020-12-31,spx_eod_202012.txt
2021-04-30,3591,2020-12-01,2020-12-31,spx_eod_202012.txt
2021-05-21,4864,2020-12-01,2020-12-31,spx_eod_202012.txt
2021-05-28,2875,2020-12-01,2020-12-31,spx_eod_202012.txt
2021-06-18,3819,2020-12-01,2020-12-31,spx_eod_202012.txt
2021-06-30,2428,2020-12-01,2020-12-31,spx_eod_202012.txt
2021-09-17,2632,2020-12-01,2020-12-31,spx_eod_202012.txt
2021-09-30,2323,2020-12-01,2020-12-31,spx_eod_202012.txt
2021-12-17,3247,2020-12-01,2020-12-31,spx_eod_202012.txt
2021-12-31,693,2020-12-21,2020-12-31,spx_eod_202012.txt
2022-01-21,715,2020-12-21,2020-12-31,spx_eod_202012.txt
2022-03-18,1392,2020-12-14,2020-12-31,spx_eod_202012.txt
2022-06-17,2620,2020-12-01,2020-12-31,spx_eod_202012.txt
2022-12-16,3112,2020-12-01,2020-12-31,spx_eod_202012.txt
2023-12-15,1068,2020-12-17,2020-12-31,spx_eod_202012.txt
2021-01-04,194,2021-01-04,2021-01-04,spx_eod_202101.txt
2021-01-06,594,2021-01-04,2021-01-06,spx_eod_202101.txt
2021-01-08,1309,2021-01-04,2021-01-08,spx_eod_202101.txt
2021-01-11,1174,2021-01-04,2021-01-11,spx_eod_202101.txt
2021-01-13,1630,2021-01-04,2021-01-13,spx_eod_202101.txt
2021-01-15,3904,2021-01-04,2021-01-15,spx_eod_202101.txt
2021-01-19,2173,2021-01-04,2021-01-19,spx_eod_202101.txt
2021-01-20,2330,2021-01-04,2021-01-20,spx_eod_202101.txt
2021-01-22,3867,2021-01-04,2021-01-22,spx_eod_202101.txt
2021-01-25,2753,2021-01-04,2021-01-25,spx_eod_202101.txt
2021-01-27,3210,2021-01-04,2021-01-27,spx_eod_202101.txt
2021-01-29,6125,2021-01-04,2021-01-29,spx_eod_202101.txt
2021-02-01,3408,2021-01-04,2021-01-29,spx_eod_202101.txt
2021-02-03,3202,2021-01-05,2021-01-29,spx_eod_202101.txt
2021-02-05,4980,2021-01-04,2021-01-29,spx_eod_202101.txt
2021-02-08,2498,2021-01-08,2021-01-29,spx_eod_202101.txt
2021-02-10,2183,2021-01-12,2021-01-29,spx_eod_202101.txt
2021-02-12,4575,2021-01-04,2021-01-29,spx_eod_202101.txt
2021-02-16,1570,2021-01-15,2021-01-29,spx_eod_202101.txt
2021-02-17,1429,2021-01-19,2021-01-29,spx_eod_202101.txt
2021-02-19,7017,2021-01-04,2021-01-29,spx_eod_202101.txt
2021-02-22,892,2021-01-22,2021-01-29,spx_eod_202101.txt
2021-02-24,570,2021-01-26,2021-01-29,spx_eod_202101.txt
2021-02-26,5063,2021-01-04,2021-01-29,spx_eod_202101.txt
2021-03-01,115,2021-01-29,2021-01-29,spx_eod_202101.txt
2021-03-05,3857,2021-01-04,2021-01-29,spx_eod_202101.txt
2021-03-12,3340,2021-01-07,2021-01-29,spx_eod_202101.txt
2021-03-19,8229,2021-01-04,2021-01-29,spx_eod_202101.txt
2021-03-26,1033,2021-01-21,2021-01-29,spx_eod_202101.txt
2021-03-31,6933,2021-01-04,2021-01-29,spx_eod_202101.txt
2021-04-16,4950,2021-01-04,2021-01-29,spx_eod_202101.txt
2021-04-30,3540,2021-01-04,2021-01-29,spx_eod_202101.txt
2021-05-21,4723,2021-01-04,2021-01-29,spx_eod_202101.txt
2021-05-28,2894,2021-01-04,2021-01-29,spx_eod_202101.txt
2021-06-18,6888,2021-01-04,2021-01-29,spx_eod_202101.txt
2021-06-30,5292,2021-01-04,2021-01-29,spx_eod_202101.txt
2021-07-16,2337,2021-01-14,2021-01-29,spx_eod_202101.txt
2021-09-17,2461,2021-01-04,2021-01-29,spx_eod_202101.txt
2021-09-30,2210,2021-01-04,2021-01-29,spx_eod_202101.txt
2021-12-17,3051,2021-01-04,2021-01-29,spx_eod_202101.txt
2021-12-31,2218,2021-01-04,2021-01-29,spx_eod_202101.txt
2022-01-21,2274,2021-01-04,2021-01-29,spx_eod_202101.txt
2022-03-18,2312,2021-01-04,2021-01-29,spx_eod_202101.txt
2022-06-17,2521,2021-01-04,2021-01-29,spx_eod_202101.txt
2022-12-16,2958,2021-01-04,2021-01-29,spx_eod_202101.txt
2023-12-15,2445,2021-01-04,2021-01-29,spx_eod_202101.txt
2021-02-01,215,2021-02-01,2021-02-01,spx_eod_202102.txt
2021-02-03,660,2021-02-01,2021-02-03,spx_eod_202102.txt
2021-02-05,1425,2021-02-01,2021-02-05,spx_eod_202102.txt
2021-02-08,1286,2021-02-01,2021-02-08,spx_eod_202102.txt
2021-02-10,1743,2021-02-01,2021-02-10,spx_eod_202102.txt
2021-02-12,2880,2021-02-01,2021-02-12,spx_eod_202102.txt
2021-02-16,2277,2021-02-01,2021-02-16,spx_eod_202102.txt
2021-02-17,2461,2021-02-01,2021-02-17,spx_eod_202102.txt
2021-02-19,5372,2021-02-01,2021-02-19,spx_eod_202102.txt
2021-02-22,2964,2021-02-01,2021-02-22,spx_eod_202102.txt
2021-02-24,3400,2021-02-01,2021-02-24,spx_eod_202102.txt
2021-02-26,5245,2021-02-01,2021-02-25,spx_eod_202102.txt
2021-03-01,3299,2021-02-01,2021-02-25,spx_eod_202102.txt
2021-03-03,3070,2021-02-02,2021-02-25,spx_eod_202102.txt
2021-03-05,4850,2021-02-01,2021-02-25,spx_eod_202102.txt
2021-03-08,2288,2021-02-05,2021-02-25,spx_eod_202102.txt
2021-03-10,1971,2021-02-09,2021-02-25,spx_eod_202102.txt
2021-03-12,5305,2021-02-01,2021-02-25,spx_eod_202102.txt
2021-03-15,1378,2021-02-12,2021-02-25,spx_eod_202102.txt
2021-03-17,1260,2021-02-16,2021-02-25,spx_eod_202102.txt
2021-03-19,8266,2021-02-01,2021-02-25,spx_eod_202102.txt
2021-03-22,721,2021-02-19,2021-02-25,spx_eod_202102.txt
2021-03-24,413,2021-02-23,2021-02-25,spx_eod_202102.txt
2021-03-26,3799,2021-02-01,2021-02-25,spx_eod_202102.txt
2021-03-31,6905,2021-02-01,2021-02-25,spx_eod_202102.txt
2021-04-01,2818,2021-02-04,2021-02-25,spx_eod_202102.txt
2021-04-09,1506,2021-02-11,2021-02-25,spx_eod_202102.txt
2021-04-16,5161,2021-02-01,2021-02-25,spx_eod_202102.txt
2021-04-30,4874,2021-02-01,2021-02-25,spx_eod_202102.txt
2021-05-21,4742,2021-02-01,2021-02-25,spx_eod_202102.txt
2021-05-28,3146,2021-02-01,2021-02-25,spx_eod_202102.txt
2021-06-18,6740,2021-02-01,2021-02-25,spx_eod_202102.txt
2021-06-30,5375,2021-02-01,2021-02-25,spx_eod_202102.txt
2021-07-16,4464,2021-02-01,2021-02-25,spx_eod_202102.txt
2021-07-30,2783,2021-02-01,2021-02-25,spx_eod_202102.txt
2021-08-20,1056,2021-02-18,2021-02-25,spx_eod_202102.txt
2021-09-17,2423,2021-02-01,2021-02-25,spx_eod_202102.txt
2021-09-30,2169,2021-02-01,2021-02-25,spx_eod_202102.txt
2021-12-17,2941,2021-02-01,2021-02-25,spx_eod_202102.txt
2021-12-31,2126,2021-02-01,2021-02-25,spx_eod_202102.txt
2022-01-21,2233,2021-02-01,2021-02-25,spx_eod_202102.txt
2022-03-18,2269,2021-02-01,2021-02-25,spx_eod_202102.txt
2022-06-17,2467,2021-02-01,2021-02-25,spx_eod_202102.txt
2022-12-16,2881,2021-02-01,2021-02-25,spx_eod_202102.txt
2023-12-15,2395,2021-02-01,2021-02-25,spx_eod_202102.txt
2021-03-01,216,2021-03-01,2021-03-01,spx_eod_202103.txt
2021-03-03,660,2021-03-01,2021-03-03,spx_eod_202103.txt
2021-03-05,1450,2021-03-01,2021-03-05,spx_eod_202103.txt
2021-03-08,1272,2021-03-01,2021-03-08,spx_eod_202103.txt
2021-03-10,1736,2021-03-01,2021-03-10,spx_eod_202103.txt
2021-03-12,3240,2021-03-01,2021-03-12,spx_eod_202103.txt
2021-03-15,2242,2021-03-01,2021-03-15,spx_eod_202103.txt
2021-03-17,2673,2021-03-01,2021-03-17,spx_eod_202103.txt
2021-03-19,7005,2021-03-01,2021-03-19,spx_eod_202103.txt
2021-03-22,3140,2021-03-01,2021-03-22,spx_eod_202103.txt
2021-03-24,3562,2021-03-01,2021-03-24,spx_eod_202103.txt
2021-03-26,5668,2021-03-01,2021-03-26,spx_eod_202103.txt
2021-03-29,3892,2021-03-01,2021-03-29,spx_eod_202103.txt
2021-03-31,9100,2021-03-01,2021-03-31,spx_eod_202103.txt
2021-04-01,6088,2021-03-01,2021-03-31,spx_eod_202103.txt
2021-04-05,3402,2021-03-05,2021-03-31,spx_eod_202103.txt
2021-04-07,3212,2021-03-09,2021-03-31,spx_eod_202103.txt
2021-04-09,5271,2021-03-01,2021-03-31,spx_eod_202103.txt
2021-04-12,2318,2021-03-12,2021-03-31,spx_eod_202103.txt
2021-04-14,2153,2021-03-16,2021-03-31,spx_eod_202103.txt
2021-04-16,8550,2021-03-01,2021-03-31,spx_eod_202103.txt
2021-04-19,1401,2021-03-19,2021-03-31,spx_eod_202103.txt
2021-04-21,1209,2021-03-23,2021-03-31,spx_eod_202103.txt
2021-04-23,4118,2021-03-04,2021-03-31,spx_eod_202103.txt
2021-04-26,546,2021-03-26,2021-03-31,spx_eod_202103.txt
2021-04-28,332,2021-03-30,2021-03-31,spx_eod_202103.txt
2021-04-30,6708,2021-03-01,2021-03-31,spx_eod_202103.txt
2021-05-07,2523,2021-03-11,2021-03-31,spx_eod_202103.txt
2021-05-14,770,2021-03-25,2021-03-31,spx_eod_202103.txt
2021-05-21,6940,2021-03-01,2021-03-31,spx_eod_202103.txt
2021-05-28,6493,2021-03-01,2021-03-31,spx_eod_202103.txt
2021-06-18,8777,2021-03-01,2021-03-31,spx_eod_202103.txt
2021-06-30,7168,2021-03-01,2021-03-31,spx_eod_202103.txt
2021-07-16,5961,2021-03-01,2021-03-31,spx_eod_202103.txt
2021-07-30,3752,2021-03-01,2021-03-31,spx_eod_202103.txt
2021-08-20,5844,2021-03-01,2021-03-31,spx_eod_202103.txt
2021-08-31,3495,2021-03-01,2021-03-31,spx_eod_202103.txt
2021-09-17,4189,2021-03-01,2021-03-31,spx_eod_202103.txt
2021-09-30,2831,2021-03-01,2021-03-31,spx_eod_202103.txt
2021-10-15,1544,2021-03-15,2021-03-31,spx_eod_202103.txt
2021-11-19,1482,2021-03-15,2021-03-31,spx_eod_202103.txt
2021-12-17,3796,2021-03-01,2021-03-31,spx_eod_202103.txt
2021-12-31,2749,2021-03-01,2021-03-31,spx_eod_202103.txt
2022-01-21,2911,2021-03-01,2021-03-31,spx_eod_202103.txt
2022-02-18,1482,2021-03-15,2021-03-31,spx_eod_202103.txt
2022-03-18,2957,2021-03-01,2021-03-31,spx_eod_202103.txt
2022-03-31,995,2021-03-22,2021-03-31,spx_eod_202103.txt
2022-04-14,1160,2021-03-18,2021-03-31,spx_eod_202103.txt
2022-06-17,3210,2021-03-01,2021-03-31,spx_eod_202103.txt
2022-12-16,3739,2021-03-01,2021-03-31,spx_eod_202103.txt
2023-12-15,3118,2021-03-01,2021-03-31,spx_eod_202103.txt
2021-04-01,282,2021-04-01,2021-04-01,spx_eod_202104.txt
2021-04-05,434,2021-04-01,2021-04-05,spx_eod_202104.txt
2021-04-07,918,2021-04-01,2021-04-07,spx_eod_202104.txt
2021-04-09,1773,2021-04-01,2021-04-09,spx_eod_202104.txt
2021-04-12,1527,2021-04-01,2021-04-12,spx_eod_202104.txt
2021-04-14,2126,2021-04-01,2021-04-14,spx_eod_202104.txt
2021-04-16,4241,2021-04-01,2021-04-16,spx_eod_202104.txt
2021-04-19,2540,2021-04-01,2021-04-19,spx_eod_202104.txt
2021-04-21,3049,2021-04-01,2021-04-21,spx_eod_202104.txt
2021-04-23,4798,2021-04-01,2021-04-23,spx_eod_202104.txt
2021-04-26,3490,2021-04-01,2021-04-26,spx_eod_202104.txt
2021-04-28,3953,2021-04-01,2021-04-28,spx_eod_202104.txt
2021-04-30,6872,2021-04-01,2021-04-30,spx_eod_202104.txt
2021-05-03,3940,2021-04-01,2021-04-30,spx_eod_202104.txt
2021-05-05,3569,2021-04-06,2021-04-30,spx_eod_202104.txt
2021-05-07,5921,2021-04-01,2021-04-30,spx_eod_202104.txt
2021-05-10,2818,2021-04-09,2021-04-30,spx_eod_202104.txt
2021-05-12,2498,2021-04-13,2021-04-30,spx_eod_202104.txt
2021-05-14,5252,2021-04-01,2021-04-30,spx_eod_202104.txt
2021-05-17,1791,2021-04-16,2021-04-30,spx_eod_202104.txt
2021-05-19,1502,2021-04-20,2021-04-30,spx_eod_202104.txt
2021-05-21,8032,2021-04-01,2021-04-30,spx_eod_202104.txt
2021-05-24,919,2021-04-23,2021-04-30,spx_eod_202104.txt
2021-05-26,614,2021-04-27,2021-04-30,spx_eod_202104.txt
2021-05-28,6702,2021-04-01,2021-04-30,spx_eod_202104.txt
2021-06-01,112,2021-04-30,2021-04-30,spx_eod_202104.txt
2021-06-04,4566,2021-04-01,2021-04-30,spx_eod_202104.txt
2021-06-11,3146,2021-04-08,2021-04-30,spx_eod_202104.txt
2021-06-18,9117,2021-04-01,2021-04-30,spx_eod_202104.txt
2021-06-25,1120,2021-04-22,2021-04-30,spx_eod_202104.txt
2021-06-30,7361,2021-04-01,2021-04-30,spx_eod_202104.txt
2021-07-16,5978,2021-04-01,2021-04-30,spx_eod_202104.txt
2021-07-30,4271,2021-04-01,2021-04-30,spx_eod_202104.txt
2021-08-20,5852,2021-04-01,2021-04-30,spx_eod_202104.txt
2021-08-31,3738,2021-04-01,2021-04-30,spx_eod_202104.txt
2021-09-17,6125,2021-04-01,2021-04-30,spx_eod_202104.txt
2021-09-30,6437,2021-04-01,2021-04-30,spx_eod_202104.txt
2021-10-15,4028,2021-04-01,2021-04-30,spx_eod_202104.txt
2021-11-19,2655,2021-04-01,2021-04-30,spx_eod_202104.txt
2021-12-17,3580,2021-04-01,2021-04-30,spx_eod_202104.txt
2021-12-31,2634,2021-04-01,2021-04-30,spx_eod_202104.txt
2022-01-21,2842,2021-04-01,2021-04-30,spx_eod_202104.txt
2022-02-18,2655,2021-04-01,2021-04-30,spx_eod_202104.txt
2022-03-18,2838,2021-04-01,2021-04-30,spx_eod_202104.txt
2022-03-31,2687,2021-04-01,2021-04-30,spx_eod_202104.txt
2022-04-14,2837,2021-04-01,2021-04-30,spx_eod_202104.txt
2022-05-20,1602,2021-04-15,2021-04-30,spx_eod_202104.txt
2022-06-17,3138,2021-04-01,2021-04-30,spx_eod_202104.txt
2022-12-16,3621,2021-04-01,2021-04-30,spx_eod_202104.txt
2023-12-15,3054,2021-04-01,2021-04-30,spx_eod_202104.txt
2021-05-03,217,2021-05-03,2021-05-03,spx_eod_202105.txt
2021-05-05,654,2021-05-03,2021-05-05,spx_eod_202105.txt
2021-05-07,1500,2021-05-03,2021-05-07,spx_eod_202105.txt
2021-05-10,1262,2021-05-03,2021-05-10,spx_eod_202105.txt
2021-05-12,1739,2021-05-03,2021-05-12,spx_eod_202105.txt
2021-05-14,2870,2021-05-03,2021-05-14,spx_eod_202105.txt
2021-05-17,2160,2021-05-03,2021-05-17,spx_eod_202105.txt
2021-05-19,2620,2021-05-03,2021-05-19,spx_eod_202105.txt
2021-05-21,5875,2021-05-03,2021-05-21,spx_eod_202105.txt
2021-05-24,3135,2021-05-03,2021-05-24,spx_eod_202105.txt
2021-05-26,3332,2021-05-03,2021-05-26,spx_eod_202105.txt
2021-05-28,6770,2021-05-03,2021-05-28,spx_eod_202105.txt
2021-06-01,3295,2021-05-03,2021-05-28,spx_eod_202105.txt
2021-06-02,3160,2021-05-04,2021-05-28,spx_eod_202105.txt
2021-06-04,5455,2021-05-03,2021-05-28,spx_eod_202105.txt
2021-06-07,2657,2021-05-07,2021-05-28,spx_eod_202105.txt
2021-06-09,1623,2021-05-11,2021-05-28,spx_eod_202105.txt
2021-06-11,4844,2021-05-03,2021-05-28,spx_eod_202105.txt
2021-06-14,1226,2021-05-14,2021-05-28,spx_eod_202105.txt
2021-06-16,990,2021-05-18,2021-05-28,spx_eod_202105.txt
2021-06-18,8915,2021-05-03,2021-05-28,spx_eod_202105.txt
2021-06-21,666,2021-05-21,2021-05-28,spx_eod_202105.txt
2021-06-23,448,2021-05-25,2021-05-28,spx_eod_202105.txt
2021-06-25,4280,2021-05-03,2021-05-28,spx_eod_202105.txt
2021-06-28,112,2021-05-28,2021-05-28,spx_eod_202105.txt
2021-06-30,7240,2021-05-03,2021-05-28,spx_eod_202105.txt
2021-07-02,2516,2021-05-06,2021-05-28,spx_eod_202105.txt
2021-07-09,1716,2021-05-13,2021-05-28,spx_eod_202105.txt
2021-07-16,5840,2021-05-03,2021-05-28,spx_eod_202105.txt
2021-07-30,6140,2021-05-03,2021-05-28,spx_eod_202105.txt
2021-08-20,5720,2021-05-03,2021-05-28,spx_eod_202105.txt
2021-08-31,4438,2021-05-03,2021-05-28,spx_eod_202105.txt
2021-09-17,5980,2021-05-03,2021-05-28,spx_eod_202105.txt
2021-09-30,6360,2021-05-03,2021-05-28,spx_eod_202105.txt
2021-10-15,5300,2021-05-03,2021-05-28,spx_eod_202105.txt
2021-10-29,4480,2021-05-03,2021-05-28,spx_eod_202105.txt
2021-11-19,2580,2021-05-03,2021-05-28,spx_eod_202105.txt
2021-12-17,3460,2021-05-03,2021-05-28,spx_eod_202105.txt
2021-12-31,2540,2021-05-03,2021-05-28,spx_eod_202105.txt
2022-01-21,2840,2021-05-03,2021-05-28,spx_eod_202105.txt
2022-02-18,2580,2021-05-03,2021-05-28,spx_eod_202105.txt
2022-03-18,2792,2021-05-03,2021-05-28,spx_eod_202105.txt
2022-03-31,2580,2021-05-03,2021-05-28,spx_eod_202105.txt
2022-04-14,2760,2021-05-03,2021-05-28,spx_eod_202105.txt
2022-05-20,2720,2021-05-03,2021-05-28,spx_eod_202105.txt
2022-06-17,3040,2021-05-03,2021-05-28,spx_eod_202105.txt
2022-12-16,3500,2021-05-03,2021-05-28,spx_eod_202105.txt
2023-12-15,2960,2021-05-03,2021-05-28,spx_eod_202105.txt
2021-06-01,184,2021-06-01,2021-06-01,spx_eod_202106.txt
2021-06-02,364,2021-06-01,2021-06-02,spx_eod_202106.txt
2021-06-04,1128,2021-06-01,2021-06-04,spx_eod_202106.txt
2021-06-07,1034,2021-06-01,2021-06-07,spx_eod_202106.txt
2021-06-09,1334,2021-06-01,2021-06-09,spx_eod_202106.txt
2021-06-11,2205,2021-06-01,2021-06-11,spx_eod_202106.txt
2021-06-14,2033,2021-06-01,2021-06-14,spx_eod_202106.txt
2021-06-16,2415,2021-06-01,2021-06-16,spx_eod_202106.txt
2021-06-18,6253,2021-06-01,2021-06-18,spx_eod_202106.txt
2021-06-21,2511,2021-06-01,2021-06-21,spx_eod_202106.txt
2021-06-23,2970,2021-06-01,2021-06-23,spx_eod_202106.txt
2021-06-25,4850,2021-06-01,2021-06-25,spx_eod_202106.txt
2021-06-28,3132,2021-06-01,2021-06-28,spx_eod_202106.txt
2021-06-30,8110,2021-06-01,2021-06-30,spx_eod_202106.txt
2021-07-02,4653,2021-06-01,2021-06-30,spx_eod_202106.txt
2021-07-06,2880,2021-06-04,2021-06-30,spx_eod_202106.txt
2021-07-07,3613,2021-06-01,2021-06-30,spx_eod_202106.txt
2021-07-09,4190,2021-06-01,2021-06-30,spx_eod_202106.txt
2021-07-12,2322,2021-06-11,2021-06-30,spx_eod_202106.txt
2021-07-14,2094,2021-06-15,2021-06-30,spx_eod_202106.txt
2021-07-16,7139,2021-06-01,2021-06-30,spx_eod_202106.txt
2021-07-19,1185,2021-06-22,2021-06-30,spx_eod_202106.txt
2021-07-21,1708,2021-06-17,2021-06-30,spx_eod_202106.txt
2021-07-23,3864,2021-06-03,2021-06-30,spx_eod_202106.txt
2021-07-26,609,2021-06-25,2021-06-30,spx_eod_202106.txt
2021-07-28,558,2021-06-25,2021-06-30,spx_eod_202106.txt
2021-07-30,6925,2021-06-01,2021-06-30,spx_eod_202106.txt
2021-08-06,2532,2021-06-10,2021-06-30,spx_eod_202106.txt
2021-08-13,755,2021-06-24,2021-06-30,spx_eod_202106.txt
2021-08-20,6377,2021-06-01,2021-06-30,spx_eod_202106.txt
2021-08-31,6943,2021-06-01,2021-06-30,spx_eod_202106.txt
2021-09-17,7727,2021-06-01,2021-06-30,spx_eod_202106.txt
2021-09-30,7277,2021-06-01,2021-06-30,spx_eod_202106.txt
2021-10-15,5915,2021-06-01,2021-06-30,spx_eod_202106.txt
2021-10-29,4985,2021-06-01,2021-06-30,spx_eod_202106.txt
2021-11-19,3654,2021-06-01,2021-06-30,spx_eod_202106.txt
2021-11-30,5005,2021-06-01,2021-06-30,spx_eod_202106.txt
2021-12-17,3806,2021-06-01,2021-06-30,spx_eod_202106.txt
2021-12-31,4777,2021-06-01,2021-06-30,spx_eod_202106.txt
2022-01-21,3124,2021-06-01,2021-06-30,spx_eod_202106.txt
2022-02-18,2878,2021-06-01,2021-06-30,spx_eod_202106.txt
2022-03-18,3102,2021-06-01,2021-06-30,spx_eod_202106.txt
2022-03-31,2881,2021-06-01,2021-06-30,spx_eod_202106.txt
2022-04-14,3036,2021-06-01,2021-06-30,spx_eod_202106.txt
2022-05-20,2992,2021-06-01,2021-06-30,spx_eod_202106.txt
2022-06-17,3344,2021-06-01,2021-06-30,spx_eod_202106.txt
2022-07-15,1134,2021-06-18,2021-06-30,spx_eod_202106.txt
2022-09-16,1270,2021-06-17,2021-06-30,spx_eod_202106.txt
2022-12-16,3850,2021-06-01,2021-06-30,spx_eod_202106.txt
2023-01-20,1241,2021-06-08,2021-06-30,spx_eod_202106.txt
2023-06-16,1270,2021-06-17,2021-06-30,spx_eod_202106.txt
2023-12-15,3256,2021-06-01,2021-06-30,spx_eod_202106.txt
2021-07-02,592,2021-07-01,2021-07-02,spx_eod_202107.txt
2021-07-06,666,2021-07-01,2021-07-06,spx_eod_202107.txt
2021-07-07,936,2021-07-01,2021-07-07,spx_eod_202107.txt
2021-07-09,1744,2021-07-01,2021-07-09,spx_eod_202107.txt
2021-07-12,1620,2021-07-01,2021-07-12,spx_eod_202107.txt
2021-07-14,2094,2021-07-01,2021-07-14,spx_eod_202107.txt
2021-07-16,4423,2021-07-01,2021-07-16,spx_eod_202107.txt
2021-07-19,2608,2021-07-01,2021-07-19,spx_eod_202107.txt
2021-07-21,3027,2021-07-01,2021-07-21,spx_eod_202107.txt
2021-07-23,4555,2021-07-01,2021-07-23,spx_eod_202107.txt
2021-07-26,3496,2021-07-01,2021-07-26,spx_eod_202107.txt
2021-07-28,3788,2021-07-01,2021-07-28,spx_eod_202107.txt
2021-07-30,7217,2021-07-01,2021-07-30,spx_eod_202107.txt
2021-08-02,3910,2021-07-02,2021-07-30,spx_eod_202107.txt
2021-08-04,3293,2021-07-06,2021-07-30,spx_eod_202107.txt
2021-08-06,5787,2021-07-01,2021-07-30,spx_eod_202107.txt
2021-08-09,2943,2021-07-09,2021-07-30,spx_eod_202107.txt
2021-08-11,2204,2021-07-13,2021-07-30,spx_eod_202107.txt
2021-08-13,4664,2021-07-01,2021-07-30,spx_eod_202107.txt
2021-08-16,1841,2021-07-16,2021-07-30,spx_eod_202107.txt
2021-08-18,1359,2021-07-20,2021-07-30,spx_eod_202107.txt
2021-08-20,7605,2021-07-01,2021-07-30,spx_eod_202107.txt
2021-08-23,1002,2021-07-23,2021-07-30,spx_eod_202107.txt
2021-08-25,472,2021-07-27,2021-07-30,spx_eod_202107.txt
2021-08-27,4393,2021-07-01,2021-07-30,spx_eod_202107.txt
2021-08-30,119,2021-07-30,2021-07-30,spx_eod_202107.txt
2021-08-31,7217,2021-07-01,2021-07-30,spx_eod_202107.txt
2021-09-03,3105,2021-07-08,2021-07-30,spx_eod_202107.txt
2021-09-10,1083,2021-07-22,2021-07-30,spx_eod_202107.txt
2021-09-17,8375,2021-07-01,2021-07-30,spx_eod_202107.txt
2021-09-24,310,2021-07-29,2021-07-30,spx_eod_202107.txt
2021-09-30,7679,2021-07-01,2021-07-30,spx_eod_202107.txt
2021-10-15,5972,2021-07-01,2021-07-30,spx_eod_202107.txt
2021-10-29,5381,2021-07-01,2021-07-30,spx_eod_202107.txt
2021-11-19,5173,2021-07-01,2021-07-30,spx_eod_202107.txt
2021-11-30,5124,2021-07-01,2021-07-30,spx_eod_202107.txt
2021-12-17,4305,2021-07-01,2021-07-30,spx_eod_202107.txt
2021-12-31,7224,2021-07-01,2021-07-30,spx_eod_202107.txt
2022-01-21,3654,2021-07-01,2021-07-30,spx_eod_202107.txt
2022-02-18,2817,2021-07-01,2021-07-30,spx_eod_202107.txt
2022-03-18,2961,2021-07-01,2021-07-30,spx_eod_202107.txt
2022-03-31,2832,2021-07-01,2021-07-30,spx_eod_202107.txt
2022-04-14,2898,2021-07-01,2021-07-30,spx_eod_202107.txt
2022-05-20,2856,2021-07-01,2021-07-30,spx_eod_202107.txt
2022-06-17,3240,2021-07-01,2021-07-30,spx_eod_202107.txt
2022-06-30,2307,2021-07-01,2021-07-30,spx_eod_202107.txt
2022-07-15,2676,2021-07-01,2021-07-30,spx_eod_202107.txt
2022-08-19,1572,2021-07-15,2021-07-30,spx_eod_202107.txt
2022-09-16,2667,2021-07-01,2021-07-30,spx_eod_202107.txt
2022-12-16,3759,2021-07-01,2021-07-30,spx_eod_202107.txt
2023-01-20,1533,2021-07-01,2021-07-30,spx_eod_202107.txt
2023-06-16,2667,2021-07-01,2021-07-30,spx_eod_202107.txt
2023-12-15,3156,2021-07-01,2021-07-30,spx_eod_202107.txt
2021-08-02,229,2021-08-02,2021-08-02,spx_eod_202108.txt
2021-08-04,690,2021-08-02,2021-08-04,spx_eod_202108.txt
2021-08-06,1525,2021-08-02,2021-08-06,spx_eod_202108.txt
2021-08-09,1162,2021-08-02,2021-08-06,spx_eod_202108.txt
2021-08-11,1617,2021-08-02,2021-08-11,spx_eod_202108.txt
2021-08-13,2690,2021-08-02,2021-08-13,spx_eod_202108.txt
2021-08-16,2333,2021-08-02,2021-08-16,spx_eod_202108.txt
2021-08-18,2769,2021-08-02,2021-08-18,spx_eod_202108.txt
2021-08-20,5776,2021-08-02,2021-08-20,spx_eod_202108.txt
2021-08-23,3257,2021-08-02,2021-08-23,spx_eod_202108.txt
2021-08-25,3635,2021-08-02,2021-08-25,spx_eod_202108.txt
2021-08-27,5526,2021-08-02,2021-08-27,spx_eod_202108.txt
2021-08-30,4157,2021-08-02,2021-08-30,spx_eod_202108.txt
2021-08-31,7371,2021-08-02,2021-08-30,spx_eod_202108.txt
2021-09-01,3879,2021-08-03,2021-08-30,spx_eod_202108.txt
2021-09-03,5595,2021-08-02,2021-08-30,spx_eod_202108.txt
2021-09-07,3194,2021-08-06,2021-08-30,spx_eod_202108.txt
2021-09-08,2788,2021-08-10,2021-08-30,spx_eod_202108.txt
2021-09-10,4683,2021-08-02,2021-08-30,spx_eod_202108.txt
2021-09-13,2149,2021-08-13,2021-08-30,spx_eod_202108.txt
2021-09-15,1659,2021-08-17,2021-08-30,spx_eod_202108.txt
2021-09-17,8577,2021-08-02,2021-08-30,spx_eod_202108.txt
2021-09-20,1205,2021-08-20,2021-08-30,spx_eod_202108.txt
2021-09-22,827,2021-08-24,2021-08-30,spx_eod_202108.txt
2021-09-24,4217,2021-08-02,2021-08-30,spx_eod_202108.txt
2021-09-27,236,2021-08-27,2021-08-30,spx_eod_202108.txt
2021-09-30,7811,2021-08-02,2021-08-30,spx_eod_202108.txt
2021-10-01,2268,2021-08-12,2021-08-30,spx_eod_202108.txt
2021-10-08,482,2021-08-26,2021-08-30,spx_eod_202108.txt
2021-10-15,6606,2021-08-02,2021-08-30,spx_eod_202108.txt
2021-10-29,6911,2021-08-02,2021-08-30,spx_eod_202108.txt
2021-11-19,5327,2021-08-02,2021-08-30,spx_eod_202108.txt
2021-11-30,5693,2021-08-02,2021-08-30,spx_eod_202108.txt
2021-12-17,5946,2021-08-02,2021-08-30,spx_eod_202108.txt
2021-12-31,7431,2021-08-02,2021-08-30,spx_eod_202108.txt
2022-01-21,5326,2021-08-02,2021-08-30,spx_eod_202108.txt
2022-01-31,4855,2021-08-02,2021-08-30,spx_eod_202108.txt
2022-02-18,3605,2021-08-02,2021-08-30,spx_eod_202108.txt
2022-03-18,2897,2021-08-02,2021-08-30,spx_eod_202108.txt
2022-03-31,2815,2021-08-02,2021-08-30,spx_eod_202108.txt
2022-04-14,2760,2021-08-02,2021-08-30,spx_eod_202108.txt
2022-05-20,2780,2021-08-02,2021-08-30,spx_eod_202108.txt
2022-06-17,3338,2021-08-02,2021-08-30,spx_eod_202108.txt
2022-06-30,2316,2021-08-02,2021-08-30,spx_eod_202108.txt
2022-07-15,2702,2021-08-02,2021-08-30,spx_eod_202108.txt
2022-08-19,2664,2021-08-02,2021-08-30,spx_eod_202108.txt
2022-09-16,2698,2021-08-02,2021-08-30,spx_eod_202108.txt
2022-12-16,3781,2021-08-02,2021-08-30,spx_eod_202108.txt
2023-01-20,1460,2021-08-02,2021-08-30,spx_eod_202108.txt
2023-06-16,2540,2021-08-02,2021-08-30,spx_eod_202108.txt
2023-12-15,3120,2021-08-02,2021-08-30,spx_eod_202108.txt
2021-09-01,246,2021-09-01,2021-09-01,spx_eod_202109.txt
2021-09-03,951,2021-09-01,2021-09-03,spx_eod_202109.txt
2021-09-07,739,2021-09-01,2021-09-03,spx_eod_202109.txt
2021-09-08,958,2021-09-01,2021-09-08,spx_eod_202109.txt
2021-09-10,1543,2021-09-01,2021-09-10,spx_eod_202109.txt
2021-09-13,1412,2021-09-01,2021-09-13,spx_eod_202109.txt
2021-09-15,1665,2021-09-01,2021-09-14,spx_eod_202109.txt
2021-09-17,4001,2021-09-01,2021-09-17,spx_eod_202109.txt
2021-09-20,2268,2021-09-01,2021-09-20,spx_eod_202109.txt
2021-09-22,2739,2021-09-01,2021-09-22,spx_eod_202109.txt
2021-09-24,4264,2021-09-01,2021-09-24,spx_eod_202109.txt
2021-09-27,3297,2021-09-01,2021-09-27,spx_eod_202109.txt
2021-09-29,3683,2021-09-01,2021-09-29,spx_eod_202109.txt
2021-09-30,7270,2021-09-01,2021-09-30,spx_eod_202109.txt
2021-10-01,5263,2021-09-01,2021-09-30,spx_eod_202109.txt
2021-10-04,3389,2021-09-03,2021-09-30,spx_eod_202109.txt
2021-10-06,3152,2021-09-08,2021-09-30,spx_eod_202109.txt
2021-10-08,4604,2021-09-01,2021-09-30,spx_eod_202109.txt
2021-10-11,2719,2021-09-10,2021-09-30,spx_eod_202109.txt
2021-10-13,2166,2021-09-14,2021-09-30,spx_eod_202109.txt
2021-10-15,7240,2021-09-01,2021-09-30,spx_eod_202109.txt
2021-10-18,1713,2021-09-17,2021-09-30,spx_eod_202109.txt
2021-10-20,1313,2021-09-21,2021-09-30,spx_eod_202109.txt
2021-10-22,3938,2021-09-02,2021-09-30,spx_eod_202109.txt
2021-10-25,773,2021-09-24,2021-09-30,spx_eod_202109.txt
2021-10-27,407,2021-09-28,2021-09-30,spx_eod_202109.txt
2021-10-29,6476,2021-09-01,2021-09-30,spx_eod_202109.txt
2021-11-05,2611,2021-09-10,2021-09-30,spx_eod_202109.txt
2021-11-12,951,2021-09-23,2021-09-30,spx_eod_202109.txt
2021-11-19,5942,2021-09-01,2021-09-30,spx_eod_202109.txt
2021-11-26,153,2021-09-30,2021-09-30,spx_eod_202109.txt
2021-11-30,6519,2021-09-01,2021-09-30,spx_eod_202109.txt
2021-12-17,6640,2021-09-01,2021-09-30,spx_eod_202109.txt
2021-12-31,6928,2021-09-01,2021-09-30,spx_eod_202109.txt
2022-01-21,4974,2021-09-01,2021-09-30,spx_eod_202109.txt
2022-01-31,4584,2021-09-01,2021-09-30,spx_eod_202109.txt
2022-02-18,4738,2021-09-01,2021-09-30,spx_eod_202109.txt
2022-02-28,4505,2021-09-01,2021-09-30,spx_eod_202109.txt
2022-03-18,3794,2021-09-01,2021-09-30,spx_eod_202109.txt
2022-03-31,2574,2021-09-01,2021-09-30,spx_eod_202109.txt
2022-04-14,2565,2021-09-01,2021-09-30,spx_eod_202109.txt
2022-05-20,2520,2021-09-01,2021-09-30,spx_eod_202109.txt
2022-06-17,3042,2021-09-01,2021-09-30,spx_eod_202109.txt
2022-06-30,2142,2021-09-01,2021-09-30,spx_eod_202109.txt
2022-07-15,2484,2021-09-01,2021-09-30,spx_eod_202109.txt
2022-08-19,2448,2021-09-01,2021-09-30,spx_eod_202109.txt
2022-09-16,2484,2021-09-01,2021-09-30,spx_eod_202109.txt
2022-10-21,1419,2021-09-16,2021-09-30,spx_eod_202109.txt
2022-12-16,3438,2021-09-01,2021-09-30,spx_eod_202109.txt
2023-01-20,1314,2021-09-01,2021-09-30,spx_eod_202109.txt
2023-06-16,2286,2021-09-01,2021-09-30,spx_eod_202109.txt
2023-12-15,2808,2021-09-01,2021-09-30,spx_eod_202109.txt
2021-10-01,314,2021-10-01,2021-10-01,spx_eod_202110.txt
2021-10-04,496,2021-10-01,2021-10-04,spx_eod_202110.txt
2021-10-06,1022,2021-10-01,2021-10-06,spx_eod_202110.txt
2021-10-08,1896,2021-10-01,2021-10-08,spx_eod_202110.txt
2021-10-11,1783,2021-10-01,2021-10-11,spx_eod_202110.txt
2021-10-13,2151,2021-10-01,2021-10-13,spx_eod_202110.txt
2021-10-15,4477,2021-10-01,2021-10-15,spx_eod_202110.txt
2021-10-18,2840,2021-10-01,2021-10-18,spx_eod_202110.txt
2021-10-20,3200,2021-10-01,2021-10-20,spx_eod_202110.txt
2021-10-22,4929,2021-10-01,2021-10-22,spx_eod_202110.txt
2021-10-25,3895,2021-10-01,2021-10-25,spx_eod_202110.txt
2021-10-27,4246,2021-10-01,2021-10-27,spx_eod_202110.txt
2021-10-29,7677,2021-10-01,2021-10-29,spx_eod_202110.txt
2021-11-01,4389,2021-10-01,2021-10-29,spx_eod_202110.txt
2021-11-03,3812,2021-10-05,2021-10-29,spx_eod_202110.txt
2021-11-05,6366,2021-10-01,2021-10-29,spx_eod_202110.txt
2021-11-08,3230,2021-10-08,2021-10-29,spx_eod_202110.txt
2021-11-10,2801,2021-10-12,2021-10-29,spx_eod_202110.txt
2021-11-12,5557,2021-10-01,2021-10-29,spx_eod_202110.txt
2021-11-15,2000,2021-10-15,2021-10-29,spx_eod_202110.txt
2021-11-17,1507,2021-10-19,2021-10-29,spx_eod_202110.txt
2021-11-19,7821,2021-10-01,2021-10-29,spx_eod_202110.txt
2021-11-22,1023,2021-10-22,2021-10-29,spx_eod_202110.txt
2021-11-24,662,2021-10-26,2021-10-29,spx_eod_202110.txt
2021-11-26,4941,2021-10-01,2021-10-29,spx_eod_202110.txt
2021-11-29,125,2021-10-29,2021-10-29,spx_eod_202110.txt
2021-11-30,7772,2021-10-01,2021-10-29,spx_eod_202110.txt
2021-12-03,3670,2021-10-07,2021-10-29,spx_eod_202110.txt
2021-12-10,1142,2021-10-21,2021-10-29,spx_eod_202110.txt
2021-12-17,8519,2021-10-01,2021-10-29,spx_eod_202110.txt
2021-12-23,324,2021-10-28,2021-10-29,spx_eod_202110.txt
2021-12-31,8118,2021-10-01,2021-10-29,spx_eod_202110.txt
2022-01-21,6861,2021-10-01,2021-10-29,spx_eod_202110.txt
2022-01-31,5903,2021-10-01,2021-10-29,spx_eod_202110.txt
2022-02-18,6607,2021-10-01,2021-10-29,spx_eod_202110.txt
2022-02-28,5498,2021-10-01,2021-10-29,spx_eod_202110.txt
2022-03-18,5778,2021-10-01,2021-10-29,spx_eod_202110.txt
2022-03-31,7497,2021-10-01,2021-10-29,spx_eod_202110.txt
2022-04-14,4579,2021-10-01,2021-10-29,spx_eod_202110.txt
2022-05-20,3085,2021-10-01,2021-10-29,spx_eod_202110.txt
2022-06-17,3561,2021-10-01,2021-10-29,spx_eod_202110.txt
2022-06-30,2507,2021-10-01,2021-10-29,spx_eod_202110.txt
2022-07-15,2910,2021-10-01,2021-10-29,spx_eod_202110.txt
2022-08-19,2889,2021-10-01,2021-10-29,spx_eod_202110.txt
2022-09-16,2910,2021-10-01,2021-10-29,spx_eod_202110.txt
2022-09-30,2415,2021-10-01,2021-10-29,spx_eod_202110.txt
2022-10-21,2709,2021-10-01,2021-10-29,spx_eod_202110.txt
2022-11-18,1548,2021-10-14,2021-10-29,spx_eod_202110.txt
2022-12-16,4039,2021-10-01,2021-10-29,spx_eod_202110.txt
2023-01-20,1533,2021-10-01,2021-10-29,spx_eod_202110.txt
2023-06-16,2667,2021-10-01,2021-10-29,spx_eod_202110.txt
2023-12-15,3276,2021-10-01,2021-10-29,spx_eod_202110.txt
2021-11-01,254,2021-11-01,2021-11-01,spx_eod_202111.txt
2021-11-03,744,2021-11-01,2021-11-03,spx_eod_202111.txt
2021-11-05,1710,2021-11-01,2021-11-05,spx_eod_202111.txt
2021-11-08,1512,2021-11-01,2021-11-08,spx_eod_202111.txt
2021-11-10,2035,2021-11-01,2021-11-10,spx_eod_202111.txt
2021-11-12,3250,2021-11-01,2021-11-12,spx_eod_202111.txt
2021-11-15,2772,2021-11-01,2021-11-15,spx_eod_202111.txt
2021-11-17,3108,2021-11-01,2021-11-17,spx_eod_202111.txt
2021-11-19,5978,2021-11-01,2021-11-19,spx_eod_202111.txt
2021-11-22,3690,2021-11-01,2021-11-22,spx_eod_202111.txt
2021-11-24,4103,2021-11-01,2021-11-24,spx_eod_202111.txt
2021-11-26,6005,2021-11-01,2021-11-26,spx_eod_202111.txt
2021-11-29,4378,2021-11-01,2021-11-29,spx_eod_202111.txt
2021-11-30,8167,2021-11-01,2021-11-30,spx_eod_202111.txt
2021-12-01,4142,2021-11-02,2021-11-30,spx_eod_202111.txt
2021-12-03,6901,2021-11-01,2021-11-30,spx_eod_202111.txt
2021-12-06,3486,2021-11-05,2021-11-30,spx_eod_202111.txt
2021-12-08,3010,2021-11-09,2021-11-30,spx_eod_202111.txt
2021-12-10,5258,2021-11-01,2021-11-30,spx_eod_202111.txt
2021-12-13,2244,2021-11-12,2021-11-30,spx_eod_202111.txt
2021-12-15,1726,2021-11-16,2021-11-30,spx_eod_202111.txt
2021-12-17,9121,2021-11-01,2021-11-30,spx_eod_202111.txt
2021-12-20,1252,2021-11-19,2021-11-30,spx_eod_202111.txt
2021-12-22,884,2021-11-23,2021-11-30,spx_eod_202111.txt
2021-12-23,4649,2021-11-01,2021-11-30,spx_eod_202111.txt
2021-12-27,373,2021-11-26,2021-11-30,spx_eod_202111.txt
2021-12-29,125,2021-11-30,2021-11-30,spx_eod_202111.txt
2021-12-31,8539,2021-11-01,2021-11-30,spx_eod_202111.txt
2022-01-07,2455,2021-11-11,2021-11-30,spx_eod_202111.txt
2022-01-14,676,2021-11-24,2021-11-30,spx_eod_202111.txt
2022-01-21,8275,2021-11-01,2021-11-30,spx_eod_202111.txt
2022-01-31,7623,2021-11-01,2021-11-30,spx_eod_202111.txt
2022-02-18,7954,2021-11-01,2021-11-30,spx_eod_202111.txt
2022-02-28,6312,2021-11-01,2021-11-30,spx_eod_202111.txt
2022-03-18,6236,2021-11-01,2021-11-30,spx_eod_202111.txt
2022-03-31,8419,2021-11-01,2021-11-30,spx_eod_202111.txt
2022-04-14,5797,2021-11-01,2021-11-30,spx_eod_202111.txt
2022-04-29,5368,2021-11-01,2021-11-30,spx_eod_202111.txt
2022-05-20,4107,2021-11-01,2021-11-30,spx_eod_202111.txt
2022-06-17,3665,2021-11-01,2021-11-30,spx_eod_202111.txt
2022-06-30,2629,2021-11-01,2021-11-30,spx_eod_202111.txt
2022-07-15,3031,2021-11-01,2021-11-30,spx_eod_202111.txt
2022-08-19,3010,2021-11-01,2021-11-30,spx_eod_202111.txt
2022-09-16,3031,2021-11-01,2021-11-30,spx_eod_202111.txt
2022-09-30,2608,2021-11-01,2021-11-30,spx_eod_202111.txt
2022-10-21,2709,2021-11-01,2021-11-30,spx_eod_202111.txt
2022-11-18,2709,2021-11-01,2021-11-30,spx_eod_202111.txt
2022-12-16,4160,2021-11-01,2021-11-30,spx_eod_202111.txt
2023-01-20,1538,2021-11-01,2021-11-30,spx_eod_202111.txt
2023-06-16,2667,2021-11-01,2021-11-30,spx_eod_202111.txt
2023-12-15,3276,2021-11-01,2021-11-30,spx_eod_202111.txt
2024-12-20,1000,2021-11-01,2021-11-30,spx_eod_202111.txt
2025-12-19,1000,2021-11-01,2021-11-30,spx_eod_202111.txt
2026-12-18,216,2021-11-01,2021-11-30,spx_eod_202111.txt
2021-12-01,248,2021-12-01,2021-12-01,spx_eod_202112.txt
2021-12-03,1023,2021-12-01,2021-12-03,spx_eod_202112.txt
2021-12-06,1040,2021-12-01,2021-12-06,spx_eod_202112.txt
2021-12-08,1581,2021-12-01,2021-12-08,spx_eod_202112.txt
2021-12-10,2629,2021-12-01,2021-12-10,spx_eod_202112.txt
2021-12-13,2335,2021-12-01,2021-12-13,spx_eod_202112.txt
2021-12-15,2793,2021-12-01,2021-12-15,spx_eod_202112.txt
2021-12-17,5694,2021-12-01,2021-12-17,spx_eod_202112.txt
2021-12-20,3523,2021-12-01,2021-12-20,spx_eod_202112.txt
2021-12-22,3813,2021-12-01,2021-12-22,spx_eod_202112.txt
2021-12-23,5434,2021-12-01,2021-12-23,spx_eod_202112.txt
2021-12-27,3932,2021-12-01,2021-12-27,spx_eod_202112.txt
2021-12-29,4486,2021-12-01,2021-12-29,spx_eod_202112.txt
2021-12-31,9067,2021-12-01,2021-12-31,spx_eod_202112.txt
2022-01-03,4157,2021-12-03,2021-12-31,spx_eod_202112.txt
2022-01-05,3887,2021-12-07,2021-12-31,spx_eod_202112.txt
2022-01-07,6924,2021-12-01,2021-12-31,spx_eod_202112.txt
2022-01-10,3122,2021-12-10,2021-12-31,spx_eod_202112.txt
2022-01-12,2688,2021-12-14,2021-12-31,spx_eod_202112.txt
2022-01-14,6143,2021-12-01,2021-12-31,spx_eod_202112.txt
2022-01-18,2043,2021-12-17,2021-12-31,spx_eod_202112.txt
2022-01-19,1536,2021-12-21,2021-12-31,spx_eod_202112.txt
2022-01-21,8914,2021-12-01,2021-12-31,spx_eod_202112.txt
2022-01-24,1012,2021-12-23,2021-12-31,spx_eod_202112.txt
2022-01-26,705,2021-12-28,2021-12-31,spx_eod_202112.txt
2022-01-28,5120,2021-12-02,2021-12-31,spx_eod_202112.txt
2022-01-31,8095,2021-12-01,2021-12-31,spx_eod_202112.txt
2022-02-04,3336,2021-12-09,2021-12-31,spx_eod_202112.txt
2022-02-11,1063,2021-12-23,2021-12-31,spx_eod_202112.txt
2022-02-18,8567,2021-12-01,2021-12-31,spx_eod_202112.txt
2022-02-28,8409,2021-12-01,2021-12-31,spx_eod_202112.txt
2022-03-18,7971,2021-12-01,2021-12-31,spx_eod_202112.txt
2022-03-31,8935,2021-12-01,2021-12-31,spx_eod_202112.txt
2022-04-14,6729,2021-12-01,2021-12-31,spx_eod_202112.txt
2022-04-29,5846,2021-12-01,2021-12-31,spx_eod_202112.txt
2022-05-20,6220,2021-12-01,2021-12-31,spx_eod_202112.txt
2022-05-31,5789,2021-12-01,2021-12-31,spx_eod_202112.txt
2022-06-17,5095,2021-12-01,2021-12-31,spx_eod_202112.txt
2022-06-30,3001,2021-12-01,2021-12-31,spx_eod_202112.txt
2022-07-15,3209,2021-12-01,2021-12-31,spx_eod_202112.txt
2022-08-19,3187,2021-12-01,2021-12-31,spx_eod_202112.txt
2022-09-16,3209,2021-12-01,2021-12-31,spx_eod_202112.txt
2022-09-30,2770,2021-12-01,2021-12-31,spx_eod_202112.txt
2022-10-21,2838,2021-12-01,2021-12-31,spx_eod_202112.txt
2022-11-18,2838,2021-12-01,2021-12-31,spx_eod_202112.txt
2022-12-16,4372,2021-12-01,2021-12-31,spx_eod_202112.txt
2022-12-30,1058,2021-12-20,2021-12-31,spx_eod_202112.txt
2023-01-20,1628,2021-12-01,2021-12-31,spx_eod_202112.txt
2023-03-17,2208,2021-12-09,2021-12-31,spx_eod_202112.txt
2023-06-16,2794,2021-12-01,2021-12-31,spx_eod_202112.txt
2023-12-15,3465,2021-12-01,2021-12-31,spx_eod_202112.txt
2024-12-20,1320,2021-12-01,2021-12-31,spx_eod_202112.txt
2025-12-19,1320,2021-12-01,2021-12-31,spx_eod_202112.txt
2026-12-18,540,2021-12-20,2021-12-31,spx_eod_202112.txt
2022-01-03,282,2022-01-03,2022-01-03,spx_eod_202201.txt
2022-01-05,810,2022-01-03,2022-01-05,spx_eod_202201.txt
2022-01-07,1765,2022-01-03,2022-01-07,spx_eod_202201.txt
2022-01-10,1512,2022-01-03,2022-01-10,spx_eod_202201.txt
2022-01-12,2016,2022-01-03,2022-01-12,spx_eod_202201.txt
2022-01-14,3330,2022-01-03,2022-01-14,spx_eod_202201.txt
2022-01-18,2759,2022-01-03,2022-01-18,spx_eod_202201.txt
2022-01-19,2804,2022-01-03,2022-01-19,spx_eod_202201.txt
2022-01-21,6225,2022-01-03,2022-01-21,spx_eod_202201.txt
2022-01-24,3294,2022-01-03,2022-01-24,spx_eod_202201.txt
2022-01-26,3798,2022-01-03,2022-01-26,spx_eod_202201.txt
2022-01-28,5962,2022-01-03,2022-01-28,spx_eod_202201.txt
2022-01-31,7933,2022-01-03,2022-01-31,spx_eod_202201.txt
2022-02-02,3589,2022-01-04,2022-01-31,spx_eod_202201.txt
2022-02-04,6028,2022-01-03,2022-01-31,spx_eod_202201.txt
2022-02-07,2810,2022-01-07,2022-01-31,spx_eod_202201.txt
2022-02-09,2646,2022-01-11,2022-01-31,spx_eod_202201.txt
2022-02-11,4808,2022-01-03,2022-01-31,spx_eod_202201.txt
2022-02-14,1906,2022-01-14,2022-01-31,spx_eod_202201.txt
2022-02-16,1369,2022-01-18,2022-01-31,spx_eod_202201.txt
2022-02-18,8484,2022-01-03,2022-01-31,spx_eod_202201.txt
2022-02-22,799,2022-01-21,2022-01-31,spx_eod_202201.txt
2022-02-23,479,2022-01-25,2022-01-31,spx_eod_202201.txt
2022-02-25,3054,2022-01-06,2022-01-31,spx_eod_202201.txt
2022-02-28,8135,2022-01-03,2022-01-31,spx_eod_202201.txt
2022-03-04,1782,2022-01-13,2022-01-31,spx_eod_202201.txt
2022-03-11,286,2022-01-27,2022-01-31,spx_eod_202201.txt
2022-03-18,8615,2022-01-03,2022-01-31,spx_eod_202201.txt
2022-03-31,9078,2022-01-03,2022-01-31,spx_eod_202201.txt
2022-04-14,8374,2022-01-03,2022-01-31,spx_eod_202201.txt
2022-04-29,6214,2022-01-03,2022-01-31,spx_eod_202201.txt
2022-05-20,6305,2022-01-03,2022-01-31,spx_eod_202201.txt
2022-05-31,5796,2022-01-03,2022-01-31,spx_eod_202201.txt
2022-06-17,6489,2022-01-03,2022-01-31,spx_eod_202201.txt
2022-06-30,7567,2022-01-03,2022-01-31,spx_eod_202201.txt
2022-07-15,3780,2022-01-03,2022-01-31,spx_eod_202201.txt
2022-08-19,3129,2022-01-03,2022-01-31,spx_eod_202201.txt
2022-09-16,3150,2022-01-03,2022-01-31,spx_eod_202201.txt
2022-09-30,2730,2022-01-03,2022-01-31,spx_eod_202201.txt
2022-10-21,2709,2022-01-03,2022-01-31,spx_eod_202201.txt
2022-11-18,2709,2022-01-03,2022-01-31,spx_eod_202201.txt
2022-12-16,4242,2022-01-03,2022-01-31,spx_eod_202201.txt
2022-12-30,2585,2022-01-03,2022-01-31,spx_eod_202201.txt
2023-01-20,1644,2022-01-03,2022-01-31,spx_eod_202201.txt
2023-02-17,1656,2022-01-14,2022-01-31,spx_eod_202201.txt
2023-03-17,2898,2022-01-03,2022-01-31,spx_eod_202201.txt
2023-06-16,2667,2022-01-03,2022-01-31,spx_eod_202201.txt
2023-12-15,3339,2022-01-03,2022-01-31,spx_eod_202201.txt
2024-12-20,1260,2022-01-03,2022-01-31,spx_eod_202201.txt
2025-12-19,1260,2022-01-03,2022-01-31,spx_eod_202201.txt
2026-12-18,1262,2022-01-03,2022-01-31,spx_eod_202201.txt
2022-02-02,454,2022-02-01,2022-02-02,spx_eod_202202.txt
2022-02-04,1272,2022-02-01,2022-02-04,spx_eod_202202.txt
2022-02-07,1045,2022-02-01,2022-02-07,spx_eod_202202.txt
2022-02-09,1540,2022-02-01,2022-02-09,spx_eod_202202.txt
2022-02-11,2628,2022-02-01,2022-02-11,spx_eod_202202.txt
2022-02-14,2040,2022-02-01,2022-02-14,spx_eod_202202.txt
2022-02-16,2035,2022-02-01,2022-02-16,spx_eod_202202.txt
2022-02-18,5656,2022-02-01,2022-02-18,spx_eod_202202.txt
2022-02-22,2416,2022-02-01,2022-02-22,spx_eod_202202.txt
2022-02-23,2582,2022-02-01,2022-02-23,spx_eod_202202.txt
2022-02-25,4643,2022-02-01,2022-02-25,spx_eod_202202.txt
2022-02-28,7784,2022-02-01,2022-02-28,spx_eod_202202.txt
2022-03-02,2906,2022-02-01,2022-02-28,spx_eod_202202.txt
2022-03-04,4609,2022-02-01,2022-02-28,spx_eod_202202.txt
2022-03-07,2353,2022-02-04,2022-02-28,spx_eod_202202.txt
2022-03-09,2013,2022-02-08,2022-02-28,spx_eod_202202.txt
2022-03-11,3630,2022-02-01,2022-02-28,spx_eod_202202.txt
2022-03-14,1499,2022-02-11,2022-02-28,spx_eod_202202.txt
2022-03-16,1045,2022-02-16,2022-02-28,spx_eod_202202.txt
2022-03-18,8398,2022-02-01,2022-02-28,spx_eod_202202.txt
2022-03-21,705,2022-02-18,2022-02-28,spx_eod_202202.txt
2022-03-23,512,2022-02-22,2022-02-28,spx_eod_202202.txt
2022-03-25,2731,2022-02-03,2022-02-28,spx_eod_202202.txt
2022-03-28,116,2022-02-25,2022-02-28,spx_eod_202202.txt
2022-03-31,8680,2022-02-01,2022-02-28,spx_eod_202202.txt
2022-04-01,1635,2022-02-10,2022-02-28,spx_eod_202202.txt
2022-04-08,302,2022-02-24,2022-02-28,spx_eod_202202.txt
2022-04-14,8322,2022-02-01,2022-02-28,spx_eod_202202.txt
2022-04-29,7402,2022-02-01,2022-02-28,spx_eod_202202.txt
2022-05-20,7806,2022-02-01,2022-02-28,spx_eod_202202.txt
2022-05-31,5829,2022-02-01,2022-02-28,spx_eod_202202.txt
2022-06-17,6192,2022-02-01,2022-02-28,spx_eod_202202.txt
2022-06-30,7605,2022-02-01,2022-02-28,spx_eod_202202.txt
2022-07-15,5013,2022-02-01,2022-02-28,spx_eod_202202.txt
2022-07-29,3246,2022-02-01,2022-02-28,spx_eod_202202.txt
2022-08-19,3575,2022-02-01,2022-02-28,spx_eod_202202.txt
2022-09-16,3000,2022-02-01,2022-02-28,spx_eod_202202.txt
2022-09-30,2600,2022-02-01,2022-02-28,spx_eod_202202.txt
2022-10-21,2580,2022-02-01,2022-02-28,spx_eod_202202.txt
2022-11-18,2580,2022-02-01,2022-02-28,spx_eod_202202.txt
2022-12-16,4040,2022-02-01,2022-02-28,spx_eod_202202.txt
2022-12-30,2483,2022-02-01,2022-02-28,spx_eod_202202.txt
2023-01-20,1580,2022-02-01,2022-02-28,spx_eod_202202.txt
2023-02-17,2760,2022-02-01,2022-02-28,spx_eod_202202.txt
2023-03-17,2760,2022-02-01,2022-02-28,spx_eod_202202.txt
2023-06-16,2540,2022-02-01,2022-02-28,spx_eod_202202.txt
2023-12-15,3180,2022-02-01,2022-02-28,spx_eod_202202.txt
2024-12-20,1200,2022-02-01,2022-02-28,spx_eod_202202.txt
2025-12-19,1200,2022-02-01,2022-02-28,spx_eod_202202.txt
2026-12-18,1240,2022-02-01,2022-02-28,spx_eod_202202.txt
2022-03-02,370,2022-03-01,2022-03-02,spx_eod_202203.txt
2022-03-04,1060,2022-03-01,2022-03-04,spx_eod_202203.txt
2022-03-07,902,2022-03-01,2022-03-07,spx_eod_202203.txt
2022-03-09,1275,2022-03-01,2022-03-09,spx_eod_202203.txt
2022-03-11,2232,2022-03-01,2022-03-11,spx_eod_202203.txt
2022-03-14,1671,2022-03-01,2022-03-14,spx_eod_202203.txt
2022-03-16,1907,2022-03-01,2022-03-16,spx_eod_202203.txt
2022-03-18,6088,2022-03-01,2022-03-18,spx_eod_202203.txt
2022-03-21,2260,2022-03-01,2022-03-21,spx_eod_202203.txt
2022-03-23,2575,2022-03-01,2022-03-23,spx_eod_202203.txt
2022-03-25,4557,2022-03-01,2022-03-25,spx_eod_202203.txt
2022-03-28,3718,2022-03-01,2022-03-28,spx_eod_202203.txt
2022-03-30,3166,2022-03-01,2022-03-30,spx_eod_202203.txt
2022-03-31,9984,2022-03-01,2022-03-31,spx_eod_202203.txt
2022-04-01,5373,2022-03-01,2022-03-31,spx_eod_202203.txt
2022-04-04,2886,2022-03-04,2022-03-31,spx_eod_202203.txt
2022-04-06,2509,2022-03-08,2022-03-31,spx_eod_202203.txt
2022-04-08,4449,2022-03-01,2022-03-31,spx_eod_202203.txt
2022-04-11,2133,2022-03-11,2022-03-31,spx_eod_202203.txt
2022-04-13,1807,2022-03-15,2022-03-31,spx_eod_202203.txt
2022-04-14,9961,2022-03-01,2022-03-31,spx_eod_202203.txt
2022-04-18,1067,2022-03-18,2022-03-31,spx_eod_202203.txt
2022-04-20,838,2022-03-22,2022-03-31,spx_eod_202203.txt
2022-04-22,3781,2022-03-03,2022-03-31,spx_eod_202203.txt
2022-04-25,464,2022-03-25,2022-03-31,spx_eod_202203.txt
2022-04-27,286,2022-03-29,2022-03-31,spx_eod_202203.txt
2022-04-29,8654,2022-03-01,2022-03-31,spx_eod_202203.txt
2022-05-06,2303,2022-03-10,2022-03-31,spx_eod_202203.txt
2022-05-13,477,2022-03-24,2022-03-31,spx_eod_202203.txt
2022-05-20,9143,2022-03-01,2022-03-31,spx_eod_202203.txt
2022-05-27,82,2022-03-31,2022-03-31,spx_eod_202203.txt
2022-05-31,8384,2022-03-01,2022-03-31,spx_eod_202203.txt
2022-06-17,8929,2022-03-01,2022-03-31,spx_eod_202203.txt
2022-06-30,9043,2022-03-01,2022-03-31,spx_eod_202203.txt
2022-07-15,6004,2022-03-01,2022-03-31,spx_eod_202203.txt
2022-07-29,4341,2022-03-01,2022-03-31,spx_eod_202203.txt
2022-08-19,5727,2022-03-01,2022-03-31,spx_eod_202203.txt
2022-08-31,3565,2022-03-01,2022-03-31,spx_eod_202203.txt
2022-09-16,3467,2022-03-01,2022-03-31,spx_eod_202203.txt
2022-09-30,2990,2022-03-01,2022-03-31,spx_eod_202203.txt
2022-10-21,2967,2022-03-01,2022-03-31,spx_eod_202203.txt
2022-11-18,2967,2022-03-01,2022-03-31,spx_eod_202203.txt
2022-12-16,4646,2022-03-01,2022-03-31,spx_eod_202203.txt
2022-12-30,2893,2022-03-01,2022-03-31,spx_eod_202203.txt
2023-01-20,1817,2022-03-01,2022-03-31,spx_eod_202203.txt
2023-02-17,3174,2022-03-01,2022-03-31,spx_eod_202203.txt
2023-03-17,3214,2022-03-01,2022-03-31,spx_eod_202203.txt
2023-03-31,873,2022-03-21,2022-03-31,spx_eod_202203.txt
2023-04-21,1331,2022-03-17,2022-03-31,spx_eod_202203.txt
2023-06-16,2921,2022-03-01,2022-03-31,spx_eod_202203.txt
2023-12-15,3657,2022-03-01,2022-03-31,spx_eod_202203.txt
2024-12-20,1380,2022-03-01,2022-03-31,spx_eod_202203.txt
2025-12-19,1380,2022-03-01,2022-03-31,spx_eod_202203.txt
2026-12-18,1426,2022-03-01,2022-03-31,spx_eod_202203.txt
2022-04-01,288,2022-04-01,2022-04-01,spx_eod_202204.txt
2022-04-04,384,2022-04-01,2022-04-04,spx_eod_202204.txt
2022-04-06,772,2022-04-01,2022-04-06,spx_eod_202204.txt
2022-04-08,1560,2022-04-01,2022-04-08,spx_eod_202204.txt
2022-04-11,1362,2022-04-01,2022-04-11,spx_eod_202204.txt
2022-04-13,1665,2022-04-01,2022-04-13,spx_eod_202204.txt
2022-04-14,4350,2022-04-01,2022-04-14,spx_eod_202204.txt
2022-04-18,1815,2022-04-01,2022-04-18,spx_eod_202204.txt
2022-04-20,2133,2022-04-01,2022-04-20,spx_eod_202204.txt
2022-04-22,4071,2022-04-01,2022-04-22,spx_eod_202204.txt
2022-04-25,2099,2022-04-01,2022-04-25,spx_eod_202204.txt
2022-04-26,627,2022-04-18,2022-04-26,spx_eod_202204.txt
2022-04-27,2963,2022-04-01,2022-04-27,spx_eod_202204.txt
2022-04-29,7917,2022-04-01,2022-04-29,spx_eod_202204.txt
2022-05-02,3093,2022-04-01,2022-04-29,spx_eod_202204.txt
2022-05-03,775,2022-04-18,2022-04-29,spx_eod_202204.txt
2022-05-04,2614,2022-04-05,2022-04-29,spx_eod_202204.txt
2022-05-06,4969,2022-04-01,2022-04-29,spx_eod_202204.txt
2022-05-09,2113,2022-04-08,2022-04-29,spx_eod_202204.txt
2022-05-10,220,2022-04-25,2022-04-29,spx_eod_202204.txt
2022-05-11,1751,2022-04-12,2022-04-29,spx_eod_202204.txt
2022-05-13,3563,2022-04-01,2022-04-29,spx_eod_202204.txt
2022-05-16,1415,2022-04-14,2022-04-29,spx_eod_202204.txt
2022-05-18,1123,2022-04-19,2022-04-29,spx_eod_202204.txt
2022-05-20,8481,2022-04-01,2022-04-29,spx_eod_202204.txt
2022-05-23,660,2022-04-22,2022-04-29,spx_eod_202204.txt
2022-05-25,385,2022-04-26,2022-04-29,spx_eod_202204.txt
2022-05-27,3608,2022-04-01,2022-04-29,spx_eod_202204.txt
2022-05-31,8001,2022-04-01,2022-04-29,spx_eod_202204.txt
2022-06-03,2386,2022-04-07,2022-04-29,spx_eod_202204.txt
2022-06-10,831,2022-04-21,2022-04-29,spx_eod_202204.txt
2022-06-17,8565,2022-04-01,2022-04-29,spx_eod_202204.txt
2022-06-30,8316,2022-04-01,2022-04-29,spx_eod_202204.txt
2022-07-15,5565,2022-04-01,2022-04-29,spx_eod_202204.txt
2022-07-29,5006,2022-04-01,2022-04-29,spx_eod_202204.txt
2022-08-19,5586,2022-04-01,2022-04-29,spx_eod_202204.txt
2022-08-31,3412,2022-04-01,2022-04-29,spx_eod_202204.txt
2022-09-16,3997,2022-04-01,2022-04-29,spx_eod_202204.txt
2022-09-30,6773,2022-04-01,2022-04-29,spx_eod_202204.txt
2022-10-21,3535,2022-04-01,2022-04-29,spx_eod_202204.txt
2022-11-18,2709,2022-04-01,2022-04-29,spx_eod_202204.txt
2022-12-16,4242,2022-04-01,2022-04-29,spx_eod_202204.txt
2022-12-30,2646,2022-04-01,2022-04-29,spx_eod_202204.txt
2023-01-20,1659,2022-04-01,2022-04-29,spx_eod_202204.txt
2023-02-17,2898,2022-04-01,2022-04-29,spx_eod_202204.txt
2023-03-17,2982,2022-04-01,2022-04-29,spx_eod_202204.txt
2023-03-31,2199,2022-04-01,2022-04-29,spx_eod_202204.txt
2023-04-21,2541,2022-04-01,2022-04-29,spx_eod_202204.txt
2023-05-19,1534,2022-04-14,2022-04-29,spx_eod_202204.txt
2023-06-16,2735,2022-04-01,2022-04-29,spx_eod_202204.txt
2023-12-15,3364,2022-04-01,2022-04-29,spx_eod_202204.txt
2024-12-20,1260,2022-04-01,2022-04-29,spx_eod_202204.txt
2025-12-19,1260,2022-04-01,2022-04-29,spx_eod_202204.txt
2026-12-18,1302,2022-04-01,2022-04-29,spx_eod_202204.txt
2022-05-02,198,2022-05-02,2022-05-02,spx_eod_202205.txt
2022-05-03,204,2022-05-02,2022-05-03,spx_eod_202205.txt
2022-05-04,591,2022-05-02,2022-05-04,spx_eod_202205.txt
2022-05-06,1385,2022-05-02,2022-05-06,spx_eod_202205.txt
2022-05-09,1128,2022-05-02,2022-05-09,spx_eod_202205.txt
2022-05-10,626,2022-05-02,2022-05-10,spx_eod_202205.txt
2022-05-11,1289,2022-05-02,2022-05-10,spx_eod_202205.txt
2022-05-13,2350,2022-05-02,2022-05-13,spx_eod_202205.txt
2022-05-16,1933,2022-05-02,2022-05-16,spx_eod_202205.txt
2022-05-17,769,2022-05-02,2022-05-17,spx_eod_202205.txt
2022-05-18,2244,2022-05-02,2022-05-18,spx_eod_202205.txt
2022-05-19,580,2022-05-12,2022-05-19,spx_eod_202205.txt
2022-05-20,6132,2022-05-02,2022-05-20,spx_eod_202205.txt
2022-05-23,2514,2022-05-02,2022-05-23,spx_eod_202205.txt
2022-05-24,976,2022-05-09,2022-05-24,spx_eod_202205.txt
2022-05-25,2739,2022-05-02,2022-05-25,spx_eod_202205.txt
2022-05-26,1172,2022-05-12,2022-05-26,spx_eod_202205.txt
2022-05-27,5129,2022-05-02,2022-05-27,spx_eod_202205.txt
2022-05-31,8371,2022-05-02,2022-05-31,spx_eod_202205.txt
2022-06-01,3149,2022-05-03,2022-05-31,spx_eod_202205.txt
2022-06-02,1193,2022-05-18,2022-05-31,spx_eod_202205.txt
2022-06-03,5252,2022-05-02,2022-05-31,spx_eod_202205.txt
2022-06-06,2309,2022-05-06,2022-05-31,spx_eod_202205.txt
2022-06-07,483,2022-05-23,2022-05-31,spx_eod_202205.txt
2022-06-08,1809,2022-05-10,2022-05-31,spx_eod_202205.txt
2022-06-09,323,2022-05-25,2022-05-31,spx_eod_202205.txt
2022-06-10,4186,2022-05-02,2022-05-31,spx_eod_202205.txt
2022-06-13,1580,2022-05-13,2022-05-31,spx_eod_202205.txt
2022-06-14,156,2022-05-27,2022-05-31,spx_eod_202205.txt
2022-06-15,1355,2022-05-17,2022-05-31,spx_eod_202205.txt
2022-06-17,9379,2022-05-02,2022-05-31,spx_eod_202205.txt
2022-06-21,889,2022-05-20,2022-05-31,spx_eod_202205.txt
2022-06-22,621,2022-05-24,2022-05-31,spx_eod_202205.txt
2022-06-24,2870,2022-05-05,2022-05-31,spx_eod_202205.txt
2022-06-27,192,2022-05-27,2022-05-31,spx_eod_202205.txt
2022-06-29,66,2022-05-31,2022-05-31,spx_eod_202205.txt
2022-06-30,8971,2022-05-02,2022-05-31,spx_eod_202205.txt
2022-07-01,1658,2022-05-12,2022-05-31,spx_eod_202205.txt
2022-07-08,379,2022-05-26,2022-05-31,spx_eod_202205.txt
2022-07-15,6947,2022-05-02,2022-05-31,spx_eod_202205.txt
2022-07-29,7311,2022-05-02,2022-05-31,spx_eod_202205.txt
2022-08-19,6951,2022-05-02,2022-05-31,spx_eod_202205.txt
2022-08-31,4866,2022-05-02,2022-05-31,spx_eod_202205.txt
2022-09-16,5916,2022-05-02,2022-05-31,spx_eod_202205.txt
2022-09-30,8278,2022-05-02,2022-05-31,spx_eod_202205.txt
2022-10-21,5141,2022-05-02,2022-05-31,spx_eod_202205.txt
2022-10-31,2814,2022-05-02,2022-05-31,spx_eod_202205.txt
2022-11-18,3190,2022-05-02,2022-05-31,spx_eod_202205.txt
2022-12-16,4242,2022-05-02,2022-05-31,spx_eod_202205.txt
2022-12-30,2728,2022-05-02,2022-05-31,spx_eod_202205.txt
2023-01-20,1659,2022-05-02,2022-05-31,spx_eod_202205.txt
2023-02-17,2898,2022-05-02,2022-05-31,spx_eod_202205.txt
2023-03-17,2982,2022-05-02,2022-05-31,spx_eod_202205.txt
2023-03-31,2407,2022-05-02,2022-05-31,spx_eod_202205.txt
2023-04-21,2541,2022-05-02,2022-05-31,spx_eod_202205.txt
2023-05-19,2860,2022-05-02,2022-05-31,spx_eod_202205.txt
2023-06-16,2923,2022-05-02,2022-05-31,spx_eod_202205.txt
2023-09-15,1824,2022-05-04,2022-05-31,spx_eod_202205.txt
2023-12-15,3402,2022-05-02,2022-05-31,spx_eod_202205.txt
2024-12-20,1260,2022-05-02,2022-05-31,spx_eod_202205.txt
2025-12-19,1260,2022-05-02,2022-05-31,spx_eod_202205.txt
2026-12-18,1302,2022-05-02,2022-05-31,spx_eod_202205.txt
2022-06-01,181,2022-06-01,2022-06-01,spx_eod_202206.txt
2022-06-02,260,2022-06-01,2022-06-02,spx_eod_202206.txt
2022-06-03,807,2022-06-01,2022-06-03,spx_eod_202206.txt
2022-06-06,638,2022-06-01,2022-06-06,spx_eod_202206.txt
2022-06-07,514,2022-06-01,2022-06-07,spx_eod_202206.txt
2022-06-08,904,2022-06-01,2022-06-08,spx_eod_202206.txt
2022-06-09,829,2022-06-01,2022-06-09,spx_eod_202206.txt
2022-06-10,1796,2022-06-01,2022-06-10,spx_eod_202206.txt
2022-06-13,1371,2022-06-01,2022-06-13,spx_eod_202206.txt
2022-06-14,1074,2022-06-01,2022-06-14,spx_eod_202206.txt
2022-06-15,1735,2022-06-01,2022-06-15,spx_eod_202206.txt
2022-06-16,1340,2022-06-01,2022-06-16,spx_eod_202206.txt
2022-06-17,5559,2022-06-01,2022-06-16,spx_eod_202206.txt
2022-06-21,2367,2022-06-01,2022-06-21,spx_eod_202206.txt
2022-06-22,2449,2022-06-01,2022-06-22,spx_eod_202206.txt
2022-06-23,1506,2022-06-08,2022-06-23,spx_eod_202206.txt
2022-06-24,3679,2022-06-01,2022-06-23,spx_eod_202206.txt
2022-06-27,2493,2022-06-01,2022-06-27,spx_eod_202206.txt
2022-06-28,1032,2022-06-13,2022-06-28,spx_eod_202206.txt
2022-06-29,2980,2022-06-01,2022-06-29,spx_eod_202206.txt
2022-06-30,9172,2022-06-01,2022-06-30,spx_eod_202206.txt
2022-07-01,4389,2022-06-01,2022-06-30,spx_eod_202206.txt
2022-07-05,2819,2022-06-03,2022-06-30,spx_eod_202206.txt
2022-07-06,2584,2022-06-07,2022-06-30,spx_eod_202206.txt
2022-07-07,507,2022-06-22,2022-06-30,spx_eod_202206.txt
2022-07-08,4046,2022-06-01,2022-06-30,spx_eod_202206.txt
2022-07-11,1777,2022-06-10,2022-06-30,spx_eod_202206.txt
2022-07-12,301,2022-06-27,2022-06-30,spx_eod_202206.txt
2022-07-13,1206,2022-06-14,2022-06-30,spx_eod_202206.txt
2022-07-14,119,2022-06-29,2022-06-30,spx_eod_202206.txt
2022-07-15,7999,2022-06-01,2022-06-30,spx_eod_202206.txt
2022-07-18,782,2022-06-20,2022-06-30,spx_eod_202206.txt
2022-07-20,751,2022-06-20,2022-06-30,spx_eod_202206.txt
2022-07-22,3229,2022-06-02,2022-06-30,spx_eod_202206.txt
2022-07-25,406,2022-06-27,2022-06-30,spx_eod_202206.txt
2022-07-27,254,2022-06-28,2022-06-30,spx_eod_202206.txt
2022-07-29,7383,2022-06-01,2022-06-30,spx_eod_202206.txt
2022-08-05,1941,2022-06-09,2022-06-30,spx_eod_202206.txt
2022-08-12,476,2022-06-23,2022-06-30,spx_eod_202206.txt
2022-08-19,7906,2022-06-01,2022-06-30,spx_eod_202206.txt
2022-08-26,73,2022-06-30,2022-06-30,spx_eod_202206.txt
2022-08-31,6799,2022-06-01,2022-06-30,spx_eod_202206.txt
2022-09-16,7565,2022-06-01,2022-06-30,spx_eod_202206.txt
2022-09-30,8488,2022-06-01,2022-06-30,spx_eod_202206.txt
2022-10-21,5472,2022-06-01,2022-06-30,spx_eod_202206.txt
2022-10-31,3621,2022-06-01,2022-06-30,spx_eod_202206.txt
2022-11-18,4661,2022-06-01,2022-06-30,spx_eod_202206.txt
2022-11-30,2640,2022-06-01,2022-06-30,spx_eod_202206.txt
2022-12-16,4496,2022-06-01,2022-06-30,spx_eod_202206.txt
2022-12-30,2681,2022-06-01,2022-06-30,spx_eod_202206.txt
2023-01-20,1760,2022-06-01,2022-06-30,spx_eod_202206.txt
2023-02-17,2760,2022-06-01,2022-06-30,spx_eod_202206.txt
2023-03-17,2840,2022-06-01,2022-06-30,spx_eod_202206.txt
2023-03-31,2392,2022-06-01,2022-06-30,spx_eod_202206.txt
2023-04-21,2420,2022-06-01,2022-06-30,spx_eod_202206.txt
2023-05-19,2823,2022-06-01,2022-06-30,spx_eod_202206.txt
2023-06-16,2872,2022-06-01,2022-06-30,spx_eod_202206.txt
2023-06-30,496,2022-06-20,2022-06-30,spx_eod_202206.txt
2023-07-21,954,2022-06-16,2022-06-30,spx_eod_202206.txt
2023-09-15,1920,2022-06-01,2022-06-30,spx_eod_202206.txt
2023-12-15,3248,2022-06-01,2022-06-30,spx_eod_202206.txt
2024-06-21,954,2022-06-16,2022-06-30,spx_eod_202206.txt
2024-12-20,1200,2022-06-01,2022-06-30,spx_eod_202206.txt
2025-12-19,1200,2022-06-01,2022-06-30,spx_eod_202206.txt
2026-12-18,1240,2022-06-01,2022-06-30,spx_eod_202206.txt
2022-07-01,255,2022-07-01,2022-07-01,spx_eod_202207.txt
2022-07-05,579,2022-07-01,2022-07-05,spx_eod_202207.txt
2022-07-06,760,2022-07-01,2022-07-06,spx_eod_202207.txt
2022-07-07,547,2022-07-01,2022-07-07,spx_eod_202207.txt
2022-07-08,1464,2022-07-01,2022-07-08,spx_eod_202207.txt
2022-07-11,1068,2022-07-01,2022-07-11,spx_eod_202207.txt
2022-07-12,859,2022-07-01,2022-07-12,spx_eod_202207.txt
2022-07-13,1254,2022-07-01,2022-07-13,spx_eod_202207.txt
2022-07-14,931,2022-07-01,2022-07-14,spx_eod_202207.txt
2022-07-15,4606,2022-07-01,2022-07-15,spx_eod_202207.txt
2022-07-18,1511,2022-07-01,2022-07-18,spx_eod_202207.txt
2022-07-19,1290,2022-07-01,2022-07-19,spx_eod_202207.txt
2022-07-20,1783,2022-07-01,2022-07-20,spx_eod_202207.txt
2022-07-21,1288,2022-07-06,2022-07-21,spx_eod_202207.txt
2022-07-22,3504,2022-07-01,2022-07-22,spx_eod_202207.txt
2022-07-25,2077,2022-07-01,2022-07-25,spx_eod_202207.txt
2022-07-26,1428,2022-07-11,2022-07-26,spx_eod_202207.txt
2022-07-27,2270,2022-07-01,2022-07-27,spx_eod_202207.txt
2022-07-28,1502,2022-07-14,2022-07-28,spx_eod_202207.txt
2022-07-29,8064,2022-07-01,2022-07-29,spx_eod_202207.txt
2022-08-01,2399,2022-07-01,2022-07-29,spx_eod_202207.txt
2022-08-02,1195,2022-07-18,2022-07-29,spx_eod_202207.txt
2022-08-03,2069,2022-07-05,2022-07-29,spx_eod_202207.txt
2022-08-04,870,2022-07-20,2022-07-29,spx_eod_202207.txt
2022-08-05,4110,2022-07-01,2022-07-29,spx_eod_202207.txt
2022-08-08,1746,2022-07-08,2022-07-29,spx_eod_202207.txt
2022-08-09,517,2022-07-25,2022-07-29,spx_eod_202207.txt
2022-08-10,1227,2022-07-12,2022-07-29,spx_eod_202207.txt
2022-08-11,274,2022-07-27,2022-07-29,spx_eod_202207.txt
2022-08-12,3599,2022-07-01,2022-07-29,spx_eod_202207.txt
2022-08-15,916,2022-07-15,2022-07-29,spx_eod_202207.txt
2022-08-17,888,2022-07-19,2022-07-29,spx_eod_202207.txt
2022-08-19,8610,2022-07-01,2022-07-29,spx_eod_202207.txt
2022-08-22,452,2022-07-22,2022-07-29,spx_eod_202207.txt
2022-08-24,320,2022-07-26,2022-07-29,spx_eod_202207.txt
2022-08-26,3036,2022-07-01,2022-07-29,spx_eod_202207.txt
2022-08-29,66,2022-07-29,2022-07-29,spx_eod_202207.txt
2022-08-31,7308,2022-07-01,2022-07-29,spx_eod_202207.txt
2022-09-02,1891,2022-07-07,2022-07-29,spx_eod_202207.txt
2022-09-09,584,2022-07-21,2022-07-29,spx_eod_202207.txt
2022-09-16,8295,2022-07-01,2022-07-29,spx_eod_202207.txt
2022-09-30,9303,2022-07-01,2022-07-29,spx_eod_202207.txt
2022-10-21,7091,2022-07-01,2022-07-29,spx_eod_202207.txt
2022-10-31,4731,2022-07-01,2022-07-29,spx_eod_202207.txt
2022-11-18,5145,2022-07-01,2022-07-29,spx_eod_202207.txt
2022-11-30,2772,2022-07-01,2022-07-29,spx_eod_202207.txt
2022-12-16,5976,2022-07-01,2022-07-29,spx_eod_202207.txt
2022-12-30,6091,2022-07-01,2022-07-29,spx_eod_202207.txt
2023-01-20,2882,2022-07-01,2022-07-29,spx_eod_202207.txt
2023-02-17,2912,2022-07-01,2022-07-29,spx_eod_202207.txt
2023-03-17,2982,2022-07-01,2022-07-29,spx_eod_202207.txt
2023-03-31,2562,2022-07-01,2022-07-29,spx_eod_202207.txt
2023-04-21,2541,2022-07-01,2022-07-29,spx_eod_202207.txt
2023-05-19,3024,2022-07-01,2022-07-29,spx_eod_202207.txt
2023-06-16,3066,2022-07-01,2022-07-29,spx_eod_202207.txt
2023-06-30,1704,2022-07-01,2022-07-29,spx_eod_202207.txt
2023-07-21,2226,2022-07-01,2022-07-29,spx_eod_202207.txt
2023-08-18,1272,2022-07-14,2022-07-29,spx_eod_202207.txt
2023-09-15,2016,2022-07-01,2022-07-29,spx_eod_202207.txt
2023-12-15,3423,2022-07-01,2022-07-29,spx_eod_202207.txt
2024-06-21,2226,2022-07-01,2022-07-29,spx_eod_202207.txt
2024-12-20,1281,2022-07-01,2022-07-29,spx_eod_202207.txt
2025-12-19,1260,2022-07-01,2022-07-29,spx_eod_202207.txt
2026-12-18,1302,2022-07-01,2022-07-29,spx_eod_202207.txt
2027-12-17,92,2022-07-01,2022-07-04,spx_eod_202207.txt
2022-08-01,163,2022-08-01,2022-08-01,spx_eod_202208.txt
2022-08-02,332,2022-08-01,2022-08-02,spx_eod_202208.txt
2022-08-03,485,2022-08-01,2022-08-03,spx_eod_202208.txt
2022-08-04,636,2022-08-01,2022-08-04,spx_eod_202208.txt
2022-08-05,1175,2022-08-01,2022-08-05,spx_eod_202208.txt
2022-08-08,993,2022-08-01,2022-08-08,spx_eod_202208.txt
2022-08-09,1104,2022-08-01,2022-08-09,spx_eod_202208.txt
2022-08-10,1174,2022-08-01,2022-08-10,spx_eod_202208.txt
2022-08-11,1341,2022-08-01,2022-08-11,spx_eod_202208.txt
2022-08-12,2305,2022-08-01,2022-08-12,spx_eod_202208.txt
2022-08-15,1632,2022-08-01,2022-08-15,spx_eod_202208.txt
2022-08-16,1443,2022-08-01,2022-08-16,spx_eod_202208.txt
2022-08-17,2000,2022-08-01,2022-08-17,spx_eod_202208.txt
2022-08-18,1484,2022-08-03,2022-08-18,spx_eod_202208.txt
2022-08-19,6193,2022-08-01,2022-08-19,spx_eod_202208.txt
2022-08-22,2208,2022-08-01,2022-08-22,spx_eod_202208.txt
2022-08-23,1530,2022-08-08,2022-08-23,spx_eod_202208.txt
2022-08-24,2501,2022-08-01,2022-08-24,spx_eod_202208.txt
2022-08-25,1422,2022-08-10,2022-08-25,spx_eod_202208.txt
2022-08-26,4661,2022-08-01,2022-08-26,spx_eod_202208.txt
2022-08-29,2660,2022-08-01,2022-08-29,spx_eod_202208.txt
2022-08-30,1620,2022-08-15,2022-08-30,spx_eod_202208.txt
2022-08-31,8079,2022-08-01,2022-08-31,spx_eod_202208.txt
2022-09-01,1509,2022-08-17,2022-08-31,spx_eod_202208.txt
2022-09-02,4953,2022-08-01,2022-08-31,spx_eod_202208.txt
2022-09-06,2391,2022-08-05,2022-08-31,spx_eod_202208.txt
2022-09-07,1906,2022-08-09,2022-08-31,spx_eod_202208.txt
2022-09-08,649,2022-08-24,2022-08-31,spx_eod_202208.txt
2022-09-09,3856,2022-08-01,2022-08-31,spx_eod_202208.txt
2022-09-12,1624,2022-08-12,2022-08-31,spx_eod_202208.txt
2022-09-13,294,2022-08-29,2022-08-31,spx_eod_202208.txt
2022-09-14,1467,2022-08-16,2022-08-31,spx_eod_202208.txt
2022-09-15,53,2022-08-31,2022-08-31,spx_eod_202208.txt
2022-09-16,9246,2022-08-01,2022-08-31,spx_eod_202208.txt
2022-09-19,986,2022-08-19,2022-08-31,spx_eod_202208.txt
2022-09-21,718,2022-08-23,2022-08-31,spx_eod_202208.txt
2022-09-23,2983,2022-08-04,2022-08-31,spx_eod_202208.txt
2022-09-26,367,2022-08-26,2022-08-31,spx_eod_202208.txt
2022-09-28,130,2022-08-30,2022-08-31,spx_eod_202208.txt
2022-09-30,10189,2022-08-01,2022-08-31,spx_eod_202208.txt
2022-10-07,1791,2022-08-11,2022-08-31,spx_eod_202208.txt
2022-10-14,468,2022-08-25,2022-08-31,spx_eod_202208.txt
2022-10-21,7964,2022-08-01,2022-08-31,spx_eod_202208.txt
2022-10-31,6805,2022-08-01,2022-08-31,spx_eod_202208.txt
2022-11-18,5797,2022-08-01,2022-08-31,spx_eod_202208.txt
2022-11-30,4286,2022-08-01,2022-08-31,spx_eod_202208.txt
2022-12-16,7143,2022-08-01,2022-08-31,spx_eod_202208.txt
2022-12-30,8287,2022-08-01,2022-08-31,spx_eod_202208.txt
2023-01-20,5036,2022-08-01,2022-08-31,spx_eod_202208.txt
2023-01-31,3036,2022-08-01,2022-08-31,spx_eod_202208.txt
2023-02-17,3796,2022-08-01,2022-08-31,spx_eod_202208.txt
2023-03-17,3266,2022-08-01,2022-08-31,spx_eod_202208.txt
2023-03-31,2806,2022-08-01,2022-08-31,spx_eod_202208.txt
2023-04-21,2783,2022-08-01,2022-08-31,spx_eod_202208.txt
2023-05-19,3312,2022-08-01,2022-08-31,spx_eod_202208.txt
2023-06-16,3358,2022-08-01,2022-08-31,spx_eod_202208.txt
2023-06-30,2240,2022-08-01,2022-08-31,spx_eod_202208.txt
2023-07-21,2438,2022-08-01,2022-08-31,spx_eod_202208.txt
2023-08-18,2816,2022-08-01,2022-08-31,spx_eod_202208.txt
2023-09-15,2707,2022-08-01,2022-08-31,spx_eod_202208.txt
2023-12-15,3749,2022-08-01,2022-08-31,spx_eod_202208.txt
2024-06-21,2438,2022-08-01,2022-08-31,spx_eod_202208.txt
2024-12-20,1403,2022-08-01,2022-08-31,spx_eod_202208.txt
2025-12-19,1380,2022-08-01,2022-08-31,spx_eod_202208.txt
2026-12-18,1426,2022-08-01,2022-08-31,spx_eod_202208.txt
2022-09-01,181,2022-09-01,2022-09-01,spx_eod_202209.txt
2022-09-02,484,2022-09-01,2022-09-02,spx_eod_202209.txt
2022-09-06,696,2022-09-01,2022-09-06,spx_eod_202209.txt
2022-09-07,872,2022-09-01,2022-09-07,spx_eod_202209.txt
2022-09-08,984,2022-09-01,2022-09-08,spx_eod_202209.txt
2022-09-09,1637,2022-09-01,2022-09-09,spx_eod_202209.txt
2022-09-12,1414,2022-09-01,2022-09-12,spx_eod_202209.txt
2022-09-13,1291,2022-09-01,2022-09-13,spx_eod_202209.txt
2022-09-14,1767,2022-09-01,2022-09-14,spx_eod_202209.txt
2022-09-15,1452,2022-09-01,2022-09-15,spx_eod_202209.txt
2022-09-16,4881,2022-09-01,2022-09-16,spx_eod_202209.txt
2022-09-19,2065,2022-09-01,2022-09-19,spx_eod_202209.txt
2022-09-20,1724,2022-09-02,2022-09-20,spx_eod_202209.txt
2022-09-21,2333,2022-09-01,2022-09-21,spx_eod_202209.txt
2022-09-22,1643,2022-09-07,2022-09-22,spx_eod_202209.txt
2022-09-23,4029,2022-09-01,2022-09-23,spx_eod_202209.txt
2022-09-26,2709,2022-09-01,2022-09-26,spx_eod_202209.txt
2022-09-27,1829,2022-09-12,2022-09-27,spx_eod_202209.txt
2022-09-28,2736,2022-09-01,2022-09-28,spx_eod_202209.txt
2022-09-29,1597,2022-09-14,2022-09-29,spx_eod_202209.txt
2022-09-30,9752,2022-09-01,2022-09-30,spx_eod_202209.txt
2022-10-03,2798,2022-09-02,2022-09-30,spx_eod_202209.txt
2022-10-04,1276,2022-09-19,2022-09-30,spx_eod_202209.txt
2022-10-05,2728,2022-09-06,2022-09-30,spx_eod_202209.txt
2022-10-06,1054,2022-09-21,2022-09-30,spx_eod_202209.txt
2022-10-07,4847,2022-09-01,2022-09-30,spx_eod_202209.txt
2022-10-10,2307,2022-09-09,2022-09-30,spx_eod_202209.txt
2022-10-11,1187,2022-09-19,2022-09-30,spx_eod_202209.txt
2022-10-12,1820,2022-09-13,2022-09-30,spx_eod_202209.txt
2022-10-13,300,2022-09-28,2022-09-30,spx_eod_202209.txt
2022-10-14,4028,2022-09-01,2022-09-30,spx_eod_202209.txt
2022-10-17,1227,2022-09-16,2022-09-30,spx_eod_202209.txt
2022-10-18,1067,2022-09-19,2022-09-30,spx_eod_202209.txt
2022-10-19,947,2022-09-20,2022-09-30,spx_eod_202209.txt
2022-10-20,265,2022-09-28,2022-09-30,spx_eod_202209.txt
2022-10-21,8190,2022-09-01,2022-09-30,spx_eod_202209.txt
2022-10-24,519,2022-09-23,2022-09-30,spx_eod_202209.txt
2022-10-25,396,2022-09-26,2022-09-30,spx_eod_202209.txt
2022-10-26,304,2022-09-27,2022-09-30,spx_eod_202209.txt
2022-10-27,229,2022-09-28,2022-09-30,spx_eod_202209.txt
2022-10-28,3531,2022-09-01,2022-09-30,spx_eod_202209.txt
2022-10-31,7123,2022-09-01,2022-09-30,spx_eod_202209.txt
2022-11-01,58,2022-09-30,2022-09-30,spx_eod_202209.txt
2022-11-04,2244,2022-09-08,2022-09-30,spx_eod_202209.txt
2022-11-11,710,2022-09-22,2022-09-30,spx_eod_202209.txt
2022-11-18,6695,2022-09-01,2022-09-30,spx_eod_202209.txt
2022-11-30,7300,2022-09-01,2022-09-30,spx_eod_202209.txt
2022-12-16,7757,2022-09-01,2022-09-30,spx_eod_202209.txt
2022-12-30,8396,2022-09-01,2022-09-30,spx_eod_202209.txt
2023-01-20,5259,2022-09-01,2022-09-30,spx_eod_202209.txt
2023-01-31,3659,2022-09-01,2022-09-30,spx_eod_202209.txt
2023-02-17,5416,2022-09-01,2022-09-30,spx_eod_202209.txt
2023-02-28,2816,2022-09-01,2022-09-30,spx_eod_202209.txt
2023-03-17,3999,2022-09-01,2022-09-30,spx_eod_202209.txt
2023-03-31,2689,2022-09-01,2022-09-30,spx_eod_202209.txt
2023-04-21,2686,2022-09-01,2022-09-30,spx_eod_202209.txt
2023-05-19,3168,2022-09-01,2022-09-30,spx_eod_202209.txt
2023-06-16,3212,2022-09-01,2022-09-30,spx_eod_202209.txt
2023-06-30,2227,2022-09-01,2022-09-30,spx_eod_202209.txt
2023-07-21,2332,2022-09-01,2022-09-30,spx_eod_202209.txt
2023-08-18,2816,2022-09-01,2022-09-30,spx_eod_202209.txt
2023-09-15,2870,2022-09-01,2022-09-30,spx_eod_202209.txt
2023-09-29,630,2022-09-19,2022-09-30,spx_eod_202209.txt
2023-10-20,1332,2022-09-15,2022-09-30,spx_eod_202209.txt
2023-12-15,3586,2022-09-01,2022-09-30,spx_eod_202209.txt
2024-01-19,1080,2022-09-19,2022-09-30,spx_eod_202209.txt
2024-06-21,2332,2022-09-01,2022-09-30,spx_eod_202209.txt
2024-12-20,1342,2022-09-01,2022-09-30,spx_eod_202209.txt
2025-12-19,1320,2022-09-01,2022-09-30,spx_eod_202209.txt
2026-12-18,1364,2022-09-01,2022-09-30,spx_eod_202209.txt
2027-12-17,12,2022-09-02,2022-09-05,spx_eod_202209.txt
2022-10-03,200,2022-10-03,2022-10-03,spx_eod_202210.txt
2022-10-04,334,2022-10-03,2022-10-04,spx_eod_202210.txt
2022-10-05,620,2022-10-03,2022-10-05,spx_eod_202210.txt
2022-10-06,640,2022-10-03,2022-10-06,spx_eod_202210.txt
2022-10-07,1360,2022-10-03,2022-10-07,spx_eod_202210.txt
2022-10-10,1210,2022-10-03,2022-10-10,spx_eod_202210.txt
2022-10-11,1055,2022-10-03,2022-10-11,spx_eod_202210.txt
2022-10-12,1456,2022-10-03,2022-10-12,spx_eod_202210.txt
2022-10-13,1155,2022-10-03,2022-10-13,spx_eod_202210.txt
2022-10-14,2546,2022-10-03,2022-10-14,spx_eod_202210.txt
2022-10-17,1687,2022-10-03,2022-10-17,spx_eod_202210.txt
2022-10-18,1752,2022-10-03,2022-10-18,spx_eod_202210.txt
2022-10-19,1882,2022-10-03,2022-10-19,spx_eod_202210.txt
2022-10-20,1805,2022-10-03,2022-10-20,spx_eod_202210.txt
2022-10-21,6074,2022-10-03,2022-10-21,spx_eod_202210.txt
2022-10-24,2077,2022-10-03,2022-10-24,spx_eod_202210.txt
2022-10-25,2117,2022-10-03,2022-10-25,spx_eod_202210.txt
2022-10-26,2351,2022-10-03,2022-10-26,spx_eod_202210.txt
2022-10-27,2242,2022-10-03,2022-10-27,spx_eod_202210.txt
2022-10-28,4966,2022-10-03,2022-10-28,spx_eod_202210.txt
2022-10-31,7418,2022-10-03,2022-10-31,spx_eod_202210.txt
2022-11-01,2378,2022-10-03,2022-10-31,spx_eod_202210.txt
2022-11-02,2492,2022-10-03,2022-10-31,spx_eod_202210.txt
2022-11-03,2144,2022-10-04,2022-10-31,spx_eod_202210.txt
2022-11-04,4461,2022-10-03,2022-10-31,spx_eod_202210.txt
2022-11-07,2067,2022-10-06,2022-10-31,spx_eod_202210.txt
2022-11-08,1660,2022-10-07,2022-10-31,spx_eod_202210.txt
2022-11-09,1734,2022-10-10,2022-10-31,spx_eod_202210.txt
2022-11-10,1437,2022-10-11,2022-10-31,spx_eod_202210.txt
2022-11-11,3426,2022-10-03,2022-10-31,spx_eod_202210.txt
2022-11-14,1339,2022-10-13,2022-10-31,spx_eod_202210.txt
2022-11-15,1069,2022-10-14,2022-10-31,spx_eod_202210.txt
2022-11-16,1092,2022-10-17,2022-10-31,spx_eod_202210.txt
2022-11-17,907,2022-10-18,2022-10-31,spx_eod_202210.txt
2022-11-18,7629,2022-10-03,2022-10-31,spx_eod_202210.txt
2022-11-21,705,2022-10-20,2022-10-31,spx_eod_202210.txt
2022-11-22,588,2022-10-21,2022-10-31,spx_eod_202210.txt
2022-11-23,496,2022-10-24,2022-10-31,spx_eod_202210.txt
2022-11-25,2647,2022-10-05,2022-10-31,spx_eod_202210.txt
2022-11-28,186,2022-10-27,2022-10-31,spx_eod_202210.txt
2022-11-29,124,2022-10-28,2022-10-31,spx_eod_202210.txt
2022-11-30,7650,2022-10-03,2022-10-31,spx_eod_202210.txt
2022-12-01,374,2022-10-25,2022-10-31,spx_eod_202210.txt
2022-12-02,1426,2022-10-12,2022-10-31,spx_eod_202210.txt
2022-12-09,404,2022-10-26,2022-10-31,spx_eod_202210.txt
2022-12-16,8442,2022-10-03,2022-10-31,spx_eod_202210.txt
2022-12-30,8804,2022-10-03,2022-10-31,spx_eod_202210.txt
2023-01-20,6117,2022-10-03,2022-10-31,spx_eod_202210.txt
2023-01-31,4412,2022-10-03,2022-10-31,spx_eod_202210.txt
2023-02-17,5811,2022-10-03,2022-10-31,spx_eod_202210.txt
2023-02-28,2688,2022-10-03,2022-10-31,spx_eod_202210.txt
2023-03-17,5125,2022-10-03,2022-10-31,spx_eod_202210.txt
2023-03-31,6383,2022-10-03,2022-10-31,spx_eod_202210.txt
2023-04-21,3098,2022-10-03,2022-10-31,spx_eod_202210.txt
2023-05-19,3024,2022-10-03,2022-10-31,spx_eod_202210.txt
2023-06-16,3066,2022-10-03,2022-10-31,spx_eod_202210.txt
2023-06-30,2247,2022-10-03,2022-10-31,spx_eod_202210.txt
2023-07-21,2226,2022-10-03,2022-10-31,spx_eod_202210.txt
2023-08-18,2688,2022-10-03,2022-10-31,spx_eod_202210.txt
2023-09-15,2869,2022-10-03,2022-10-31,spx_eod_202210.txt
2023-09-29,1809,2022-10-03,2022-10-31,spx_eod_202210.txt
2023-10-20,2331,2022-10-03,2022-10-31,spx_eod_202210.txt
2023-11-17,848,2022-10-20,2022-10-31,spx_eod_202210.txt
2023-12-15,3423,2022-10-03,2022-10-31,spx_eod_202210.txt
2024-01-19,2268,2022-10-03,2022-10-31,spx_eod_202210.txt
2024-06-21,2226,2022-10-03,2022-10-31,spx_eod_202210.txt
2024-12-20,1281,2022-10-03,2022-10-31,spx_eod_202210.txt
2025-12-19,1260,2022-10-03,2022-10-31,spx_eod_202210.txt
2026-12-18,1302,2022-10-03,2022-10-31,spx_eod_202210.txt
2022-11-01,156,2022-11-01,2022-11-01,spx_eod_202211.txt
2022-11-02,339,2022-11-01,2022-11-02,spx_eod_202211.txt
2022-11-03,471,2022-11-01,2022-11-03,spx_eod_202211.txt
2022-11-04,933,2022-11-01,2022-11-04,spx_eod_202211.txt
2022-11-07,785,2022-11-01,2022-11-07,spx_eod_202211.txt
2022-11-08,863,2022-11-01,2022-11-08,spx_eod_202211.txt
2022-11-09,1099,2022-11-01,2022-11-09,spx_eod_202211.txt
2022-11-10,1180,2022-11-01,2022-11-10,spx_eod_202211.txt
2022-11-11,1891,2022-11-01,2022-11-11,spx_eod_202211.txt
2022-11-14,1458,2022-11-01,2022-11-14,spx_eod_202211.txt
2022-11-15,1472,2022-11-01,2022-11-15,spx_eod_202211.txt
2022-11-16,1725,2022-11-01,2022-11-16,spx_eod_202211.txt
2022-11-17,1865,2022-11-01,2022-11-17,spx_eod_202211.txt
2022-11-18,5134,2022-11-01,2022-11-18,spx_eod_202211.txt
2022-11-21,2006,2022-11-01,2022-11-21,spx_eod_202211.txt
2022-11-22,2112,2022-11-01,2022-11-22,spx_eod_202211.txt
2022-11-23,2308,2022-11-01,2022-11-23,spx_eod_202211.txt
2022-11-25,4084,2022-11-01,2022-11-25,spx_eod_202211.txt
2022-11-28,2669,2022-11-01,2022-11-28,spx_eod_202211.txt
2022-11-29,2537,2022-11-01,2022-11-29,spx_eod_202211.txt
2022-11-30,8052,2022-11-01,2022-11-30,spx_eod_202211.txt
2022-12-01,3083,2022-11-01,2022-11-30,spx_eod_202211.txt
2022-12-02,4214,2022-11-01,2022-11-30,spx_eod_202211.txt
2022-12-05,2412,2022-11-04,2022-11-30,spx_eod_202211.txt
2022-12-06,2170,2022-11-04,2022-11-30,spx_eod_202211.txt
2022-12-07,2244,2022-11-07,2022-11-30,spx_eod_202211.txt
2022-12-08,2648,2022-11-01,2022-11-30,spx_eod_202211.txt
2022-12-09,3742,2022-11-01,2022-11-30,spx_eod_202211.txt
2022-12-12,1624,2022-11-10,2022-11-30,spx_eod_202211.txt
2022-12-13,1226,2022-11-11,2022-11-30,spx_eod_202211.txt
2022-12-14,1032,2022-11-14,2022-11-30,spx_eod_202211.txt
2022-12-15,1809,2022-11-08,2022-11-30,spx_eod_202211.txt
2022-12-16,9026,2022-11-01,2022-11-30,spx_eod_202211.txt
2022-12-19,941,2022-11-17,2022-11-30,spx_eod_202211.txt
2022-12-20,719,2022-11-18,2022-11-30,spx_eod_202211.txt
2022-12-21,666,2022-11-21,2022-11-30,spx_eod_202211.txt
2022-12-22,1032,2022-11-15,2022-11-30,spx_eod_202211.txt
2022-12-23,2759,2022-11-02,2022-11-30,spx_eod_202211.txt
2022-12-27,294,2022-11-25,2022-11-30,spx_eod_202211.txt
2022-12-28,192,2022-11-28,2022-11-30,spx_eod_202211.txt
2022-12-29,132,2022-11-29,2022-11-30,spx_eod_202211.txt
2022-12-30,9240,2022-11-01,2022-11-30,spx_eod_202211.txt
2023-01-06,1599,2022-11-09,2022-11-30,spx_eod_202211.txt
2023-01-09,442,2022-11-23,2022-11-30,spx_eod_202211.txt
2023-01-13,571,2022-11-22,2022-11-30,spx_eod_202211.txt
2023-01-20,6804,2022-11-01,2022-11-30,spx_eod_202211.txt
2023-01-27,79,2022-11-30,2022-11-30,spx_eod_202211.txt
2023-01-31,6227,2022-11-01,2022-11-30,spx_eod_202211.txt
2023-02-17,6764,2022-11-01,2022-11-30,spx_eod_202211.txt
2023-02-28,4349,2022-11-01,2022-11-30,spx_eod_202211.txt
2023-03-17,5730,2022-11-01,2022-11-30,spx_eod_202211.txt
2023-03-31,7388,2022-11-01,2022-11-30,spx_eod_202211.txt
2023-04-21,4719,2022-11-01,2022-11-30,spx_eod_202211.txt
2023-04-28,2706,2022-11-01,2022-11-30,spx_eod_202211.txt
2023-05-19,3776,2022-11-01,2022-11-30,spx_eod_202211.txt
2023-06-16,3212,2022-11-01,2022-11-30,spx_eod_202211.txt
2023-06-30,2354,2022-11-01,2022-11-30,spx_eod_202211.txt
2023-07-21,2332,2022-11-01,2022-11-30,spx_eod_202211.txt
2023-08-18,2816,2022-11-01,2022-11-30,spx_eod_202211.txt
2023-09-15,3014,2022-11-01,2022-11-30,spx_eod_202211.txt
2023-09-29,2035,2022-11-01,2022-11-30,spx_eod_202211.txt
2023-10-20,2442,2022-11-01,2022-11-30,spx_eod_202211.txt
2023-11-17,2422,2022-11-01,2022-11-30,spx_eod_202211.txt
2023-12-15,3586,2022-11-01,2022-11-30,spx_eod_202211.txt
2024-01-19,2381,2022-11-01,2022-11-30,spx_eod_202211.txt
2024-06-21,2332,2022-11-01,2022-11-30,spx_eod_202211.txt
2024-12-20,1342,2022-11-01,2022-11-30,spx_eod_202211.txt
2025-12-19,1320,2022-11-01,2022-11-30,spx_eod_202211.txt
2026-12-18,1364,2022-11-01,2022-11-30,spx_eod_202211.txt
2022-12-01,174,2022-12-01,2022-12-01,spx_eod_202212.txt
2022-12-02,446,2022-12-01,2022-12-02,spx_eod_202212.txt
2022-12-05,483,2022-12-01,2022-12-05,spx_eod_202212.txt
2022-12-06,644,2022-12-01,2022-12-06,spx_eod_202212.txt
2022-12-07,803,2022-12-01,2022-12-07,spx_eod_202212.txt
2022-12-08,974,2022-12-01,2022-12-08,spx_eod_202212.txt
2022-12-09,1498,2022-12-01,2022-12-09,spx_eod_202212.txt
2022-12-12,1134,2022-12-01,2022-12-12,spx_eod_202212.txt
2022-12-13,1253,2022-12-01,2022-12-13,spx_eod_202212.txt
2022-12-14,1288,2022-12-01,2022-12-14,spx_eod_202212.txt
2022-12-15,1568,2022-12-01,2022-12-15,spx_eod_202212.txt
2022-12-16,4598,2022-12-01,2022-12-15,spx_eod_202212.txt
2022-12-19,1544,2022-12-01,2022-12-19,spx_eod_202212.txt
2022-12-20,1745,2022-12-01,2022-12-20,spx_eod_202212.txt
2022-12-21,1838,2022-12-01,2022-12-21,spx_eod_202212.txt
2022-12-22,1968,2022-12-01,2022-12-22,spx_eod_202212.txt
2022-12-23,3163,2022-12-01,2022-12-23,spx_eod_202212.txt
2022-12-27,2372,2022-12-01,2022-12-27,spx_eod_202212.txt
2022-12-28,2481,2022-12-01,2022-12-28,spx_eod_202212.txt
2022-12-29,2541,2022-12-01,2022-12-29,spx_eod_202212.txt
2022-12-30,8820,2022-12-01,2022-12-30,spx_eod_202212.txt
2023-01-03,2269,2022-12-02,2022-12-30,spx_eod_202212.txt
2023-01-04,2285,2022-12-05,2022-12-30,spx_eod_202212.txt
2023-01-05,1909,2022-12-06,2022-12-30,spx_eod_202212.txt
2023-01-06,4038,2022-12-01,2022-12-30,spx_eod_202212.txt
2023-01-09,2864,2022-12-01,2022-12-30,spx_eod_202212.txt
2023-01-10,1619,2022-12-09,2022-12-30,spx_eod_202212.txt
2023-01-11,1547,2022-12-12,2022-12-30,spx_eod_202212.txt
2023-01-12,1330,2022-12-13,2022-12-30,spx_eod_202212.txt
2023-01-13,3653,2022-12-01,2022-12-30,spx_eod_202212.txt
2023-01-17,832,2022-12-19,2022-12-30,spx_eod_202212.txt
2023-01-18,905,2022-12-19,2022-12-30,spx_eod_202212.txt
2023-01-19,709,2022-12-20,2022-12-30,spx_eod_202212.txt
2023-01-20,7053,2022-12-01,2022-12-30,spx_eod_202212.txt
2023-01-23,2431,2022-12-01,2022-12-30,spx_eod_202212.txt
2023-01-24,398,2022-12-23,2022-12-30,spx_eod_202212.txt
2023-01-25,366,2022-12-23,2022-12-30,spx_eod_202212.txt
2023-01-26,274,2022-12-27,2022-12-30,spx_eod_202212.txt
2023-01-27,3072,2022-12-01,2022-12-30,spx_eod_202212.txt
2023-01-30,1820,2022-12-08,2022-12-30,spx_eod_202212.txt
2023-01-31,6238,2022-12-01,2022-12-30,spx_eod_202212.txt
2023-02-01,63,2022-12-30,2022-12-30,spx_eod_202212.txt
2023-02-03,1756,2022-12-07,2022-12-30,spx_eod_202212.txt
2023-02-06,1134,2022-12-15,2022-12-30,spx_eod_202212.txt
2023-02-10,704,2022-12-21,2022-12-30,spx_eod_202212.txt
2023-02-17,7069,2022-12-01,2022-12-30,spx_eod_202212.txt
2023-02-24,228,2022-12-28,2022-12-30,spx_eod_202212.txt
2023-02-28,6249,2022-12-01,2022-12-30,spx_eod_202212.txt
2023-03-17,6469,2022-12-01,2022-12-30,spx_eod_202212.txt
2023-03-31,7476,2022-12-01,2022-12-30,spx_eod_202212.txt
2023-04-21,4986,2022-12-01,2022-12-30,spx_eod_202212.txt
2023-04-28,3429,2022-12-01,2022-12-30,spx_eod_202212.txt
2023-05-19,4845,2022-12-01,2022-12-30,spx_eod_202212.txt
2023-05-31,2646,2022-12-01,2022-12-30,spx_eod_202212.txt
2023-06-16,3804,2022-12-01,2022-12-30,spx_eod_202212.txt
2023-06-30,2261,2022-12-01,2022-12-30,spx_eod_202212.txt
2023-07-21,2226,2022-12-01,2022-12-30,spx_eod_202212.txt
2023-08-18,2688,2022-12-01,2022-12-30,spx_eod_202212.txt
2023-09-15,2877,2022-12-01,2022-12-30,spx_eod_202212.txt
2023-09-29,2058,2022-12-01,2022-12-30,spx_eod_202212.txt
2023-10-20,2331,2022-12-01,2022-12-30,spx_eod_202212.txt
2023-11-17,2415,2022-12-01,2022-12-30,spx_eod_202212.txt
2023-12-15,3423,2022-12-01,2022-12-30,spx_eod_202212.txt
2023-12-29,674,2022-12-19,2022-12-30,spx_eod_202212.txt
2024-01-19,2391,2022-12-01,2022-12-30,spx_eod_202212.txt
2024-03-15,1254,2022-12-15,2022-12-30,spx_eod_202212.txt
2024-06-21,2226,2022-12-01,2022-12-30,spx_eod_202212.txt
2024-12-20,1281,2022-12-01,2022-12-30,spx_eod_202212.txt
2025-12-19,1260,2022-12-01,2022-12-30,spx_eod_202212.txt
2026-12-18,1302,2022-12-01,2022-12-30,spx_eod_202212.txt
2027-12-17,520,2022-12-19,2022-12-30,spx_eod_202212.txt
2023-01-04,144,2023-01-04,2023-01-04,spx_eod_202301.txt
2023-01-05,282,2023-01-04,2023-01-05,spx_eod_202301.txt
2023-01-06,630,2023-01-04,2023-01-06,spx_eod_202301.txt
2023-01-09,612,2023-01-04,2023-01-09,spx_eod_202301.txt
2023-01-10,738,2023-01-04,2023-01-10,spx_eod_202301.txt
2023-01-11,802,2023-01-04,2023-01-11,spx_eod_202301.txt
2023-01-12,941,2023-01-04,2023-01-12,spx_eod_202301.txt
2023-01-13,1556,2023-01-04,2023-01-13,spx_eod_202301.txt
2023-01-17,1123,2023-01-04,2023-01-17,spx_eod_202301.txt
2023-01-18,1235,2023-01-04,2023-01-18,spx_eod_202301.txt
2023-01-19,1360,2023-01-04,2023-01-19,spx_eod_202301.txt
2023-01-20,4054,2023-01-04,2023-01-20,spx_eod_202301.txt
2023-01-23,1833,2023-01-04,2023-01-23,spx_eod_202301.txt
2023-01-24,1717,2023-01-04,2023-01-24,spx_eod_202301.txt
2023-01-25,1812,2023-01-04,2023-01-25,spx_eod_202301.txt
2023-01-26,1896,2023-01-04,2023-01-26,spx_eod_202301.txt
2023-01-27,3139,2023-01-04,2023-01-27,spx_eod_202301.txt
2023-01-30,2468,2023-01-04,2023-01-30,spx_eod_202301.txt
2023-01-31,5662,2023-01-04,2023-01-31,spx_eod_202301.txt
2023-02-01,2328,2023-01-04,2023-01-31,spx_eod_202301.txt
2023-02-02,2135,2023-01-04,2023-01-31,spx_eod_202301.txt
2023-02-03,3231,2023-01-04,2023-01-31,spx_eod_202301.txt
2023-02-06,2459,2023-01-04,2023-01-31,spx_eod_202301.txt
2023-02-07,1797,2023-01-06,2023-01-31,spx_eod_202301.txt
2023-02-08,1615,2023-01-09,2023-01-31,spx_eod_202301.txt
2023-02-09,1499,2023-01-10,2023-01-31,spx_eod_202301.txt
2023-02-10,2989,2023-01-04,2023-01-31,spx_eod_202301.txt
2023-02-13,1932,2023-01-05,2023-01-31,spx_eod_202301.txt
2023-02-14,1186,2023-01-12,2023-01-31,spx_eod_202301.txt
2023-02-15,1176,2023-01-13,2023-01-31,spx_eod_202301.txt
2023-02-16,1034,2023-01-17,2023-01-31,spx_eod_202301.txt
2023-02-17,6538,2023-01-04,2023-01-31,spx_eod_202301.txt
2023-02-21,522,2023-01-24,2023-01-31,spx_eod_202301.txt
2023-02-22,604,2023-01-23,2023-01-31,spx_eod_202301.txt
2023-02-23,474,2023-01-24,2023-01-31,spx_eod_202301.txt
2023-02-24,2454,2023-01-04,2023-01-31,spx_eod_202301.txt
2023-02-27,817,2023-01-19,2023-01-31,spx_eod_202301.txt
2023-02-28,5793,2023-01-04,2023-01-31,spx_eod_202301.txt
2023-03-01,130,2023-01-30,2023-01-31,spx_eod_202301.txt
2023-03-02,69,2023-01-31,2023-01-31,spx_eod_202301.txt
2023-03-03,1461,2023-01-11,2023-01-31,spx_eod_202301.txt
2023-03-06,296,2023-01-26,2023-01-31,spx_eod_202301.txt
2023-03-10,456,2023-01-25,2023-01-31,spx_eod_202301.txt
2023-03-17,6132,2023-01-04,2023-01-31,spx_eod_202301.txt
2023-03-31,6764,2023-01-04,2023-01-31,spx_eod_202301.txt
2023-04-21,4982,2023-01-04,2023-01-31,spx_eod_202301.txt
2023-04-28,3681,2023-01-04,2023-01-31,spx_eod_202301.txt
2023-05-19,4678,2023-01-04,2023-01-31,spx_eod_202301.txt
2023-05-31,2394,2023-01-04,2023-01-31,spx_eod_202301.txt
2023-06-16,4384,2023-01-04,2023-01-31,spx_eod_202301.txt
2023-06-30,5406,2023-01-04,2023-01-31,spx_eod_202301.txt
2023-07-21,2605,2023-01-04,2023-01-31,spx_eod_202301.txt
2023-08-18,2432,2023-01-04,2023-01-31,spx_eod_202301.txt
2023-09-15,2603,2023-01-04,2023-01-31,spx_eod_202301.txt
2023-09-29,1862,2023-01-04,2023-01-31,spx_eod_202301.txt
2023-10-20,2109,2023-01-04,2023-01-31,spx_eod_202301.txt
2023-11-17,2185,2023-01-04,2023-01-31,spx_eod_202301.txt
2023-12-15,3097,2023-01-04,2023-01-31,spx_eod_202301.txt
2023-12-29,1684,2023-01-04,2023-01-31,spx_eod_202301.txt
2024-01-19,2225,2023-01-04,2023-01-31,spx_eod_202301.txt
2024-02-16,1025,2023-01-19,2023-01-31,spx_eod_202301.txt
2024-03-15,2171,2023-01-04,2023-01-31,spx_eod_202301.txt
2024-06-21,2014,2023-01-04,2023-01-31,spx_eod_202301.txt
2024-12-20,1169,2023-01-04,2023-01-31,spx_eod_202301.txt
2025-12-19,1140,2023-01-04,2023-01-31,spx_eod_202301.txt
2026-12-18,1178,2023-01-04,2023-01-31,spx_eod_202301.txt
2027-12-17,988,2023-01-04,2023-01-31,spx_eod_202301.txt
2023-02-01,151,2023-02-01,2023-02-01,spx_eod_202302.txt
2023-02-02,314,2023-02-01,2023-02-02,spx_eod_202302.txt
2023-02-03,642,2023-02-01,2023-02-03,spx_eod_202302.txt
2023-02-06,658,2023-02-01,2023-02-06,spx_eod_202302.txt
2023-02-07,785,2023-02-01,2023-02-07,spx_eod_202302.txt
2023-02-08,884,2023-02-01,2023-02-08,spx_eod_202302.txt
2023-02-09,1085,2023-02-01,2023-02-09,spx_eod_202302.txt
2023-02-10,1586,2023-02-01,2023-02-10,spx_eod_202302.txt
2023-02-13,1387,2023-02-01,2023-02-13,spx_eod_202302.txt
2023-02-14,1385,2023-02-01,2023-02-14,spx_eod_202302.txt
2023-02-15,1592,2023-02-01,2023-02-15,spx_eod_202302.txt
2023-02-16,1760,2023-02-01,2023-02-16,spx_eod_202302.txt
2023-02-17,4721,2023-02-01,2023-02-17,spx_eod_202302.txt
2023-02-21,1781,2023-02-01,2023-02-21,spx_eod_202302.txt
2023-02-22,1906,2023-02-01,2023-02-22,spx_eod_202302.txt
2023-02-23,2039,2023-02-01,2023-02-23,spx_eod_202302.txt
2023-02-24,3319,2023-02-01,2023-02-24,spx_eod_202302.txt
2023-02-27,2398,2023-02-01,2023-02-27,spx_eod_202302.txt
2023-02-28,5915,2023-02-01,2023-02-28,spx_eod_202302.txt
2023-03-01,2231,2023-02-01,2023-02-28,spx_eod_202302.txt
2023-03-02,2243,2023-02-01,2023-02-28,spx_eod_202302.txt
2023-03-03,3381,2023-02-01,2023-02-28,spx_eod_202302.txt
2023-03-06,2472,2023-02-01,2023-02-28,spx_eod_202302.txt
2023-03-07,1767,2023-02-03,2023-02-28,spx_eod_202302.txt
2023-03-08,1635,2023-02-06,2023-02-28,spx_eod_202302.txt
2023-03-09,1482,2023-02-07,2023-02-28,spx_eod_202302.txt
2023-03-10,2950,2023-02-01,2023-02-28,spx_eod_202302.txt
2023-03-13,1989,2023-02-02,2023-02-28,spx_eod_202302.txt
2023-03-14,1175,2023-02-10,2023-02-28,spx_eod_202302.txt
2023-03-15,1149,2023-02-13,2023-02-28,spx_eod_202302.txt
2023-03-16,940,2023-02-14,2023-02-28,spx_eod_202302.txt
2023-03-17,6702,2023-02-01,2023-02-28,spx_eod_202302.txt
2023-03-20,1300,2023-02-09,2023-02-28,spx_eod_202302.txt
2023-03-21,689,2023-02-16,2023-02-28,spx_eod_202302.txt
2023-03-22,623,2023-02-17,2023-02-28,spx_eod_202302.txt
2023-03-23,484,2023-02-21,2023-02-28,spx_eod_202302.txt
2023-03-24,2584,2023-02-01,2023-02-28,spx_eod_202302.txt
2023-03-27,289,2023-02-23,2023-02-28,spx_eod_202302.txt
2023-03-28,202,2023-02-24,2023-02-28,spx_eod_202302.txt
2023-03-29,128,2023-02-27,2023-02-28,spx_eod_202302.txt
2023-03-30,66,2023-02-28,2023-02-28,spx_eod_202302.txt
2023-03-31,7061,2023-02-01,2023-02-28,spx_eod_202302.txt
2023-04-06,320,2023-02-23,2023-02-28,spx_eod_202302.txt
2023-04-14,1481,2023-02-08,2023-02-28,spx_eod_202302.txt
2023-04-21,5622,2023-02-01,2023-02-28,spx_eod_202302.txt
2023-04-28,5553,2023-02-01,2023-02-28,spx_eod_202302.txt
2023-05-05,432,2023-02-22,2023-02-28,spx_eod_202302.txt
2023-05-19,5490,2023-02-01,2023-02-28,spx_eod_202302.txt
2023-05-31,3607,2023-02-01,2023-02-28,spx_eod_202302.txt
2023-06-16,4867,2023-02-01,2023-02-28,spx_eod_202302.txt
2023-06-30,6090,2023-02-01,2023-02-28,spx_eod_202302.txt
2023-07-21,3931,2023-02-01,2023-02-28,spx_eod_202302.txt
2023-07-31,2413,2023-02-01,2023-02-28,spx_eod_202302.txt
2023-08-18,2799,2023-02-01,2023-02-28,spx_eod_202302.txt
2023-09-15,2603,2023-02-01,2023-02-28,spx_eod_202302.txt
2023-09-29,1931,2023-02-01,2023-02-28,spx_eod_202302.txt
2023-10-20,2119,2023-02-01,2023-02-28,spx_eod_202302.txt
2023-11-17,2185,2023-02-01,2023-02-28,spx_eod_202302.txt
2023-12-15,3097,2023-02-01,2023-02-28,spx_eod_202302.txt
2023-12-29,1837,2023-02-01,2023-02-28,spx_eod_202302.txt
2024-01-19,2242,2023-02-01,2023-02-28,spx_eod_202302.txt
2024-02-16,2274,2023-02-01,2023-02-28,spx_eod_202302.txt
2024-03-15,2274,2023-02-01,2023-02-28,spx_eod_202302.txt
2024-06-21,2014,2023-02-01,2023-02-28,spx_eod_202302.txt
2024-12-20,1178,2023-02-01,2023-02-28,spx_eod_202302.txt
2025-12-19,1140,2023-02-01,2023-02-28,spx_eod_202302.txt
2026-12-18,1178,2023-02-01,2023-02-28,spx_eod_202302.txt
2027-12-17,988,2023-02-01,2023-02-28,spx_eod_202302.txt
2023-03-01,143,2023-03-01,2023-03-01,spx_eod_202303.txt
2023-03-02,300,2023-03-01,2023-03-02,spx_eod_202303.txt
2023-03-03,610,2023-03-01,2023-03-03,spx_eod_202303.txt
2023-03-06,588,2023-03-01,2023-03-06,spx_eod_202303.txt
2023-03-07,748,2023-03-01,2023-03-07,spx_eod_202303.txt
2023-03-08,848,2023-03-01,2023-03-08,spx_eod_202303.txt
2023-03-09,988,2023-03-01,2023-03-09,spx_eod_202303.txt
2023-03-10,1492,2023-03-01,2023-03-10,spx_eod_202303.txt
2023-03-13,1343,2023-03-01,2023-03-13,spx_eod_202303.txt
2023-03-14,1465,2023-03-01,2023-03-14,spx_eod_202303.txt
2023-03-15,1618,2023-03-01,2023-03-15,spx_eod_202303.txt
2023-03-16,1688,2023-03-01,2023-03-16,spx_eod_202303.txt
2023-03-17,4638,2023-03-01,2023-03-17,spx_eod_202303.txt
2023-03-20,2059,2023-03-01,2023-03-20,spx_eod_202303.txt
2023-03-21,1978,2023-03-01,2023-03-21,spx_eod_202303.txt
2023-03-22,2069,2023-03-01,2023-03-22,spx_eod_202303.txt
2023-03-23,2176,2023-03-01,2023-03-23,spx_eod_202303.txt
2023-03-24,3681,2023-03-01,2023-03-24,spx_eod_202303.txt
2023-03-27,2428,2023-03-01,2023-03-27,spx_eod_202303.txt
2023-03-28,2424,2023-03-01,2023-03-28,spx_eod_202303.txt
2023-03-29,2607,2023-03-01,2023-03-29,spx_eod_202303.txt
2023-03-30,2553,2023-03-01,2023-03-30,spx_eod_202303.txt
2023-03-31,8579,2023-03-01,2023-03-31,spx_eod_202303.txt
2023-04-03,2579,2023-03-02,2023-03-31,spx_eod_202303.txt
2023-04-04,2329,2023-03-03,2023-03-31,spx_eod_202303.txt
2023-04-05,2288,2023-03-06,2023-03-31,spx_eod_202303.txt
2023-04-06,3093,2023-03-01,2023-03-31,spx_eod_202303.txt
2023-04-10,1880,2023-03-09,2023-03-31,spx_eod_202303.txt
2023-04-11,1586,2023-03-10,2023-03-31,spx_eod_202303.txt
2023-04-12,1567,2023-03-13,2023-03-31,spx_eod_202303.txt
2023-04-13,1318,2023-03-14,2023-03-31,spx_eod_202303.txt
2023-04-14,3975,2023-03-01,2023-03-31,spx_eod_202303.txt
2023-04-17,1170,2023-03-16,2023-03-31,spx_eod_202303.txt
2023-04-18,969,2023-03-17,2023-03-31,spx_eod_202303.txt
2023-04-19,919,2023-03-20,2023-03-31,spx_eod_202303.txt
2023-04-20,786,2023-03-21,2023-03-31,spx_eod_202303.txt
2023-04-21,7264,2023-03-01,2023-03-31,spx_eod_202303.txt
2023-04-24,514,2023-03-23,2023-03-31,spx_eod_202303.txt
2023-04-25,486,2023-03-24,2023-03-31,spx_eod_202303.txt
2023-04-26,405,2023-03-27,2023-03-31,spx_eod_202303.txt
2023-04-27,294,2023-03-28,2023-03-31,spx_eod_202303.txt
2023-04-28,7036,2023-03-01,2023-03-31,spx_eod_202303.txt
2023-05-01,139,2023-03-30,2023-03-31,spx_eod_202303.txt
2023-05-02,66,2023-03-31,2023-03-31,spx_eod_202303.txt
2023-05-05,3745,2023-03-01,2023-03-31,spx_eod_202303.txt
2023-05-12,3184,2023-03-01,2023-03-31,spx_eod_202303.txt
2023-05-19,7056,2023-03-01,2023-03-31,spx_eod_202303.txt
2023-05-26,2061,2023-03-08,2023-03-31,spx_eod_202303.txt
2023-05-31,6803,2023-03-01,2023-03-31,spx_eod_202303.txt
2023-06-02,732,2023-03-22,2023-03-31,spx_eod_202303.txt
2023-06-09,237,2023-03-29,2023-03-31,spx_eod_202303.txt
2023-06-16,6610,2023-03-01,2023-03-31,spx_eod_202303.txt
2023-06-30,7446,2023-03-01,2023-03-31,spx_eod_202303.txt
2023-07-21,5198,2023-03-01,2023-03-31,spx_eod_202303.txt
2023-07-31,3577,2023-03-01,2023-03-31,spx_eod_202303.txt
2023-08-18,4863,2023-03-01,2023-03-31,spx_eod_202303.txt
2023-08-31,2944,2023-03-01,2023-03-31,spx_eod_202303.txt
2023-09-15,3923,2023-03-01,2023-03-31,spx_eod_202303.txt
2023-09-29,2346,2023-03-01,2023-03-31,spx_eod_202303.txt
2023-10-20,2581,2023-03-01,2023-03-31,spx_eod_202303.txt
2023-11-17,2645,2023-03-01,2023-03-31,spx_eod_202303.txt
2023-12-15,3749,2023-03-01,2023-03-31,spx_eod_202303.txt
2023-12-29,2231,2023-03-01,2023-03-31,spx_eod_202303.txt
2024-01-19,2714,2023-03-01,2023-03-31,spx_eod_202303.txt
2024-02-16,2812,2023-03-01,2023-03-31,spx_eod_202303.txt
2024-03-15,2812,2023-03-01,2023-03-31,spx_eod_202303.txt
2024-03-28,660,2023-03-20,2023-03-31,spx_eod_202303.txt
2024-04-19,1352,2023-03-16,2023-03-31,spx_eod_202303.txt
2024-06-21,2438,2023-03-01,2023-03-31,spx_eod_202303.txt
2024-12-20,1453,2023-03-01,2023-03-31,spx_eod_202303.txt
2025-12-19,1380,2023-03-01,2023-03-31,spx_eod_202303.txt
2026-12-18,1426,2023-03-01,2023-03-31,spx_eod_202303.txt
2027-12-17,1196,2023-03-01,2023-03-31,spx_eod_202303.txt
2023-04-03,138,2023-04-03,2023-04-03,spx_eod_202304.txt
2023-04-04,302,2023-04-03,2023-04-04,spx_eod_202304.txt
2023-04-05,440,2023-04-03,2023-04-05,spx_eod_202304.txt
2023-04-06,654,2023-04-03,2023-04-06,spx_eod_202304.txt
2023-04-10,752,2023-04-03,2023-04-10,spx_eod_202304.txt
2023-04-11,844,2023-04-03,2023-04-11,spx_eod_202304.txt
2023-04-12,1014,2023-04-03,2023-04-12,spx_eod_202304.txt
2023-04-13,1135,2023-04-03,2023-04-13,spx_eod_202304.txt
2023-04-14,1816,2023-04-03,2023-04-14,spx_eod_202304.txt
2023-04-17,1374,2023-04-03,2023-04-17,spx_eod_202304.txt
2023-04-18,1488,2023-04-03,2023-04-18,spx_eod_202304.txt
2023-04-19,1643,2023-04-03,2023-04-19,spx_eod_202304.txt
2023-04-20,1764,2023-04-03,2023-04-20,spx_eod_202304.txt
2023-04-21,4590,2023-04-03,2023-04-21,spx_eod_202304.txt
2023-04-24,1832,2023-04-03,2023-04-24,spx_eod_202304.txt
2023-04-25,2033,2023-04-03,2023-04-25,spx_eod_202304.txt
2023-04-26,2072,2023-04-03,2023-04-26,spx_eod_202304.txt
2023-04-27,2172,2023-04-03,2023-04-27,spx_eod_202304.txt
2023-04-28,5871,2023-04-03,2023-04-28,spx_eod_202304.txt
2023-05-01,2122,2023-04-03,2023-04-28,spx_eod_202304.txt
2023-05-02,2066,2023-04-03,2023-04-28,spx_eod_202304.txt
2023-05-03,1965,2023-04-03,2023-04-28,spx_eod_202304.txt
2023-05-04,1832,2023-04-04,2023-04-28,spx_eod_202304.txt
2023-05-05,3713,2023-04-03,2023-04-28,spx_eod_202304.txt
2023-05-08,1745,2023-04-05,2023-04-28,spx_eod_202304.txt
2023-05-09,1585,2023-04-06,2023-04-28,spx_eod_202304.txt
2023-05-10,1521,2023-04-10,2023-04-28,spx_eod_202304.txt
2023-05-11,1334,2023-04-11,2023-04-28,spx_eod_202304.txt
2023-05-12,3772,2023-04-03,2023-04-28,spx_eod_202304.txt
2023-05-15,1161,2023-04-13,2023-04-28,spx_eod_202304.txt
2023-05-16,1003,2023-04-14,2023-04-28,spx_eod_202304.txt
2023-05-17,934,2023-04-17,2023-04-28,spx_eod_202304.txt
2023-05-18,776,2023-04-18,2023-04-28,spx_eod_202304.txt
2023-05-19,6303,2023-04-03,2023-04-28,spx_eod_202304.txt
2023-05-22,653,2023-04-20,2023-04-28,spx_eod_202304.txt
2023-05-23,488,2023-04-21,2023-04-28,spx_eod_202304.txt
2023-05-24,407,2023-04-24,2023-04-28,spx_eod_202304.txt
2023-05-25,310,2023-04-25,2023-04-28,spx_eod_202304.txt
2023-05-26,3336,2023-04-03,2023-04-28,spx_eod_202304.txt
2023-05-30,64,2023-04-28,2023-04-28,spx_eod_202304.txt
2023-05-31,5710,2023-04-03,2023-04-28,spx_eod_202304.txt
2023-06-02,2569,2023-04-03,2023-04-28,spx_eod_202304.txt
2023-06-05,141,2023-04-27,2023-04-28,spx_eod_202304.txt
2023-06-09,1843,2023-04-03,2023-04-28,spx_eod_202304.txt
2023-06-16,5842,2023-04-03,2023-04-28,spx_eod_202304.txt
2023-06-30,6194,2023-04-03,2023-04-28,spx_eod_202304.txt
2023-07-21,4942,2023-04-03,2023-04-28,spx_eod_202304.txt
2023-07-31,3741,2023-04-03,2023-04-28,spx_eod_202304.txt
2023-08-18,4374,2023-04-03,2023-04-28,spx_eod_202304.txt
2023-08-31,2432,2023-04-03,2023-04-28,spx_eod_202304.txt
2023-09-15,4307,2023-04-03,2023-04-28,spx_eod_202304.txt
2023-09-29,4969,2023-04-03,2023-04-28,spx_eod_202304.txt
2023-10-20,2559,2023-04-03,2023-04-28,spx_eod_202304.txt
2023-11-17,2190,2023-04-03,2023-04-28,spx_eod_202304.txt
2023-12-15,3097,2023-04-03,2023-04-28,spx_eod_202304.txt
2023-12-29,1843,2023-04-03,2023-04-28,spx_eod_202304.txt
2024-01-19,2242,2023-04-03,2023-04-28,spx_eod_202304.txt
2024-02-16,2337,2023-04-03,2023-04-28,spx_eod_202304.txt
2024-03-15,2337,2023-04-03,2023-04-28,spx_eod_202304.txt
2024-03-28,1643,2023-04-03,2023-04-28,spx_eod_202304.txt
2024-04-19,2277,2023-04-03,2023-04-28,spx_eod_202304.txt
2024-05-17,825,2023-04-20,2023-04-28,spx_eod_202304.txt
2024-06-21,2014,2023-04-03,2023-04-28,spx_eod_202304.txt
2024-12-20,1386,2023-04-03,2023-04-28,spx_eod_202304.txt
2025-12-19,1140,2023-04-03,2023-04-28,spx_eod_202304.txt
2026-12-18,1178,2023-04-03,2023-04-28,spx_eod_202304.txt
2027-12-17,988,2023-04-03,2023-04-28,spx_eod_202304.txt
2023-05-01,132,2023-05-01,2023-05-01,spx_eod_202305.txt
2023-05-02,305,2023-05-01,2023-05-02,spx_eod_202305.txt
2023-05-03,390,2023-05-01,2023-05-03,spx_eod_202305.txt
2023-05-04,587,2023-05-01,2023-05-04,spx_eod_202305.txt
2023-05-05,1055,2023-05-01,2023-05-05,spx_eod_202305.txt
2023-05-08,792,2023-05-01,2023-05-08,spx_eod_202305.txt
2023-05-09,988,2023-05-01,2023-05-09,spx_eod_202305.txt
2023-05-10,1040,2023-05-01,2023-05-10,spx_eod_202305.txt
2023-05-11,1262,2023-05-01,2023-05-11,spx_eod_202305.txt
2023-05-12,2040,2023-05-01,2023-05-12,spx_eod_202305.txt
2023-05-15,1420,2023-05-01,2023-05-15,spx_eod_202305.txt
2023-05-16,1566,2023-05-01,2023-05-16,spx_eod_202305.txt
2023-05-17,1613,2023-05-01,2023-05-17,spx_eod_202305.txt
2023-05-18,1816,2023-05-01,2023-05-18,spx_eod_202305.txt
2023-05-19,5070,2023-05-01,2023-05-19,spx_eod_202305.txt
2023-05-22,1977,2023-05-01,2023-05-22,spx_eod_202305.txt
2023-05-23,2079,2023-05-01,2023-05-23,spx_eod_202305.txt
2023-05-24,2196,2023-05-01,2023-05-24,spx_eod_202305.txt
2023-05-25,2343,2023-05-01,2023-05-25,spx_eod_202305.txt
2023-05-26,3760,2023-05-01,2023-05-26,spx_eod_202305.txt
2023-05-30,2336,2023-05-01,2023-05-30,spx_eod_202305.txt
2023-05-31,6706,2023-05-01,2023-05-31,spx_eod_202305.txt
2023-06-01,2368,2023-05-02,2023-05-31,spx_eod_202305.txt
2023-06-02,3782,2023-05-01,2023-05-31,spx_eod_202305.txt
2023-06-05,2659,2023-05-01,2023-05-31,spx_eod_202305.txt
2023-06-06,1900,2023-05-05,2023-05-31,spx_eod_202305.txt
2023-06-07,1767,2023-05-08,2023-05-31,spx_eod_202305.txt
2023-06-08,1621,2023-05-09,2023-05-31,spx_eod_202305.txt
2023-06-09,3297,2023-05-01,2023-05-31,spx_eod_202305.txt
2023-06-12,1963,2023-05-04,2023-05-31,spx_eod_202305.txt
2023-06-13,1269,2023-05-12,2023-05-31,spx_eod_202305.txt
2023-06-14,1137,2023-05-15,2023-05-31,spx_eod_202305.txt
2023-06-15,1038,2023-05-16,2023-05-31,spx_eod_202305.txt
2023-06-16,7162,2023-05-01,2023-05-31,spx_eod_202305.txt
2023-06-20,713,2023-05-19,2023-05-31,spx_eod_202305.txt
2023-06-21,651,2023-05-22,2023-05-31,spx_eod_202305.txt
2023-06-22,514,2023-05-23,2023-05-31,spx_eod_202305.txt
2023-06-23,2667,2023-05-03,2023-05-31,spx_eod_202305.txt
2023-06-26,1440,2023-05-11,2023-05-31,spx_eod_202305.txt
2023-06-27,229,2023-05-26,2023-05-31,spx_eod_202305.txt
2023-06-28,209,2023-05-26,2023-05-31,spx_eod_202305.txt
2023-06-29,142,2023-05-30,2023-05-31,spx_eod_202305.txt
2023-06-30,7200,2023-05-01,2023-05-31,spx_eod_202305.txt
2023-07-03,831,2023-05-18,2023-05-31,spx_eod_202305.txt
2023-07-07,1582,2023-05-10,2023-05-31,spx_eod_202305.txt
2023-07-14,619,2023-05-18,2023-05-31,spx_eod_202305.txt
2023-07-21,6072,2023-05-01,2023-05-31,spx_eod_202305.txt
2023-07-28,82,2023-05-31,2023-05-31,spx_eod_202305.txt
2023-07-31,6506,2023-05-01,2023-05-31,spx_eod_202305.txt
2023-08-18,5849,2023-05-01,2023-05-31,spx_eod_202305.txt
2023-08-31,4417,2023-05-01,2023-05-31,spx_eod_202305.txt
2023-09-15,5313,2023-05-01,2023-05-31,spx_eod_202305.txt
2023-09-29,6242,2023-05-01,2023-05-31,spx_eod_202305.txt
2023-10-20,4398,2023-05-01,2023-05-31,spx_eod_202305.txt
2023-10-31,2948,2023-05-01,2023-05-31,spx_eod_202305.txt
2023-11-17,3149,2023-05-01,2023-05-31,spx_eod_202305.txt
2023-12-15,3586,2023-05-01,2023-05-31,spx_eod_202305.txt
2023-12-29,2136,2023-05-01,2023-05-31,spx_eod_202305.txt
2024-01-19,2596,2023-05-01,2023-05-31,spx_eod_202305.txt
2024-02-16,2706,2023-05-01,2023-05-31,spx_eod_202305.txt
2024-03-15,2706,2023-05-01,2023-05-31,spx_eod_202305.txt
2024-03-28,1982,2023-05-01,2023-05-31,spx_eod_202305.txt
2024-04-19,2662,2023-05-01,2023-05-31,spx_eod_202305.txt
2024-05-17,2648,2023-05-01,2023-05-31,spx_eod_202305.txt
2024-06-21,2446,2023-05-01,2023-05-31,spx_eod_202305.txt
2024-12-20,1628,2023-05-01,2023-05-31,spx_eod_202305.txt
2025-12-19,1320,2023-05-01,2023-05-31,spx_eod_202305.txt
2026-12-18,1364,2023-05-01,2023-05-31,spx_eod_202305.txt
2027-12-17,1144,2023-05-01,2023-05-31,spx_eod_202305.txt
2023-06-01,146,2023-06-01,2023-06-01,spx_eod_202306.txt
2023-06-02,385,2023-06-01,2023-06-02,spx_eod_202306.txt
2023-06-05,417,2023-06-01,2023-06-05,spx_eod_202306.txt
2023-06-06,607,2023-06-01,2023-06-06,spx_eod_202306.txt
2023-06-07,692,2023-06-01,2023-06-07,spx_eod_202306.txt
2023-06-08,887,2023-06-01,2023-06-08,spx_eod_202306.txt
2023-06-09,1309,2023-06-01,2023-06-09,spx_eod_202306.txt
2023-06-12,1150,2023-06-01,2023-06-12,spx_eod_202306.txt
2023-06-13,1290,2023-06-01,2023-06-13,spx_eod_202306.txt
2023-06-14,1383,2023-06-01,2023-06-14,spx_eod_202306.txt
2023-06-15,1587,2023-06-01,2023-06-15,spx_eod_202306.txt
2023-06-16,4081,2023-06-01,2023-06-16,spx_eod_202306.txt
2023-06-20,1819,2023-06-01,2023-06-20,spx_eod_202306.txt
2023-06-21,1992,2023-06-01,2023-06-21,spx_eod_202306.txt
2023-06-22,2020,2023-06-01,2023-06-22,spx_eod_202306.txt
2023-06-23,3116,2023-06-01,2023-06-23,spx_eod_202306.txt
2023-06-26,2561,2023-06-01,2023-06-26,spx_eod_202306.txt
2023-06-27,2291,2023-06-01,2023-06-27,spx_eod_202306.txt
2023-06-28,2589,2023-06-01,2023-06-28,spx_eod_202306.txt
2023-06-29,2517,2023-06-01,2023-06-29,spx_eod_202306.txt
2023-06-30,7615,2023-06-01,2023-06-30,spx_eod_202306.txt
2023-07-03,3197,2023-06-01,2023-06-30,spx_eod_202306.txt
2023-07-05,2189,2023-06-05,2023-06-30,spx_eod_202306.txt
2023-07-06,2005,2023-06-06,2023-06-30,spx_eod_202306.txt
2023-07-07,3686,2023-06-01,2023-06-30,spx_eod_202306.txt
2023-07-10,2493,2023-06-01,2023-06-30,spx_eod_202306.txt
2023-07-11,2278,2023-06-02,2023-06-30,spx_eod_202306.txt
2023-07-12,1526,2023-06-12,2023-06-30,spx_eod_202306.txt
2023-07-13,1361,2023-06-13,2023-06-30,spx_eod_202306.txt
2023-07-14,3535,2023-06-01,2023-06-30,spx_eod_202306.txt
2023-07-17,1757,2023-06-08,2023-06-30,spx_eod_202306.txt
2023-07-18,1583,2023-06-09,2023-06-30,spx_eod_202306.txt
2023-07-19,993,2023-06-16,2023-06-30,spx_eod_202306.txt
2023-07-20,845,2023-06-20,2023-06-30,spx_eod_202306.txt
2023-07-21,6932,2023-06-01,2023-06-30,spx_eod_202306.txt
2023-07-24,669,2023-06-22,2023-06-30,spx_eod_202306.txt
2023-07-25,1023,2023-06-15,2023-06-30,spx_eod_202306.txt
2023-07-26,422,2023-06-26,2023-06-30,spx_eod_202306.txt
2023-07-27,325,2023-06-27,2023-06-30,spx_eod_202306.txt
2023-07-28,3147,2023-06-01,2023-06-30,spx_eod_202306.txt
2023-07-31,6540,2023-06-01,2023-06-30,spx_eod_202306.txt
2023-08-01,503,2023-06-23,2023-06-30,spx_eod_202306.txt
2023-08-02,70,2023-06-30,2023-06-30,spx_eod_202306.txt
2023-08-04,2138,2023-06-07,2023-06-30,spx_eod_202306.txt
2023-08-11,793,2023-06-21,2023-06-30,spx_eod_202306.txt
2023-08-18,6478,2023-06-01,2023-06-30,spx_eod_202306.txt
2023-08-31,6556,2023-06-01,2023-06-30,spx_eod_202306.txt
2023-09-15,6250,2023-06-01,2023-06-30,spx_eod_202306.txt
2023-09-29,6752,2023-06-01,2023-06-30,spx_eod_202306.txt
2023-10-20,4971,2023-06-01,2023-06-30,spx_eod_202306.txt
2023-10-31,3583,2023-06-01,2023-06-30,spx_eod_202306.txt
2023-11-17,4659,2023-06-01,2023-06-30,spx_eod_202306.txt
2023-11-30,2772,2023-06-01,2023-06-30,spx_eod_202306.txt
2023-12-15,4169,2023-06-01,2023-06-30,spx_eod_202306.txt
2023-12-29,2198,2023-06-01,2023-06-30,spx_eod_202306.txt
2024-01-19,2550,2023-06-01,2023-06-30,spx_eod_202306.txt
2024-02-16,2583,2023-06-01,2023-06-30,spx_eod_202306.txt
2024-03-15,2583,2023-06-01,2023-06-30,spx_eod_202306.txt
2024-03-28,2051,2023-06-01,2023-06-30,spx_eod_202306.txt
2024-04-19,2541,2023-06-01,2023-06-30,spx_eod_202306.txt
2024-05-17,2541,2023-06-01,2023-06-30,spx_eod_202306.txt
2024-06-21,2726,2023-06-01,2023-06-30,spx_eod_202306.txt
2024-06-28,675,2023-06-20,2023-06-30,spx_eod_202306.txt
2024-07-19,1373,2023-06-15,2023-06-30,spx_eod_202306.txt
2024-09-20,1364,2023-06-15,2023-06-30,spx_eod_202306.txt
2024-12-20,1576,2023-06-01,2023-06-30,spx_eod_202306.txt
2025-06-20,869,2023-06-15,2023-06-30,spx_eod_202306.txt
2025-12-19,1266,2023-06-01,2023-06-30,spx_eod_202306.txt
2026-12-18,1305,2023-06-01,2023-06-30,spx_eod_202306.txt
2027-12-17,1092,2023-06-01,2023-06-30,spx_eod_202306.txt
2028-12-15,55,2023-06-20,2023-06-27,spx_eod_202306.txt
2023-07-03,175,2023-07-03,2023-07-03,spx_eod_202307.txt
2023-07-05,290,2023-07-03,2023-07-05,spx_eod_202307.txt
2023-07-06,453,2023-07-03,2023-07-06,spx_eod_202307.txt
2023-07-07,868,2023-07-03,2023-07-07,spx_eod_202307.txt
2023-07-10,730,2023-07-03,2023-07-10,spx_eod_202307.txt
2023-07-11,924,2023-07-03,2023-07-11,spx_eod_202307.txt
2023-07-12,924,2023-07-03,2023-07-12,spx_eod_202307.txt
2023-07-13,1128,2023-07-03,2023-07-13,spx_eod_202307.txt
2023-07-14,1766,2023-07-03,2023-07-14,spx_eod_202307.txt
2023-07-17,1361,2023-07-03,2023-07-17,spx_eod_202307.txt
2023-07-18,1613,2023-07-03,2023-07-18,spx_eod_202307.txt
2023-07-19,1628,2023-07-03,2023-07-19,spx_eod_202307.txt
2023-07-20,1802,2023-07-03,2023-07-20,spx_eod_202307.txt
2023-07-21,4990,2023-07-03,2023-07-21,spx_eod_202307.txt
2023-07-24,2106,2023-07-03,2023-07-24,spx_eod_202307.txt
2023-07-25,2257,2023-07-03,2023-07-25,spx_eod_202307.txt
2023-07-26,2266,2023-07-03,2023-07-26,spx_eod_202307.txt
2023-07-27,2411,2023-07-03,2023-07-27,spx_eod_202307.txt
2023-07-28,3892,2023-07-03,2023-07-28,spx_eod_202307.txt
2023-07-31,6775,2023-07-03,2023-07-31,spx_eod_202307.txt
2023-08-01,2670,2023-07-03,2023-07-31,spx_eod_202307.txt
2023-08-02,2506,2023-07-03,2023-07-31,spx_eod_202307.txt
2023-08-03,2386,2023-07-03,2023-07-31,spx_eod_202307.txt
2023-08-04,3742,2023-07-03,2023-07-31,spx_eod_202307.txt
2023-08-07,2266,2023-07-06,2023-07-31,spx_eod_202307.txt
2023-08-08,2006,2023-07-07,2023-07-31,spx_eod_202307.txt
2023-08-09,1914,2023-07-10,2023-07-31,spx_eod_202307.txt
2023-08-10,1628,2023-07-11,2023-07-31,spx_eod_202307.txt
2023-08-11,3425,2023-07-03,2023-07-31,spx_eod_202307.txt
2023-08-14,1430,2023-07-13,2023-07-31,spx_eod_202307.txt
2023-08-15,1197,2023-07-14,2023-07-31,spx_eod_202307.txt
2023-08-16,1149,2023-07-17,2023-07-31,spx_eod_202307.txt
2023-08-17,942,2023-07-18,2023-07-31,spx_eod_202307.txt
2023-08-18,7049,2023-07-03,2023-07-31,spx_eod_202307.txt
2023-08-21,820,2023-07-20,2023-07-31,spx_eod_202307.txt
2023-08-22,615,2023-07-21,2023-07-31,spx_eod_202307.txt
2023-08-23,574,2023-07-24,2023-07-31,spx_eod_202307.txt
2023-08-24,426,2023-07-25,2023-07-31,spx_eod_202307.txt
2023-08-25,2791,2023-07-05,2023-07-31,spx_eod_202307.txt
2023-08-28,234,2023-07-27,2023-07-31,spx_eod_202307.txt
2023-08-29,126,2023-07-28,2023-07-31,spx_eod_202307.txt
2023-08-30,57,2023-07-31,2023-07-31,spx_eod_202307.txt
2023-08-31,6564,2023-07-03,2023-07-31,spx_eod_202307.txt
2023-09-01,1594,2023-07-12,2023-07-31,spx_eod_202307.txt
2023-09-08,383,2023-07-26,2023-07-31,spx_eod_202307.txt
2023-09-15,6709,2023-07-03,2023-07-31,spx_eod_202307.txt
2023-09-29,7139,2023-07-03,2023-07-31,spx_eod_202307.txt
2023-10-20,5707,2023-07-03,2023-07-31,spx_eod_202307.txt
2023-10-31,4574,2023-07-03,2023-07-31,spx_eod_202307.txt
2023-11-17,5032,2023-07-03,2023-07-31,spx_eod_202307.txt
2023-11-30,3656,2023-07-03,2023-07-31,spx_eod_202307.txt
2023-12-15,5140,2023-07-03,2023-07-31,spx_eod_202307.txt
2023-12-29,6101,2023-07-03,2023-07-31,spx_eod_202307.txt
2024-01-19,3101,2023-07-03,2023-07-31,spx_eod_202307.txt
2024-02-16,2509,2023-07-03,2023-07-31,spx_eod_202307.txt
2024-03-15,2460,2023-07-03,2023-07-31,spx_eod_202307.txt
2024-03-28,2101,2023-07-03,2023-07-31,spx_eod_202307.txt
2024-04-19,2420,2023-07-03,2023-07-31,spx_eod_202307.txt
2024-05-17,2420,2023-07-03,2023-07-31,spx_eod_202307.txt
2024-06-21,2660,2023-07-03,2023-07-31,spx_eod_202307.txt
2024-06-28,1944,2023-07-03,2023-07-31,spx_eod_202307.txt
2024-07-19,2585,2023-07-03,2023-07-31,spx_eod_202307.txt
2024-08-16,1032,2023-07-20,2023-07-31,spx_eod_202307.txt
2024-09-20,2480,2023-07-03,2023-07-31,spx_eod_202307.txt
2024-12-20,1520,2023-07-03,2023-07-31,spx_eod_202307.txt
2025-06-20,1580,2023-07-03,2023-07-31,spx_eod_202307.txt
2025-12-19,1240,2023-07-03,2023-07-31,spx_eod_202307.txt
2026-12-18,1260,2023-07-03,2023-07-31,spx_eod_202307.txt
2027-12-17,1040,2023-07-03,2023-07-31,spx_eod_202307.txt
2028-12-15,2,2023-07-24,2023-07-24,spx_eod_202307.txt
2023-08-01,159,2023-08-01,2023-08-01,spx_eod_202308.txt
2023-08-02,298,2023-08-01,2023-08-02,spx_eod_202308.txt
2023-08-03,453,2023-08-01,2023-08-03,spx_eod_202308.txt
2023-08-04,884,2023-08-01,2023-08-04,spx_eod_202308.txt
2023-08-07,745,2023-08-01,2023-08-07,spx_eod_202308.txt
2023-08-08,926,2023-08-01,2023-08-08,spx_eod_202308.txt
2023-08-09,1003,2023-08-01,2023-08-09,spx_eod_202308.txt
2023-08-10,1196,2023-08-01,2023-08-10,spx_eod_202308.txt
2023-08-11,1772,2023-08-01,2023-08-11,spx_eod_202308.txt
2023-08-14,1406,2023-08-01,2023-08-14,spx_eod_202308.txt
2023-08-15,1581,2023-08-01,2023-08-15,spx_eod_202308.txt
2023-08-16,1668,2023-08-01,2023-08-16,spx_eod_202308.txt
2023-08-17,1863,2023-08-01,2023-08-17,spx_eod_202308.txt
2023-08-18,5166,2023-08-01,2023-08-18,spx_eod_202308.txt
2023-08-21,2163,2023-08-01,2023-08-21,spx_eod_202308.txt
2023-08-22,2276,2023-08-01,2023-08-22,spx_eod_202308.txt
2023-08-23,2423,2023-08-01,2023-08-23,spx_eod_202308.txt
2023-08-24,2475,2023-08-01,2023-08-24,spx_eod_202308.txt
2023-08-25,3820,2023-08-01,2023-08-25,spx_eod_202308.txt
2023-08-28,2881,2023-08-01,2023-08-28,spx_eod_202308.txt
2023-08-29,2867,2023-08-01,2023-08-29,spx_eod_202308.txt
2023-08-30,3084,2023-08-01,2023-08-30,spx_eod_202308.txt
2023-08-31,7889,2023-08-01,2023-08-31,spx_eod_202308.txt
2023-09-01,4370,2023-08-01,2023-08-31,spx_eod_202308.txt
2023-09-05,2376,2023-08-04,2023-08-31,spx_eod_202308.txt
2023-09-06,2318,2023-08-07,2023-08-31,spx_eod_202308.txt
2023-09-07,2070,2023-08-08,2023-08-31,spx_eod_202308.txt
2023-09-08,3976,2023-08-01,2023-08-31,spx_eod_202308.txt
2023-09-11,2965,2023-08-03,2023-08-31,spx_eod_202308.txt
2023-09-12,1574,2023-08-11,2023-08-31,spx_eod_202308.txt
2023-09-13,1590,2023-08-14,2023-08-31,spx_eod_202308.txt
2023-09-14,1326,2023-08-15,2023-08-31,spx_eod_202308.txt
2023-09-15,8461,2023-08-01,2023-08-31,spx_eod_202308.txt
2023-09-18,2013,2023-08-10,2023-08-31,spx_eod_202308.txt
2023-09-19,949,2023-08-18,2023-08-31,spx_eod_202308.txt
2023-09-20,888,2023-08-21,2023-08-31,spx_eod_202308.txt
2023-09-21,726,2023-08-22,2023-08-31,spx_eod_202308.txt
2023-09-22,3323,2023-08-02,2023-08-31,spx_eod_202308.txt
2023-09-25,1233,2023-08-17,2023-08-31,spx_eod_202308.txt
2023-09-26,369,2023-08-25,2023-08-31,spx_eod_202308.txt
2023-09-27,278,2023-08-28,2023-08-31,spx_eod_202308.txt
2023-09-28,171,2023-08-29,2023-08-31,spx_eod_202308.txt
2023-09-29,8579,2023-08-01,2023-08-31,spx_eod_202308.txt
2023-10-02,527,2023-08-24,2023-08-31,spx_eod_202308.txt
2023-10-03,59,2023-08-31,2023-08-31,spx_eod_202308.txt
2023-10-06,2006,2023-08-09,2023-08-31,spx_eod_202308.txt
2023-10-13,646,2023-08-23,2023-08-31,spx_eod_202308.txt
2023-10-20,7218,2023-08-01,2023-08-31,spx_eod_202308.txt
2023-10-27,158,2023-08-30,2023-08-31,spx_eod_202308.txt
2023-10-31,7585,2023-08-01,2023-08-31,spx_eod_202308.txt
2023-11-17,6847,2023-08-01,2023-08-31,spx_eod_202308.txt
2023-11-30,5386,2023-08-01,2023-08-31,spx_eod_202308.txt
2023-12-15,6373,2023-08-01,2023-08-31,spx_eod_202308.txt
2023-12-29,7436,2023-08-01,2023-08-31,spx_eod_202308.txt
2024-01-19,5260,2023-08-01,2023-08-31,spx_eod_202308.txt
2024-01-31,3358,2023-08-01,2023-08-31,spx_eod_202308.txt
2024-02-16,3815,2023-08-01,2023-08-31,spx_eod_202308.txt
2024-03-15,2862,2023-08-01,2023-08-31,spx_eod_202308.txt
2024-03-28,2507,2023-08-01,2023-08-31,spx_eod_202308.txt
2024-04-19,2783,2023-08-01,2023-08-31,spx_eod_202308.txt
2024-05-17,2783,2023-08-01,2023-08-31,spx_eod_202308.txt
2024-06-21,3059,2023-08-01,2023-08-31,spx_eod_202308.txt
2024-06-28,2323,2023-08-01,2023-08-31,spx_eod_202308.txt
2024-07-19,3036,2023-08-01,2023-08-31,spx_eod_202308.txt
2024-08-16,3044,2023-08-01,2023-08-31,spx_eod_202308.txt
2024-09-20,2870,2023-08-01,2023-08-31,spx_eod_202308.txt
2024-12-20,1748,2023-08-01,2023-08-31,spx_eod_202308.txt
2025-06-20,1817,2023-08-01,2023-08-31,spx_eod_202308.txt
2025-12-19,1426,2023-08-01,2023-08-31,spx_eod_202308.txt
2026-12-18,1449,2023-08-01,2023-08-31,spx_eod_202308.txt
2027-12-17,1196,2023-08-01,2023-08-31,spx_eod_202308.txt
2023-09-01,208,2023-09-01,2023-09-01,spx_eod_202309.txt
2023-09-05,318,2023-09-01,2023-09-05,spx_eod_202309.txt
2023-09-06,472,2023-09-01,2023-09-06,spx_eod_202309.txt
2023-09-07,627,2023-09-01,2023-09-07,spx_eod_202309.txt
2023-09-08,970,2023-09-01,2023-09-08,spx_eod_202309.txt
2023-09-11,1042,2023-09-01,2023-09-11,spx_eod_202309.txt
2023-09-12,1024,2023-09-01,2023-09-12,spx_eod_202309.txt
2023-09-13,1167,2023-09-01,2023-09-13,spx_eod_202309.txt
2023-09-14,1307,2023-09-01,2023-09-14,spx_eod_202309.txt
2023-09-15,3690,2023-09-01,2023-09-15,spx_eod_202309.txt
2023-09-18,1776,2023-09-01,2023-09-18,spx_eod_202309.txt
2023-09-19,1669,2023-09-01,2023-09-19,spx_eod_202309.txt
2023-09-20,1846,2023-09-01,2023-09-20,spx_eod_202309.txt
2023-09-21,1951,2023-09-01,2023-09-21,spx_eod_202309.txt
2023-09-22,2929,2023-09-01,2023-09-22,spx_eod_202309.txt
2023-09-25,2572,2023-09-01,2023-09-25,spx_eod_202309.txt
2023-09-26,2271,2023-09-01,2023-09-26,spx_eod_202309.txt
2023-09-27,2454,2023-09-01,2023-09-27,spx_eod_202309.txt
2023-09-28,2536,2023-09-01,2023-09-28,spx_eod_202309.txt
2023-09-29,7460,2023-09-01,2023-09-29,spx_eod_202309.txt
2023-10-02,3069,2023-09-01,2023-09-29,spx_eod_202309.txt
2023-10-03,2462,2023-09-01,2023-09-29,spx_eod_202309.txt
2023-10-04,2443,2023-09-01,2023-09-29,spx_eod_202309.txt
2023-10-05,2289,2023-09-05,2023-09-29,spx_eod_202309.txt
2023-10-06,3724,2023-09-01,2023-09-29,spx_eod_202309.txt
2023-10-09,2089,2023-09-07,2023-09-29,spx_eod_202309.txt
2023-10-10,1845,2023-09-08,2023-09-29,spx_eod_202309.txt
2023-10-11,1831,2023-09-11,2023-09-29,spx_eod_202309.txt
2023-10-12,1932,2023-09-05,2023-09-29,spx_eod_202309.txt
2023-10-13,3389,2023-09-01,2023-09-29,spx_eod_202309.txt
2023-10-16,1704,2023-09-07,2023-09-29,spx_eod_202309.txt
2023-10-17,1535,2023-09-08,2023-09-29,spx_eod_202309.txt
2023-10-18,1454,2023-09-11,2023-09-29,spx_eod_202309.txt
2023-10-19,1268,2023-09-12,2023-09-29,spx_eod_202309.txt
2023-10-20,6661,2023-09-01,2023-09-29,spx_eod_202309.txt
2023-10-23,1107,2023-09-14,2023-09-29,spx_eod_202309.txt
2023-10-24,934,2023-09-15,2023-09-29,spx_eod_202309.txt
2023-10-25,774,2023-09-18,2023-09-29,spx_eod_202309.txt
2023-10-26,686,2023-09-19,2023-09-29,spx_eod_202309.txt
2023-10-27,3146,2023-09-01,2023-09-29,spx_eod_202309.txt
2023-10-30,541,2023-09-21,2023-09-29,spx_eod_202309.txt
2023-10-31,6755,2023-09-01,2023-09-29,spx_eod_202309.txt
2023-11-01,307,2023-09-25,2023-09-29,spx_eod_202309.txt
2023-11-02,240,2023-09-26,2023-09-29,spx_eod_202309.txt
2023-11-03,2271,2023-09-06,2023-09-29,spx_eod_202309.txt
2023-11-06,136,2023-09-28,2023-09-29,spx_eod_202309.txt
2023-11-07,56,2023-09-29,2023-09-29,spx_eod_202309.txt
2023-11-10,789,2023-09-20,2023-09-29,spx_eod_202309.txt
2023-11-17,6355,2023-09-01,2023-09-29,spx_eod_202309.txt
2023-11-30,6236,2023-09-01,2023-09-29,spx_eod_202309.txt
2023-12-15,6198,2023-09-01,2023-09-29,spx_eod_202309.txt
2023-12-29,6757,2023-09-01,2023-09-29,spx_eod_202309.txt
2024-01-19,5072,2023-09-01,2023-09-29,spx_eod_202309.txt
2024-01-31,3490,2023-09-01,2023-09-29,spx_eod_202309.txt
2024-02-16,4526,2023-09-01,2023-09-29,spx_eod_202309.txt
2024-02-29,1600,2023-09-01,2023-09-29,spx_eod_202309.txt
2024-03-15,3456,2023-09-01,2023-09-29,spx_eod_202309.txt
2024-03-28,2180,2023-09-01,2023-09-29,spx_eod_202309.txt
2024-04-19,2460,2023-09-01,2023-09-29,spx_eod_202309.txt
2024-05-17,2420,2023-09-01,2023-09-29,spx_eod_202309.txt
2024-06-21,2660,2023-09-01,2023-09-29,spx_eod_202309.txt
2024-06-28,2035,2023-09-01,2023-09-29,spx_eod_202309.txt
2024-07-19,2640,2023-09-01,2023-09-29,spx_eod_202309.txt
2024-08-16,2680,2023-09-01,2023-09-29,spx_eod_202309.txt
2024-09-20,2580,2023-09-01,2023-09-29,spx_eod_202309.txt
2024-09-30,750,2023-09-18,2023-09-29,spx_eod_202309.txt
2024-10-18,1542,2023-09-14,2023-09-29,spx_eod_202309.txt
2024-12-20,2015,2023-09-01,2023-09-29,spx_eod_202309.txt
2025-01-17,1524,2023-09-14,2023-09-29,spx_eod_202309.txt
2025-06-20,1580,2023-09-01,2023-09-29,spx_eod_202309.txt
2025-12-19,1240,2023-09-01,2023-09-29,spx_eod_202309.txt
2026-12-18,1260,2023-09-01,2023-09-29,spx_eod_202309.txt
2027-12-17,1040,2023-09-01,2023-09-29,spx_eod_202309.txt
2028-12-15,825,2023-09-11,2023-09-29,spx_eod_202309.txt
2023-10-02,182,2023-10-02,2023-10-02,spx_eod_202310.txt
2023-10-03,344,2023-10-02,2023-10-03,spx_eod_202310.txt
2023-10-04,524,2023-10-02,2023-10-04,spx_eod_202310.txt
2023-10-05,702,2023-10-02,2023-10-05,spx_eod_202310.txt
2023-10-06,1127,2023-10-02,2023-10-06,spx_eod_202310.txt
2023-10-09,1059,2023-10-02,2023-10-09,spx_eod_202310.txt
2023-10-10,1179,2023-10-02,2023-10-10,spx_eod_202310.txt
2023-10-11,1374,2023-10-02,2023-10-11,spx_eod_202310.txt
2023-10-12,1490,2023-10-02,2023-10-12,spx_eod_202310.txt
2023-10-13,2005,2023-10-02,2023-10-13,spx_eod_202310.txt
2023-10-16,1729,2023-10-02,2023-10-16,spx_eod_202310.txt
2023-10-17,1852,2023-10-02,2023-10-17,spx_eod_202310.txt
2023-10-18,1948,2023-10-02,2023-10-18,spx_eod_202310.txt
2023-10-19,2027,2023-10-02,2023-10-19,spx_eod_202310.txt
2023-10-20,5180,2023-10-02,2023-10-20,spx_eod_202310.txt
2023-10-23,2274,2023-10-02,2023-10-23,spx_eod_202310.txt
2023-10-24,2390,2023-10-02,2023-10-24,spx_eod_202310.txt
2023-10-25,2457,2023-10-02,2023-10-25,spx_eod_202310.txt
2023-10-26,2524,2023-10-02,2023-10-26,spx_eod_202310.txt
2023-10-27,4243,2023-10-02,2023-10-27,spx_eod_202310.txt
2023-10-30,2876,2023-10-02,2023-10-30,spx_eod_202310.txt
2023-10-31,7701,2023-10-02,2023-10-31,spx_eod_202310.txt
2023-11-01,2800,2023-10-02,2023-10-31,spx_eod_202310.txt
2023-11-02,2652,2023-10-02,2023-10-31,spx_eod_202310.txt
2023-11-03,4075,2023-10-02,2023-10-31,spx_eod_202310.txt
2023-11-06,2532,2023-10-02,2023-10-31,spx_eod_202310.txt
2023-11-07,2419,2023-10-02,2023-10-31,spx_eod_202310.txt
2023-11-08,2379,2023-10-02,2023-10-31,spx_eod_202310.txt
2023-11-09,2198,2023-10-03,2023-10-31,spx_eod_202310.txt
2023-11-10,3604,2023-10-02,2023-10-31,spx_eod_202310.txt
2023-11-13,2063,2023-10-05,2023-10-31,spx_eod_202310.txt
2023-11-14,1816,2023-10-06,2023-10-31,spx_eod_202310.txt
2023-11-15,1700,2023-10-09,2023-10-31,spx_eod_202310.txt
2023-11-16,1508,2023-10-10,2023-10-31,spx_eod_202310.txt
2023-11-17,7546,2023-10-02,2023-10-31,spx_eod_202310.txt
2023-11-20,1358,2023-10-12,2023-10-31,spx_eod_202310.txt
2023-11-21,1174,2023-10-13,2023-10-31,spx_eod_202310.txt
2023-11-22,1052,2023-10-16,2023-10-31,spx_eod_202310.txt
2023-11-24,2924,2023-10-04,2023-10-31,spx_eod_202310.txt
2023-11-27,727,2023-10-19,2023-10-31,spx_eod_202310.txt
2023-11-28,551,2023-10-20,2023-10-31,spx_eod_202310.txt
2023-11-29,454,2023-10-23,2023-10-31,spx_eod_202310.txt
2023-11-30,7278,2023-10-02,2023-10-31,spx_eod_202310.txt
2023-12-01,1692,2023-10-11,2023-10-31,spx_eod_202310.txt
2023-12-04,274,2023-10-26,2023-10-31,spx_eod_202310.txt
2023-12-05,159,2023-10-27,2023-10-31,spx_eod_202310.txt
2023-12-06,102,2023-10-30,2023-10-31,spx_eod_202310.txt
2023-12-07,343,2023-10-24,2023-10-31,spx_eod_202310.txt
2023-12-08,407,2023-10-25,2023-10-31,spx_eod_202310.txt
2023-12-14,53,2023-10-31,2023-10-31,spx_eod_202310.txt
2023-12-15,7451,2023-10-02,2023-10-31,spx_eod_202310.txt
2023-12-29,8011,2023-10-02,2023-10-31,spx_eod_202310.txt
2024-01-19,6410,2023-10-02,2023-10-31,spx_eod_202310.txt
2024-01-31,4972,2023-10-02,2023-10-31,spx_eod_202310.txt
2024-02-16,5391,2023-10-02,2023-10-31,spx_eod_202310.txt
2024-02-29,1760,2023-10-02,2023-10-31,spx_eod_202310.txt
2024-03-15,4971,2023-10-02,2023-10-31,spx_eod_202310.txt
2024-03-28,6420,2023-10-02,2023-10-31,spx_eod_202310.txt
2024-04-19,3314,2023-10-02,2023-10-31,spx_eod_202310.txt
2024-05-17,2667,2023-10-02,2023-10-31,spx_eod_202310.txt
2024-06-21,2926,2023-10-02,2023-10-31,spx_eod_202310.txt
2024-06-28,2451,2023-10-02,2023-10-31,spx_eod_202310.txt
2024-07-19,2904,2023-10-02,2023-10-31,spx_eod_202310.txt
2024-08-16,2948,2023-10-02,2023-10-31,spx_eod_202310.txt
2024-09-20,2838,2023-10-02,2023-10-31,spx_eod_202310.txt
2024-09-30,2311,2023-10-02,2023-10-31,spx_eod_202310.txt
2024-10-18,2920,2023-10-02,2023-10-31,spx_eod_202310.txt
2024-11-15,1060,2023-10-19,2023-10-31,spx_eod_202310.txt
2024-12-20,2882,2023-10-02,2023-10-31,spx_eod_202310.txt
2025-01-17,2794,2023-10-02,2023-10-31,spx_eod_202310.txt
2025-06-20,1738,2023-10-02,2023-10-31,spx_eod_202310.txt
2025-12-19,1364,2023-10-02,2023-10-31,spx_eod_202310.txt
2026-12-18,1386,2023-10-02,2023-10-31,spx_eod_202310.txt
2027-12-17,1144,2023-10-02,2023-10-31,spx_eod_202310.txt
2028-12-15,1210,2023-10-02,2023-10-31,spx_eod_202310.txt
2023-11-01,172,2023-11-01,2023-11-01,spx_eod_202311.txt
2023-11-02,344,2023-11-01,2023-11-02,spx_eod_202311.txt
2023-11-03,654,2023-11-01,2023-11-03,spx_eod_202311.txt
2023-11-06,669,2023-11-01,2023-11-06,spx_eod_202311.txt
2023-11-07,844,2023-11-01,2023-11-07,spx_eod_202311.txt
2023-11-08,1012,2023-11-01,2023-11-08,spx_eod_202311.txt
2023-11-09,1180,2023-11-01,2023-11-09,spx_eod_202311.txt
2023-11-10,1633,2023-11-01,2023-11-10,spx_eod_202311.txt
2023-11-13,1475,2023-11-01,2023-11-13,spx_eod_202311.txt
2023-11-14,1615,2023-11-01,2023-11-14,spx_eod_202311.txt
2023-11-15,1787,2023-11-01,2023-11-15,spx_eod_202311.txt
2023-11-16,1960,2023-11-01,2023-11-16,spx_eod_202311.txt
2023-11-17,4615,2023-11-01,2023-11-17,spx_eod_202311.txt
2023-11-20,2258,2023-11-01,2023-11-20,spx_eod_202311.txt
2023-11-21,2394,2023-11-01,2023-11-21,spx_eod_202311.txt
2023-11-22,2605,2023-11-01,2023-11-22,spx_eod_202311.txt
2023-11-24,3661,2023-11-01,2023-11-24,spx_eod_202311.txt
2023-11-27,2853,2023-11-01,2023-11-27,spx_eod_202311.txt
2023-11-28,2822,2023-11-01,2023-11-28,spx_eod_202311.txt
2023-11-29,3005,2023-11-01,2023-11-29,spx_eod_202311.txt
2023-11-30,7117,2023-11-01,2023-11-30,spx_eod_202311.txt
2023-12-01,4110,2023-11-01,2023-11-30,spx_eod_202311.txt
2023-12-04,2795,2023-11-01,2023-11-30,spx_eod_202311.txt
2023-12-05,2647,2023-11-01,2023-11-30,spx_eod_202311.txt
2023-12-06,2633,2023-11-01,2023-11-30,spx_eod_202311.txt
2023-12-07,2432,2023-11-01,2023-11-30,spx_eod_202311.txt
2023-12-08,3584,2023-11-01,2023-11-30,spx_eod_202311.txt
2023-12-11,2272,2023-11-02,2023-11-30,spx_eod_202311.txt
2023-12-12,1844,2023-11-03,2023-11-30,spx_eod_202311.txt
2023-12-13,1794,2023-11-06,2023-11-30,spx_eod_202311.txt
2023-12-14,2041,2023-11-01,2023-11-30,spx_eod_202311.txt
2023-12-15,8050,2023-11-01,2023-11-30,spx_eod_202311.txt
2023-12-18,1456,2023-11-09,2023-11-30,spx_eod_202311.txt
2023-12-19,1248,2023-11-10,2023-11-30,spx_eod_202311.txt
2023-12-20,1084,2023-11-13,2023-11-30,spx_eod_202311.txt
2023-12-21,1282,2023-11-07,2023-11-30,spx_eod_202311.txt
2023-12-22,3105,2023-11-01,2023-11-30,spx_eod_202311.txt
2023-12-26,697,2023-11-17,2023-11-30,spx_eod_202311.txt
2023-12-27,574,2023-11-20,2023-11-30,spx_eod_202311.txt
2023-12-28,803,2023-11-14,2023-11-30,spx_eod_202311.txt
2023-12-29,7812,2023-11-01,2023-11-30,spx_eod_202311.txt
2024-01-02,349,2023-11-24,2023-11-30,spx_eod_202311.txt
2024-01-03,255,2023-11-27,2023-11-30,spx_eod_202311.txt
2024-01-04,186,2023-11-28,2023-11-30,spx_eod_202311.txt
2024-01-05,1833,2023-11-08,2023-11-30,spx_eod_202311.txt
2024-01-08,694,2023-11-16,2023-11-30,spx_eod_202311.txt
2024-01-12,535,2023-11-22,2023-11-30,spx_eod_202311.txt
2024-01-19,6723,2023-11-01,2023-11-30,spx_eod_202311.txt
2024-01-22,370,2023-11-22,2023-11-30,spx_eod_202311.txt
2024-01-26,162,2023-11-29,2023-11-30,spx_eod_202311.txt
2024-01-29,75,2023-11-30,2023-11-30,spx_eod_202311.txt
2024-01-31,6752,2023-11-01,2023-11-30,spx_eod_202311.txt
2024-02-16,6113,2023-11-01,2023-11-30,spx_eod_202311.txt
2024-02-29,4541,2023-11-01,2023-11-30,spx_eod_202311.txt
2024-03-15,5254,2023-11-01,2023-11-30,spx_eod_202311.txt
2024-03-28,6999,2023-11-01,2023-11-30,spx_eod_202311.txt
2024-04-19,4837,2023-11-01,2023-11-30,spx_eod_202311.txt
2024-04-30,2793,2023-11-01,2023-11-30,spx_eod_202311.txt
2024-05-17,3322,2023-11-01,2023-11-30,spx_eod_202311.txt
2024-06-21,2799,2023-11-01,2023-11-30,spx_eod_202311.txt
2024-06-28,2436,2023-11-01,2023-11-30,spx_eod_202311.txt
2024-07-19,2772,2023-11-01,2023-11-30,spx_eod_202311.txt
2024-08-16,2814,2023-11-01,2023-11-30,spx_eod_202311.txt
2024-09-20,2709,2023-11-01,2023-11-30,spx_eod_202311.txt
2024-09-30,2413,2023-11-01,2023-11-30,spx_eod_202311.txt
2024-10-18,2793,2023-11-01,2023-11-30,spx_eod_202311.txt
2024-11-15,2748,2023-11-01,2023-11-30,spx_eod_202311.txt
2024-12-20,2813,2023-11-01,2023-11-30,spx_eod_202311.txt
2025-01-17,2667,2023-11-01,2023-11-30,spx_eod_202311.txt
2025-06-20,1659,2023-11-01,2023-11-30,spx_eod_202311.txt
2025-12-19,1312,2023-11-01,2023-11-30,spx_eod_202311.txt
2026-12-18,1323,2023-11-01,2023-11-30,spx_eod_202311.txt
2027-12-17,1092,2023-11-01,2023-11-30,spx_eod_202311.txt
2028-12-15,1155,2023-11-01,2023-11-30,spx_eod_202311.txt
2023-12-01,244,2023-12-01,2023-12-01,spx_eod_202312.txt
2023-12-04,349,2023-12-01,2023-12-04,spx_eod_202312.txt
2023-12-05,511,2023-12-01,2023-12-05,spx_eod_202312.txt
2023-12-06,687,2023-12-01,2023-12-06,spx_eod_202312.txt
2023-12-07,826,2023-12-01,2023-12-07,spx_eod_202312.txt
2023-12-08,1277,2023-12-01,2023-12-08,spx_eod_202312.txt
2023-12-11,1114,2023-12-01,2023-12-11,spx_eod_202312.txt
2023-12-12,1189,2023-12-01,2023-12-12,spx_eod_202312.txt
2023-12-13,1348,2023-12-01,2023-12-13,spx_eod_202312.txt
2023-12-14,1585,2023-12-01,2023-12-14,spx_eod_202312.txt
2023-12-15,4449,2023-12-01,2023-12-15,spx_eod_202312.txt
2023-12-18,1774,2023-12-01,2023-12-18,spx_eod_202312.txt
2023-12-19,1892,2023-12-01,2023-12-19,spx_eod_202312.txt
2023-12-20,2034,2023-12-01,2023-12-20,spx_eod_202312.txt
2023-12-21,2157,2023-12-01,2023-12-21,spx_eod_202312.txt
2023-12-22,3415,2023-12-01,2023-12-22,spx_eod_202312.txt
2023-12-26,2368,2023-12-01,2023-12-26,spx_eod_202312.txt
2023-12-27,2550,2023-12-01,2023-12-27,spx_eod_202312.txt
2023-12-28,2573,2023-12-01,2023-12-28,spx_eod_202312.txt
2023-12-29,7692,2023-12-01,2023-12-29,spx_eod_202312.txt
2024-01-02,2595,2023-12-01,2023-12-29,spx_eod_202312.txt
2024-01-03,2498,2023-12-01,2023-12-29,spx_eod_202312.txt
2024-01-04,2372,2023-12-01,2023-12-29,spx_eod_202312.txt
2024-01-05,3634,2023-12-01,2023-12-29,spx_eod_202312.txt
2024-01-08,2803,2023-12-01,2023-12-29,spx_eod_202312.txt
2024-01-09,2150,2023-12-01,2023-12-29,spx_eod_202312.txt
2024-01-10,2052,2023-12-04,2023-12-29,spx_eod_202312.txt
2024-01-11,1802,2023-12-05,2023-12-29,spx_eod_202312.txt
2024-01-12,3614,2023-12-01,2023-12-29,spx_eod_202312.txt
2024-01-16,1488,2023-12-08,2023-12-29,spx_eod_202312.txt
2024-01-17,1350,2023-12-11,2023-12-29,spx_eod_202312.txt
2024-01-18,1147,2023-12-12,2023-12-29,spx_eod_202312.txt
2024-01-19,7258,2023-12-01,2023-12-29,spx_eod_202312.txt
2024-01-22,2594,2023-12-01,2023-12-29,spx_eod_202312.txt
2024-01-23,827,2023-12-15,2023-12-29,spx_eod_202312.txt
2024-01-24,734,2023-12-18,2023-12-29,spx_eod_202312.txt
2024-01-25,605,2023-12-19,2023-12-29,spx_eod_202312.txt
2024-01-26,2928,2023-12-01,2023-12-29,spx_eod_202312.txt
2024-01-29,2113,2023-12-01,2023-12-29,spx_eod_202312.txt
2024-01-30,423,2023-12-21,2023-12-29,spx_eod_202312.txt
2024-01-31,7147,2023-12-01,2023-12-29,spx_eod_202312.txt
2024-02-01,259,2023-12-26,2023-12-29,spx_eod_202312.txt
2024-02-02,1982,2023-12-06,2023-12-29,spx_eod_202312.txt
2024-02-05,1720,2023-12-07,2023-12-29,spx_eod_202312.txt
2024-02-06,126,2023-12-28,2023-12-29,spx_eod_202312.txt
2024-02-07,63,2023-12-29,2023-12-29,spx_eod_202312.txt
2024-02-09,715,2023-12-20,2023-12-29,spx_eod_202312.txt
2024-02-12,836,2023-12-14,2023-12-29,spx_eod_202312.txt
2024-02-16,6803,2023-12-01,2023-12-29,spx_eod_202312.txt
2024-02-29,6449,2023-12-01,2023-12-29,spx_eod_202312.txt
2024-03-15,6204,2023-12-01,2023-12-29,spx_eod_202312.txt
2024-03-28,7741,2023-12-01,2023-12-29,spx_eod_202312.txt
2024-04-19,5455,2023-12-01,2023-12-29,spx_eod_202312.txt
2024-04-30,4073,2023-12-01,2023-12-29,spx_eod_202312.txt
2024-05-17,4643,2023-12-01,2023-12-29,spx_eod_202312.txt
2024-05-31,2860,2023-12-01,2023-12-29,spx_eod_202312.txt
2024-06-21,3473,2023-12-01,2023-12-29,spx_eod_202312.txt
2024-06-28,2390,2023-12-01,2023-12-29,spx_eod_202312.txt
2024-07-19,2652,2023-12-01,2023-12-29,spx_eod_202312.txt
2024-08-16,2680,2023-12-01,2023-12-29,spx_eod_202312.txt
2024-09-20,2580,2023-12-01,2023-12-29,spx_eod_202312.txt
2024-09-30,2390,2023-12-01,2023-12-29,spx_eod_202312.txt
2024-10-18,2660,2023-12-01,2023-12-29,spx_eod_202312.txt
2024-11-15,2680,2023-12-01,2023-12-29,spx_eod_202312.txt
2024-12-20,2843,2023-12-01,2023-12-29,spx_eod_202312.txt
2024-12-31,1035,2023-12-18,2023-12-29,spx_eod_202312.txt
2025-01-17,2635,2023-12-01,2023-12-29,spx_eod_202312.txt
2025-03-21,913,2023-12-14,2023-12-29,spx_eod_202312.txt
2025-06-20,1580,2023-12-01,2023-12-29,spx_eod_202312.txt
2025-12-19,1260,2023-12-01,2023-12-29,spx_eod_202312.txt
2026-12-18,1260,2023-12-01,2023-12-29,spx_eod_202312.txt
2027-12-17,1040,2023-12-01,2023-12-29,spx_eod_202312.txt
2028-12-15,1100,2023-12-01,2023-12-29,spx_eod_202312.txt
2029-12-21,506,2023-12-14,2023-12-29,spx_eod_202312.txt
