cycle,when,date,entry_date,exit_date,expiry,exit_reason,leg,right,strike,spot,dte,vix,vix3m,r,synth_mid,synth_net,label,label_offset,chain_rows,listed_below,listed_above,substituted,obs_strike,synth_mid_obs_strike,bid,ask,last,size,volume,iv,delta,u_last,cause,found,obs_mid,half_spread,zero_bid,moneyness_pct
0,entry,2010-01-05,2010-01-05,2010-01-29,2010-02-19,dte_exit,long_put,P,965.000000,1136.520020,45,19.350000,22.389999,0.000710,4.471594,1.710234,2010-02-18,1.000000,172,960.000000,970.000000,False,965.000000,4.471594,2.200000,2.800000,4.500000,252 x 252,0.000000,0.286730,-0.050410,1136.400000,,True,2.500000,0.300000,False,-15.091685
0,entry,2010-01-05,2010-01-05,2010-01-29,2010-02-19,dte_exit,short_put,P,980.000000,1136.520020,45,19.350000,22.389999,0.000710,5.316515,1.710234,2010-02-18,1.000000,172,975.000000,985.000000,False,980.000000,5.316515,2.700000,3.290000,3.220000,252 x 252,253.000000,0.275910,-0.060360,1136.400000,,True,2.995000,0.295000,False,-13.771866
0,entry,2010-01-05,2010-01-05,2010-01-29,2010-02-19,dte_exit,short_call,C,1250.000000,1136.520020,45,19.350000,22.389999,0.000710,2.004837,1.710234,2010-02-18,1.000000,172,1245.000000,1255.000000,False,1250.000000,2.004837,0.440000,0.660000,0.550000,15 x 2,102.000000,0.142070,0.025710,1136.400000,,True,0.550000,0.110000,False,9.984864
0,entry,2010-01-05,2010-01-05,2010-01-29,2010-02-19,dte_exit,long_call,C,1265.000000,1136.520020,45,19.350000,22.389999,0.000710,1.139524,1.710234,2010-02-18,1.000000,172,1260.000000,1270.000000,False,1265.000000,1.139524,0.150000,0.550000,0.400000,201 x 103,0.000000,0.146270,0.016700,1136.400000,,True,0.350000,0.200000,False,11.304683
0,exit,2010-01-29,2010-01-05,2010-01-29,2010-02-19,dte_exit,long_put,P,965.000000,1073.869995,21,24.620001,25.379999,0.000811,3.063890,1.103209,2010-02-18,1.000000,172,960.000000,970.000000,False,965.000000,3.063890,,,,0 x 0,,0.276450,-0.053830,1073.450000,row present but bid/ask blank in the vendor file,False,,,False,-10.138098
0,exit,2010-01-29,2010-01-05,2010-01-29,2010-02-19,dte_exit,short_put,P,980.000000,1073.869995,21,24.620001,25.379999,0.000811,4.162350,1.103209,2010-02-18,1.000000,172,975.000000,985.000000,False,980.000000,4.162350,,,,0 x 0,,0.266280,-0.076340,1073.450000,row present but bid/ask blank in the vendor file,False,,,False,-8.741281
0,exit,2010-01-29,2010-01-05,2010-01-29,2010-02-19,dte_exit,short_call,C,1250.000000,1073.869995,21,24.620001,25.379999,0.000811,0.006390,1.103209,2010-02-18,1.000000,172,1245.000000,1255.000000,False,1250.000000,0.006390,,,,0 x 0,,0.216250,0.001230,1073.450000,row present but bid/ask blank in the vendor file,False,,,False,16.401427
0,exit,2010-01-29,2010-01-05,2010-01-29,2010-02-19,dte_exit,long_call,C,1265.000000,1073.869995,21,24.620001,25.379999,0.000811,0.001641,1.103209,2010-02-18,1.000000,172,1260.000000,1270.000000,False,1265.000000,0.001641,,,,0 x 0,,0.231960,0.001900,1073.450000,row present but bid/ask blank in the vendor file,False,,,False,17.798244
1,entry,2010-02-02,2010-02-02,2010-02-26,2010-03-19,profit_target,long_put,P,920.000000,1103.319946,45,21.480000,22.930000,0.001014,4.171991,1.435487,2010-03-18,1.000000,159,915.000000,925.000000,False,920.000000,4.171991,,,,0 x 0,,0.372750,-0.078350,1103.070000,row present but bid/ask blank in the vendor file,False,,,False,-16.615302
1,entry,2010-02-02,2010-02-02,2010-02-26,2010-03-19,profit_target,short_put,P,935.000000,1103.319946,45,21.480000,22.930000,0.001014,4.951529,1.435487,2010-03-18,1.000000,159,930.000000,940.000000,False,935.000000,4.951529,,,,0 x 0,,0.365640,-0.093940,1103.070000,row present but bid/ask blank in the vendor file,False,,,False,-15.255769
1,entry,2010-02-02,2010-02-02,2010-02-26,2010-03-19,profit_target,short_call,C,1230.000000,1103.319946,45,21.480000,22.930000,0.001014,1.489527,1.435487,2010-03-18,1.000000,159,1225.000000,1235.000000,False,1230.000000,1.489527,,,,0 x 0,,0.153680,0.018390,1103.070000,row present but bid/ask blank in the vendor file,False,,,False,11.481715
1,entry,2010-02-02,2010-02-02,2010-02-26,2010-03-19,profit_target,long_call,C,1245.000000,1103.319946,45,21.480000,22.930000,0.001014,0.833577,1.435487,2010-03-18,1.000000,159,1240.000000,1250.000000,False,1245.000000,0.833577,,,,0 x 0,,0.144810,0.006960,1103.070000,row present but bid/ask blank in the vendor file,False,,,False,12.841248
1,exit,2010-02-26,2010-02-02,2010-02-26,2010-03-19,profit_target,long_put,P,920.000000,1104.489990,21,19.500000,21.650000,0.001318,0.193675,0.097571,2010-03-18,1.000000,159,915.000000,925.000000,False,920.000000,0.193675,0.460000,0.600000,0.450000,30 x 100,24.000000,0.357330,-0.015360,1104.690000,,True,0.530000,0.070000,False,-16.703636
1,exit,2010-02-26,2010-02-02,2010-02-26,2010-03-19,profit_target,short_put,P,935.000000,1104.489990,21,19.500000,21.650000,0.001318,0.282349,0.097571,2010-03-18,1.000000,159,930.000000,940.000000,False,935.000000,0.282349,0.550000,0.710000,0.650000,5 x 71,617.000000,0.338680,-0.018900,1104.690000,,True,0.630000,0.080000,False,-15.345543
1,exit,2010-02-26,2010-02-02,2010-02-26,2010-03-19,profit_target,short_call,C,1230.000000,1104.489990,21,19.500000,21.650000,0.001318,0.010823,0.097571,2010-03-18,1.000000,159,1225.000000,1235.000000,False,1230.000000,0.010823,0.050000,0.260000,0.100000,311 x 275,65.000000,0.189660,0.009360,1104.690000,,True,0.155000,0.105000,False,11.363617
1,exit,2010-02-26,2010-02-02,2010-02-26,2010-03-19,profit_target,long_call,C,1245.000000,1104.489990,21,19.500000,21.650000,0.001318,0.001926,0.097571,2010-03-18,1.000000,159,1240.000000,1250.000000,False,1245.000000,0.001926,0.040000,0.100000,0.100000,40 x 125,95.000000,0.192240,0.004720,1104.690000,,True,0.070000,0.030000,False,12.721710
2,entry,2010-03-02,2010-03-02,2010-03-26,2010-04-16,dte_exit,long_put,P,955.000000,1118.310059,45,19.059999,21.180000,0.001420,4.249795,1.582615,2010-04-15,1.000000,148,950.000000,960.000000,False,955.000000,4.249795,1.940000,2.750000,2.950000,353 x 353,220.000000,0.277240,-0.049770,1117.980000,,True,2.345000,0.405000,False,-14.603290
2,entry,2010-03-02,2010-03-02,2010-03-26,2010-04-16,dte_exit,short_put,P,970.000000,1118.310059,45,19.059999,21.180000,0.001420,5.089802,1.582615,2010-04-15,1.000000,148,965.000000,975.000000,False,970.000000,5.089802,2.400000,3.300000,2.600000,353 x 353,193.000000,0.266250,-0.061180,1117.980000,,True,2.850000,0.450000,False,-13.261980
2,entry,2010-03-02,2010-03-02,2010-03-26,2010-04-16,dte_exit,short_call,C,1230.000000,1118.310059,45,19.059999,21.180000,0.001420,1.606830,1.582615,2010-04-15,1.000000,148,1225.000000,1235.000000,False,1230.000000,1.606830,0.310000,0.850000,0.600000,103 x 353,32.000000,0.142350,0.027770,1117.980000,,True,0.580000,0.270000,False,9.987386
2,entry,2010-03-02,2010-03-02,2010-03-26,2010-04-16,dte_exit,long_call,C,1245.000000,1118.310059,45,19.059999,21.180000,0.001420,0.864222,1.582615,2010-04-15,1.000000,148,1240.000000,1250.000000,False,1245.000000,0.864222,0.150000,0.510000,0.300000,103 x 2,14.000000,0.144050,0.016220,1117.980000,,True,0.330000,0.180000,False,11.328696
2,exit,2010-03-26,2010-03-02,2010-03-26,2010-04-16,dte_exit,long_put,P,955.000000,1166.589966,21,17.770000,20.059999,0.001420,0.078796,0.736599,2010-04-15,1.000000,154,950.000000,960.000000,False,955.000000,0.078796,0.240000,0.450000,0.350000,9 x 7,10.000000,0.365130,-0.009650,1166.670000,,True,0.345000,0.105000,False,-18.137475
2,exit,2010-03-26,2010-03-02,2010-03-26,2010-04-16,dte_exit,short_put,P,970.000000,1166.589966,21,17.770000,20.059999,0.001420,0.114963,0.736599,2010-04-15,1.000000,154,965.000000,975.000000,False,970.000000,0.114963,0.290000,0.450000,0.400000,9 x 7,44.000000,0.343070,-0.011590,1166.670000,,True,0.370000,0.080000,False,-16.851676
2,exit,2010-03-26,2010-03-02,2010-03-26,2010-04-16,dte_exit,short_call,C,1230.000000,1166.589966,21,17.770000,20.059999,0.001420,1.100999,0.736599,2010-04-15,1.000000,154,1225.000000,1235.000000,False,1230.000000,1.100999,0.600000,0.810000,0.700000,49 x 100,663.000000,0.130400,0.046740,1166.670000,,True,0.705000,0.105000,False,5.435503
2,exit,2010-03-26,2010-03-02,2010-03-26,2010-04-16,dte_exit,long_call,C,1245.000000,1166.589966,21,17.770000,20.059999,0.001420,0.400566,0.736599,2010-04-15,1.000000,154,1240.000000,1250.000000,False,1245.000000,0.400566,0.300000,0.400000,0.350000,10 x 18,644.000000,0.136520,0.024540,1166.670000,,True,0.350000,0.050000,False,6.721302
3,entry,2010-04-06,2010-04-06,2010-04-30,2010-05-21,dte_exit,long_put,P,1040.000000,1189.439941,45,16.230000,18.840000,0.001724,4.247490,1.669789,2010-05-20,1.000000,150,1035.000000,1045.000000,False,1040.000000,4.247490,2.200000,2.640000,2.350000,107 x 201,269.000000,0.241940,-0.054270,1189.500000,,True,2.420000,0.220000,False,-12.563891
3,entry,2010-04-06,2010-04-06,2010-04-30,2010-05-21,dte_exit,short_put,P,1055.000000,1189.439941,45,16.230000,18.840000,0.001724,5.120114,1.669789,2010-05-20,1.000000,150,1050.000000,1060.000000,False,1055.000000,5.120114,2.660000,2.850000,2.750000,175 x 30,30.000000,0.227470,-0.064650,1189.500000,,True,2.755000,0.095000,False,-11.302794
3,entry,2010-04-06,2010-04-06,2010-04-30,2010-05-21,dte_exit,short_call,C,1290.000000,1189.439941,45,16.230000,18.840000,0.001724,1.640961,1.669789,2010-05-20,1.000000,150,1285.000000,1295.000000,False,1290.000000,1.640961,0.250000,0.700000,0.490000,201 x 221,18.000000,0.120270,0.025100,1189.500000,,True,0.475000,0.225000,False,8.454404
3,entry,2010-04-06,2010-04-06,2010-04-30,2010-05-21,dte_exit,long_call,C,1305.000000,1189.439941,45,16.230000,18.840000,0.001724,0.843796,1.669789,2010-05-20,1.000000,150,1300.000000,1310.000000,False,1305.000000,0.843796,0.150000,0.400000,0.000000,2 x 10,,0.123960,0.015410,1189.500000,,True,0.275000,0.125000,False,9.715502
3,exit,2010-04-30,2010-04-06,2010-04-30,2010-05-21,dte_exit,long_put,P,1040.000000,1186.689941,21,22.049999,23.670000,0.001623,1.251232,0.797028,2010-05-20,1.000000,158,1035.000000,1045.000000,False,1040.000000,1.251232,1.940000,2.450000,1.850000,40 x 250,,0.341830,-0.051720,1186.320000,,True,2.195000,0.255000,False,-12.361269
3,exit,2010-04-30,2010-04-06,2010-04-30,2010-05-21,dte_exit,short_put,P,1055.000000,1186.689941,21,22.049999,23.670000,0.001623,1.715508,0.797028,2010-05-20,1.000000,158,1050.000000,1060.000000,False,1055.000000,1.715508,2.060000,3.310000,2.050000,260 x 500,10.000000,0.325770,-0.064170,1186.320000,,True,2.685000,0.625000,False,-11.097249
3,exit,2010-04-30,2010-04-06,2010-04-30,2010-05-21,dte_exit,short_call,C,1290.000000,1186.689941,21,22.049999,23.670000,0.001623,0.576446,0.797028,2010-05-20,1.000000,158,1285.000000,1295.000000,False,1290.000000,0.576446,0.200000,0.300000,0.250000,16 x 2,,0.163710,0.015470,1186.320000,,True,0.250000,0.050000,False,8.705733
3,exit,2010-04-30,2010-04-06,2010-04-30,2010-05-21,dte_exit,long_call,C,1305.000000,1186.689941,21,22.049999,23.670000,0.001623,0.243694,0.797028,2010-05-20,1.000000,158,1300.000000,1310.000000,False,1305.000000,0.243694,0.090000,0.200000,0.100000,3 x 2,120.000000,0.170760,0.009390,1186.320000,,True,0.145000,0.055000,False,9.969753
4,entry,2010-05-04,2010-05-04,2010-05-28,2010-06-18,dte_exit,long_put,P,960.000000,1173.599976,45,23.840000,25.070000,0.001623,4.715107,1.503865,2010-06-17,1.000000,157,955.000000,965.000000,False,960.000000,4.715107,2.950000,4.400000,3.600000,501 x 500,115.000000,0.369140,-0.054230,1173.570000,,True,3.675000,0.725000,False,-18.200407
4,entry,2010-05-04,2010-05-04,2010-05-28,2010-06-18,dte_exit,short_put,P,975.000000,1173.599976,45,23.840000,25.070000,0.001623,5.489021,1.503865,2010-06-17,1.000000,157,970.000000,980.000000,False,975.000000,5.489021,3.900000,5.000000,4.450000,20 x 500,412.000000,0.362200,-0.064860,1173.570000,,True,4.450000,0.550000,False,-16.922289
4,entry,2010-05-04,2010-05-04,2010-05-28,2010-06-18,dte_exit,short_call,C,1320.000000,1173.599976,45,23.840000,25.070000,0.001623,1.918142,1.503865,2010-06-17,1.000000,157,1315.000000,1325.000000,False,1320.000000,1.918142,0.040000,0.800000,0.250000,200 x 501,174.000000,0.159640,0.018400,1173.570000,,True,0.420000,0.380000,False,12.474440
4,entry,2010-05-04,2010-05-04,2010-05-28,2010-06-18,dte_exit,long_call,C,1335.000000,1173.599976,45,23.840000,25.070000,0.001623,1.188191,1.503865,2010-06-17,1.000000,157,1330.000000,1340.000000,False,1335.000000,1.188191,0.040000,0.750000,0.100000,200 x 500,50.000000,0.170860,0.015720,1173.570000,,True,0.395000,0.355000,False,13.752559
4,exit,2010-05-28,2010-05-04,2010-05-28,2010-06-18,dte_exit,long_put,P,960.000000,1089.410034,21,32.070000,32.000000,0.001623,5.060494,1.368681,2010-06-17,1.000000,157,955.000000,965.000000,False,960.000000,5.060494,4.590000,5.690000,4.800000,103 x 103,57.000000,0.417500,-0.096700,1089.110000,,True,5.140000,0.550000,False,-11.878910
4,exit,2010-05-28,2010-05-04,2010-05-28,2010-06-18,dte_exit,short_put,P,975.000000,1089.410034,21,32.070000,32.000000,0.001623,6.418249,1.368681,2010-06-17,1.000000,157,970.000000,980.000000,False,975.000000,6.418249,5.590000,6.900000,5.400000,103 x 103,,0.400630,-0.117480,1089.110000,,True,6.245000,0.655000,False,-10.502018
4,exit,2010-05-28,2010-05-04,2010-05-28,2010-06-18,dte_exit,short_call,C,1320.000000,1089.410034,21,32.070000,32.000000,0.001623,0.018460,1.368681,2010-06-17,1.000000,157,1315.000000,1325.000000,False,1320.000000,0.018460,0.000000,0.100000,0.100000,0 x 35,1.000000,0.281940,0.002050,1089.110000,,True,0.050000,0.050000,True,21.166499
4,exit,2010-05-28,2010-05-04,2010-05-28,2010-06-18,dte_exit,long_call,C,1335.000000,1089.410034,21,32.070000,32.000000,0.001623,0.007534,1.368681,2010-06-17,1.000000,157,1330.000000,1340.000000,False,1335.000000,0.007534,0.000000,0.100000,0.050000,0 x 27,0.000000,0.296760,0.002220,1089.110000,,True,0.050000,0.050000,True,22.543391
5,entry,2010-06-02,2010-06-02,2010-06-25,2010-07-16,dte_exit,long_put,P,835.000000,1098.380005,44,30.170000,30.590000,0.001623,3.960810,1.153493,2010-07-15,1.000000,165,830.000000,840.000000,False,835.000000,3.960810,2.400000,3.800000,5.000000,103 x 3,1.000000,0.470660,-0.040470,1098.560000,,True,3.100000,0.700000,False,-23.978951
5,entry,2010-06-02,2010-06-02,2010-06-25,2010-07-16,dte_exit,short_put,P,850.000000,1098.380005,44,30.170000,30.590000,0.001623,4.598372,1.153493,2010-07-15,1.000000,165,845.000000,855.000000,False,850.000000,4.598372,2.850000,4.300000,3.700000,103 x 153,,0.458360,-0.046570,1098.560000,,True,3.575000,0.725000,False,-22.613304
5,entry,2010-06-02,2010-06-02,2010-06-25,2010-07-16,dte_exit,short_call,C,1285.000000,1098.380005,44,30.170000,30.590000,0.001623,1.461035,1.153493,2010-07-15,1.000000,165,1280.000000,1290.000000,False,1285.000000,1.461035,0.050000,0.750000,0.450000,100 x 103,0.000000,0.207130,0.014450,1098.560000,,True,0.400000,0.350000,False,16.990476
5,entry,2010-06-02,2010-06-02,2010-06-25,2010-07-16,dte_exit,long_call,C,1300.000000,1098.380005,44,30.170000,30.590000,0.001623,0.945105,1.153493,2010-07-15,1.000000,165,1295.000000,1305.000000,False,1300.000000,0.945105,0.100000,0.750000,0.200000,51 x 103,38.000000,0.221640,0.014920,1098.560000,,True,0.425000,0.325000,False,18.356124
5,exit,2010-06-25,2010-06-02,2010-06-25,2010-07-16,dte_exit,long_put,P,835.000000,1076.760010,21,28.530001,30.700001,0.001318,0.324572,0.117958,2010-07-15,1.000000,171,830.000000,840.000000,False,835.000000,0.324572,0.410000,1.050000,0.500000,19 x 400,0.000000,0.505330,-0.014960,1078.340000,,True,0.730000,0.320000,False,-22.452544
5,exit,2010-06-25,2010-06-02,2010-06-25,2010-07-16,dte_exit,short_put,P,850.000000,1076.760010,21,28.530001,30.700001,0.001318,0.439880,0.117958,2010-07-15,1.000000,171,845.000000,855.000000,False,850.000000,0.439880,0.590000,0.840000,0.750000,20 x 9,644.000000,0.474790,-0.016060,1078.340000,,True,0.715000,0.125000,False,-21.059475
5,exit,2010-06-25,2010-06-02,2010-06-25,2010-07-16,dte_exit,short_call,C,1285.000000,1076.760010,21,28.530001,30.700001,0.001318,0.003709,0.117958,2010-07-15,1.000000,171,1280.000000,1290.000000,False,1285.000000,0.003709,0.000000,0.050000,0.050000,0 x 35,0.000000,0.242990,0.001770,1078.340000,,True,0.025000,0.025000,True,19.339499
5,exit,2010-06-25,2010-06-02,2010-06-25,2010-07-16,dte_exit,long_call,C,1300.000000,1076.760010,21,28.530001,30.700001,0.001318,0.001058,0.117958,2010-07-15,1.000000,171,1295.000000,1305.000000,False,1300.000000,0.001058,0.000000,0.060000,0.030000,0 x 838,0.000000,0.257250,0.001470,1078.340000,,True,0.030000,0.030000,True,20.732567
6,entry,2010-07-06,2010-07-06,2010-07-30,2010-08-20,dte_exit,long_put,P,800.000000,1028.060059,45,29.650000,32.009998,0.001724,4.944612,1.594383,2010-08-19,1.000000,148,795.000000,805.000000,False,800.000000,4.944612,2.400000,3.300000,2.950000,2 x 200,,0.430870,-0.042810,1027.950000,,True,2.850000,0.450000,False,-22.183535
6,entry,2010-07-06,2010-07-06,2010-07-30,2010-08-20,dte_exit,short_put,P,815.000000,1028.060059,45,29.650000,32.009998,0.001724,5.761830,1.594383,2010-08-19,1.000000,148,810.000000,820.000000,False,815.000000,5.761830,2.760000,3.900000,4.300000,400 x 400,4.000000,0.417160,-0.049700,1027.950000,,True,3.330000,0.570000,False,-20.724476
6,entry,2010-07-06,2010-07-06,2010-07-30,2010-08-20,dte_exit,short_call,C,1190.000000,1028.060059,45,29.650000,32.009998,0.001724,2.286206,1.594383,2010-08-19,1.000000,148,1180.000000,1195.000000,False,1190.000000,2.286206,0.200000,0.750000,0.500000,25 x 400,100.000000,0.199840,0.018660,1027.950000,,True,0.475000,0.275000,False,15.751992
6,entry,2010-07-06,2010-07-06,2010-07-30,2010-08-20,dte_exit,long_call,C,1205.000000,1028.060059,45,29.650000,32.009998,0.001724,1.509040,1.594383,2010-08-19,1.000000,148,1200.000000,1210.000000,False,1205.000000,1.509040,0.050000,0.660000,0.350000,400 x 500,5.000000,0.205330,0.014150,1027.950000,,True,0.355000,0.305000,False,17.211051
6,exit,2010-07-30,2010-07-06,2010-07-30,2010-08-20,dte_exit,long_put,P,800.000000,1101.599976,21,23.500000,27.139999,0.001521,0.024426,0.472367,2010-08-19,1.000000,153,795.000000,805.000000,False,800.000000,0.024426,0.160000,0.200000,0.150000,80 x 18,550.000000,0.512640,-0.003920,1101.760000,,True,0.180000,0.020000,False,-27.378357
6,exit,2010-07-30,2010-07-06,2010-07-30,2010-08-20,dte_exit,short_put,P,815.000000,1101.599976,21,23.500000,27.139999,0.001521,0.034955,0.472367,2010-08-19,1.000000,153,810.000000,820.000000,False,815.000000,0.034955,0.150000,0.250000,0.200000,7 x 10,21.000000,0.493220,-0.004810,1101.760000,,True,0.200000,0.050000,False,-26.016701
6,exit,2010-07-30,2010-07-06,2010-07-30,2010-08-20,dte_exit,short_call,C,1190.000000,1101.599976,21,23.500000,27.139999,0.001521,0.788367,0.472367,2010-08-19,1.000000,153,1185.000000,1195.000000,False,1190.000000,0.788367,0.360000,0.450000,0.400000,9 x 1,198.000000,0.165110,0.024320,1101.760000,,True,0.405000,0.045000,False,8.024694
6,exit,2010-07-30,2010-07-06,2010-07-30,2010-08-20,dte_exit,long_call,C,1205.000000,1101.599976,21,23.500000,27.139999,0.001521,0.326529,0.472367,2010-08-19,1.000000,153,1200.000000,1210.000000,False,1205.000000,0.326529,0.150000,0.400000,0.300000,9 x 50,7.000000,0.177290,0.016770,1101.760000,,True,0.275000,0.125000,False,9.386350
7,entry,2010-08-03,2010-08-03,2010-08-27,2010-09-17,dte_exit,long_put,P,900.000000,1120.459961,45,22.629999,26.010000,0.001623,3.739735,1.112796,2010-09-16,1.000000,150,895.000000,905.000000,False,900.000000,3.739735,1.890000,2.210000,2.350000,1 x 100,353.000000,0.353020,-0.035920,1119.820000,,True,2.050000,0.160000,False,-19.675845
7,entry,2010-08-03,2010-08-03,2010-08-27,2010-09-17,dte_exit,short_put,P,915.000000,1120.459961,45,22.629999,26.010000,0.001623,4.388240,1.112796,2010-09-16,1.000000,150,910.000000,920.000000,False,915.000000,4.388240,2.050000,3.300000,4.300000,153 x 153,0.000000,0.348300,-0.044930,1119.820000,,True,2.675000,0.625000,False,-18.337109
7,entry,2010-08-03,2010-08-03,2010-08-27,2010-09-17,dte_exit,short_call,C,1275.000000,1120.459961,45,22.629999,26.010000,0.001623,1.090763,1.112796,2010-09-16,1.000000,150,1265.000000,1280.000000,False,1275.000000,1.090763,0.140000,1.000000,0.550000,9 x 153,0.000000,0.183970,0.021850,1119.820000,,True,0.570000,0.430000,False,13.792553
7,entry,2010-08-03,2010-08-03,2010-08-27,2010-09-17,dte_exit,long_call,C,1290.000000,1120.459961,45,22.629999,26.010000,0.001623,0.626471,1.112796,2010-09-16,1.000000,150,1285.000000,1295.000000,False,1290.000000,0.626471,0.000000,0.950000,0.100000,0 x 51,0.000000,0.192580,0.017520,1119.820000,,True,0.475000,0.475000,True,15.131289
7,exit,2010-08-27,2010-08-03,2010-08-27,2010-09-17,dte_exit,long_put,P,900.000000,1064.589966,21,24.450001,28.400000,0.001521,0.580320,0.240620,2010-09-16,1.000000,150,895.000000,905.000000,False,900.000000,0.580320,0.650000,0.700000,0.650000,25 x 25,,0.347470,-0.020160,1064.540000,,True,0.675000,0.025000,False,-15.460409
7,exit,2010-08-27,2010-08-03,2010-08-27,2010-09-17,dte_exit,short_put,P,915.000000,1064.589966,21,24.450001,28.400000,0.001521,0.820935,0.240620,2010-09-16,1.000000,150,910.000000,920.000000,False,915.000000,0.820935,0.500000,1.150000,1.050000,251 x 251,,0.328150,-0.025750,1064.540000,,True,0.825000,0.325000,False,-14.051416
7,exit,2010-08-27,2010-08-03,2010-08-27,2010-09-17,dte_exit,short_call,C,1275.000000,1064.589966,21,24.450001,28.400000,0.001521,0.000005,0.240620,2010-09-16,1.000000,150,1265.000000,1280.000000,False,1275.000000,0.000005,0.000000,0.050000,0.050000,0 x 700,0.000000,0.250580,0.001020,1064.540000,,True,0.025000,0.025000,True,19.764420
7,exit,2010-08-27,2010-08-03,2010-08-27,2010-09-17,dte_exit,long_call,C,1290.000000,1064.589966,21,24.450001,28.400000,0.001521,0.000000,0.240620,2010-09-16,1.000000,150,1285.000000,1295.000000,False,1290.000000,0.000000,0.000000,0.050000,0.100000,0 x 600,0.000000,0.265230,0.001190,1064.540000,,True,0.025000,0.025000,True,21.173413
8,entry,2010-08-31,2010-08-31,2010-09-24,2010-10-15,dte_exit,long_put,P,840.000000,1049.329956,45,26.049999,29.040001,0.001420,4.755640,1.604450,2010-10-14,1.000000,156,835.000000,845.000000,False,840.000000,4.755640,2.100000,2.940000,2.550000,303 x 303,10.000000,0.376710,-0.042010,1048.290000,,True,2.520000,0.420000,False,-19.948916
8,entry,2010-08-31,2010-08-31,2010-09-24,2010-10-15,dte_exit,short_put,P,855.000000,1049.329956,45,26.049999,29.040001,0.001420,5.573461,1.604450,2010-10-14,1.000000,156,850.000000,860.000000,False,855.000000,5.573461,2.700000,3.510000,4.050000,303 x 303,26.000000,0.367250,-0.051900,1048.290000,,True,3.105000,0.405000,False,-18.519433
8,entry,2010-08-31,2010-08-31,2010-09-24,2010-10-15,dte_exit,short_call,C,1195.000000,1049.329956,45,26.049999,29.040001,0.001420,2.131257,1.604450,2010-10-14,1.000000,156,1190.000000,1200.000000,False,1195.000000,2.131257,0.210000,0.650000,0.550000,205 x 303,3.000000,0.179590,0.018520,1048.290000,,True,0.430000,0.220000,False,13.882196
8,entry,2010-08-31,2010-08-31,2010-09-24,2010-10-15,dte_exit,long_call,C,1210.000000,1049.329956,45,26.049999,29.040001,0.001420,1.344628,1.604450,2010-10-14,1.000000,156,1205.000000,1215.000000,False,1210.000000,1.344628,0.050000,0.500000,0.250000,401 x 318,8.000000,0.181710,0.012230,1048.290000,,True,0.275000,0.225000,False,15.311680
8,exit,2010-09-24,2010-08-31,2010-09-24,2010-10-15,dte_exit,long_put,P,840.000000,1148.670044,21,21.709999,24.750000,0.001521,0.019670,2.322260,2010-10-14,1.000000,156,835.000000,845.000000,False,840.000000,0.019670,0.100000,0.200000,0.200000,19 x 21,0.000000,0.491780,-0.003860,1148.250000,,True,0.150000,0.050000,False,-26.871950
8,exit,2010-09-24,2010-08-31,2010-09-24,2010-10-15,dte_exit,short_put,P,855.000000,1148.670044,21,21.709999,24.750000,0.001521,0.028007,2.322260,2010-10-14,1.000000,156,850.000000,860.000000,False,855.000000,0.028007,0.160000,0.200000,0.300000,19 x 7,120.000000,0.473120,-0.004320,1148.250000,,True,0.180000,0.020000,False,-25.566092
8,exit,2010-09-24,2010-08-31,2010-09-24,2010-10-15,dte_exit,short_call,C,1195.000000,1148.670044,21,21.709999,24.750000,0.001521,4.987034,2.322260,2010-10-14,1.000000,156,1190.000000,1200.000000,False,1195.000000,4.987034,2.400000,2.800000,2.540000,1 x 1,,0.150230,0.127750,1148.250000,,True,2.600000,0.200000,False,4.033356
8,exit,2010-09-24,2010-08-31,2010-09-24,2010-10-15,dte_exit,long_call,C,1210.000000,1148.670044,21,21.709999,24.750000,0.001521,2.673110,2.322260,2010-10-14,1.000000,156,1205.000000,1215.000000,False,1210.000000,2.673110,0.940000,1.300000,1.100000,14 x 14,,0.147550,0.064390,1148.250000,,True,1.120000,0.180000,False,5.339214
9,entry,2010-10-05,2010-10-05,2010-10-29,2010-11-19,dte_exit,long_put,P,970.000000,1160.750000,45,21.760000,25.080000,0.001217,5.183701,1.697338,2010-11-18,1.000000,145,965.000000,975.000000,False,970.000000,5.183701,2.090000,3.110000,2.550000,24 x 28,103.000000,0.309030,-0.047560,1160.210000,,True,2.600000,0.510000,False,-16.433341
9,entry,2010-10-05,2010-10-05,2010-10-29,2010-11-19,dte_exit,short_put,P,985.000000,1160.750000,45,21.760000,25.080000,0.001217,6.067534,1.697338,2010-11-18,1.000000,145,980.000000,990.000000,False,985.000000,6.067534,2.510000,4.010000,5.200000,16 x 25,4.000000,0.301150,-0.058640,1160.210000,,True,3.260000,0.750000,False,-15.141073
9,entry,2010-10-05,2010-10-05,2010-10-29,2010-11-19,dte_exit,short_call,C,1295.000000,1160.750000,45,21.760000,25.080000,0.001217,2.085621,1.697338,2010-11-18,1.000000,145,1290.000000,1300.000000,False,1295.000000,2.085621,0.110000,1.050000,0.600000,110 x 25,2.000000,0.161230,0.024200,1160.210000,,True,0.580000,0.470000,False,11.565798
9,entry,2010-10-05,2010-10-05,2010-10-29,2010-11-19,dte_exit,long_call,C,1310.000000,1160.750000,45,21.760000,25.080000,0.001217,1.272116,1.697338,2010-11-18,1.000000,145,1305.000000,1315.000000,False,1310.000000,1.272116,0.100000,0.750000,0.310000,117 x 16,0.000000,0.167240,0.017770,1160.210000,,True,0.425000,0.325000,False,12.858066
9,exit,2010-10-29,2010-10-05,2010-10-29,2010-11-19,dte_exit,long_put,P,970.000000,1183.260010,21,21.200001,22.950001,0.001217,0.241742,0.248702,2010-11-18,1.000000,148,965.000000,975.000000,False,970.000000,0.241742,0.250000,0.390000,0.400000,19 x 19,528.000000,0.355750,-0.009270,1183.670000,,True,0.320000,0.070000,False,-18.023089
9,exit,2010-10-29,2010-10-05,2010-10-29,2010-11-19,dte_exit,short_put,P,985.000000,1183.260010,21,21.200001,22.950001,0.001217,0.336069,0.248702,2010-11-18,1.000000,148,980.000000,990.000000,False,985.000000,0.336069,0.410000,0.600000,0.500000,19 x 19,4.000000,0.351120,-0.013830,1183.670000,,True,0.505000,0.095000,False,-16.755405
9,exit,2010-10-29,2010-10-05,2010-10-29,2010-11-19,dte_exit,short_call,C,1295.000000,1183.260010,21,21.200001,22.950001,0.001217,0.240882,0.248702,2010-11-18,1.000000,148,1290.000000,1300.000000,False,1295.000000,0.240882,0.100000,0.250000,0.200000,69 x 10,80.000000,0.165330,0.010610,1183.670000,,True,0.175000,0.075000,False,9.443401
9,exit,2010-10-29,2010-10-05,2010-10-29,2010-11-19,dte_exit,long_call,C,1310.000000,1183.260010,21,21.200001,22.950001,0.001217,0.086506,0.248702,2010-11-18,1.000000,148,1305.000000,1315.000000,False,1310.000000,0.086506,0.100000,0.250000,0.150000,2 x 19,110.000000,0.183160,0.010180,1183.670000,,True,0.175000,0.075000,False,10.711085
10,entry,2010-11-02,2010-11-02,2010-11-22,2010-12-17,profit_target,long_put,P,1000.000000,1193.569946,45,21.570000,23.020000,0.001318,4.791995,1.512373,2010-12-16,1.000000,157,995.000000,1005.000000,False,1000.000000,4.791995,2.090000,2.950000,2.350000,270 x 302,,0.307050,-0.046160,1193.380000,,True,2.520000,0.430000,False,-16.217730
10,entry,2010-11-02,2010-11-02,2010-11-22,2010-12-17,profit_target,short_put,P,1015.000000,1193.569946,45,21.570000,23.020000,0.001318,5.612454,1.512373,2010-12-16,1.000000,157,1010.000000,1020.000000,False,1015.000000,5.612454,2.400000,3.500000,4.050000,200 x 200,15.000000,0.294670,-0.053900,1193.380000,,True,2.950000,0.550000,False,-14.960996
10,entry,2010-11-02,2010-11-02,2010-11-22,2010-12-17,profit_target,short_call,C,1330.000000,1193.569946,45,21.570000,23.020000,0.001318,1.687182,1.512373,2010-12-16,1.000000,157,1325.000000,1335.000000,False,1330.000000,1.687182,0.700000,1.100000,0.470000,10 x 302,0.000000,0.167610,0.033200,1193.380000,,True,0.900000,0.200000,False,11.430420
10,entry,2010-11-02,2010-11-02,2010-11-22,2010-12-17,profit_target,long_call,C,1345.000000,1193.569946,45,21.570000,23.020000,0.001318,0.995269,1.512373,2010-12-16,1.000000,157,1340.000000,1350.000000,False,1345.000000,0.995269,0.190000,1.000000,0.400000,225 x 302,0.000000,0.170050,0.022680,1193.380000,,True,0.595000,0.405000,False,12.687154
10,exit,2010-11-22,2010-11-02,2010-11-22,2010-12-17,profit_target,long_put,P,1000.000000,1197.839966,25,18.370001,21.330000,0.001521,0.378425,0.155687,2010-12-16,1.000000,157,995.000000,1005.000000,False,1000.000000,0.378425,0.550000,0.660000,0.700000,10 x 50,,0.326970,-0.015590,1197.810000,,True,0.605000,0.055000,False,-16.516394
10,exit,2010-11-22,2010-11-02,2010-11-22,2010-12-17,profit_target,short_put,P,1015.000000,1197.839966,25,18.370001,21.330000,0.001521,0.512665,0.155687,2010-12-16,1.000000,157,1010.000000,1020.000000,False,1015.000000,0.512665,0.500000,1.000000,1.000000,103 x 10,123.000000,0.313970,-0.019870,1197.810000,,True,0.750000,0.250000,False,-15.264140
10,exit,2010-11-22,2010-11-02,2010-11-22,2010-12-17,profit_target,short_call,C,1330.000000,1197.839966,25,18.370001,21.330000,0.001521,0.028231,0.155687,2010-12-16,1.000000,157,1325.000000,1335.000000,False,1330.000000,0.028231,0.090000,0.160000,0.150000,10 x 10,102.000000,0.164160,0.007000,1197.810000,,True,0.125000,0.035000,False,11.033196
10,exit,2010-11-22,2010-11-02,2010-11-22,2010-12-17,profit_target,long_call,C,1345.000000,1197.839966,25,18.370001,21.330000,0.001521,0.006785,0.155687,2010-12-16,1.000000,157,1340.000000,1350.000000,False,1345.000000,0.006785,0.050000,0.140000,0.100000,29 x 10,50.000000,0.174210,0.005990,1197.810000,,True,0.095000,0.045000,False,12.285450
11,entry,2010-12-07,2010-12-07,2010-12-31,2011-01-21,dte_exit,long_put,P,1055.000000,1223.750000,45,17.990000,20.969999,0.001420,4.799271,1.685052,2011-01-20,1.000000,155,1050.000000,1060.000000,False,1055.000000,4.799271,1.710000,2.640000,1.780000,206 x 25,60.000000,0.254320,-0.046520,1223.620000,,True,2.175000,0.465000,False,-13.789581
11,entry,2010-12-07,2010-12-07,2010-12-31,2011-01-21,dte_exit,short_put,P,1070.000000,1223.750000,45,17.990000,20.969999,0.001420,5.680856,1.685052,2011-01-20,1.000000,155,1065.000000,1075.000000,False,1070.000000,5.680856,2.150000,3.190000,2.000000,206 x 206,,0.245040,-0.057910,1223.620000,,True,2.670000,0.520000,False,-12.563841
11,entry,2010-12-07,2010-12-07,2010-12-31,2011-01-21,dte_exit,short_call,C,1340.000000,1223.750000,45,17.990000,20.969999,0.001420,1.836440,1.685052,2011-01-20,1.000000,155,1330.000000,1350.000000,False,1340.000000,1.836440,0.300000,1.110000,0.790000,25 x 2,11.000000,0.140020,0.030600,1223.620000,,True,0.705000,0.405000,False,9.499489
11,entry,2010-12-07,2010-12-07,2010-12-31,2011-01-21,dte_exit,long_call,C,1355.000000,1223.750000,45,17.990000,20.969999,0.001420,1.032973,1.685052,2011-01-20,1.000000,155,1350.000000,1360.000000,False,,,,,,,,,,,strike 1355 not listed (chain of 155 strikes; nearest 1350 / 1360),False,,,False,10.725230
11,exit,2010-12-31,2010-12-07,2010-12-31,2011-01-21,dte_exit,long_put,P,1055.000000,1257.640015,21,17.750000,20.900000,0.001217,0.122308,0.303548,2011-01-20,1.000000,159,1050.000000,1060.000000,False,1055.000000,0.122308,0.310000,0.450000,0.300000,9 x 2,30.000000,0.323850,-0.010610,1258.020000,,True,0.380000,0.070000,False,-16.112720
11,exit,2010-12-31,2010-12-07,2010-12-31,2011-01-21,dte_exit,short_put,P,1070.000000,1257.640015,21,17.750000,20.900000,0.001217,0.175817,0.303548,2011-01-20,1.000000,159,1065.000000,1075.000000,False,1070.000000,0.175817,0.400000,0.650000,0.400000,9 x 100,0.000000,0.315700,-0.014760,1258.020000,,True,0.525000,0.125000,False,-14.920010
11,exit,2010-12-31,2010-12-07,2010-12-31,2011-01-21,dte_exit,short_call,C,1340.000000,1257.640015,21,17.750000,20.900000,0.001217,0.359765,0.303548,2011-01-20,1.000000,159,1335.000000,1345.000000,False,1340.000000,0.359765,0.250000,0.400000,0.320000,50 x 2,139.000000,0.132030,0.022400,1258.020000,,True,0.325000,0.075000,False,6.548773
11,exit,2010-12-31,2010-12-07,2010-12-31,2011-01-21,dte_exit,long_call,C,1355.000000,1257.640015,21,17.750000,20.900000,0.001217,0.109727,0.303548,2011-01-20,1.000000,159,1350.000000,1360.000000,False,1355.000000,0.109727,0.150000,0.200000,0.250000,15 x 4,99.000000,0.138310,0.012580,1258.020000,,True,0.175000,0.025000,False,7.741483
12,entry,2011-01-04,2011-01-04,2011-01-27,2011-02-18,profit_target,long_put,P,1100.000000,1270.199951,45,17.379999,20.610001,0.001420,4.940642,1.765162,2011-02-17,1.000000,156,1095.000000,1105.000000,False,1100.000000,4.940642,2.090000,2.600000,2.500000,27 x 50,,0.250640,-0.049270,1270.370000,,True,2.345000,0.255000,False,-13.399461
12,entry,2011-01-04,2011-01-04,2011-01-27,2011-02-18,profit_target,short_put,P,1115.000000,1270.199951,45,17.379999,20.610001,0.001420,5.828875,1.765162,2011-02-17,1.000000,156,1110.000000,1120.000000,False,1115.000000,5.828875,2.100000,3.700000,3.000000,107 x 102,28.000000,0.241520,-0.060260,1270.370000,,True,2.900000,0.800000,False,-12.218545
12,entry,2011-01-04,2011-01-04,2011-01-27,2011-02-18,profit_target,short_call,C,1385.000000,1270.199951,45,17.379999,20.610001,0.001420,2.051546,1.765162,2011-02-17,1.000000,156,1380.000000,1390.000000,False,1385.000000,2.051546,0.140000,0.740000,0.540000,102 x 2,0.000000,0.124860,0.022560,1270.370000,,True,0.440000,0.300000,False,9.037951
12,entry,2011-01-04,2011-01-04,2011-01-27,2011-02-18,profit_target,long_call,C,1400.000000,1270.199951,45,17.379999,20.610001,0.001420,1.174617,1.765162,2011-02-17,1.000000,156,1395.000000,1410.000000,False,1400.000000,1.174617,0.300000,0.450000,0.700000,9 x 1,174.000000,0.133770,0.017650,1270.370000,,True,0.375000,0.075000,False,10.218867
12,exit,2011-01-27,2011-01-04,2011-01-27,2011-02-18,profit_target,long_put,P,1100.000000,1299.540039,22,16.150000,18.480000,0.001521,0.157847,0.278299,2011-02-17,1.000000,156,1095.000000,1105.000000,False,1100.000000,0.157847,0.610000,0.760000,0.700000,56 x 50,,0.324890,-0.017130,1299.370000,,True,0.685000,0.075000,False,-15.354667
12,exit,2011-01-27,2011-01-04,2011-01-27,2011-02-18,profit_target,short_put,P,1115.000000,1299.540039,22,16.150000,18.480000,0.001521,0.223250,0.278299,2011-02-17,1.000000,156,1110.000000,1120.000000,False,1115.000000,0.223250,0.240000,1.190000,0.750000,25 x 25,1.000000,0.304870,-0.019870,1299.370000,,True,0.715000,0.475000,False,-14.200412
12,exit,2011-01-27,2011-01-04,2011-01-27,2011-02-18,profit_target,short_call,C,1385.000000,1299.540039,22,16.150000,18.480000,0.001521,0.302725,0.278299,2011-02-17,1.000000,156,1380.000000,1390.000000,False,1385.000000,0.302725,0.150000,0.260000,0.200000,11 x 13,0.000000,0.121980,0.015150,1299.370000,,True,0.205000,0.055000,False,6.576170
12,exit,2011-01-27,2011-01-04,2011-01-27,2011-02-18,profit_target,long_call,C,1400.000000,1299.540039,22,16.150000,18.480000,0.001521,0.089829,0.278299,2011-02-17,1.000000,156,1395.000000,1410.000000,False,1400.000000,0.089829,0.100000,0.200000,0.150000,102 x 11,269.000000,0.134260,0.010850,1299.370000,,True,0.150000,0.050000,False,7.730424
13,entry,2011-02-01,2011-02-01,2011-02-25,2011-03-18,dte_exit,long_put,P,1130.000000,1307.589966,45,17.629999,18.969999,0.001521,4.472142,1.455201,2011-03-17,1.000000,160,1125.000000,1135.000000,False,1130.000000,4.472142,2.350000,3.600000,2.650000,94 x 100,2.000000,0.262220,-0.055920,1307.240000,,True,2.975000,0.625000,False,-13.581472
13,entry,2011-02-01,2011-02-01,2011-02-25,2011-03-18,dte_exit,short_put,P,1145.000000,1307.589966,45,17.629999,18.969999,0.001521,5.270862,1.455201,2011-03-17,1.000000,160,1140.000000,1150.000000,False,1145.000000,5.270862,2.800000,3.990000,5.810000,88 x 100,7.000000,0.250260,-0.065070,1307.240000,,True,3.395000,0.595000,False,-12.434323
13,entry,2011-02-01,2011-02-01,2011-02-25,2011-03-18,dte_exit,short_call,C,1430.000000,1307.589966,45,17.629999,18.969999,0.001521,1.446687,1.455201,2011-03-17,1.000000,160,1425.000000,1440.000000,False,1430.000000,1.446687,0.200000,0.850000,0.280000,19 x 64,0.000000,0.132250,0.023300,1307.240000,,True,0.525000,0.325000,False,9.361500
13,entry,2011-02-01,2011-02-01,2011-02-25,2011-03-18,dte_exit,long_call,C,1445.000000,1307.589966,45,17.629999,18.969999,0.001521,0.790206,1.455201,2011-03-17,1.000000,160,1440.000000,1450.000000,False,,,,,,,,,,,strike 1445 not listed (chain of 160 strikes; nearest 1440 / 1450),False,,,False,10.508649
13,exit,2011-02-25,2011-02-01,2011-02-25,2011-03-18,dte_exit,long_put,P,1130.000000,1319.880005,21,19.219999,20.570000,0.001318,0.475562,0.365256,2011-03-17,1.000000,165,1125.000000,1135.000000,False,1130.000000,0.475562,0.810000,1.550000,1.200000,103 x 102,5.000000,0.342710,-0.027980,1319.870000,,True,1.180000,0.370000,False,-14.386157
13,exit,2011-02-25,2011-02-01,2011-02-25,2011-03-18,dte_exit,short_put,P,1145.000000,1319.880005,21,19.219999,20.570000,0.001318,0.650533,0.365256,2011-03-17,1.000000,165,1140.000000,1150.000000,False,1145.000000,0.650533,1.000000,1.750000,1.250000,103 x 102,11.000000,0.326720,-0.032860,1319.870000,,True,1.375000,0.375000,False,-13.249690
13,exit,2011-02-25,2011-02-01,2011-02-25,2011-03-18,dte_exit,short_call,C,1430.000000,1319.880005,21,19.219999,20.570000,0.001318,0.304784,0.365256,2011-03-17,1.000000,165,1425.000000,1435.000000,False,1430.000000,0.304784,0.050000,0.200000,0.150000,75 x 15,10.000000,0.141470,0.008760,1319.870000,,True,0.125000,0.075000,False,8.343182
13,exit,2011-02-25,2011-02-01,2011-02-25,2011-03-18,dte_exit,long_call,C,1445.000000,1319.880005,21,19.219999,20.570000,0.001318,0.114499,0.365256,2011-03-17,1.000000,165,1440.000000,1450.000000,False,1445.000000,0.114499,0.050000,0.110000,0.100000,20 x 20,0.000000,0.148210,0.005140,1319.870000,,True,0.080000,0.030000,False,9.479649
14,entry,2011-03-01,2011-03-01,2011-03-24,2011-04-15,profit_target,long_put,P,1100.000000,1306.329956,45,21.010000,21.900000,0.001420,5.000913,1.490744,2011-04-14,1.000000,151,1095.000000,1105.000000,False,1100.000000,5.000913,2.660000,3.500000,2.850000,103 x 103,,0.300680,-0.051110,1306.400000,,True,3.080000,0.420000,False,-15.794628
14,entry,2011-03-01,2011-03-01,2011-03-24,2011-04-15,profit_target,short_put,P,1115.000000,1306.329956,45,21.010000,21.900000,0.001420,5.798240,1.490744,2011-04-14,1.000000,151,1110.000000,1120.000000,False,1115.000000,5.798240,3.100000,4.100000,2.350000,103 x 103,50.000000,0.290580,-0.059730,1306.400000,,True,3.600000,0.500000,False,-14.646373
14,entry,2011-03-01,2011-03-01,2011-03-24,2011-04-15,profit_target,short_call,C,1450.000000,1306.329956,45,21.010000,21.900000,0.001420,1.754584,1.490744,2011-04-14,1.000000,151,1445.000000,1455.000000,False,1450.000000,1.754584,0.050000,0.700000,0.340000,100 x 103,3.000000,0.144340,0.016290,1306.400000,,True,0.375000,0.325000,False,10.997990
14,entry,2011-03-01,2011-03-01,2011-03-24,2011-04-15,profit_target,long_call,C,1465.000000,1306.329956,45,21.010000,21.900000,0.001420,1.061167,1.490744,2011-04-14,1.000000,151,1460.000000,1475.000000,False,1465.000000,1.061167,0.050000,0.650000,0.270000,100 x 103,0.000000,0.154620,0.014240,1306.400000,,True,0.350000,0.300000,False,12.146246
14,exit,2011-03-24,2011-03-01,2011-03-24,2011-04-15,profit_target,long_put,P,1100.000000,1309.660034,22,18.000000,20.080000,0.000913,0.242599,0.101053,2011-04-14,1.000000,151,1095.000000,1105.000000,False,1100.000000,0.242599,0.400000,0.490000,0.450000,9 x 55,,0.320110,-0.012280,1309.710000,,True,0.445000,0.045000,False,-16.008737
14,exit,2011-03-24,2011-03-01,2011-03-24,2011-04-15,profit_target,short_put,P,1115.000000,1309.660034,22,18.000000,20.080000,0.000913,0.333622,0.101053,2011-04-14,1.000000,151,1110.000000,1120.000000,False,1115.000000,0.333622,0.410000,0.860000,1.350000,5 x 25,262.000000,0.312390,-0.016950,1309.710000,,True,0.635000,0.225000,False,-14.863402
14,exit,2011-03-24,2011-03-01,2011-03-24,2011-04-15,profit_target,short_call,C,1450.000000,1309.660034,22,18.000000,20.080000,0.000913,0.012811,0.101053,2011-04-14,1.000000,151,1445.000000,1455.000000,False,1450.000000,0.012811,0.000000,0.050000,0.040000,0 x 149,304.000000,0.144220,0.002080,1309.710000,,True,0.025000,0.025000,True,10.715755
14,exit,2011-03-24,2011-03-01,2011-03-24,2011-04-15,profit_target,long_call,C,1465.000000,1309.660034,22,18.000000,20.080000,0.000913,0.002781,0.101053,2011-04-14,1.000000,151,1460.000000,1475.000000,False,1465.000000,0.002781,0.000000,0.050000,0.050000,0 x 150,0.000000,0.156360,0.002110,1309.710000,,True,0.025000,0.025000,True,11.861091
15,entry,2011-04-05,2011-04-05,2011-04-26,2011-05-20,profit_target,long_put,P,1155.000000,1332.630005,45,17.250000,19.400000,0.000710,4.764593,1.550137,2011-05-19,1.000000,142,1150.000000,1160.000000,False,1155.000000,4.764593,2.050000,3.510000,3.000000,25 x 25,760.000000,0.254220,-0.053310,1332.710000,,True,2.780000,0.730000,False,-13.329282
15,entry,2011-04-05,2011-04-05,2011-04-26,2011-05-20,profit_target,short_put,P,1170.000000,1332.630005,45,17.250000,19.400000,0.000710,5.598630,1.550137,2011-05-19,1.000000,142,1165.000000,1175.000000,False,1170.000000,5.598630,2.500000,4.000000,2.900000,25 x 25,909.000000,0.243060,-0.063690,1332.710000,,True,3.250000,0.750000,False,-12.203688
15,entry,2011-04-05,2011-04-05,2011-04-26,2011-05-20,profit_target,short_call,C,1455.000000,1332.630005,45,17.250000,19.400000,0.000710,1.626429,1.550137,2011-05-19,1.000000,142,1450.000000,1460.000000,False,,,,,,,,,,,strike 1455 not listed (chain of 142 strikes; nearest 1450 / 1460),False,,,False,9.182593
15,entry,2011-04-05,2011-04-05,2011-04-26,2011-05-20,profit_target,long_call,C,1470.000000,1332.630005,45,17.250000,19.400000,0.000710,0.910330,1.550137,2011-05-19,1.000000,142,1460.000000,1475.000000,False,1470.000000,0.910330,0.000000,0.450000,0.200000,0 x 25,10.000000,0.125990,0.011110,1332.710000,,True,0.225000,0.225000,True,10.308187
15,exit,2011-04-26,2011-04-05,2011-04-26,2011-05-20,profit_target,long_put,P,1155.000000,1347.239990,24,15.620000,18.270000,0.000710,0.301070,0.174381,2011-05-19,1.000000,142,1150.000000,1160.000000,False,1155.000000,0.301070,0.360000,0.840000,0.700000,25 x 25,100.000000,0.280620,-0.017290,1347.140000,,True,0.600000,0.240000,False,-14.269172
15,exit,2011-04-26,2011-04-05,2011-04-26,2011-05-20,profit_target,short_put,P,1170.000000,1347.239990,24,15.620000,18.270000,0.000710,0.412418,0.174381,2011-05-19,1.000000,142,1165.000000,1175.000000,False,1170.000000,0.412418,0.440000,0.960000,0.800000,25 x 25,8.000000,0.266440,-0.020410,1347.140000,,True,0.700000,0.260000,False,-13.155785
15,exit,2011-04-26,2011-04-05,2011-04-26,2011-05-20,profit_target,short_call,C,1455.000000,1347.239990,24,15.620000,18.270000,0.000710,0.084420,0.174381,2011-05-19,1.000000,142,1450.000000,1460.000000,False,,,,,,,,,,,strike 1455 not listed (chain of 142 strikes; nearest 1450 / 1460),False,,,False,7.998576
15,exit,2011-04-26,2011-04-05,2011-04-26,2011-05-20,profit_target,long_call,C,1470.000000,1347.239990,24,15.620000,18.270000,0.000710,0.021388,0.174381,2011-05-19,1.000000,142,1460.000000,1475.000000,False,1470.000000,0.021388,0.090000,0.200000,0.150000,2 x 25,1.000000,0.148790,0.008610,1347.140000,,True,0.145000,0.055000,False,9.111963
16,entry,2011-05-03,2011-05-03,2011-05-26,2011-06-17,profit_target,long_put,P,1180.000000,1356.619995,45,16.700001,19.110001,0.000304,4.792337,2.130249,2011-06-16,1.000000,168,1175.000000,1185.000000,False,1180.000000,4.792337,2.400000,3.300000,2.900000,206 x 206,405.000000,0.248790,-0.054740,1356.420000,,True,2.850000,0.450000,False,-13.019121
16,entry,2011-05-03,2011-05-03,2011-05-26,2011-06-17,profit_target,short_put,P,1200.000000,1356.619995,45,16.700001,19.110001,0.000304,5.942188,2.130249,2011-06-16,1.000000,168,1195.000000,1205.000000,False,1200.000000,5.942188,3.100000,3.890000,3.700000,206 x 17,,0.235280,-0.068310,1356.420000,,True,3.495000,0.395000,False,-11.544869
16,entry,2011-05-03,2011-05-03,2011-05-26,2011-06-17,profit_target,short_call,C,1475.000000,1356.619995,45,16.700001,19.110001,0.000304,1.817206,2.130249,2011-06-16,1.000000,168,1470.000000,1480.000000,False,1475.000000,1.817206,0.250000,0.550000,0.550000,25 x 20,28.000000,0.119320,0.019450,1356.420000,,True,0.400000,0.150000,False,8.726099
16,entry,2011-05-03,2011-05-03,2011-05-26,2011-06-17,profit_target,long_call,C,1495.000000,1356.619995,45,16.700001,19.110001,0.000304,0.836807,2.130249,2011-06-16,1.000000,168,1490.000000,1500.000000,False,1495.000000,0.836807,0.050000,0.550000,0.250000,50 x 25,4.000000,0.129920,0.013900,1356.420000,,True,0.300000,0.250000,False,10.200351
16,exit,2011-05-26,2011-05-03,2011-05-26,2011-06-17,profit_target,long_put,P,1180.000000,1325.689941,22,16.090000,18.190001,0.000507,0.626299,0.376226,2011-06-16,1.000000,168,1175.000000,1185.000000,False,1180.000000,0.626299,0.550000,1.350000,1.000000,1 x 160,825.000000,0.254310,-0.029560,1325.590000,,True,0.950000,0.400000,False,-10.989745
16,exit,2011-05-26,2011-05-03,2011-05-26,2011-06-17,profit_target,short_put,P,1200.000000,1325.689941,22,16.090000,18.190001,0.000507,1.001967,0.376226,2011-06-16,1.000000,168,1195.000000,1205.000000,False,1200.000000,1.001967,1.250000,1.500000,1.300000,100 x 61,,0.239780,-0.042180,1325.590000,,True,1.375000,0.125000,False,-9.481096
16,exit,2011-05-26,2011-05-03,2011-05-26,2011-06-17,profit_target,short_call,C,1475.000000,1325.689941,22,16.090000,18.190001,0.000507,0.000586,0.376226,2011-06-16,1.000000,168,1470.000000,1480.000000,False,1475.000000,0.000586,0.040000,0.100000,0.050000,2 x 61,100.000000,0.165500,0.004440,1325.590000,,True,0.070000,0.030000,False,11.262819
16,exit,2011-05-26,2011-05-03,2011-05-26,2011-06-17,profit_target,long_call,C,1495.000000,1325.689941,22,16.090000,18.190001,0.000507,0.000028,0.376226,2011-06-16,1.000000,168,1490.000000,1500.000000,False,1495.000000,0.000028,0.000000,0.050000,0.100000,0 x 100,0.000000,0.165430,0.001650,1325.590000,,True,0.025000,0.025000,True,12.771467
17,entry,2011-05-31,2011-05-31,2011-06-24,2011-07-15,dte_exit,long_put,P,1185.000000,1345.199951,45,15.450000,17.559999,0.000608,4.556354,1.581073,2011-07-14,1.000000,154,1180.000000,1190.000000,False,1185.000000,4.556354,2.090000,2.890000,2.850000,67 x 160,10.000000,0.225540,-0.053450,1344.790000,,True,2.490000,0.400000,False,-11.909007
17,entry,2011-05-31,2011-05-31,2011-06-24,2011-07-15,dte_exit,short_put,P,1200.000000,1345.199951,45,15.450000,17.559999,0.000608,5.414423,1.581073,2011-07-14,1.000000,154,1195.000000,1205.000000,False,1200.000000,5.414423,2.560000,3.410000,3.000000,160 x 160,677.000000,0.215940,-0.065270,1344.790000,,True,2.985000,0.425000,False,-10.793931
17,entry,2011-05-31,2011-05-31,2011-06-24,2011-07-15,dte_exit,short_call,C,1455.000000,1345.199951,45,15.450000,17.559999,0.000608,1.525837,1.581073,2011-07-14,1.000000,154,1450.000000,1460.000000,False,1455.000000,1.525837,0.160000,0.850000,0.400000,60 x 160,62.000000,0.116360,0.024950,1344.790000,,True,0.505000,0.345000,False,8.162359
17,entry,2011-05-31,2011-05-31,2011-06-24,2011-07-15,dte_exit,long_call,C,1470.000000,1345.199951,45,15.450000,17.559999,0.000608,0.802833,1.581073,2011-07-14,1.000000,154,1465.000000,1475.000000,False,1470.000000,0.802833,0.060000,0.750000,0.260000,150 x 160,9.000000,0.124490,0.019470,1344.790000,,True,0.405000,0.345000,False,9.277435
17,exit,2011-06-24,2011-05-31,2011-06-24,2011-07-15,dte_exit,long_put,P,1185.000000,1268.449951,21,21.100000,21.920000,0.000203,5.361037,1.819537,2011-07-14,1.000000,159,1180.000000,1190.000000,False,1185.000000,5.361037,4.500000,6.100000,5.200000,102 x 102,107.000000,0.257740,-0.130580,1268.980000,,True,5.300000,0.800000,False,-6.578892
17,exit,2011-06-24,2011-05-31,2011-06-24,2011-07-15,dte_exit,short_put,P,1200.000000,1268.449951,21,21.100000,21.920000,0.000203,7.178742,1.819537,2011-07-14,1.000000,159,1195.000000,1205.000000,False,1200.000000,7.178742,6.400000,7.010000,7.250000,10 x 12,,0.242840,-0.165610,1268.980000,,True,6.705000,0.305000,False,-5.396346
17,exit,2011-06-24,2011-05-31,2011-06-24,2011-07-15,dte_exit,short_call,C,1455.000000,1268.449951,21,21.100000,21.920000,0.000203,0.002365,1.819537,2011-07-14,1.000000,159,1450.000000,1460.000000,False,1455.000000,0.002365,0.000000,0.050000,0.050000,0 x 100,179.000000,0.191900,0.001660,1268.980000,,True,0.025000,0.025000,True,14.706930
17,exit,2011-06-24,2011-05-31,2011-06-24,2011-07-15,dte_exit,long_call,C,1470.000000,1268.449951,21,21.100000,21.920000,0.000203,0.000533,1.819537,2011-07-14,1.000000,159,1465.000000,1475.000000,False,1470.000000,0.000533,0.000000,0.050000,0.050000,0 x 180,10.000000,0.205300,0.001030,1268.980000,,True,0.025000,0.025000,True,15.889476
18,entry,2011-07-05,2011-07-05,2011-07-29,2011-08-19,dte_exit,long_put,P,1170.000000,1337.880005,45,16.059999,18.110001,0.000203,4.491523,1.579013,2011-08-18,1.000000,147,1165.000000,1175.000000,False,1170.000000,4.491523,2.010000,3.190000,2.500000,1 x 102,0.000000,0.240740,-0.053050,1338.150000,,True,2.600000,0.590000,False,-12.548211
18,entry,2011-07-05,2011-07-05,2011-07-29,2011-08-19,dte_exit,short_put,P,1185.000000,1337.880005,45,16.059999,18.110001,0.000203,5.317239,1.579013,2011-08-18,1.000000,147,1180.000000,1190.000000,False,1185.000000,5.317239,2.210000,3.800000,3.670000,102 x 102,0.000000,0.229630,-0.061820,1338.150000,,True,3.005000,0.795000,False,-11.427034
18,entry,2011-07-05,2011-07-05,2011-07-29,2011-08-19,dte_exit,short_call,C,1450.000000,1337.880005,45,16.059999,18.110001,0.000203,1.637238,1.579013,2011-08-18,1.000000,147,1445.000000,1455.000000,False,1450.000000,1.637238,0.100000,1.000000,0.450000,40 x 102,218.000000,0.118220,0.026790,1338.150000,,True,0.550000,0.450000,False,8.380422
18,entry,2011-07-05,2011-07-05,2011-07-29,2011-08-19,dte_exit,long_call,C,1465.000000,1337.880005,45,16.059999,18.110001,0.000203,0.883940,1.579013,2011-08-18,1.000000,147,1460.000000,1470.000000,False,1465.000000,0.883940,0.040000,1.000000,0.000000,50 x 159,,0.129470,0.023170,1338.150000,,True,0.520000,0.480000,False,9.501599
18,exit,2011-07-29,2011-07-05,2011-07-29,2011-08-19,dte_exit,long_put,P,1170.000000,1292.280029,21,25.250000,22.910000,0.001014,5.639713,1.699699,2011-08-18,1.000000,147,1165.000000,1175.000000,False,1170.000000,5.639713,5.490000,6.410000,5.950000,103 x 103,,0.345640,-0.110330,1292.780000,,True,5.950000,0.460000,False,-9.462348
18,exit,2011-07-29,2011-07-05,2011-07-29,2011-08-19,dte_exit,short_put,P,1185.000000,1292.280029,21,25.250000,22.910000,0.001014,7.109908,1.699699,2011-08-18,1.000000,147,1180.000000,1190.000000,False,1185.000000,7.109908,6.700000,7.210000,7.300000,103 x 4,70.000000,0.328930,-0.130700,1292.780000,,True,6.955000,0.255000,False,-8.301609
18,exit,2011-07-29,2011-07-05,2011-07-29,2011-08-19,dte_exit,short_call,C,1450.000000,1292.280029,21,25.250000,22.910000,0.001014,0.483297,1.699699,2011-08-18,1.000000,147,1445.000000,1455.000000,False,1450.000000,0.483297,0.050000,0.160000,0.100000,219 x 168,,0.188980,0.005090,1292.780000,,True,0.105000,0.055000,False,12.204783
18,exit,2011-07-29,2011-07-05,2011-07-29,2011-08-19,dte_exit,long_call,C,1465.000000,1292.280029,21,25.250000,22.910000,0.001014,0.253794,1.699699,2011-08-18,1.000000,147,1460.000000,1470.000000,False,1465.000000,0.253794,0.000000,0.160000,0.050000,0 x 60,0.000000,0.197700,0.004440,1292.780000,,True,0.080000,0.080000,True,13.365522
19,entry,2011-09-14,2011-09-14,2011-09-30,2011-10-21,dte_exit,long_put,P,910.000000,1188.680054,37,34.599998,34.959999,0.000101,4.495161,1.459007,2011-10-20,1.000000,177,905.000000,915.000000,False,910.000000,4.495161,2.360000,3.800000,3.550000,22 x 106,18.000000,0.493060,-0.038240,1189.240000,,True,3.080000,0.720000,False,-23.444497
19,entry,2011-09-14,2011-09-14,2011-09-30,2011-10-21,dte_exit,short_put,P,925.000000,1188.680054,37,34.599998,34.959999,0.000101,5.198472,1.459007,2011-10-20,1.000000,177,920.000000,930.000000,False,925.000000,5.198472,2.850000,4.400000,3.300000,22 x 75,,0.484440,-0.044850,1189.240000,,True,3.625000,0.775000,False,-22.182593
19,entry,2011-09-14,2011-09-14,2011-09-30,2011-10-21,dte_exit,short_call,C,1385.000000,1188.680054,37,34.599998,34.959999,0.000101,2.627476,1.459007,2011-10-20,1.000000,177,1380.000000,1390.000000,False,1385.000000,2.627476,0.200000,0.740000,0.400000,22 x 100,0.000000,0.223850,0.015600,1189.240000,,True,0.470000,0.270000,False,16.515794
19,entry,2011-09-14,2011-09-14,2011-09-30,2011-10-21,dte_exit,long_call,C,1400.000000,1188.680054,37,34.599998,34.959999,0.000101,1.871780,1.459007,2011-10-20,1.000000,177,1395.000000,1405.000000,False,1400.000000,1.871780,0.200000,0.440000,0.350000,29 x 14,,0.225740,0.011740,1189.240000,,True,0.320000,0.120000,False,17.777698
19,exit,2011-09-30,2011-09-14,2011-09-30,2011-10-21,dte_exit,long_put,P,910.000000,1131.420044,21,42.959999,41.240002,0.000203,4.101992,1.021704,2011-10-20,1.000000,177,905.000000,915.000000,False,910.000000,4.101992,2.950000,4.010000,3.150000,103 x 104,110.000000,0.576220,-0.049970,1131.810000,,True,3.480000,0.530000,False,-19.570101
19,exit,2011-09-30,2011-09-14,2011-09-30,2011-10-21,dte_exit,short_put,P,925.000000,1131.420044,21,42.959999,41.240002,0.000203,4.964691,1.021704,2011-10-20,1.000000,177,920.000000,930.000000,False,925.000000,4.964691,4.200000,4.700000,4.200000,500 x 104,,0.572200,-0.062350,1131.810000,,True,4.450000,0.250000,False,-18.244333
19,exit,2011-09-30,2011-09-14,2011-09-30,2011-10-21,dte_exit,short_call,C,1385.000000,1131.420044,21,42.959999,41.240002,0.000203,0.447851,1.021704,2011-10-20,1.000000,177,1380.000000,1390.000000,False,1385.000000,0.447851,0.000000,0.100000,0.300000,0 x 79,0.000000,0.292830,0.002410,1131.810000,,True,0.050000,0.050000,True,22.412539
19,exit,2011-09-30,2011-09-14,2011-09-30,2011-10-21,dte_exit,long_call,C,1400.000000,1131.420044,21,42.959999,41.240002,0.000203,0.288847,1.021704,2011-10-20,1.000000,177,1395.000000,1405.000000,False,1400.000000,0.288847,0.000000,0.100000,0.050000,0 x 79,0.000000,0.307500,0.001800,1131.810000,,True,0.050000,0.050000,True,23.738306
20,entry,2011-10-05,2011-10-05,2011-10-28,2011-11-18,dte_exit,long_put,P,830.000000,1144.030029,44,37.810001,38.310001,-0.000000,5.509578,1.527248,2011-11-17,1.000000,164,825.000000,835.000000,False,830.000000,5.509578,2.600000,4.090000,5.000000,103 x 205,40.000000,0.534810,-0.036860,1143.760000,,True,3.345000,0.745000,False,-27.449457
20,entry,2011-10-05,2011-10-05,2011-10-28,2011-11-18,dte_exit,short_put,P,845.000000,1144.030029,44,37.810001,38.310001,-0.000000,6.267634,1.527248,2011-11-17,1.000000,164,840.000000,850.000000,False,845.000000,6.267634,3.110000,4.700000,5.850000,205 x 205,10.000000,0.524780,-0.043130,1143.760000,,True,3.905000,0.795000,False,-26.138302
20,entry,2011-10-05,2011-10-05,2011-10-28,2011-11-18,dte_exit,short_call,C,1370.000000,1144.030029,44,37.810001,38.310001,-0.000000,2.999627,1.527248,2011-11-17,1.000000,164,1360.000000,1375.000000,False,1370.000000,2.999627,0.000000,1.000000,0.420000,0 x 206,4.000000,0.243910,0.015090,1143.760000,,True,0.500000,0.500000,True,19.752101
20,entry,2011-10-05,2011-10-05,2011-10-28,2011-11-18,dte_exit,long_call,C,1385.000000,1144.030029,44,37.810001,38.310001,-0.000000,2.230436,1.527248,2011-11-17,1.000000,164,1380.000000,1390.000000,False,,,,,,,,,,,strike 1385 not listed (chain of 164 strikes; nearest 1380 / 1390),False,,,False,21.063256
20,exit,2011-10-28,2011-10-05,2011-10-28,2011-11-18,dte_exit,long_put,P,830.000000,1285.089966,21,24.530001,26.520000,0.000101,0.006536,1.343662,2011-11-17,1.000000,173,825.000000,835.000000,False,830.000000,0.006536,0.000000,0.100000,1.050000,0 x 25,0.000000,0.598720,-0.000690,1284.890000,,True,0.050000,0.050000,True,-35.413082
20,exit,2011-10-28,2011-10-05,2011-10-28,2011-11-18,dte_exit,short_put,P,845.000000,1285.089966,21,24.530001,26.520000,0.000101,0.008983,1.343662,2011-11-17,1.000000,173,840.000000,850.000000,False,845.000000,0.008983,0.000000,0.110000,1.450000,0 x 25,0.000000,0.576230,-0.001220,1284.890000,,True,0.055000,0.055000,True,-34.245849
20,exit,2011-10-28,2011-10-05,2011-10-28,2011-11-18,dte_exit,short_call,C,1370.000000,1285.089966,21,24.530001,26.520000,0.000101,3.223981,1.343662,2011-11-17,1.000000,173,1365.000000,1375.000000,False,1370.000000,3.223981,0.710000,1.540000,1.080000,50 x 102,559.000000,0.165810,0.052990,1284.890000,,True,1.125000,0.415000,False,6.607322
20,exit,2011-10-28,2011-10-05,2011-10-28,2011-11-18,dte_exit,long_call,C,1385.000000,1285.089966,21,24.530001,26.520000,0.000101,1.882766,1.343662,2011-11-17,1.000000,173,1380.000000,1390.000000,False,,,,,,,,,,,strike 1385 not listed (chain of 173 strikes; nearest 1380 / 1390),False,,,False,7.774556
21,entry,2011-11-02,2011-11-02,2011-11-25,2011-12-16,dte_exit,long_put,P,915.000000,1237.900024,44,32.740002,32.880001,0.000101,4.460030,1.105813,2011-12-15,1.000000,187,910.000000,920.000000,False,915.000000,4.460030,2.900000,4.490000,4.000000,102 x 102,210.000000,0.514140,-0.039000,1237.760000,,True,3.695000,0.795000,False,-26.084499
21,entry,2011-11-02,2011-11-02,2011-11-25,2011-12-16,dte_exit,short_put,P,930.000000,1237.900024,44,32.740002,32.880001,0.000101,5.073326,1.105813,2011-12-15,1.000000,187,925.000000,935.000000,False,930.000000,5.073326,3.400000,4.990000,4.400000,102 x 102,200.000000,0.504090,-0.044580,1237.760000,,True,4.195000,0.795000,False,-24.872770
21,entry,2011-11-02,2011-11-02,2011-11-25,2011-12-16,dte_exit,short_call,C,1470.000000,1237.900024,44,32.740002,32.880001,0.000101,1.639855,1.105813,2011-12-15,1.000000,187,1460.000000,1475.000000,False,,,,,,,,,,,strike 1470 not listed (chain of 187 strikes; nearest 1460 / 1475),False,,,False,18.749493
21,entry,2011-11-02,2011-11-02,2011-11-25,2011-12-16,dte_exit,long_call,C,1485.000000,1237.900024,44,32.740002,32.880001,0.000101,1.147339,1.105813,2011-12-15,1.000000,187,1475.000000,1500.000000,False,,,,,,,,,,,strike 1485 not listed (chain of 187 strikes; nearest 1475 / 1500),False,,,False,19.961222
21,exit,2011-11-25,2011-11-02,2011-11-25,2011-12-16,dte_exit,long_put,P,915.000000,1158.670044,21,34.470001,36.450001,0.000203,1.153507,0.313920,2011-12-15,1.000000,190,910.000000,920.000000,False,915.000000,1.153507,0.690000,1.900000,1.150000,103 x 103,27.000000,0.502040,-0.023370,1158.670000,,True,1.295000,0.605000,False,-21.030150
21,exit,2011-11-25,2011-11-02,2011-11-25,2011-12-16,dte_exit,short_put,P,930.000000,1158.670044,21,34.470001,36.450001,0.000203,1.467010,0.313920,2011-12-15,1.000000,190,925.000000,935.000000,False,930.000000,1.467010,1.000000,2.200000,0.000000,103 x 103,,0.489360,-0.028890,1158.670000,,True,1.600000,0.600000,False,-19.735562
21,exit,2011-11-25,2011-11-02,2011-11-25,2011-12-16,dte_exit,short_call,C,1470.000000,1158.670044,21,34.470001,36.450001,0.000203,0.000636,0.313920,2011-12-15,1.000000,190,1460.000000,1475.000000,False,,,,,,,,,,,strike 1470 not listed (chain of 190 strikes; nearest 1460 / 1475),False,,,False,26.869596
21,exit,2011-11-25,2011-11-02,2011-11-25,2011-12-16,dte_exit,long_call,C,1485.000000,1158.670044,21,34.470001,36.450001,0.000203,0.000219,0.313920,2011-12-15,1.000000,190,1475.000000,1490.000000,False,,,,,,,,,,,strike 1485 not listed (chain of 190 strikes; nearest 1475 / 1490),False,,,False,28.164183
22,entry,2011-12-06,2011-12-06,2011-12-23,2012-01-20,profit_target,long_put,P,990.000000,1258.469971,45,28.129999,30.160000,0.000101,5.704646,1.503836,2012-01-19,1.000000,161,985.000000,995.000000,False,990.000000,5.704646,2.250000,3.300000,2.900000,123 x 114,100.000000,0.393780,-0.038080,1258.780000,,True,2.775000,0.525000,False,-21.333045
22,entry,2011-12-06,2011-12-06,2011-12-23,2012-01-20,profit_target,short_put,P,1005.000000,1258.469971,45,28.129999,30.160000,0.000101,6.488904,1.503836,2012-01-19,1.000000,161,1000.000000,1010.000000,False,1005.000000,6.488904,2.700000,3.790000,0.000000,123 x 123,,0.384920,-0.044100,1258.780000,,True,3.245000,0.545000,False,-20.141122
22,entry,2011-12-06,2011-12-06,2011-12-23,2012-01-20,profit_target,short_call,C,1450.000000,1258.469971,45,28.129999,30.160000,0.000101,2.337756,1.503836,2012-01-19,1.000000,161,1440.000000,1475.000000,False,1450.000000,2.337756,0.200000,1.150000,0.500000,135 x 114,511.000000,0.201240,0.020560,1258.780000,,True,0.675000,0.475000,False,15.219277
22,entry,2011-12-06,2011-12-06,2011-12-23,2012-01-20,profit_target,long_call,C,1465.000000,1258.469971,45,28.129999,30.160000,0.000101,1.618177,1.503836,2012-01-19,1.000000,161,1450.000000,1475.000000,False,,,,,,,,,,,strike 1465 not listed (chain of 161 strikes; nearest 1450 / 1475),False,,,False,16.411200
22,exit,2011-12-23,2011-12-06,2011-12-23,2012-01-20,profit_target,long_put,P,990.000000,1265.329956,28,20.730000,25.219999,0.000101,0.372608,0.109957,2012-01-19,1.000000,161,985.000000,995.000000,False,990.000000,0.372608,0.140000,0.360000,0.350000,25 x 50,69.000000,0.358070,-0.006450,1265.210000,,True,0.250000,0.110000,False,-21.759538
22,exit,2011-12-23,2011-12-06,2011-12-23,2012-01-20,profit_target,short_put,P,1005.000000,1265.329956,28,20.730000,25.219999,0.000101,0.472873,0.109957,2012-01-19,1.000000,161,1000.000000,1010.000000,False,1005.000000,0.472873,0.150000,0.450000,0.700000,25 x 1,0.000000,0.345640,-0.007500,1265.210000,,True,0.300000,0.150000,False,-20.574077
22,exit,2011-12-23,2011-12-06,2011-12-23,2012-01-20,profit_target,short_call,C,1450.000000,1265.329956,28,20.730000,25.219999,0.000101,0.013851,0.109957,2012-01-19,1.000000,161,1440.000000,1475.000000,False,1450.000000,0.013851,0.050000,0.110000,0.050000,183 x 222,166.000000,0.184890,0.004280,1265.210000,,True,0.080000,0.030000,False,14.594616
22,exit,2011-12-23,2011-12-06,2011-12-23,2012-01-20,profit_target,long_call,C,1465.000000,1265.329956,28,20.730000,25.219999,0.000101,0.004159,0.109957,2012-01-19,1.000000,161,1450.000000,1475.000000,False,,,,,,,,,,,strike 1465 not listed (chain of 161 strikes; nearest 1450 / 1475),False,,,False,15.780077
23,entry,2012-01-03,2012-01-03,2012-01-27,2012-02-17,dte_exit,long_put,P,1030.000000,1277.060059,45,22.969999,26.049999,0.000203,4.537690,1.149530,2012-02-16,1.000000,159,1025.000000,1035.000000,False,1030.000000,4.537690,2.210000,3.090000,2.600000,102 x 102,2.000000,0.355150,-0.039740,1276.250000,,True,2.650000,0.440000,False,-19.346002
23,entry,2012-01-03,2012-01-03,2012-01-27,2012-02-17,dte_exit,short_put,P,1045.000000,1277.060059,45,22.969999,26.049999,0.000203,5.217669,1.149530,2012-02-16,1.000000,159,1040.000000,1050.000000,False,1045.000000,5.217669,2.410000,4.010000,5.000000,204 x 204,0.000000,0.348560,-0.047510,1276.250000,,True,3.210000,0.800000,False,-18.171429
23,entry,2012-01-03,2012-01-03,2012-01-27,2012-02-17,dte_exit,short_call,C,1455.000000,1277.060059,45,22.969999,26.049999,0.000203,1.229269,1.149530,2012-02-16,1.000000,159,1450.000000,1475.000000,False,,,,,,,,,,,strike 1455 not listed (chain of 159 strikes; nearest 1450 / 1475),False,,,False,13.933561
23,entry,2012-01-03,2012-01-03,2012-01-27,2012-02-17,dte_exit,long_call,C,1470.000000,1277.060059,45,22.969999,26.049999,0.000203,0.759718,1.149530,2012-02-16,1.000000,159,1450.000000,1475.000000,False,,,,,,,,,,,strike 1470 not listed (chain of 159 strikes; nearest 1450 / 1475),False,,,False,15.108134
23,exit,2012-01-27,2012-01-03,2012-01-27,2012-02-17,dte_exit,long_put,P,1030.000000,1316.329956,21,18.530001,21.400000,0.000608,0.034420,0.020596,2012-02-16,1.000000,164,1025.000000,1035.000000,False,1030.000000,0.034420,0.100000,0.260000,0.200000,2 x 20,75.000000,0.395650,-0.004580,1316.630000,,True,0.180000,0.080000,False,-21.752142
23,exit,2012-01-27,2012-01-03,2012-01-27,2012-02-17,dte_exit,short_put,P,1045.000000,1316.329956,21,18.530001,21.400000,0.000608,0.047822,0.020596,2012-02-16,1.000000,164,1040.000000,1050.000000,False,1045.000000,0.047822,0.140000,0.250000,0.200000,10 x 25,102.000000,0.380110,-0.004770,1316.630000,,True,0.195000,0.055000,False,-20.612610
23,exit,2012-01-27,2012-01-03,2012-01-27,2012-02-17,dte_exit,short_call,C,1455.000000,1316.329956,21,18.530001,21.400000,0.000608,0.008952,0.020596,2012-02-16,1.000000,164,1450.000000,1475.000000,False,,,,,,,,,,,strike 1455 not listed (chain of 164 strikes; nearest 1450 / 1475),False,,,False,10.534596
23,exit,2012-01-27,2012-01-03,2012-01-27,2012-02-17,dte_exit,long_call,C,1470.000000,1316.329956,21,18.530001,21.400000,0.000608,0.001758,0.020596,2012-02-16,1.000000,164,1450.000000,1475.000000,False,,,,,,,,,,,strike 1470 not listed (chain of 164 strikes; nearest 1450 / 1475),False,,,False,11.674128
24,entry,2012-01-31,2012-01-31,2012-02-24,2012-03-16,dte_exit,long_put,P,1095.000000,1312.410034,45,19.440001,22.090000,0.000608,4.196221,1.147174,2012-03-15,1.000000,173,1090.000000,1100.000000,False,1095.000000,4.196221,1.550000,3.800000,2.410000,20 x 20,0.000000,0.307600,-0.044350,1312.790000,,True,2.675000,1.125000,False,-16.565710
24,entry,2012-01-31,2012-01-31,2012-02-24,2012-03-16,dte_exit,short_put,P,1110.000000,1312.410034,45,19.440001,22.090000,0.000608,4.873557,1.147174,2012-03-15,1.000000,173,1105.000000,1115.000000,False,1110.000000,4.873557,1.640000,4.200000,3.100000,20 x 20,10.000000,0.293160,-0.049480,1312.790000,,True,2.920000,1.280000,False,-15.422774
24,entry,2012-01-31,2012-01-31,2012-02-24,2012-03-16,dte_exit,short_call,C,1465.000000,1312.410034,45,19.440001,22.090000,0.000608,1.092234,1.147174,2012-03-15,1.000000,173,1460.000000,1470.000000,False,,,,,,,,,,,strike 1465 not listed (chain of 173 strikes; nearest 1460 / 1470),False,,,False,11.626699
24,entry,2012-01-31,2012-01-31,2012-02-24,2012-03-16,dte_exit,long_call,C,1480.000000,1312.410034,45,19.440001,22.090000,0.000608,0.622396,1.147174,2012-03-15,1.000000,173,1475.000000,1490.000000,False,1480.000000,0.622396,0.000000,0.850000,0.300000,0 x 11,1.000000,0.162350,0.016170,1312.790000,,True,0.425000,0.425000,True,12.769635
24,exit,2012-02-24,2012-01-31,2012-02-24,2012-03-16,dte_exit,long_put,P,1095.000000,1365.739990,21,17.309999,21.180000,0.001014,0.028738,0.085131,2012-03-15,1.000000,184,1090.000000,1100.000000,False,1095.000000,0.028738,0.200000,0.900000,1.550000,4 x 103,0.000000,0.410470,-0.011200,1365.780000,,True,0.550000,0.350000,False,-19.823685
24,exit,2012-02-24,2012-01-31,2012-02-24,2012-03-16,dte_exit,short_put,P,1110.000000,1365.739990,21,17.309999,21.180000,0.001014,0.040314,0.085131,2012-03-15,1.000000,184,1105.000000,1115.000000,False,1110.000000,0.040314,0.260000,0.400000,0.350000,9 x 10,344.000000,0.362050,-0.008030,1365.780000,,True,0.330000,0.070000,False,-18.725379
24,exit,2012-02-24,2012-01-31,2012-02-24,2012-03-16,dte_exit,short_call,C,1465.000000,1365.739990,21,17.309999,21.180000,0.001014,0.097252,0.085131,2012-03-15,1.000000,184,1460.000000,1470.000000,False,1465.000000,0.097252,0.150000,0.850000,0.460000,4 x 103,10.000000,0.154930,0.026510,1365.780000,,True,0.500000,0.350000,False,7.267856
24,exit,2012-02-24,2012-01-31,2012-02-24,2012-03-16,dte_exit,long_call,C,1480.000000,1365.739990,21,17.309999,21.180000,0.001014,0.023697,0.085131,2012-03-15,1.000000,184,1475.000000,1485.000000,False,1480.000000,0.023697,0.150000,0.350000,0.460000,2 x 15,9.000000,0.155530,0.014360,1365.780000,,True,0.250000,0.100000,False,8.366161
25,entry,2012-03-06,2012-03-06,2012-03-29,2012-04-20,profit_target,long_put,P,1130.000000,1343.359985,45,20.870001,23.900000,0.000811,5.716631,1.716205,2012-04-19,1.000000,193,1125.000000,1135.000000,False,1130.000000,5.716631,3.200000,4.400000,3.500000,103 x 102,3.000000,0.317680,-0.056930,1343.510000,,True,3.800000,0.600000,False,-15.882562
25,entry,2012-03-06,2012-03-06,2012-03-29,2012-04-20,profit_target,short_put,P,1145.000000,1343.359985,45,20.870001,23.900000,0.000811,6.575535,1.716205,2012-04-19,1.000000,193,1140.000000,1150.000000,False,1145.000000,6.575535,3.700000,4.900000,4.500000,103 x 184,46.000000,0.307030,-0.065580,1343.510000,,True,4.300000,0.600000,False,-14.765959
25,entry,2012-03-06,2012-03-06,2012-03-29,2012-04-20,profit_target,short_call,C,1490.000000,1343.359985,45,20.870001,23.900000,0.000811,2.393351,1.716205,2012-04-19,1.000000,193,1485.000000,1495.000000,False,1490.000000,2.393351,0.100000,1.000000,0.550000,200 x 184,0.000000,0.147940,0.021770,1343.510000,,True,0.550000,0.450000,False,10.915914
25,entry,2012-03-06,2012-03-06,2012-03-29,2012-04-20,profit_target,long_call,C,1505.000000,1343.359985,45,20.870001,23.900000,0.000811,1.536051,1.716205,2012-04-19,1.000000,193,1500.000000,1510.000000,False,1505.000000,1.536051,0.050000,1.000000,0.550000,7 x 205,0.000000,0.158400,0.019230,1343.510000,,True,0.525000,0.475000,False,12.032517
25,exit,2012-03-29,2012-03-06,2012-03-29,2012-04-20,profit_target,long_put,P,1130.000000,1403.280029,22,15.480000,18.840000,0.000710,0.029215,0.170876,2012-04-19,1.000000,193,1125.000000,1135.000000,False,1130.000000,0.029215,0.060000,0.310000,0.250000,100 x 100,178.000000,0.341810,-0.005110,1402.880000,,True,0.185000,0.125000,False,-19.474376
25,exit,2012-03-29,2012-03-06,2012-03-29,2012-04-20,profit_target,short_put,P,1145.000000,1403.280029,22,15.480000,18.840000,0.000710,0.040439,0.170876,2012-04-19,1.000000,193,1140.000000,1150.000000,False,1145.000000,0.040439,0.050000,0.650000,0.250000,100 x 103,5.000000,0.350930,-0.008520,1402.880000,,True,0.350000,0.300000,False,-18.405452
25,exit,2012-03-29,2012-03-06,2012-03-29,2012-04-20,profit_target,short_call,C,1490.000000,1403.280029,22,15.480000,18.840000,0.000710,0.218620,0.170876,2012-04-19,1.000000,193,1485.000000,1495.000000,False,1490.000000,0.218620,0.100000,0.350000,0.150000,6 x 25,14.000000,0.116180,0.015590,1402.880000,,True,0.225000,0.125000,False,6.179805
25,exit,2012-03-29,2012-03-06,2012-03-29,2012-04-20,profit_target,long_call,C,1505.000000,1403.280029,22,15.480000,18.840000,0.000710,0.058968,0.170876,2012-04-19,1.000000,193,1500.000000,1510.000000,False,1505.000000,0.058968,0.040000,0.150000,0.300000,50 x 2,0.000000,0.119130,0.007820,1402.880000,,True,0.095000,0.055000,False,7.248729
26,entry,2012-04-03,2012-04-03,2012-04-25,2012-05-18,profit_target,long_put,P,1240.000000,1413.380005,45,15.660000,18.809999,0.000811,5.080606,2.253418,2012-05-17,1.000000,196,1235.000000,1245.000000,False,1240.000000,5.080606,2.390000,3.300000,3.100000,185 x 206,13.000000,0.235400,-0.055490,1412.960000,,True,2.845000,0.455000,False,-12.267048
26,entry,2012-04-03,2012-04-03,2012-04-25,2012-05-18,profit_target,short_put,P,1260.000000,1413.380005,45,15.660000,18.809999,0.000811,6.283476,2.253418,2012-05-17,1.000000,196,1255.000000,1265.000000,False,1260.000000,6.283476,3.300000,4.110000,4.100000,107 x 103,10.000000,0.224900,-0.072100,1412.960000,,True,3.705000,0.405000,False,-10.852000
26,entry,2012-04-03,2012-04-03,2012-04-25,2012-05-18,profit_target,short_call,C,1530.000000,1413.380005,45,15.660000,18.809999,0.000811,1.970403,2.253418,2012-05-17,1.000000,196,1525.000000,1535.000000,False,1530.000000,1.970403,0.300000,0.650000,0.490000,4 x 25,4.000000,0.115330,0.022250,1412.960000,,True,0.475000,0.175000,False,8.251142
26,entry,2012-04-03,2012-04-03,2012-04-25,2012-05-18,profit_target,long_call,C,1550.000000,1413.380005,45,15.660000,18.809999,0.000811,0.919856,2.253418,2012-05-17,1.000000,196,1545.000000,1555.000000,False,1550.000000,0.919856,0.190000,0.360000,0.250000,7 x 1,188.000000,0.120660,0.013140,1412.960000,,True,0.275000,0.085000,False,9.666190
26,exit,2012-04-25,2012-04-03,2012-04-25,2012-05-18,profit_target,long_put,P,1240.000000,1390.689941,23,16.820000,19.459999,0.000913,0.929152,0.494508,2012-05-17,1.000000,196,1235.000000,1245.000000,False,1240.000000,0.929152,0.740000,1.450000,1.000000,1 x 137,307.000000,0.247900,-0.031740,1390.710000,,True,1.095000,0.355000,False,-10.835625
26,exit,2012-04-25,2012-04-03,2012-04-25,2012-05-18,profit_target,short_put,P,1260.000000,1390.689941,23,16.820000,19.459999,0.000913,1.412176,0.494508,2012-05-17,1.000000,196,1255.000000,1265.000000,False,1260.000000,1.412176,1.050000,1.890000,1.550000,13 x 102,80.000000,0.231140,-0.044000,1390.710000,,True,1.470000,0.420000,False,-9.397490
26,exit,2012-04-25,2012-04-03,2012-04-25,2012-05-18,profit_target,short_call,C,1530.000000,1390.689941,23,16.820000,19.459999,0.000913,0.013074,0.494508,2012-05-17,1.000000,196,1525.000000,1535.000000,False,1530.000000,0.013074,0.050000,0.090000,0.100000,201 x 200,0.000000,0.147840,0.004760,1390.710000,,True,0.070000,0.020000,False,10.017334
26,exit,2012-04-25,2012-04-03,2012-04-25,2012-05-18,profit_target,long_call,C,1550.000000,1390.689941,23,16.820000,19.459999,0.000913,0.001590,0.494508,2012-05-17,1.000000,196,1545.000000,1555.000000,False,1550.000000,0.001590,0.000000,0.060000,0.050000,0 x 99,1.000000,0.148490,0.001350,1390.710000,,True,0.030000,0.030000,True,11.455469
27,entry,2012-05-01,2012-05-01,2012-05-25,2012-06-15,dte_exit,long_put,P,1220.000000,1405.819946,45,16.600000,19.129999,0.000913,4.792463,2.045191,2012-06-14,1.000000,198,1215.000000,1225.000000,False,1220.000000,4.792463,2.100000,3.010000,2.450000,60 x 115,6.000000,0.244540,-0.049440,1405.810000,,True,2.555000,0.455000,False,-13.217905
27,entry,2012-05-01,2012-05-01,2012-05-25,2012-06-15,dte_exit,short_put,P,1240.000000,1405.819946,45,16.600000,19.129999,0.000913,5.896864,2.045191,2012-06-14,1.000000,198,1235.000000,1245.000000,False,1240.000000,5.896864,2.500000,3.690000,2.900000,122 x 11,21.000000,0.231090,-0.060670,1405.810000,,True,3.095000,0.595000,False,-11.795248
27,entry,2012-05-01,2012-05-01,2012-05-25,2012-06-15,dte_exit,short_call,C,1530.000000,1405.819946,45,16.600000,19.129999,0.000913,1.772178,2.045191,2012-06-14,1.000000,198,1525.000000,1535.000000,False,1530.000000,1.772178,0.100000,1.100000,0.570000,118 x 102,96.000000,0.127850,0.025210,1405.810000,,True,0.600000,0.500000,False,8.833283
27,entry,2012-05-01,2012-05-01,2012-05-25,2012-06-15,dte_exit,long_call,C,1550.000000,1405.819946,45,16.600000,19.129999,0.000913,0.831388,2.045191,2012-06-14,1.000000,198,1545.000000,1555.000000,False,1550.000000,0.831388,0.260000,0.610000,0.300000,3 x 20,,0.135540,0.017540,1405.810000,,True,0.435000,0.175000,False,10.255940
27,exit,2012-05-25,2012-05-01,2012-05-25,2012-06-15,dte_exit,long_put,P,1220.000000,1317.819946,21,21.760000,24.930000,0.000913,3.877571,1.885877,2012-06-14,1.000000,198,1215.000000,1225.000000,False,1220.000000,3.877571,3.110000,4.400000,3.900000,114 x 114,48.000000,0.247100,-0.099110,1317.550000,,True,3.755000,0.645000,False,-7.422861
27,exit,2012-05-25,2012-05-01,2012-05-25,2012-06-15,dte_exit,short_put,P,1240.000000,1317.819946,21,21.760000,24.930000,0.000913,5.763356,1.885877,2012-06-14,1.000000,198,1235.000000,1245.000000,False,1240.000000,5.763356,4.800000,6.310000,5.650000,114 x 114,988.000000,0.233600,-0.142600,1317.550000,,True,5.555000,0.755000,False,-5.905203
27,exit,2012-05-25,2012-05-01,2012-05-25,2012-06-15,dte_exit,short_call,C,1530.000000,1317.819946,21,21.760000,24.930000,0.000913,0.000099,1.885877,2012-06-14,1.000000,198,1525.000000,1535.000000,False,1530.000000,0.000099,0.000000,0.050000,0.050000,0 x 300,0.000000,0.208700,0.001780,1317.550000,,True,0.025000,0.025000,True,16.100838
27,exit,2012-05-25,2012-05-01,2012-05-25,2012-06-15,dte_exit,long_call,C,1550.000000,1317.819946,21,21.760000,24.930000,0.000913,0.000007,1.885877,2012-06-14,1.000000,198,1545.000000,1555.000000,False,1550.000000,0.000007,0.000000,0.050000,0.010000,0 x 1671,0.000000,0.225540,0.001450,1317.550000,,True,0.025000,0.025000,True,17.618496
28,entry,2012-06-05,2012-06-05,2012-06-25,2012-07-20,profit_target,long_put,P,1050.000000,1285.500000,45,24.680000,26.870001,0.000811,5.872861,1.592576,2012-07-19,1.000000,154,1045.000000,1055.000000,False,1050.000000,5.872861,3.010000,3.600000,3.200000,18 x 1,116.000000,0.355560,-0.047040,1285.500000,,True,3.305000,0.295000,False,-18.319720
28,entry,2012-06-05,2012-06-05,2012-06-25,2012-07-20,profit_target,short_put,P,1065.000000,1285.500000,45,24.680000,26.870001,0.000811,6.717310,1.592576,2012-07-19,1.000000,154,1060.000000,1070.000000,False,1065.000000,6.717310,3.200000,4.400000,6.120000,123 x 123,3.000000,0.345240,-0.054520,1285.500000,,True,3.800000,0.600000,False,-17.152859
28,entry,2012-06-05,2012-06-05,2012-06-25,2012-07-20,profit_target,short_call,C,1455.000000,1285.500000,45,24.680000,26.870001,0.000811,2.225514,1.592576,2012-07-19,1.000000,154,1450.000000,1460.000000,False,1455.000000,2.225514,0.250000,0.940000,0.200000,10 x 103,2.000000,0.173690,0.021040,1285.500000,,True,0.595000,0.345000,False,13.185531
28,entry,2012-06-05,2012-06-05,2012-06-25,2012-07-20,profit_target,long_call,C,1470.000000,1285.500000,45,24.680000,26.870001,0.000811,1.477388,1.592576,2012-07-19,1.000000,154,1465.000000,1475.000000,False,1470.000000,1.477388,0.200000,0.850000,0.500000,10 x 103,35.000000,0.181630,0.018150,1285.500000,,True,0.525000,0.325000,False,14.352392
28,exit,2012-06-25,2012-06-05,2012-06-25,2012-07-20,profit_target,long_put,P,1050.000000,1313.719971,25,20.379999,23.030001,0.001014,0.300243,0.181642,2012-07-19,1.000000,154,1045.000000,1055.000000,False,1050.000000,0.300243,0.200000,0.300000,0.300000,8 x 150,340.000000,0.347130,-0.006420,1313.740000,,True,0.250000,0.050000,False,-20.074291
28,exit,2012-06-25,2012-06-05,2012-06-25,2012-07-20,profit_target,short_put,P,1065.000000,1313.719971,25,20.379999,23.030001,0.001014,0.388642,0.181642,2012-07-19,1.000000,154,1060.000000,1070.000000,False,1065.000000,0.388642,0.090000,0.450000,0.450000,25 x 10,0.000000,0.331100,-0.007480,1313.740000,,True,0.270000,0.180000,False,-18.932495
28,exit,2012-06-25,2012-06-05,2012-06-25,2012-07-20,profit_target,short_call,C,1455.000000,1313.719971,25,20.379999,23.030001,0.001014,0.151491,0.181642,2012-07-19,1.000000,154,1450.000000,1460.000000,False,1455.000000,0.151491,0.000000,0.150000,0.150000,0 x 2,20.000000,0.151700,0.004380,1313.740000,,True,0.075000,0.075000,True,10.754197
28,exit,2012-06-25,2012-06-05,2012-06-25,2012-07-20,profit_target,long_call,C,1470.000000,1313.719971,25,20.379999,23.030001,0.001014,0.058248,0.181642,2012-07-19,1.000000,154,1465.000000,1475.000000,False,1470.000000,0.058248,0.040000,0.090000,0.100000,9 x 350,204.000000,0.165440,0.004790,1313.740000,,True,0.065000,0.025000,False,11.895993
29,entry,2012-07-03,2012-07-03,2012-07-26,2012-08-17,profit_target,long_put,P,1180.000000,1374.020020,45,16.660000,19.320000,0.000913,4.190546,1.685067,2012-08-16,1.000000,135,1175.000000,1185.000000,False,1180.000000,4.190546,1.540000,2.500000,2.450000,206 x 25,674.000000,0.249850,-0.039780,1374.020000,,True,2.020000,0.480000,False,-14.120611
29,entry,2012-07-03,2012-07-03,2012-07-26,2012-08-17,profit_target,short_put,P,1200.000000,1374.020020,45,16.660000,19.320000,0.000913,5.168411,1.685067,2012-08-16,1.000000,135,1195.000000,1205.000000,False,1200.000000,5.168411,2.100000,3.400000,2.700000,34 x 25,,0.241320,-0.054000,1374.020000,,True,2.750000,0.650000,False,-12.665028
29,entry,2012-07-03,2012-07-03,2012-07-26,2012-08-17,profit_target,short_call,C,1505.000000,1374.020020,45,16.660000,19.320000,0.000913,1.266121,1.685067,2012-08-16,1.000000,135,1500.000000,1510.000000,False,,,,,,,,,,,strike 1505 not listed (chain of 135 strikes; nearest 1500 / 1510),False,,,False,9.532611
29,entry,2012-07-03,2012-07-03,2012-07-26,2012-08-17,profit_target,long_call,C,1525.000000,1374.020020,45,16.660000,19.320000,0.000913,0.558920,1.685067,2012-08-16,1.000000,135,1520.000000,1550.000000,False,1525.000000,0.558920,0.150000,0.300000,0.250000,25 x 10,0.000000,0.131200,0.010840,1374.020000,,True,0.225000,0.075000,False,10.988194
29,exit,2012-07-26,2012-07-03,2012-07-26,2012-08-17,profit_target,long_put,P,1180.000000,1360.020020,22,17.530001,20.240000,0.001115,0.432485,0.237780,2012-08-16,1.000000,149,1175.000000,1185.000000,False,1180.000000,0.432485,0.260000,1.000000,0.830000,60 x 122,305.000000,0.276540,-0.017860,1359.890000,,True,0.630000,0.370000,False,-13.236571
29,exit,2012-07-26,2012-07-03,2012-07-26,2012-08-17,profit_target,short_put,P,1200.000000,1360.020020,22,17.530001,20.240000,0.001115,0.664908,0.237780,2012-08-16,1.000000,149,1195.000000,1205.000000,False,1200.000000,0.664908,0.500000,1.200000,0.950000,55 x 102,,0.259740,-0.025680,1359.890000,,True,0.850000,0.350000,False,-11.766005
29,exit,2012-07-26,2012-07-03,2012-07-26,2012-08-17,profit_target,short_call,C,1505.000000,1360.020020,22,17.530001,20.240000,0.001115,0.005965,0.237780,2012-08-16,1.000000,149,1500.000000,1510.000000,False,1505.000000,0.005965,0.000000,0.100000,0.100000,0 x 420,0.000000,0.154390,0.002860,1359.890000,,True,0.050000,0.050000,True,10.660136
29,exit,2012-07-26,2012-07-03,2012-07-26,2012-08-17,profit_target,long_call,C,1525.000000,1360.020020,22,17.530001,20.240000,0.001115,0.000607,0.237780,2012-08-16,1.000000,149,1520.000000,1550.000000,False,1525.000000,0.000607,0.000000,0.050000,0.050000,0 x 560,0.000000,0.160810,0.001700,1359.890000,,True,0.025000,0.025000,True,12.130702
30,entry,2012-08-07,2012-08-07,2012-08-27,2012-09-21,profit_target,long_put,P,1220.000000,1401.349976,45,15.990000,18.809999,0.001115,4.655465,2.088151,2012-09-20,1.000000,158,1215.000000,1225.000000,False,1220.000000,4.655465,1.750000,2.490000,2.050000,60 x 122,35.000000,0.232150,-0.044050,1401.090000,,True,2.120000,0.370000,False,-12.941091
30,entry,2012-08-07,2012-08-07,2012-08-27,2012-09-21,profit_target,short_put,P,1240.000000,1401.349976,45,15.990000,18.809999,0.001115,5.753662,2.088151,2012-09-20,1.000000,158,1235.000000,1245.000000,False,1240.000000,5.753662,2.200000,3.400000,2.600000,60 x 122,22.000000,0.222050,-0.057810,1401.090000,,True,2.800000,0.600000,False,-11.513896
30,entry,2012-08-07,2012-08-07,2012-08-27,2012-09-21,profit_target,short_call,C,1520.000000,1401.349976,45,15.990000,18.809999,0.001115,1.840779,2.088151,2012-09-20,1.000000,158,1515.000000,1525.000000,False,1520.000000,1.840779,0.190000,0.960000,0.500000,60 x 102,2.000000,0.121450,0.025570,1401.090000,,True,0.575000,0.385000,False,8.466837
30,entry,2012-08-07,2012-08-07,2012-08-27,2012-09-21,profit_target,long_call,C,1540.000000,1401.349976,45,15.990000,18.809999,0.001115,0.850826,2.088151,2012-09-20,1.000000,158,1535.000000,1550.000000,False,1540.000000,0.850826,0.000000,0.760000,0.000000,0 x 102,,0.128890,0.017040,1401.090000,,True,0.380000,0.380000,True,9.894033
30,exit,2012-08-27,2012-08-07,2012-08-27,2012-09-21,profit_target,long_put,P,1220.000000,1410.439941,25,16.350000,19.920000,0.001115,0.537224,0.404469,2012-09-20,1.000000,159,1215.000000,1225.000000,False,1220.000000,0.537224,0.210000,1.300000,0.650000,123 x 123,,0.271340,-0.020050,1410.580000,,True,0.755000,0.545000,False,-13.502166
30,exit,2012-08-27,2012-08-07,2012-08-27,2012-09-21,profit_target,short_put,P,1240.000000,1410.439941,25,16.350000,19.920000,0.001115,0.786075,0.404469,2012-09-20,1.000000,159,1235.000000,1245.000000,False,1240.000000,0.786075,0.400000,1.550000,1.000000,123 x 123,158.000000,0.255640,-0.026080,1410.580000,,True,0.975000,0.575000,False,-12.084169
30,exit,2012-08-27,2012-08-07,2012-08-27,2012-09-21,profit_target,short_call,C,1520.000000,1410.439941,25,16.350000,19.920000,0.001115,0.198997,0.404469,2012-09-20,1.000000,159,1515.000000,1525.000000,False,1520.000000,0.198997,0.060000,0.290000,0.200000,30 x 22,0.000000,0.127120,0.010920,1410.580000,,True,0.175000,0.115000,False,7.767793
30,exit,2012-08-27,2012-08-07,2012-08-27,2012-09-21,profit_target,long_call,C,1540.000000,1410.439941,25,16.350000,19.920000,0.001115,0.043379,0.404469,2012-09-20,1.000000,159,1535.000000,1550.000000,False,1540.000000,0.043379,0.100000,0.150000,0.150000,9 x 52,0.000000,0.139820,0.007520,1410.580000,,True,0.125000,0.025000,False,9.185791
31,entry,2012-09-04,2012-09-04,2012-09-25,2012-10-19,profit_target,long_put,P,1210.000000,1404.939941,45,17.980000,20.680000,0.001014,5.338185,2.115905,2012-10-18,1.000000,149,1205.000000,1215.000000,False,1210.000000,5.338185,2.300000,2.850000,3.300000,123 x 100,300.000000,0.259930,-0.047340,1404.840000,,True,2.575000,0.275000,False,-13.875322
31,entry,2012-09-04,2012-09-04,2012-09-25,2012-10-19,profit_target,short_put,P,1230.000000,1404.939941,45,17.980000,20.680000,0.001014,6.499649,2.115905,2012-10-18,1.000000,149,1225.000000,1235.000000,False,1230.000000,6.499649,2.950000,4.700000,4.100000,123 x 123,73.000000,0.257560,-0.066100,1404.840000,,True,3.825000,0.875000,False,-12.451774
31,entry,2012-09-04,2012-09-04,2012-09-25,2012-10-19,profit_target,short_call,C,1540.000000,1404.939941,45,17.980000,20.680000,0.001014,1.909500,2.115905,2012-10-18,1.000000,149,1535.000000,1545.000000,False,1540.000000,1.909500,0.200000,1.350000,0.900000,10 x 118,300.000000,0.138700,0.029950,1404.840000,,True,0.775000,0.575000,False,9.613226
31,entry,2012-09-04,2012-09-04,2012-09-25,2012-10-19,profit_target,long_call,C,1560.000000,1404.939941,45,17.980000,20.680000,0.001014,0.955059,2.115905,2012-10-18,1.000000,149,1555.000000,1565.000000,False,1560.000000,0.955059,0.000000,1.000000,0.000000,0 x 114,,0.144420,0.019410,1404.840000,,True,0.500000,0.500000,True,11.036775
31,exit,2012-09-25,2012-09-04,2012-09-25,2012-10-19,profit_target,long_put,P,1210.000000,1441.589966,24,15.430000,17.600000,0.001115,0.196959,0.336331,2012-10-18,1.000000,159,1205.000000,1215.000000,False,1210.000000,0.196959,0.300000,1.000000,0.450000,102 x 1,717.000000,0.321690,-0.014670,1441.870000,,True,0.650000,0.350000,False,-16.064899
31,exit,2012-09-25,2012-09-04,2012-09-25,2012-10-19,profit_target,short_put,P,1230.000000,1441.589966,24,15.430000,17.600000,0.001115,0.289645,0.336331,2012-10-18,1.000000,159,1225.000000,1235.000000,False,1230.000000,0.289645,0.390000,1.140000,4.300000,102 x 103,1.000000,0.302580,-0.018470,1441.870000,,True,0.765000,0.375000,False,-14.677542
31,exit,2012-09-25,2012-09-04,2012-09-25,2012-10-19,profit_target,short_call,C,1540.000000,1441.589966,24,15.430000,17.600000,0.001115,0.315932,0.336331,2012-10-18,1.000000,159,1535.000000,1545.000000,False,1540.000000,0.315932,0.240000,0.750000,0.350000,12 x 102,196.000000,0.132680,0.027180,1441.870000,,True,0.495000,0.255000,False,6.826493
31,exit,2012-09-25,2012-09-04,2012-09-25,2012-10-19,profit_target,long_call,C,1560.000000,1441.589966,24,15.430000,17.600000,0.001115,0.072288,0.336331,2012-10-18,1.000000,159,1555.000000,1565.000000,False,1560.000000,0.072288,0.150000,0.750000,0.250000,10 x 102,123.000000,0.151300,0.022290,1441.870000,,True,0.450000,0.300000,False,8.213850
32,entry,2012-10-02,2012-10-02,2012-10-26,2012-11-16,dte_exit,long_put,P,1265.000000,1445.750000,45,15.710000,17.740000,0.000913,4.619559,2.012314,2012-11-15,1.000000,164,1260.000000,1270.000000,False,1265.000000,4.619559,2.210000,3.400000,0.000000,102 x 102,,0.238000,-0.053490,1445.610000,,True,2.805000,0.595000,False,-12.502162
32,entry,2012-10-02,2012-10-02,2012-10-26,2012-11-16,dte_exit,short_put,P,1285.000000,1445.750000,45,15.710000,17.740000,0.000913,5.706380,2.012314,2012-11-15,1.000000,164,1280.000000,1290.000000,False,1285.000000,5.706380,2.910000,4.000000,3.900000,102 x 5,1.000000,0.225420,-0.066710,1445.610000,,True,3.455000,0.545000,False,-11.118796
32,entry,2012-10-02,2012-10-02,2012-10-26,2012-11-16,dte_exit,short_call,C,1565.000000,1445.750000,45,15.710000,17.740000,0.000913,1.689140,2.012314,2012-11-15,1.000000,164,1560.000000,1570.000000,False,1565.000000,1.689140,0.040000,0.750000,0.000000,17 x 102,,0.111270,0.019650,1445.610000,,True,0.395000,0.355000,False,8.248314
32,entry,2012-10-02,2012-10-02,2012-10-26,2012-11-16,dte_exit,long_call,C,1585.000000,1445.750000,45,15.710000,17.740000,0.000913,0.763648,2.012314,2012-11-15,1.000000,164,1580.000000,1590.000000,False,1585.000000,0.763648,0.000000,0.760000,0.000000,0 x 102,,0.125010,0.017020,1445.610000,,True,0.380000,0.380000,True,9.631679
32,exit,2012-10-26,2012-10-02,2012-10-26,2012-11-16,dte_exit,long_put,P,1265.000000,1411.939941,21,17.809999,19.020000,0.001217,1.166410,0.612159,2012-11-15,1.000000,164,1260.000000,1270.000000,False,1265.000000,1.166410,1.000000,1.750000,1.550000,113 x 113,50.000000,0.259160,-0.038440,1411.980000,,True,1.375000,0.375000,False,-10.406954
32,exit,2012-10-26,2012-10-02,2012-10-26,2012-11-16,dte_exit,short_put,P,1285.000000,1411.939941,21,17.809999,19.020000,0.001217,1.769138,0.612159,2012-11-15,1.000000,164,1280.000000,1290.000000,False,1285.000000,1.769138,1.460000,1.850000,1.750000,114 x 1,4.000000,0.236410,-0.048560,1411.980000,,True,1.655000,0.195000,False,-8.990463
32,exit,2012-10-26,2012-10-02,2012-10-26,2012-11-16,dte_exit,short_call,C,1565.000000,1411.939941,21,17.809999,19.020000,0.001217,0.010975,0.612159,2012-11-15,1.000000,164,1560.000000,1570.000000,False,1565.000000,0.010975,0.040000,0.150000,0.050000,20 x 3,2.000000,0.170400,0.005790,1411.980000,,True,0.095000,0.055000,False,10.840409
32,exit,2012-10-26,2012-10-02,2012-10-26,2012-11-16,dte_exit,long_call,C,1585.000000,1411.939941,21,17.809999,19.020000,0.001217,0.001544,0.612159,2012-11-15,1.000000,164,1580.000000,1590.000000,False,1585.000000,0.001544,0.000000,0.150000,0.000000,0 x 4,,0.182970,0.003890,1411.980000,,True,0.075000,0.075000,True,12.256899
33,entry,2012-11-06,2012-11-06,2012-11-28,2012-12-21,profit_target,long_put,P,1230.000000,1428.390015,45,17.580000,18.240000,0.001014,4.420245,1.794670,2012-12-20,1.000000,190,1225.000000,1235.000000,False,1230.000000,4.420245,2.050000,2.790000,2.100000,122 x 122,19.000000,0.252860,-0.044460,1428.170000,,True,2.420000,0.370000,False,-13.889065
33,entry,2012-11-06,2012-11-06,2012-11-28,2012-12-21,profit_target,short_put,P,1250.000000,1428.390015,45,17.580000,18.240000,0.001014,5.414610,1.794670,2012-12-20,1.000000,190,1245.000000,1255.000000,False,1250.000000,5.414610,2.600000,3.100000,2.900000,114 x 1,447.000000,0.238180,-0.054460,1428.170000,,True,2.850000,0.250000,False,-12.488887
33,entry,2012-11-06,2012-11-06,2012-11-28,2012-12-21,profit_target,short_call,C,1560.000000,1428.390015,45,17.580000,18.240000,0.001014,1.488077,1.794670,2012-12-20,1.000000,190,1555.000000,1565.000000,False,1560.000000,1.488077,0.250000,0.760000,0.630000,5 x 13,1.000000,0.126470,0.021640,1428.170000,,True,0.505000,0.255000,False,9.213869
33,entry,2012-11-06,2012-11-06,2012-11-28,2012-12-21,profit_target,long_call,C,1580.000000,1428.390015,45,17.580000,18.240000,0.001014,0.687772,1.794670,2012-12-20,1.000000,190,1575.000000,1585.000000,False,1580.000000,0.687772,0.250000,0.690000,0.000000,7 x 114,,0.140890,0.019010,1428.170000,,True,0.470000,0.220000,False,10.614047
33,exit,2012-11-28,2012-11-06,2012-11-28,2012-12-21,profit_target,long_put,P,1230.000000,1409.930054,23,15.510000,17.200001,0.001014,0.435292,0.229482,2012-12-20,1.000000,190,1225.000000,1235.000000,False,1230.000000,0.435292,0.100000,0.850000,0.600000,122 x 122,23.000000,0.249970,-0.014550,1409.700000,,True,0.475000,0.375000,False,-12.761630
33,exit,2012-11-28,2012-11-06,2012-11-28,2012-12-21,profit_target,short_put,P,1250.000000,1409.930054,23,15.510000,17.200001,0.001014,0.662807,0.229482,2012-12-20,1.000000,190,1245.000000,1255.000000,False,1250.000000,0.662807,0.500000,0.800000,0.750000,2 x 130,,0.233990,-0.021160,1409.700000,,True,0.650000,0.150000,False,-11.343120
33,exit,2012-11-28,2012-11-06,2012-11-28,2012-12-21,profit_target,short_call,C,1560.000000,1409.930054,23,15.510000,17.200001,0.001014,0.002127,0.229482,2012-12-20,1.000000,190,1555.000000,1565.000000,False,1560.000000,0.002127,0.100000,0.150000,0.100000,2 x 20,22.000000,0.165260,0.007100,1409.700000,,True,0.125000,0.025000,False,10.643787
33,exit,2012-11-28,2012-11-06,2012-11-28,2012-12-21,profit_target,long_call,C,1580.000000,1409.930054,23,15.510000,17.200001,0.001014,0.000161,0.229482,2012-12-20,1.000000,190,1575.000000,1585.000000,False,1580.000000,0.000161,0.050000,0.090000,0.100000,1 x 170,1.000000,0.173050,0.004460,1409.700000,,True,0.070000,0.020000,False,12.062297
34,entry,2012-12-04,2012-12-04,2012-12-28,2013-01-18,dte_exit,long_put,P,1220.000000,1407.050049,45,17.120001,18.190001,0.001014,4.576263,1.850652,2013-01-17,1.000000,178,1215.000000,1225.000000,False,1220.000000,4.576263,1.790000,2.450000,2.070000,70 x 44,62.000000,0.238580,-0.042560,1406.890000,,True,2.120000,0.330000,False,-13.293774
34,entry,2012-12-04,2012-12-04,2012-12-28,2013-01-18,dte_exit,short_put,P,1240.000000,1407.050049,45,17.120001,18.190001,0.001014,5.638736,1.850652,2013-01-17,1.000000,178,1235.000000,1245.000000,False,1240.000000,5.638736,2.350000,3.300000,2.890000,246 x 149,52.000000,0.229300,-0.056830,1406.890000,,True,2.825000,0.475000,False,-11.872360
34,entry,2012-12-04,2012-12-04,2012-12-28,2013-01-18,dte_exit,short_call,C,1535.000000,1407.050049,45,17.120001,18.190001,0.001014,1.433334,1.850652,2013-01-17,1.000000,178,1530.000000,1540.000000,False,1535.000000,1.433334,0.550000,0.910000,0.000000,22 x 45,,0.132910,0.028970,1406.890000,,True,0.730000,0.180000,False,9.093490
34,entry,2012-12-04,2012-12-04,2012-12-28,2013-01-18,dte_exit,long_call,C,1555.000000,1407.050049,45,17.120001,18.190001,0.001014,0.645155,1.850652,2013-01-17,1.000000,178,1550.000000,1560.000000,False,1555.000000,0.645155,0.300000,0.600000,0.430000,2 x 70,1.000000,0.138490,0.018820,1406.890000,,True,0.450000,0.150000,False,10.514903
34,exit,2012-12-28,2012-12-04,2012-12-28,2013-01-18,dte_exit,long_put,P,1220.000000,1402.430054,21,22.719999,21.879999,0.000101,1.855312,1.221136,2013-01-17,1.000000,178,1215.000000,1225.000000,False,1220.000000,1.855312,1.200000,1.590000,1.300000,23 x 1,54.000000,0.301160,-0.034010,1402.950000,,True,1.395000,0.195000,False,-13.008139
34,exit,2012-12-28,2012-12-04,2012-12-28,2013-01-18,dte_exit,short_put,P,1240.000000,1402.430054,21,22.719999,21.879999,0.000101,2.576213,1.221136,2013-01-17,1.000000,178,1235.000000,1245.000000,False,1240.000000,2.576213,1.700000,2.110000,1.900000,123 x 1,316.000000,0.286270,-0.046950,1402.950000,,True,1.905000,0.205000,False,-11.582043
34,exit,2012-12-28,2012-12-04,2012-12-28,2013-01-18,dte_exit,short_call,C,1535.000000,1402.430054,21,22.719999,21.879999,0.000101,0.873699,1.221136,2013-01-17,1.000000,178,1530.000000,1540.000000,False,1535.000000,0.873699,0.050000,0.640000,0.250000,220 x 123,4.000000,0.192590,0.015680,1402.950000,,True,0.345000,0.295000,False,9.452874
34,exit,2012-12-28,2012-12-04,2012-12-28,2013-01-18,dte_exit,long_call,C,1555.000000,1402.430054,21,22.719999,21.879999,0.000101,0.373463,1.221136,2013-01-17,1.000000,178,1550.000000,1560.000000,False,1555.000000,0.373463,0.050000,0.500000,0.000000,200 x 123,,0.207690,0.011480,1402.950000,,True,0.275000,0.225000,False,10.878970
35,entry,2013-01-02,2013-01-02,2013-01-22,2013-02-15,profit_target,long_put,P,1295.000000,1462.420044,44,14.680000,16.690001,0.000811,4.435340,1.984800,2013-02-14,1.000000,163,1290.000000,1300.000000,False,1295.000000,4.435340,2.040000,2.760000,3.300000,20 x 32,30.000000,0.215190,-0.050620,1462.330000,,True,2.400000,0.360000,False,-11.448150
35,entry,2013-01-02,2013-01-02,2013-01-22,2013-02-15,profit_target,short_put,P,1315.000000,1462.420044,44,14.680000,16.690001,0.000811,5.551944,1.984800,2013-02-14,1.000000,163,1310.000000,1320.000000,False,1315.000000,5.551944,2.490000,3.690000,3.250000,109 x 32,80.000000,0.204260,-0.066700,1462.330000,,True,3.090000,0.600000,False,-10.080554
35,entry,2013-01-02,2013-01-02,2013-01-22,2013-02-15,profit_target,short_call,C,1575.000000,1462.420044,44,14.680000,16.690001,0.000811,1.502786,1.984800,2013-02-14,1.000000,163,1570.000000,1580.000000,False,1575.000000,1.502786,0.300000,0.500000,0.400000,30 x 6,,0.107230,0.020710,1462.330000,,True,0.400000,0.100000,False,7.698196
35,entry,2013-01-02,2013-01-02,2013-01-22,2013-02-15,profit_target,long_call,C,1595.000000,1462.420044,44,14.680000,16.690001,0.000811,0.634590,1.984800,2013-02-14,1.000000,163,1590.000000,1600.000000,False,1595.000000,0.634590,0.140000,0.750000,0.150000,20 x 32,10.000000,0.123390,0.019810,1462.330000,,True,0.445000,0.305000,False,9.065792
35,exit,2013-01-22,2013-01-02,2013-01-22,2013-02-15,profit_target,long_put,P,1295.000000,1492.560059,24,12.430000,14.720000,0.000811,0.159606,0.258690,2013-02-14,1.000000,163,1290.000000,1300.000000,False,1295.000000,0.159606,0.040000,0.450000,0.500000,32 x 1,1.000000,0.232550,-0.007870,1491.850000,,True,0.245000,0.205000,False,-13.236322
35,exit,2013-01-22,2013-01-02,2013-01-22,2013-02-15,profit_target,short_put,P,1315.000000,1492.560059,24,12.430000,14.720000,0.000811,0.246466,0.258690,2013-02-14,1.000000,163,1310.000000,1320.000000,False,1315.000000,0.246466,0.140000,0.700000,0.460000,32 x 1,46.000000,0.224990,-0.013920,1491.850000,,True,0.420000,0.280000,False,-11.896343
35,exit,2013-01-22,2013-01-02,2013-01-22,2013-02-15,profit_target,short_call,C,1575.000000,1492.560059,24,12.430000,14.720000,0.000811,0.200659,0.258690,2013-02-14,1.000000,163,1570.000000,1580.000000,False,1575.000000,0.200659,0.100000,0.200000,0.140000,20 x 1,151.000000,0.094050,0.011710,1491.850000,,True,0.150000,0.050000,False,5.523392
35,exit,2013-01-22,2013-01-02,2013-01-22,2013-02-15,profit_target,long_call,C,1595.000000,1492.560059,24,12.430000,14.720000,0.000811,0.028828,0.258690,2013-02-14,1.000000,163,1590.000000,1600.000000,False,1595.000000,0.028828,0.040000,0.150000,0.000000,19 x 1,,0.108050,0.007730,1491.850000,,True,0.095000,0.055000,False,6.863371
36,entry,2013-01-29,2013-01-29,2013-02-22,2013-03-15,dte_exit,long_put,P,1345.000000,1507.839966,45,13.310000,14.740000,0.000710,4.036906,1.810624,2013-03-14,1.000000,173,1340.000000,1350.000000,False,1345.000000,4.036906,2.050000,2.810000,2.410000,32 x 32,22.000000,0.200870,-0.052100,1507.880000,,True,2.430000,0.380000,False,-10.799552
36,entry,2013-01-29,2013-01-29,2013-02-22,2013-03-15,dte_exit,short_put,P,1365.000000,1507.839966,45,13.310000,14.740000,0.000710,5.082257,1.810624,2013-03-14,1.000000,173,1360.000000,1370.000000,False,1365.000000,5.082257,2.500000,3.690000,3.100000,135 x 135,63.000000,0.190410,-0.067950,1507.880000,,True,3.095000,0.595000,False,-9.473152
36,entry,2013-01-29,2013-01-29,2013-02-22,2013-03-15,dte_exit,short_call,C,1615.000000,1507.839966,45,13.310000,14.740000,0.000710,1.240267,1.810624,2013-03-14,1.000000,173,1610.000000,1620.000000,False,1615.000000,1.240267,0.050000,0.810000,0.000000,32 x 32,,0.099900,0.021670,1507.880000,,True,0.430000,0.380000,False,7.106857
36,entry,2013-01-29,2013-01-29,2013-02-22,2013-03-15,dte_exit,long_call,C,1635.000000,1507.839966,45,13.310000,14.740000,0.000710,0.474993,1.810624,2013-03-14,1.000000,173,1630.000000,1650.000000,False,,,,,,,,,,,strike 1635 not listed (chain of 173 strikes; nearest 1630 / 1650),False,,,False,8.433258
36,exit,2013-02-22,2013-01-29,2013-02-22,2013-03-15,dte_exit,long_put,P,1345.000000,1515.599976,21,14.170000,14.980000,0.001318,0.394237,0.356438,2013-03-14,1.000000,173,1340.000000,1350.000000,False,1345.000000,0.394237,0.800000,1.160000,1.090000,2 x 21,1.000000,0.259880,-0.026350,1515.260000,,True,0.980000,0.180000,False,-11.256267
36,exit,2013-02-22,2013-01-29,2013-02-22,2013-03-15,dte_exit,short_put,P,1365.000000,1515.599976,21,14.170000,14.980000,0.001318,0.619245,0.356438,2013-03-14,1.000000,173,1360.000000,1370.000000,False,1365.000000,0.619245,0.690000,1.410000,1.100000,30 x 21,10.000000,0.234780,-0.031370,1515.260000,,True,1.050000,0.360000,False,-9.936657
36,exit,2013-02-22,2013-01-29,2013-02-22,2013-03-15,dte_exit,short_call,C,1615.000000,1515.599976,21,14.170000,14.980000,0.001318,0.160004,0.356438,2013-03-14,1.000000,173,1610.000000,1620.000000,False,1615.000000,0.160004,0.050000,0.150000,0.000000,9 x 102,,0.109980,0.007650,1515.260000,,True,0.100000,0.050000,False,6.558460
36,exit,2013-02-22,2013-01-29,2013-02-22,2013-03-15,dte_exit,long_call,C,1635.000000,1515.599976,21,14.170000,14.980000,0.001318,0.028575,0.356438,2013-03-14,1.000000,173,1630.000000,1650.000000,False,,,,,,,,,,,strike 1635 not listed (chain of 173 strikes; nearest 1630 / 1650),False,,,False,7.878070
37,entry,2013-03-05,2013-03-05,2013-03-28,2013-04-19,profit_target,long_put,P,1375.000000,1539.790039,45,13.480000,14.950000,0.000811,4.336562,1.887037,2013-04-18,1.000000,168,1370.000000,1380.000000,False,1375.000000,4.336562,2.050000,3.200000,2.510000,123 x 135,294.000000,0.201780,-0.055150,1539.910000,,True,2.625000,0.575000,False,-10.702111
37,entry,2013-03-05,2013-03-05,2013-03-28,2013-04-19,profit_target,short_put,P,1395.000000,1539.790039,45,13.480000,14.950000,0.000811,5.425647,1.887037,2013-04-18,1.000000,168,1390.000000,1400.000000,False,1395.000000,5.425647,2.750000,3.900000,3.000000,123 x 135,22.000000,0.190820,-0.070660,1539.910000,,True,3.325000,0.575000,False,-9.403233
37,entry,2013-03-05,2013-03-05,2013-03-28,2013-04-19,profit_target,short_call,C,1650.000000,1539.790039,45,13.480000,14.950000,0.000811,1.328572,1.887037,2013-04-18,1.000000,168,1645.000000,1655.000000,False,1650.000000,1.328572,0.200000,0.710000,0.350000,1 x 30,142.000000,0.100410,0.022540,1539.910000,,True,0.455000,0.255000,False,7.157467
37,entry,2013-03-05,2013-03-05,2013-03-28,2013-04-19,profit_target,long_call,C,1670.000000,1539.790039,45,13.480000,14.950000,0.000811,0.530621,1.887037,2013-04-18,1.000000,168,1665.000000,1675.000000,False,1670.000000,0.530621,0.150000,0.600000,0.000000,10 x 30,,0.112390,0.017370,1539.910000,,True,0.375000,0.225000,False,8.456345
37,exit,2013-03-28,2013-03-05,2013-03-28,2013-04-19,profit_target,long_put,P,1375.000000,1569.189941,22,12.700000,14.640000,0.000710,0.155792,0.309332,2013-04-18,1.000000,168,1370.000000,1380.000000,False,1375.000000,0.155792,0.360000,0.500000,0.450000,5 x 1,116.000000,0.241860,-0.012390,1568.580000,,True,0.430000,0.070000,False,-12.375171
37,exit,2013-03-28,2013-03-05,2013-03-28,2013-04-19,profit_target,short_put,P,1395.000000,1569.189941,22,12.700000,14.640000,0.000710,0.245229,0.309332,2013-04-18,1.000000,168,1390.000000,1400.000000,False,1395.000000,0.245229,0.510000,0.640000,0.600000,130 x 1,102.000000,0.228390,-0.017290,1568.580000,,True,0.575000,0.065000,False,-11.100628
37,exit,2013-03-28,2013-03-05,2013-03-28,2013-04-19,profit_target,short_call,C,1650.000000,1569.189941,22,12.700000,14.640000,0.000710,0.262295,0.309332,2013-04-18,1.000000,168,1645.000000,1655.000000,False,1650.000000,0.262295,0.140000,0.190000,0.200000,20 x 2,,0.094840,0.013910,1568.580000,,True,0.165000,0.025000,False,5.149795
37,exit,2013-03-28,2013-03-05,2013-03-28,2013-04-19,profit_target,long_call,C,1670.000000,1569.189941,22,12.700000,14.640000,0.000710,0.042400,0.309332,2013-04-18,1.000000,168,1665.000000,1675.000000,False,1670.000000,0.042400,0.100000,0.210000,0.150000,9 x 2,1.000000,0.111690,0.010490,1568.580000,,True,0.155000,0.055000,False,6.424338
38,entry,2013-04-02,2013-04-02,2013-04-26,2013-05-17,profit_target,long_put,P,1410.000000,1570.250000,45,12.780000,14.710000,0.000710,4.441229,2.043189,2013-05-16,1.000000,164,1405.000000,1415.000000,False,1410.000000,4.441229,2.100000,3.100000,3.000000,20 x 20,226.000000,0.192210,-0.056560,1570.030000,,True,2.600000,0.500000,False,-10.205381
38,entry,2013-04-02,2013-04-02,2013-04-26,2013-05-17,profit_target,short_put,P,1430.000000,1570.250000,45,12.780000,14.710000,0.000710,5.567427,2.043189,2013-05-16,1.000000,164,1425.000000,1435.000000,False,1430.000000,5.567427,2.850000,3.800000,3.650000,123 x 123,,0.181210,-0.072390,1570.030000,,True,3.325000,0.475000,False,-8.931699
38,entry,2013-04-02,2013-04-02,2013-04-26,2013-05-17,profit_target,short_call,C,1675.000000,1570.250000,45,12.780000,14.710000,0.000710,1.541619,2.043189,2013-05-16,1.000000,164,1670.000000,1680.000000,False,1675.000000,1.541619,0.360000,0.500000,0.400000,1 x 1,94.000000,0.094210,0.022400,1570.030000,,True,0.430000,0.070000,False,6.670912
38,entry,2013-04-02,2013-04-02,2013-04-26,2013-05-17,profit_target,long_call,C,1695.000000,1570.250000,45,12.780000,14.710000,0.000710,0.624627,2.043189,2013-05-16,1.000000,164,1690.000000,1700.000000,False,1695.000000,0.624627,0.100000,0.600000,0.000000,30 x 123,,0.105320,0.016590,1570.030000,,True,0.350000,0.250000,False,7.944595
38,exit,2013-04-26,2013-04-02,2013-04-26,2013-05-17,profit_target,long_put,P,1410.000000,1582.239990,21,13.610000,14.890000,0.000507,0.347950,0.371814,2013-05-16,1.000000,172,1405.000000,1415.000000,False,1410.000000,0.347950,0.500000,0.650000,0.590000,100 x 12,16.000000,0.227390,-0.017570,1582.400000,,True,0.575000,0.075000,False,-10.885832
38,exit,2013-04-26,2013-04-02,2013-04-26,2013-05-17,profit_target,short_put,P,1430.000000,1582.239990,21,13.610000,14.890000,0.000507,0.547915,0.371814,2013-05-16,1.000000,172,1425.000000,1435.000000,False,1430.000000,0.547915,0.650000,0.890000,0.750000,22 x 1,349.000000,0.212640,-0.025170,1582.400000,,True,0.770000,0.120000,False,-9.621801
38,exit,2013-04-26,2013-04-02,2013-04-26,2013-05-17,profit_target,short_call,C,1675.000000,1582.239990,21,13.610000,14.890000,0.000507,0.209804,0.371814,2013-05-16,1.000000,172,1670.000000,1680.000000,False,1675.000000,0.209804,0.140000,0.250000,0.200000,313 x 14,636.000000,0.111590,0.013660,1582.400000,,True,0.195000,0.055000,False,5.862575
38,exit,2013-04-26,2013-04-02,2013-04-26,2013-05-17,profit_target,long_call,C,1695.000000,1582.239990,21,13.610000,14.890000,0.000507,0.037955,0.371814,2013-05-16,1.000000,172,1690.000000,1700.000000,False,1695.000000,0.037955,0.090000,0.200000,0.000000,100 x 2,,0.126280,0.009810,1582.400000,,True,0.145000,0.055000,False,7.126606
39,entry,2013-05-07,2013-05-07,2013-05-31,2013-06-21,dte_exit,long_put,P,1440.000000,1625.959961,45,12.830000,14.350000,0.000406,3.601086,1.340188,2013-06-20,1.000000,173,1435.000000,1445.000000,False,1440.000000,3.601086,1.510000,2.300000,1.880000,30 x 123,,0.196790,-0.040910,1625.860000,,True,1.905000,0.395000,False,-11.436934
39,entry,2013-05-07,2013-05-07,2013-05-31,2013-06-21,dte_exit,short_put,P,1460.000000,1625.959961,45,12.830000,14.350000,0.000406,4.463048,1.340188,2013-06-20,1.000000,173,1455.000000,1465.000000,False,1460.000000,4.463048,1.990000,2.800000,2.400000,30 x 123,,0.187240,-0.052270,1625.860000,,True,2.395000,0.405000,False,-10.206891
39,entry,2013-05-07,2013-05-07,2013-05-31,2013-06-21,dte_exit,short_call,C,1750.000000,1625.959961,45,12.830000,14.350000,0.000406,0.751248,1.340188,2013-06-20,1.000000,173,1740.000000,1760.000000,False,1750.000000,0.751248,0.400000,0.860000,0.480000,3 x 15,,0.111810,0.026030,1625.860000,,True,0.630000,0.230000,False,7.628727
39,entry,2013-05-07,2013-05-07,2013-05-31,2013-06-21,dte_exit,long_call,C,1770.000000,1625.959961,45,12.830000,14.350000,0.000406,0.273021,1.340188,2013-06-20,1.000000,173,1760.000000,1775.000000,False,,,,,,,,,,,strike 1770 not listed (chain of 173 strikes; nearest 1760 / 1775),False,,,False,8.858769
39,exit,2013-05-31,2013-05-07,2013-05-31,2013-06-21,dte_exit,long_put,P,1440.000000,1630.739990,21,16.299999,17.129999,0.000406,0.679981,0.509235,2013-06-20,1.000000,188,1435.000000,1445.000000,False,1440.000000,0.679981,0.500000,1.400000,0.500000,123 x 133,41.000000,0.265480,-0.024260,1631.670000,,True,0.950000,0.450000,False,-11.696530
39,exit,2013-05-31,2013-05-07,2013-05-31,2013-06-21,dte_exit,short_put,P,1460.000000,1630.739990,21,16.299999,17.129999,0.000406,0.993332,0.509235,2013-06-20,1.000000,188,1455.000000,1465.000000,False,1460.000000,0.993332,0.800000,1.710000,0.900000,123 x 133,21.000000,0.251150,-0.032000,1631.670000,,True,1.255000,0.455000,False,-10.470093
39,exit,2013-05-31,2013-05-07,2013-05-31,2013-06-21,dte_exit,short_call,C,1750.000000,1630.739990,21,16.299999,17.129999,0.000406,0.270004,0.509235,2013-06-20,1.000000,188,1745.000000,1755.000000,False,1750.000000,0.270004,0.100000,0.250000,0.150000,200 x 30,81.000000,0.127410,0.010670,1631.670000,,True,0.175000,0.075000,False,7.313245
39,exit,2013-05-31,2013-05-07,2013-05-31,2013-06-21,dte_exit,long_call,C,1770.000000,1630.739990,21,16.299999,17.129999,0.000406,0.074120,0.509235,2013-06-20,1.000000,188,1765.000000,1775.000000,False,1770.000000,0.074120,0.050000,0.500000,0.100000,60 x 133,8.000000,0.153550,0.012830,1631.670000,,True,0.275000,0.225000,False,8.539682
40,entry,2013-06-04,2013-06-04,2013-06-28,2013-07-19,dte_exit,long_put,P,1425.000000,1631.380005,45,16.270000,17.260000,0.000406,5.117386,1.903772,2013-07-18,1.000000,179,1420.000000,1430.000000,False,1425.000000,5.117386,2.500000,3.500000,3.300000,123 x 123,348.000000,0.239250,-0.050810,1631.310000,,True,3.000000,0.500000,False,-12.650640
40,entry,2013-06-04,2013-06-04,2013-06-28,2013-07-19,dte_exit,short_put,P,1445.000000,1631.380005,45,16.270000,17.260000,0.000406,6.167631,1.903772,2013-07-18,1.000000,179,1440.000000,1450.000000,False,1445.000000,6.167631,3.210000,4.200000,4.000000,123 x 123,22.000000,0.229420,-0.063090,1631.310000,,True,3.705000,0.495000,False,-11.424684
40,entry,2013-06-04,2013-06-04,2013-06-28,2013-07-19,dte_exit,short_call,C,1770.000000,1631.380005,45,16.270000,17.260000,0.000406,1.671035,1.903772,2013-07-18,1.000000,179,1765.000000,1775.000000,False,1770.000000,1.671035,0.040000,0.850000,0.550000,45 x 123,81.000000,0.113060,0.019300,1631.310000,,True,0.445000,0.405000,False,8.497100
40,entry,2013-06-04,2013-06-04,2013-06-28,2013-07-19,dte_exit,long_call,C,1790.000000,1631.380005,45,16.270000,17.260000,0.000406,0.817508,1.903772,2013-07-18,1.000000,179,1785.000000,1795.000000,False,1790.000000,0.817508,0.050000,0.310000,0.000000,30 x 1,,0.111140,0.008090,1631.310000,,True,0.180000,0.130000,False,9.723056
40,exit,2013-06-28,2013-06-04,2013-06-28,2013-07-19,dte_exit,long_put,P,1425.000000,1606.280029,21,16.860001,18.389999,0.000406,0.770993,0.369867,2013-07-18,1.000000,180,1420.000000,1430.000000,False,1425.000000,0.770993,0.600000,0.950000,0.700000,1 x 1,363.000000,0.247430,-0.021130,1606.240000,,True,0.775000,0.175000,False,-11.285705
40,exit,2013-06-28,2013-06-04,2013-06-28,2013-07-19,dte_exit,short_put,P,1445.000000,1606.280029,21,16.860001,18.389999,0.000406,1.132863,0.369867,2013-07-18,1.000000,180,1440.000000,1450.000000,False,1445.000000,1.132863,0.540000,1.040000,1.050000,80 x 1,4.000000,0.223780,-0.023900,1606.240000,,True,0.790000,0.250000,False,-10.040592
40,exit,2013-06-28,2013-06-04,2013-06-28,2013-07-19,dte_exit,short_call,C,1770.000000,1606.280029,21,16.860001,18.389999,0.000406,0.009418,0.369867,2013-07-18,1.000000,180,1765.000000,1775.000000,False,1770.000000,0.009418,0.000000,0.510000,0.150000,0 x 30,16.000000,0.177200,0.010390,1606.240000,,True,0.255000,0.255000,True,10.192492
40,exit,2013-06-28,2013-06-04,2013-06-28,2013-07-19,dte_exit,long_call,C,1790.000000,1606.280029,21,16.860001,18.389999,0.000406,0.001422,0.369867,2013-07-18,1.000000,180,1785.000000,1795.000000,False,1790.000000,0.001422,0.000000,0.050000,0.050000,0 x 810,160.000000,0.153730,0.001620,1606.240000,,True,0.025000,0.025000,True,11.437605
41,entry,2013-07-02,2013-07-02,2013-07-26,2013-08-16,dte_exit,long_put,P,1405.000000,1614.079956,45,16.440001,18.020000,0.000304,5.201276,1.921919,2013-08-15,1.000000,173,1400.000000,1410.000000,False,1405.000000,5.201276,2.160000,3.100000,2.510000,114 x 114,26.000000,0.236010,-0.045830,1614.600000,,True,2.630000,0.470000,False,-12.953507
41,entry,2013-07-02,2013-07-02,2013-07-26,2013-08-16,dte_exit,short_put,P,1425.000000,1614.079956,45,16.440001,18.020000,0.000304,6.258363,1.921919,2013-08-15,1.000000,173,1420.000000,1430.000000,False,1425.000000,6.258363,2.850000,3.500000,3.200000,1 x 46,,0.224860,-0.056820,1614.600000,,True,3.175000,0.325000,False,-11.714411
41,entry,2013-07-02,2013-07-02,2013-07-26,2013-08-16,dte_exit,short_call,C,1755.000000,1614.079956,45,16.440001,18.020000,0.000304,1.719531,1.921919,2013-08-15,1.000000,173,1750.000000,1760.000000,False,1755.000000,1.719531,0.190000,1.000000,0.000000,21 x 114,,0.122710,0.023650,1614.600000,,True,0.595000,0.405000,False,8.730673
41,entry,2013-07-02,2013-07-02,2013-07-26,2013-08-16,dte_exit,long_call,C,1775.000000,1614.079956,45,16.440001,18.020000,0.000304,0.854699,1.921919,2013-08-15,1.000000,173,1770.000000,1780.000000,False,1775.000000,0.854699,0.050000,0.800000,0.450000,4 x 114,59.000000,0.129260,0.016490,1614.600000,,True,0.425000,0.375000,False,9.969769
41,exit,2013-07-26,2013-07-02,2013-07-26,2013-08-16,dte_exit,long_put,P,1405.000000,1691.650024,21,12.720000,14.800000,0.000304,0.023135,0.815821,2013-08-15,1.000000,186,1400.000000,1410.000000,False,1405.000000,0.023135,0.110000,0.600000,0.000000,200 x 60,,0.323440,-0.007890,1691.620000,,True,0.355000,0.245000,False,-16.944996
41,exit,2013-07-26,2013-07-02,2013-07-26,2013-08-16,dte_exit,short_put,P,1425.000000,1691.650024,21,12.720000,14.800000,0.000304,0.034909,0.815821,2013-08-15,1.000000,186,1420.000000,1430.000000,False,1425.000000,0.034909,0.150000,0.200000,0.100000,200 x 17,,0.276950,-0.005330,1691.620000,,True,0.175000,0.025000,False,-15.762718
41,exit,2013-07-26,2013-07-02,2013-07-26,2013-08-16,dte_exit,short_call,C,1755.000000,1691.650024,21,12.720000,14.800000,0.000304,1.062593,0.815821,2013-08-15,1.000000,186,1750.000000,1760.000000,False,1755.000000,1.062593,0.450000,1.150000,0.600000,47 x 40,341.000000,0.096750,0.049390,1691.620000,,True,0.800000,0.350000,False,3.744863
41,exit,2013-07-26,2013-07-02,2013-07-26,2013-08-16,dte_exit,long_call,C,1775.000000,1691.650024,21,12.720000,14.800000,0.000304,0.258546,0.815821,2013-08-15,1.000000,186,1770.000000,1780.000000,False,1775.000000,0.258546,0.210000,0.360000,0.250000,120 x 51,188.000000,0.099590,0.018490,1691.620000,,True,0.285000,0.075000,False,4.927141
42,entry,2013-08-06,2013-08-06,2013-08-30,2013-09-20,dte_exit,long_put,P,1525.000000,1697.369995,45,12.720000,14.560000,0.000406,4.753897,2.036976,2013-09-19,1.000000,196,1520.000000,1530.000000,False,1525.000000,4.753897,1.900000,2.390000,2.300000,21 x 5,,0.182090,-0.046820,1697.320000,,True,2.145000,0.245000,False,-10.155122
42,entry,2013-08-06,2013-08-06,2013-08-30,2013-09-20,dte_exit,short_put,P,1545.000000,1697.369995,45,12.720000,14.560000,0.000406,5.865175,2.036976,2013-09-19,1.000000,196,1540.000000,1550.000000,False,1545.000000,5.865175,2.550000,3.490000,3.100000,114 x 114,676.000000,0.176340,-0.064100,1697.320000,,True,3.020000,0.470000,False,-8.976829
42,entry,2013-08-06,2013-08-06,2013-08-30,2013-09-20,dte_exit,short_call,C,1810.000000,1697.369995,45,12.720000,14.560000,0.000406,1.628436,2.036976,2013-09-19,1.000000,196,1800.000000,1820.000000,False,1810.000000,1.628436,0.150000,1.110000,0.600000,124 x 124,105.000000,0.098860,0.028090,1697.320000,,True,0.630000,0.480000,False,6.635560
42,entry,2013-08-06,2013-08-06,2013-08-30,2013-09-20,dte_exit,long_call,C,1830.000000,1697.369995,45,12.720000,14.560000,0.000406,0.702738,2.036976,2013-09-19,1.000000,196,1825.000000,1840.000000,False,1830.000000,0.702738,0.300000,0.350000,0.000000,100 x 100,,0.101880,0.014990,1697.320000,,True,0.325000,0.025000,False,7.813854
42,exit,2013-08-30,2013-08-06,2013-08-30,2013-09-20,dte_exit,long_put,P,1525.000000,1632.969971,21,17.010000,18.049999,0.000304,3.685764,1.676934,2013-09-19,1.000000,202,1520.000000,1530.000000,False,1525.000000,3.685764,3.300000,4.200000,3.700000,114 x 11,,0.215890,-0.093310,1632.680000,,True,3.750000,0.450000,False,-6.611877
42,exit,2013-08-30,2013-08-06,2013-08-30,2013-09-20,dte_exit,short_put,P,1545.000000,1632.969971,21,17.010000,18.049999,0.000304,5.357220,1.676934,2013-09-19,1.000000,202,1540.000000,1550.000000,False,1545.000000,5.357220,4.790000,5.790000,5.200000,114 x 114,28.000000,0.204220,-0.129210,1632.680000,,True,5.290000,0.500000,False,-5.387115
42,exit,2013-08-30,2013-08-06,2013-08-30,2013-09-20,dte_exit,short_call,C,1810.000000,1632.969971,21,17.010000,18.049999,0.000304,0.006489,1.676934,2013-09-19,1.000000,202,1805.000000,1815.000000,False,1810.000000,0.006489,0.000000,0.100000,0.050000,0 x 2,444.000000,0.155750,0.002280,1632.680000,,True,0.050000,0.050000,True,10.840985
42,exit,2013-08-30,2013-08-06,2013-08-30,2013-09-20,dte_exit,long_call,C,1830.000000,1632.969971,21,17.010000,18.049999,0.000304,0.001011,1.676934,2013-09-19,1.000000,202,1825.000000,1835.000000,False,1830.000000,0.001011,0.000000,0.040000,0.000000,0 x 757,,0.159830,0.001540,1632.680000,,True,0.020000,0.020000,True,12.065747
43,entry,2013-09-03,2013-09-03,2013-09-27,2013-10-18,dte_exit,long_put,P,1430.000000,1639.770020,45,16.610001,17.639999,0.000203,5.321064,1.863038,2013-10-17,1.000000,189,1425.000000,1435.000000,False,1430.000000,5.321064,2.350000,3.510000,3.100000,103 x 115,113.000000,0.238990,-0.049600,1639.160000,,True,2.930000,0.580000,False,-12.792649
43,entry,2013-09-03,2013-09-03,2013-09-27,2013-10-18,dte_exit,short_put,P,1450.000000,1639.770020,45,16.610001,17.639999,0.000203,6.390362,1.863038,2013-10-17,1.000000,189,1445.000000,1455.000000,False,1450.000000,6.390362,3.400000,4.300000,3.500000,5 x 115,104.000000,0.232610,-0.064130,1639.160000,,True,3.850000,0.450000,False,-11.572966
43,entry,2013-09-03,2013-09-03,2013-09-27,2013-10-18,dte_exit,short_call,C,1785.000000,1639.770020,45,16.610001,17.639999,0.000203,1.567221,1.863038,2013-10-17,1.000000,189,1780.000000,1790.000000,False,1785.000000,1.567221,0.050000,0.890000,0.400000,37 x 22,1.000000,0.118360,0.019780,1639.160000,,True,0.470000,0.420000,False,8.856729
43,entry,2013-09-03,2013-09-03,2013-09-27,2013-10-18,dte_exit,long_call,C,1805.000000,1639.770020,45,16.610001,17.639999,0.000203,0.773481,1.863038,2013-10-17,1.000000,189,1800.000000,1810.000000,False,1805.000000,0.773481,0.050000,0.700000,0.300000,1 x 22,4.000000,0.126530,0.014960,1639.160000,,True,0.375000,0.325000,False,10.076412
43,exit,2013-09-27,2013-09-03,2013-09-27,2013-10-18,dte_exit,long_put,P,1430.000000,1691.750000,21,15.460000,16.040001,0.000203,0.181233,0.760404,2013-10-17,1.000000,189,1425.000000,1435.000000,False,1430.000000,0.181233,0.160000,1.100000,0.450000,124 x 124,20.000000,0.321110,-0.013410,1691.600000,,True,0.630000,0.470000,False,-15.472144
43,exit,2013-09-27,2013-09-03,2013-09-27,2013-10-18,dte_exit,short_put,P,1450.000000,1691.750000,21,15.460000,16.040001,0.000203,0.261163,0.760404,2013-10-17,1.000000,189,1445.000000,1455.000000,False,1450.000000,0.261163,0.650000,0.900000,0.800000,77 x 10,145.000000,0.306930,-0.017040,1691.600000,,True,0.775000,0.125000,False,-14.289936
43,exit,2013-09-27,2013-09-03,2013-09-27,2013-10-18,dte_exit,short_call,C,1785.000000,1691.750000,21,15.460000,16.040001,0.000203,1.039964,0.760404,2013-10-17,1.000000,189,1780.000000,1790.000000,False,1785.000000,1.039964,0.250000,0.700000,0.350000,8 x 114,,0.115970,0.026270,1691.600000,,True,0.475000,0.225000,False,5.512044
43,exit,2013-09-27,2013-09-03,2013-09-27,2013-10-18,dte_exit,long_call,C,1805.000000,1691.750000,21,15.460000,16.040001,0.000203,0.359490,0.760404,2013-10-17,1.000000,189,1800.000000,1810.000000,False,1805.000000,0.359490,0.140000,0.200000,0.000000,10 x 20,,0.118120,0.010510,1691.600000,,True,0.170000,0.030000,False,6.694252
44,entry,2013-10-01,2013-10-01,2013-10-25,2013-11-15,dte_exit,long_put,P,1490.000000,1695.000000,45,15.540000,16.129999,0.000203,5.001845,1.770914,2013-11-14,1.000000,173,1485.000000,1495.000000,False,1490.000000,5.001845,2.650000,3.600000,3.500000,114 x 119,110.000000,0.229130,-0.053200,1694.680000,,True,3.125000,0.475000,False,-12.094395
44,entry,2013-10-01,2013-10-01,2013-10-25,2013-11-15,dte_exit,short_put,P,1510.000000,1695.000000,45,15.540000,16.129999,0.000203,6.030299,1.770914,2013-11-14,1.000000,173,1505.000000,1515.000000,False,1510.000000,6.030299,3.300000,4.300000,3.850000,114 x 114,8.000000,0.219220,-0.064740,1694.680000,,True,3.800000,0.500000,False,-10.914454
44,entry,2013-10-01,2013-10-01,2013-10-25,2013-11-15,dte_exit,short_call,C,1835.000000,1695.000000,45,15.540000,16.129999,0.000203,1.401799,1.770914,2013-11-14,1.000000,173,1830.000000,1840.000000,False,1835.000000,1.401799,0.050000,0.800000,0.350000,111 x 124,6.000000,0.110430,0.018350,1694.680000,,True,0.425000,0.375000,False,8.259587
44,entry,2013-10-01,2013-10-01,2013-10-25,2013-11-15,dte_exit,long_call,C,1855.000000,1695.000000,45,15.540000,16.129999,0.000203,0.659339,1.770914,2013-11-14,1.000000,173,1850.000000,1860.000000,False,,,,,,,,,,,strike 1855 not listed (chain of 173 strikes; nearest 1850 / 1860),False,,,False,9.439528
44,exit,2013-10-25,2013-10-01,2013-10-25,2013-11-15,dte_exit,long_put,P,1490.000000,1759.770020,21,13.090000,14.870000,0.000406,0.056494,0.652870,2013-11-14,1.000000,176,1485.000000,1495.000000,False,1490.000000,0.056494,0.200000,0.800000,0.200000,200 x 114,32.000000,0.304260,-0.011280,1759.570000,,True,0.500000,0.300000,False,-15.329845
44,exit,2013-10-25,2013-10-01,2013-10-25,2013-11-15,dte_exit,short_put,P,1510.000000,1759.770020,21,13.090000,14.870000,0.000406,0.083983,0.652870,2013-11-14,1.000000,176,1505.000000,1515.000000,False,1510.000000,0.083983,0.040000,0.560000,0.450000,263 x 2,23.000000,0.264190,-0.007650,1759.570000,,True,0.300000,0.260000,False,-14.193333
44,exit,2013-10-25,2013-10-01,2013-10-25,2013-11-15,dte_exit,short_call,C,1835.000000,1759.770020,21,13.090000,14.870000,0.000406,0.845613,0.652870,2013-11-14,1.000000,176,1830.000000,1840.000000,False,1835.000000,0.845613,0.350000,0.950000,0.000000,20 x 124,,0.102920,0.037780,1759.570000,,True,0.650000,0.300000,False,4.274989
44,exit,2013-10-25,2013-10-01,2013-10-25,2013-11-15,dte_exit,long_call,C,1855.000000,1759.770020,21,13.090000,14.870000,0.000406,0.220232,0.652870,2013-11-14,1.000000,176,1850.000000,1860.000000,False,1855.000000,0.220232,0.140000,0.250000,0.000000,31 x 20,,0.102490,0.013470,1759.570000,,True,0.195000,0.055000,False,5.411501
45,entry,2013-11-05,2013-11-05,2013-11-29,2013-12-20,dte_exit,long_put,P,1575.000000,1762.969971,45,13.270000,14.920000,0.000507,4.902726,2.433211,2013-12-19,1.000000,200,1570.000000,1580.000000,False,1575.000000,4.902726,1.900000,2.810000,2.250000,123 x 133,,0.189460,-0.046850,1762.850000,,True,2.355000,0.455000,False,-10.662120
45,entry,2013-11-05,2013-11-05,2013-11-29,2013-12-20,dte_exit,short_put,P,1600.000000,1762.969971,45,13.270000,14.920000,0.000507,6.271559,2.433211,2013-12-19,1.000000,200,1595.000000,1605.000000,False,1600.000000,6.271559,2.750000,3.300000,3.100000,4 x 45,,0.176160,-0.062260,1762.850000,,True,3.025000,0.275000,False,-9.244058
45,entry,2013-11-05,2013-11-05,2013-11-29,2013-12-20,dte_exit,short_call,C,1885.000000,1762.969971,45,13.270000,14.920000,0.000507,1.686432,2.433211,2013-12-19,1.000000,200,1880.000000,1890.000000,False,1885.000000,1.686432,0.450000,1.090000,0.650000,2 x 30,4.000000,0.107240,0.030190,1762.850000,,True,0.770000,0.320000,False,6.921844
45,entry,2013-11-05,2013-11-05,2013-11-29,2013-12-20,dte_exit,long_call,C,1910.000000,1762.969971,45,13.270000,14.920000,0.000507,0.622054,2.433211,2013-12-19,1.000000,200,1905.000000,1915.000000,False,1910.000000,0.622054,0.250000,0.450000,0.000000,2 x 6,,0.109060,0.014980,1762.850000,,True,0.350000,0.100000,False,8.339905
45,exit,2013-11-29,2013-11-05,2013-11-29,2013-12-20,dte_exit,long_put,P,1575.000000,1805.810059,21,13.700000,15.030000,0.000608,0.208089,1.052365,2013-12-19,1.000000,202,1570.000000,1580.000000,False,1575.000000,0.208089,0.810000,1.050000,1.020000,103 x 103,751.000000,0.280560,-0.020290,1805.810000,,True,0.930000,0.120000,False,-12.781525
45,exit,2013-11-29,2013-11-05,2013-11-29,2013-12-20,dte_exit,short_put,P,1600.000000,1805.810059,21,13.700000,15.030000,0.000608,0.337363,1.052365,2013-12-19,1.000000,202,1595.000000,1605.000000,False,1600.000000,0.337363,1.000000,1.250000,1.000000,103 x 103,,0.260960,-0.025270,1805.810000,,True,1.125000,0.125000,False,-11.397104
45,exit,2013-11-29,2013-11-05,2013-11-29,2013-12-20,dte_exit,short_call,C,1885.000000,1805.810059,21,13.700000,15.030000,0.000608,1.200292,1.052365,2013-12-19,1.000000,202,1880.000000,1890.000000,False,1885.000000,1.200292,0.600000,0.850000,0.650000,103 x 103,26.000000,0.104340,0.040350,1805.810000,,True,0.725000,0.125000,False,4.385286
45,exit,2013-11-29,2013-11-05,2013-11-29,2013-12-20,dte_exit,long_call,C,1910.000000,1805.810059,21,13.700000,15.030000,0.000608,0.277202,1.052365,2013-12-19,1.000000,202,1905.000000,1915.000000,False,1910.000000,0.277202,0.240000,0.500000,0.000000,103 x 103,,0.116170,0.019950,1805.810000,,True,0.370000,0.130000,False,5.769707
46,entry,2013-12-03,2013-12-03,2013-12-24,2014-01-17,profit_target,long_put,P,1585.000000,1795.150024,45,14.550000,15.490000,0.000608,4.916633,2.146678,2014-01-16,1.000000,201,1580.000000,1590.000000,False,1585.000000,4.916633,2.400000,3.290000,3.200000,123 x 123,7.000000,0.215060,-0.049020,1795.160000,,True,2.845000,0.445000,False,-11.706544
46,entry,2013-12-03,2013-12-03,2013-12-24,2014-01-17,profit_target,short_put,P,1610.000000,1795.150024,45,14.550000,15.490000,0.000608,6.182605,2.146678,2014-01-16,1.000000,201,1605.000000,1615.000000,False,1610.000000,6.182605,3.110000,4.000000,4.200000,123 x 30,263.000000,0.202250,-0.063070,1795.160000,,True,3.555000,0.445000,False,-10.313903
46,entry,2013-12-03,2013-12-03,2013-12-24,2014-01-17,profit_target,short_call,C,1935.000000,1795.150024,45,14.550000,15.490000,0.000608,1.432497,2.146678,2014-01-16,1.000000,201,1930.000000,1940.000000,False,,,,,,,,,,,strike 1935 not listed (chain of 201 strikes; nearest 1930 / 1940),False,,,False,7.790434
46,entry,2013-12-03,2013-12-03,2013-12-24,2014-01-17,profit_target,long_call,C,1960.000000,1795.150024,45,14.550000,15.490000,0.000608,0.551792,2.146678,2014-01-16,1.000000,201,1950.000000,1970.000000,False,,,,,,,,,,,strike 1960 not listed (chain of 201 strikes; nearest 1950 / 1970),False,,,False,9.183075
46,exit,2013-12-24,2013-12-03,2013-12-24,2014-01-17,profit_target,long_put,P,1585.000000,1833.319946,24,12.480000,14.240000,0.000710,0.199823,0.359121,2014-01-16,1.000000,207,1580.000000,1590.000000,False,1585.000000,0.199823,0.350000,0.900000,0.000000,10 x 1,,0.262960,-0.014510,1833.320000,,True,0.625000,0.275000,False,-13.544823
46,exit,2013-12-24,2013-12-03,2013-12-24,2014-01-17,profit_target,short_put,P,1610.000000,1833.319946,24,12.480000,14.240000,0.000710,0.308560,0.359121,2014-01-16,1.000000,207,1605.000000,1615.000000,False,1610.000000,0.308560,0.510000,1.150000,1.000000,10 x 1,3.000000,0.248380,-0.018980,1833.320000,,True,0.830000,0.320000,False,-12.181177
46,exit,2013-12-24,2013-12-03,2013-12-24,2014-01-17,profit_target,short_call,C,1935.000000,1833.319946,24,12.480000,14.240000,0.000710,0.295574,0.359121,2014-01-16,1.000000,207,1930.000000,1940.000000,False,1935.000000,0.295574,0.050000,0.790000,0.000000,250 x 103,,0.105370,0.023400,1833.320000,,True,0.420000,0.370000,False,5.546225
46,exit,2013-12-24,2013-12-03,2013-12-24,2014-01-17,profit_target,long_call,C,1960.000000,1833.319946,24,12.480000,14.240000,0.000710,0.045190,0.359121,2014-01-16,1.000000,207,1955.000000,1965.000000,False,1960.000000,0.045190,0.050000,0.750000,0.000000,225 x 10,,0.124150,0.019120,1833.320000,,True,0.400000,0.350000,False,6.909872
47,entry,2014-01-07,2014-01-07,2014-01-31,2014-02-21,dte_exit,long_put,P,1645.000000,1837.880005,45,12.920000,14.410000,0.000406,4.862255,2.263679,2014-02-20,1.000000,192,1640.000000,1650.000000,False,1645.000000,4.862255,2.210000,2.990000,2.950000,123 x 123,10.000000,0.190440,-0.049590,1837.830000,,True,2.600000,0.390000,False,-10.494701
47,entry,2014-01-07,2014-01-07,2014-01-31,2014-02-21,dte_exit,short_put,P,1670.000000,1837.880005,45,12.920000,14.410000,0.000406,6.188525,2.263679,2014-02-20,1.000000,192,1665.000000,1675.000000,False,1670.000000,6.188525,2.940000,3.700000,3.220000,133 x 133,337.000000,0.178200,-0.065140,1837.830000,,True,3.320000,0.380000,False,-9.134438
47,entry,2014-01-07,2014-01-07,2014-01-31,2014-02-21,dte_exit,short_call,C,1965.000000,1837.880005,45,12.920000,14.410000,0.000406,1.468884,2.263679,2014-02-20,1.000000,192,1960.000000,1970.000000,False,1965.000000,1.468884,0.400000,0.950000,0.000000,1 x 123,,0.102590,0.027290,1837.830000,,True,0.675000,0.275000,False,6.916665
47,entry,2014-01-07,2014-01-07,2014-01-31,2014-02-21,dte_exit,long_call,C,1990.000000,1837.880005,45,12.920000,14.410000,0.000406,0.531476,2.263679,2014-02-20,1.000000,192,1985.000000,1995.000000,False,1990.000000,0.531476,0.000000,0.660000,0.000000,0 x 123,,0.105630,0.013690,1837.830000,,True,0.330000,0.330000,True,8.276927
47,exit,2014-01-31,2014-01-07,2014-01-31,2014-02-21,dte_exit,long_put,P,1645.000000,1782.589966,21,18.410000,18.090000,0.000203,4.282006,2.059840,2014-02-20,1.000000,192,1640.000000,1650.000000,False,1645.000000,4.282006,3.710000,4.800000,3.350000,11 x 11,17.000000,0.245150,-0.085920,1782.480000,,True,4.255000,0.545000,False,-7.718543
47,exit,2014-01-31,2014-01-07,2014-01-31,2014-02-21,dte_exit,short_put,P,1670.000000,1782.589966,21,18.410000,18.090000,0.000203,6.272114,2.059840,2014-02-20,1.000000,192,1665.000000,1675.000000,False,1670.000000,6.272114,5.200000,6.190000,5.600000,114 x 114,127.000000,0.226790,-0.116810,1782.480000,,True,5.695000,0.495000,False,-6.316089
47,exit,2014-01-31,2014-01-07,2014-01-31,2014-02-21,dte_exit,short_call,C,1965.000000,1782.589966,21,18.410000,18.090000,0.000203,0.090965,2.059840,2014-02-20,1.000000,192,1960.000000,1970.000000,False,1965.000000,0.090965,0.000000,0.350000,0.000000,0 x 11,,0.169250,0.007520,1782.480000,,True,0.175000,0.175000,True,10.232866
47,exit,2014-01-31,2014-01-07,2014-01-31,2014-02-21,dte_exit,long_call,C,1990.000000,1782.589966,21,18.410000,18.090000,0.000203,0.021234,2.059840,2014-02-20,1.000000,192,1985.000000,1995.000000,False,1990.000000,0.021234,0.000000,0.090000,0.000000,0 x 235,,0.164920,0.002410,1782.480000,,True,0.045000,0.045000,True,11.635319
48,entry,2014-02-06,2014-02-06,2014-02-28,2014-03-21,dte_exit,long_put,P,1540.000000,1773.430054,43,17.230000,17.790001,0.000710,5.203389,2.232104,2014-03-20,1.000000,218,1535.000000,1545.000000,False,1540.000000,5.203389,3.200000,3.590000,3.900000,2 x 1,1.000000,0.251870,-0.050840,1773.100000,,True,3.395000,0.195000,False,-13.162631
48,entry,2014-02-06,2014-02-06,2014-02-28,2014-03-21,dte_exit,short_put,P,1565.000000,1773.430054,43,17.230000,17.790001,0.000710,6.463142,2.232104,2014-03-20,1.000000,218,1560.000000,1570.000000,False,1565.000000,6.463142,3.600000,4.800000,4.600000,123 x 123,8.000000,0.238250,-0.064000,1773.100000,,True,4.200000,0.600000,False,-11.752933
48,entry,2014-02-06,2014-02-06,2014-02-28,2014-03-21,dte_exit,short_call,C,1930.000000,1773.430054,43,17.230000,17.790001,0.000710,1.744939,2.232104,2014-03-20,1.000000,218,1925.000000,1935.000000,False,1930.000000,1.744939,0.410000,1.050000,0.610000,4 x 123,48.000000,0.130130,0.024190,1773.100000,,True,0.730000,0.320000,False,8.828651
48,entry,2014-02-06,2014-02-06,2014-02-28,2014-03-21,dte_exit,long_call,C,1955.000000,1773.430054,43,17.230000,17.790001,0.000710,0.772588,2.232104,2014-03-20,1.000000,218,1950.000000,1960.000000,False,1955.000000,0.772588,0.060000,0.850000,0.000000,245 x 133,,0.136470,0.015510,1773.100000,,True,0.455000,0.395000,False,10.238348
48,exit,2014-02-28,2014-02-06,2014-02-28,2014-03-21,dte_exit,long_put,P,1540.000000,1859.449951,21,14.000000,15.800000,0.000507,0.047573,1.514727,2014-03-20,1.000000,218,1535.000000,1545.000000,False,1540.000000,0.047573,0.060000,0.860000,0.450000,280 x 133,1.000000,0.334370,-0.009030,1859.020000,,True,0.460000,0.400000,False,-17.179809
48,exit,2014-02-28,2014-02-06,2014-02-28,2014-03-21,dte_exit,short_put,P,1565.000000,1859.449951,21,14.000000,15.800000,0.000507,0.074207,1.514727,2014-03-20,1.000000,218,1560.000000,1570.000000,False,1565.000000,0.074207,0.050000,0.900000,0.450000,280 x 30,2.000000,0.311250,-0.009840,1859.020000,,True,0.475000,0.425000,False,-15.835325
48,exit,2014-02-28,2014-02-06,2014-02-28,2014-03-21,dte_exit,short_call,C,1930.000000,1859.449951,21,14.000000,15.800000,0.000507,2.049674,1.514727,2014-03-20,1.000000,218,1925.000000,1935.000000,False,1930.000000,2.049674,0.500000,1.400000,0.800000,3 x 133,,0.098740,0.051650,1859.020000,,True,0.950000,0.450000,False,3.794135
48,exit,2014-02-28,2014-02-06,2014-02-28,2014-03-21,dte_exit,long_call,C,1955.000000,1859.449951,21,14.000000,15.800000,0.000507,0.561582,1.514727,2014-03-20,1.000000,218,1950.000000,1960.000000,False,1955.000000,0.561582,0.040000,0.850000,0.430000,320 x 123,3.000000,0.109110,0.025070,1859.020000,,True,0.445000,0.405000,False,5.138619
49,entry,2014-03-03,2014-03-03,2014-03-24,2014-04-17,profit_target,long_put,P,1615.000000,1845.729980,45,16.000000,16.920000,0.000507,5.647519,2.332717,2014-04-16,1.000000,189,1610.000000,1620.000000,False,1615.000000,5.647519,3.390000,4.400000,3.700000,114 x 114,54.000000,0.242060,-0.056930,1845.420000,,True,3.895000,0.505000,False,-12.500744
49,entry,2014-03-03,2014-03-03,2014-03-24,2014-04-17,profit_target,short_put,P,1640.000000,1845.729980,45,16.000000,16.920000,0.000507,6.960190,2.332717,2014-04-16,1.000000,189,1635.000000,1645.000000,False,1640.000000,6.960190,4.200000,5.300000,4.950000,114 x 114,6.000000,0.229060,-0.070230,1845.420000,,True,4.750000,0.550000,False,-11.146266
49,entry,2014-03-03,2014-03-03,2014-03-24,2014-04-17,profit_target,short_call,C,2000.000000,1845.729980,45,16.000000,16.920000,0.000507,1.831150,2.332717,2014-04-16,1.000000,189,1995.000000,2005.000000,False,2000.000000,1.831150,0.250000,0.400000,0.300000,132 x 1,100.000000,0.106450,0.013280,1845.420000,,True,0.325000,0.075000,False,8.358212
49,entry,2014-03-03,2014-03-03,2014-03-24,2014-04-17,profit_target,long_call,C,2025.000000,1845.729980,45,16.000000,16.920000,0.000507,0.811103,2.332717,2014-04-16,1.000000,189,2020.000000,2030.000000,False,2025.000000,0.811103,0.050000,0.640000,0.000000,5 x 124,,0.120890,0.012810,1845.420000,,True,0.345000,0.295000,False,9.712689
49,exit,2014-03-24,2014-03-03,2014-03-24,2014-04-17,profit_target,long_put,P,1615.000000,1857.439941,24,15.090000,16.100000,0.000608,0.618365,0.437976,2014-04-16,1.000000,189,1610.000000,1620.000000,False,1615.000000,0.618365,0.610000,1.450000,1.050000,103 x 21,2.000000,0.270930,-0.020600,1857.630000,,True,1.030000,0.420000,False,-13.052370
49,exit,2014-03-24,2014-03-03,2014-03-24,2014-04-17,profit_target,short_put,P,1640.000000,1857.439941,24,15.090000,16.100000,0.000608,0.906573,0.437976,2014-04-16,1.000000,189,1635.000000,1645.000000,False,1640.000000,0.906573,0.860000,1.700000,1.450000,103 x 21,7.000000,0.253630,-0.027240,1857.630000,,True,1.280000,0.420000,False,-11.706432
49,exit,2014-03-24,2014-03-03,2014-03-24,2014-04-17,profit_target,short_call,C,2000.000000,1857.439941,24,15.090000,16.100000,0.000608,0.189291,0.437976,2014-04-16,1.000000,189,1995.000000,2005.000000,False,2000.000000,0.189291,0.040000,0.200000,0.180000,540 x 125,694.000000,0.118350,0.006490,1857.630000,,True,0.120000,0.080000,False,7.675083
49,exit,2014-03-24,2014-03-03,2014-03-24,2014-04-17,profit_target,long_call,C,2025.000000,1857.439941,24,15.090000,16.100000,0.000608,0.039523,0.437976,2014-04-16,1.000000,189,2020.000000,2030.000000,False,2025.000000,0.039523,0.040000,0.160000,0.100000,2 x 25,12.000000,0.131660,0.005500,1857.630000,,True,0.100000,0.060000,False,9.021022
50,entry,2014-04-01,2014-04-01,2014-04-22,2014-05-16,profit_target,long_put,P,1685.000000,1885.520020,45,13.100000,14.400000,0.000406,4.940785,2.302013,2014-05-15,1.000000,193,1680.000000,1690.000000,False,1685.000000,4.940785,2.350000,3.300000,2.800000,114 x 114,17.000000,0.194930,-0.050800,1885.570000,,True,2.825000,0.475000,False,-10.634733
50,entry,2014-04-01,2014-04-01,2014-04-22,2014-05-16,profit_target,short_put,P,1710.000000,1885.520020,45,13.100000,14.400000,0.000406,6.240875,2.302013,2014-05-15,1.000000,193,1705.000000,1715.000000,False,1710.000000,6.240875,3.110000,4.100000,3.750000,114 x 114,11.000000,0.183020,-0.065720,1885.570000,,True,3.605000,0.495000,False,-9.308839
50,entry,2014-04-01,2014-04-01,2014-04-22,2014-05-16,profit_target,short_call,C,2015.000000,1885.520020,45,13.100000,14.400000,0.000406,1.613267,2.302013,2014-05-15,1.000000,193,2010.000000,2020.000000,False,2015.000000,1.613267,0.150000,0.890000,0.000000,1 x 114,,0.097250,0.022070,1885.570000,,True,0.520000,0.370000,False,6.867070
50,entry,2014-04-01,2014-04-01,2014-04-22,2014-05-16,profit_target,long_call,C,2040.000000,1885.520020,45,13.100000,14.400000,0.000406,0.611344,2.302013,2014-05-15,1.000000,193,2030.000000,2050.000000,False,2040.000000,0.611344,0.040000,0.700000,0.250000,1 x 114,20.000000,0.106220,0.015020,1885.570000,,True,0.370000,0.330000,False,8.192964
50,exit,2014-04-22,2014-04-01,2014-04-22,2014-05-16,profit_target,long_put,P,1685.000000,1879.550049,24,13.190000,14.610000,0.000304,0.764453,0.471098,2014-05-15,1.000000,193,1680.000000,1690.000000,False,1685.000000,0.764453,0.400000,1.300000,0.850000,10 x 103,350.000000,0.211370,-0.021990,1879.730000,,True,0.850000,0.450000,False,-10.350884
50,exit,2014-04-22,2014-04-01,2014-04-22,2014-05-16,profit_target,short_put,P,1710.000000,1879.550049,24,13.190000,14.610000,0.000304,1.175467,0.471098,2014-05-15,1.000000,193,1705.000000,1715.000000,False,1710.000000,1.175467,0.650000,1.510000,1.100000,113 x 5,73.000000,0.194660,-0.029210,1879.730000,,True,1.080000,0.430000,False,-9.020779
50,exit,2014-04-22,2014-04-01,2014-04-22,2014-05-16,profit_target,short_call,C,2015.000000,1879.550049,24,13.190000,14.610000,0.000304,0.068941,0.471098,2014-05-15,1.000000,193,2010.000000,2020.000000,False,2015.000000,0.068941,0.050000,0.150000,0.100000,9 x 350,,0.109310,0.005660,1879.730000,,True,0.100000,0.050000,False,7.206509
50,exit,2014-04-22,2014-04-01,2014-04-22,2014-05-16,profit_target,long_call,C,2040.000000,1879.550049,24,13.190000,14.610000,0.000304,0.008858,0.471098,2014-05-15,1.000000,193,2030.000000,2050.000000,False,2040.000000,0.008858,0.000000,0.490000,0.000000,0 x 103,,0.141300,0.011030,1879.730000,,True,0.245000,0.245000,True,8.536615
51,entry,2014-05-06,2014-05-06,2014-05-23,2014-06-20,profit_target,long_put,P,1660.000000,1867.719971,45,13.800000,15.120000,0.000304,5.122762,2.259561,2014-06-19,1.000000,215,1655.000000,1665.000000,False,1660.000000,5.122762,2.500000,3.000000,2.800000,103 x 50,26.000000,0.203390,-0.048010,1867.770000,,True,2.750000,0.250000,False,-11.121580
51,entry,2014-05-06,2014-05-06,2014-05-23,2014-06-20,profit_target,short_put,P,1685.000000,1867.719971,45,13.800000,15.120000,0.000304,6.428623,2.259561,2014-06-19,1.000000,215,1680.000000,1690.000000,False,1685.000000,6.428623,3.300000,4.200000,2.800000,114 x 2,4.000000,0.194570,-0.065390,1867.770000,,True,3.750000,0.450000,False,-9.783050
51,entry,2014-05-06,2014-05-06,2014-05-23,2014-06-20,profit_target,short_call,C,2005.000000,1867.719971,45,13.800000,15.120000,0.000304,1.566887,2.259561,2014-06-19,1.000000,215,2000.000000,2010.000000,False,2005.000000,1.566887,0.250000,0.850000,0.540000,5 x 120,12.000000,0.102220,0.022410,1867.770000,,True,0.550000,0.300000,False,7.350140
51,entry,2014-05-06,2014-05-06,2014-05-23,2014-06-20,profit_target,long_call,C,2030.000000,1867.719971,45,13.800000,15.120000,0.000304,0.613187,2.259561,2014-06-19,1.000000,215,2025.000000,2035.000000,False,2030.000000,0.613187,0.150000,0.650000,0.000000,4 x 115,,0.111820,0.015280,1867.770000,,True,0.400000,0.250000,False,8.688670
51,exit,2014-05-23,2014-05-06,2014-05-23,2014-06-20,profit_target,long_put,P,1660.000000,1900.530029,28,11.360000,13.620000,0.000406,0.400318,0.468607,2014-06-19,1.000000,215,1655.000000,1665.000000,False,1660.000000,0.400318,0.250000,1.000000,0.500000,5 x 10,4.000000,0.223630,-0.014720,1900.570000,,True,0.625000,0.375000,False,-12.655945
51,exit,2014-05-23,2014-05-06,2014-05-23,2014-06-20,profit_target,short_put,P,1685.000000,1900.530029,28,11.360000,13.620000,0.000406,0.585516,0.468607,2014-06-19,1.000000,215,1680.000000,1690.000000,False,1685.000000,0.585516,0.500000,1.100000,0.710000,6 x 10,10.000000,0.209720,-0.019140,1900.570000,,True,0.800000,0.300000,False,-11.340522
51,exit,2014-05-23,2014-05-06,2014-05-23,2014-06-20,profit_target,short_call,C,2005.000000,1900.530029,28,11.360000,13.620000,0.000406,0.340017,0.468607,2014-06-19,1.000000,215,2000.000000,2010.000000,False,2005.000000,0.340017,0.100000,0.310000,0.000000,1 x 2,,0.088990,0.012130,1900.570000,,True,0.205000,0.105000,False,5.496886
51,exit,2014-05-23,2014-05-06,2014-05-23,2014-06-20,profit_target,long_call,C,2030.000000,1900.530029,28,11.360000,13.620000,0.000406,0.056607,0.468607,2014-06-19,1.000000,215,2025.000000,2035.000000,False,2030.000000,0.056607,0.040000,0.260000,0.000000,11 x 25,,0.102120,0.008670,1900.570000,,True,0.150000,0.110000,False,6.812309
52,entry,2014-06-03,2014-06-03,2014-06-26,2014-07-18,profit_target,long_put,P,1740.000000,1924.239990,45,11.870000,13.820000,0.000406,5.155721,2.489086,2014-07-17,1.000000,186,1735.000000,1745.000000,False,1740.000000,5.155721,2.100000,3.000000,2.660000,114 x 1,18.000000,0.174530,-0.050440,1924.240000,,True,2.550000,0.450000,False,-9.574689
52,entry,2014-06-03,2014-06-03,2014-06-26,2014-07-18,profit_target,short_put,P,1765.000000,1924.239990,45,11.870000,13.820000,0.000406,6.575297,2.489086,2014-07-17,1.000000,186,1760.000000,1770.000000,False,1765.000000,6.575297,2.900000,4.210000,3.730000,114 x 124,20.000000,0.166100,-0.070170,1924.240000,,True,3.555000,0.655000,False,-8.275475
52,entry,2014-06-03,2014-06-03,2014-06-26,2014-07-18,profit_target,short_call,C,2045.000000,1924.239990,45,11.870000,13.820000,0.000406,1.686072,2.489086,2014-07-17,1.000000,186,2040.000000,2050.000000,False,2045.000000,1.686072,0.050000,1.000000,0.450000,9 x 124,11.000000,0.090140,0.022980,1924.240000,,True,0.525000,0.475000,False,6.275725
52,entry,2014-06-03,2014-06-03,2014-06-26,2014-07-18,profit_target,long_call,C,2070.000000,1924.239990,45,11.870000,13.820000,0.000406,0.616561,2.489086,2014-07-17,1.000000,186,2065.000000,2075.000000,False,2070.000000,0.616561,0.000000,0.740000,0.000000,0 x 114,,0.098970,0.015870,1924.240000,,True,0.370000,0.370000,True,7.574939
52,exit,2014-06-26,2014-06-03,2014-06-26,2014-07-18,profit_target,long_put,P,1740.000000,1957.219971,22,11.630000,13.070000,0.000406,0.226891,0.533977,2014-07-17,1.000000,187,1735.000000,1745.000000,False,1740.000000,0.226891,0.360000,0.940000,0.800000,133 x 1,208.000000,0.225130,-0.016360,1957.260000,,True,0.650000,0.290000,False,-11.098393
52,exit,2014-06-26,2014-06-03,2014-06-26,2014-07-18,profit_target,short_put,P,1765.000000,1957.219971,22,11.630000,13.070000,0.000406,0.367894,0.533977,2014-07-17,1.000000,187,1760.000000,1770.000000,False,1765.000000,0.367894,0.600000,1.500000,1.030000,123 x 11,20.000000,0.216760,-0.025530,1957.260000,,True,1.050000,0.450000,False,-9.821071
52,exit,2014-06-26,2014-06-03,2014-06-26,2014-07-18,profit_target,short_call,C,2045.000000,1957.219971,22,11.630000,13.070000,0.000406,0.465883,0.533977,2014-07-17,1.000000,187,2040.000000,2050.000000,False,2045.000000,0.465883,0.100000,0.250000,0.150000,1 x 1,10.000000,0.081920,0.012840,1957.260000,,True,0.175000,0.075000,False,4.484934
52,exit,2014-06-26,2014-06-03,2014-06-26,2014-07-18,profit_target,long_call,C,2070.000000,1957.219971,22,11.630000,13.070000,0.000406,0.072910,0.533977,2014-07-17,1.000000,187,2065.000000,2075.000000,False,2070.000000,0.072910,0.050000,0.100000,0.000000,1 x 506,,0.091330,0.005270,1957.260000,,True,0.075000,0.025000,False,5.762256
53,entry,2014-07-01,2014-07-01,2014-07-23,2014-08-15,profit_target,long_put,P,1795.000000,1973.319946,45,11.150000,12.740000,0.000203,4.878364,2.369058,2014-08-14,1.000000,184,1790.000000,1800.000000,False,1795.000000,4.878364,2.440000,3.500000,2.970000,123 x 114,38.000000,0.169960,-0.057600,1973.280000,,True,2.970000,0.530000,False,-9.036545
53,entry,2014-07-01,2014-07-01,2014-07-23,2014-08-15,profit_target,short_put,P,1820.000000,1973.319946,45,11.150000,12.740000,0.000203,6.269279,2.369058,2014-08-14,1.000000,184,1815.000000,1825.000000,False,1820.000000,6.269279,3.200000,4.300000,3.610000,123 x 114,84.000000,0.157980,-0.074810,1973.280000,,True,3.750000,0.550000,False,-7.769645
53,entry,2014-07-01,2014-07-01,2014-07-23,2014-08-15,profit_target,short_call,C,2090.000000,1973.319946,45,11.150000,12.740000,0.000203,1.479980,2.369058,2014-08-14,1.000000,184,2085.000000,2095.000000,False,2090.000000,1.479980,0.050000,0.800000,0.300000,6 x 114,6.000000,0.082750,0.020740,1973.280000,,True,0.425000,0.375000,False,5.912881
53,entry,2014-07-01,2014-07-01,2014-07-23,2014-08-15,profit_target,long_call,C,2115.000000,1973.319946,45,11.150000,12.740000,0.000203,0.501837,2.369058,2014-08-14,1.000000,184,2100.000000,2120.000000,False,,,,,,,,,,,strike 2115 not listed (chain of 184 strikes; nearest 2100 / 2120),False,,,False,7.179781
53,exit,2014-07-23,2014-07-01,2014-07-23,2014-08-15,profit_target,long_put,P,1795.000000,1987.010010,23,11.520000,13.380000,0.000304,0.432130,0.423421,2014-08-14,1.000000,184,1790.000000,1800.000000,False,1795.000000,0.432130,0.750000,1.410000,1.130000,1 x 11,0.000000,0.208540,-0.026550,1987.340000,,True,1.080000,0.330000,False,-9.663263
53,exit,2014-07-23,2014-07-01,2014-07-23,2014-08-15,profit_target,short_put,P,1820.000000,1987.010010,23,11.520000,13.380000,0.000304,0.696699,0.423421,2014-08-14,1.000000,184,1815.000000,1825.000000,False,1820.000000,0.696699,1.160000,1.650000,1.230000,2 x 11,61.000000,0.193840,-0.035560,1987.340000,,True,1.405000,0.245000,False,-8.405092
53,exit,2014-07-23,2014-07-01,2014-07-23,2014-08-15,profit_target,short_call,C,2090.000000,1987.010010,23,11.520000,13.380000,0.000304,0.180965,0.423421,2014-08-14,1.000000,184,2085.000000,2095.000000,False,2090.000000,0.180965,0.050000,0.610000,0.150000,195 x 11,0.000000,0.099040,0.018510,1987.340000,,True,0.330000,0.280000,False,5.183164
53,exit,2014-07-23,2014-07-01,2014-07-23,2014-08-15,profit_target,long_call,C,2115.000000,1987.010010,23,11.520000,13.380000,0.000304,0.022113,0.423421,2014-08-14,1.000000,184,2100.000000,2120.000000,False,,,,,,,,,,,strike 2115 not listed (chain of 184 strikes; nearest 2100 / 2120),False,,,False,6.441336
54,entry,2014-08-05,2014-08-05,2014-08-27,2014-09-19,profit_target,long_put,P,1670.000000,1920.209961,45,16.870001,17.139999,0.000304,5.897478,2.224138,2014-09-18,1.000000,216,1665.000000,1675.000000,False,1670.000000,5.897478,3.110000,4.400000,3.630000,123 x 124,30.000000,0.244200,-0.052390,1920.270000,,True,3.755000,0.645000,False,-13.030344
54,entry,2014-08-05,2014-08-05,2014-08-27,2014-09-19,profit_target,short_put,P,1695.000000,1920.209961,45,16.870001,17.139999,0.000304,7.173982,2.224138,2014-09-18,1.000000,216,1690.000000,1700.000000,False,1695.000000,7.173982,4.000000,5.390000,4.800000,123 x 124,1.000000,0.234130,-0.065440,1920.270000,,True,4.695000,0.695000,False,-11.728403
54,entry,2014-08-05,2014-08-05,2014-08-27,2014-09-19,profit_target,short_call,C,2090.000000,1920.209961,45,16.870001,17.139999,0.000304,1.768152,2.224138,2014-09-18,1.000000,216,2085.000000,2095.000000,False,2090.000000,1.768152,0.000000,0.810000,0.250000,0 x 114,4.000000,0.115090,0.014440,1920.270000,,True,0.405000,0.405000,True,8.842264
54,entry,2014-08-05,2014-08-05,2014-08-27,2014-09-19,profit_target,long_call,C,2115.000000,1920.209961,45,16.870001,17.139999,0.000304,0.820518,2.224138,2014-09-18,1.000000,216,2110.000000,2120.000000,False,2115.000000,0.820518,0.060000,0.710000,0.200000,32 x 114,0.000000,0.127130,0.013150,1920.270000,,True,0.385000,0.325000,False,10.144205
54,exit,2014-08-27,2014-08-05,2014-08-27,2014-09-19,profit_target,long_put,P,1670.000000,2000.119995,23,11.780000,13.920000,0.000406,0.042448,0.439061,2014-09-18,1.000000,216,1665.000000,1675.000000,False,1670.000000,0.042448,0.090000,0.800000,0.000000,7 x 1,,0.304330,-0.008270,1999.970000,,True,0.445000,0.355000,False,-16.505009
54,exit,2014-08-27,2014-08-05,2014-08-27,2014-09-19,profit_target,short_put,P,1695.000000,2000.119995,23,11.780000,13.920000,0.000406,0.063878,0.439061,2014-09-18,1.000000,216,1690.000000,1700.000000,False,1695.000000,0.063878,0.050000,0.510000,0.400000,250 x 20,30.000000,0.264590,-0.006240,1999.970000,,True,0.280000,0.230000,False,-15.255084
54,exit,2014-08-27,2014-08-05,2014-08-27,2014-09-19,profit_target,short_call,C,2090.000000,2000.119995,23,11.780000,13.920000,0.000406,0.501805,0.439061,2014-09-18,1.000000,216,2085.000000,2095.000000,False,2090.000000,0.501805,0.000000,0.890000,0.410000,0 x 20,16.000000,0.093110,0.025630,1999.970000,,True,0.445000,0.445000,True,4.493731
54,exit,2014-08-27,2014-08-05,2014-08-27,2014-09-19,profit_target,long_call,C,2115.000000,2000.119995,23,11.780000,13.920000,0.000406,0.084174,0.439061,2014-09-18,1.000000,216,2110.000000,2120.000000,False,2115.000000,0.084174,0.000000,0.350000,0.000000,0 x 5,,0.098550,0.010130,1999.970000,,True,0.175000,0.175000,True,5.743656
55,entry,2014-09-02,2014-09-02,2014-09-24,2014-10-17,profit_target,long_put,P,1805.000000,2002.280029,45,12.250000,14.460000,0.000304,5.630941,2.642816,2014-10-16,1.000000,192,1800.000000,1810.000000,False,1805.000000,5.630941,2.850000,4.100000,3.600000,124 x 114,136.000000,0.188390,-0.059740,2002.030000,,True,3.475000,0.625000,False,-9.852769
55,entry,2014-09-02,2014-09-02,2014-09-24,2014-10-17,profit_target,short_put,P,1830.000000,2002.280029,45,12.250000,14.460000,0.000304,7.064453,2.642816,2014-10-16,1.000000,192,1825.000000,1835.000000,False,1830.000000,7.064453,3.610000,5.000000,4.560000,133 x 103,695.000000,0.176740,-0.075020,2002.030000,,True,4.305000,0.695000,False,-8.604193
55,entry,2014-09-02,2014-09-02,2014-09-24,2014-10-17,profit_target,short_call,C,2130.000000,2002.280029,45,12.250000,14.460000,0.000304,2.036301,2.642816,2014-10-16,1.000000,192,2125.000000,2140.000000,False,2130.000000,2.036301,0.000000,0.850000,0.390000,0 x 11,40.000000,0.088020,0.018860,2002.030000,,True,0.425000,0.425000,True,6.378727
55,entry,2014-09-02,2014-09-02,2014-09-24,2014-10-17,profit_target,long_call,C,2155.000000,2002.280029,45,12.250000,14.460000,0.000304,0.826997,2.642816,2014-10-16,1.000000,192,2150.000000,2160.000000,False,,,,,,,,,,,strike 2155 not listed (chain of 192 strikes; nearest 2150 / 2160),False,,,False,7.627303
55,exit,2014-09-24,2014-09-02,2014-09-24,2014-10-17,profit_target,long_put,P,1805.000000,1998.300049,23,13.270000,15.220000,0.000203,0.796163,0.520203,2014-10-16,1.000000,192,1800.000000,1810.000000,False,1805.000000,0.796163,1.050000,1.960000,1.450000,21 x 11,97.000000,0.222220,-0.033520,1998.390000,,True,1.505000,0.455000,False,-9.673224
55,exit,2014-09-24,2014-09-02,2014-09-24,2014-10-17,profit_target,short_put,P,1830.000000,1998.300049,23,13.270000,15.220000,0.000203,1.226538,0.520203,2014-10-16,1.000000,192,1825.000000,1835.000000,False,1830.000000,1.226538,1.450000,2.460000,1.850000,21 x 21,239.000000,0.207900,-0.044330,1998.390000,,True,1.955000,0.505000,False,-8.422161
55,exit,2014-09-24,2014-09-02,2014-09-24,2014-10-17,profit_target,short_call,C,2130.000000,1998.300049,23,13.270000,15.220000,0.000203,0.105345,0.520203,2014-10-16,1.000000,192,2125.000000,2140.000000,False,2130.000000,0.105345,0.060000,0.150000,0.150000,11 x 1,6.000000,0.102260,0.006430,1998.390000,,True,0.105000,0.045000,False,6.590599
55,exit,2014-09-24,2014-09-02,2014-09-24,2014-10-17,profit_target,long_call,C,2155.000000,1998.300049,23,13.270000,15.220000,0.000203,0.015518,0.520203,2014-10-16,1.000000,192,2150.000000,2160.000000,False,,,,,,,,,,,strike 2155 not listed (chain of 192 strikes; nearest 2150 / 2160),False,,,False,7.841663
56,entry,2014-10-07,2014-10-07,2014-10-28,2014-11-21,profit_target,long_put,P,1675.000000,1935.099976,45,17.200001,17.680000,0.000203,5.974569,2.231225,2014-11-20,1.000000,192,1670.000000,1680.000000,False,1675.000000,5.974569,3.000000,4.300000,3.430000,128 x 124,466.000000,0.251690,-0.050010,1935.080000,,True,3.650000,0.650000,False,-13.441165
56,entry,2014-10-07,2014-10-07,2014-10-28,2014-11-21,profit_target,short_put,P,1700.000000,1935.099976,45,17.200001,17.680000,0.000203,7.230561,2.231225,2014-11-20,1.000000,192,1695.000000,1705.000000,False,1700.000000,7.230561,3.800000,4.600000,4.300000,124 x 1,577.000000,0.236870,-0.059270,1935.080000,,True,4.200000,0.400000,False,-12.149242
56,entry,2014-10-07,2014-10-07,2014-10-28,2014-11-21,profit_target,short_call,C,2110.000000,1935.099976,45,17.200001,17.680000,0.000203,1.870882,2.231225,2014-11-20,1.000000,192,2105.000000,2115.000000,False,2110.000000,1.870882,0.150000,0.700000,0.440000,1 x 103,158.000000,0.116570,0.015210,1935.080000,,True,0.425000,0.275000,False,9.038294
56,entry,2014-10-07,2014-10-07,2014-10-28,2014-11-21,profit_target,long_call,C,2135.000000,1935.099976,45,17.200001,17.680000,0.000203,0.895650,2.231225,2014-11-20,1.000000,192,2130.000000,2140.000000,False,2135.000000,0.895650,0.000000,0.590000,0.000000,0 x 103,,0.123910,0.010900,1935.080000,,True,0.295000,0.295000,True,10.330217
56,exit,2014-10-28,2014-10-07,2014-10-28,2014-11-21,profit_target,long_put,P,1675.000000,1985.050049,24,14.390000,16.459999,0.000203,0.221933,0.417708,2014-11-20,1.000000,200,1670.000000,1680.000000,False,1675.000000,0.221933,0.550000,0.600000,0.600000,98 x 5,261.000000,0.291790,-0.011550,1984.440000,,True,0.575000,0.025000,False,-15.619256
56,exit,2014-10-28,2014-10-07,2014-10-28,2014-11-21,profit_target,short_put,P,1700.000000,1985.050049,24,14.390000,16.459999,0.000203,0.319373,0.417708,2014-11-20,1.000000,200,1695.000000,1705.000000,False,1700.000000,0.319373,0.700000,1.260000,0.850000,2 x 13,,0.289980,-0.017860,1984.440000,,True,0.980000,0.280000,False,-14.359842
56,exit,2014-10-28,2014-10-07,2014-10-28,2014-11-21,profit_target,short_call,C,2110.000000,1985.050049,24,14.390000,16.459999,0.000203,0.420776,0.417708,2014-11-20,1.000000,200,2105.000000,2115.000000,False,2110.000000,0.420776,0.200000,0.250000,0.300000,5 x 1,150.000000,0.107630,0.011980,1984.440000,,True,0.225000,0.025000,False,6.294549
56,exit,2014-10-28,2014-10-07,2014-10-28,2014-11-21,profit_target,long_call,C,2135.000000,1985.050049,24,14.390000,16.459999,0.000203,0.100507,0.417708,2014-11-20,1.000000,200,2130.000000,2140.000000,False,2135.000000,0.100507,0.050000,0.200000,0.250000,50 x 25,10.000000,0.115980,0.006750,1984.440000,,True,0.125000,0.075000,False,7.553963
57,entry,2014-11-04,2014-11-04,2014-11-25,2014-12-19,profit_target,long_put,P,1730.000000,2012.099976,45,14.890000,16.930000,0.000304,4.480098,1.392598,2014-12-18,1.000000,223,1725.000000,1735.000000,False,1730.000000,4.480098,2.300000,3.510000,3.050000,20 x 11,13.000000,0.246650,-0.039760,2012.250000,,True,2.905000,0.605000,False,-14.020177
57,entry,2014-11-04,2014-11-04,2014-11-25,2014-12-19,profit_target,short_put,P,1755.000000,2012.099976,45,14.890000,16.930000,0.000304,5.426725,1.392598,2014-12-18,1.000000,223,1750.000000,1760.000000,False,1755.000000,5.426725,2.900000,4.090000,3.200000,20 x 114,0.000000,0.235530,-0.048840,2012.250000,,True,3.495000,0.595000,False,-12.777694
57,entry,2014-11-04,2014-11-04,2014-11-25,2014-12-19,profit_target,short_call,C,2205.000000,2012.099976,45,14.890000,16.930000,0.000304,0.746061,1.392598,2014-12-18,1.000000,223,2200.000000,2220.000000,False,,,,,,,,,,,strike 2205 not listed (chain of 223 strikes; nearest 2200 / 2220),False,,,False,9.587000
57,entry,2014-11-04,2014-11-04,2014-11-25,2014-12-19,profit_target,long_call,C,2230.000000,2012.099976,45,14.890000,16.930000,0.000304,0.300089,1.392598,2014-12-18,1.000000,223,2220.000000,2250.000000,False,,,,,,,,,,,strike 2230 not listed (chain of 223 strikes; nearest 2220 / 2250),False,,,False,10.829483
57,exit,2014-11-25,2014-11-04,2014-11-25,2014-12-19,profit_target,long_put,P,1730.000000,2067.030029,24,12.250000,15.410000,0.000203,0.064490,0.053800,2014-12-18,1.000000,235,1725.000000,1735.000000,False,1730.000000,0.064490,0.500000,1.050000,0.650000,6 x 10,180.000000,0.317540,-0.012730,2067.320000,,True,0.775000,0.275000,False,-16.305038
57,exit,2014-11-25,2014-11-04,2014-11-25,2014-12-19,profit_target,short_put,P,1755.000000,2067.030029,24,12.250000,15.410000,0.000203,0.094216,0.053800,2014-12-18,1.000000,235,1750.000000,1760.000000,False,1755.000000,0.094216,0.250000,1.200000,0.800000,10 x 10,10.000000,0.292350,-0.013300,2067.320000,,True,0.725000,0.475000,False,-15.095573
57,exit,2014-11-25,2014-11-04,2014-11-25,2014-12-19,profit_target,short_call,C,2205.000000,2067.030029,24,12.250000,15.410000,0.000203,0.026384,0.053800,2014-12-18,1.000000,235,2200.000000,2210.000000,False,,,,,,,,,,,strike 2205 not listed (chain of 235 strikes; nearest 2200 / 2210),False,,,False,6.674793
57,exit,2014-11-25,2014-11-04,2014-11-25,2014-12-19,profit_target,long_call,C,2230.000000,2067.030029,24,12.250000,15.410000,0.000203,0.002311,0.053800,2014-12-18,1.000000,235,2225.000000,2240.000000,False,2230.000000,0.002311,0.000000,0.400000,0.000000,0 x 35,,0.124280,0.009230,2067.320000,,True,0.200000,0.200000,True,7.884258
58,entry,2014-12-02,2014-12-02,2014-12-23,2015-01-16,profit_target,long_put,P,1855.000000,2066.550049,45,12.850000,15.960000,0.000304,6.597487,2.931717,2015-01-15,1.000000,213,1850.000000,1860.000000,False,1855.000000,6.597487,3.400000,4.810000,5.750000,105 x 108,0.000000,0.202490,-0.062600,2066.380000,,True,4.105000,0.705000,False,-10.236870
58,entry,2014-12-02,2014-12-02,2014-12-23,2015-01-16,profit_target,short_put,P,1880.000000,2066.550049,45,12.850000,15.960000,0.000304,8.122821,2.931717,2015-01-15,1.000000,213,1875.000000,1885.000000,False,1880.000000,8.122821,4.210000,5.800000,5.100000,105 x 109,121.000000,0.191330,-0.077550,2066.380000,,True,5.005000,0.795000,False,-9.027125
58,entry,2014-12-02,2014-12-02,2014-12-23,2015-01-16,profit_target,short_call,C,2205.000000,2066.550049,45,12.850000,15.960000,0.000304,2.607641,2.931717,2015-01-15,1.000000,213,2200.000000,2210.000000,False,,,,,,,,,,,strike 2205 not listed (chain of 213 strikes; nearest 2200 / 2210),False,,,False,6.699569
58,entry,2014-12-02,2014-12-02,2014-12-23,2015-01-16,profit_target,long_call,C,2230.000000,2066.550049,45,12.850000,15.960000,0.000304,1.201258,2.931717,2015-01-15,1.000000,213,2225.000000,2240.000000,False,2230.000000,1.201258,0.200000,1.200000,0.680000,2 x 2,1.000000,0.109790,0.023310,2066.380000,,True,0.700000,0.500000,False,7.909315
58,exit,2014-12-23,2014-12-02,2014-12-23,2015-01-16,profit_target,long_put,P,1855.000000,2082.169922,24,14.800000,17.940001,0.000304,0.908177,0.859762,2015-01-15,1.000000,216,1850.000000,1860.000000,False,1855.000000,0.908177,1.250000,2.250000,1.650000,10 x 1,15.000000,0.249170,-0.033250,2082.470000,,True,1.750000,0.500000,False,-10.910249
58,exit,2014-12-23,2014-12-02,2014-12-23,2015-01-16,profit_target,short_put,P,1880.000000,2082.169922,24,14.800000,17.940001,0.000304,1.314384,0.859762,2015-01-15,1.000000,216,1875.000000,1885.000000,False,1880.000000,1.314384,1.500000,2.050000,1.850000,103 x 26,371.000000,0.225410,-0.036500,2082.470000,,True,1.775000,0.275000,False,-9.709578
58,exit,2014-12-23,2014-12-02,2014-12-23,2015-01-16,profit_target,short_call,C,2205.000000,2082.169922,24,14.800000,17.940001,0.000304,0.623624,0.859762,2015-01-15,1.000000,216,2200.000000,2210.000000,False,,,,,,,,,,,strike 2205 not listed (chain of 216 strikes; nearest 2200 / 2210),False,,,False,5.899138
58,exit,2014-12-23,2014-12-02,2014-12-23,2015-01-16,profit_target,long_call,C,2230.000000,2082.169922,24,14.800000,17.940001,0.000304,0.170070,0.859762,2015-01-15,1.000000,216,2225.000000,2240.000000,False,2230.000000,0.170070,0.000000,0.450000,0.350000,0 x 11,53.000000,0.115420,0.011170,2082.470000,,True,0.225000,0.225000,True,7.099809
59,entry,2015-01-06,2015-01-06,2015-01-23,2015-02-20,profit_target,long_put,P,1680.000000,2002.609985,45,21.120001,21.420000,0.000304,7.211042,2.310420,2015-02-19,1.000000,209,1675.000000,1685.000000,False,1680.000000,7.211042,4.300000,5.400000,4.750000,17 x 14,79.000000,0.311240,-0.050790,2002.540000,,True,4.850000,0.550000,False,-16.109477
59,entry,2015-01-06,2015-01-06,2015-01-23,2015-02-20,profit_target,short_put,P,1705.000000,2002.609985,45,21.120001,21.420000,0.000304,8.475606,2.310420,2015-02-19,1.000000,209,1700.000000,1710.000000,False,1705.000000,8.475606,5.100000,6.310000,5.250000,17 x 14,60.000000,0.300200,-0.059680,2002.540000,,True,5.705000,0.605000,False,-14.861106
59,entry,2015-01-06,2015-01-06,2015-01-23,2015-02-20,profit_target,short_call,C,2225.000000,2002.609985,45,21.120001,21.420000,0.000304,2.424823,2.310420,2015-02-19,1.000000,209,2220.000000,2230.000000,False,2225.000000,2.424823,0.000000,0.400000,0.350000,0 x 1,80.000000,0.125250,0.007380,2002.540000,,True,0.200000,0.200000,True,11.105009
59,entry,2015-01-06,2015-01-06,2015-01-23,2015-02-20,profit_target,long_call,C,2250.000000,2002.609985,45,21.120001,21.420000,0.000304,1.378966,2.310420,2015-02-19,1.000000,209,2240.000000,2275.000000,False,2250.000000,1.378966,0.000000,0.300000,0.230000,0 x 1,64.000000,0.131940,0.004840,2002.540000,,True,0.150000,0.150000,True,12.353380
59,exit,2015-01-23,2015-01-06,2015-01-23,2015-02-20,profit_target,long_put,P,1680.000000,2051.820068,28,16.660000,19.000000,0.000203,0.541466,0.481628,2015-02-19,1.000000,214,1675.000000,1685.000000,False,1680.000000,0.541466,0.750000,1.150000,0.800000,32 x 7,153.000000,0.330450,-0.013600,2052.020000,,True,0.950000,0.200000,False,-18.121475
59,exit,2015-01-23,2015-01-06,2015-01-23,2015-02-20,profit_target,short_put,P,1705.000000,2051.820068,28,16.660000,19.000000,0.000203,0.711727,0.481628,2015-02-19,1.000000,214,1700.000000,1710.000000,False,1705.000000,0.711727,0.750000,1.300000,0.950000,17 x 7,3.000000,0.312240,-0.015240,2052.020000,,True,1.025000,0.275000,False,-16.903045
59,exit,2015-01-23,2015-01-06,2015-01-23,2015-02-20,profit_target,short_call,C,2225.000000,2051.820068,28,16.660000,19.000000,0.000203,0.473272,0.481628,2015-02-19,1.000000,214,2220.000000,2230.000000,False,2225.000000,0.473272,0.000000,0.300000,0.150000,0 x 10,3.000000,0.122320,0.006620,2052.020000,,True,0.150000,0.150000,True,8.440308
59,exit,2015-01-23,2015-01-06,2015-01-23,2015-02-20,profit_target,long_call,C,2250.000000,2051.820068,28,16.660000,19.000000,0.000203,0.161905,0.481628,2015-02-19,1.000000,214,2240.000000,2275.000000,False,2250.000000,0.161905,0.000000,0.200000,0.100000,0 x 50,4.000000,0.130500,0.004260,2052.020000,,True,0.100000,0.100000,True,9.658738
60,entry,2015-02-03,2015-02-03,2015-02-23,2015-03-20,profit_target,long_put,P,1765.000000,2050.030029,45,17.330000,19.490000,0.000203,6.845011,2.334854,2015-03-19,1.000000,210,1760.000000,1770.000000,False,1765.000000,6.845011,4.290000,5.690000,9.400000,32 x 12,0.000000,0.271170,-0.057250,2049.890000,,True,4.990000,0.700000,False,-13.903700
60,entry,2015-02-03,2015-02-03,2015-02-23,2015-03-20,profit_target,short_put,P,1790.000000,2050.030029,45,17.330000,19.490000,0.000203,8.142626,2.334854,2015-03-19,1.000000,210,1785.000000,1795.000000,False,1790.000000,8.142626,5.300000,6.300000,6.900000,32 x 12,7.000000,0.259250,-0.068410,2049.890000,,True,5.800000,0.500000,False,-12.684206
60,entry,2015-02-03,2015-02-03,2015-02-23,2015-03-20,profit_target,short_call,C,2245.000000,2050.030029,45,17.330000,19.490000,0.000203,2.180733,2.334854,2015-03-19,1.000000,210,2240.000000,2250.000000,False,,,,,,,,,,,strike 2245 not listed (chain of 210 strikes; nearest 2240 / 2250),False,,,False,9.510591
60,entry,2015-02-03,2015-02-03,2015-02-23,2015-03-20,profit_target,long_call,C,2270.000000,2050.030029,45,17.330000,19.490000,0.000203,1.143494,2.334854,2015-03-19,1.000000,210,2260.000000,2275.000000,False,,,,,,,,,,,strike 2270 not listed (chain of 210 strikes; nearest 2260 / 2275),False,,,False,10.730085
60,exit,2015-02-23,2015-02-03,2015-02-23,2015-03-20,profit_target,long_put,P,1765.000000,2109.659912,25,14.560000,17.540001,0.000203,0.232398,0.421810,2015-03-19,1.000000,218,1760.000000,1770.000000,False,1765.000000,0.232398,0.350000,1.040000,0.000000,20 x 40,,0.303770,-0.012060,2109.430000,,True,0.695000,0.345000,False,-16.337226
60,exit,2015-02-23,2015-02-03,2015-02-23,2015-03-20,profit_target,short_put,P,1790.000000,2109.659912,25,14.560000,17.540001,0.000203,0.322326,0.421810,2015-03-19,1.000000,218,1785.000000,1795.000000,False,1790.000000,0.322326,0.450000,1.400000,0.820000,40 x 19,25.000000,0.294190,-0.016090,2109.430000,,True,0.925000,0.475000,False,-15.152201
60,exit,2015-02-23,2015-02-03,2015-02-23,2015-03-20,profit_target,short_call,C,2245.000000,2109.659912,25,14.560000,17.540001,0.000203,0.453064,0.421810,2015-03-19,1.000000,218,2240.000000,2250.000000,False,2245.000000,0.453064,0.050000,0.760000,0.460000,20 x 40,6.000000,0.115190,0.017440,2109.430000,,True,0.405000,0.355000,False,6.415256
60,exit,2015-02-23,2015-02-03,2015-02-23,2015-03-20,profit_target,long_call,C,2270.000000,2109.659912,25,14.560000,17.540001,0.000203,0.121182,0.421810,2015-03-19,1.000000,218,2260.000000,2275.000000,False,,,,,,,,,,,strike 2270 not listed (chain of 218 strikes; nearest 2260 / 2275),False,,,False,7.600281
61,entry,2015-03-03,2015-03-03,2015-03-20,2015-04-17,profit_target,long_put,P,1870.000000,2107.780029,45,13.860000,16.780001,0.000203,6.581526,2.630920,2015-04-16,1.000000,229,1865.000000,1875.000000,False,1870.000000,6.581526,3.800000,4.810000,4.330000,18 x 29,38.000000,0.220470,-0.059180,2107.790000,,True,4.305000,0.505000,False,-11.281065
61,entry,2015-03-03,2015-03-03,2015-03-20,2015-04-17,profit_target,short_put,P,1895.000000,2107.780029,45,13.860000,16.780001,0.000203,7.985303,2.630920,2015-04-16,1.000000,229,1890.000000,1900.000000,False,1895.000000,7.985303,4.690000,5.600000,5.740000,20 x 26,395.000000,0.208620,-0.072270,2107.790000,,True,5.145000,0.455000,False,-10.094983
61,entry,2015-03-03,2015-03-03,2015-03-20,2015-04-17,profit_target,short_call,C,2265.000000,2107.780029,45,13.860000,16.780001,0.000203,2.357090,2.630920,2015-04-16,1.000000,229,2260.000000,2270.000000,False,,,,,,,,,,,strike 2265 not listed (chain of 229 strikes; nearest 2260 / 2270),False,,,False,7.459031
61,entry,2015-03-03,2015-03-03,2015-03-20,2015-04-17,profit_target,long_call,C,2290.000000,2107.780029,45,13.860000,16.780001,0.000203,1.129948,2.630920,2015-04-16,1.000000,229,2280.000000,2300.000000,False,2290.000000,1.129948,0.050000,0.810000,0.000000,126 x 21,,0.110580,0.014740,2107.790000,,True,0.430000,0.380000,False,8.645113
61,exit,2015-03-20,2015-03-03,2015-03-20,2015-04-17,profit_target,long_put,P,1870.000000,2108.100098,28,13.020000,16.709999,0.000101,1.049893,0.497108,2015-04-16,1.000000,229,1865.000000,1875.000000,False,1870.000000,1.049893,0.840000,1.500000,1.150000,91 x 79,39.000000,0.220610,-0.024040,2108.680000,,True,1.170000,0.330000,False,-11.294535
61,exit,2015-03-20,2015-03-03,2015-03-20,2015-04-17,profit_target,short_put,P,1895.000000,2108.100098,28,13.020000,16.709999,0.000101,1.460015,0.497108,2015-04-16,1.000000,229,1890.000000,1900.000000,False,1895.000000,1.460015,1.250000,2.000000,1.550000,72 x 66,42.000000,0.210330,-0.033090,2108.680000,,True,1.625000,0.375000,False,-10.108633
61,exit,2015-03-20,2015-03-03,2015-03-20,2015-04-17,profit_target,short_call,C,2265.000000,2108.100098,28,13.020000,16.709999,0.000101,0.107237,0.497108,2015-04-16,1.000000,229,2260.000000,2270.000000,False,,,,,,,,,,,strike 2265 not listed (chain of 229 strikes; nearest 2260 / 2270),False,,,False,7.442716
61,exit,2015-03-20,2015-03-03,2015-03-20,2015-04-17,profit_target,long_call,C,2290.000000,2108.100098,28,13.020000,16.709999,0.000101,0.020250,0.497108,2015-04-16,1.000000,229,2280.000000,2300.000000,False,2290.000000,0.020250,0.050000,0.150000,0.100000,5 x 50,4.000000,0.115490,0.004380,2108.680000,,True,0.100000,0.050000,False,8.628618
62,entry,2015-03-31,2015-03-31,2015-04-16,2015-05-15,profit_target,long_put,P,1820.000000,2067.889893,45,15.290000,17.540001,0.000304,6.836592,2.608443,2015-05-14,1.000000,235,1815.000000,1825.000000,False,1820.000000,6.836592,3.300000,4.600000,3.600000,23 x 143,79.000000,0.230130,-0.054000,2069.770000,,True,3.950000,0.650000,False,-11.987577
62,entry,2015-03-31,2015-03-31,2015-04-16,2015-05-15,profit_target,short_put,P,1845.000000,2067.889893,45,15.290000,17.540001,0.000304,8.247231,2.608443,2015-05-14,1.000000,235,1840.000000,1850.000000,False,1845.000000,8.247231,4.400000,5.000000,5.000000,16 x 14,88.000000,0.218490,-0.065120,2069.770000,,True,4.700000,0.300000,False,-10.778615
62,entry,2015-03-31,2015-03-31,2015-04-16,2015-05-15,profit_target,short_call,C,2235.000000,2067.889893,45,15.290000,17.540001,0.000304,2.376225,2.608443,2015-05-14,1.000000,235,2230.000000,2240.000000,False,2235.000000,2.376225,0.000000,0.450000,0.400000,0 x 1,0.000000,0.095940,0.009240,2069.770000,,True,0.225000,0.225000,True,8.081190
62,entry,2015-03-31,2015-03-31,2015-04-16,2015-05-15,profit_target,long_call,C,2260.000000,2067.889893,45,15.290000,17.540001,0.000304,1.178421,2.608443,2015-05-14,1.000000,235,2255.000000,2265.000000,False,2260.000000,1.178421,0.000000,0.300000,0.160000,0 x 11,29.000000,0.101860,0.006150,2069.770000,,True,0.150000,0.150000,True,9.290152
62,exit,2015-04-16,2015-03-31,2015-04-16,2015-05-15,profit_target,long_put,P,1820.000000,2104.989990,29,12.600000,15.330000,0.000203,0.627541,0.586746,2015-05-14,1.000000,235,1815.000000,1825.000000,False,1820.000000,0.627541,0.490000,1.000000,0.500000,75 x 22,295.000000,0.239040,-0.014580,2105.230000,,True,0.745000,0.255000,False,-13.538781
62,exit,2015-04-16,2015-03-31,2015-04-16,2015-05-15,profit_target,short_put,P,1845.000000,2104.989990,29,12.600000,15.330000,0.000203,0.855020,0.586746,2015-05-14,1.000000,235,1840.000000,1850.000000,False,1845.000000,0.855020,0.560000,1.150000,0.950000,42 x 22,84.000000,0.223410,-0.017510,2105.230000,,True,0.855000,0.295000,False,-12.351127
62,exit,2015-04-16,2015-03-31,2015-04-16,2015-05-15,profit_target,short_call,C,2235.000000,2104.989990,29,12.600000,15.330000,0.000203,0.483688,0.586746,2015-05-14,1.000000,235,2230.000000,2240.000000,False,2235.000000,0.483688,0.090000,0.700000,0.450000,30 x 29,1.000000,0.102350,0.018540,2105.230000,,True,0.395000,0.305000,False,6.176277
62,exit,2015-04-16,2015-03-31,2015-04-16,2015-05-15,profit_target,long_call,C,2260.000000,2104.989990,29,12.600000,15.330000,0.000203,0.124422,0.586746,2015-05-14,1.000000,235,2255.000000,2265.000000,False,2260.000000,0.124422,0.000000,0.560000,0.370000,0 x 36,0.000000,0.112520,0.011660,2105.230000,,True,0.280000,0.280000,True,7.363931
63,entry,2015-05-05,2015-05-05,2015-05-22,2015-06-19,profit_target,long_put,P,1855.000000,2089.459961,45,14.310000,16.320000,0.000101,6.545436,2.632391,2015-06-18,1.000000,257,1850.000000,1860.000000,False,1855.000000,6.545436,3.000000,3.810000,3.350000,21 x 16,64.000000,0.208240,-0.051970,2089.590000,,True,3.405000,0.405000,False,-11.221079
63,entry,2015-05-05,2015-05-05,2015-05-22,2015-06-19,profit_target,short_put,P,1880.000000,2089.459961,45,14.310000,16.320000,0.000101,7.958984,2.632391,2015-06-18,1.000000,257,1875.000000,1885.000000,False,1880.000000,7.958984,4.100000,4.800000,4.500000,21 x 14,105.000000,0.200650,-0.067040,2089.590000,,True,4.450000,0.350000,False,-10.024598
63,entry,2015-05-05,2015-05-05,2015-05-22,2015-06-19,profit_target,short_call,C,2245.000000,2089.459961,45,14.310000,16.320000,0.000101,2.320340,2.632391,2015-06-18,1.000000,257,2240.000000,2250.000000,False,2245.000000,2.320340,0.050000,0.900000,0.700000,65 x 19,0.000000,0.100830,0.018450,2089.590000,,True,0.475000,0.425000,False,7.444031
63,entry,2015-05-05,2015-05-05,2015-05-22,2015-06-19,profit_target,long_call,C,2270.000000,2089.459961,45,14.310000,16.320000,0.000101,1.101496,2.632391,2015-06-18,1.000000,257,2265.000000,2275.000000,False,2270.000000,1.101496,0.040000,0.700000,0.370000,62 x 17,2.000000,0.109010,0.013940,2089.590000,,True,0.370000,0.330000,False,8.640512
63,exit,2015-05-22,2015-05-05,2015-05-22,2015-06-19,profit_target,long_put,P,1855.000000,2126.060059,28,12.130000,14.480000,0.000203,0.568001,0.643563,2015-06-18,1.000000,257,1850.000000,1860.000000,False,1855.000000,0.568001,0.500000,0.950000,0.650000,14 x 15,28.000000,0.228680,-0.015130,2126.460000,,True,0.725000,0.225000,False,-12.749407
63,exit,2015-05-22,2015-05-05,2015-05-22,2015-06-19,profit_target,short_put,P,1880.000000,2126.060059,28,12.130000,14.480000,0.000203,0.788724,0.643563,2015-06-18,1.000000,257,1875.000000,1885.000000,False,1880.000000,0.788724,0.750000,1.100000,0.800000,1 x 14,42.000000,0.216610,-0.019700,2126.460000,,True,0.925000,0.175000,False,-11.573523
63,exit,2015-05-22,2015-05-05,2015-05-22,2015-06-19,profit_target,short_call,C,2245.000000,2126.060059,28,12.130000,14.480000,0.000203,0.562227,0.643563,2015-06-18,1.000000,257,2240.000000,2250.000000,False,2245.000000,0.562227,0.040000,0.540000,0.300000,133 x 39,15.000000,0.092070,0.015780,2126.460000,,True,0.290000,0.250000,False,5.594383
63,exit,2015-05-22,2015-05-05,2015-05-22,2015-06-19,profit_target,long_call,C,2270.000000,2126.060059,28,12.130000,14.480000,0.000203,0.139388,0.643563,2015-06-18,1.000000,257,2265.000000,2275.000000,False,2270.000000,0.139388,0.050000,0.440000,0.170000,120 x 32,0.000000,0.105050,0.011680,2126.460000,,True,0.245000,0.195000,False,6.770267
64,entry,2015-06-02,2015-06-02,2015-06-22,2015-07-17,profit_target,long_put,P,1875.000000,2109.600098,45,14.240000,15.710000,0.000101,6.332704,2.390708,2015-07-16,1.000000,226,1870.000000,1880.000000,False,1875.000000,6.332704,3.500000,4.010000,3.740000,16 x 3,,0.211000,-0.055020,2109.610000,,True,3.755000,0.255000,False,-11.120596
64,entry,2015-06-02,2015-06-02,2015-06-22,2015-07-17,profit_target,short_put,P,1900.000000,2109.600098,45,14.240000,15.710000,0.000101,7.709087,2.390708,2015-07-16,1.000000,226,1895.000000,1905.000000,False,1900.000000,7.709087,4.490000,5.300000,4.830000,16 x 29,439.000000,0.203210,-0.070860,2109.610000,,True,4.895000,0.405000,False,-9.935537
64,entry,2015-06-02,2015-06-02,2015-06-22,2015-07-17,profit_target,short_call,C,2270.000000,2109.600098,45,14.240000,15.710000,0.000101,1.859772,2.390708,2015-07-16,1.000000,226,2265.000000,2275.000000,False,2270.000000,1.859772,0.100000,0.400000,0.250000,35 x 11,13.000000,0.092840,0.010680,2109.610000,,True,0.250000,0.150000,False,7.603332
64,entry,2015-06-02,2015-06-02,2015-06-22,2015-07-17,profit_target,long_call,C,2295.000000,2109.600098,45,14.240000,15.710000,0.000101,0.845447,2.390708,2015-07-16,1.000000,226,2290.000000,2300.000000,False,,,,,,,,,,,strike 2295 not listed (chain of 226 strikes; nearest 2290 / 2300),False,,,False,8.788391
64,exit,2015-06-22,2015-06-02,2015-06-22,2015-07-17,profit_target,long_put,P,1875.000000,2122.850098,25,12.740000,14.990000,0.000101,0.533785,0.303699,2015-07-16,1.000000,226,1870.000000,1880.000000,False,1875.000000,0.533785,0.600000,1.000000,0.720000,3 x 75,345.000000,0.224380,-0.017020,2123.040000,,True,0.800000,0.200000,False,-11.675346
64,exit,2015-06-22,2015-06-02,2015-06-22,2015-07-17,profit_target,short_put,P,1900.000000,2122.850098,25,12.740000,14.990000,0.000101,0.772497,0.303699,2015-07-16,1.000000,226,1895.000000,1905.000000,False,1900.000000,0.772497,0.900000,1.300000,1.000000,2 x 26,,0.214060,-0.024520,2123.040000,,True,1.100000,0.200000,False,-10.497684
64,exit,2015-06-22,2015-06-02,2015-06-22,2015-07-17,profit_target,short_call,C,2270.000000,2122.850098,25,12.740000,14.990000,0.000101,0.076801,0.303699,2015-07-16,1.000000,226,2265.000000,2275.000000,False,2270.000000,0.076801,0.000000,0.550000,0.250000,0 x 13,4.000000,0.117110,0.012070,2123.040000,,True,0.275000,0.275000,True,6.931714
64,exit,2015-06-22,2015-06-02,2015-06-22,2015-07-17,profit_target,long_call,C,2295.000000,2122.850098,25,12.740000,14.990000,0.000101,0.011815,0.303699,2015-07-16,1.000000,226,2290.000000,2300.000000,False,,,,,,,,,,,strike 2295 not listed (chain of 226 strikes; nearest 2290 / 2300),False,,,False,8.109376
65,entry,2015-07-07,2015-07-07,2015-07-21,2015-08-21,profit_target,long_put,P,1820.000000,2081.340088,45,16.090000,17.020000,0.000203,6.414757,2.268530,2015-08-20,1.000000,220,1815.000000,1825.000000,False,1820.000000,6.414757,3.500000,4.400000,4.000000,21 x 156,31.000000,0.237780,-0.052820,2081.650000,,True,3.950000,0.450000,False,-12.556338
65,entry,2015-07-07,2015-07-07,2015-07-21,2015-08-21,profit_target,short_put,P,1845.000000,2081.340088,45,16.090000,17.020000,0.000203,7.713934,2.268530,2015-08-20,1.000000,220,1840.000000,1850.000000,False,1845.000000,7.713934,4.500000,5.300000,5.150000,41 x 14,752.000000,0.228250,-0.065100,2081.650000,,True,4.900000,0.400000,False,-11.355188
65,entry,2015-07-07,2015-07-07,2015-07-21,2015-08-21,profit_target,short_call,C,2260.000000,2081.340088,45,16.090000,17.020000,0.000203,1.879820,2.268530,2015-08-20,1.000000,220,2255.000000,2265.000000,False,2260.000000,1.879820,0.000000,0.600000,0.250000,0 x 1,8.000000,0.105640,0.011570,2081.650000,,True,0.300000,0.300000,True,8.583888
65,entry,2015-07-07,2015-07-07,2015-07-21,2015-08-21,profit_target,long_call,C,2285.000000,2081.340088,45,16.090000,17.020000,0.000203,0.910467,2.268530,2015-08-20,1.000000,220,2280.000000,2290.000000,False,,,,,,,,,,,strike 2285 not listed (chain of 220 strikes; nearest 2280 / 2290),False,,,False,9.785038
65,exit,2015-07-21,2015-07-07,2015-07-21,2015-08-21,profit_target,long_put,P,1820.000000,2119.209961,31,12.220000,14.750000,0.000304,0.679222,0.489355,2015-08-20,1.000000,220,1815.000000,1825.000000,False,1820.000000,0.679222,0.340000,1.050000,0.810000,22 x 14,0.000000,0.238230,-0.013450,2119.140000,,True,0.695000,0.355000,False,-14.118939
65,exit,2015-07-21,2015-07-07,2015-07-21,2015-08-21,profit_target,short_put,P,1845.000000,2119.209961,31,12.220000,14.750000,0.000304,0.905242,0.489355,2015-08-20,1.000000,220,1840.000000,1850.000000,False,1845.000000,0.905242,0.700000,1.340000,1.200000,22 x 20,241.000000,0.231700,-0.019080,2119.140000,,True,1.020000,0.320000,False,-12.939254
65,exit,2015-07-21,2015-07-07,2015-07-21,2015-08-21,profit_target,short_call,C,2260.000000,2119.209961,31,12.220000,14.750000,0.000304,0.349876,0.489355,2015-08-20,1.000000,220,2255.000000,2265.000000,False,2260.000000,0.349876,0.050000,0.550000,0.250000,75 x 50,2.000000,0.101100,0.014120,2119.140000,,True,0.300000,0.250000,False,6.643515
65,exit,2015-07-21,2015-07-07,2015-07-21,2015-08-21,profit_target,long_call,C,2285.000000,2119.209961,31,12.220000,14.750000,0.000304,0.086541,0.489355,2015-08-20,1.000000,220,2280.000000,2290.000000,False,,,,,,,,,,,strike 2285 not listed (chain of 220 strikes; nearest 2280 / 2290),False,,,False,7.823200
66,entry,2015-07-21,2015-07-21,2015-07-31,2015-08-21,dte_exit,long_put,P,1930.000000,2119.209961,31,12.220000,14.750000,0.000304,2.520976,1.862924,2015-08-20,1.000000,220,1925.000000,1935.000000,False,1930.000000,2.520976,2.150000,2.700000,2.470000,14 x 14,31.000000,0.193540,-0.047900,2119.140000,,True,2.425000,0.275000,False,-8.928325
66,entry,2015-07-21,2015-07-21,2015-07-31,2015-08-21,dte_exit,short_put,P,1960.000000,2119.209961,31,12.220000,14.750000,0.000304,3.690118,1.862924,2015-08-20,1.000000,220,1955.000000,1965.000000,False,1960.000000,3.690118,3.000000,3.600000,3.500000,14 x 14,156.000000,0.178830,-0.066200,2119.140000,,True,3.300000,0.300000,False,-7.512704
66,entry,2015-07-21,2015-07-21,2015-07-31,2015-08-21,dte_exit,short_call,C,2240.000000,2119.209961,31,12.220000,14.750000,0.000304,0.900149,1.862924,2015-08-20,1.000000,220,2235.000000,2245.000000,False,2240.000000,0.900149,0.050000,0.650000,0.310000,72 x 50,83.000000,0.091020,0.017780,2119.140000,,True,0.350000,0.300000,False,5.699767
66,entry,2015-07-21,2015-07-21,2015-07-31,2015-08-21,dte_exit,long_call,C,2270.000000,2119.209961,31,12.220000,14.750000,0.000304,0.206367,1.862924,2015-08-20,1.000000,220,2265.000000,2275.000000,False,2270.000000,0.206367,0.040000,0.510000,0.300000,50 x 26,1.000000,0.106350,0.012140,2119.140000,,True,0.275000,0.235000,False,7.115389
66,exit,2015-07-31,2015-07-21,2015-07-31,2015-08-21,dte_exit,long_put,P,1930.000000,2103.840088,21,12.120000,14.900000,0.000811,0.445623,0.398436,2015-08-20,1.000000,220,1925.000000,1935.000000,False,1930.000000,0.445623,0.800000,1.560000,1.200000,40 x 22,468.000000,0.192710,-0.030970,2104.800000,,True,1.180000,0.380000,False,-8.262990
66,exit,2015-07-31,2015-07-21,2015-07-31,2015-08-21,dte_exit,short_put,P,1960.000000,2103.840088,21,12.120000,14.900000,0.000811,0.839165,0.398436,2015-08-20,1.000000,220,1955.000000,1965.000000,False,1960.000000,0.839165,1.350000,1.850000,1.500000,14 x 14,81.000000,0.172650,-0.043630,2104.800000,,True,1.600000,0.250000,False,-6.837026
66,exit,2015-07-31,2015-07-21,2015-07-31,2015-08-21,dte_exit,short_call,C,2240.000000,2103.840088,21,12.120000,14.900000,0.000811,0.004990,0.398436,2015-08-20,1.000000,220,2235.000000,2245.000000,False,2240.000000,0.004990,0.000000,0.450000,0.170000,0 x 14,10.000000,0.115840,0.011750,2104.800000,,True,0.225000,0.225000,True,6.471971
66,exit,2015-07-31,2015-07-21,2015-07-31,2015-08-21,dte_exit,long_call,C,2270.000000,2103.840088,21,12.120000,14.900000,0.000811,0.000097,0.398436,2015-08-20,1.000000,220,2265.000000,2275.000000,False,2270.000000,0.000097,0.000000,0.460000,0.200000,0 x 23,0.000000,0.136790,0.009940,2104.800000,,True,0.230000,0.230000,True,7.897934
67,entry,2015-08-04,2015-08-04,2015-08-28,2015-09-18,dte_exit,long_put,P,1875.000000,2093.320068,45,13.000000,15.130000,0.000811,6.037578,2.620455,2015-09-17,1.000000,240,1870.000000,1880.000000,False,1875.000000,6.037578,3.000000,3.600000,3.300000,16 x 24,26.000000,0.190220,-0.053990,2093.350000,,True,3.300000,0.300000,False,-10.429369
67,entry,2015-08-04,2015-08-04,2015-08-28,2015-09-18,dte_exit,short_put,P,1900.000000,2093.320068,45,13.000000,15.130000,0.000811,7.433125,2.620455,2015-09-17,1.000000,240,1895.000000,1905.000000,False,1900.000000,7.433125,3.910000,4.700000,4.600000,12 x 14,,0.181550,-0.070720,2093.350000,,True,4.305000,0.395000,False,-9.235094
67,entry,2015-08-04,2015-08-04,2015-08-28,2015-09-18,dte_exit,short_call,C,2235.000000,2093.320068,45,13.000000,15.130000,0.000811,2.200664,2.620455,2015-09-17,1.000000,240,2230.000000,2240.000000,False,2235.000000,2.200664,0.050000,0.750000,0.400000,114 x 33,4.000000,0.094000,0.016550,2093.350000,,True,0.400000,0.350000,False,6.768192
67,entry,2015-08-04,2015-08-04,2015-08-28,2015-09-18,dte_exit,long_call,C,2260.000000,2093.320068,45,13.000000,15.130000,0.000811,0.975756,2.620455,2015-09-17,1.000000,240,2255.000000,2265.000000,False,2260.000000,0.975756,0.050000,0.650000,0.350000,100 x 14,11.000000,0.104450,0.013590,2093.350000,,True,0.350000,0.300000,False,7.962468
67,exit,2015-08-28,2015-08-04,2015-08-28,2015-09-18,dte_exit,long_put,P,1875.000000,1988.869995,21,26.049999,25.340000,0.000608,17.911594,5.206878,2015-09-17,1.000000,240,1870.000000,1880.000000,False,1875.000000,17.911594,15.090000,17.300000,19.000000,140 x 51,,0.300050,-0.197410,1988.200000,,True,16.195000,1.105000,False,-5.725361
67,exit,2015-08-28,2015-08-04,2015-08-28,2015-09-18,dte_exit,short_put,P,1900.000000,1988.869995,21,26.049999,25.340000,0.000608,22.786761,5.206878,2015-09-17,1.000000,240,1895.000000,1905.000000,False,1900.000000,22.786761,19.390000,21.300000,21.290000,140 x 40,,0.286080,-0.243360,1988.200000,,True,20.345000,0.955000,False,-4.468366
67,exit,2015-08-28,2015-08-04,2015-08-28,2015-09-18,dte_exit,short_call,C,2235.000000,1988.869995,21,26.049999,25.340000,0.000608,0.647817,5.206878,2015-09-17,1.000000,240,2230.000000,2240.000000,False,2235.000000,0.647817,0.000000,0.590000,0.000000,0 x 194,,0.204910,0.009170,1988.200000,,True,0.295000,0.295000,True,12.375369
67,exit,2015-08-28,2015-08-04,2015-08-28,2015-09-18,dte_exit,long_call,C,2260.000000,1988.869995,21,26.049999,25.340000,0.000608,0.316107,5.206878,2015-09-17,1.000000,240,2255.000000,2265.000000,False,2260.000000,0.316107,0.000000,0.550000,0.050000,0 x 191,0.000000,0.219560,0.008490,1988.200000,,True,0.275000,0.275000,True,13.632364
68,entry,2015-09-02,2015-09-02,2015-09-21,2015-10-16,profit_target,long_put,P,1525.000000,1948.859985,44,26.090000,26.190001,0.000304,5.887316,1.629821,2015-10-15,1.000000,232,1520.000000,1530.000000,False,1525.000000,5.887316,3.600000,4.900000,5.780000,140 x 113,40.000000,0.407450,-0.036660,1948.640000,,True,4.250000,0.650000,False,-21.749125
68,entry,2015-09-02,2015-09-02,2015-09-21,2015-10-16,profit_target,short_put,P,1550.000000,1948.859985,44,26.090000,26.190001,0.000304,6.847473,1.629821,2015-10-15,1.000000,232,1545.000000,1555.000000,False,1550.000000,6.847473,4.200000,5.510000,7.600000,140 x 103,144.000000,0.394840,-0.042740,1948.640000,,True,4.855000,0.655000,False,-20.466323
68,entry,2015-09-02,2015-09-02,2015-09-21,2015-10-16,profit_target,short_call,C,2245.000000,1948.859985,44,26.090000,26.190001,0.000304,1.677808,1.629821,2015-10-15,1.000000,232,2240.000000,2250.000000,False,2245.000000,1.677808,0.050000,3.400000,0.000000,25 x 12,,0.217780,0.031180,1948.640000,,True,1.725000,1.675000,False,15.195551
68,entry,2015-09-02,2015-09-02,2015-09-21,2015-10-16,profit_target,long_call,C,2270.000000,1948.859985,44,26.090000,26.190001,0.000304,1.008144,1.629821,2015-10-15,1.000000,232,2265.000000,2275.000000,False,2270.000000,1.008144,0.040000,0.600000,0.000000,25 x 101,,0.182970,0.007730,1948.640000,,True,0.320000,0.280000,False,16.478352
68,exit,2015-09-21,2015-09-02,2015-09-21,2015-10-16,profit_target,long_put,P,1525.000000,1966.969971,25,20.139999,21.590000,0.000101,0.272832,0.099103,2015-10-15,1.000000,233,1520.000000,1530.000000,False,1525.000000,0.272832,0.350000,0.840000,0.800000,60 x 136,120.000000,0.415370,-0.008050,1967.260000,,True,0.595000,0.245000,False,-22.469584
68,exit,2015-09-21,2015-09-02,2015-09-21,2015-10-16,profit_target,short_put,P,1550.000000,1966.969971,25,20.139999,21.590000,0.000101,0.363521,0.099103,2015-10-15,1.000000,233,1545.000000,1555.000000,False,1550.000000,0.363521,0.510000,0.950000,0.660000,5 x 103,,0.401010,-0.009750,1967.260000,,True,0.730000,0.220000,False,-21.198594
68,exit,2015-09-21,2015-09-02,2015-09-21,2015-10-16,profit_target,short_call,C,2245.000000,1966.969971,25,20.139999,21.590000,0.000101,0.010953,0.099103,2015-10-15,1.000000,233,2240.000000,2250.000000,False,2245.000000,0.010953,0.000000,0.100000,0.000000,0 x 50,,0.173260,0.002430,1967.260000,,True,0.050000,0.050000,True,14.134940
68,exit,2015-09-21,2015-09-02,2015-09-21,2015-10-16,profit_target,long_call,C,2270.000000,1966.969971,25,20.139999,21.590000,0.000101,0.002539,0.099103,2015-10-15,1.000000,233,2265.000000,2275.000000,False,2270.000000,0.002539,0.000000,0.090000,0.000000,0 x 50,,0.186690,0.001330,1967.260000,,True,0.045000,0.045000,True,15.405931
69,entry,2015-10-06,2015-10-06,2015-10-27,2015-11-20,profit_target,long_put,P,1655.000000,1979.920044,45,19.400000,21.590000,-0.000000,6.235462,1.921448,2015-11-19,1.000000,235,1650.000000,1660.000000,False,1655.000000,6.235462,2.600000,3.600000,3.090000,6 x 15,0.000000,0.288070,-0.037510,1979.970000,,True,3.100000,0.500000,False,-16.410766
69,entry,2015-10-06,2015-10-06,2015-10-27,2015-11-20,profit_target,short_put,P,1680.000000,1979.920044,45,19.400000,21.590000,-0.000000,7.366787,1.921448,2015-11-19,1.000000,235,1675.000000,1685.000000,False,1680.000000,7.366787,3.200000,4.500000,4.000000,12 x 38,73.000000,0.278540,-0.046080,1979.970000,,True,3.850000,0.650000,False,-15.148089
69,entry,2015-10-06,2015-10-06,2015-10-27,2015-11-20,profit_target,short_call,C,2205.000000,1979.920044,45,19.400000,21.590000,-0.000000,1.690811,1.921448,2015-11-19,1.000000,235,2200.000000,2210.000000,False,2205.000000,1.690811,0.000000,0.550000,0.000000,0 x 15,,0.133700,0.009150,1979.970000,,True,0.275000,0.275000,True,11.368134
69,entry,2015-10-06,2015-10-06,2015-10-27,2015-11-20,profit_target,long_call,C,2230.000000,1979.920044,45,19.400000,21.590000,-0.000000,0.900688,1.921448,2015-11-19,1.000000,235,2225.000000,2240.000000,False,2230.000000,0.900688,0.000000,0.500000,0.250000,0 x 5,0.000000,0.143910,0.007410,1979.970000,,True,0.250000,0.250000,True,12.630811
69,exit,2015-10-27,2015-10-06,2015-10-27,2015-11-20,profit_target,long_put,P,1655.000000,2065.889893,24,15.430000,18.139999,0.000304,0.091354,0.348584,2015-11-19,1.000000,235,1650.000000,1660.000000,False,1655.000000,0.091354,0.250000,0.700000,0.350000,100 x 925,1.000000,0.359570,-0.007720,2066.090000,,True,0.475000,0.225000,False,-19.889245
69,exit,2015-10-27,2015-10-06,2015-10-27,2015-11-20,profit_target,short_put,P,1680.000000,2065.889893,24,15.430000,18.139999,0.000304,0.126990,0.348584,2015-11-19,1.000000,235,1675.000000,1685.000000,False,1680.000000,0.126990,0.250000,0.500000,0.450000,100 x 17,0.000000,0.327930,-0.006740,2066.090000,,True,0.375000,0.125000,False,-18.679112
69,exit,2015-10-27,2015-10-06,2015-10-27,2015-11-20,profit_target,short_call,C,2205.000000,2065.889893,24,15.430000,18.139999,0.000304,0.429836,0.348584,2015-11-19,1.000000,235,2200.000000,2210.000000,False,2205.000000,0.429836,0.000000,0.600000,0.000000,0 x 669,,0.117590,0.014300,2066.090000,,True,0.300000,0.300000,True,6.733665
69,exit,2015-10-27,2015-10-06,2015-10-27,2015-11-20,profit_target,long_call,C,2230.000000,2065.889893,24,15.430000,18.139999,0.000304,0.116888,0.348584,2015-11-19,1.000000,235,2225.000000,2240.000000,False,2230.000000,0.116888,0.000000,0.490000,0.000000,0 x 20,,0.130850,0.010420,2066.090000,,True,0.245000,0.245000,True,7.943797
70,entry,2015-11-03,2015-11-03,2015-11-27,2015-12-18,dte_exit,long_put,P,1760.000000,2109.790039,45,14.540000,17.469999,0.000608,3.262645,0.775054,2015-12-18,0.000000,245,1755.000000,1765.000000,False,1760.000000,3.262645,1.540000,2.050000,1.750000,656 x 39,22.000000,0.258630,-0.023570,2109.870000,,True,1.795000,0.255000,False,-16.579377
70,entry,2015-11-03,2015-11-03,2015-11-27,2015-12-18,dte_exit,short_put,P,1785.000000,2109.790039,45,14.540000,17.469999,0.000608,3.895848,0.775054,2015-12-18,0.000000,245,1780.000000,1790.000000,False,1785.000000,3.895848,1.950000,2.700000,2.050000,570 x 575,330.000000,0.252210,-0.030450,2109.870000,,True,2.325000,0.375000,False,-15.394425
70,entry,2015-11-03,2015-11-03,2015-11-27,2015-12-18,dte_exit,short_call,C,2350.000000,2109.790039,45,14.540000,17.469999,0.000608,0.219758,0.775054,2015-12-18,0.000000,245,2330.000000,2375.000000,False,2350.000000,0.219758,0.000000,0.300000,0.000000,0 x 50,,0.121590,0.004930,2109.870000,,True,0.150000,0.150000,True,11.385491
70,entry,2015-11-03,2015-11-03,2015-11-27,2015-12-18,dte_exit,long_call,C,2375.000000,2109.790039,45,14.540000,17.469999,0.000608,0.077907,0.775054,2015-12-18,0.000000,245,2350.000000,2400.000000,False,2375.000000,0.077907,0.000000,0.200000,0.000000,0 x 50,,0.126400,0.003890,2109.870000,,True,0.100000,0.100000,True,12.570443
70,exit,2015-11-27,2015-11-03,2015-11-27,2015-12-18,dte_exit,long_put,P,1760.000000,2090.110107,21,15.120000,17.350000,0.001724,0.115104,0.054981,2015-12-18,0.000000,249,1755.000000,1765.000000,False,1760.000000,0.115104,0.350000,0.550000,0.000000,200 x 25,,0.298350,-0.009030,2090.110000,,True,0.450000,0.100000,False,-15.793910
70,exit,2015-11-27,2015-11-03,2015-11-27,2015-12-18,dte_exit,short_put,P,1785.000000,2090.110107,21,15.120000,17.350000,0.001724,0.170082,0.054981,2015-12-18,0.000000,249,1780.000000,1790.000000,False,1785.000000,0.170082,0.400000,0.600000,0.000000,100 x 200,,0.279850,-0.009950,2090.110000,,True,0.500000,0.100000,False,-14.597801
70,exit,2015-11-27,2015-11-03,2015-11-27,2015-12-18,dte_exit,short_call,C,2350.000000,2090.110107,21,15.120000,17.350000,0.001724,0.000002,0.054981,2015-12-18,0.000000,249,2330.000000,2375.000000,False,2350.000000,0.000002,0.000000,0.050000,0.050000,0 x 18,0.000000,0.156470,0.001090,2090.110000,,True,0.025000,0.025000,True,12.434268
70,exit,2015-11-27,2015-11-03,2015-11-27,2015-12-18,dte_exit,long_call,C,2375.000000,2090.110107,21,15.120000,17.350000,0.001724,0.000000,0.054981,2015-12-18,0.000000,249,2350.000000,2400.000000,False,2375.000000,0.000000,0.000000,0.050000,0.000000,0 x 88,,0.168530,0.000970,2090.110000,,True,0.025000,0.025000,True,13.630377
71,entry,2015-12-01,2015-12-01,2015-12-23,2016-01-15,profit_target,long_put,P,1850.000000,2102.629883,45,14.670000,17.580000,0.002130,6.607682,2.422528,2016-01-14,1.000000,237,1845.000000,1855.000000,False,1850.000000,6.607682,3.610000,4.500000,3.900000,23 x 499,319.000000,0.229400,-0.054660,2102.370000,,True,4.055000,0.445000,False,-12.014948
71,entry,2015-12-01,2015-12-01,2015-12-23,2016-01-15,profit_target,short_put,P,1875.000000,2102.629883,45,14.670000,17.580000,0.002130,7.959876,2.422528,2016-01-14,1.000000,237,1870.000000,1880.000000,False,1875.000000,7.959876,4.500000,5.400000,5.050000,20 x 385,45.000000,0.219940,-0.067000,2102.370000,,True,4.950000,0.450000,False,-10.825961
71,entry,2015-12-01,2015-12-01,2015-12-23,2016-01-15,profit_target,short_call,C,2275.000000,2102.629883,45,14.670000,17.580000,0.002130,2.085681,2.422528,2016-01-14,1.000000,237,2270.000000,2280.000000,False,2275.000000,2.085681,0.200000,0.310000,0.200000,55 x 1,977.000000,0.098390,0.009930,2102.370000,,True,0.255000,0.055000,False,8.197834
71,entry,2015-12-01,2015-12-01,2015-12-23,2016-01-15,profit_target,long_call,C,2300.000000,2102.629883,45,14.670000,17.580000,0.002130,1.015346,2.422528,2016-01-14,1.000000,237,2295.000000,2325.000000,False,2300.000000,1.015346,0.100000,0.250000,0.230000,261 x 20,980.000000,0.106140,0.007110,2102.370000,,True,0.175000,0.075000,False,9.386822
71,exit,2015-12-23,2015-12-01,2015-12-23,2016-01-15,profit_target,long_put,P,1850.000000,2064.290039,23,15.570000,19.330000,0.002028,0.941121,0.447895,2016-01-14,1.000000,237,1845.000000,1855.000000,False,1850.000000,0.941121,1.090000,1.600000,1.300000,4 x 631,,0.228190,-0.028550,2064.280000,,True,1.345000,0.255000,False,-10.380811
71,exit,2015-12-23,2015-12-01,2015-12-23,2016-01-15,profit_target,short_put,P,1875.000000,2064.290039,23,15.570000,19.330000,0.002028,1.387853,0.447895,2016-01-14,1.000000,237,1870.000000,1880.000000,False,1875.000000,1.387853,1.260000,2.140000,1.500000,545 x 637,,0.212630,-0.038050,2064.280000,,True,1.700000,0.440000,False,-9.169740
71,exit,2015-12-23,2015-12-01,2015-12-23,2016-01-15,profit_target,short_call,C,2275.000000,2064.290039,23,15.570000,19.330000,0.002028,0.001261,0.447895,2016-01-14,1.000000,237,2270.000000,2280.000000,False,2275.000000,0.001261,0.000000,0.200000,0.050000,0 x 10,0.000000,0.150390,0.003740,2064.280000,,True,0.100000,0.100000,True,10.207382
71,exit,2015-12-23,2015-12-01,2015-12-23,2016-01-15,profit_target,long_call,C,2300.000000,2064.290039,23,15.570000,19.330000,0.002028,0.000098,0.447895,2016-01-14,1.000000,237,2295.000000,2325.000000,False,2300.000000,0.000098,0.000000,0.050000,0.050000,0 x 294,6.000000,0.145030,0.000720,2064.280000,,True,0.025000,0.025000,True,11.418452
72,entry,2016-01-05,2016-01-05,2016-01-29,2016-02-19,dte_exit,long_put,P,1720.000000,2016.709961,45,19.340000,20.520000,0.002028,7.339699,2.506465,2016-02-18,1.000000,238,1715.000000,1725.000000,False,1720.000000,7.339699,3.700000,4.300000,4.140000,21 x 20,3.000000,0.277120,-0.047610,2016.930000,,True,4.000000,0.300000,False,-14.712575
72,entry,2016-01-05,2016-01-05,2016-01-29,2016-02-19,dte_exit,short_put,P,1745.000000,2016.709961,45,19.340000,20.520000,0.002028,8.679106,2.506465,2016-02-18,1.000000,238,1740.000000,1750.000000,False,1745.000000,8.679106,4.600000,5.300000,5.570000,20 x 673,2.000000,0.268850,-0.058110,2016.930000,,True,4.950000,0.350000,False,-13.472932
72,entry,2016-01-05,2016-01-05,2016-01-29,2016-02-19,dte_exit,short_call,C,2220.000000,2016.709961,45,19.340000,20.520000,0.002028,2.627331,2.506465,2016-02-18,1.000000,238,2215.000000,2225.000000,False,2220.000000,2.627331,0.000000,0.450000,0.250000,0 x 11,2.000000,0.115130,0.008470,2016.930000,,True,0.225000,0.225000,True,10.080281
72,entry,2016-01-05,2016-01-05,2016-01-29,2016-02-19,dte_exit,long_call,C,2245.000000,2016.709961,45,19.340000,20.520000,0.002028,1.460273,2.506465,2016-02-18,1.000000,238,2240.000000,2250.000000,False,2245.000000,1.460273,0.000000,0.400000,0.250000,0 x 11,0.000000,0.125170,0.007480,2016.930000,,True,0.200000,0.200000,True,11.319924
72,exit,2016-01-29,2016-01-05,2016-01-29,2016-02-19,dte_exit,long_put,P,1720.000000,1940.239990,21,20.200001,22.660000,0.003246,1.658199,0.706933,2016-02-18,1.000000,238,1715.000000,1725.000000,False,1720.000000,1.658199,1.300000,2.060000,1.700000,546 x 924,74.000000,0.267710,-0.033720,1938.160000,,True,1.680000,0.380000,False,-11.351173
72,exit,2016-01-29,2016-01-05,2016-01-29,2016-02-19,dte_exit,short_put,P,1745.000000,1940.239990,21,20.200001,22.660000,0.003246,2.364683,0.706933,2016-02-18,1.000000,238,1740.000000,1750.000000,False,1745.000000,2.364683,2.110000,2.760000,2.750000,21 x 692,58.000000,0.257740,-0.047430,1938.160000,,True,2.435000,0.325000,False,-10.062672
72,exit,2016-01-29,2016-01-05,2016-01-29,2016-02-19,dte_exit,short_call,C,2220.000000,1940.239990,21,20.200001,22.660000,0.003246,0.000509,0.706933,2016-02-18,1.000000,238,2215.000000,2225.000000,False,2220.000000,0.000509,0.000000,0.110000,0.000000,0 x 200,,0.199690,0.001920,1938.160000,,True,0.055000,0.055000,True,14.418835
72,exit,2016-01-29,2016-01-05,2016-01-29,2016-02-19,dte_exit,long_call,C,2245.000000,1940.239990,21,20.200001,22.660000,0.003246,0.000061,0.706933,2016-02-18,1.000000,238,2240.000000,2250.000000,False,2245.000000,0.000061,0.000000,0.160000,0.000000,0 x 2,,0.221910,0.002000,1938.160000,,True,0.080000,0.080000,True,15.707336
73,entry,2016-02-02,2016-02-02,2016-02-22,2016-03-18,profit_target,long_put,P,1560.000000,1903.030029,45,21.980000,23.410000,0.003449,6.361465,2.001230,2016-03-17,1.000000,235,1555.000000,1565.000000,False,1560.000000,6.361465,3.200000,3.900000,3.550000,960 x 1092,51.000000,0.326370,-0.039070,1903.010000,,True,3.550000,0.350000,False,-18.025466
73,entry,2016-02-02,2016-02-02,2016-02-22,2016-03-18,profit_target,short_put,P,1585.000000,1903.030029,45,21.980000,23.410000,0.003449,7.489412,2.001230,2016-03-17,1.000000,235,1580.000000,1590.000000,False,1585.000000,7.489412,4.010000,4.600000,4.400000,963 x 144,24.000000,0.315780,-0.046810,1903.010000,,True,4.305000,0.295000,False,-16.711771
73,entry,2016-02-02,2016-02-02,2016-02-22,2016-03-18,profit_target,short_call,C,2140.000000,1903.030029,45,21.980000,23.410000,0.003449,1.998237,2.001230,2016-03-17,1.000000,235,2135.000000,2145.000000,False,2140.000000,1.998237,0.040000,0.550000,0.300000,105 x 1069,6.000000,0.144910,0.009670,1903.010000,,True,0.295000,0.255000,False,12.452245
73,entry,2016-02-02,2016-02-02,2016-02-22,2016-03-18,profit_target,long_call,C,2165.000000,1903.030029,45,21.980000,23.410000,0.003449,1.124955,2.001230,2016-03-17,1.000000,235,2160.000000,2170.000000,False,2165.000000,1.124955,0.000000,0.260000,0.000000,0 x 5,,0.142010,0.004600,1903.010000,,True,0.130000,0.130000,True,13.765940
73,exit,2016-02-22,2016-02-02,2016-02-22,2016-03-18,profit_target,long_put,P,1560.000000,1945.500000,25,19.379999,21.620001,0.003347,0.382736,0.312174,2016-03-17,1.000000,235,1555.000000,1565.000000,False,1560.000000,0.382736,0.140000,0.690000,0.480000,2 x 102,4.000000,0.342810,-0.007510,1945.200000,,True,0.415000,0.275000,False,-19.814958
73,exit,2016-02-22,2016-02-02,2016-02-22,2016-03-18,profit_target,short_put,P,1585.000000,1945.500000,25,19.379999,21.620001,0.003347,0.515386,0.312174,2016-03-17,1.000000,235,1580.000000,1590.000000,False,1585.000000,0.515386,0.500000,0.790000,0.750000,35 x 115,12.000000,0.338060,-0.010450,1945.200000,,True,0.645000,0.145000,False,-18.529941
73,exit,2016-02-22,2016-02-02,2016-02-22,2016-03-18,profit_target,short_call,C,2140.000000,1945.500000,25,19.379999,21.620001,0.003347,0.267898,0.312174,2016-03-17,1.000000,235,2135.000000,2145.000000,False,2140.000000,0.267898,0.000000,0.200000,0.100000,0 x 50,4.000000,0.146330,0.004400,1945.200000,,True,0.100000,0.100000,True,9.997430
73,exit,2016-02-22,2016-02-02,2016-02-22,2016-03-18,profit_target,long_call,C,2165.000000,1945.500000,25,19.379999,21.620001,0.003347,0.088374,0.312174,2016-03-17,1.000000,235,2160.000000,2170.000000,False,2165.000000,0.088374,0.000000,0.150000,0.000000,0 x 50,,0.156450,0.003420,1945.200000,,True,0.075000,0.075000,True,11.282447
74,entry,2016-03-01,2016-03-01,2016-03-21,2016-04-15,profit_target,long_put,P,1670.000000,1978.349976,45,17.700001,20.280001,0.003347,5.631360,1.795298,2016-04-14,1.000000,234,1665.000000,1675.000000,False,1670.000000,5.631360,2.850000,3.500000,3.380000,937 x 831,46.000000,0.277900,-0.039320,1977.900000,,True,3.175000,0.325000,False,-15.586220
74,entry,2016-03-01,2016-03-01,2016-03-21,2016-04-15,profit_target,short_put,P,1695.000000,1978.349976,45,17.700001,20.280001,0.003347,6.706654,1.795298,2016-04-14,1.000000,234,1690.000000,1700.000000,False,1695.000000,6.706654,3.590000,4.300000,4.100000,687 x 854,24.000000,0.269830,-0.049310,1977.900000,,True,3.945000,0.355000,False,-14.322540
74,entry,2016-03-01,2016-03-01,2016-03-21,2016-04-15,profit_target,short_call,C,2190.000000,1978.349976,45,17.700001,20.280001,0.003347,1.433371,1.795298,2016-04-14,1.000000,234,2180.000000,2200.000000,False,2190.000000,1.433371,0.000000,0.500000,0.000000,0 x 1131,,0.123920,0.008740,1977.900000,,True,0.250000,0.250000,True,10.698311
74,entry,2016-03-01,2016-03-01,2016-03-21,2016-04-15,profit_target,long_call,C,2215.000000,1978.349976,45,17.700001,20.280001,0.003347,0.713367,1.795298,2016-04-14,1.000000,234,2210.000000,2220.000000,False,,,,,,,,,,,strike 2215 not listed (chain of 234 strikes; nearest 2210 / 2220),False,,,False,11.961990
74,exit,2016-03-21,2016-03-01,2016-03-21,2016-04-15,profit_target,long_put,P,1670.000000,2051.600098,25,13.790000,17.590000,0.003144,0.079748,0.150817,2016-04-14,1.000000,237,1665.000000,1675.000000,False,1670.000000,0.079748,0.200000,0.360000,0.270000,100 x 100,2.000000,0.309580,-0.005200,2051.490000,,True,0.280000,0.080000,False,-18.600121
74,exit,2016-03-21,2016-03-01,2016-03-21,2016-04-15,profit_target,short_put,P,1695.000000,2051.600098,25,13.790000,17.590000,0.003144,0.112020,0.150817,2016-04-14,1.000000,237,1690.000000,1700.000000,False,1695.000000,0.112020,0.190000,0.410000,0.300000,100 x 100,12.000000,0.291940,-0.005700,2051.490000,,True,0.300000,0.110000,False,-17.381560
74,exit,2016-03-21,2016-03-01,2016-03-21,2016-04-15,profit_target,short_call,C,2190.000000,2051.600098,25,13.790000,17.590000,0.003144,0.144162,0.150817,2016-04-14,1.000000,237,2180.000000,2200.000000,False,2190.000000,0.144162,0.000000,0.450000,0.170000,0 x 1036,0.000000,0.110420,0.010720,2051.490000,,True,0.225000,0.225000,True,6.745949
74,exit,2016-03-21,2016-03-01,2016-03-21,2016-04-15,profit_target,long_call,C,2215.000000,2051.600098,25,13.790000,17.590000,0.003144,0.025617,0.150817,2016-04-14,1.000000,237,2210.000000,2220.000000,False,,,,,,,,,,,strike 2215 not listed (chain of 237 strikes; nearest 2210 / 2220),False,,,False,7.964510
75,entry,2016-04-05,2016-04-05,2016-04-22,2016-05-20,profit_target,long_put,P,1760.000000,2045.170044,45,15.420000,18.379999,0.002333,5.415685,1.767343,2016-05-19,1.000000,223,1755.000000,1765.000000,False,1760.000000,5.415685,2.550000,3.200000,2.700000,620 x 788,30.000000,0.245680,-0.039110,2045.120000,,True,2.875000,0.325000,False,-13.943586
75,entry,2016-04-05,2016-04-05,2016-04-22,2016-05-20,profit_target,short_put,P,1785.000000,2045.170044,45,15.420000,18.379999,0.002333,6.499727,1.767343,2016-05-19,1.000000,223,1780.000000,1790.000000,False,1785.000000,6.499727,3.200000,3.700000,2.350000,673 x 1,0.000000,0.234990,-0.047570,2045.120000,,True,3.450000,0.250000,False,-12.721194
75,entry,2016-04-05,2016-04-05,2016-04-22,2016-05-20,profit_target,short_call,C,2240.000000,2045.170044,45,15.420000,18.379999,0.002333,1.269336,1.767343,2016-05-19,1.000000,223,2225.000000,2250.000000,False,,,,,,,,,,,strike 2240 not listed (chain of 223 strikes; nearest 2225 / 2250),False,,,False,9.526345
75,entry,2016-04-05,2016-04-05,2016-04-22,2016-05-20,profit_target,long_call,C,2265.000000,2045.170044,45,15.420000,18.379999,0.002333,0.586035,1.767343,2016-05-19,1.000000,223,2250.000000,2300.000000,False,,,,,,,,,,,strike 2265 not listed (chain of 223 strikes; nearest 2250 / 2300),False,,,False,10.748737
75,exit,2016-04-22,2016-04-05,2016-04-22,2016-05-20,profit_target,long_put,P,1760.000000,2091.580078,28,13.220000,16.639999,0.002333,0.334122,0.276514,2016-05-19,1.000000,231,1755.000000,1765.000000,False,1760.000000,0.334122,0.350000,0.560000,0.000000,10 x 200,,0.265300,-0.008510,2091.670000,,True,0.455000,0.105000,False,-15.853090
75,exit,2016-04-22,2016-04-05,2016-04-22,2016-05-20,profit_target,short_put,P,1785.000000,2091.580078,28,13.220000,16.639999,0.002333,0.453949,0.276514,2016-05-19,1.000000,231,1780.000000,1790.000000,False,1785.000000,0.453949,0.400000,0.900000,0.750000,22 x 21,0.000000,0.258650,-0.012330,2091.670000,,True,0.650000,0.250000,False,-14.657822
75,exit,2016-04-22,2016-04-05,2016-04-22,2016-05-20,profit_target,short_call,C,2240.000000,2091.580078,28,13.220000,16.639999,0.002333,0.200452,0.276514,2016-05-19,1.000000,231,2230.000000,2250.000000,False,,,,,,,,,,,strike 2240 not listed (chain of 231 strikes; nearest 2230 / 2250),False,,,False,7.096067
75,exit,2016-04-22,2016-04-05,2016-04-22,2016-05-20,profit_target,long_call,C,2265.000000,2091.580078,28,13.220000,16.639999,0.002333,0.043765,0.276514,2016-05-19,1.000000,231,2250.000000,2275.000000,False,,,,,,,,,,,strike 2265 not listed (chain of 231 strikes; nearest 2250 / 2275),False,,,False,8.291336
76,entry,2016-05-03,2016-05-03,2016-05-20,2016-06-17,profit_target,long_put,P,1810.000000,2063.370117,45,15.600000,18.570000,0.002130,7.207419,2.734190,2016-06-16,1.000000,243,1805.000000,1815.000000,False,1810.000000,7.207419,3.900000,4.600000,4.400000,649 x 858,12.000000,0.235550,-0.056280,2063.400000,,True,4.250000,0.350000,False,-12.279431
76,entry,2016-05-03,2016-05-03,2016-05-20,2016-06-17,profit_target,short_put,P,1835.000000,2063.370117,45,15.600000,18.570000,0.002130,8.652546,2.734190,2016-06-16,1.000000,243,1830.000000,1840.000000,False,1835.000000,8.652546,4.790000,5.500000,5.120000,660 x 672,11.000000,0.225260,-0.069780,2063.400000,,True,5.145000,0.355000,False,-11.067821
76,entry,2016-05-03,2016-05-03,2016-05-20,2016-06-17,profit_target,short_call,C,2235.000000,2063.370117,45,15.600000,18.570000,0.002130,2.665001,2.734190,2016-06-16,1.000000,243,2230.000000,2240.000000,False,2235.000000,2.665001,0.250000,0.650000,0.400000,10 x 10,5.000000,0.110350,0.016380,2063.400000,,True,0.450000,0.200000,False,8.317940
76,entry,2016-05-03,2016-05-03,2016-05-20,2016-06-17,profit_target,long_call,C,2260.000000,2063.370117,45,15.600000,18.570000,0.002130,1.375937,2.734190,2016-06-16,1.000000,243,2250.000000,2275.000000,False,,,,,,,,,,,strike 2260 not listed (chain of 243 strikes; nearest 2250 / 2275),False,,,False,9.529550
76,exit,2016-05-20,2016-05-03,2016-05-20,2016-06-17,profit_target,long_put,P,1810.000000,2052.320068,28,15.200000,18.049999,0.003246,1.618159,0.667901,2016-06-16,1.000000,243,1805.000000,1815.000000,False,1810.000000,1.618159,1.100000,1.550000,1.550000,1094 x 825,91.000000,0.234140,-0.025660,2052.150000,,True,1.325000,0.225000,False,-11.807129
76,exit,2016-05-20,2016-05-03,2016-05-20,2016-06-17,profit_target,short_put,P,1835.000000,2052.320068,28,15.200000,18.049999,0.003246,2.192789,0.667901,2016-06-16,1.000000,243,1830.000000,1840.000000,False,1835.000000,2.192789,1.450000,1.950000,1.950000,783 x 974,13.000000,0.221350,-0.033410,2052.150000,,True,1.700000,0.250000,False,-10.588995
76,exit,2016-05-20,2016-05-03,2016-05-20,2016-06-17,profit_target,short_call,C,2235.000000,2052.320068,28,15.200000,18.049999,0.003246,0.123173,0.667901,2016-06-16,1.000000,243,2230.000000,2240.000000,False,2235.000000,0.123173,0.050000,0.240000,0.000000,50 x 35,,0.125300,0.006080,2052.150000,,True,0.145000,0.095000,False,8.901142
76,exit,2016-05-20,2016-05-03,2016-05-20,2016-06-17,profit_target,long_call,C,2260.000000,2052.320068,28,15.200000,18.049999,0.003246,0.029901,0.667901,2016-06-16,1.000000,243,2250.000000,2275.000000,False,,,,,,,,,,,strike 2260 not listed (chain of 243 strikes; nearest 2250 / 2275),False,,,False,10.119276
77,entry,2016-05-31,2016-05-31,2016-06-24,2016-07-15,dte_exit,long_put,P,1865.000000,2096.949951,45,14.190000,16.629999,0.003449,6.790160,2.679459,2016-07-14,1.000000,209,1860.000000,1870.000000,False,1865.000000,6.790160,3.400000,3.990000,4.350000,803 x 706,30.000000,0.209530,-0.054700,2096.740000,,True,3.695000,0.295000,False,-11.061301
77,entry,2016-05-31,2016-05-31,2016-06-24,2016-07-15,dte_exit,short_put,P,1890.000000,2096.949951,45,14.190000,16.629999,0.003449,8.247350,2.679459,2016-07-14,1.000000,209,1885.000000,1895.000000,False,1890.000000,8.247350,4.200000,4.900000,5.350000,991 x 680,,0.198800,-0.068960,2096.740000,,True,4.550000,0.350000,False,-9.869093
77,entry,2016-05-31,2016-05-31,2016-06-24,2016-07-15,dte_exit,short_call,C,2255.000000,2096.949951,45,14.190000,16.629999,0.003449,2.344856,2.679459,2016-07-14,1.000000,209,2250.000000,2275.000000,False,,,,,,,,,,,strike 2255 not listed (chain of 209 strikes; nearest 2250 / 2275),False,,,False,7.537140
77,entry,2016-05-31,2016-05-31,2016-06-24,2016-07-15,dte_exit,long_call,C,2280.000000,2096.949951,45,14.190000,16.629999,0.003449,1.122588,2.679459,2016-07-14,1.000000,209,2275.000000,2300.000000,False,,,,,,,,,,,strike 2280 not listed (chain of 209 strikes; nearest 2275 / 2300),False,,,False,8.729348
77,exit,2016-06-24,2016-05-31,2016-06-24,2016-07-15,dte_exit,long_put,P,1865.000000,2037.410034,21,25.760000,23.930000,0.002637,11.063161,3.788639,2016-07-14,1.000000,211,1860.000000,1870.000000,False,1865.000000,11.063161,7.510000,8.700000,7.700000,290 x 197,38.000000,0.296480,-0.111480,2037.280000,,True,8.105000,0.595000,False,-8.462216
77,exit,2016-06-24,2016-05-31,2016-06-24,2016-07-15,dte_exit,short_put,P,1890.000000,2037.410034,21,25.760000,23.930000,0.002637,14.069699,3.788639,2016-07-14,1.000000,211,1885.000000,1895.000000,False,1890.000000,14.069699,9.410000,10.890000,9.950000,289 x 569,299.000000,0.280930,-0.140200,2037.280000,,True,10.150000,0.740000,False,-7.235168
77,exit,2016-06-24,2016-05-31,2016-06-24,2016-07-15,dte_exit,short_call,C,2255.000000,2037.410034,21,25.760000,23.930000,0.002637,1.735639,3.788639,2016-07-14,1.000000,211,2250.000000,2275.000000,False,,,,,,,,,,,strike 2255 not listed (chain of 211 strikes; nearest 2250 / 2275),False,,,False,10.679734
77,exit,2016-06-24,2016-05-31,2016-06-24,2016-07-15,dte_exit,long_call,C,2280.000000,2037.410034,21,25.760000,23.930000,0.002637,0.953538,3.788639,2016-07-14,1.000000,211,2275.000000,2300.000000,False,,,,,,,,,,,strike 2280 not listed (chain of 211 strikes; nearest 2275 / 2300),False,,,False,11.906782
78,entry,2016-07-05,2016-07-05,2016-07-27,2016-08-19,profit_target,long_put,P,1780.000000,2088.550049,45,15.580000,18.240000,0.002840,4.882860,1.444983,2016-08-18,1.000000,223,1775.000000,1785.000000,False,1780.000000,4.882860,2.650000,3.300000,3.450000,2 x 12,162.000000,0.259440,-0.038140,2088.170000,,True,2.975000,0.325000,False,-14.773409
78,entry,2016-07-05,2016-07-05,2016-07-27,2016-08-19,profit_target,short_put,P,1805.000000,2088.550049,45,15.580000,18.240000,0.002840,5.829944,1.444983,2016-08-18,1.000000,223,1800.000000,1810.000000,False,1805.000000,5.829944,3.200000,3.910000,3.950000,860 x 842,32.000000,0.248750,-0.045890,2088.170000,,True,3.555000,0.355000,False,-13.576407
78,entry,2016-07-05,2016-07-05,2016-07-27,2016-08-19,profit_target,short_call,C,2300.000000,2088.550049,45,15.580000,18.240000,0.002840,0.901187,1.444983,2016-08-18,1.000000,223,2280.000000,2320.000000,False,2300.000000,0.901187,0.060000,0.560000,0.350000,1214 x 2,12.000000,0.120100,0.010570,2088.170000,,True,0.310000,0.250000,False,10.124246
78,entry,2016-07-05,2016-07-05,2016-07-27,2016-08-19,profit_target,long_call,C,2325.000000,2088.550049,45,15.580000,18.240000,0.002840,0.403287,1.444983,2016-08-18,1.000000,223,2320.000000,2340.000000,False,,,,,,,,,,,strike 2325 not listed (chain of 223 strikes; nearest 2320 / 2340),False,,,False,11.321249
78,exit,2016-07-27,2016-07-05,2016-07-27,2016-08-19,profit_target,long_put,P,1780.000000,2166.580078,23,12.830000,16.100000,0.003144,0.035316,0.075742,2016-08-18,1.000000,233,1775.000000,1785.000000,False,1780.000000,0.035316,0.050000,0.500000,0.000000,1247 x 1231,,0.306430,-0.005110,2167.040000,,True,0.275000,0.225000,False,-17.842871
78,exit,2016-07-27,2016-07-05,2016-07-27,2016-08-19,profit_target,short_put,P,1805.000000,2166.580078,23,12.830000,16.100000,0.003144,0.050889,0.075742,2016-08-18,1.000000,233,1800.000000,1810.000000,False,1805.000000,0.050889,0.110000,0.550000,0.000000,1165 x 1169,,0.292720,-0.005950,2167.040000,,True,0.330000,0.220000,False,-16.688978
78,exit,2016-07-27,2016-07-05,2016-07-27,2016-08-19,profit_target,short_call,C,2300.000000,2166.580078,23,12.830000,16.100000,0.003144,0.068743,0.075742,2016-08-18,1.000000,233,2295.000000,2305.000000,False,2300.000000,0.068743,0.100000,0.560000,0.320000,5 x 1117,11.000000,0.112050,0.014750,2167.040000,,True,0.330000,0.230000,False,6.158089
78,exit,2016-07-27,2016-07-05,2016-07-27,2016-08-19,profit_target,long_call,C,2325.000000,2166.580078,23,12.830000,16.100000,0.003144,0.008574,0.075742,2016-08-18,1.000000,233,2320.000000,2330.000000,False,2325.000000,0.008574,0.100000,0.400000,0.300000,2 x 1034,0.000000,0.124860,0.011280,2167.040000,,True,0.250000,0.150000,False,7.311981
79,entry,2016-08-02,2016-08-02,2016-08-17,2016-09-16,profit_target,long_put,P,1925.000000,2157.030029,45,13.370000,16.389999,0.002941,6.769882,3.299537,2016-09-16,0.000000,244,1920.000000,1930.000000,False,1925.000000,6.769882,3.510000,4.100000,3.950000,791 x 718,263.000000,0.201900,-0.056580,2157.090000,,True,3.805000,0.295000,False,-10.756922
79,entry,2016-08-02,2016-08-02,2016-08-17,2016-09-16,profit_target,short_put,P,1955.000000,2157.030029,45,13.370000,16.389999,0.002941,8.544762,3.299537,2016-09-16,0.000000,244,1950.000000,1960.000000,False,1955.000000,8.544762,4.700000,5.300000,6.000000,588 x 859,95.000000,0.190970,-0.074340,2157.090000,,True,5.000000,0.300000,False,-9.366120
79,entry,2016-08-02,2016-08-02,2016-08-17,2016-09-16,profit_target,short_call,C,2310.000000,2157.030029,45,13.370000,16.389999,0.002941,2.598986,3.299537,2016-09-16,0.000000,244,2305.000000,2315.000000,False,2310.000000,2.598986,0.400000,0.800000,0.540000,49 x 962,42.000000,0.098500,0.021960,2157.090000,,True,0.600000,0.200000,False,7.091694
79,entry,2016-08-02,2016-08-02,2016-08-17,2016-09-16,profit_target,long_call,C,2340.000000,2157.030029,45,13.370000,16.389999,0.002941,1.074329,3.299537,2016-09-16,0.000000,244,2335.000000,2345.000000,False,2340.000000,1.074329,0.250000,0.600000,0.450000,47 x 28,1.000000,0.107750,0.014240,2157.090000,,True,0.425000,0.175000,False,8.482495
79,exit,2016-08-17,2016-08-02,2016-08-17,2016-09-16,profit_target,long_put,P,1925.000000,2182.219971,30,12.190000,15.520000,0.003043,1.055696,0.992789,2016-09-16,0.000000,244,1920.000000,1930.000000,False,1925.000000,1.055696,1.200000,1.590000,1.770000,49 x 789,433.000000,0.221910,-0.025190,2181.860000,,True,1.395000,0.195000,False,-11.787078
79,exit,2016-08-17,2016-08-02,2016-08-17,2016-09-16,profit_target,short_put,P,1955.000000,2182.219971,30,12.190000,15.520000,0.003043,1.517275,0.992789,2016-09-16,0.000000,244,1950.000000,1960.000000,False,1955.000000,1.517275,1.600000,2.000000,2.450000,50 x 744,274.000000,0.207340,-0.033870,2181.860000,,True,1.800000,0.200000,False,-10.412331
79,exit,2016-08-17,2016-08-02,2016-08-17,2016-09-16,profit_target,short_call,C,2310.000000,2182.219971,30,12.190000,15.520000,0.003043,0.676432,0.992789,2016-09-16,0.000000,244,2305.000000,2315.000000,False,2310.000000,0.676432,0.110000,0.550000,0.400000,22 x 815,181.000000,0.092680,0.015650,2181.860000,,True,0.330000,0.220000,False,5.855506
79,exit,2016-08-17,2016-08-02,2016-08-17,2016-09-16,profit_target,long_call,C,2340.000000,2182.219971,30,12.190000,15.520000,0.003043,0.145222,0.992789,2016-09-16,0.000000,244,2335.000000,2345.000000,False,2340.000000,0.145222,0.040000,0.440000,0.200000,10 x 840,178.000000,0.105900,0.011350,2181.860000,,True,0.240000,0.200000,False,7.230253
80,entry,2016-08-17,2016-08-17,2016-08-26,2016-09-16,dte_exit,long_put,P,1995.000000,2182.219971,30,12.190000,15.520000,0.003043,2.499550,1.979609,2016-09-16,0.000000,244,1990.000000,2000.000000,False,1995.000000,2.499550,2.350000,2.800000,3.050000,50 x 791,259.000000,0.187650,-0.050820,2181.860000,,True,2.575000,0.225000,False,-8.579335
80,entry,2016-08-17,2016-08-17,2016-08-26,2016-09-16,dte_exit,short_put,P,2025.000000,2182.219971,30,12.190000,15.520000,0.003043,3.679231,1.979609,2016-09-16,0.000000,244,2020.000000,2030.000000,False,2025.000000,3.679231,3.190000,3.810000,3.800000,52 x 666,704.000000,0.173760,-0.070020,2181.860000,,True,3.500000,0.310000,False,-7.204589
80,entry,2016-08-17,2016-08-17,2016-08-26,2016-09-16,dte_exit,short_call,C,2300.000000,2182.219971,30,12.190000,15.520000,0.003043,1.051914,1.979609,2016-09-16,0.000000,244,2295.000000,2305.000000,False,2300.000000,1.051914,0.300000,0.490000,0.400000,5 x 55,828.000000,0.089710,0.019400,2181.860000,,True,0.395000,0.095000,False,5.397257
80,entry,2016-08-17,2016-08-17,2016-08-26,2016-09-16,dte_exit,long_call,C,2330.000000,2182.219971,30,12.190000,15.520000,0.003043,0.251986,1.979609,2016-09-16,0.000000,244,2325.000000,2335.000000,False,2330.000000,0.251986,0.060000,0.500000,0.250000,957 x 818,178.000000,0.101960,0.012160,2181.860000,,True,0.280000,0.220000,False,6.772004
80,exit,2016-08-26,2016-08-17,2016-08-26,2016-09-16,dte_exit,long_put,P,1995.000000,2169.040039,21,13.650000,16.240000,0.003347,0.970791,0.808051,2016-09-16,0.000000,244,1990.000000,2000.000000,False,1995.000000,0.970791,1.510000,2.150000,2.590000,953 x 758,37.000000,0.198990,-0.042180,2169.360000,,True,1.830000,0.320000,False,-8.023828
80,exit,2016-08-26,2016-08-17,2016-08-26,2016-09-16,dte_exit,short_put,P,2025.000000,2169.040039,21,13.650000,16.240000,0.003347,1.684021,0.808051,2016-09-16,0.000000,244,2020.000000,2030.000000,False,2025.000000,1.684021,2.240000,3.000000,2.860000,873 x 862,891.000000,0.182610,-0.061030,2169.360000,,True,2.620000,0.380000,False,-6.640728
80,exit,2016-08-26,2016-08-17,2016-08-26,2016-09-16,dte_exit,short_call,C,2300.000000,2169.040039,21,13.650000,16.240000,0.003347,0.104825,0.808051,2016-09-16,0.000000,244,2295.000000,2305.000000,False,2300.000000,0.104825,0.100000,0.250000,0.170000,32 x 50,362.000000,0.102010,0.009330,2169.360000,,True,0.175000,0.075000,False,6.037692
80,exit,2016-08-26,2016-08-17,2016-08-26,2016-09-16,dte_exit,long_call,C,2330.000000,2169.040039,21,13.650000,16.240000,0.003347,0.010004,0.808051,2016-09-16,0.000000,244,2325.000000,2335.000000,False,2330.000000,0.010004,0.000000,0.350000,0.000000,0 x 22,,0.121800,0.008210,2169.360000,,True,0.175000,0.175000,True,7.420793
81,entry,2016-09-06,2016-09-06,2016-09-22,2016-10-21,profit_target,long_put,P,1970.000000,2186.479980,45,12.020000,15.560000,0.003246,6.611483,3.527044,2016-10-21,0.000000,236,1965.000000,1975.000000,False,1970.000000,6.611483,3.400000,4.000000,3.700000,717 x 885,45.000000,0.187420,-0.057650,2186.500000,,True,3.700000,0.300000,False,-9.900844
81,entry,2016-09-06,2016-09-06,2016-09-22,2016-10-21,profit_target,short_put,P,2000.000000,2186.479980,45,12.020000,15.560000,0.003246,8.436553,3.527044,2016-10-21,0.000000,236,1995.000000,2005.000000,False,2000.000000,8.436553,4.500000,5.200000,5.000000,720 x 745,,0.175340,-0.076550,2186.500000,,True,4.850000,0.350000,False,-8.528776
81,entry,2016-09-06,2016-09-06,2016-09-22,2016-10-21,profit_target,short_call,C,2325.000000,2186.479980,45,12.020000,15.560000,0.003246,2.832619,3.527044,2016-10-21,0.000000,236,2320.000000,2330.000000,False,2325.000000,2.832619,0.200000,0.710000,0.550000,1072 x 1082,,0.085980,0.018860,2186.500000,,True,0.455000,0.255000,False,6.335298
81,entry,2016-09-06,2016-09-06,2016-09-22,2016-10-21,profit_target,long_call,C,2355.000000,2186.479980,45,12.020000,15.560000,0.003246,1.130644,3.527044,2016-10-21,0.000000,236,2350.000000,2360.000000,False,2355.000000,1.130644,0.160000,0.610000,0.000000,12 x 963,,0.097910,0.013740,2186.500000,,True,0.385000,0.225000,False,7.707366
81,exit,2016-09-22,2016-09-06,2016-09-22,2016-10-21,profit_target,long_put,P,1970.000000,2177.179932,29,12.020000,15.940000,0.001825,1.574435,0.907687,2016-10-21,0.000000,236,1965.000000,1975.000000,False,1970.000000,1.574435,1.250000,1.700000,1.400000,901 x 64,240.000000,0.186990,-0.032260,2176.860000,,True,1.475000,0.225000,False,-9.515977
81,exit,2016-09-22,2016-09-06,2016-09-22,2016-10-21,profit_target,short_put,P,2000.000000,2177.179932,29,12.020000,15.940000,0.001825,2.349346,0.907687,2016-10-21,0.000000,236,1995.000000,2005.000000,False,2000.000000,2.349346,2.010000,2.550000,2.250000,55 x 759,,0.176890,-0.048630,2176.860000,,True,2.280000,0.270000,False,-8.138047
81,exit,2016-09-22,2016-09-06,2016-09-22,2016-10-21,profit_target,short_call,C,2325.000000,2177.179932,29,12.020000,15.940000,0.001825,0.153620,0.907687,2016-10-21,0.000000,236,2320.000000,2330.000000,False,2325.000000,0.153620,0.050000,0.210000,0.100000,65 x 52,102.000000,0.094320,0.006180,2176.860000,,True,0.130000,0.080000,False,6.789520
81,exit,2016-09-22,2016-09-06,2016-09-22,2016-10-21,profit_target,long_call,C,2355.000000,2177.179932,29,12.020000,15.940000,0.001825,0.020844,0.907687,2016-10-21,0.000000,236,2350.000000,2360.000000,False,2355.000000,0.020844,0.050000,0.150000,0.050000,65 x 50,0.000000,0.107830,0.004970,2176.860000,,True,0.100000,0.050000,False,8.167449
82,entry,2016-10-04,2016-10-04,2016-10-21,2016-11-18,profit_target,long_put,P,1900.000000,2150.489990,45,13.630000,16.469999,0.003347,5.984259,2.732510,2016-11-18,0.000000,237,1895.000000,1905.000000,False,1900.000000,5.984259,3.500000,4.300000,4.000000,579 x 706,,0.218500,-0.053850,2150.520000,,True,3.900000,0.400000,False,-11.648043
82,entry,2016-10-04,2016-10-04,2016-10-21,2016-11-18,profit_target,short_put,P,1930.000000,2150.489990,45,13.630000,16.469999,0.003347,7.523462,2.732510,2016-11-18,0.000000,237,1925.000000,1935.000000,False,1930.000000,7.523462,4.900000,5.700000,5.150000,385 x 787,102.000000,0.209780,-0.072060,2150.520000,,True,5.300000,0.400000,False,-10.253012
82,entry,2016-10-04,2016-10-04,2016-10-21,2016-11-18,profit_target,short_call,C,2315.000000,2150.489990,45,13.630000,16.469999,0.003347,1.976628,2.732510,2016-11-18,0.000000,237,2310.000000,2320.000000,False,2315.000000,1.976628,0.000000,0.400000,0.250000,0 x 1224,0.000000,0.089930,0.008530,2150.520000,,True,0.200000,0.200000,True,7.649885
82,entry,2016-10-04,2016-10-04,2016-10-21,2016-11-18,profit_target,long_call,C,2345.000000,2150.489990,45,13.630000,16.469999,0.003347,0.783321,2.732510,2016-11-18,0.000000,237,2340.000000,2350.000000,False,2345.000000,0.783321,0.000000,0.240000,0.150000,0 x 1245,32.000000,0.097140,0.004890,2150.520000,,True,0.120000,0.120000,True,9.044916
82,exit,2016-10-21,2016-10-04,2016-10-21,2016-11-18,profit_target,long_put,P,1900.000000,2141.159912,28,13.340000,16.040001,0.003347,1.211419,0.625622,2016-11-18,0.000000,237,1895.000000,1905.000000,False,1900.000000,1.211419,0.850000,1.450000,1.150000,1036 x 1097,,0.212390,-0.023320,2141.000000,,True,1.150000,0.300000,False,-11.263050
82,exit,2016-10-21,2016-10-04,2016-10-21,2016-11-18,profit_target,short_put,P,1930.000000,2141.159912,28,13.340000,16.040001,0.003347,1.775772,0.625622,2016-11-18,0.000000,237,1925.000000,1935.000000,False,1930.000000,1.775772,1.410000,1.950000,1.640000,581 x 758,341.000000,0.200410,-0.034220,2141.000000,,True,1.680000,0.270000,False,-9.861940
82,exit,2016-10-21,2016-10-04,2016-10-21,2016-11-18,profit_target,short_call,C,2315.000000,2141.159912,28,13.340000,16.040001,0.003347,0.070498,0.625622,2016-11-18,0.000000,237,2310.000000,2320.000000,False,2315.000000,0.070498,0.000000,0.140000,0.180000,0 x 26,0.000000,0.106870,0.004100,2141.000000,,True,0.070000,0.070000,True,8.118968
82,exit,2016-10-21,2016-10-04,2016-10-21,2016-11-18,profit_target,long_call,C,2345.000000,2141.159912,28,13.340000,16.040001,0.003347,0.009229,0.625622,2016-11-18,0.000000,237,2340.000000,2350.000000,False,2345.000000,0.009229,0.000000,0.160000,0.000000,0 x 25,,0.121670,0.003390,2141.000000,,True,0.080000,0.080000,True,9.520078
83,entry,2016-11-01,2016-11-01,2016-11-18,2016-12-16,profit_target,long_put,P,1810.000000,2111.719971,45,18.559999,18.740000,0.003550,6.816476,2.198230,2016-12-16,0.000000,242,1805.000000,1815.000000,False,1810.000000,6.816476,4.200000,5.000000,4.280000,688 x 962,7.000000,0.268590,-0.052130,2111.740000,,True,4.600000,0.400000,False,-14.287878
83,entry,2016-11-01,2016-11-01,2016-11-18,2016-12-16,profit_target,short_put,P,1835.000000,2111.719971,45,18.559999,18.740000,0.003550,8.054760,2.198230,2016-12-16,0.000000,242,1830.000000,1840.000000,False,1835.000000,8.054760,5.090000,6.010000,6.400000,622 x 963,50.000000,0.258830,-0.063470,2111.740000,,True,5.550000,0.460000,False,-13.104009
83,entry,2016-11-01,2016-11-01,2016-11-18,2016-12-16,profit_target,short_call,C,2320.000000,2111.719971,45,18.559999,18.740000,0.003550,2.054498,2.198230,2016-12-16,0.000000,242,2315.000000,2325.000000,False,2320.000000,2.054498,0.160000,0.450000,0.300000,34 x 11,2.000000,0.118140,0.010230,2111.740000,,True,0.305000,0.145000,False,9.863052
83,entry,2016-11-01,2016-11-01,2016-11-18,2016-12-16,profit_target,long_call,C,2345.000000,2111.719971,45,18.559999,18.740000,0.003550,1.094553,2.198230,2016-12-16,0.000000,242,2340.000000,2350.000000,False,2345.000000,1.094553,0.050000,0.490000,0.250000,198 x 1482,1.000000,0.127870,0.009070,2111.740000,,True,0.270000,0.220000,False,11.046921
83,exit,2016-11-18,2016-11-01,2016-11-18,2016-12-16,profit_target,long_put,P,1810.000000,2181.899902,28,12.850000,15.520000,0.004362,0.233602,0.385917,2016-12-16,0.000000,245,1805.000000,1815.000000,False,1810.000000,0.233602,0.300000,0.700000,0.440000,10 x 10,8.000000,0.281500,-0.008900,2182.050000,,True,0.500000,0.200000,False,-17.044774
83,exit,2016-11-18,2016-11-01,2016-11-18,2016-12-16,profit_target,short_put,P,1835.000000,2181.899902,28,12.850000,15.520000,0.004362,0.312700,0.385917,2016-12-16,0.000000,245,1830.000000,1840.000000,False,1835.000000,0.312700,0.260000,0.750000,0.550000,10 x 55,2.000000,0.262770,-0.008990,2182.050000,,True,0.505000,0.245000,False,-15.898983
83,exit,2016-11-18,2016-11-01,2016-11-18,2016-12-16,profit_target,short_call,C,2320.000000,2181.899902,28,12.850000,15.520000,0.004362,0.414281,0.385917,2016-12-16,0.000000,245,2315.000000,2325.000000,False,2320.000000,0.414281,0.200000,0.590000,0.500000,10 x 10,0.000000,0.104460,0.017950,2182.050000,,True,0.395000,0.195000,False,6.329351
83,exit,2016-11-18,2016-11-01,2016-11-18,2016-12-16,profit_target,long_call,C,2345.000000,2181.899902,28,12.850000,15.520000,0.004362,0.107463,0.385917,2016-12-16,0.000000,245,2340.000000,2350.000000,False,2345.000000,0.107463,0.140000,0.500000,0.000000,110 x 48,,0.116320,0.013370,2182.050000,,True,0.320000,0.180000,False,7.475141
84,entry,2016-12-06,2016-12-06,2016-12-28,2017-01-20,profit_target,long_put,P,2000.000000,2212.229980,45,11.790000,15.480000,0.004971,6.840678,3.646101,2017-01-20,0.000000,266,1995.000000,2005.000000,False,2000.000000,6.840678,2.990000,3.700000,3.250000,1070 x 1245,,0.178650,-0.054760,2212.230000,,True,3.345000,0.355000,False,-9.593486
84,entry,2016-12-06,2016-12-06,2016-12-28,2017-01-20,profit_target,short_put,P,2030.000000,2212.229980,45,11.790000,15.480000,0.004971,8.730021,3.646101,2017-01-20,0.000000,266,2025.000000,2035.000000,False,2030.000000,8.730021,4.000000,4.800000,4.300000,1042 x 1158,84.000000,0.166630,-0.073790,2212.230000,,True,4.400000,0.400000,False,-8.237389
84,entry,2016-12-06,2016-12-06,2016-12-28,2017-01-20,profit_target,short_call,C,2350.000000,2212.229980,45,11.790000,15.480000,0.004971,2.938129,3.646101,2017-01-20,0.000000,266,2345.000000,2355.000000,False,2350.000000,2.938129,0.760000,1.350000,1.020000,1090 x 1175,,0.096390,0.035320,2212.230000,,True,1.055000,0.295000,False,6.227654
84,entry,2016-12-06,2016-12-06,2016-12-28,2017-01-20,profit_target,long_call,C,2380.000000,2212.229980,45,11.790000,15.480000,0.004971,1.181371,3.646101,2017-01-20,0.000000,266,2375.000000,2385.000000,False,2380.000000,1.181371,0.500000,0.900000,0.000000,10 x 55,,0.104840,0.023050,2212.230000,,True,0.700000,0.200000,False,7.583751
84,exit,2016-12-28,2016-12-06,2016-12-28,2017-01-20,profit_target,long_put,P,2000.000000,2249.919922,23,12.950000,15.930000,0.005276,0.384801,0.973061,2017-01-20,0.000000,272,1995.000000,2005.000000,False,2000.000000,0.384801,0.500000,1.040000,0.850000,1346 x 54,338.000000,0.218420,-0.016740,2249.920000,,True,0.770000,0.270000,False,-11.107947
84,exit,2016-12-28,2016-12-06,2016-12-28,2017-01-20,profit_target,short_put,P,2030.000000,2249.919922,23,12.950000,15.930000,0.005276,0.616466,0.973061,2017-01-20,0.000000,272,2025.000000,2035.000000,False,2030.000000,0.616466,0.810000,1.290000,0.900000,54 x 54,1.000000,0.204200,-0.023550,2249.920000,,True,1.050000,0.240000,False,-9.774567
84,exit,2016-12-28,2016-12-06,2016-12-28,2017-01-20,profit_target,short_call,C,2350.000000,2249.919922,23,12.950000,15.930000,0.005276,0.913076,0.973061,2017-01-20,0.000000,272,2345.000000,2355.000000,False,2350.000000,0.913076,0.600000,0.950000,0.700000,69 x 10,,0.094680,0.035760,2249.920000,,True,0.775000,0.175000,False,4.448162
84,exit,2016-12-28,2016-12-06,2016-12-28,2017-01-20,profit_target,long_call,C,2380.000000,2249.919922,23,12.950000,15.930000,0.005276,0.171680,0.973061,2017-01-20,0.000000,272,2375.000000,2385.000000,False,2380.000000,0.171680,0.190000,0.560000,0.390000,55 x 78,6.000000,0.104060,0.017890,2249.920000,,True,0.375000,0.185000,False,5.781543
85,entry,2017-01-03,2017-01-03,2017-01-17,2017-02-17,profit_target,long_put,P,2025.000000,2257.830078,45,12.850000,15.560000,0.005377,6.733219,3.301098,2017-02-17,0.000000,246,2020.000000,2030.000000,False,2025.000000,6.733219,3.300000,3.910000,3.700000,627 x 1,,0.190590,-0.054050,2257.440000,,True,3.605000,0.305000,False,-10.312117
85,entry,2017-01-03,2017-01-03,2017-01-17,2017-02-17,profit_target,short_put,P,2055.000000,2257.830078,45,12.850000,15.560000,0.005377,8.478415,3.301098,2017-02-17,0.000000,246,2050.000000,2060.000000,False,2055.000000,8.478415,4.400000,5.100000,5.650000,513 x 59,14.000000,0.181270,-0.071980,2257.440000,,True,4.750000,0.350000,False,-8.983408
85,entry,2017-01-03,2017-01-03,2017-01-17,2017-02-17,profit_target,short_call,C,2410.000000,2257.830078,45,12.850000,15.560000,0.005377,2.652042,3.301098,2017-02-17,0.000000,246,2405.000000,2415.000000,False,2410.000000,2.652042,0.450000,1.000000,0.700000,771 x 56,32.000000,0.096130,0.024990,2257.440000,,True,0.725000,0.275000,False,6.739653
85,entry,2017-01-03,2017-01-03,2017-01-17,2017-02-17,profit_target,long_call,C,2440.000000,2257.830078,45,12.850000,15.560000,0.005377,1.096141,3.301098,2017-02-17,0.000000,246,2435.000000,2445.000000,False,2440.000000,1.096141,0.140000,0.700000,0.450000,836 x 55,6.000000,0.102710,0.014760,2257.440000,,True,0.420000,0.280000,False,8.068363
85,exit,2017-01-17,2017-01-03,2017-01-17,2017-02-17,profit_target,long_put,P,2025.000000,2267.889893,31,11.870000,14.890000,0.005479,1.522144,1.008122,2017-02-17,0.000000,246,2020.000000,2030.000000,False,2025.000000,1.522144,1.460000,1.750000,1.650000,731 x 1,302.000000,0.203440,-0.029620,2267.690000,,True,1.605000,0.145000,False,-10.709951
85,exit,2017-01-17,2017-01-03,2017-01-17,2017-02-17,profit_target,short_put,P,2055.000000,2267.889893,31,11.870000,14.890000,0.005479,2.157018,1.008122,2017-02-17,0.000000,246,2050.000000,2060.000000,False,2055.000000,2.157018,1.860000,2.510000,2.250000,843 x 10,14.000000,0.191120,-0.040750,2267.690000,,True,2.185000,0.325000,False,-9.387135
85,exit,2017-01-17,2017-01-03,2017-01-17,2017-02-17,profit_target,short_call,C,2410.000000,2267.889893,31,11.870000,14.890000,0.005479,0.470776,1.008122,2017-02-17,0.000000,246,2405.000000,2415.000000,False,2410.000000,0.470776,0.050000,0.550000,0.550000,14 x 55,4.000000,0.095450,0.013940,2267.690000,,True,0.300000,0.250000,False,6.266182
85,exit,2017-01-17,2017-01-03,2017-01-17,2017-02-17,profit_target,long_call,C,2440.000000,2267.889893,31,11.870000,14.890000,0.005479,0.097527,1.008122,2017-02-17,0.000000,246,2435.000000,2445.000000,False,2440.000000,0.097527,0.050000,0.450000,0.000000,10 x 55,,0.108330,0.010430,2267.690000,,True,0.250000,0.200000,False,7.588998
86,entry,2017-01-17,2017-01-17,2017-01-26,2017-02-17,profit_target,long_put,P,2080.000000,2267.889893,31,11.870000,14.890000,0.005479,2.905869,2.299226,2017-02-17,0.000000,246,2075.000000,2085.000000,False,2080.000000,2.905869,2.450000,3.100000,2.790000,577 x 10,327.000000,0.180550,-0.053090,2267.690000,,True,2.775000,0.325000,False,-8.284789
86,entry,2017-01-17,2017-01-17,2017-01-26,2017-02-17,profit_target,short_put,P,2110.000000,2267.889893,31,11.870000,14.890000,0.005479,4.193735,2.299226,2017-02-17,0.000000,246,2105.000000,2115.000000,False,2110.000000,4.193735,3.300000,4.100000,3.800000,577 x 569,134.000000,0.166380,-0.073370,2267.690000,,True,3.700000,0.400000,False,-6.961973
86,entry,2017-01-17,2017-01-17,2017-01-26,2017-02-17,profit_target,short_call,C,2385.000000,2267.889893,31,11.870000,14.890000,0.005479,1.381863,2.299226,2017-02-17,0.000000,246,2380.000000,2390.000000,False,2385.000000,1.381863,0.200000,0.800000,0.460000,933 x 63,9.000000,0.087640,0.022840,2267.690000,,True,0.500000,0.300000,False,5.163836
86,entry,2017-01-17,2017-01-17,2017-01-26,2017-02-17,profit_target,long_call,C,2415.000000,2267.889893,31,11.870000,14.890000,0.005479,0.370504,2.299226,2017-02-17,0.000000,246,2410.000000,2420.000000,False,2415.000000,0.370504,0.040000,0.550000,0.500000,10 x 55,9.000000,0.097480,0.012860,2267.690000,,True,0.295000,0.255000,False,6.486651
86,exit,2017-01-26,2017-01-17,2017-01-26,2017-02-17,profit_target,long_put,P,2080.000000,2296.679932,22,10.630000,13.630000,0.005073,0.178247,0.392079,2017-02-17,0.000000,252,2075.000000,2085.000000,False,2080.000000,0.178247,0.660000,1.140000,0.850000,522 x 521,208.000000,0.195590,-0.021300,2296.680000,,True,0.900000,0.240000,False,-9.434485
86,exit,2017-01-26,2017-01-17,2017-01-26,2017-02-17,profit_target,short_put,P,2110.000000,2296.679932,22,10.630000,13.630000,0.005073,0.319397,0.392079,2017-02-17,0.000000,252,2105.000000,2115.000000,False,2110.000000,0.319397,0.910000,1.400000,1.050000,525 x 517,3.000000,0.178440,-0.028780,2296.680000,,True,1.155000,0.245000,False,-8.128252
86,exit,2017-01-26,2017-01-17,2017-01-26,2017-02-17,profit_target,short_call,C,2385.000000,2296.679932,22,10.630000,13.630000,0.005073,0.269318,0.392079,2017-02-17,0.000000,252,2380.000000,2390.000000,False,2385.000000,0.269318,0.550000,1.050000,0.950000,453 x 62,74.000000,0.086810,0.040260,2296.680000,,True,0.800000,0.250000,False,3.845554
86,exit,2017-01-26,2017-01-17,2017-01-26,2017-02-17,profit_target,long_call,C,2415.000000,2296.679932,22,10.630000,13.630000,0.005073,0.018389,0.392079,2017-02-17,0.000000,252,2410.000000,2420.000000,False,2415.000000,0.018389,0.200000,0.640000,0.000000,1524 x 69,,0.098800,0.020830,2296.680000,,True,0.420000,0.220000,False,5.151787
87,entry,2017-01-31,2017-01-31,2017-02-24,2017-03-17,dte_exit,long_put,P,2055.000000,2278.870117,45,11.990000,14.480000,0.005276,6.199806,3.079578,2017-03-17,0.000000,249,2050.000000,2060.000000,False,2055.000000,6.199806,3.690000,4.300000,3.990000,1082 x 920,122.000000,0.187390,-0.059490,2278.980000,,True,3.995000,0.305000,False,-9.823733
87,entry,2017-01-31,2017-01-31,2017-02-24,2017-03-17,dte_exit,short_put,P,2085.000000,2278.870117,45,11.990000,14.480000,0.005276,7.885680,3.079578,2017-03-17,0.000000,249,2080.000000,2090.000000,False,2085.000000,7.885680,4.700000,5.100000,5.800000,879 x 1,59.000000,0.173840,-0.075760,2278.980000,,True,4.900000,0.200000,False,-8.507291
87,entry,2017-01-31,2017-01-31,2017-02-24,2017-03-17,dte_exit,short_call,C,2425.000000,2278.870117,45,11.990000,14.480000,0.005276,2.246494,3.079578,2017-03-17,0.000000,249,2420.000000,2430.000000,False,2425.000000,2.246494,0.600000,1.000000,0.780000,964 x 54,,0.094410,0.027960,2278.980000,,True,0.800000,0.200000,False,6.412383
87,entry,2017-01-31,2017-01-31,2017-02-24,2017-03-17,dte_exit,long_call,C,2455.000000,2278.870117,45,11.990000,14.480000,0.005276,0.852790,3.079578,2017-03-17,0.000000,249,2450.000000,2460.000000,False,2455.000000,0.852790,0.300000,0.750000,0.000000,862 x 11,,0.101680,0.017670,2278.980000,,True,0.525000,0.225000,False,7.728825
87,exit,2017-02-24,2017-01-31,2017-02-24,2017-03-17,dte_exit,long_put,P,2055.000000,2367.340088,21,11.470000,14.760000,0.005174,0.032871,1.828917,2017-03-17,0.000000,260,2050.000000,2060.000000,False,2055.000000,0.032871,0.560000,0.840000,0.800000,55 x 38,5.000000,0.260040,-0.013270,2366.940000,,True,0.700000,0.140000,False,-13.193714
87,exit,2017-02-24,2017-01-31,2017-02-24,2017-03-17,dte_exit,short_put,P,2085.000000,2367.340088,21,11.470000,14.760000,0.005174,0.055265,1.828917,2017-03-17,0.000000,260,2080.000000,2090.000000,False,2085.000000,0.055265,0.650000,1.050000,0.950000,54 x 57,10.000000,0.243200,-0.016060,2366.940000,,True,0.850000,0.200000,False,-11.926469
87,exit,2017-02-24,2017-01-31,2017-02-24,2017-03-17,dte_exit,short_call,C,2425.000000,2367.340088,21,11.470000,14.760000,0.005174,2.158162,1.828917,2017-03-17,0.000000,260,2420.000000,2430.000000,False,2425.000000,2.158162,1.390000,2.150000,1.780000,57 x 678,153.000000,0.076810,0.086730,2366.940000,,True,1.770000,0.380000,False,2.435641
87,exit,2017-02-24,2017-01-31,2017-02-24,2017-03-17,dte_exit,long_call,C,2455.000000,2367.340088,21,11.470000,14.760000,0.005174,0.351640,1.828917,2017-03-17,0.000000,260,2450.000000,2460.000000,False,2455.000000,0.351640,0.250000,0.750000,0.450000,57 x 57,53.000000,0.080780,0.027570,2366.940000,,True,0.500000,0.250000,False,3.702886
88,entry,2017-03-07,2017-03-07,2017-03-27,2017-04-21,profit_target,long_put,P,2150.000000,2368.389893,45,11.450000,14.410000,0.007611,6.761955,3.503501,2017-04-21,0.000000,249,2145.000000,2155.000000,False,2150.000000,6.761955,3.000000,3.500000,3.290000,854 x 49,,0.169080,-0.053290,2368.090000,,True,3.250000,0.250000,False,-9.221028
88,entry,2017-03-07,2017-03-07,2017-03-27,2017-04-21,profit_target,short_put,P,2180.000000,2368.389893,45,11.450000,14.410000,0.007611,8.573440,3.503501,2017-04-21,0.000000,249,2175.000000,2185.000000,False,2180.000000,8.573440,3.790000,4.390000,3.900000,780 x 602,8.000000,0.157150,-0.068870,2368.090000,,True,4.090000,0.300000,False,-7.954345
88,entry,2017-03-07,2017-03-07,2017-03-27,2017-04-21,profit_target,short_call,C,2510.000000,2368.389893,45,11.450000,14.410000,0.007611,2.829536,3.503501,2017-04-21,0.000000,249,2505.000000,2515.000000,False,2510.000000,2.829536,0.450000,0.960000,0.750000,755 x 54,114.000000,0.086090,0.025610,2368.090000,,True,0.705000,0.255000,False,5.979172
88,entry,2017-03-07,2017-03-07,2017-03-27,2017-04-21,profit_target,long_call,C,2540.000000,2368.389893,45,11.450000,14.410000,0.007611,1.137519,3.503501,2017-04-21,0.000000,249,2535.000000,2545.000000,False,2540.000000,1.137519,0.190000,0.560000,0.500000,11 x 11,0.000000,0.091540,0.013980,2368.090000,,True,0.375000,0.185000,False,7.245855
88,exit,2017-03-27,2017-03-07,2017-03-27,2017-04-21,profit_target,long_put,P,2150.000000,2341.590088,25,12.500000,14.230000,0.007815,1.731517,0.984507,2017-04-21,0.000000,249,2145.000000,2155.000000,False,2150.000000,1.731517,1.700000,2.360000,1.850000,54 x 54,,0.186790,-0.042330,2341.660000,,True,2.030000,0.330000,False,-8.182051
88,exit,2017-03-27,2017-03-07,2017-03-27,2017-04-21,profit_target,short_put,P,2180.000000,2341.590088,25,12.500000,14.230000,0.007815,2.664128,0.984507,2017-04-21,0.000000,249,2175.000000,2185.000000,False,2180.000000,2.664128,2.090000,2.850000,2.450000,54 x 54,136.000000,0.168930,-0.054960,2341.660000,,True,2.470000,0.380000,False,-6.900870
88,exit,2017-03-27,2017-03-07,2017-03-27,2017-04-21,profit_target,short_call,C,2510.000000,2341.590088,25,12.500000,14.230000,0.007815,0.058703,0.984507,2017-04-21,0.000000,249,2505.000000,2515.000000,False,2510.000000,0.058703,0.000000,0.360000,0.200000,0 x 10,0.000000,0.107710,0.008340,2341.660000,,True,0.180000,0.180000,True,7.192118
88,exit,2017-03-27,2017-03-07,2017-03-27,2017-04-21,profit_target,long_call,C,2540.000000,2341.590088,25,12.500000,14.230000,0.007815,0.006808,0.984507,2017-04-21,0.000000,249,2535.000000,2545.000000,False,2540.000000,0.006808,0.000000,0.200000,0.000000,0 x 35,,0.116030,0.004180,2341.660000,,True,0.100000,0.100000,True,8.473298
89,entry,2017-04-04,2017-04-04,2017-04-24,2017-05-19,profit_target,long_put,P,2135.000000,2360.159912,45,11.790000,13.370000,0.007916,5.854016,2.944703,2017-05-19,0.000000,216,2130.000000,2140.000000,False,2135.000000,5.854016,3.300000,4.110000,4.900000,915 x 850,0.000000,0.178970,-0.056890,2359.960000,,True,3.705000,0.405000,False,-9.540028
89,entry,2017-04-04,2017-04-04,2017-04-24,2017-05-19,profit_target,short_put,P,2165.000000,2360.159912,45,11.790000,13.370000,0.007916,7.449511,2.944703,2017-05-19,0.000000,216,2160.000000,2170.000000,False,2165.000000,7.449511,4.300000,5.100000,5.000000,698 x 693,7.000000,0.167400,-0.072860,2359.960000,,True,4.700000,0.400000,False,-8.268928
89,entry,2017-04-04,2017-04-04,2017-04-24,2017-05-19,profit_target,short_call,C,2505.000000,2360.159912,45,11.790000,13.370000,0.007916,2.137554,2.944703,2017-05-19,0.000000,216,2500.000000,2510.000000,False,2505.000000,2.137554,0.240000,0.750000,0.500000,10 x 36,9.000000,0.083820,0.020130,2359.960000,,True,0.495000,0.255000,False,6.136876
89,entry,2017-04-04,2017-04-04,2017-04-24,2017-05-19,profit_target,long_call,C,2535.000000,2360.159912,45,11.790000,13.370000,0.007916,0.788346,2.944703,2017-05-19,0.000000,216,2530.000000,2540.000000,False,2535.000000,0.788346,0.050000,0.590000,0.400000,806 x 55,0.000000,0.090990,0.012580,2359.960000,,True,0.320000,0.270000,False,7.407976
89,exit,2017-04-24,2017-04-04,2017-04-24,2017-05-19,profit_target,long_put,P,2135.000000,2374.149902,25,10.840000,12.900000,0.008119,0.495541,0.400487,2017-05-19,0.000000,216,2130.000000,2140.000000,False,2135.000000,0.495541,1.100000,1.400000,1.270000,164 x 184,253.000000,0.202720,-0.024860,2374.020000,,True,1.250000,0.150000,False,-10.073075
89,exit,2017-04-24,2017-04-04,2017-04-24,2017-05-19,profit_target,short_put,P,2165.000000,2374.149902,25,10.840000,12.900000,0.008119,0.777542,0.400487,2017-05-19,0.000000,216,2160.000000,2170.000000,False,2165.000000,0.777542,1.300000,1.600000,1.510000,570 x 164,60.000000,0.184960,-0.031660,2374.020000,,True,1.450000,0.150000,False,-8.809465
89,exit,2017-04-24,2017-04-04,2017-04-24,2017-05-19,profit_target,short_call,C,2505.000000,2374.149902,25,10.840000,12.900000,0.008119,0.131822,0.400487,2017-05-19,0.000000,216,2500.000000,2510.000000,False,2505.000000,0.131822,0.110000,0.350000,0.220000,130 x 172,1.000000,0.091190,0.011210,2374.020000,,True,0.230000,0.120000,False,5.511451
89,exit,2017-04-24,2017-04-04,2017-04-24,2017-05-19,profit_target,long_call,C,2535.000000,2374.149902,25,10.840000,12.900000,0.008119,0.013335,0.400487,2017-05-19,0.000000,216,2530.000000,2540.000000,False,2535.000000,0.013335,0.060000,0.300000,0.000000,181 x 150,,0.104610,0.008230,2374.020000,,True,0.180000,0.120000,False,6.775061
90,entry,2017-05-02,2017-05-02,2017-05-22,2017-06-16,profit_target,long_put,P,2185.000000,2391.169922,45,10.590000,12.830000,0.008221,5.939803,3.147285,2017-06-16,0.000000,241,2180.000000,2190.000000,False,2185.000000,5.939803,3.600000,4.000000,3.900000,177 x 187,24.000000,0.162510,-0.062630,2390.840000,,True,3.800000,0.200000,False,-8.622136
90,entry,2017-05-02,2017-05-02,2017-05-22,2017-06-16,profit_target,short_put,P,2215.000000,2391.169922,45,10.590000,12.830000,0.008221,7.654544,3.147285,2017-06-16,0.000000,241,2210.000000,2220.000000,False,2215.000000,7.654544,4.600000,5.100000,4.650000,164 x 818,5.000000,0.150980,-0.081700,2390.840000,,True,4.850000,0.250000,False,-7.367520
90,entry,2017-05-02,2017-05-02,2017-05-22,2017-06-16,profit_target,short_call,C,2525.000000,2391.169922,45,10.590000,12.830000,0.008221,2.209107,3.147285,2017-06-16,0.000000,241,2520.000000,2530.000000,False,2525.000000,2.209107,0.450000,0.800000,0.500000,176 x 184,,0.081650,0.023700,2390.840000,,True,0.625000,0.175000,False,5.596845
90,entry,2017-05-02,2017-05-02,2017-05-22,2017-06-16,profit_target,long_call,C,2555.000000,2391.169922,45,10.590000,12.830000,0.008221,0.776564,3.147285,2017-06-16,0.000000,241,2550.000000,2560.000000,False,2555.000000,0.776564,0.250000,0.490000,0.400000,54 x 177,6.000000,0.089450,0.014380,2390.840000,,True,0.370000,0.120000,False,6.851461
90,exit,2017-05-22,2017-05-02,2017-05-22,2017-06-16,profit_target,long_put,P,2185.000000,2394.020020,25,10.930000,12.960000,0.009339,0.834074,0.628238,2017-06-16,0.000000,241,2180.000000,2190.000000,False,2185.000000,0.834074,1.400000,1.640000,1.630000,204 x 164,16.000000,0.185210,-0.031870,2393.890000,,True,1.520000,0.120000,False,-8.730922
90,exit,2017-05-22,2017-05-02,2017-05-22,2017-06-16,profit_target,short_put,P,2215.000000,2394.020020,25,10.930000,12.960000,0.009339,1.321786,0.628238,2017-06-16,0.000000,241,2210.000000,2220.000000,False,2215.000000,1.321786,1.800000,2.090000,2.000000,214 x 184,24.000000,0.169920,-0.043500,2393.890000,,True,1.945000,0.145000,False,-7.477800
90,exit,2017-05-22,2017-05-02,2017-05-22,2017-06-16,profit_target,short_call,C,2525.000000,2394.020020,25,10.930000,12.960000,0.009339,0.158096,0.628238,2017-06-16,0.000000,241,2520.000000,2530.000000,False,2525.000000,0.158096,0.140000,0.250000,0.190000,1 x 140,,0.088450,0.010290,2393.890000,,True,0.195000,0.055000,False,5.471131
90,exit,2017-05-22,2017-05-02,2017-05-22,2017-06-16,profit_target,long_call,C,2555.000000,2394.020020,25,10.930000,12.960000,0.009339,0.017570,0.628238,2017-06-16,0.000000,241,2550.000000,2560.000000,False,2555.000000,0.017570,0.100000,0.200000,0.000000,1 x 143,,0.101430,0.006930,2393.890000,,True,0.150000,0.050000,False,6.724254
91,entry,2017-06-06,2017-06-06,2017-06-22,2017-07-21,profit_target,long_put,P,2220.000000,2429.330078,45,10.450000,13.080000,0.009745,6.098837,3.229714,2017-07-21,0.000000,211,2215.000000,2225.000000,False,2220.000000,6.098837,3.900000,4.300000,4.000000,759 x 170,916.000000,0.169640,-0.063490,2429.410000,,True,4.100000,0.200000,False,-8.616782
91,entry,2017-06-06,2017-06-06,2017-06-22,2017-07-21,profit_target,short_put,P,2250.000000,2429.330078,45,10.450000,13.080000,0.009745,7.820372,3.229714,2017-07-21,0.000000,211,2245.000000,2255.000000,False,2250.000000,7.820372,5.000000,5.400000,5.200000,538 x 190,,0.158450,-0.081420,2429.410000,,True,5.200000,0.200000,False,-7.381874
91,entry,2017-06-06,2017-06-06,2017-06-22,2017-07-21,profit_target,short_call,C,2565.000000,2429.330078,45,10.450000,13.080000,0.009745,2.371934,3.229714,2017-07-21,0.000000,211,2560.000000,2570.000000,False,2565.000000,2.371934,0.740000,1.000000,1.000000,164 x 184,15.000000,0.082140,0.031720,2429.410000,,True,0.870000,0.130000,False,5.584664
91,entry,2017-06-06,2017-06-06,2017-06-22,2017-07-21,profit_target,long_call,C,2595.000000,2429.330078,45,10.450000,13.080000,0.009745,0.863755,3.229714,2017-07-21,0.000000,211,2590.000000,2600.000000,False,2595.000000,0.863755,0.450000,0.700000,0.600000,185 x 140,2.000000,0.090290,0.020770,2429.410000,,True,0.575000,0.125000,False,6.819572
91,exit,2017-06-22,2017-06-06,2017-06-22,2017-07-21,profit_target,long_put,P,2220.000000,2434.500000,29,10.480000,12.620000,0.009542,1.357095,0.956375,2017-07-21,0.000000,214,2215.000000,2225.000000,False,2220.000000,1.357095,1.550000,2.010000,1.790000,194 x 54,9.000000,0.178990,-0.034760,2434.720000,,True,1.780000,0.230000,False,-8.810844
91,exit,2017-06-22,2017-06-06,2017-06-22,2017-07-21,profit_target,short_put,P,2250.000000,2434.500000,29,10.480000,12.620000,0.009542,2.010679,0.956375,2017-07-21,0.000000,214,2245.000000,2255.000000,False,2250.000000,2.010679,2.000000,2.510000,2.250000,194 x 174,,0.164990,-0.046120,2434.720000,,True,2.255000,0.255000,False,-7.578558
91,exit,2017-06-22,2017-06-06,2017-06-22,2017-07-21,profit_target,short_call,C,2565.000000,2434.500000,29,10.480000,12.620000,0.009542,0.361393,0.956375,2017-07-21,0.000000,214,2560.000000,2570.000000,False,2565.000000,0.361393,0.140000,0.350000,0.250000,1 x 130,0.000000,0.082610,0.012980,2434.720000,,True,0.245000,0.105000,False,5.360444
91,exit,2017-06-22,2017-06-06,2017-06-22,2017-07-21,profit_target,long_call,C,2595.000000,2434.500000,29,10.480000,12.620000,0.009542,0.058601,0.956375,2017-07-21,0.000000,214,2590.000000,2600.000000,False,2595.000000,0.058601,0.050000,0.350000,0.000000,25 x 150,,0.094740,0.009530,2434.720000,,True,0.200000,0.150000,False,6.592730
92,entry,2017-07-05,2017-07-05,2017-07-21,2017-08-18,profit_target,long_put,P,2215.000000,2432.540039,44,11.070000,13.310000,0.010457,5.875413,3.021782,2017-08-18,0.000000,202,2210.000000,2220.000000,False,2215.000000,5.875413,3.890000,4.200000,4.620000,184 x 164,41.000000,0.172390,-0.062390,2432.550000,,True,4.045000,0.155000,False,-8.942917
92,entry,2017-07-05,2017-07-05,2017-07-21,2017-08-18,profit_target,short_put,P,2245.000000,2432.540039,44,11.070000,13.310000,0.010457,7.518954,3.021782,2017-08-18,0.000000,202,2240.000000,2250.000000,False,2245.000000,7.518954,4.800000,5.200000,5.100000,214 x 194,24.000000,0.159870,-0.079550,2432.550000,,True,5.000000,0.200000,False,-7.709638
92,entry,2017-07-05,2017-07-05,2017-07-21,2017-08-18,profit_target,short_call,C,2575.000000,2432.540039,44,11.070000,13.310000,0.010457,2.173088,3.021782,2017-08-18,0.000000,202,2570.000000,2580.000000,False,2575.000000,2.173088,0.300000,0.490000,0.000000,122 x 120,,0.079330,0.016600,2432.550000,,True,0.395000,0.095000,False,5.856428
92,entry,2017-07-05,2017-07-05,2017-07-21,2017-08-18,profit_target,long_call,C,2605.000000,2432.540039,44,11.070000,13.310000,0.010457,0.794847,3.021782,2017-08-18,0.000000,202,2600.000000,2610.000000,False,2605.000000,0.794847,0.160000,0.400000,0.350000,130 x 142,0.000000,0.087600,0.010860,2432.550000,,True,0.280000,0.120000,False,7.089707
92,exit,2017-07-21,2017-07-05,2017-07-21,2017-08-18,profit_target,long_put,P,2215.000000,2472.540039,28,9.360000,12.060000,0.011575,0.432692,0.735577,2017-08-18,0.000000,204,2210.000000,2220.000000,False,2215.000000,0.432692,1.000000,1.200000,1.300000,164 x 184,0.000000,0.192360,-0.021490,2472.320000,,True,1.100000,0.100000,False,-10.416011
92,exit,2017-07-21,2017-07-05,2017-07-21,2017-08-18,profit_target,short_put,P,2245.000000,2472.540039,28,9.360000,12.060000,0.011575,0.650784,0.735577,2017-08-18,0.000000,204,2240.000000,2250.000000,False,2245.000000,0.650784,1.250000,1.450000,1.580000,164 x 164,0.000000,0.178530,-0.027780,2472.320000,,True,1.350000,0.100000,False,-9.202684
92,exit,2017-07-21,2017-07-05,2017-07-21,2017-08-18,profit_target,short_call,C,2575.000000,2472.540039,28,9.360000,12.060000,0.011575,0.605766,0.735577,2017-08-18,0.000000,204,2570.000000,2580.000000,False,2575.000000,0.605766,0.150000,0.360000,0.320000,215 x 165,7.000000,0.069350,0.015030,2472.320000,,True,0.255000,0.105000,False,4.143915
92,exit,2017-07-21,2017-07-05,2017-07-21,2017-08-18,profit_target,long_call,C,2605.000000,2472.540039,28,9.360000,12.060000,0.011575,0.088281,0.735577,2017-08-18,0.000000,204,2600.000000,2610.000000,False,2605.000000,0.088281,0.040000,0.250000,0.000000,160 x 120,,0.079730,0.008580,2472.320000,,True,0.145000,0.105000,False,5.357242
93,entry,2017-08-01,2017-08-01,2017-08-22,2017-09-15,profit_target,long_put,P,2270.000000,2476.350098,45,10.090000,12.400000,0.010762,5.839155,3.109684,2017-09-15,0.000000,228,2265.000000,2275.000000,False,2270.000000,5.839155,3.900000,4.200000,4.150000,120 x 170,21.000000,0.158340,-0.064810,2476.120000,,True,4.050000,0.150000,False,-8.332832
93,entry,2017-08-01,2017-08-01,2017-08-22,2017-09-15,profit_target,short_put,P,2300.000000,2476.350098,45,10.090000,12.400000,0.010762,7.517571,3.109684,2017-09-15,0.000000,228,2295.000000,2305.000000,False,2300.000000,7.517571,4.800000,5.100000,5.100000,120 x 150,,0.145890,-0.082580,2476.120000,,True,4.950000,0.150000,False,-7.121372
93,entry,2017-08-01,2017-08-01,2017-08-22,2017-09-15,profit_target,short_call,C,2610.000000,2476.350098,45,10.090000,12.400000,0.010762,2.197421,3.109684,2017-09-15,0.000000,228,2605.000000,2615.000000,False,2610.000000,2.197421,0.350000,0.550000,0.560000,140 x 120,0.000000,0.075360,0.018660,2476.120000,,True,0.450000,0.100000,False,5.397052
93,entry,2017-08-01,2017-08-01,2017-08-22,2017-09-15,profit_target,long_call,C,2640.000000,2476.350098,45,10.090000,12.400000,0.010762,0.766153,3.109684,2017-09-15,0.000000,228,2635.000000,2645.000000,False,2640.000000,0.766153,0.200000,0.410000,0.000000,150 x 120,,0.083990,0.012310,2476.120000,,True,0.305000,0.105000,False,6.608512
93,exit,2017-08-22,2017-08-01,2017-08-22,2017-09-15,profit_target,long_put,P,2270.000000,2452.510010,24,11.350000,13.630000,0.010050,1.272037,0.806988,2017-09-15,0.000000,228,2265.000000,2275.000000,False,2270.000000,1.272037,1.800000,2.040000,1.850000,120 x 140,80.000000,0.172310,-0.042390,2452.490000,,True,1.920000,0.120000,False,-7.441764
93,exit,2017-08-22,2017-08-01,2017-08-22,2017-09-15,profit_target,short_put,P,2300.000000,2452.510010,24,11.350000,13.630000,0.010050,2.050723,0.806988,2017-09-15,0.000000,228,2295.000000,2305.000000,False,2300.000000,2.050723,2.450000,2.750000,2.600000,154 x 160,,0.157390,-0.059290,2452.490000,,True,2.600000,0.150000,False,-6.218528
93,exit,2017-08-22,2017-08-01,2017-08-22,2017-09-15,profit_target,short_call,C,2610.000000,2452.510010,24,11.350000,13.630000,0.010050,0.030586,0.806988,2017-09-15,0.000000,228,2605.000000,2615.000000,False,2610.000000,0.030586,0.000000,0.160000,0.100000,0 x 145,0.000000,0.090090,0.004340,2452.490000,,True,0.080000,0.080000,True,6.421584
93,exit,2017-08-22,2017-08-01,2017-08-22,2017-09-15,profit_target,long_call,C,2640.000000,2452.510010,24,11.350000,13.630000,0.010050,0.002285,0.806988,2017-09-15,0.000000,228,2635.000000,2645.000000,False,2640.000000,0.002285,0.000000,0.240000,0.000000,0 x 713,,0.111390,0.005980,2452.490000,,True,0.120000,0.120000,True,7.644821
94,entry,2017-09-05,2017-09-05,2017-09-21,2017-10-20,profit_target,long_put,P,2215.000000,2457.850098,45,12.230000,14.580000,0.010253,6.701889,3.225345,2017-10-20,0.000000,204,2210.000000,2220.000000,False,2215.000000,6.701889,4.710000,5.110000,4.100000,170 x 200,1.000000,0.197000,-0.064090,2457.860000,,True,4.910000,0.200000,False,-9.880590
94,entry,2017-09-05,2017-09-05,2017-09-21,2017-10-20,profit_target,short_put,P,2245.000000,2457.850098,45,12.230000,14.580000,0.010253,8.358186,3.225345,2017-10-20,0.000000,204,2240.000000,2250.000000,False,2245.000000,8.358186,5.810000,6.300000,6.790000,230 x 180,48.000000,0.186500,-0.079910,2457.860000,,True,6.055000,0.245000,False,-8.660011
94,entry,2017-09-05,2017-09-05,2017-09-21,2017-10-20,profit_target,short_call,C,2615.000000,2457.850098,45,12.230000,14.580000,0.010253,2.714692,3.225345,2017-10-20,0.000000,204,2610.000000,2620.000000,False,2615.000000,2.714692,0.200000,0.450000,0.000000,180 x 200,,0.078190,0.013650,2457.860000,,True,0.325000,0.125000,False,6.393795
94,entry,2017-09-05,2017-09-05,2017-09-21,2017-10-20,profit_target,long_call,C,2645.000000,2457.850098,45,12.230000,14.580000,0.010253,1.145645,3.225345,2017-10-20,0.000000,204,2640.000000,2650.000000,False,2645.000000,1.145645,0.110000,0.360000,0.290000,190 x 200,26.000000,0.086870,0.008940,2457.860000,,True,0.235000,0.125000,False,7.614374
94,exit,2017-09-21,2017-09-05,2017-09-21,2017-10-20,profit_target,long_put,P,2215.000000,2500.600098,29,9.670000,12.660000,0.010355,0.448079,0.650177,2017-10-20,0.000000,208,2210.000000,2220.000000,False,2215.000000,0.448079,1.110000,1.300000,1.230000,180 x 200,15.000000,0.211990,-0.020500,2500.890000,,True,1.205000,0.095000,False,-11.421262
94,exit,2017-09-21,2017-09-05,2017-09-21,2017-10-20,profit_target,short_put,P,2245.000000,2500.600098,29,9.670000,12.660000,0.010355,0.648831,0.650177,2017-10-20,0.000000,208,2240.000000,2250.000000,False,2245.000000,0.648831,1.300000,1.500000,1.600000,220 x 180,0.000000,0.195800,-0.026040,2500.890000,,True,1.400000,0.100000,False,-10.221550
94,exit,2017-09-21,2017-09-05,2017-09-21,2017-10-20,profit_target,short_call,C,2615.000000,2500.600098,29,9.670000,12.660000,0.010355,0.535848,0.650177,2017-10-20,0.000000,208,2610.000000,2620.000000,False,2615.000000,0.535848,0.160000,0.310000,0.390000,180 x 180,0.000000,0.069970,0.013410,2500.890000,,True,0.235000,0.075000,False,4.574898
94,exit,2017-09-21,2017-09-05,2017-09-21,2017-10-20,profit_target,long_call,C,2645.000000,2500.600098,29,9.670000,12.660000,0.010355,0.086423,0.650177,2017-10-20,0.000000,208,2640.000000,2650.000000,False,2645.000000,0.086423,0.040000,0.250000,0.200000,320 x 200,0.000000,0.080470,0.008290,2500.890000,,True,0.145000,0.105000,False,5.774610
95,entry,2017-10-03,2017-10-03,2017-10-25,2017-11-17,profit_target,long_put,P,2330.000000,2534.580078,45,9.510000,12.310000,0.010660,5.894396,3.961360,2017-11-17,0.000000,207,2325.000000,2335.000000,False,2330.000000,5.894396,3.800000,4.200000,4.100000,310 x 280,28.000000,0.155680,-0.064390,2534.690000,,True,4.000000,0.200000,False,-8.071557
95,entry,2017-10-03,2017-10-03,2017-10-25,2017-11-17,profit_target,short_put,P,2365.000000,2534.580078,45,9.510000,12.310000,0.010660,7.923641,3.961360,2017-11-17,0.000000,207,2360.000000,2370.000000,False,2365.000000,7.923641,5.010000,5.410000,5.230000,260 x 210,35.000000,0.142300,-0.086170,2534.690000,,True,5.210000,0.200000,False,-6.690658
95,entry,2017-10-03,2017-10-03,2017-10-25,2017-11-17,profit_target,short_call,C,2660.000000,2534.580078,45,9.510000,12.310000,0.010660,2.768212,3.961360,2017-11-17,0.000000,207,2655.000000,2665.000000,False,2660.000000,2.768212,0.750000,0.950000,0.790000,180 x 280,10.000000,0.075460,0.032440,2534.690000,,True,0.850000,0.100000,False,4.948351
95,entry,2017-10-03,2017-10-03,2017-10-25,2017-11-17,profit_target,long_call,C,2695.000000,2534.580078,45,9.510000,12.310000,0.010660,0.836097,3.961360,2017-11-17,0.000000,207,2690.000000,2700.000000,False,,,,,,,,,,,strike 2695 not listed (chain of 207 strikes; nearest 2690 / 2700),False,,,False,6.329250
95,exit,2017-10-25,2017-10-03,2017-10-25,2017-11-17,profit_target,long_put,P,2330.000000,2557.149902,23,11.230000,12.950000,0.011168,0.658716,1.334650,2017-11-17,0.000000,221,2325.000000,2335.000000,False,2330.000000,0.658716,2.100000,2.350000,2.650000,220 x 180,9.000000,0.210200,-0.039900,2557.210000,,True,2.225000,0.125000,False,-8.882933
95,exit,2017-10-25,2017-10-03,2017-10-25,2017-11-17,profit_target,short_put,P,2365.000000,2557.149902,23,11.230000,12.950000,0.011168,1.126927,1.334650,2017-11-17,0.000000,221,2360.000000,2370.000000,False,2365.000000,1.126927,2.800000,3.100000,3.700000,180 x 300,5.000000,0.193000,-0.053840,2557.210000,,True,2.950000,0.150000,False,-7.514221
95,exit,2017-10-25,2017-10-03,2017-10-25,2017-11-17,profit_target,short_call,C,2660.000000,2557.149902,23,11.230000,12.950000,0.011168,1.020010,1.334650,2017-11-17,0.000000,221,2655.000000,2665.000000,False,2660.000000,1.020010,0.260000,0.400000,0.380000,200 x 180,109.000000,0.073880,0.018580,2557.210000,,True,0.330000,0.070000,False,4.022060
95,exit,2017-10-25,2017-10-03,2017-10-25,2017-11-17,profit_target,long_call,C,2695.000000,2557.149902,23,11.230000,12.950000,0.011168,0.153570,1.334650,2017-11-17,0.000000,221,2690.000000,2700.000000,False,2695.000000,0.153570,0.110000,0.300000,0.180000,230 x 240,100.000000,0.088450,0.010190,2557.210000,,True,0.205000,0.095000,False,5.390771
96,entry,2017-10-31,2017-10-31,2017-11-20,2017-12-15,profit_target,long_put,P,2355.000000,2575.260010,45,10.180000,12.380000,0.011473,5.825886,3.484641,2017-12-15,0.000000,240,2350.000000,2360.000000,False,2355.000000,5.825886,4.200000,4.510000,5.150000,300 x 180,0.000000,0.165560,-0.064570,2575.150000,,True,4.355000,0.155000,False,-8.552923
96,entry,2017-10-31,2017-10-31,2017-11-20,2017-12-15,profit_target,short_put,P,2390.000000,2575.260010,45,10.180000,12.380000,0.011473,7.722128,3.484641,2017-12-15,0.000000,240,2385.000000,2395.000000,False,2390.000000,7.722128,5.410000,5.700000,5.830000,240 x 180,46.000000,0.152260,-0.085440,2575.150000,,True,5.555000,0.145000,False,-7.193837
96,entry,2017-10-31,2017-10-31,2017-11-20,2017-12-15,profit_target,short_call,C,2715.000000,2575.260010,45,10.180000,12.380000,0.011473,2.278345,3.484641,2017-12-15,0.000000,240,2710.000000,2720.000000,False,2715.000000,2.278345,0.550000,0.750000,0.620000,280 x 220,57.000000,0.078590,0.023870,2575.150000,,True,0.650000,0.100000,False,5.426248
96,entry,2017-10-31,2017-10-31,2017-11-20,2017-12-15,profit_target,long_call,C,2750.000000,2575.260010,45,10.180000,12.380000,0.011473,0.689946,3.484641,2017-12-15,0.000000,240,2745.000000,2755.000000,False,2750.000000,0.689946,0.300000,0.490000,0.430000,300 x 200,2.000000,0.086890,0.013970,2575.150000,,True,0.395000,0.095000,False,6.785334
96,exit,2017-11-20,2017-10-31,2017-11-20,2017-12-15,profit_target,long_put,P,2355.000000,2582.139893,25,10.650000,13.280000,0.012999,0.706564,0.638757,2017-12-15,0.000000,244,2350.000000,2360.000000,False,2355.000000,0.706564,1.600000,1.790000,1.730000,300 x 320,49.000000,0.188530,-0.032890,2582.350000,,True,1.695000,0.095000,False,-8.796576
96,exit,2017-11-20,2017-10-31,2017-11-20,2017-12-15,profit_target,short_put,P,2390.000000,2582.139893,25,10.650000,13.280000,0.012999,1.180843,0.638757,2017-12-15,0.000000,244,2385.000000,2395.000000,False,2390.000000,1.180843,2.100000,2.290000,2.110000,280 x 260,65.000000,0.171510,-0.044710,2582.350000,,True,2.195000,0.095000,False,-7.441111
96,exit,2017-11-20,2017-10-31,2017-11-20,2017-12-15,profit_target,short_call,C,2715.000000,2582.139893,25,10.650000,13.280000,0.012999,0.178805,0.638757,2017-12-15,0.000000,244,2710.000000,2720.000000,False,2715.000000,0.178805,0.300000,0.450000,0.330000,200 x 330,398.000000,0.089640,0.017050,2582.350000,,True,0.375000,0.075000,False,5.145349
96,exit,2017-11-20,2017-10-31,2017-11-20,2017-12-15,profit_target,long_call,C,2750.000000,2582.139893,25,10.650000,13.280000,0.012999,0.014328,0.638757,2017-12-15,0.000000,244,2745.000000,2755.000000,False,2750.000000,0.014328,0.150000,0.310000,0.250000,200 x 320,657.000000,0.101210,0.009790,2582.350000,,True,0.230000,0.080000,False,6.500814
97,entry,2017-12-05,2017-12-05,2017-12-26,2018-01-19,profit_target,long_put,P,2385.000000,2629.570068,45,11.330000,13.540000,0.012999,6.526227,3.670032,2018-01-19,0.000000,251,2380.000000,2390.000000,False,2385.000000,6.526227,4.100000,4.490000,3.650000,360 x 250,100.000000,0.178970,-0.058900,2629.550000,,True,4.295000,0.195000,False,-9.300763
97,entry,2017-12-05,2017-12-05,2017-12-26,2018-01-19,profit_target,short_put,P,2420.000000,2629.570068,45,11.330000,13.540000,0.012999,8.424935,3.670032,2018-01-19,0.000000,251,2415.000000,2425.000000,False,2420.000000,8.424935,5.100000,5.500000,4.650000,260 x 190,1.000000,0.165340,-0.075280,2629.550000,,True,5.300000,0.200000,False,-7.969746
97,entry,2017-12-05,2017-12-05,2017-12-26,2018-01-19,profit_target,short_call,C,2785.000000,2629.570068,45,11.330000,13.540000,0.012999,2.756619,3.670032,2018-01-19,0.000000,251,2780.000000,2790.000000,False,2785.000000,2.756619,0.340000,0.550000,0.000000,180 x 180,,0.076130,0.017870,2629.550000,,True,0.445000,0.105000,False,5.910850
97,entry,2017-12-05,2017-12-05,2017-12-26,2018-01-19,profit_target,long_call,C,2820.000000,2629.570068,45,11.330000,13.540000,0.012999,0.985295,3.670032,2018-01-19,0.000000,251,2815.000000,2825.000000,False,2820.000000,0.985295,0.150000,0.350000,0.000000,210 x 180,,0.083740,0.009530,2629.550000,,True,0.250000,0.100000,False,7.241866
97,exit,2017-12-26,2017-12-05,2017-12-26,2018-01-19,profit_target,long_put,P,2385.000000,2680.500000,24,10.250000,12.620000,0.014728,0.215226,0.750480,2018-01-19,0.000000,260,2380.000000,2390.000000,False,2385.000000,0.215226,1.050000,1.300000,1.350000,200 x 200,0.000000,0.220840,-0.020450,2680.420000,,True,1.175000,0.125000,False,-11.024063
97,exit,2017-12-26,2017-12-05,2017-12-26,2018-01-19,profit_target,short_put,P,2420.000000,2680.500000,24,10.250000,12.620000,0.014728,0.352415,0.750480,2018-01-19,0.000000,260,2415.000000,2425.000000,False,2420.000000,0.352415,1.300000,1.610000,1.450000,180 x 250,1.000000,0.204450,-0.026280,2680.420000,,True,1.455000,0.155000,False,-9.718336
97,exit,2017-12-26,2017-12-05,2017-12-26,2018-01-19,profit_target,short_call,C,2785.000000,2680.500000,24,10.250000,12.620000,0.014728,0.694847,0.750480,2018-01-19,0.000000,260,2780.000000,2790.000000,False,2785.000000,0.694847,0.090000,0.390000,0.450000,210 x 210,0.000000,0.067110,0.015050,2680.420000,,True,0.240000,0.150000,False,3.898526
97,exit,2017-12-26,2017-12-05,2017-12-26,2018-01-19,profit_target,long_call,C,2820.000000,2680.500000,24,10.250000,12.620000,0.014728,0.081557,0.750480,2018-01-19,0.000000,260,2815.000000,2825.000000,False,2820.000000,0.081557,0.050000,0.310000,0.180000,50 x 210,0.000000,0.082100,0.009260,2680.420000,,True,0.180000,0.130000,False,5.204253
98,entry,2018-01-02,2018-01-02,2018-01-26,2018-02-16,dte_exit,long_put,P,2475.000000,2695.810059,45,9.770000,12.610000,0.014423,6.406844,3.950214,2018-02-16,0.000000,225,2470.000000,2480.000000,False,2475.000000,6.406844,4.000000,4.400000,4.500000,220 x 180,,0.156050,-0.063360,2695.870000,,True,4.200000,0.200000,False,-8.190861
98,entry,2018-01-02,2018-01-02,2018-01-26,2018-02-16,dte_exit,short_put,P,2510.000000,2695.810059,45,9.770000,12.610000,0.014423,8.414136,3.950214,2018-02-16,0.000000,225,2505.000000,2515.000000,False,2510.000000,8.414136,5.110000,5.510000,5.800000,180 x 180,79.000000,0.143490,-0.083540,2695.870000,,True,5.310000,0.200000,False,-6.892550
98,entry,2018-01-02,2018-01-02,2018-01-26,2018-02-16,dte_exit,short_call,C,2835.000000,2695.810059,45,9.770000,12.610000,0.014423,2.920744,3.950214,2018-02-16,0.000000,225,2830.000000,2840.000000,False,2835.000000,2.920744,0.250000,0.510000,0.000000,200 x 200,,0.069550,0.015900,2695.870000,,True,0.380000,0.130000,False,5.163195
98,entry,2018-01-02,2018-01-02,2018-01-26,2018-02-16,dte_exit,long_call,C,2870.000000,2695.810059,45,9.770000,12.610000,0.014423,0.977822,3.950214,2018-02-16,0.000000,225,2865.000000,2880.000000,False,2870.000000,0.977822,0.090000,0.350000,0.300000,210 x 200,4.000000,0.077280,0.008770,2695.870000,,True,0.220000,0.130000,False,6.461506
98,exit,2018-01-26,2018-01-02,2018-01-26,2018-02-16,dte_exit,long_put,P,2475.000000,2872.870117,21,11.080000,13.460000,0.014118,0.040225,23.925462,2018-02-16,0.000000,260,2470.000000,2480.000000,False,2475.000000,0.040225,0.310000,0.490000,0.400000,220 x 210,40.000000,0.248030,-0.006430,2872.110000,,True,0.400000,0.090000,False,-13.849220
98,exit,2018-01-26,2018-01-02,2018-01-26,2018-02-16,dte_exit,short_put,P,2510.000000,2872.870117,21,11.080000,13.460000,0.014118,0.065053,23.925462,2018-02-16,0.000000,260,2505.000000,2515.000000,False,2510.000000,0.065053,0.450000,0.640000,0.550000,200 x 210,61.000000,0.236350,-0.010020,2872.110000,,True,0.545000,0.095000,False,-12.630927
98,exit,2018-01-26,2018-01-02,2018-01-26,2018-02-16,dte_exit,short_call,C,2835.000000,2872.870117,21,11.080000,13.460000,0.014118,50.847907,23.925462,2018-02-16,0.000000,260,2830.000000,2840.000000,False,2835.000000,50.847907,47.300000,51.600000,49.450000,5 x 4,125.000000,0.100770,0.699800,2872.110000,,True,49.450000,2.150000,False,-1.318198
98,exit,2018-01-26,2018-01-02,2018-01-26,2018-02-16,dte_exit,long_call,C,2870.000000,2872.870117,21,11.080000,13.460000,0.014118,26.947273,23.925462,2018-02-16,0.000000,260,2865.000000,2875.000000,False,2870.000000,26.947273,26.100000,27.200000,25.600000,160 x 200,,0.093460,0.507920,2872.110000,,True,26.650000,0.550000,False,-0.099904
99,entry,2018-01-30,2018-01-30,2018-02-23,2018-03-16,dte_exit,long_put,P,2495.000000,2822.429932,45,14.790000,15.830000,0.014423,7.901549,3.351411,2018-03-16,0.000000,246,2490.000000,2500.000000,False,2495.000000,7.901549,4.800000,5.210000,3.200000,220 x 200,0.000000,0.218200,-0.052330,2822.660000,,True,5.005000,0.205000,False,-11.600994
99,entry,2018-01-30,2018-01-30,2018-02-23,2018-03-16,dte_exit,short_put,P,2530.000000,2822.429932,45,14.790000,15.830000,0.014423,9.667336,3.351411,2018-03-16,0.000000,246,2525.000000,2535.000000,False,2530.000000,9.667336,5.800000,6.210000,6.420000,180 x 180,41.000000,0.206420,-0.064180,2822.660000,,True,6.005000,0.205000,False,-10.360928
99,entry,2018-01-30,2018-01-30,2018-02-23,2018-03-16,dte_exit,short_call,C,3040.000000,2822.429932,45,14.790000,15.830000,0.014423,2.906307,3.351411,2018-03-16,0.000000,246,3035.000000,3045.000000,False,3040.000000,2.906307,1.050000,1.450000,1.140000,180 x 180,16.000000,0.110700,0.029560,2822.660000,,True,1.250000,0.200000,False,7.708608
99,entry,2018-01-30,2018-01-30,2018-02-23,2018-03-16,dte_exit,long_call,C,3075.000000,2822.429932,45,14.790000,15.830000,0.014423,1.320682,3.351411,2018-03-16,0.000000,246,3070.000000,3080.000000,False,,,,,,,,,,,strike 3075 not listed (chain of 246 strikes; nearest 3070 / 3080),False,,,False,8.948675
99,exit,2018-02-23,2018-01-30,2018-02-23,2018-03-16,dte_exit,long_put,P,2495.000000,2747.300049,21,16.490000,17.500000,0.016357,2.431983,1.199271,2018-03-16,0.000000,280,2490.000000,2500.000000,False,2495.000000,2.431983,2.900000,3.190000,3.600000,180 x 686,2.000000,0.235640,-0.045090,2747.760000,,True,3.045000,0.145000,False,-9.183564
99,exit,2018-02-23,2018-01-30,2018-02-23,2018-03-16,dte_exit,short_put,P,2530.000000,2747.300049,21,16.490000,17.500000,0.016357,3.623100,1.199271,2018-03-16,0.000000,280,2525.000000,2535.000000,False,2530.000000,3.623100,3.700000,3.990000,5.710000,180 x 200,134.000000,0.218590,-0.059680,2747.760000,,True,3.845000,0.145000,False,-7.909586
99,exit,2018-02-23,2018-01-30,2018-02-23,2018-03-16,dte_exit,short_call,C,3040.000000,2747.300049,21,16.490000,17.500000,0.016357,0.009381,1.199271,2018-03-16,0.000000,280,3035.000000,3045.000000,False,3040.000000,0.009381,0.000000,0.190000,0.000000,0 x 200,,0.150630,0.003490,2747.760000,,True,0.095000,0.095000,True,10.654095
99,exit,2018-02-23,2018-01-30,2018-02-23,2018-03-16,dte_exit,long_call,C,3075.000000,2747.300049,21,16.490000,17.500000,0.016357,0.001226,1.199271,2018-03-16,0.000000,280,3070.000000,3080.000000,False,,,,,,,,,,,strike 3075 not listed (chain of 280 strikes; nearest 3070 / 3080),False,,,False,11.928073
100,entry,2018-03-06,2018-03-06,2018-04-02,2018-04-20,dte_exit,long_put,P,2195.000000,2728.120117,45,18.360001,19.240000,0.016764,4.211011,1.009815,2018-04-20,0.000000,273,2190.000000,2200.000000,False,2195.000000,4.211011,3.800000,4.110000,4.470000,220 x 180,3.000000,0.334610,-0.030390,2728.180000,,True,3.955000,0.155000,False,-19.541666
100,entry,2018-03-06,2018-03-06,2018-04-02,2018-04-20,dte_exit,short_put,P,2230.000000,2728.120117,45,18.360001,19.240000,0.016764,5.018556,1.009815,2018-04-20,0.000000,273,2225.000000,2235.000000,False,2230.000000,5.018556,4.290000,4.610000,4.500000,230 x 220,60.000000,0.320160,-0.034980,2728.180000,,True,4.450000,0.160000,False,-18.258731
100,entry,2018-03-06,2018-03-06,2018-04-02,2018-04-20,dte_exit,short_call,C,3100.000000,2728.120117,45,18.360001,19.240000,0.016764,0.330682,1.009815,2018-04-20,0.000000,273,3090.000000,3110.000000,False,3100.000000,0.330682,0.150000,0.350000,0.250000,204 x 200,0.000000,0.143470,0.005690,2728.180000,,True,0.250000,0.100000,False,13.631360
100,entry,2018-03-06,2018-03-06,2018-04-02,2018-04-20,dte_exit,long_call,C,3135.000000,2728.120117,45,18.360001,19.240000,0.016764,0.128412,1.009815,2018-04-20,0.000000,273,3130.000000,3140.000000,False,,,,,,,,,,,strike 3135 not listed (chain of 273 strikes; nearest 3130 / 3140),False,,,False,14.914295
100,exit,2018-04-02,2018-03-06,2018-04-02,2018-04-20,dte_exit,long_put,P,2195.000000,2581.879883,18,23.620001,22.570000,0.017681,1.648857,0.676045,2018-04-20,0.000000,278,2190.000000,2200.000000,False,2195.000000,1.648857,1.600000,1.990000,0.000000,60 x 10,,0.355930,-0.022460,2581.580000,,True,1.795000,0.195000,False,-14.984426
100,exit,2018-04-02,2018-03-06,2018-04-02,2018-04-20,dte_exit,short_put,P,2230.000000,2581.879883,18,23.620001,22.570000,0.017681,2.324802,0.676045,2018-04-20,0.000000,278,2225.000000,2235.000000,False,2230.000000,2.324802,2.000000,2.500000,0.000000,240 x 240,,0.338230,-0.028870,2581.580000,,True,2.250000,0.250000,False,-13.628825
100,exit,2018-04-02,2018-03-06,2018-04-02,2018-04-20,dte_exit,short_call,C,3100.000000,2581.879883,18,23.620001,22.570000,0.017681,0.000118,0.676045,2018-04-20,0.000000,278,3090.000000,3110.000000,False,3100.000000,0.000118,0.000000,0.100000,0.000000,0 x 260,,0.264920,0.000770,2581.580000,,True,0.050000,0.050000,True,20.067553
100,exit,2018-04-02,2018-03-06,2018-04-02,2018-04-20,dte_exit,long_call,C,3135.000000,2581.879883,18,23.620001,22.570000,0.017681,0.000018,0.676045,2018-04-20,0.000000,278,3130.000000,3140.000000,False,,,,,,,,,,,strike 3135 not listed (chain of 278 strikes; nearest 3130 / 3140),False,,,False,21.423155
101,entry,2018-04-04,2018-04-04,2018-04-17,2018-05-18,profit_target,long_put,P,2215.000000,2644.689941,44,20.059999,20.420000,0.017070,7.461691,2.604364,2018-05-18,0.000000,262,2210.000000,2220.000000,False,2215.000000,7.461691,4.700000,5.200000,0.000000,50 x 592,,0.300610,-0.042440,2644.620000,,True,4.950000,0.250000,False,-16.247271
101,entry,2018-04-04,2018-04-04,2018-04-17,2018-05-18,profit_target,short_put,P,2250.000000,2644.689941,44,20.059999,20.420000,0.017070,8.930170,2.604364,2018-05-18,0.000000,262,2245.000000,2255.000000,False,2250.000000,8.930170,5.500000,6.100000,5.700000,50 x 180,186.000000,0.287630,-0.050140,2644.620000,,True,5.800000,0.300000,False,-14.923864
101,entry,2018-04-04,2018-04-04,2018-04-17,2018-05-18,profit_target,short_call,C,2940.000000,2644.689941,44,20.059999,20.420000,0.017070,2.318530,2.604364,2018-05-18,0.000000,262,2935.000000,2945.000000,False,2940.000000,2.318530,0.760000,1.200000,0.000000,60 x 50,,0.145580,0.020120,2644.620000,,True,0.980000,0.220000,False,11.166150
101,entry,2018-04-04,2018-04-04,2018-04-17,2018-05-18,profit_target,long_call,C,2975.000000,2644.689941,44,20.059999,20.420000,0.017070,1.182645,2.604364,2018-05-18,0.000000,262,2970.000000,2980.000000,False,2975.000000,1.182645,0.400000,0.800000,0.500000,230 x 50,0.000000,0.149590,0.012400,2644.620000,,True,0.600000,0.200000,False,12.489557
101,exit,2018-04-17,2018-04-04,2018-04-17,2018-05-18,profit_target,long_put,P,2215.000000,2706.389893,31,15.250000,16.799999,0.017986,0.765058,0.578968,2018-05-18,0.000000,271,2210.000000,2220.000000,False,2215.000000,0.765058,1.250000,1.500000,1.110000,250 x 200,31.000000,0.316350,-0.014780,2706.270000,,True,1.375000,0.125000,False,-18.156656
101,exit,2018-04-17,2018-04-04,2018-04-17,2018-05-18,profit_target,short_put,P,2250.000000,2706.389893,31,15.250000,16.799999,0.017986,1.005090,0.578968,2018-05-18,0.000000,271,2245.000000,2255.000000,False,2250.000000,1.005090,1.400000,1.650000,1.280000,260 x 200,,0.299210,-0.017080,2706.270000,,True,1.525000,0.125000,False,-16.863420
101,exit,2018-04-17,2018-04-04,2018-04-17,2018-05-18,profit_target,short_call,C,2940.000000,2706.389893,31,15.250000,16.799999,0.017986,0.478137,0.578968,2018-05-18,0.000000,271,2935.000000,2945.000000,False,2940.000000,0.478137,0.450000,0.700000,0.590000,220 x 200,44.000000,0.131120,0.015200,2706.270000,,True,0.575000,0.125000,False,8.631798
101,exit,2018-04-17,2018-04-04,2018-04-17,2018-05-18,profit_target,long_call,C,2975.000000,2706.389893,31,15.250000,16.799999,0.017986,0.139201,0.578968,2018-05-18,0.000000,271,2970.000000,2980.000000,False,2975.000000,0.139201,0.310000,0.540000,0.400000,200 x 200,8.000000,0.140600,0.010890,2706.270000,,True,0.425000,0.115000,False,9.925034
102,entry,2018-04-17,2018-04-17,2018-04-27,2018-05-18,dte_exit,long_put,P,2300.000000,2706.389893,31,15.250000,16.799999,0.017986,1.491300,0.555630,2018-05-18,0.000000,271,2295.000000,2305.000000,False,2300.000000,1.491300,1.760000,2.010000,1.900000,50 x 200,,0.276390,-0.022470,2706.270000,,True,1.885000,0.125000,False,-15.015940
102,entry,2018-04-17,2018-04-17,2018-04-27,2018-05-18,dte_exit,short_put,P,2335.000000,2706.389893,31,15.250000,16.799999,0.017986,1.973390,0.555630,2018-05-18,0.000000,271,2330.000000,2340.000000,False,2335.000000,1.973390,2.000000,2.300000,3.000000,250 x 180,0.000000,0.260180,-0.026120,2706.270000,,True,2.150000,0.150000,False,-13.722705
102,entry,2018-04-17,2018-04-17,2018-04-27,2018-05-18,dte_exit,short_call,C,2985.000000,2706.389893,31,15.250000,16.799999,0.017986,0.094182,0.555630,2018-05-18,0.000000,271,2980.000000,2990.000000,False,2985.000000,0.094182,0.290000,0.490000,0.000000,200 x 200,,0.144080,0.009920,2706.270000,,True,0.390000,0.100000,False,10.294530
102,entry,2018-04-17,2018-04-17,2018-04-27,2018-05-18,dte_exit,long_call,C,3020.000000,2706.389893,31,15.250000,16.799999,0.017986,0.020642,0.555630,2018-05-18,0.000000,271,3010.000000,3025.000000,False,3020.000000,0.020642,0.190000,0.440000,0.000000,203 x 220,,0.154390,0.007820,2706.270000,,True,0.315000,0.125000,False,11.587765
102,exit,2018-04-27,2018-04-17,2018-04-27,2018-05-18,dte_exit,long_put,P,2300.000000,2669.909912,21,15.410000,17.080000,0.018088,0.341968,0.181000,2018-05-18,0.000000,271,2295.000000,2305.000000,False,2300.000000,0.341968,0.850000,1.000000,0.940000,200 x 200,,0.279740,-0.014110,2669.930000,,True,0.925000,0.075000,False,-13.854771
102,exit,2018-04-27,2018-04-17,2018-04-27,2018-05-18,dte_exit,short_put,P,2335.000000,2669.909912,21,15.410000,17.080000,0.018088,0.522864,0.181000,2018-05-18,0.000000,271,2330.000000,2340.000000,False,2335.000000,0.522864,1.000000,1.110000,1.050000,300 x 13,22.000000,0.259710,-0.016850,2669.930000,,True,1.055000,0.055000,False,-12.543866
102,exit,2018-04-27,2018-04-17,2018-04-27,2018-05-18,dte_exit,short_call,C,2985.000000,2669.909912,21,15.410000,17.080000,0.018088,0.000107,0.181000,2018-05-18,0.000000,271,2980.000000,2990.000000,False,2985.000000,0.000107,0.000000,0.100000,0.000000,0 x 200,,0.154990,0.002000,2669.930000,,True,0.050000,0.050000,True,11.801525
102,exit,2018-04-27,2018-04-17,2018-04-27,2018-05-18,dte_exit,long_call,C,3020.000000,2669.909912,21,15.410000,17.080000,0.018088,0.000004,0.181000,2018-05-18,0.000000,271,3010.000000,3025.000000,False,3020.000000,0.000004,0.000000,0.090000,0.000000,0 x 200,,0.170000,0.001510,2669.930000,,True,0.045000,0.045000,True,13.112431
103,entry,2018-05-01,2018-05-01,2018-05-25,2018-06-15,dte_exit,long_put,P,2225.000000,2654.800049,45,15.490000,16.910000,0.018495,4.229895,1.208116,2018-06-15,0.000000,280,2220.000000,2230.000000,False,2225.000000,4.229895,2.510000,2.650000,2.850000,200 x 200,,0.259280,-0.026250,2654.280000,,True,2.580000,0.070000,False,-16.189545
103,entry,2018-05-01,2018-05-01,2018-05-25,2018-06-15,dte_exit,short_put,P,2260.000000,2654.800049,45,15.490000,16.910000,0.018495,5.150965,1.208116,2018-06-15,0.000000,280,2255.000000,2265.000000,False,2260.000000,5.150965,2.950000,3.090000,0.000000,200 x 288,,0.246920,-0.032530,2654.280000,,True,3.020000,0.070000,False,-14.871178
103,entry,2018-05-01,2018-05-01,2018-05-25,2018-06-15,dte_exit,short_call,C,2950.000000,2654.800049,45,15.490000,16.910000,0.018495,0.433540,1.208116,2018-06-15,0.000000,280,2945.000000,2955.000000,False,2950.000000,0.433540,0.210000,0.410000,0.270000,764 x 851,1.000000,0.125420,0.007850,2654.280000,,True,0.310000,0.100000,False,11.119480
103,entry,2018-05-01,2018-05-01,2018-05-25,2018-06-15,dte_exit,long_call,C,2985.000000,2654.800049,45,15.490000,16.910000,0.018495,0.146493,1.208116,2018-06-15,0.000000,280,2980.000000,2990.000000,False,2985.000000,0.146493,0.140000,0.300000,0.000000,300 x 300,,0.133180,0.005960,2654.280000,,True,0.220000,0.080000,False,12.437846
103,exit,2018-05-25,2018-05-01,2018-05-25,2018-06-15,dte_exit,long_put,P,2225.000000,2721.330078,21,13.220000,14.830000,0.018903,0.034742,0.021999,2018-06-15,0.000000,280,2220.000000,2230.000000,False,2225.000000,0.034742,0.500000,0.650000,0.550000,566 x 400,0.000000,0.339320,-0.007860,2721.140000,,True,0.575000,0.075000,False,-18.238511
103,exit,2018-05-25,2018-05-01,2018-05-25,2018-06-15,dte_exit,short_put,P,2260.000000,2721.330078,21,13.220000,14.830000,0.018903,0.053309,0.021999,2018-06-15,0.000000,280,2255.000000,2265.000000,False,2260.000000,0.053309,0.610000,0.750000,0.000000,989 x 1060,,0.322060,-0.008850,2721.140000,,True,0.680000,0.070000,False,-16.952375
103,exit,2018-05-25,2018-05-01,2018-05-25,2018-06-15,dte_exit,short_call,C,2950.000000,2721.330078,21,13.220000,14.830000,0.018903,0.003615,0.021999,2018-06-15,0.000000,280,2945.000000,2955.000000,False,2950.000000,0.003615,0.060000,0.150000,0.120000,313 x 400,19.000000,0.126310,0.003440,2721.140000,,True,0.105000,0.045000,False,8.402873
103,exit,2018-05-25,2018-05-01,2018-05-25,2018-06-15,dte_exit,long_call,C,2985.000000,2721.330078,21,13.220000,14.830000,0.018903,0.000184,0.021999,2018-06-15,0.000000,280,2980.000000,2990.000000,False,2985.000000,0.000184,0.050000,0.150000,0.130000,10 x 601,0.000000,0.142190,0.003020,2721.140000,,True,0.100000,0.050000,False,9.689009
104,entry,2018-06-05,2018-06-05,2018-06-29,2018-07-20,dte_exit,long_put,P,2405.000000,2748.800049,45,12.400000,14.720000,0.019412,4.736168,1.695066,2018-07-20,0.000000,250,2400.000000,2410.000000,False,2405.000000,4.736168,3.400000,3.590000,3.500000,400 x 567,13.000000,0.219220,-0.039490,2749.210000,,True,3.495000,0.095000,False,-12.507277
104,entry,2018-06-05,2018-06-05,2018-06-29,2018-07-20,dte_exit,short_put,P,2440.000000,2748.800049,45,12.400000,14.720000,0.019412,5.886587,1.695066,2018-07-20,0.000000,250,2435.000000,2445.000000,False,2440.000000,5.886587,4.010000,4.310000,4.270000,561 x 1382,40.000000,0.207120,-0.048490,2749.210000,,True,4.160000,0.150000,False,-11.233995
104,entry,2018-06-05,2018-06-05,2018-06-29,2018-07-20,dte_exit,short_call,C,2980.000000,2748.800049,45,12.400000,14.720000,0.019412,0.800964,1.695066,2018-07-20,0.000000,250,2975.000000,2990.000000,False,2980.000000,0.800964,0.400000,0.490000,0.000000,465 x 300,,0.101560,0.013650,2749.210000,,True,0.445000,0.045000,False,8.410941
104,entry,2018-06-05,2018-06-05,2018-06-29,2018-07-20,dte_exit,long_call,C,3015.000000,2748.800049,45,12.400000,14.720000,0.019412,0.256316,1.695066,2018-07-20,0.000000,250,3010.000000,3020.000000,False,,,,,,,,,,,strike 3015 not listed (chain of 250 strikes; nearest 3010 / 3020),False,,,False,9.684224
104,exit,2018-06-29,2018-06-05,2018-06-29,2018-07-20,dte_exit,long_put,P,2405.000000,2718.370117,21,16.090000,17.139999,0.019208,1.030027,0.537426,2018-07-20,0.000000,268,2400.000000,2410.000000,False,2405.000000,1.030027,1.900000,2.090000,0.000000,635 x 418,,0.266720,-0.028290,2718.030000,,True,1.995000,0.095000,False,-11.527868
104,exit,2018-06-29,2018-06-05,2018-06-29,2018-07-20,dte_exit,short_put,P,2440.000000,2718.370117,21,16.090000,17.139999,0.019208,1.544918,0.537426,2018-07-20,0.000000,268,2435.000000,2445.000000,False,2440.000000,1.544918,2.350000,2.600000,2.300000,425 x 395,2.000000,0.249870,-0.036580,2718.030000,,True,2.475000,0.125000,False,-10.240332
104,exit,2018-06-29,2018-06-05,2018-06-29,2018-07-20,dte_exit,short_call,C,2980.000000,2718.370117,21,16.090000,17.139999,0.019208,0.026368,0.537426,2018-07-20,0.000000,268,2975.000000,2985.000000,False,2980.000000,0.026368,0.040000,0.150000,0.070000,10 x 1136,0.000000,0.138670,0.003830,2718.030000,,True,0.095000,0.055000,False,9.624513
104,exit,2018-06-29,2018-06-05,2018-06-29,2018-07-20,dte_exit,long_call,C,3015.000000,2718.370117,21,16.090000,17.139999,0.019208,0.003833,0.537426,2018-07-20,0.000000,268,3010.000000,3020.000000,False,,,,,,,,,,,strike 3015 not listed (chain of 268 strikes; nearest 3010 / 3020),False,,,False,10.912049
105,entry,2018-07-03,2018-07-03,2018-07-23,2018-08-17,profit_target,long_put,P,2370.000000,2713.219971,45,16.139999,17.350000,0.019718,8.017833,3.326907,2018-08-17,0.000000,248,2365.000000,2375.000000,False,2370.000000,8.017833,5.600000,5.900000,6.650000,200 x 1106,0.000000,0.241350,-0.056240,2713.220000,,True,5.750000,0.150000,False,-12.649913
105,entry,2018-07-03,2018-07-03,2018-07-23,2018-08-17,profit_target,short_put,P,2405.000000,2713.219971,45,16.139999,17.350000,0.019718,9.758415,3.326907,2018-08-17,0.000000,248,2400.000000,2410.000000,False,2405.000000,9.758415,6.700000,7.000000,8.000000,178 x 620,0.000000,0.228780,-0.068210,2713.220000,,True,6.850000,0.150000,False,-11.359933
105,entry,2018-07-03,2018-07-03,2018-07-23,2018-08-17,profit_target,short_call,C,2945.000000,2713.219971,45,16.139999,17.350000,0.019718,3.019163,3.326907,2018-08-17,0.000000,248,2940.000000,2950.000000,False,2945.000000,3.019163,0.300000,0.500000,0.450000,622 x 1338,1.000000,0.105100,0.011820,2713.220000,,True,0.400000,0.100000,False,8.542618
105,entry,2018-07-03,2018-07-03,2018-07-23,2018-08-17,profit_target,long_call,C,2980.000000,2713.219971,45,16.139999,17.350000,0.019718,1.432838,3.326907,2018-08-17,0.000000,248,2975.000000,2985.000000,False,2980.000000,1.432838,0.200000,0.410000,0.000000,146 x 1050,,0.112720,0.008010,2713.220000,,True,0.305000,0.105000,False,9.832599
105,exit,2018-07-23,2018-07-03,2018-07-23,2018-08-17,profit_target,long_put,P,2370.000000,2806.979980,25,12.620000,14.860000,0.019922,0.195373,1.037688,2018-08-17,0.000000,266,2365.000000,2375.000000,False,2370.000000,0.195373,1.110000,1.200000,1.400000,605 x 762,8.000000,0.294640,-0.014840,2806.780000,,True,1.155000,0.045000,False,-15.567620
105,exit,2018-07-23,2018-07-03,2018-07-23,2018-08-17,profit_target,short_put,P,2405.000000,2806.979980,25,12.620000,14.860000,0.019922,0.282155,1.037688,2018-08-17,0.000000,266,2400.000000,2410.000000,False,2405.000000,0.282155,1.300000,1.400000,1.600000,200 x 1002,7.000000,0.279420,-0.017360,2806.780000,,True,1.350000,0.050000,False,-14.320728
105,exit,2018-07-23,2018-07-03,2018-07-23,2018-08-17,profit_target,short_call,C,2945.000000,2806.979980,25,12.620000,14.860000,0.019922,1.254542,1.037688,2018-08-17,0.000000,266,2940.000000,2950.000000,False,2945.000000,1.254542,0.360000,0.460000,0.450000,603 x 562,0.000000,0.084720,0.017100,2806.780000,,True,0.410000,0.050000,False,4.917029
105,exit,2018-07-23,2018-07-03,2018-07-23,2018-08-17,profit_target,long_call,C,2980.000000,2806.979980,25,12.620000,14.860000,0.019922,0.303637,1.037688,2018-08-17,0.000000,266,2975.000000,2985.000000,False,2980.000000,0.303637,0.200000,0.310000,0.400000,463 x 750,5.000000,0.096290,0.010590,2806.780000,,True,0.255000,0.055000,False,6.163921
106,entry,2018-08-07,2018-08-07,2018-08-31,2018-09-21,profit_target,long_put,P,2605.000000,2858.449951,45,10.930000,13.930000,0.020533,7.532341,4.051428,2018-09-21,0.000000,268,2600.000000,2610.000000,False,2605.000000,7.532341,4.500000,4.590000,4.530000,300 x 238,3.000000,0.168050,-0.060360,2858.540000,,True,4.545000,0.045000,False,-8.866692
106,entry,2018-08-07,2018-08-07,2018-08-31,2018-09-21,profit_target,short_put,P,2640.000000,2858.449951,45,10.930000,13.930000,0.020533,9.542902,4.051428,2018-09-21,0.000000,268,2635.000000,2645.000000,False,2640.000000,9.542902,5.500000,5.700000,5.600000,500 x 1017,10.000000,0.155730,-0.076920,2858.540000,,True,5.600000,0.100000,False,-7.642252
106,entry,2018-08-07,2018-08-07,2018-08-31,2018-09-21,profit_target,short_call,C,3025.000000,2858.449951,45,10.930000,13.930000,0.020533,3.409243,4.051428,2018-09-21,0.000000,268,3020.000000,3030.000000,False,3025.000000,3.409243,1.160000,1.300000,1.280000,556 x 813,89.000000,0.090230,0.034430,2858.540000,,True,1.230000,0.070000,False,5.826586
106,entry,2018-08-07,2018-08-07,2018-08-31,2018-09-21,profit_target,long_call,C,3060.000000,2858.449951,45,10.930000,13.930000,0.020533,1.368376,4.051428,2018-09-21,0.000000,268,3055.000000,3070.000000,False,3060.000000,1.368376,0.650000,0.800000,0.750000,374 x 1322,51.000000,0.095740,0.020080,2858.540000,,True,0.725000,0.075000,False,7.051026
106,exit,2018-08-31,2018-08-07,2018-08-31,2018-09-21,profit_target,long_put,P,2605.000000,2901.520020,21,12.860000,15.150000,0.021043,0.421447,1.163094,2018-09-21,0.000000,270,2600.000000,2610.000000,False,2605.000000,0.421447,1.800000,1.900000,1.550000,865 x 903,1.000000,0.232300,-0.028840,2901.070000,,True,1.850000,0.050000,False,-10.219472
106,exit,2018-08-31,2018-08-07,2018-08-31,2018-09-21,profit_target,short_put,P,2640.000000,2901.520020,21,12.860000,15.150000,0.021043,0.678005,1.163094,2018-09-21,0.000000,270,2635.000000,2645.000000,False,2640.000000,0.678005,2.050000,2.190000,2.250000,722 x 870,33.000000,0.212590,-0.034960,2901.070000,,True,2.120000,0.070000,False,-9.013207
106,exit,2018-08-31,2018-08-07,2018-08-31,2018-09-21,profit_target,short_call,C,3025.000000,2901.520020,21,12.860000,15.150000,0.021043,1.142389,1.163094,2018-09-21,0.000000,270,3020.000000,3030.000000,False,3025.000000,1.142389,0.550000,0.690000,0.700000,935 x 1185,16.000000,0.089610,0.026240,2901.070000,,True,0.620000,0.070000,False,4.255700
106,exit,2018-08-31,2018-08-07,2018-08-31,2018-09-21,profit_target,long_call,C,3060.000000,2901.520020,21,12.860000,15.150000,0.021043,0.235854,1.163094,2018-09-21,0.000000,270,3055.000000,3065.000000,False,3060.000000,0.235854,0.240000,0.400000,0.250000,1928 x 1385,16.000000,0.098890,0.013690,2901.070000,,True,0.320000,0.080000,False,5.461964
107,entry,2018-09-04,2018-09-04,2018-09-19,2018-10-19,profit_target,long_put,P,2590.000000,2896.719971,45,13.160000,15.450000,0.021246,7.914545,4.294230,2018-10-19,0.000000,256,2585.000000,2595.000000,False,2590.000000,7.914545,5.200000,5.400000,5.890000,820 x 520,6.000000,0.203460,-0.057730,2896.790000,,True,5.300000,0.100000,False,-10.588527
107,entry,2018-09-04,2018-09-04,2018-09-19,2018-10-19,profit_target,short_put,P,2630.000000,2896.719971,45,13.160000,15.450000,0.021246,10.035709,4.294230,2018-10-19,0.000000,256,2625.000000,2635.000000,False,2630.000000,10.035709,6.190000,6.490000,7.000000,1268 x 1653,1.000000,0.188320,-0.071830,2896.790000,,True,6.340000,0.150000,False,-9.207655
107,entry,2018-09-04,2018-09-04,2018-09-19,2018-10-19,profit_target,short_call,C,3095.000000,2896.719971,45,13.160000,15.450000,0.021246,3.647978,4.294230,2018-10-19,0.000000,256,3090.000000,3100.000000,False,,,,,,,,,,,strike 3095 not listed (chain of 256 strikes; nearest 3090 / 3100),False,,,False,6.844984
107,entry,2018-09-04,2018-09-04,2018-09-19,2018-10-19,profit_target,long_call,C,3135.000000,2896.719971,45,13.160000,15.450000,0.021246,1.474912,4.294230,2018-10-19,0.000000,256,3130.000000,3140.000000,False,,,,,,,,,,,strike 3135 not listed (chain of 256 strikes; nearest 3130 / 3140),False,,,False,8.225857
107,exit,2018-09-19,2018-09-04,2018-09-19,2018-10-19,profit_target,long_put,P,2590.000000,2907.949951,30,11.750000,14.650000,0.021552,1.443217,1.008643,2018-10-19,0.000000,279,2585.000000,2595.000000,False,2590.000000,1.443217,2.260000,2.400000,2.350000,1118 x 923,329.000000,0.217110,-0.031300,2908.130000,,True,2.330000,0.070000,False,-10.933818
107,exit,2018-09-19,2018-09-04,2018-09-19,2018-10-19,profit_target,short_put,P,2630.000000,2907.949951,30,11.750000,14.650000,0.021552,2.102959,1.008643,2018-10-19,0.000000,279,2625.000000,2635.000000,False,2630.000000,2.102959,2.650000,2.800000,2.950000,1177 x 873,339.000000,0.198990,-0.038990,2908.130000,,True,2.725000,0.075000,False,-9.558278
107,exit,2018-09-19,2018-09-04,2018-09-19,2018-10-19,profit_target,short_call,C,3095.000000,2907.949951,30,11.750000,14.650000,0.021552,0.417879,1.008643,2018-10-19,0.000000,279,3090.000000,3100.000000,False,3095.000000,0.417879,0.360000,0.500000,0.550000,1081 x 844,239.000000,0.097610,0.014280,2908.130000,,True,0.430000,0.070000,False,6.432368
107,exit,2018-09-19,2018-09-04,2018-09-19,2018-10-19,profit_target,long_call,C,3135.000000,2907.949951,30,11.750000,14.650000,0.021552,0.068978,1.008643,2018-10-19,0.000000,279,3130.000000,3140.000000,False,,,,,,,,,,,strike 3135 not listed (chain of 279 strikes; nearest 3130 / 3140),False,,,False,7.807908
108,entry,2018-09-19,2018-09-19,2018-09-28,2018-10-19,profit_target,long_put,P,2670.000000,2907.949951,30,11.750000,14.650000,0.021552,3.100154,2.853230,2018-10-19,0.000000,279,2665.000000,2675.000000,False,2670.000000,3.100154,3.200000,3.400000,3.600000,826 x 1324,331.000000,0.181180,-0.050240,2908.130000,,True,3.300000,0.100000,False,-8.182739
108,entry,2018-09-19,2018-09-19,2018-09-28,2018-10-19,profit_target,short_put,P,2710.000000,2907.949951,30,11.750000,14.650000,0.021552,4.625763,2.853230,2018-10-19,0.000000,279,2705.000000,2715.000000,False,2710.000000,4.625763,4.000000,4.200000,4.030000,822 x 1557,336.000000,0.163340,-0.066820,2908.130000,,True,4.100000,0.100000,False,-6.807199
108,entry,2018-09-19,2018-09-19,2018-09-28,2018-10-19,profit_target,short_call,C,3055.000000,2907.949951,30,11.750000,14.650000,0.021552,1.745500,2.853230,2018-10-19,0.000000,279,3050.000000,3060.000000,False,3055.000000,1.745500,0.690000,0.790000,0.950000,333 x 610,349.000000,0.087840,0.027130,2908.130000,,True,0.740000,0.050000,False,5.056829
108,entry,2018-09-19,2018-09-19,2018-09-28,2018-10-19,profit_target,long_call,C,3095.000000,2907.949951,30,11.750000,14.650000,0.021552,0.417879,2.853230,2018-10-19,0.000000,279,3090.000000,3100.000000,False,3095.000000,0.417879,0.360000,0.500000,0.550000,1081 x 844,239.000000,0.097610,0.014280,2908.130000,,True,0.430000,0.070000,False,6.432368
108,exit,2018-09-28,2018-09-19,2018-09-28,2018-10-19,profit_target,long_put,P,2670.000000,2913.979980,21,12.120000,14.770000,0.021858,0.569390,0.696885,2018-10-19,0.000000,284,2665.000000,2675.000000,False,2670.000000,0.569390,2.490000,2.600000,2.570000,200 x 200,0.000000,0.207250,-0.041430,2914.090000,,True,2.545000,0.055000,False,-8.372740
108,exit,2018-09-28,2018-09-19,2018-09-28,2018-10-19,profit_target,short_put,P,2710.000000,2913.979980,21,12.120000,14.770000,0.021858,1.040451,0.696885,2018-10-19,0.000000,284,2705.000000,2715.000000,False,2710.000000,1.040451,2.990000,3.210000,3.300000,916 x 916,724.000000,0.185580,-0.054290,2914.090000,,True,3.100000,0.110000,False,-7.000047
108,exit,2018-09-28,2018-09-19,2018-09-28,2018-10-19,profit_target,short_call,C,3055.000000,2913.979980,21,12.120000,14.770000,0.021858,0.244840,0.696885,2018-10-19,0.000000,284,3050.000000,3060.000000,False,3055.000000,0.244840,0.460000,0.610000,0.600000,738 x 474,50.000000,0.095220,0.021420,2914.090000,,True,0.535000,0.075000,False,4.839430
108,exit,2018-09-28,2018-09-19,2018-09-28,2018-10-19,profit_target,long_call,C,3095.000000,2913.979980,21,12.120000,14.770000,0.021858,0.019016,0.696885,2018-10-19,0.000000,284,3090.000000,3100.000000,False,3095.000000,0.019016,0.190000,0.340000,0.550000,746 x 1196,239.000000,0.106760,0.010180,2914.090000,,True,0.265000,0.075000,False,6.212123
109,entry,2018-10-02,2018-10-02,2018-10-26,2018-11-16,dte_exit,long_put,P,2635.000000,2923.429932,45,12.050000,14.840000,0.022266,7.736411,4.391914,2018-11-16,0.000000,261,2630.000000,2640.000000,False,2635.000000,7.736411,5.810000,6.000000,5.150000,500 x 1261,0.000000,0.194710,-0.064690,2923.230000,,True,5.905000,0.095000,False,-9.866148
109,entry,2018-10-02,2018-10-02,2018-10-26,2018-11-16,dte_exit,short_put,P,2675.000000,2923.429932,45,12.050000,14.840000,0.022266,9.905837,4.391914,2018-11-16,0.000000,261,2670.000000,2680.000000,False,2675.000000,9.905837,7.100000,7.310000,7.450000,468 x 878,186.000000,0.180470,-0.082130,2923.230000,,True,7.205000,0.105000,False,-8.497892
109,entry,2018-10-02,2018-10-02,2018-10-26,2018-11-16,dte_exit,short_call,C,3110.000000,2923.429932,45,12.050000,14.840000,0.022266,3.619462,4.391914,2018-11-16,0.000000,261,3105.000000,3115.000000,False,3110.000000,3.619462,1.000000,1.160000,1.140000,866 x 142,0.000000,0.093880,0.028550,2923.230000,,True,1.080000,0.080000,False,6.381890
109,entry,2018-10-02,2018-10-02,2018-10-26,2018-11-16,dte_exit,long_call,C,3150.000000,2923.429932,45,12.050000,14.840000,0.022266,1.396975,4.391914,2018-11-16,0.000000,261,3145.000000,3160.000000,False,3150.000000,1.396975,0.550000,0.690000,0.700000,673 x 354,13.000000,0.100930,0.017270,2923.230000,,True,0.620000,0.070000,False,7.750145
109,exit,2018-10-26,2018-10-02,2018-10-26,2018-11-16,dte_exit,long_put,P,2635.000000,2658.689941,21,24.160000,22.480000,0.023184,53.798737,17.729397,2018-11-16,0.000000,287,2630.000000,2640.000000,False,2635.000000,53.798737,54.300000,55.700000,58.000000,45 x 75,176.000000,0.254080,-0.431800,2658.120000,,True,55.000000,0.700000,False,-0.891038
109,exit,2018-10-26,2018-10-02,2018-10-26,2018-11-16,dte_exit,short_put,P,2675.000000,2658.689941,21,24.160000,22.480000,0.023184,71.511936,17.729397,2018-11-16,0.000000,287,2670.000000,2680.000000,False,2675.000000,71.511936,71.100000,73.300000,68.800000,290 x 200,,0.243310,-0.529810,2658.120000,,True,72.200000,1.100000,False,0.613462
109,exit,2018-10-26,2018-10-02,2018-10-26,2018-11-16,dte_exit,short_call,C,3110.000000,2658.689941,21,24.160000,22.480000,0.023184,0.021741,17.729397,2018-11-16,0.000000,287,3105.000000,3115.000000,False,3110.000000,0.021741,0.050000,0.190000,0.050000,7 x 325,1.000000,0.228430,0.002750,2658.120000,,True,0.120000,0.070000,False,16.974904
109,exit,2018-10-26,2018-10-02,2018-10-26,2018-11-16,dte_exit,long_call,C,3150.000000,2658.689941,21,24.160000,22.480000,0.023184,0.005544,17.729397,2018-11-16,0.000000,287,3145.000000,3160.000000,False,3150.000000,0.005544,0.000000,0.200000,0.090000,0 x 375,0.000000,0.240420,0.001850,2658.120000,,True,0.100000,0.100000,True,18.479404
110,entry,2018-11-07,2018-11-07,2018-11-30,2018-12-21,dte_exit,long_put,P,2280.000000,2813.889893,44,16.360001,17.620001,0.023591,3.163555,0.711047,2018-12-21,0.000000,311,2275.000000,2285.000000,False,2280.000000,3.163555,2.000000,2.150000,4.200000,150 x 311,0.000000,0.293630,-0.019410,2813.810000,,True,2.075000,0.075000,False,-18.973375
110,entry,2018-11-07,2018-11-07,2018-11-30,2018-12-21,dte_exit,short_put,P,2315.000000,2813.889893,44,16.360001,17.620001,0.023591,3.794902,0.711047,2018-12-21,0.000000,311,2310.000000,2320.000000,False,2315.000000,3.794902,2.350000,2.490000,2.800000,779 x 139,24.000000,0.281560,-0.022340,2813.810000,,True,2.420000,0.070000,False,-17.729546
110,entry,2018-11-07,2018-11-07,2018-11-30,2018-12-21,dte_exit,short_call,C,3190.000000,2813.889893,44,16.360001,17.620001,0.023591,0.115329,0.711047,2018-12-21,0.000000,311,3180.000000,3200.000000,False,3190.000000,0.115329,0.150000,0.300000,0.800000,290 x 814,100.000000,0.139940,0.005050,2813.810000,,True,0.225000,0.075000,False,13.366198
110,entry,2018-11-07,2018-11-07,2018-11-30,2018-12-21,dte_exit,long_call,C,3225.000000,2813.889893,44,16.360001,17.620001,0.023591,0.035629,0.711047,2018-12-21,0.000000,311,3220.000000,3250.000000,False,3225.000000,0.035629,0.100000,0.250000,0.110000,146 x 934,4.000000,0.147100,0.004290,2813.810000,,True,0.175000,0.075000,False,14.610028
110,exit,2018-11-30,2018-11-07,2018-11-30,2018-12-21,dte_exit,long_put,P,2280.000000,2760.169922,21,18.070000,18.889999,0.023591,0.333263,0.142974,2018-12-21,0.000000,311,2275.000000,2285.000000,False,2280.000000,0.333263,0.750000,0.900000,1.250000,475 x 318,100.000000,0.338520,-0.010190,2759.210000,,True,0.825000,0.075000,False,-17.396390
110,exit,2018-11-30,2018-11-07,2018-11-30,2018-12-21,dte_exit,short_put,P,2315.000000,2760.169922,21,18.070000,18.889999,0.023591,0.476213,0.142974,2018-12-21,0.000000,311,2310.000000,2320.000000,False,2315.000000,0.476213,0.950000,1.100000,2.750000,710 x 317,6.000000,0.323520,-0.012580,2759.210000,,True,1.025000,0.075000,False,-16.128352
110,exit,2018-11-30,2018-11-07,2018-11-30,2018-12-21,dte_exit,short_call,C,3190.000000,2760.169922,21,18.070000,18.889999,0.023591,0.000026,0.142974,2018-12-21,0.000000,311,3180.000000,3200.000000,False,3190.000000,0.000026,0.050000,0.200000,0.050000,475 x 577,20.000000,0.215690,0.003190,2759.210000,,True,0.125000,0.075000,False,15.572595
110,exit,2018-11-30,2018-11-07,2018-11-30,2018-12-21,dte_exit,long_call,C,3225.000000,2760.169922,21,18.070000,18.889999,0.023591,0.000002,0.142974,2018-12-21,0.000000,311,3220.000000,3250.000000,False,3225.000000,0.000002,0.000000,0.150000,0.060000,0 x 294,15.000000,0.219370,0.001490,2759.210000,,True,0.075000,0.075000,True,16.840633
111,entry,2018-12-04,2018-12-04,2018-12-28,2019-01-18,dte_exit,long_put,P,2245.000000,2700.060059,45,20.740000,20.750000,0.024203,7.787730,2.589305,2019-01-18,0.000000,288,2240.000000,2250.000000,False,2245.000000,7.787730,4.700000,5.000000,3.000000,534 x 534,180.000000,0.304990,-0.039270,2700.480000,,True,4.850000,0.150000,False,-16.853701
111,entry,2018-12-04,2018-12-04,2018-12-28,2019-01-18,dte_exit,short_put,P,2280.000000,2700.060059,45,20.740000,20.750000,0.024203,9.229072,2.589305,2019-01-18,0.000000,288,2275.000000,2285.000000,False,2280.000000,9.229072,5.500000,5.910000,5.500000,518 x 518,10.000000,0.292980,-0.046730,2700.480000,,True,5.705000,0.205000,False,-15.557434
111,entry,2018-12-04,2018-12-04,2018-12-28,2019-01-18,dte_exit,short_call,C,3015.000000,2700.060059,45,20.740000,20.750000,0.024203,2.439816,2.589305,2019-01-18,0.000000,288,3010.000000,3020.000000,False,3015.000000,2.439816,0.400000,0.600000,0.600000,252 x 452,90.000000,0.135850,0.011590,2700.480000,,True,0.500000,0.100000,False,11.664183
111,entry,2018-12-04,2018-12-04,2018-12-28,2019-01-18,dte_exit,long_call,C,3050.000000,2700.060059,45,20.740000,20.750000,0.024203,1.291853,2.589305,2019-01-18,0.000000,288,3045.000000,3055.000000,False,3050.000000,1.291853,0.200000,0.400000,0.380000,452 x 527,11.000000,0.139530,0.006570,2700.480000,,True,0.300000,0.100000,False,12.960450
111,exit,2018-12-28,2018-12-04,2018-12-28,2019-01-18,dte_exit,long_put,P,2245.000000,2485.739990,21,28.340000,25.320000,0.023897,13.928748,3.999019,2019-01-18,0.000000,334,2240.000000,2250.000000,False,2245.000000,13.928748,11.100000,11.400000,9.050000,277 x 100,1.000000,0.344190,-0.107800,2485.740000,,True,11.250000,0.150000,False,-9.684842
111,exit,2018-12-28,2018-12-04,2018-12-28,2019-01-18,dte_exit,short_put,P,2280.000000,2485.739990,21,28.340000,25.320000,0.023897,17.918200,3.999019,2019-01-18,0.000000,334,2275.000000,2285.000000,False,2280.000000,17.918200,14.400000,15.200000,14.100000,211 x 111,441.000000,0.333020,-0.137690,2485.740000,,True,14.800000,0.400000,False,-8.276811
111,exit,2018-12-28,2018-12-04,2018-12-28,2019-01-18,dte_exit,short_call,C,3015.000000,2485.739990,21,28.340000,25.320000,0.023897,0.014481,3.999019,2019-01-18,0.000000,334,3010.000000,3020.000000,False,3015.000000,0.014481,0.000000,0.150000,0.100000,0 x 468,2.000000,0.265310,0.002000,2485.740000,,True,0.075000,0.075000,True,21.291849
111,exit,2018-12-28,2018-12-04,2018-12-28,2019-01-18,dte_exit,long_call,C,3050.000000,2485.739990,21,28.340000,25.320000,0.023897,0.004914,3.999019,2019-01-18,0.000000,334,3045.000000,3055.000000,False,3050.000000,0.004914,0.000000,0.050000,0.050000,0 x 100,5.000000,0.255660,0.000500,2485.740000,,True,0.025000,0.025000,True,22.699881
112,entry,2019-01-04,2019-01-04,2019-01-25,2019-02-15,dte_exit,long_put,P,1950.000000,2531.939941,42,21.379999,21.860001,0.024101,3.038092,0.762602,2019-02-15,0.000000,299,1945.000000,1955.000000,False,1950.000000,3.038092,1.450000,1.600000,1.650000,702 x 716,948.000000,0.350730,-0.014190,2530.920000,,True,1.525000,0.075000,False,-22.983955
112,entry,2019-01-04,2019-01-04,2019-01-25,2019-02-15,dte_exit,short_put,P,1985.000000,2531.939941,42,21.379999,21.860001,0.024101,3.666963,0.762602,2019-02-15,0.000000,299,1980.000000,1990.000000,False,1985.000000,3.666963,1.690000,1.910000,12.430000,1165 x 705,1.000000,0.337860,-0.016120,2530.920000,,True,1.800000,0.110000,False,-21.601616
112,entry,2019-01-04,2019-01-04,2019-01-25,2019-02-15,dte_exit,short_call,C,2940.000000,2531.939941,42,21.379999,21.860001,0.024101,0.218523,0.762602,2019-02-15,0.000000,299,2935.000000,2945.000000,False,2940.000000,0.218523,0.050000,0.250000,0.100000,1626 x 768,0.000000,0.163280,0.003360,2530.920000,,True,0.150000,0.100000,False,16.116498
112,entry,2019-01-04,2019-01-04,2019-01-25,2019-02-15,dte_exit,long_call,C,2975.000000,2531.939941,42,21.379999,21.860001,0.024101,0.084792,0.762602,2019-02-15,0.000000,299,2970.000000,2980.000000,False,2975.000000,0.084792,0.000000,0.200000,0.350000,0 x 1365,1.000000,0.168170,0.002100,2530.920000,,True,0.100000,0.100000,True,17.498838
112,exit,2019-01-25,2019-01-04,2019-01-25,2019-02-15,dte_exit,long_put,P,1950.000000,2664.760010,21,17.420000,18.820000,0.023795,0.015375,0.030965,2019-02-15,0.000000,301,1945.000000,1955.000000,False,1950.000000,0.015375,0.200000,0.350000,0.300000,1121 x 2093,259.000000,0.467740,-0.002390,2664.730000,,True,0.275000,0.075000,False,-26.822678
112,exit,2019-01-25,2019-01-04,2019-01-25,2019-02-15,dte_exit,short_put,P,1985.000000,2664.760010,21,17.420000,18.820000,0.023795,0.022501,0.030965,2019-02-15,0.000000,301,1980.000000,1990.000000,False,1985.000000,0.022501,0.250000,0.350000,0.500000,321 x 846,0.000000,0.447110,-0.003010,2664.730000,,True,0.300000,0.050000,False,-25.509239
112,exit,2019-01-25,2019-01-04,2019-01-25,2019-02-15,dte_exit,short_call,C,2940.000000,2664.760010,21,17.420000,18.820000,0.023795,0.028465,0.030965,2019-02-15,0.000000,301,2935.000000,2945.000000,False,2940.000000,0.028465,0.050000,0.200000,0.400000,609 x 1334,1.000000,0.153240,0.003840,2664.730000,,True,0.125000,0.075000,False,10.328885
112,exit,2019-01-25,2019-01-04,2019-01-25,2019-02-15,dte_exit,long_call,C,2975.000000,2664.760010,21,17.420000,18.820000,0.023795,0.004625,0.030965,2019-02-15,0.000000,301,2970.000000,2980.000000,False,2975.000000,0.004625,0.000000,0.100000,0.180000,0 x 49,45.000000,0.155330,0.001480,2664.730000,,True,0.050000,0.050000,True,11.642324
113,entry,2019-01-29,2019-01-29,2019-02-21,2019-03-15,profit_target,long_put,P,2180.000000,2640.000000,45,19.129999,19.600000,0.024101,5.813796,1.767630,2019-03-15,0.000000,299,2175.000000,2185.000000,False,2180.000000,5.813796,3.400000,3.590000,4.700000,1119 x 1101,5.000000,0.294660,-0.031800,2639.830000,,True,3.495000,0.095000,False,-17.424242
113,entry,2019-01-29,2019-01-29,2019-02-21,2019-03-15,profit_target,short_put,P,2215.000000,2640.000000,45,19.129999,19.600000,0.024101,6.959801,1.767630,2019-03-15,0.000000,299,2210.000000,2220.000000,False,2215.000000,6.959801,4.090000,4.400000,3.600000,1721 x 1704,10.000000,0.284050,-0.038440,2639.830000,,True,4.245000,0.155000,False,-16.098485
113,entry,2019-01-29,2019-01-29,2019-02-21,2019-03-15,profit_target,short_call,C,2960.000000,2640.000000,45,19.129999,19.600000,0.024101,1.138758,1.767630,2019-03-15,0.000000,299,2955.000000,2965.000000,False,2960.000000,1.138758,0.350000,0.500000,0.650000,667 x 542,7.000000,0.139980,0.009780,2639.830000,,True,0.425000,0.075000,False,12.121212
113,entry,2019-01-29,2019-01-29,2019-02-21,2019-03-15,profit_target,long_call,C,2995.000000,2640.000000,45,19.129999,19.600000,0.024101,0.517132,1.767630,2019-03-15,0.000000,299,2990.000000,3000.000000,False,2995.000000,0.517132,0.200000,0.350000,0.450000,1126 x 342,2.000000,0.144580,0.006180,2639.830000,,True,0.275000,0.075000,False,13.446970
113,exit,2019-02-21,2019-01-29,2019-02-21,2019-03-15,profit_target,long_put,P,2180.000000,2774.879883,22,14.460000,16.160000,0.024407,0.031707,0.265912,2019-03-15,0.000000,307,2175.000000,2185.000000,False,2180.000000,0.031707,0.200000,0.340000,0.740000,1268 x 1769,1.000000,0.360000,-0.003580,2774.580000,,True,0.270000,0.070000,False,-21.438041
113,exit,2019-02-21,2019-01-29,2019-02-21,2019-03-15,profit_target,short_put,P,2215.000000,2774.879883,22,14.460000,16.160000,0.024407,0.046231,0.265912,2019-03-15,0.000000,307,2210.000000,2220.000000,False,2215.000000,0.046231,0.250000,0.410000,0.760000,1247 x 1747,25.000000,0.344440,-0.004560,2774.580000,,True,0.330000,0.080000,False,-20.176725
113,exit,2019-02-21,2019-01-29,2019-02-21,2019-03-15,profit_target,short_call,C,2960.000000,2774.879883,22,14.460000,16.160000,0.024407,0.312974,0.265912,2019-03-15,0.000000,307,2955.000000,2965.000000,False,2960.000000,0.312974,0.100000,0.250000,0.180000,1017 x 1955,2.000000,0.107630,0.007180,2774.580000,,True,0.175000,0.075000,False,6.671284
113,exit,2019-02-21,2019-01-29,2019-02-21,2019-03-15,profit_target,long_call,C,2995.000000,2774.879883,22,14.460000,16.160000,0.024407,0.061587,0.265912,2019-03-15,0.000000,307,2990.000000,3000.000000,False,2995.000000,0.061587,0.060000,0.150000,0.100000,411 x 150,1.000000,0.117030,0.004200,2774.580000,,True,0.105000,0.045000,False,7.932600
114,entry,2019-03-04,2019-03-04,2019-03-28,2019-04-18,dte_exit,long_put,P,2355.000000,2792.810059,45,14.630000,16.030001,0.024509,4.014963,1.090276,2019-04-18,0.000000,296,2350.000000,2360.000000,False,2355.000000,4.014963,2.650000,2.800000,5.180000,819 x 363,10.000000,0.253510,-0.027550,2793.190000,,True,2.725000,0.075000,False,-15.676328
114,entry,2019-03-04,2019-03-04,2019-03-28,2019-04-18,dte_exit,short_put,P,2390.000000,2792.810059,45,14.630000,16.030001,0.024509,4.869288,1.090276,2019-04-18,0.000000,296,2385.000000,2395.000000,False,2390.000000,4.869288,3.200000,3.400000,5.000000,140 x 620,2.000000,0.242820,-0.034240,2793.190000,,True,3.300000,0.100000,False,-14.423110
114,entry,2019-03-04,2019-03-04,2019-03-28,2019-04-18,dte_exit,short_call,C,3095.000000,2792.810059,45,14.630000,16.030001,0.024509,0.348610,1.090276,2019-04-18,0.000000,296,3090.000000,3100.000000,False,,,,,,,,,,,strike 3095 not listed (chain of 296 strikes; nearest 3090 / 3100),False,,,False,10.820283
114,entry,2019-03-04,2019-03-04,2019-03-28,2019-04-18,dte_exit,long_call,C,3130.000000,2792.810059,45,14.630000,16.030001,0.024509,0.112658,1.090276,2019-04-18,0.000000,296,3125.000000,3150.000000,False,,,,,,,,,,,strike 3130 not listed (chain of 296 strikes; nearest 3125 / 3150),False,,,False,12.073501
114,exit,2019-03-28,2019-03-04,2019-03-28,2019-04-18,dte_exit,long_put,P,2355.000000,2815.439941,21,14.430000,16.299999,0.024203,0.102612,0.052660,2019-04-18,0.000000,303,2350.000000,2360.000000,False,2355.000000,0.102612,0.340000,0.490000,0.750000,2037 x 1380,0.000000,0.295750,-0.006410,2815.320000,,True,0.415000,0.075000,False,-16.354103
114,exit,2019-03-28,2019-03-04,2019-03-28,2019-04-18,dte_exit,short_put,P,2390.000000,2815.439941,21,14.430000,16.299999,0.024203,0.154463,0.052660,2019-04-18,0.000000,303,2385.000000,2395.000000,False,2390.000000,0.154463,0.450000,0.590000,0.650000,1057 x 1395,1.000000,0.281060,-0.008300,2815.320000,,True,0.520000,0.070000,False,-15.110958
114,exit,2019-03-28,2019-03-04,2019-03-28,2019-04-18,dte_exit,short_call,C,3095.000000,2815.439941,21,14.430000,16.299999,0.024203,0.000854,0.052660,2019-04-18,0.000000,303,3090.000000,3100.000000,False,,,,,,,,,,,strike 3095 not listed (chain of 303 strikes; nearest 3090 / 3100),False,,,False,9.929534
114,exit,2019-03-28,2019-03-04,2019-03-28,2019-04-18,dte_exit,long_call,C,3130.000000,2815.439941,21,14.430000,16.299999,0.024203,0.000045,0.052660,2019-04-18,0.000000,303,3125.000000,3150.000000,False,,,,,,,,,,,strike 3130 not listed (chain of 303 strikes; nearest 3125 / 3150),False,,,False,11.172679
115,entry,2019-04-02,2019-04-02,2019-04-18,2019-05-17,profit_target,long_put,P,2560.000000,2867.239990,45,13.360000,15.540000,0.024101,7.785931,3.654024,2019-05-17,0.000000,270,2555.000000,2565.000000,False,2560.000000,7.785931,4.300000,4.510000,4.300000,1199 x 432,190.000000,0.194560,-0.051350,2867.220000,,True,4.405000,0.105000,False,-10.715531
115,entry,2019-04-02,2019-04-02,2019-04-18,2019-05-17,profit_target,short_put,P,2595.000000,2867.239990,45,13.360000,15.540000,0.024101,9.585156,3.654024,2019-05-17,0.000000,270,2590.000000,2600.000000,False,2595.000000,9.585156,5.390000,5.600000,5.700000,1230 x 399,2.000000,0.183440,-0.065520,2867.220000,,True,5.495000,0.105000,False,-9.494845
115,entry,2019-04-02,2019-04-02,2019-04-18,2019-05-17,profit_target,short_call,C,3070.000000,2867.239990,45,13.360000,15.540000,0.024101,3.378298,3.654024,2019-05-17,0.000000,270,3065.000000,3075.000000,False,3070.000000,3.378298,0.700000,0.800000,0.720000,100 x 254,2.000000,0.098190,0.020230,2867.220000,,True,0.750000,0.050000,False,7.071609
115,entry,2019-04-02,2019-04-02,2019-04-18,2019-05-17,profit_target,long_call,C,3105.000000,2867.239990,45,13.360000,15.540000,0.024101,1.523500,3.654024,2019-05-17,0.000000,270,3100.000000,3110.000000,False,,,,,,,,,,,strike 3105 not listed (chain of 270 strikes; nearest 3100 / 3110),False,,,False,8.292295
115,exit,2019-04-18,2019-04-02,2019-04-18,2019-05-17,profit_target,long_put,P,2560.000000,2905.030029,29,12.090000,14.570000,0.024101,1.055031,1.141117,2019-05-17,0.000000,284,2555.000000,2565.000000,False,2560.000000,1.055031,1.500000,1.610000,1.750000,1792 x 214,40.000000,0.222210,-0.021660,2905.220000,,True,1.555000,0.055000,False,-11.876987
115,exit,2019-04-18,2019-04-02,2019-04-18,2019-05-17,profit_target,short_put,P,2595.000000,2905.030029,29,12.090000,14.570000,0.024101,1.467154,1.141117,2019-05-17,0.000000,284,2590.000000,2600.000000,False,2595.000000,1.467154,1.910000,2.010000,2.440000,1024 x 702,0.000000,0.209860,-0.028280,2905.220000,,True,1.960000,0.050000,False,-10.672180
115,exit,2019-04-18,2019-04-02,2019-04-18,2019-05-17,profit_target,short_call,C,3070.000000,2905.030029,29,12.090000,14.570000,0.024101,0.982279,1.141117,2019-05-17,0.000000,284,3065.000000,3075.000000,False,3070.000000,0.982279,0.340000,0.440000,0.550000,1583 x 300,6.000000,0.088940,0.015420,2905.220000,,True,0.390000,0.050000,False,5.678770
115,exit,2019-04-18,2019-04-02,2019-04-18,2019-05-17,profit_target,long_call,C,3105.000000,2905.030029,29,12.090000,14.570000,0.024101,0.253285,1.141117,2019-05-17,0.000000,284,3100.000000,3110.000000,False,3105.000000,0.253285,0.200000,0.300000,0.000000,2214 x 800,,0.097520,0.009310,2905.220000,,True,0.250000,0.050000,False,6.883577
116,entry,2019-05-10,2019-05-10,2019-05-31,2019-06-21,dte_exit,long_put,P,2535.000000,2881.399902,42,16.040001,16.900000,0.024203,7.592315,3.305606,2019-06-21,0.000000,281,2530.000000,2540.000000,False,2535.000000,7.592315,5.300000,5.500000,8.500000,300 x 264,0.000000,0.235460,-0.052760,2880.920000,,True,5.400000,0.100000,False,-12.021931
116,entry,2019-05-10,2019-05-10,2019-05-31,2019-06-21,dte_exit,short_put,P,2570.000000,2881.399902,42,16.040001,16.900000,0.024203,9.273818,3.305606,2019-06-21,0.000000,281,2565.000000,2575.000000,False,2570.000000,9.273818,6.600000,6.900000,7.260000,1306 x 778,2.000000,0.226280,-0.066410,2880.920000,,True,6.750000,0.150000,False,-10.807243
116,entry,2019-05-10,2019-05-10,2019-05-31,2019-06-21,dte_exit,short_call,C,3115.000000,2881.399902,42,16.040001,16.900000,0.024203,3.132979,3.305606,2019-06-21,0.000000,281,3110.000000,3120.000000,False,3115.000000,3.132979,0.490000,0.610000,0.550000,1546 x 1,7.000000,0.104630,0.015490,2880.920000,,True,0.550000,0.060000,False,8.107174
116,entry,2019-05-10,2019-05-10,2019-05-31,2019-06-21,dte_exit,long_call,C,3150.000000,2881.399902,42,16.040001,16.900000,0.024203,1.508876,3.305606,2019-06-21,0.000000,281,3145.000000,3155.000000,False,3150.000000,1.508876,0.340000,0.460000,0.450000,1264 x 1,4.000000,0.112900,0.010970,2880.920000,,True,0.400000,0.060000,False,9.321861
116,exit,2019-05-31,2019-05-10,2019-05-31,2019-06-21,dte_exit,long_put,P,2535.000000,2752.060059,21,18.709999,18.830000,0.023387,6.028702,2.507575,2019-06-21,0.000000,281,2530.000000,2540.000000,False,2535.000000,6.028702,4.090000,4.290000,3.200000,1105 x 1469,213.000000,0.219760,-0.063660,2751.750000,,True,4.190000,0.100000,False,-7.887185
116,exit,2019-05-31,2019-05-10,2019-05-31,2019-06-21,dte_exit,short_put,P,2570.000000,2752.060059,21,18.709999,18.830000,0.023387,8.531386,2.507575,2019-06-21,0.000000,281,2565.000000,2575.000000,False,2570.000000,8.531386,6.000000,6.310000,6.530000,1727 x 1663,,0.210160,-0.091350,2751.750000,,True,6.155000,0.155000,False,-6.615410
116,exit,2019-05-31,2019-05-10,2019-05-31,2019-06-21,dte_exit,short_call,C,3115.000000,2752.060059,21,18.709999,18.830000,0.023387,0.005893,2.507575,2019-06-21,0.000000,281,3110.000000,3120.000000,False,3115.000000,0.005893,0.000000,0.100000,0.000000,0 x 1296,,0.170800,0.001320,2751.750000,,True,0.050000,0.050000,True,13.187937
116,exit,2019-05-31,2019-05-10,2019-05-31,2019-06-21,dte_exit,long_call,C,3150.000000,2752.060059,21,18.709999,18.830000,0.023387,0.001003,2.507575,2019-06-21,0.000000,281,3145.000000,3155.000000,False,3150.000000,0.001003,0.000000,0.050000,0.030000,0 x 506,686.000000,0.174690,0.001090,2751.750000,,True,0.025000,0.025000,True,14.459711
117,entry,2019-06-04,2019-06-04,2019-06-28,2019-07-19,dte_exit,long_put,P,2435.000000,2803.270020,45,16.969999,17.590000,0.023387,8.267707,3.214581,2019-07-19,0.000000,270,2430.000000,2440.000000,False,2435.000000,8.267707,3.900000,4.200000,4.600000,2658 x 2158,119.000000,0.232620,-0.042020,2803.310000,,True,4.050000,0.150000,False,-13.137158
117,entry,2019-06-04,2019-06-04,2019-06-28,2019-07-19,dte_exit,short_put,P,2470.000000,2803.270020,45,16.969999,17.590000,0.023387,9.955073,3.214581,2019-07-19,0.000000,270,2465.000000,2475.000000,False,2470.000000,9.955073,5.000000,5.190000,8.410000,1149 x 1106,0.000000,0.224040,-0.052350,2803.310000,,True,5.095000,0.095000,False,-11.888616
117,entry,2019-06-04,2019-06-04,2019-06-28,2019-07-19,dte_exit,short_call,C,3055.000000,2803.270020,45,16.969999,17.590000,0.023387,3.022840,3.214581,2019-07-19,0.000000,270,3050.000000,3060.000000,False,3055.000000,3.022840,0.800000,0.950000,0.000000,2203 x 1877,,0.118920,0.020400,2803.310000,,True,0.875000,0.075000,False,8.979869
117,entry,2019-06-04,2019-06-04,2019-06-28,2019-07-19,dte_exit,long_call,C,3090.000000,2803.270020,45,16.969999,17.590000,0.023387,1.495625,3.214581,2019-07-19,0.000000,270,3085.000000,3095.000000,False,3090.000000,1.495625,0.440000,0.590000,0.000000,2753 x 1525,,0.123060,0.012880,2803.310000,,True,0.515000,0.075000,False,10.228411
117,exit,2019-06-28,2019-06-04,2019-06-28,2019-07-19,dte_exit,long_put,P,2435.000000,2941.760010,21,15.080000,16.059999,0.021145,0.137241,3.382037,2019-07-19,0.000000,287,2430.000000,2440.000000,False,2435.000000,0.137241,0.550000,0.700000,0.000000,1760 x 820,,0.321610,-0.008140,2940.920000,,True,0.625000,0.075000,False,-17.226423
117,exit,2019-06-28,2019-06-04,2019-06-28,2019-07-19,dte_exit,short_put,P,2470.000000,2941.760010,21,15.080000,16.059999,0.021145,0.198944,3.382037,2019-07-19,0.000000,287,2465.000000,2475.000000,False,2470.000000,0.198944,0.650000,0.800000,0.730000,2189 x 740,586.000000,0.305450,-0.009270,2940.920000,,True,0.725000,0.075000,False,-16.036659
117,exit,2019-06-28,2019-06-04,2019-06-28,2019-07-19,dte_exit,short_call,C,3055.000000,2941.760010,21,15.080000,16.059999,0.021145,5.606610,3.382037,2019-07-19,0.000000,287,3050.000000,3060.000000,False,3055.000000,5.606610,2.560000,2.750000,2.050000,484 x 612,356.000000,0.110020,0.075190,2940.920000,,True,2.655000,0.095000,False,3.849396
117,exit,2019-06-28,2019-06-04,2019-06-28,2019-07-19,dte_exit,long_call,C,3090.000000,2941.760010,21,15.080000,16.059999,0.021145,2.286276,3.382037,2019-07-19,0.000000,287,3085.000000,3095.000000,False,3090.000000,2.286276,1.000000,1.150000,0.950000,1166 x 568,291.000000,0.112330,0.034420,2940.920000,,True,1.075000,0.075000,False,5.039160
118,entry,2019-07-02,2019-07-02,2019-07-22,2019-08-16,profit_target,long_put,P,2665.000000,2973.010010,45,12.930000,14.720000,0.021858,7.696019,4.017524,2019-08-16,0.000000,272,2660.000000,2670.000000,False,2665.000000,7.696019,4.800000,5.100000,5.680000,2800 x 2876,4.000000,0.195060,-0.055120,2973.210000,,True,4.950000,0.150000,False,-10.360208
118,entry,2019-07-02,2019-07-02,2019-07-22,2019-08-16,profit_target,short_put,P,2705.000000,2973.010010,45,12.930000,14.720000,0.021858,9.755509,4.017524,2019-08-16,0.000000,272,2700.000000,2710.000000,False,2705.000000,9.755509,6.210000,6.500000,7.000000,2969 x 1878,4.000000,0.184020,-0.071370,2973.210000,,True,6.355000,0.145000,False,-9.014770
118,entry,2019-07-02,2019-07-02,2019-07-22,2019-08-16,profit_target,short_call,C,3175.000000,2973.010010,45,12.930000,14.720000,0.021858,3.215424,4.017524,2019-08-16,0.000000,272,3170.000000,3180.000000,False,3175.000000,3.215424,0.710000,0.850000,0.700000,1265 x 2754,13.000000,0.091850,0.021880,2973.210000,,True,0.780000,0.070000,False,6.794124
118,entry,2019-07-02,2019-07-02,2019-07-22,2019-08-16,profit_target,long_call,C,3215.000000,2973.010010,45,12.930000,14.720000,0.021858,1.257390,4.017524,2019-08-16,0.000000,272,3210.000000,3220.000000,False,,,,,,,,,,,strike 3215 not listed (chain of 272 strikes; nearest 3210 / 3220),False,,,False,8.139562
118,exit,2019-07-22,2019-07-02,2019-07-22,2019-08-16,profit_target,long_put,P,2665.000000,2985.030029,25,13.530000,15.470000,0.020737,1.254579,1.056486,2019-08-16,0.000000,292,2660.000000,2670.000000,False,2665.000000,1.254579,1.900000,2.050000,2.150000,300 x 422,3.000000,0.225260,-0.028380,2985.030000,,True,1.975000,0.075000,False,-10.721166
118,exit,2019-07-22,2019-07-02,2019-07-22,2019-08-16,profit_target,short_put,P,2705.000000,2985.030029,25,13.530000,15.470000,0.020737,1.890896,1.056486,2019-08-16,0.000000,292,2700.000000,2710.000000,False,2705.000000,1.890896,2.450000,2.610000,2.650000,3282 x 2027,2.000000,0.208840,-0.037200,2985.030000,,True,2.530000,0.080000,False,-9.381146
118,exit,2019-07-22,2019-07-02,2019-07-22,2019-08-16,profit_target,short_call,C,3175.000000,2985.030029,25,13.530000,15.470000,0.020737,0.521546,1.056486,2019-08-16,0.000000,292,3170.000000,3180.000000,False,3175.000000,0.521546,0.100000,0.200000,0.200000,4574 x 237,34.000000,0.093330,0.005910,2985.030000,,True,0.150000,0.050000,False,6.364089
118,exit,2019-07-22,2019-07-02,2019-07-22,2019-08-16,profit_target,long_call,C,3215.000000,2985.030029,25,13.530000,15.470000,0.020737,0.101377,1.056486,2019-08-16,0.000000,292,3210.000000,3220.000000,False,3215.000000,0.101377,0.060000,0.150000,0.200000,2469 x 2249,0.000000,0.104620,0.004130,2985.030000,,True,0.105000,0.045000,False,7.704109
119,entry,2019-08-07,2019-08-07,2019-08-21,2019-09-20,profit_target,long_put,P,2460.000000,2883.979980,44,19.490000,19.500000,0.020125,9.019395,3.200846,2019-09-20,0.000000,296,2455.000000,2465.000000,False,2460.000000,9.019395,5.490000,5.900000,8.050000,2667 x 3576,11.000000,0.272710,-0.047980,2884.040000,,True,5.695000,0.205000,False,-14.701211
119,entry,2019-08-07,2019-08-07,2019-08-21,2019-09-20,profit_target,short_put,P,2495.000000,2883.979980,44,19.490000,19.500000,0.020125,10.685101,3.200846,2019-09-20,0.000000,296,2490.000000,2500.000000,False,2495.000000,10.685101,6.890000,7.300000,0.000000,1742 x 3054,,0.265210,-0.059340,2884.040000,,True,7.095000,0.205000,False,-13.487610
119,entry,2019-08-07,2019-08-07,2019-08-21,2019-09-20,profit_target,short_call,C,3175.000000,2883.979980,44,19.490000,19.500000,0.020125,3.389380,3.200846,2019-09-20,0.000000,296,3170.000000,3180.000000,False,3175.000000,3.389380,0.300000,0.500000,0.350000,1384 x 666,2.000000,0.120800,0.009920,2884.040000,,True,0.400000,0.100000,False,10.090917
119,entry,2019-08-07,2019-08-07,2019-08-21,2019-09-20,profit_target,long_call,C,3210.000000,2883.979980,44,19.490000,19.500000,0.020125,1.854240,3.200846,2019-09-20,0.000000,296,3205.000000,3215.000000,False,3210.000000,1.854240,0.150000,0.350000,0.000000,2354 x 1551,,0.125410,0.006660,2884.040000,,True,0.250000,0.100000,False,11.304517
119,exit,2019-08-21,2019-08-07,2019-08-21,2019-09-20,profit_target,long_put,P,2460.000000,2924.429932,30,15.800000,17.719999,0.019616,1.335419,0.817541,2019-09-20,0.000000,296,2455.000000,2465.000000,False,2460.000000,1.335419,1.000000,1.160000,1.030000,3128 x 2328,6.000000,0.271080,-0.013010,2924.460000,,True,1.080000,0.080000,False,-15.881042
119,exit,2019-08-21,2019-08-07,2019-08-21,2019-09-20,profit_target,short_put,P,2495.000000,2924.429932,30,15.800000,17.719999,0.019616,1.733077,0.817541,2019-09-20,0.000000,296,2490.000000,2500.000000,False,2495.000000,1.733077,1.250000,1.400000,1.300000,1636 x 2380,116.000000,0.259370,-0.016590,2924.460000,,True,1.325000,0.075000,False,-14.684227
119,exit,2019-08-21,2019-08-07,2019-08-21,2019-09-20,profit_target,short_call,C,3175.000000,2924.429932,30,15.800000,17.719999,0.019616,0.635955,0.817541,2019-09-20,0.000000,296,3170.000000,3180.000000,False,3175.000000,0.635955,0.150000,0.300000,0.180000,3003 x 3216,12.000000,0.114510,0.006830,2924.460000,,True,0.225000,0.075000,False,8.568168
119,exit,2019-08-21,2019-08-07,2019-08-21,2019-09-20,profit_target,long_call,C,3210.000000,2924.429932,30,15.800000,17.719999,0.019616,0.216071,0.817541,2019-09-20,0.000000,296,3205.000000,3215.000000,False,3210.000000,0.216071,0.050000,0.190000,0.110000,3384 x 3272,16.000000,0.119400,0.004220,2924.460000,,True,0.120000,0.070000,False,9.764982
120,entry,2019-08-21,2019-08-21,2019-08-30,2019-09-20,dte_exit,long_put,P,2530.000000,2924.429932,30,15.800000,17.719999,0.019616,2.255015,1.102224,2019-09-20,0.000000,296,2525.000000,2535.000000,False,2530.000000,2.255015,1.550000,1.710000,2.750000,2026 x 1314,0.000000,0.247260,-0.020120,2924.460000,,True,1.630000,0.080000,False,-13.487413
120,entry,2019-08-21,2019-08-21,2019-08-30,2019-09-20,dte_exit,short_put,P,2570.000000,2924.429932,30,15.800000,17.719999,0.019616,3.057330,1.102224,2019-09-20,0.000000,296,2565.000000,2575.000000,False,2570.000000,3.057330,2.110000,2.250000,2.250000,1740 x 1980,1.000000,0.235510,-0.028030,2924.460000,,True,2.180000,0.070000,False,-12.119625
120,entry,2019-08-21,2019-08-21,2019-08-30,2019-09-20,dte_exit,short_call,C,3190.000000,2924.429932,30,15.800000,17.719999,0.019616,0.408162,1.102224,2019-09-20,0.000000,296,3185.000000,3195.000000,False,3190.000000,0.408162,0.100000,0.250000,0.200000,3074 x 3378,4.000000,0.116970,0.005510,2924.460000,,True,0.175000,0.075000,False,9.081088
120,entry,2019-08-21,2019-08-21,2019-08-30,2019-09-20,dte_exit,long_call,C,3230.000000,2924.429932,30,15.800000,17.719999,0.019616,0.108253,1.102224,2019-09-20,0.000000,296,3225.000000,3235.000000,False,3230.000000,0.108253,0.000000,0.150000,0.000000,0 x 1666,,0.120210,0.002490,2924.460000,,True,0.075000,0.075000,True,10.448876
120,exit,2019-08-30,2019-08-21,2019-08-30,2019-09-20,dte_exit,long_put,P,2530.000000,2926.459961,21,18.980000,19.540001,0.019820,1.367458,0.965087,2019-09-20,0.000000,296,2525.000000,2535.000000,False,2530.000000,1.367458,1.550000,1.750000,1.550000,3022 x 1709,3.000000,0.291060,-0.020600,2924.140000,,True,1.650000,0.100000,False,-13.547425
120,exit,2019-08-30,2019-08-21,2019-08-30,2019-09-20,dte_exit,short_put,P,2570.000000,2926.459961,21,18.980000,19.540001,0.019820,1.986376,0.965087,2019-09-20,0.000000,296,2565.000000,2575.000000,False,2570.000000,1.986376,2.210000,2.350000,2.240000,559 x 261,364.000000,0.278690,-0.028830,2924.140000,,True,2.280000,0.070000,False,-12.180586
120,exit,2019-08-30,2019-08-21,2019-08-30,2019-09-20,dte_exit,short_call,C,3190.000000,2926.459961,21,18.980000,19.540001,0.019820,0.489898,0.965087,2019-09-20,0.000000,296,3185.000000,3195.000000,False,3190.000000,0.489898,0.000000,0.150000,0.150000,0 x 920,0.000000,0.129730,0.002540,2924.140000,,True,0.075000,0.075000,True,9.005421
120,exit,2019-08-30,2019-08-21,2019-08-30,2019-09-20,dte_exit,long_call,C,3230.000000,2926.459961,21,18.980000,19.540001,0.019820,0.143729,0.965087,2019-09-20,0.000000,296,3225.000000,3235.000000,False,3230.000000,0.143729,0.000000,0.100000,0.000000,0 x 880,,0.140560,0.001720,2924.140000,,True,0.050000,0.050000,True,10.372260
121,entry,2019-09-03,2019-09-03,2019-09-17,2019-10-18,profit_target,long_put,P,2390.000000,2906.270020,45,19.660000,20.120001,0.019718,6.676301,2.144764,2019-10-18,0.000000,267,2385.000000,2395.000000,False,2390.000000,6.676301,3.710000,3.890000,0.000000,2479 x 1997,,0.299550,-0.030980,2906.410000,,True,3.800000,0.090000,False,-17.764007
121,entry,2019-09-03,2019-09-03,2019-09-17,2019-10-18,profit_target,short_put,P,2430.000000,2906.270020,45,19.660000,20.120001,0.019718,8.025162,2.144764,2019-10-18,0.000000,267,2425.000000,2435.000000,False,2430.000000,8.025162,4.690000,4.890000,0.000000,2359 x 210,,0.290060,-0.038090,2906.410000,,True,4.790000,0.100000,False,-16.387673
121,entry,2019-09-03,2019-09-03,2019-09-17,2019-10-18,profit_target,short_call,C,3260.000000,2906.270020,45,19.660000,20.120001,0.019718,1.470582,2.144764,2019-10-18,0.000000,267,3250.000000,3270.000000,False,3260.000000,1.470582,0.050000,0.200000,0.000000,4176 x 1624,,0.120800,0.003280,2906.410000,,True,0.125000,0.075000,False,12.171270
121,entry,2019-09-03,2019-09-03,2019-09-17,2019-10-18,profit_target,long_call,C,3300.000000,2906.270020,45,19.660000,20.120001,0.019718,0.674679,2.144764,2019-10-18,0.000000,267,3290.000000,3310.000000,False,3300.000000,0.674679,0.000000,0.150000,0.450000,0 x 1413,3.000000,0.125300,0.001530,2906.410000,,True,0.075000,0.075000,True,13.547605
121,exit,2019-09-17,2019-09-03,2019-09-17,2019-10-18,profit_target,long_put,P,2390.000000,3005.699951,31,14.440000,17.230000,0.019820,0.422056,0.438587,2019-10-18,0.000000,267,2385.000000,2395.000000,False,2390.000000,0.422056,0.390000,0.560000,0.000000,5343 x 3080,,0.306850,-0.004990,3005.490000,,True,0.475000,0.085000,False,-20.484412
121,exit,2019-09-17,2019-09-03,2019-09-17,2019-10-18,profit_target,short_put,P,2430.000000,3005.699951,31,14.440000,17.230000,0.019820,0.559722,0.438587,2019-10-18,0.000000,267,2425.000000,2435.000000,False,2430.000000,0.559722,0.550000,0.650000,0.790000,298 x 1384,331.000000,0.295090,-0.007170,3005.490000,,True,0.600000,0.050000,False,-19.153607
121,exit,2019-09-17,2019-09-03,2019-09-17,2019-10-18,profit_target,short_call,C,3260.000000,3005.699951,31,14.440000,17.230000,0.019820,0.400376,0.438587,2019-10-18,0.000000,267,3250.000000,3270.000000,False,3260.000000,0.400376,0.190000,0.300000,0.000000,400 x 3777,,0.113540,0.008010,3005.490000,,True,0.245000,0.055000,False,8.460593
121,exit,2019-09-17,2019-09-03,2019-09-17,2019-10-18,profit_target,long_call,C,3300.000000,3005.699951,31,14.440000,17.230000,0.019820,0.099455,0.438587,2019-10-18,0.000000,267,3290.000000,3310.000000,False,3300.000000,0.099455,0.100000,0.150000,0.150000,400 x 20,1.000000,0.119140,0.003960,3005.490000,,True,0.125000,0.025000,False,9.791398
122,entry,2019-09-17,2019-09-17,2019-09-27,2019-10-18,dte_exit,long_put,P,2700.000000,3005.699951,31,14.440000,17.230000,0.019820,4.116975,2.782038,2019-10-18,0.000000,267,2695.000000,2705.000000,False,2700.000000,4.116975,3.510000,3.690000,3.700000,2571 x 710,,0.215020,-0.045010,3005.490000,,True,3.600000,0.090000,False,-10.170674
122,entry,2019-09-17,2019-09-17,2019-09-27,2019-10-18,dte_exit,short_put,P,2740.000000,3005.699951,31,14.440000,17.230000,0.019820,5.637024,2.782038,2019-10-18,0.000000,267,2735.000000,2745.000000,False,2740.000000,5.637024,4.810000,5.010000,5.400000,1428 x 2155,5.000000,0.203850,-0.061250,3005.490000,,True,4.910000,0.100000,False,-8.839869
122,entry,2019-09-17,2019-09-17,2019-09-27,2019-10-18,dte_exit,short_call,C,3205.000000,3005.699951,31,14.440000,17.230000,0.019820,1.897743,2.782038,2019-10-18,0.000000,267,3200.000000,3210.000000,False,3205.000000,1.897743,0.590000,0.700000,0.650000,1 x 1675,1.000000,0.105410,0.018930,3005.490000,,True,0.645000,0.055000,False,6.630737
122,entry,2019-09-17,2019-09-17,2019-09-27,2019-10-18,dte_exit,long_call,C,3245.000000,3005.699951,31,14.440000,17.230000,0.019820,0.635753,2.782038,2019-10-18,0.000000,267,3240.000000,3250.000000,False,3245.000000,0.635753,0.250000,0.350000,0.000000,2521 x 2314,,0.110230,0.008690,3005.490000,,True,0.300000,0.050000,False,7.961541
122,exit,2019-09-27,2019-09-17,2019-09-27,2019-10-18,dte_exit,long_put,P,2700.000000,2961.790039,21,17.219999,18.750000,0.017884,3.142558,1.836362,2019-10-18,0.000000,267,2695.000000,2705.000000,False,2700.000000,3.142558,3.600000,3.900000,3.900000,2127 x 2025,,0.234650,-0.051670,2962.050000,,True,3.750000,0.150000,False,-8.838913
122,exit,2019-09-27,2019-09-17,2019-09-27,2019-10-18,dte_exit,short_put,P,2740.000000,2961.790039,21,17.219999,18.750000,0.017884,4.762936,1.836362,2019-10-18,0.000000,267,2735.000000,2745.000000,False,2740.000000,4.762936,5.290000,5.590000,7.050000,757 x 2235,11.000000,0.222640,-0.073890,2962.050000,,True,5.440000,0.150000,False,-7.488378
122,exit,2019-09-27,2019-09-17,2019-09-27,2019-10-18,dte_exit,short_call,C,3205.000000,2961.790039,21,17.219999,18.750000,0.017884,0.277487,1.836362,2019-10-18,0.000000,267,3200.000000,3210.000000,False,3205.000000,0.277487,0.000000,0.150000,0.100000,0 x 3192,59.000000,0.116180,0.003150,2962.050000,,True,0.075000,0.075000,True,8.211587
122,exit,2019-09-27,2019-09-17,2019-09-27,2019-10-18,dte_exit,long_call,C,3245.000000,2961.790039,21,17.219999,18.750000,0.017884,0.061503,1.836362,2019-10-18,0.000000,267,3240.000000,3250.000000,False,3245.000000,0.061503,0.000000,0.100000,0.000000,0 x 1275,,0.127500,0.001990,2962.050000,,True,0.050000,0.050000,True,9.562121
123,entry,2019-10-01,2019-10-01,2019-10-14,2019-11-15,profit_target,long_put,P,2515.000000,2940.250000,45,18.559999,19.350000,0.018088,9.305407,3.664174,2019-11-15,0.000000,267,2510.000000,2520.000000,False,2515.000000,9.305407,5.100000,5.300000,0.000000,507 x 2964,,0.261360,-0.045120,2940.140000,,True,5.200000,0.100000,False,-14.463056
123,entry,2019-10-01,2019-10-01,2019-10-14,2019-11-15,profit_target,short_put,P,2555.000000,2940.250000,45,18.559999,19.350000,0.018088,11.250317,3.664174,2019-11-15,0.000000,267,2550.000000,2560.000000,False,2555.000000,11.250317,6.510000,6.800000,6.820000,960 x 2477,6.000000,0.251750,-0.056700,2940.140000,,True,6.655000,0.145000,False,-13.102627
123,entry,2019-10-01,2019-10-01,2019-10-14,2019-11-15,profit_target,short_call,C,3230.000000,2940.250000,45,18.559999,19.350000,0.018088,3.431350,3.664174,2019-11-15,0.000000,267,3225.000000,3235.000000,False,3230.000000,3.431350,0.350000,0.450000,2.200000,300 x 846,10.000000,0.116190,0.009880,2940.140000,,True,0.400000,0.050000,False,9.854604
123,entry,2019-10-01,2019-10-01,2019-10-14,2019-11-15,profit_target,long_call,C,3270.000000,2940.250000,45,18.559999,19.350000,0.018088,1.712087,3.664174,2019-11-15,0.000000,267,3260.000000,3275.000000,False,3270.000000,1.712087,0.140000,0.260000,0.000000,1750 x 661,,0.119050,0.004770,2940.140000,,True,0.200000,0.060000,False,11.215033
123,exit,2019-10-14,2019-10-01,2019-10-14,2019-11-15,profit_target,long_put,P,2515.000000,2966.149902,32,14.570000,17.120001,0.016764,1.546955,0.772410,2019-11-15,0.000000,267,2510.000000,2520.000000,False,2515.000000,1.546955,0.960000,1.100000,1.000000,1957 x 1787,3.000000,0.248280,-0.013440,2966.130000,,True,1.030000,0.070000,False,-15.209950
123,exit,2019-10-14,2019-10-01,2019-10-14,2019-11-15,profit_target,short_put,P,2555.000000,2966.149902,32,14.570000,17.120001,0.016764,2.063890,0.772410,2019-11-15,0.000000,267,2550.000000,2560.000000,False,2555.000000,2.063890,1.250000,1.400000,2.350000,1263 x 1989,0.000000,0.236360,-0.016790,2966.130000,,True,1.325000,0.075000,False,-13.861400
123,exit,2019-10-14,2019-10-01,2019-10-14,2019-11-15,profit_target,short_call,C,3230.000000,2966.149902,32,14.570000,17.120001,0.016764,0.338498,0.772410,2019-11-15,0.000000,267,3225.000000,3235.000000,False,3230.000000,0.338498,0.110000,0.200000,0.150000,135 x 2246,6.000000,0.110530,0.004900,2966.130000,,True,0.155000,0.045000,False,8.895373
123,exit,2019-10-14,2019-10-01,2019-10-14,2019-11-15,profit_target,long_call,C,3270.000000,2966.149902,32,14.570000,17.120001,0.016764,0.083023,0.772410,2019-11-15,0.000000,267,3260.000000,3275.000000,False,3270.000000,0.083023,0.000000,0.140000,0.100000,0 x 2672,1.000000,0.116010,0.002890,2966.130000,,True,0.070000,0.070000,True,10.243923
124,entry,2019-10-14,2019-10-14,2019-10-25,2019-11-15,profit_target,long_put,P,2640.000000,2966.149902,32,14.570000,17.120001,0.016764,3.866092,2.343156,2019-11-15,0.000000,267,2635.000000,2645.000000,False,2640.000000,3.866092,2.490000,2.650000,2.540000,663 x 966,7.000000,0.212770,-0.033170,2966.130000,,True,2.570000,0.080000,False,-10.995732
124,entry,2019-10-14,2019-10-14,2019-10-25,2019-11-15,profit_target,short_put,P,2680.000000,2966.149902,32,14.570000,17.120001,0.016764,5.235607,2.343156,2019-11-15,0.000000,267,2675.000000,2685.000000,False,2680.000000,5.235607,3.510000,3.700000,3.700000,1996 x 536,636.000000,0.202520,-0.047370,2966.130000,,True,3.605000,0.095000,False,-9.647183
124,entry,2019-10-14,2019-10-14,2019-10-25,2019-11-15,profit_target,short_call,C,3180.000000,2966.149902,32,14.570000,17.120001,0.016764,1.437423,2.343156,2019-11-15,0.000000,267,3175.000000,3185.000000,False,3180.000000,1.437423,0.250000,0.460000,0.370000,125 x 125,53.000000,0.102500,0.011350,2966.130000,,True,0.355000,0.105000,False,7.209686
124,entry,2019-10-14,2019-10-14,2019-10-25,2019-11-15,profit_target,long_call,C,3220.000000,2966.149902,32,14.570000,17.120001,0.016764,0.463782,2.343156,2019-11-15,0.000000,267,3215.000000,3225.000000,False,3220.000000,0.463782,0.100000,0.250000,0.280000,760 x 4439,0.000000,0.109530,0.005860,2966.130000,,True,0.175000,0.075000,False,8.558236
124,exit,2019-10-25,2019-10-14,2019-10-25,2019-11-15,profit_target,long_put,P,2640.000000,3022.550049,21,12.650000,15.710000,0.016561,0.113418,0.218094,2019-11-15,0.000000,267,2635.000000,2645.000000,False,2640.000000,0.113418,0.450000,0.550000,1.000000,3227 x 1871,0.000000,0.231220,-0.008680,3022.190000,,True,0.500000,0.050000,False,-12.656533
124,exit,2019-10-25,2019-10-14,2019-10-25,2019-11-15,profit_target,short_put,P,2680.000000,3022.550049,21,12.650000,15.710000,0.016561,0.190309,0.218094,2019-11-15,0.000000,267,2675.000000,2685.000000,False,2680.000000,0.190309,0.600000,0.750000,0.750000,2299 x 3109,20.000000,0.216270,-0.012240,3022.190000,,True,0.675000,0.075000,False,-11.333147
124,exit,2019-10-25,2019-10-14,2019-10-25,2019-11-15,profit_target,short_call,C,3180.000000,3022.550049,21,12.650000,15.710000,0.016561,0.152911,0.218094,2019-11-15,0.000000,267,3175.000000,3185.000000,False,3180.000000,0.152911,0.250000,0.360000,0.220000,1943 x 3141,0.000000,0.094680,0.012210,3022.190000,,True,0.305000,0.055000,False,5.209176
124,exit,2019-10-25,2019-10-14,2019-10-25,2019-11-15,profit_target,long_call,C,3220.000000,3022.550049,21,12.650000,15.710000,0.016561,0.011709,0.218094,2019-11-15,0.000000,267,3215.000000,3225.000000,False,3220.000000,0.011709,0.100000,0.150000,0.100000,347 x 5,0.000000,0.103110,0.004800,3022.190000,,True,0.125000,0.025000,False,6.532562
125,entry,2019-11-05,2019-11-05,2019-11-22,2019-12-20,profit_target,long_put,P,2715.000000,3074.620117,45,13.100000,15.910000,0.015543,7.406436,3.135750,2019-12-20,0.000000,302,2710.000000,2720.000000,False,2715.000000,7.406436,4.800000,5.000000,4.700000,1425 x 2676,0.000000,0.212240,-0.049410,3074.810000,,True,4.900000,0.100000,False,-11.696408
125,entry,2019-11-05,2019-11-05,2019-11-22,2019-12-20,profit_target,short_put,P,2755.000000,3074.620117,45,13.100000,15.910000,0.015543,9.205729,3.135750,2019-12-20,0.000000,302,2750.000000,2760.000000,False,2755.000000,9.205729,6.100000,6.300000,5.900000,167 x 1915,0.000000,0.201980,-0.063350,3074.810000,,True,6.200000,0.100000,False,-10.395434
125,entry,2019-11-05,2019-11-05,2019-11-22,2019-12-20,profit_target,short_call,C,3315.000000,3074.620117,45,13.100000,15.910000,0.015543,2.202656,3.135750,2019-12-20,0.000000,302,3310.000000,3320.000000,False,,,,,,,,,,,strike 3315 not listed (chain of 302 strikes; nearest 3310 / 3320),False,,,False,7.818198
125,entry,2019-11-05,2019-11-05,2019-11-22,2019-12-20,profit_target,long_call,C,3355.000000,3074.620117,45,13.100000,15.910000,0.015543,0.866198,3.135750,2019-12-20,0.000000,302,3350.000000,3360.000000,False,,,,,,,,,,,strike 3355 not listed (chain of 302 strikes; nearest 3350 / 3360),False,,,False,9.119172
125,exit,2019-11-22,2019-11-05,2019-11-22,2019-12-20,profit_target,long_put,P,2715.000000,3110.290039,28,12.340000,15.400000,0.015746,0.825196,0.622368,2019-12-20,0.000000,311,2710.000000,2720.000000,False,2715.000000,0.825196,1.150000,1.300000,1.750000,3089 x 2853,192.000000,0.229290,-0.016970,3110.300000,,True,1.225000,0.075000,False,-12.709105
125,exit,2019-11-22,2019-11-05,2019-11-22,2019-12-20,profit_target,short_put,P,2755.000000,3110.290039,28,12.340000,15.400000,0.015746,1.180065,0.622368,2019-12-20,0.000000,311,2750.000000,2760.000000,False,2755.000000,1.180065,1.600000,1.690000,1.580000,190 x 1497,2.000000,0.216910,-0.022380,3110.300000,,True,1.645000,0.045000,False,-11.423052
125,exit,2019-11-22,2019-11-05,2019-11-22,2019-12-20,profit_target,short_call,C,3315.000000,3110.290039,28,12.340000,15.400000,0.015746,0.323693,0.622368,2019-12-20,0.000000,311,3310.000000,3320.000000,False,3315.000000,0.323693,0.250000,0.360000,0.000000,105 x 1791,,0.098090,0.010660,3110.300000,,True,0.305000,0.055000,False,6.581700
125,exit,2019-11-22,2019-11-05,2019-11-22,2019-12-20,profit_target,long_call,C,3355.000000,3110.290039,28,12.340000,15.400000,0.015746,0.056194,0.622368,2019-12-20,0.000000,311,3350.000000,3360.000000,False,,,,,,,,,,,strike 3355 not listed (chain of 311 strikes; nearest 3350 / 3360),False,,,False,7.867754
126,entry,2019-12-03,2019-12-03,2019-12-27,2020-01-17,dte_exit,long_put,P,2705.000000,3093.199951,45,15.960000,17.629999,0.015644,9.480595,3.931353,2020-01-17,0.000000,295,2700.000000,2710.000000,False,2705.000000,9.480595,5.710000,6.010000,6.090000,1969 x 1986,2.000000,0.235500,-0.052420,3093.330000,,True,5.860000,0.150000,False,-12.550109
126,entry,2019-12-03,2019-12-03,2019-12-27,2020-01-17,dte_exit,short_put,P,2745.000000,3093.199951,45,15.960000,17.629999,0.015644,11.542497,3.931353,2020-01-17,0.000000,295,2740.000000,2750.000000,False,2745.000000,11.542497,7.400000,7.700000,8.270000,918 x 1562,8.000000,0.227040,-0.066380,3093.330000,,True,7.550000,0.150000,False,-11.256949
126,entry,2019-12-03,2019-12-03,2019-12-27,2020-01-17,dte_exit,short_call,C,3355.000000,3093.199951,45,15.960000,17.629999,0.015644,3.579358,3.931353,2020-01-17,0.000000,295,3350.000000,3360.000000,False,3355.000000,3.579358,0.550000,0.690000,0.550000,1439 x 585,1.000000,0.107030,0.015260,3093.330000,,True,0.620000,0.070000,False,8.463729
126,entry,2019-12-03,2019-12-03,2019-12-27,2020-01-17,dte_exit,long_call,C,3395.000000,3093.199951,45,15.960000,17.629999,0.015644,1.709907,3.931353,2020-01-17,0.000000,295,3390.000000,3400.000000,False,,,,,,,,,,,strike 3395 not listed (chain of 295 strikes; nearest 3390 / 3400),False,,,False,9.756888
126,exit,2019-12-27,2019-12-03,2019-12-27,2020-01-17,dte_exit,long_put,P,2705.000000,3240.020020,21,13.430000,15.950000,0.015644,0.057578,2.316087,2020-01-17,0.000000,313,2700.000000,2710.000000,False,2705.000000,0.057578,0.610000,0.700000,0.650000,3875 x 1526,1.000000,0.306890,-0.007410,3239.950000,,True,0.655000,0.045000,False,-16.512862
126,exit,2019-12-27,2019-12-03,2019-12-27,2020-01-17,dte_exit,short_put,P,2745.000000,3240.020020,21,13.430000,15.950000,0.015644,0.088276,2.316087,2020-01-17,0.000000,313,2740.000000,2750.000000,False,2745.000000,0.088276,0.750000,0.850000,0.850000,1181 x 2409,1.000000,0.292090,-0.009990,3239.950000,,True,0.800000,0.050000,False,-15.278301
126,exit,2019-12-27,2019-12-03,2019-12-27,2020-01-17,dte_exit,short_call,C,3355.000000,3240.020020,21,13.430000,15.950000,0.015644,3.105962,2.316087,2020-01-17,0.000000,313,3350.000000,3360.000000,False,3355.000000,3.105962,0.950000,1.050000,1.150000,1398 x 659,11.000000,0.084100,0.037730,3239.950000,,True,1.000000,0.050000,False,3.548743
126,exit,2019-12-27,2019-12-03,2019-12-27,2020-01-17,dte_exit,long_call,C,3395.000000,3240.020020,21,13.430000,15.950000,0.015644,0.820573,2.316087,2020-01-17,0.000000,313,3390.000000,3400.000000,False,3395.000000,0.820573,0.300000,0.400000,0.380000,886 x 2800,2.000000,0.089870,0.014170,3239.950000,,True,0.350000,0.050000,False,4.783303
127,entry,2020-01-07,2020-01-07,2020-01-31,2020-02-21,dte_exit,long_put,P,2885.000000,3237.179932,45,13.790000,15.860000,0.015339,9.401807,4.252370,2020-02-21,0.000000,302,2880.000000,2890.000000,False,2885.000000,9.401807,5.700000,6.000000,7.100000,2388 x 1745,0.000000,0.205720,-0.056160,3237.130000,,True,5.850000,0.150000,False,-10.879220
127,entry,2020-01-07,2020-01-07,2020-01-31,2020-02-21,dte_exit,short_put,P,2925.000000,3237.179932,45,13.790000,15.860000,0.015339,11.562697,4.252370,2020-02-21,0.000000,302,2920.000000,2930.000000,False,2925.000000,11.562697,7.300000,7.600000,7.350000,1262 x 1993,901.000000,0.196350,-0.072000,3237.130000,,True,7.450000,0.150000,False,-9.643577
127,entry,2020-01-07,2020-01-07,2020-01-31,2020-02-21,dte_exit,short_call,C,3470.000000,3237.179932,45,13.790000,15.860000,0.015339,3.842563,4.252370,2020-02-21,0.000000,302,3465.000000,3475.000000,False,3470.000000,3.842563,0.300000,0.450000,1.580000,2050 x 2957,8.000000,0.087710,0.010790,3237.130000,,True,0.375000,0.075000,False,7.192064
127,entry,2020-01-07,2020-01-07,2020-01-31,2020-02-21,dte_exit,long_call,C,3510.000000,3237.179932,45,13.790000,15.860000,0.015339,1.751082,4.252370,2020-02-21,0.000000,302,3500.000000,3520.000000,False,3510.000000,1.751082,0.150000,0.250000,0.270000,569 x 2625,0.000000,0.092620,0.006340,3237.130000,,True,0.200000,0.050000,False,8.427708
127,exit,2020-01-31,2020-01-07,2020-01-31,2020-02-21,dte_exit,long_put,P,2885.000000,3225.520020,21,18.840000,18.629999,0.015441,3.693347,2.543479,2020-02-21,0.000000,321,2880.000000,2890.000000,False,2885.000000,3.693347,3.410000,3.700000,3.100000,1855 x 433,6.000000,0.265790,-0.041150,3224.930000,,True,3.555000,0.145000,False,-10.557058
127,exit,2020-01-31,2020-01-07,2020-01-31,2020-02-21,dte_exit,short_put,P,2925.000000,3225.520020,21,18.840000,18.629999,0.015441,5.160403,2.543479,2020-02-21,0.000000,321,2920.000000,2930.000000,False,2925.000000,5.160403,4.510000,4.800000,4.100000,245 x 337,7.000000,0.251780,-0.053440,3224.930000,,True,4.655000,0.145000,False,-9.316948
127,exit,2020-01-31,2020-01-07,2020-01-31,2020-02-21,dte_exit,short_call,C,3470.000000,3225.520020,21,18.840000,18.629999,0.015441,1.801955,2.543479,2020-02-21,0.000000,321,3465.000000,3475.000000,False,3470.000000,1.801955,0.000000,0.250000,0.050000,0 x 539,3.000000,0.113240,0.004800,3224.930000,,True,0.125000,0.125000,True,7.579552
127,exit,2020-01-31,2020-01-07,2020-01-31,2020-02-21,dte_exit,long_call,C,3510.000000,3225.520020,21,18.840000,18.629999,0.015441,0.725532,2.543479,2020-02-21,0.000000,321,3505.000000,3515.000000,False,3510.000000,0.725532,0.000000,0.200000,0.100000,0 x 791,8.000000,0.126240,0.002890,3224.930000,,True,0.100000,0.100000,True,8.819663
128,entry,2020-02-04,2020-02-04,2020-02-28,2020-03-20,dte_exit,long_put,P,2880.000000,3297.590088,45,16.049999,16.700001,0.015644,9.271258,4.062075,2020-03-20,0.000000,316,2875.000000,2885.000000,False,2880.000000,9.271258,6.000000,6.310000,5.990000,2537 x 2692,2.000000,0.237730,-0.050960,3297.800000,,True,6.155000,0.155000,False,-12.663493
128,entry,2020-02-04,2020-02-04,2020-02-28,2020-03-20,dte_exit,short_put,P,2925.000000,3297.590088,45,16.049999,16.700001,0.015644,11.445708,4.062075,2020-03-20,0.000000,316,2920.000000,2930.000000,False,2925.000000,11.445708,7.700000,7.900000,7.500000,107 x 1608,17.000000,0.227460,-0.064830,3297.800000,,True,7.800000,0.100000,False,-11.298860
128,entry,2020-02-04,2020-02-04,2020-02-28,2020-03-20,dte_exit,short_call,C,3575.000000,3297.590088,45,16.049999,16.700001,0.015644,3.367877,4.062075,2020-03-20,0.000000,316,3570.000000,3580.000000,False,3575.000000,3.367877,0.560000,0.700000,0.600000,953 x 3192,11.000000,0.105430,0.014600,3297.800000,,True,0.630000,0.070000,False,8.412504
128,entry,2020-02-04,2020-02-04,2020-02-28,2020-03-20,dte_exit,long_call,C,3620.000000,3297.590088,45,16.049999,16.700001,0.015644,1.480252,4.062075,2020-03-20,0.000000,316,3610.000000,3625.000000,False,3620.000000,1.480252,0.200000,0.350000,0.000000,2467 x 500,,0.107290,0.006440,3297.800000,,True,0.275000,0.075000,False,9.777137
128,exit,2020-02-28,2020-02-04,2020-02-28,2020-03-20,dte_exit,long_put,P,2880.000000,2954.219971,21,40.110001,29.850000,0.012694,98.805658,18.199326,2020-03-20,0.000000,347,2875.000000,2885.000000,False,2880.000000,98.805658,96.500000,99.900000,106.000000,30 x 30,,0.466380,-0.386580,2956.690000,,True,98.200000,1.700000,False,-2.512337
128,exit,2020-02-28,2020-02-04,2020-02-28,2020-03-20,dte_exit,short_put,P,2925.000000,2954.219971,21,40.110001,29.850000,0.012694,116.147692,18.199326,2020-03-20,0.000000,347,2920.000000,2930.000000,False,2925.000000,116.147692,110.100000,113.710000,136.000000,23 x 23,,0.442030,-0.438600,2956.690000,,True,111.905000,1.805000,False,-0.989093
128,exit,2020-02-28,2020-02-04,2020-02-28,2020-03-20,dte_exit,short_call,C,3575.000000,2954.219971,21,40.110001,29.850000,0.012694,2.388334,18.199326,2020-03-20,0.000000,347,3570.000000,3580.000000,False,3575.000000,2.388334,0.000000,4.890000,0.100000,0 x 100,0.000000,0.383300,0.024060,2956.690000,,True,2.445000,2.445000,True,21.013331
128,exit,2020-02-28,2020-02-04,2020-02-28,2020-03-20,dte_exit,long_call,C,3620.000000,2954.219971,21,40.110001,29.850000,0.012694,1.531042,18.199326,2020-03-20,0.000000,347,3615.000000,3625.000000,False,3620.000000,1.531042,0.000000,4.910000,0.100000,0 x 100,2.000000,0.403500,0.022720,2956.690000,,True,2.455000,2.455000,True,22.536576
129,entry,2020-06-12,2020-06-12,2020-06-26,2020-07-17,dte_exit,long_put,P,2050.000000,3041.310059,35,36.090000,38.049999,0.001623,3.790062,1.095020,2020-07-17,0.000000,372,2040.000000,2060.000000,False,2050.000000,3.790062,3.800000,4.300000,6.000000,245 x 366,91.000000,0.621640,-0.017890,3040.490000,,True,4.050000,0.250000,False,-32.594837
129,entry,2020-06-12,2020-06-12,2020-06-26,2020-07-17,dte_exit,short_put,P,2090.000000,3041.310059,35,36.090000,38.049999,0.001623,4.498537,1.095020,2020-07-17,0.000000,372,2080.000000,2100.000000,False,2090.000000,4.498537,4.300000,4.800000,4.700000,267 x 280,19.000000,0.605480,-0.020430,3040.490000,,True,4.550000,0.250000,False,-31.279614
129,entry,2020-06-12,2020-06-12,2020-06-26,2020-07-17,dte_exit,short_call,C,3755.000000,3041.310059,35,36.090000,38.049999,0.001623,1.053037,1.095020,2020-07-17,0.000000,372,3750.000000,3775.000000,False,,,,,,,,,,,strike 3755 not listed (chain of 372 strikes; nearest 3750 / 3775),False,,,False,23.466530
129,entry,2020-06-12,2020-06-12,2020-06-26,2020-07-17,dte_exit,long_call,C,3795.000000,3041.310059,35,36.090000,38.049999,0.001623,0.666491,1.095020,2020-07-17,0.000000,372,3775.000000,3800.000000,False,,,,,,,,,,,strike 3795 not listed (chain of 372 strikes; nearest 3775 / 3800),False,,,False,24.781753
129,exit,2020-06-26,2020-06-12,2020-06-26,2020-07-17,dte_exit,long_put,P,2050.000000,3009.050049,21,34.730000,35.799999,0.001420,0.396785,0.135154,2020-07-17,0.000000,372,2040.000000,2060.000000,False,2050.000000,0.396785,1.490000,1.950000,1.230000,616 x 962,10.000000,0.691770,-0.009020,3009.560000,,True,1.720000,0.230000,False,-31.872187
129,exit,2020-06-26,2020-06-12,2020-06-26,2020-07-17,dte_exit,short_put,P,2090.000000,3009.050049,21,34.730000,35.799999,0.001420,0.523988,0.135154,2020-07-17,0.000000,372,2080.000000,2100.000000,False,2090.000000,0.523988,1.760000,1.890000,2.250000,594 x 1036,2.000000,0.665980,-0.010170,3009.560000,,True,1.825000,0.065000,False,-30.542863
129,exit,2020-06-26,2020-06-12,2020-06-26,2020-07-17,dte_exit,short_call,C,3755.000000,3009.050049,21,34.730000,35.799999,0.001420,0.013297,0.135154,2020-07-17,0.000000,372,3750.000000,3775.000000,False,,,,,,,,,,,strike 3755 not listed (chain of 372 strikes; nearest 3750 / 3775),False,,,False,24.790214
129,exit,2020-06-26,2020-06-12,2020-06-26,2020-07-17,dte_exit,long_call,C,3795.000000,3009.050049,21,34.730000,35.799999,0.001420,0.005346,0.135154,2020-07-17,0.000000,372,3775.000000,3800.000000,False,,,,,,,,,,,strike 3795 not listed (chain of 372 strikes; nearest 3775 / 3800),False,,,False,26.119537
130,entry,2020-07-07,2020-07-07,2020-07-23,2020-08-21,profit_target,long_put,P,2455.000000,3145.320068,45,29.430000,32.070000,0.001521,15.413114,4.384299,2020-08-21,0.000000,334,2450.000000,2460.000000,False,2455.000000,15.413114,9.190000,9.510000,0.000000,1487 x 1856,,0.428680,-0.045180,3145.560000,,True,9.350000,0.160000,False,-21.947530
130,entry,2020-07-07,2020-07-07,2020-07-23,2020-08-21,profit_target,short_put,P,2495.000000,3145.320068,45,29.430000,32.070000,0.001521,17.612451,4.384299,2020-08-21,0.000000,334,2490.000000,2500.000000,False,2495.000000,17.612451,10.610000,10.900000,8.370000,1417 x 2217,6.000000,0.417390,-0.051480,3145.560000,,True,10.755000,0.145000,False,-20.675799
130,entry,2020-07-07,2020-07-07,2020-07-23,2020-08-21,profit_target,short_call,C,3635.000000,3145.320068,45,29.430000,32.070000,0.001521,7.250252,4.384299,2020-08-21,0.000000,334,3625.000000,3650.000000,False,,,,,,,,,,,strike 3635 not listed (chain of 334 strikes; nearest 3625 / 3650),False,,,False,15.568525
130,entry,2020-07-07,2020-07-07,2020-07-23,2020-08-21,profit_target,long_call,C,3675.000000,3145.320068,45,29.430000,32.070000,0.001521,5.065290,4.384299,2020-08-21,0.000000,334,3650.000000,3700.000000,False,3675.000000,5.065290,1.260000,1.400000,1.650000,2150 x 1488,1.000000,0.204290,0.016270,3145.560000,,True,1.330000,0.070000,False,16.840255
130,exit,2020-07-23,2020-07-07,2020-07-23,2020-08-21,profit_target,long_put,P,2455.000000,3235.659912,29,26.080000,30.250000,0.001217,1.952550,1.541917,2020-08-21,0.000000,346,2450.000000,2460.000000,False,2455.000000,1.952550,2.950000,3.090000,9.430000,1984 x 721,10.000000,0.473500,-0.018420,3235.960000,,True,3.020000,0.070000,False,-24.126760
130,exit,2020-07-23,2020-07-07,2020-07-23,2020-08-21,profit_target,short_put,P,2495.000000,3235.659912,29,26.080000,30.250000,0.001217,2.414446,1.541917,2020-08-21,0.000000,346,2490.000000,2500.000000,False,2495.000000,2.414446,3.200000,3.400000,3.100000,1149 x 1482,0.000000,0.455340,-0.020700,3235.960000,,True,3.300000,0.100000,False,-22.890536
130,exit,2020-07-23,2020-07-07,2020-07-23,2020-08-21,profit_target,short_call,C,3635.000000,3235.659912,29,26.080000,30.250000,0.001217,2.476302,1.541917,2020-08-21,0.000000,346,3625.000000,3650.000000,False,,,,,,,,,,,strike 3635 not listed (chain of 346 strikes; nearest 3625 / 3650),False,,,False,12.341844
130,exit,2020-07-23,2020-07-07,2020-07-23,2020-08-21,profit_target,long_call,C,3675.000000,3235.659912,29,26.080000,30.250000,0.001217,1.396281,1.541917,2020-08-21,0.000000,346,3650.000000,3700.000000,False,3675.000000,1.396281,0.300000,0.450000,0.800000,2144 x 3674,0.000000,0.180660,0.006690,3235.960000,,True,0.375000,0.075000,False,13.578068
131,entry,2020-08-04,2020-08-04,2020-08-21,2020-09-18,profit_target,long_put,P,2710.000000,3306.510010,45,23.760000,29.090000,0.000913,16.818520,5.735745,2020-09-18,0.000000,347,2705.000000,2715.000000,False,2710.000000,16.818520,9.200000,9.390000,15.400000,2464 x 434,9.000000,0.352640,-0.051460,3306.840000,,True,9.295000,0.095000,False,-18.040472
131,entry,2020-08-04,2020-08-04,2020-08-21,2020-09-18,profit_target,short_put,P,2755.000000,3306.510010,45,23.760000,29.090000,0.000913,19.612855,5.735745,2020-09-18,0.000000,347,2750.000000,2760.000000,False,2755.000000,19.612855,10.900000,11.100000,12.700000,881 x 1316,0.000000,0.341440,-0.060800,3306.840000,,True,11.000000,0.100000,False,-16.679520
131,entry,2020-08-04,2020-08-04,2020-08-21,2020-09-18,profit_target,short_call,C,3720.000000,3306.510010,45,23.760000,29.090000,0.000913,8.349334,5.735745,2020-09-18,0.000000,347,3700.000000,3725.000000,False,,,,,,,,,,,strike 3720 not listed (chain of 347 strikes; nearest 3700 / 3725),False,,,False,12.505330
131,entry,2020-08-04,2020-08-04,2020-08-21,2020-09-18,profit_target,long_call,C,3765.000000,3306.510010,45,23.760000,29.090000,0.000913,5.407924,5.735745,2020-09-18,0.000000,347,3750.000000,3775.000000,False,,,,,,,,,,,strike 3765 not listed (chain of 347 strikes; nearest 3750 / 3775),False,,,False,13.866282
131,exit,2020-08-21,2020-08-04,2020-08-21,2020-09-18,profit_target,long_put,P,2710.000000,3397.159912,28,22.540001,28.170000,0.001014,1.871841,2.101306,2020-09-18,0.000000,368,2705.000000,2715.000000,False,2710.000000,1.871841,3.510000,3.690000,6.500000,1776 x 3356,5.000000,0.412710,-0.023270,3397.240000,,True,3.600000,0.090000,False,-20.227482
131,exit,2020-08-21,2020-08-04,2020-08-21,2020-09-18,profit_target,short_put,P,2755.000000,3397.159912,28,22.540001,28.170000,0.001014,2.413102,2.101306,2020-09-18,0.000000,368,2750.000000,2760.000000,False,2755.000000,2.413102,4.000000,4.190000,4.300000,2927 x 944,146.000000,0.395850,-0.027460,3397.240000,,True,4.095000,0.095000,False,-18.902846
131,exit,2020-08-21,2020-08-04,2020-08-21,2020-09-18,profit_target,short_call,C,3720.000000,3397.159912,28,22.540001,28.170000,0.001014,3.056714,2.101306,2020-09-18,0.000000,368,3710.000000,3725.000000,False,,,,,,,,,,,strike 3720 not listed (chain of 368 strikes; nearest 3710 / 3725),False,,,False,9.503235
131,exit,2020-08-21,2020-08-04,2020-08-21,2020-09-18,profit_target,long_call,C,3765.000000,3397.159912,28,22.540001,28.170000,0.001014,1.496670,2.101306,2020-09-18,0.000000,368,3750.000000,3775.000000,False,,,,,,,,,,,strike 3765 not listed (chain of 368 strikes; nearest 3750 / 3775),False,,,False,10.827871
132,entry,2020-09-01,2020-09-01,2020-09-14,2020-10-16,profit_target,long_put,P,2835.000000,3526.649902,45,26.120001,32.099998,0.001217,19.383147,5.948637,2020-10-16,0.000000,355,2830.000000,2840.000000,False,2835.000000,19.383147,13.300000,13.700000,0.000000,1036 x 954,,0.408980,-0.058200,3527.110000,,True,13.500000,0.200000,False,-19.612094
132,entry,2020-09-01,2020-09-01,2020-09-14,2020-10-16,profit_target,short_put,P,2880.000000,3526.649902,45,26.120001,32.099998,0.001217,22.213362,5.948637,2020-10-16,0.000000,355,2875.000000,2885.000000,False,2880.000000,22.213362,14.900000,15.200000,14.580000,354 x 852,3.000000,0.395170,-0.065540,3527.110000,,True,15.050000,0.150000,False,-18.336096
132,entry,2020-09-01,2020-09-01,2020-09-14,2020-10-16,profit_target,short_call,C,4010.000000,3526.649902,45,26.120001,32.099998,0.001217,10.315108,5.948637,2020-10-16,0.000000,355,4000.000000,4100.000000,False,,,,,,,,,,,strike 4010 not listed (chain of 355 strikes; nearest 4000 / 4100),False,,,False,13.705644
132,entry,2020-09-01,2020-09-01,2020-09-14,2020-10-16,profit_target,long_call,C,4055.000000,3526.649902,45,26.120001,32.099998,0.001217,7.196687,5.948637,2020-10-16,0.000000,355,4000.000000,4100.000000,False,,,,,,,,,,,strike 4055 not listed (chain of 355 strikes; nearest 4000 / 4100),False,,,False,14.981643
132,exit,2020-09-14,2020-09-01,2020-09-14,2020-10-16,profit_target,long_put,P,2835.000000,3383.540039,32,25.850000,30.480000,0.001115,10.299680,2.371310,2020-10-16,0.000000,379,2830.000000,2840.000000,False,2835.000000,10.299680,7.100000,7.400000,0.000000,1528 x 1428,,0.358310,-0.045860,3382.700000,,True,7.250000,0.150000,False,-16.212016
132,exit,2020-09-14,2020-09-01,2020-09-14,2020-10-16,profit_target,short_put,P,2880.000000,3383.540039,32,25.850000,30.480000,0.001115,12.567349,2.371310,2020-10-16,0.000000,379,2875.000000,2885.000000,False,2880.000000,12.567349,8.490000,8.800000,9.070000,1910 x 646,1.000000,0.344690,-0.056040,3382.700000,,True,8.645000,0.155000,False,-14.882048
132,exit,2020-09-14,2020-09-01,2020-09-14,2020-10-16,profit_target,short_call,C,4010.000000,3383.540039,32,25.850000,30.480000,0.001115,0.182424,2.371310,2020-10-16,0.000000,379,4000.000000,4025.000000,False,,,,,,,,,,,strike 4010 not listed (chain of 379 strikes; nearest 4000 / 4025),False,,,False,18.514927
132,exit,2020-09-14,2020-09-01,2020-09-14,2020-10-16,profit_target,long_call,C,4055.000000,3383.540039,32,25.850000,30.480000,0.001115,0.078784,2.371310,2020-10-16,0.000000,379,4050.000000,4075.000000,False,,,,,,,,,,,strike 4055 not listed (chain of 379 strikes; nearest 4050 / 4075),False,,,False,19.844895
133,entry,2020-09-14,2020-09-14,2020-09-25,2020-10-16,profit_target,long_put,P,2820.000000,3383.540039,32,25.850000,30.480000,0.001115,9.636393,4.327596,2020-10-16,0.000000,379,2815.000000,2825.000000,False,2820.000000,9.636393,6.800000,7.000000,7.120000,387 x 656,6.000000,0.364030,-0.043490,3382.700000,,True,6.900000,0.100000,False,-16.655338
133,entry,2020-09-14,2020-09-14,2020-09-25,2020-10-16,profit_target,short_put,P,2865.000000,3383.540039,32,25.850000,30.480000,0.001115,11.762156,4.327596,2020-10-16,0.000000,379,2860.000000,2870.000000,False,2865.000000,11.762156,8.100000,8.290000,14.500000,371 x 100,14.000000,0.349640,-0.052340,3382.700000,,True,8.195000,0.095000,False,-15.325370
133,entry,2020-09-14,2020-09-14,2020-09-25,2020-10-16,profit_target,short_call,C,3770.000000,3383.540039,32,25.850000,30.480000,0.001115,5.443130,4.327596,2020-10-16,0.000000,379,3765.000000,3775.000000,False,3770.000000,5.443130,2.200000,2.400000,2.650000,1731 x 461,10.000000,0.192340,0.030700,3382.700000,,True,2.300000,0.100000,False,11.421764
133,entry,2020-09-14,2020-09-14,2020-09-25,2020-10-16,profit_target,long_call,C,3815.000000,3383.540039,32,25.850000,30.480000,0.001115,3.241298,4.327596,2020-10-16,0.000000,379,3810.000000,3820.000000,False,3815.000000,3.241298,1.550000,1.700000,7.820000,2462 x 102,1.000000,0.197730,0.022090,3382.700000,,True,1.625000,0.075000,False,12.751732
133,exit,2020-09-25,2020-09-14,2020-09-25,2020-10-16,profit_target,long_put,P,2820.000000,3298.459961,21,26.379999,32.029999,0.001014,2.479364,0.992462,2020-10-16,0.000000,388,2815.000000,2825.000000,False,2820.000000,2.479364,3.900000,4.110000,9.200000,1131 x 1858,0.000000,0.356560,-0.033920,3298.980000,,True,4.005000,0.105000,False,-14.505556
133,exit,2020-09-25,2020-09-14,2020-09-25,2020-10-16,profit_target,short_put,P,2865.000000,3298.459961,21,26.379999,32.029999,0.001014,3.448050,0.992462,2020-10-16,0.000000,388,2860.000000,2870.000000,False,2865.000000,3.448050,4.800000,5.000000,11.500000,1493 x 741,0.000000,0.339790,-0.042620,3298.980000,,True,4.900000,0.100000,False,-13.141283
133,exit,2020-09-25,2020-09-14,2020-09-25,2020-10-16,profit_target,short_call,C,3770.000000,3298.459961,21,26.379999,32.029999,0.001014,0.031526,0.992462,2020-10-16,0.000000,388,3765.000000,3775.000000,False,3770.000000,0.031526,0.300000,0.400000,0.670000,2757 x 565,1.000000,0.217350,0.006360,3298.980000,,True,0.350000,0.050000,False,14.295764
133,exit,2020-09-25,2020-09-14,2020-09-25,2020-10-16,profit_target,long_call,C,3815.000000,3298.459961,21,26.379999,32.029999,0.001014,0.007750,0.992462,2020-10-16,0.000000,388,3810.000000,3820.000000,False,3815.000000,0.007750,0.250000,0.360000,7.820000,105 x 1995,1.000000,0.229470,0.005550,3298.980000,,True,0.305000,0.055000,False,15.660037
134,entry,2020-10-06,2020-10-06,2020-10-30,2020-11-20,dte_exit,long_put,P,2620.000000,3360.969971,45,29.480000,31.879999,0.001014,16.205962,4.849069,2020-11-20,0.000000,350,2615.000000,2625.000000,False,2620.000000,16.205962,7.890000,8.300000,8.530000,423 x 1026,0.000000,0.412420,-0.039060,3360.630000,,True,8.095000,0.205000,False,-22.046313
134,entry,2020-10-06,2020-10-06,2020-10-30,2020-11-20,dte_exit,short_put,P,2665.000000,3360.969971,45,29.480000,31.879999,0.001014,18.654516,4.849069,2020-11-20,0.000000,350,2660.000000,2670.000000,False,2665.000000,18.654516,9.310000,9.800000,11.020000,490 x 731,0.000000,0.401920,-0.046180,3360.630000,,True,9.555000,0.245000,False,-20.707414
134,entry,2020-10-06,2020-10-06,2020-10-30,2020-11-20,dte_exit,short_call,C,3885.000000,3360.969971,45,29.480000,31.879999,0.001014,7.581745,4.849069,2020-11-20,0.000000,350,3880.000000,3890.000000,False,,,,,,,,,,,strike 3885 not listed (chain of 350 strikes; nearest 3880 / 3890),False,,,False,15.591631
134,entry,2020-10-06,2020-10-06,2020-10-30,2020-11-20,dte_exit,long_call,C,3930.000000,3360.969971,45,29.480000,31.879999,0.001014,5.181230,4.849069,2020-11-20,0.000000,350,3925.000000,3950.000000,False,3930.000000,5.181230,1.600000,1.900000,7.940000,986 x 506,0.000000,0.211320,0.018990,3360.630000,,True,1.750000,0.150000,False,16.930530
134,exit,2020-10-30,2020-10-06,2020-10-30,2020-11-20,dte_exit,long_put,P,2620.000000,3269.959961,21,38.020000,36.270000,0.000913,7.516107,2.474452,2020-11-20,0.000000,362,2615.000000,2625.000000,False,2620.000000,7.516107,8.300000,9.000000,9.200000,100 x 130,1.000000,0.555620,-0.044610,3271.870000,,True,8.650000,0.350000,False,-19.876695
134,exit,2020-10-30,2020-10-06,2020-10-30,2020-11-20,dte_exit,short_put,P,2665.000000,3269.959961,21,38.020000,36.270000,0.000913,9.367993,2.474452,2020-11-20,0.000000,362,2660.000000,2670.000000,False,2665.000000,9.367993,9.990000,10.600000,10.700000,534 x 100,1.000000,0.540590,-0.053740,3271.870000,,True,10.295000,0.305000,False,-18.500531
134,exit,2020-10-30,2020-10-06,2020-10-30,2020-11-20,dte_exit,short_call,C,3885.000000,3269.959961,21,38.020000,36.270000,0.000913,1.575130,2.474452,2020-11-20,0.000000,362,3880.000000,3890.000000,False,,,,,,,,,,,strike 3885 not listed (chain of 362 strikes; nearest 3880 / 3890),False,,,False,18.808794
134,exit,2020-10-30,2020-10-06,2020-10-30,2020-11-20,dte_exit,long_call,C,3930.000000,3269.959961,21,38.020000,36.270000,0.000913,0.952564,2.474452,2020-11-20,0.000000,362,3925.000000,3950.000000,False,3930.000000,0.952564,0.310000,0.450000,0.100000,506 x 480,1.000000,0.288100,0.005450,3271.870000,,True,0.380000,0.070000,False,20.184958
135,entry,2020-11-04,2020-11-04,2020-11-19,2020-12-18,profit_target,long_put,P,2690.000000,3443.439941,44,29.570000,29.980000,0.001014,14.781431,4.378769,2020-12-18,0.000000,391,2685.000000,2695.000000,False,2690.000000,14.781431,10.010000,10.490000,31.400000,592 x 876,2.000000,0.431270,-0.044960,3443.780000,,True,10.250000,0.240000,False,-21.880444
135,entry,2020-11-04,2020-11-04,2020-11-19,2020-12-18,profit_target,short_put,P,2735.000000,3443.439941,44,29.570000,29.980000,0.001014,17.045033,4.378769,2020-12-18,0.000000,391,2730.000000,2740.000000,False,2735.000000,17.045033,11.490000,12.000000,26.300000,1168 x 1467,7.000000,0.419580,-0.051790,3443.780000,,True,11.745000,0.255000,False,-20.573611
135,entry,2020-11-04,2020-11-04,2020-11-19,2020-12-18,profit_target,short_call,C,3975.000000,3443.439941,44,29.570000,29.980000,0.001014,6.427863,4.378769,2020-12-18,0.000000,391,3950.000000,4000.000000,False,3975.000000,6.427863,1.250000,1.500000,2.050000,898 x 1191,500.000000,0.192020,0.016720,3443.780000,,True,1.375000,0.125000,False,15.436891
135,entry,2020-11-04,2020-11-04,2020-11-19,2020-12-18,profit_target,long_call,C,4020.000000,3443.439941,44,29.570000,29.980000,0.001014,4.312697,4.378769,2020-12-18,0.000000,391,4000.000000,4025.000000,False,,,,,,,,,,,strike 4020 not listed (chain of 391 strikes; nearest 4000 / 4025),False,,,False,16.743723
135,exit,2020-11-19,2020-11-04,2020-11-19,2020-12-18,profit_target,long_put,P,2690.000000,3581.870117,29,23.110001,25.799999,0.000710,1.149654,1.433843,2020-12-18,0.000000,401,2685.000000,2695.000000,False,2690.000000,1.149654,2.060000,2.200000,2.300000,3647 x 475,20.000000,0.456020,-0.012500,3581.500000,,True,2.130000,0.070000,False,-24.899566
135,exit,2020-11-19,2020-11-04,2020-11-19,2020-12-18,profit_target,short_put,P,2735.000000,3581.870117,29,23.110001,25.799999,0.000710,1.449397,1.433843,2020-12-18,0.000000,401,2730.000000,2740.000000,False,2735.000000,1.449397,2.250000,2.500000,2.400000,400 x 360,164.000000,0.439930,-0.014320,3581.500000,,True,2.375000,0.125000,False,-23.643239
135,exit,2020-11-19,2020-11-04,2020-11-19,2020-12-18,profit_target,short_call,C,3975.000000,3581.870117,29,23.110001,25.799999,0.000710,2.317769,1.433843,2020-12-18,0.000000,401,3960.000000,4000.000000,False,3975.000000,2.317769,0.690000,0.840000,0.670000,2227 x 1629,22.000000,0.164920,0.012970,3581.500000,,True,0.765000,0.075000,False,10.975548
135,exit,2020-11-19,2020-11-04,2020-11-19,2020-12-18,profit_target,long_call,C,4020.000000,3581.870117,29,23.110001,25.799999,0.000710,1.183669,1.433843,2020-12-18,0.000000,401,4000.000000,4025.000000,False,,,,,,,,,,,strike 4020 not listed (chain of 401 strikes; nearest 4000 / 4025),False,,,False,12.231875
136,entry,2020-12-01,2020-12-01,2020-12-22,2021-01-15,profit_target,long_put,P,3065.000000,3662.449951,45,20.770000,24.490000,0.000913,15.232274,5.397163,2021-01-15,0.000000,369,3060.000000,3070.000000,False,3065.000000,15.232274,9.490000,9.900000,8.950000,732 x 520,18.000000,0.320050,-0.052940,3661.880000,,True,9.695000,0.205000,False,-16.312850
136,entry,2020-12-01,2020-12-01,2020-12-22,2021-01-15,profit_target,short_put,P,3115.000000,3662.449951,45,20.770000,24.490000,0.000913,18.051631,5.397163,2021-01-15,0.000000,369,3110.000000,3120.000000,False,3115.000000,18.051631,11.600000,11.890000,0.000000,200 x 1109,,0.308780,-0.064450,3661.880000,,True,11.745000,0.145000,False,-14.947643
136,entry,2020-12-01,2020-12-01,2020-12-22,2021-01-15,profit_target,short_call,C,4075.000000,3662.449951,45,20.770000,24.490000,0.000913,6.106569,5.397163,2021-01-15,0.000000,369,4050.000000,4100.000000,False,4075.000000,6.106569,2.500000,2.700000,2.980000,200 x 553,83.000000,0.161690,0.032700,3661.880000,,True,2.600000,0.100000,False,11.264319
136,entry,2020-12-01,2020-12-01,2020-12-22,2021-01-15,profit_target,long_call,C,4125.000000,3662.449951,45,20.770000,24.490000,0.000913,3.528763,5.397163,2021-01-15,0.000000,369,4100.000000,4150.000000,False,4125.000000,3.528763,1.700000,1.900000,2.000000,494 x 907,202.000000,0.166440,0.022990,3661.880000,,True,1.800000,0.100000,False,12.629525
136,exit,2020-12-22,2020-12-01,2020-12-22,2021-01-15,profit_target,long_put,P,3065.000000,3687.260010,24,24.230000,27.250000,0.000913,2.927157,1.937669,2021-01-15,0.000000,382,3060.000000,3070.000000,False,3065.000000,2.927157,4.500000,4.800000,4.800000,1023 x 2444,42.000000,0.386530,-0.031230,3687.330000,,True,4.650000,0.150000,False,-16.875946
136,exit,2020-12-22,2020-12-01,2020-12-22,2021-01-15,profit_target,short_put,P,3115.000000,3687.260010,24,24.230000,27.250000,0.000913,3.892883,1.937669,2021-01-15,0.000000,382,3110.000000,3120.000000,False,3115.000000,3.892883,5.290000,5.590000,5.300000,312 x 1175,1.000000,0.368980,-0.037420,3687.330000,,True,5.440000,0.150000,False,-15.519926
136,exit,2020-12-22,2020-12-01,2020-12-22,2021-01-15,profit_target,short_call,C,4075.000000,3687.260010,24,24.230000,27.250000,0.000913,1.748628,1.937669,2021-01-15,0.000000,382,4070.000000,4100.000000,False,4075.000000,1.748628,0.490000,0.700000,0.900000,3053 x 928,101.000000,0.166910,0.011030,3687.330000,,True,0.595000,0.105000,False,10.515667
136,exit,2020-12-22,2020-12-01,2020-12-22,2021-01-15,profit_target,long_call,C,4125.000000,3687.260010,24,24.230000,27.250000,0.000913,0.776685,1.937669,2021-01-15,0.000000,382,4100.000000,4150.000000,False,4125.000000,0.776685,0.300000,0.450000,0.600000,2485 x 542,2.000000,0.174420,0.006880,3687.330000,,True,0.375000,0.075000,False,11.871688
137,entry,2021-01-05,2021-01-05,2021-01-21,2021-02-19,profit_target,long_put,P,3015.000000,3726.860107,45,25.340000,27.250000,0.000913,16.397724,5.220446,2021-02-19,0.000000,354,3010.000000,3020.000000,False,3015.000000,16.397724,10.000000,10.310000,0.000000,200 x 325,,0.370140,-0.047910,3727.050000,,True,10.155000,0.155000,False,-19.100800
137,entry,2021-01-05,2021-01-05,2021-01-21,2021-02-19,profit_target,short_put,P,3065.000000,3726.860107,45,25.340000,27.250000,0.000913,19.106521,5.220446,2021-02-19,0.000000,354,3060.000000,3070.000000,False,3065.000000,19.106521,11.600000,11.900000,10.400000,200 x 498,0.000000,0.358030,-0.055180,3727.050000,,True,11.750000,0.150000,False,-17.759188
137,entry,2021-01-05,2021-01-05,2021-01-21,2021-02-19,profit_target,short_call,C,4225.000000,3726.860107,45,25.340000,27.250000,0.000913,6.809510,5.220446,2021-02-19,0.000000,354,4200.000000,4250.000000,False,4225.000000,6.809510,1.000000,1.210000,1.160000,1171 x 391,0.000000,0.163320,0.014300,3727.050000,,True,1.105000,0.105000,False,13.366209
137,entry,2021-01-05,2021-01-05,2021-01-21,2021-02-19,profit_target,long_call,C,4275.000000,3726.860107,45,25.340000,27.250000,0.000913,4.297861,5.220446,2021-02-19,0.000000,354,4250.000000,4300.000000,False,4275.000000,4.297861,0.700000,0.850000,0.950000,577 x 159,0.000000,0.168400,0.010550,3727.050000,,True,0.775000,0.075000,False,14.707820
137,exit,2021-01-21,2021-01-05,2021-01-21,2021-02-19,profit_target,long_put,P,3015.000000,3853.070068,29,21.320000,25.700001,0.000913,1.554959,1.901337,2021-02-19,0.000000,377,3010.000000,3020.000000,False,3015.000000,1.554959,2.800000,3.000000,3.300000,439 x 200,0.000000,0.415220,-0.016990,3853.430000,,True,2.900000,0.100000,False,-21.750709
137,exit,2021-01-21,2021-01-05,2021-01-21,2021-02-19,profit_target,short_put,P,3065.000000,3853.070068,29,21.320000,25.700001,0.000913,1.990968,1.901337,2021-02-19,0.000000,377,3060.000000,3070.000000,False,3065.000000,1.990968,3.100000,3.300000,4.000000,3762 x 2072,0.000000,0.396960,-0.018890,3853.430000,,True,3.200000,0.100000,False,-20.453043
137,exit,2021-01-21,2021-01-05,2021-01-21,2021-02-19,profit_target,short_call,C,4225.000000,3853.070068,29,21.320000,25.700001,0.000913,2.797105,1.901337,2021-02-19,0.000000,377,4220.000000,4230.000000,False,4225.000000,2.797105,0.450000,0.600000,0.500000,2391 x 2758,6.000000,0.139330,0.009820,3853.430000,,True,0.525000,0.075000,False,9.652820
137,exit,2021-01-21,2021-01-05,2021-01-21,2021-02-19,profit_target,long_call,C,4275.000000,3853.070068,29,21.320000,25.700001,0.000913,1.331777,1.901337,2021-02-19,0.000000,377,4250.000000,4300.000000,False,4275.000000,1.331777,0.300000,0.400000,0.500000,1018 x 1745,0.000000,0.147490,0.006300,3853.430000,,True,0.350000,0.050000,False,10.950487
138,entry,2021-02-02,2021-02-02,2021-02-16,2021-03-19,profit_target,long_put,P,3090.000000,3826.310059,45,25.559999,29.360001,0.000710,18.674055,5.874188,2021-03-19,0.000000,447,3085.000000,3095.000000,False,3090.000000,18.674055,13.500000,13.900000,13.100000,489 x 100,8.000000,0.399050,-0.056460,3826.470000,,True,13.700000,0.200000,False,-19.243345
138,entry,2021-02-02,2021-02-02,2021-02-16,2021-03-19,profit_target,short_put,P,3140.000000,3826.310059,45,25.559999,29.360001,0.000710,21.585167,5.874188,2021-03-19,0.000000,447,3135.000000,3145.000000,False,3140.000000,21.585167,15.300000,15.710000,23.900000,847 x 415,0.000000,0.384940,-0.064890,3826.470000,,True,15.505000,0.205000,False,-17.936603
138,entry,2021-02-02,2021-02-02,2021-02-16,2021-03-19,profit_target,short_call,C,4340.000000,3826.310059,45,25.559999,29.360001,0.000710,8.806946,5.874188,2021-03-19,0.000000,447,4325.000000,4350.000000,False,,,,,,,,,,,strike 4340 not listed (chain of 447 strikes; nearest 4325 / 4350),False,,,False,13.425204
138,entry,2021-02-02,2021-02-02,2021-02-16,2021-03-19,profit_target,long_call,C,4390.000000,3826.310059,45,25.559999,29.360001,0.000710,5.843870,5.874188,2021-03-19,0.000000,447,4375.000000,4400.000000,False,,,,,,,,,,,strike 4390 not listed (chain of 447 strikes; nearest 4375 / 4400),False,,,False,14.731946
138,exit,2021-02-16,2021-02-02,2021-02-16,2021-03-19,profit_target,long_put,P,3090.000000,3932.590088,31,21.459999,27.549999,0.000406,2.455358,2.079231,2021-03-19,0.000000,466,3085.000000,3095.000000,False,3090.000000,2.455358,3.500000,3.700000,6.700000,128 x 2634,1.000000,0.407320,-0.020210,3932.250000,,True,3.600000,0.100000,False,-21.425831
138,exit,2021-02-16,2021-02-02,2021-02-16,2021-03-19,profit_target,short_put,P,3140.000000,3932.590088,31,21.459999,27.549999,0.000406,3.071786,2.079231,2021-03-19,0.000000,466,3135.000000,3145.000000,False,3140.000000,3.071786,3.900000,4.200000,4.840000,4081 x 4481,45.000000,0.390890,-0.023010,3932.250000,,True,4.050000,0.150000,False,-20.154404
138,exit,2021-02-16,2021-02-02,2021-02-16,2021-03-19,profit_target,short_call,C,4340.000000,3932.590088,31,21.459999,27.549999,0.000406,2.952025,2.079231,2021-03-19,0.000000,466,4325.000000,4350.000000,False,,,,,,,,,,,strike 4340 not listed (chain of 466 strikes; nearest 4325 / 4350),False,,,False,10.359837
138,exit,2021-02-16,2021-02-02,2021-02-16,2021-03-19,profit_target,long_call,C,4390.000000,3932.590088,31,21.459999,27.549999,0.000406,1.489222,2.079231,2021-03-19,0.000000,466,4375.000000,4400.000000,False,,,,,,,,,,,strike 4390 not listed (chain of 466 strikes; nearest 4375 / 4400),False,,,False,11.631263
139,entry,2021-02-16,2021-02-16,2021-02-24,2021-03-19,profit_target,long_put,P,3390.000000,3932.590088,31,21.459999,27.549999,0.000406,9.353702,4.590635,2021-03-19,0.000000,466,3385.000000,3395.000000,False,3390.000000,9.353702,8.510000,8.800000,9.300000,682 x 1425,3.000000,0.318680,-0.053490,3932.250000,,True,8.655000,0.145000,False,-13.797270
139,entry,2021-02-16,2021-02-16,2021-02-24,2021-03-19,profit_target,short_put,P,3440.000000,3932.590088,31,21.459999,27.549999,0.000406,11.683955,4.590635,2021-03-19,0.000000,466,3435.000000,3445.000000,False,3440.000000,11.683955,10.200000,10.510000,10.350000,1285 x 515,4.000000,0.304890,-0.064900,3932.250000,,True,10.355000,0.155000,False,-12.525844
139,entry,2021-02-16,2021-02-16,2021-02-24,2021-03-19,profit_target,short_call,C,4300.000000,3932.590088,31,21.459999,27.549999,0.000406,4.849967,4.590635,2021-03-19,0.000000,466,4290.000000,4310.000000,False,4300.000000,4.849967,0.590000,0.690000,0.750000,576 x 105,11.000000,0.136250,0.012440,3932.250000,,True,0.640000,0.050000,False,9.342695
139,entry,2021-02-16,2021-02-16,2021-02-24,2021-03-19,profit_target,long_call,C,4350.000000,3932.590088,31,21.459999,27.549999,0.000406,2.589585,4.590635,2021-03-19,0.000000,466,4325.000000,4375.000000,False,4350.000000,2.589585,0.350000,0.500000,0.450000,2265 x 775,0.000000,0.143120,0.008240,3932.250000,,True,0.425000,0.075000,False,10.614122
139,exit,2021-02-24,2021-02-16,2021-02-24,2021-03-19,profit_target,long_put,P,3390.000000,3925.429932,23,21.340000,25.889999,0.000304,2.665559,1.414804,2021-03-19,0.000000,467,3385.000000,3395.000000,False,3390.000000,2.665559,5.010000,5.300000,9.820000,1404 x 3020,0.000000,0.331860,-0.037500,3925.240000,,True,5.155000,0.145000,False,-13.640033
139,exit,2021-02-24,2021-02-16,2021-02-24,2021-03-19,profit_target,short_put,P,3440.000000,3925.429932,23,21.340000,25.889999,0.000304,3.662241,1.414804,2021-03-19,0.000000,467,3435.000000,3445.000000,False,3440.000000,3.662241,6.110000,6.410000,10.270000,1682 x 2516,189.000000,0.315920,-0.046100,3925.240000,,True,6.260000,0.150000,False,-12.366287
139,exit,2021-02-24,2021-02-16,2021-02-24,2021-03-19,profit_target,short_call,C,4300.000000,3925.429932,23,21.340000,25.889999,0.000304,0.629513,1.414804,2021-03-19,0.000000,467,4290.000000,4310.000000,False,4300.000000,0.629513,0.450000,0.650000,0.550000,2615 x 1982,13.000000,0.153640,0.010530,3925.240000,,True,0.550000,0.100000,False,9.542141
139,exit,2021-02-24,2021-02-16,2021-02-24,2021-03-19,profit_target,long_call,C,4350.000000,3925.429932,23,21.340000,25.889999,0.000304,0.211391,1.414804,2021-03-19,0.000000,467,4325.000000,4375.000000,False,4350.000000,0.211391,0.300000,0.440000,0.400000,1554 x 966,100.000000,0.162870,0.006870,3925.240000,,True,0.370000,0.070000,False,10.815887
140,entry,2021-03-02,2021-03-02,2021-03-15,2021-04-16,profit_target,long_put,P,3165.000000,3870.290039,45,24.100000,27.160000,0.000406,17.671653,5.633700,2021-04-16,0.000000,369,3160.000000,3170.000000,False,3165.000000,17.671653,12.200000,12.600000,0.000000,524 x 2104,,0.370370,-0.054750,3870.140000,,True,12.400000,0.200000,False,-18.223183
140,entry,2021-03-02,2021-03-02,2021-03-15,2021-04-16,profit_target,short_put,P,3215.000000,3870.290039,45,24.100000,27.160000,0.000406,20.513619,5.633700,2021-04-16,0.000000,369,3210.000000,3220.000000,False,3215.000000,20.513619,13.900000,14.290000,0.000000,340 x 2083,,0.357700,-0.063110,3870.140000,,True,14.095000,0.195000,False,-16.931290
140,entry,2021-03-02,2021-03-02,2021-03-15,2021-04-16,profit_target,short_call,C,4360.000000,3870.290039,45,24.100000,27.160000,0.000406,7.780172,5.633700,2021-04-16,0.000000,369,4350.000000,4375.000000,False,,,,,,,,,,,strike 4360 not listed (chain of 369 strikes; nearest 4350 / 4375),False,,,False,12.653056
140,entry,2021-03-02,2021-03-02,2021-03-15,2021-04-16,profit_target,long_call,C,4410.000000,3870.290039,45,24.100000,27.160000,0.000406,4.988438,5.633700,2021-04-16,0.000000,369,4400.000000,4425.000000,False,,,,,,,,,,,strike 4410 not listed (chain of 369 strikes; nearest 4400 / 4425),False,,,False,13.944949
140,exit,2021-03-15,2021-03-02,2021-03-15,2021-04-16,profit_target,long_put,P,3165.000000,3968.939941,32,20.030001,24.889999,0.000406,2.710963,2.138178,2021-04-16,0.000000,370,3160.000000,3170.000000,False,3165.000000,2.710963,3.600000,3.800000,8.040000,1051 x 378,1.000000,0.381540,-0.021060,3968.780000,,True,3.700000,0.100000,False,-20.255785
140,exit,2021-03-15,2021-03-02,2021-03-15,2021-04-16,profit_target,short_put,P,3215.000000,3968.939941,32,20.030001,24.889999,0.000406,3.386450,2.138178,2021-04-16,0.000000,370,3210.000000,3220.000000,False,3215.000000,3.386450,4.100000,4.300000,6.590000,425 x 1299,748.000000,0.365780,-0.024430,3968.780000,,True,4.200000,0.100000,False,-18.996003
140,exit,2021-03-15,2021-03-02,2021-03-15,2021-04-16,profit_target,short_call,C,4360.000000,3968.939941,32,20.030001,24.889999,0.000406,2.862062,2.138178,2021-04-16,0.000000,370,4350.000000,4375.000000,False,,,,,,,,,,,strike 4360 not listed (chain of 370 strikes; nearest 4350 / 4375),False,,,False,9.853010
140,exit,2021-03-15,2021-03-02,2021-03-15,2021-04-16,profit_target,long_call,C,4410.000000,3968.939941,32,20.030001,24.889999,0.000406,1.399370,2.138178,2021-04-16,0.000000,370,4400.000000,4425.000000,False,,,,,,,,,,,strike 4410 not listed (chain of 370 strikes; nearest 4400 / 4425),False,,,False,11.112792
141,entry,2021-03-15,2021-03-15,2021-03-22,2021-04-16,profit_target,long_put,P,3450.000000,3968.939941,32,20.030001,24.889999,0.000406,9.648985,4.724334,2021-04-16,0.000000,370,3445.000000,3455.000000,False,3450.000000,9.648985,7.900000,8.200000,8.210000,530 x 344,,0.294330,-0.052630,3968.780000,,True,8.050000,0.150000,False,-13.075026
141,entry,2021-03-15,2021-03-15,2021-03-22,2021-04-16,profit_target,short_put,P,3500.000000,3968.939941,32,20.030001,24.889999,0.000406,12.072025,4.724334,2021-04-16,0.000000,370,3495.000000,3505.000000,False,3500.000000,12.072025,9.500000,9.800000,9.660000,338 x 573,508.000000,0.280960,-0.064240,3968.780000,,True,9.650000,0.150000,False,-11.815244
141,entry,2021-03-15,2021-03-15,2021-03-22,2021-04-16,profit_target,short_call,C,4320.000000,3968.939941,32,20.030001,24.889999,0.000406,4.797740,4.724334,2021-04-16,0.000000,370,4310.000000,4325.000000,False,4320.000000,4.797740,1.400000,1.550000,1.350000,250 x 1107,2.000000,0.143100,0.023500,3968.780000,,True,1.475000,0.075000,False,8.845184
141,entry,2021-03-15,2021-03-15,2021-03-22,2021-04-16,profit_target,long_call,C,4370.000000,3968.939941,32,20.030001,24.889999,0.000406,2.496446,4.724334,2021-04-16,0.000000,370,4350.000000,4375.000000,False,,,,,,,,,,,strike 4370 not listed (chain of 370 strikes; nearest 4350 / 4375),False,,,False,10.104967
141,exit,2021-03-22,2021-03-15,2021-03-22,2021-04-16,profit_target,long_put,P,3450.000000,3940.590088,25,18.879999,22.940001,0.000304,3.434225,1.530696,2021-04-16,0.000000,375,3445.000000,3455.000000,False,3450.000000,3.434225,4.800000,5.100000,5.400000,100 x 1820,219.000000,0.290840,-0.039440,3940.730000,,True,4.950000,0.150000,False,-12.449661
141,exit,2021-03-22,2021-03-15,2021-03-22,2021-04-16,profit_target,short_put,P,3500.000000,3940.590088,25,18.879999,22.940001,0.000304,4.692284,1.530696,2021-04-16,0.000000,375,3495.000000,3505.000000,False,3500.000000,4.692284,5.800000,6.090000,6.000000,588 x 538,680.000000,0.275520,-0.048500,3940.730000,,True,5.945000,0.145000,False,-11.180815
141,exit,2021-03-22,2021-03-15,2021-03-22,2021-04-16,profit_target,short_call,C,4320.000000,3940.590088,25,18.879999,22.940001,0.000304,0.386774,1.530696,2021-04-16,0.000000,375,4310.000000,4325.000000,False,4320.000000,0.386774,0.260000,0.400000,0.500000,238 x 3535,0.000000,0.139950,0.006940,3940.730000,,True,0.330000,0.070000,False,9.628251
141,exit,2021-03-22,2021-03-15,2021-03-22,2021-04-16,profit_target,long_call,C,4370.000000,3940.590088,25,18.879999,22.940001,0.000304,0.114137,1.530696,2021-04-16,0.000000,375,4350.000000,4375.000000,False,,,,,,,,,,,strike 4370 not listed (chain of 375 strikes; nearest 4350 / 4375),False,,,False,10.897097
142,entry,2021-04-06,2021-04-06,2021-04-26,2021-05-21,profit_target,long_put,P,3500.000000,4073.939941,45,18.120001,21.160000,0.000203,15.712890,6.038496,2021-05-21,0.000000,375,3495.000000,3505.000000,False,3500.000000,15.712890,9.000000,9.400000,9.500000,1053 x 2083,856.000000,0.272120,-0.053200,4074.130000,,True,9.200000,0.200000,False,-14.088081
142,entry,2021-04-06,2021-04-06,2021-04-26,2021-05-21,profit_target,short_put,P,3555.000000,4073.939941,45,18.120001,21.160000,0.000203,18.897601,6.038496,2021-05-21,0.000000,375,3550.000000,3560.000000,False,3555.000000,18.897601,10.900000,11.200000,27.100000,100 x 950,0.000000,0.260210,-0.065220,4074.130000,,True,11.050000,0.150000,False,-12.738036
142,entry,2021-04-06,2021-04-06,2021-04-26,2021-05-21,profit_target,short_call,C,4465.000000,4073.939941,45,18.120001,21.160000,0.000203,6.085495,6.038496,2021-05-21,0.000000,375,4450.000000,4475.000000,False,,,,,,,,,,,strike 4465 not listed (chain of 375 strikes; nearest 4450 / 4475),False,,,False,9.599063
142,entry,2021-04-06,2021-04-06,2021-04-26,2021-05-21,profit_target,long_call,C,4520.000000,4073.939941,45,18.120001,21.160000,0.000203,3.231710,6.038496,2021-05-21,0.000000,375,4500.000000,4525.000000,False,,,,,,,,,,,strike 4520 not listed (chain of 375 strikes; nearest 4500 / 4525),False,,,False,10.949107
142,exit,2021-04-26,2021-04-06,2021-04-26,2021-05-21,profit_target,long_put,P,3500.000000,4187.620117,25,17.639999,21.540001,0.000304,1.028438,2.129208,2021-05-21,0.000000,389,3495.000000,3505.000000,False,3500.000000,1.028438,2.040000,2.200000,2.100000,131 x 549,55.000000,0.320100,-0.016340,4188.000000,,True,2.120000,0.080000,False,-16.420308
142,exit,2021-04-26,2021-04-06,2021-04-26,2021-05-21,profit_target,short_put,P,3555.000000,4187.620117,25,17.639999,21.540001,0.000304,1.431176,2.129208,2021-05-21,0.000000,389,3550.000000,3560.000000,False,3555.000000,1.431176,2.500000,2.700000,2.990000,128 x 1212,0.000000,0.305040,-0.020750,4188.000000,,True,2.600000,0.100000,False,-15.106913
142,exit,2021-04-26,2021-04-06,2021-04-26,2021-05-21,profit_target,short_call,C,4465.000000,4187.620117,25,17.639999,21.540001,0.000304,2.678662,2.129208,2021-05-21,0.000000,389,4460.000000,4475.000000,False,4465.000000,2.678662,0.650000,0.860000,0.700000,1556 x 121,0.000000,0.115290,0.016110,4188.000000,,True,0.755000,0.105000,False,6.623807
142,exit,2021-04-26,2021-04-06,2021-04-26,2021-05-21,profit_target,long_call,C,4520.000000,4187.620117,25,17.639999,21.540001,0.000304,0.952192,2.129208,2021-05-21,0.000000,389,4500.000000,4525.000000,False,,,,,,,,,,,strike 4520 not listed (chain of 389 strikes; nearest 4500 / 4525),False,,,False,7.937202
143,entry,2021-05-04,2021-05-04,2021-05-21,2021-06-18,profit_target,long_put,P,3540.000000,4164.660156,45,19.480000,22.670000,0.000203,17.037110,6.243071,2021-06-18,0.000000,445,3535.000000,3545.000000,False,3540.000000,17.037110,10.800000,11.290000,9.700000,379 x 379,0.000000,0.297380,-0.056280,4165.880000,,True,11.045000,0.245000,False,-14.999067
143,entry,2021-05-04,2021-05-04,2021-05-21,2021-06-18,profit_target,short_put,P,3595.000000,4164.660156,45,19.480000,22.670000,0.000203,20.238182,6.243071,2021-06-18,0.000000,445,3590.000000,3600.000000,False,3595.000000,20.238182,12.710000,13.100000,13.600000,426 x 203,3.000000,0.284530,-0.067280,4165.880000,,True,12.905000,0.195000,False,-13.678431
143,entry,2021-05-04,2021-05-04,2021-05-21,2021-06-18,profit_target,short_call,C,4590.000000,4164.660156,45,19.480000,22.670000,0.000203,7.050341,6.243071,2021-06-18,0.000000,445,4575.000000,4600.000000,False,,,,,,,,,,,strike 4590 not listed (chain of 445 strikes; nearest 4575 / 4600),False,,,False,10.213074
143,entry,2021-05-04,2021-05-04,2021-05-21,2021-06-18,profit_target,long_call,C,4645.000000,4164.660156,45,19.480000,22.670000,0.000203,4.008342,6.243071,2021-06-18,0.000000,445,4625.000000,4650.000000,False,,,,,,,,,,,strike 4645 not listed (chain of 445 strikes; nearest 4625 / 4650),False,,,False,11.533710
143,exit,2021-05-21,2021-05-04,2021-05-21,2021-06-18,profit_target,long_put,P,3540.000000,4155.859863,28,20.150000,23.490000,0.000101,4.567051,2.051244,2021-06-18,0.000000,446,3535.000000,3545.000000,False,3540.000000,4.567051,5.910000,6.100000,5.800000,234 x 114,,0.330030,-0.037750,4156.300000,,True,6.005000,0.095000,False,-14.819072
143,exit,2021-05-21,2021-05-04,2021-05-21,2021-06-18,profit_target,short_put,P,3595.000000,4155.859863,28,20.150000,23.490000,0.000101,5.980942,2.051244,2021-06-18,0.000000,446,3590.000000,3600.000000,False,3595.000000,5.980942,6.990000,7.300000,6.990000,266 x 319,176.000000,0.315150,-0.045650,4156.300000,,True,7.145000,0.155000,False,-13.495639
143,exit,2021-05-21,2021-05-04,2021-05-21,2021-06-18,profit_target,short_call,C,4590.000000,4155.859863,28,20.150000,23.490000,0.000101,1.031443,2.051244,2021-06-18,0.000000,446,4575.000000,4600.000000,False,,,,,,,,,,,strike 4590 not listed (chain of 446 strikes; nearest 4575 / 4600),False,,,False,10.446458
143,exit,2021-05-21,2021-05-04,2021-05-21,2021-06-18,profit_target,long_call,C,4645.000000,4155.859863,28,20.150000,23.490000,0.000101,0.394090,2.051244,2021-06-18,0.000000,446,4625.000000,4650.000000,False,,,,,,,,,,,strike 4645 not listed (chain of 446 strikes; nearest 4625 / 4650),False,,,False,11.769890
144,entry,2021-06-01,2021-06-01,2021-06-14,2021-07-16,profit_target,long_put,P,3620.000000,4202.040039,45,17.900000,21.340000,0.000203,16.730833,6.297621,2021-07-16,0.000000,292,3610.000000,3625.000000,False,3620.000000,16.730833,11.100000,11.390000,10.300000,618 x 305,0.000000,0.279150,-0.060990,4202.070000,,True,11.245000,0.145000,False,-13.851368
144,entry,2021-06-01,2021-06-01,2021-06-14,2021-07-16,profit_target,short_put,P,3675.000000,4202.040039,45,17.900000,21.340000,0.000203,20.013692,6.297621,2021-07-16,0.000000,292,3670.000000,3680.000000,False,3675.000000,20.013692,12.890000,13.200000,12.890000,230 x 100,400.000000,0.265620,-0.071510,4202.070000,,True,13.045000,0.155000,False,-12.542480
144,entry,2021-06-01,2021-06-01,2021-06-14,2021-07-16,profit_target,short_call,C,4600.000000,4202.040039,45,17.900000,21.340000,0.000203,6.634729,6.297621,2021-07-16,0.000000,292,4590.000000,4610.000000,False,4600.000000,6.634729,0.760000,1.100000,0.910000,582 x 317,13.000000,0.118160,0.014970,4202.070000,,True,0.930000,0.170000,False,9.470637
144,entry,2021-06-01,2021-06-01,2021-06-14,2021-07-16,profit_target,long_call,C,4655.000000,4202.040039,45,17.900000,21.340000,0.000203,3.619967,6.297621,2021-07-16,0.000000,292,4650.000000,4675.000000,False,,,,,,,,,,,strike 4655 not listed (chain of 292 strikes; nearest 4650 / 4675),False,,,False,10.779525
144,exit,2021-06-14,2021-06-01,2021-06-14,2021-07-16,profit_target,long_put,P,3620.000000,4255.149902,32,16.389999,20.139999,0.000304,3.820989,2.516672,2021-07-16,0.000000,292,3610.000000,3625.000000,False,3620.000000,3.820989,4.900000,5.090000,5.200000,438 x 1357,1.000000,0.299000,-0.032810,4255.590000,,True,4.995000,0.095000,False,-14.926616
144,exit,2021-06-14,2021-06-01,2021-06-14,2021-07-16,profit_target,short_put,P,3675.000000,4255.149902,32,16.389999,20.139999,0.000304,4.952117,2.516672,2021-07-16,0.000000,292,3670.000000,3680.000000,False,3675.000000,4.952117,5.600000,5.800000,6.800000,454 x 471,,0.282720,-0.037960,4255.590000,,True,5.700000,0.100000,False,-13.634065
144,exit,2021-06-14,2021-06-01,2021-06-14,2021-07-16,profit_target,short_call,C,4600.000000,4255.149902,32,16.389999,20.139999,0.000304,2.272864,2.516672,2021-07-16,0.000000,292,4590.000000,4610.000000,False,4600.000000,2.272864,0.350000,0.550000,0.420000,380 x 388,53.000000,0.110450,0.009380,4255.590000,,True,0.450000,0.100000,False,8.104300
144,exit,2021-06-14,2021-06-01,2021-06-14,2021-07-16,profit_target,long_call,C,4655.000000,4255.149902,32,16.389999,20.139999,0.000304,0.887319,2.516672,2021-07-16,0.000000,292,4650.000000,4675.000000,False,,,,,,,,,,,strike 4655 not listed (chain of 292 strikes; nearest 4650 / 4675),False,,,False,9.396851
145,entry,2021-06-14,2021-06-14,2021-06-23,2021-07-16,profit_target,long_put,P,3785.000000,4255.149902,32,16.389999,20.139999,0.000304,8.382223,4.793890,2021-07-16,0.000000,292,3780.000000,3790.000000,False,,,,,,,,,,,strike 3785 not listed (chain of 292 strikes; nearest 3780 / 3790),False,,,False,-11.048962
145,entry,2021-06-14,2021-06-14,2021-06-23,2021-07-16,profit_target,short_put,P,3840.000000,4255.149902,32,16.389999,20.139999,0.000304,10.950958,4.793890,2021-07-16,0.000000,292,3830.000000,3850.000000,False,3840.000000,10.950958,9.100000,9.410000,9.900000,1239 x 313,23.000000,0.234810,-0.068410,4255.590000,,True,9.255000,0.155000,False,-9.756411
145,entry,2021-06-14,2021-06-14,2021-06-23,2021-07-16,profit_target,short_call,C,4565.000000,4255.149902,32,16.389999,20.139999,0.000304,3.865224,4.793890,2021-07-16,0.000000,292,4560.000000,4570.000000,False,,,,,,,,,,,strike 4565 not listed (chain of 292 strikes; nearest 4560 / 4570),False,,,False,7.281767
145,entry,2021-06-14,2021-06-14,2021-06-23,2021-07-16,profit_target,long_call,C,4620.000000,4255.149902,32,16.389999,20.139999,0.000304,1.640069,4.793890,2021-07-16,0.000000,292,4610.000000,4625.000000,False,,,,,,,,,,,strike 4620 not listed (chain of 292 strikes; nearest 4610 / 4625),False,,,False,8.574318
145,exit,2021-06-23,2021-06-14,2021-06-23,2021-07-16,profit_target,long_put,P,3785.000000,4241.839844,23,16.320000,19.700001,0.000507,2.275359,1.374876,2021-07-16,0.000000,374,3780.000000,3790.000000,False,3785.000000,2.275359,4.510000,4.710000,5.400000,1473 x 405,0.000000,0.259770,-0.039880,4241.830000,,True,4.610000,0.100000,False,-10.769851
145,exit,2021-06-23,2021-06-14,2021-06-23,2021-07-16,profit_target,short_put,P,3840.000000,4241.839844,23,16.320000,19.700001,0.000507,3.375785,1.374876,2021-07-16,0.000000,374,3835.000000,3845.000000,False,3840.000000,3.375785,5.400000,5.700000,5.510000,1973 x 1754,13.000000,0.241370,-0.050210,4241.830000,,True,5.550000,0.150000,False,-9.473244
145,exit,2021-06-23,2021-06-14,2021-06-23,2021-07-16,profit_target,short_call,C,4565.000000,4241.839844,23,16.320000,19.700001,0.000507,0.344910,1.374876,2021-07-16,0.000000,374,4560.000000,4570.000000,False,,,,,,,,,,,strike 4565 not listed (chain of 374 strikes; nearest 4560 / 4570),False,,,False,7.618396
145,exit,2021-06-23,2021-06-14,2021-06-23,2021-07-16,profit_target,long_call,C,4620.000000,4241.839844,23,16.320000,19.700001,0.000507,0.070459,1.374876,2021-07-16,0.000000,374,4610.000000,4625.000000,False,4620.000000,0.070459,0.050000,0.160000,0.000000,928 x 832,,0.119130,0.002980,4241.830000,,True,0.105000,0.055000,False,8.915003
146,entry,2021-07-06,2021-07-06,2021-07-26,2021-08-20,profit_target,long_put,P,3785.000000,4343.540039,45,16.440001,20.260000,0.000507,16.829808,6.565488,2021-08-20,0.000000,298,3780.000000,3790.000000,False,,,,,,,,,,,strike 3785 not listed (chain of 298 strikes; nearest 3780 / 3790),False,,,False,-12.859097
146,entry,2021-07-06,2021-07-06,2021-07-26,2021-08-20,profit_target,short_put,P,3840.000000,4343.540039,45,16.440001,20.260000,0.000507,20.182849,6.565488,2021-08-20,0.000000,298,3830.000000,3850.000000,False,3840.000000,20.182849,12.500000,12.800000,13.650000,100 x 1046,48.000000,0.242720,-0.073720,4343.440000,,True,12.650000,0.150000,False,-11.592849
146,entry,2021-07-06,2021-07-06,2021-07-26,2021-08-20,profit_target,short_call,C,4720.000000,4343.540039,45,16.440001,20.260000,0.000507,6.953534,6.565488,2021-08-20,0.000000,298,4700.000000,4725.000000,False,,,,,,,,,,,strike 4720 not listed (chain of 298 strikes; nearest 4700 / 4725),False,,,False,8.667123
146,entry,2021-07-06,2021-07-06,2021-07-26,2021-08-20,profit_target,long_call,C,4775.000000,4343.540039,45,16.440001,20.260000,0.000507,3.741087,6.565488,2021-08-20,0.000000,298,4750.000000,4800.000000,False,4775.000000,3.741087,0.310000,0.450000,0.420000,1286 x 282,0.000000,0.109900,0.006940,4343.440000,,True,0.380000,0.070000,False,9.933371
146,exit,2021-07-26,2021-07-06,2021-07-26,2021-08-20,profit_target,long_put,P,3785.000000,4422.299805,25,17.580000,21.740000,0.000507,1.728702,2.208849,2021-08-20,0.000000,397,3780.000000,3790.000000,False,3785.000000,1.728702,3.500000,3.700000,7.350000,234 x 200,1.000000,0.305610,-0.025760,4422.480000,,True,3.600000,0.100000,False,-14.411049
146,exit,2021-07-26,2021-07-06,2021-07-26,2021-08-20,profit_target,short_put,P,3840.000000,4422.299805,25,17.580000,21.740000,0.000507,2.377423,2.208849,2021-08-20,0.000000,397,3835.000000,3845.000000,False,3840.000000,2.377423,4.100000,4.300000,5.400000,1951 x 100,3.000000,0.289390,-0.031070,4422.480000,,True,4.200000,0.100000,False,-13.167353
146,exit,2021-07-26,2021-07-06,2021-07-26,2021-08-20,profit_target,short_call,C,4720.000000,4422.299805,25,17.580000,21.740000,0.000507,2.455950,2.208849,2021-08-20,0.000000,397,4710.000000,4725.000000,False,4720.000000,2.455950,0.410000,0.490000,0.400000,234 x 227,0.000000,0.107370,0.010820,4422.480000,,True,0.450000,0.040000,False,6.731796
146,exit,2021-07-26,2021-07-06,2021-07-26,2021-08-20,profit_target,long_call,C,4775.000000,4422.299805,25,17.580000,21.740000,0.000507,0.895822,2.208849,2021-08-20,0.000000,397,4770.000000,4780.000000,False,4775.000000,0.895822,0.210000,0.360000,0.250000,1859 x 1885,3.000000,0.115900,0.006310,4422.480000,,True,0.285000,0.075000,False,7.975493
147,entry,2021-08-03,2021-08-03,2021-08-13,2021-09-17,profit_target,long_put,P,3805.000000,4423.149902,45,18.040001,22.180000,0.000507,18.486226,7.229320,2021-09-17,0.000000,415,3800.000000,3810.000000,False,3805.000000,18.486226,11.310000,11.700000,16.500000,474 x 344,4.000000,0.275990,-0.059670,4423.470000,,True,11.505000,0.195000,False,-13.975332
147,entry,2021-08-03,2021-08-03,2021-08-13,2021-09-17,profit_target,short_put,P,3865.000000,4423.149902,45,18.040001,22.180000,0.000507,22.189445,7.229320,2021-09-17,0.000000,415,3860.000000,3870.000000,False,3865.000000,22.189445,13.510000,13.910000,18.350000,285 x 285,17.000000,0.263040,-0.072020,4423.470000,,True,13.710000,0.200000,False,-12.618833
147,entry,2021-08-03,2021-08-03,2021-08-13,2021-09-17,profit_target,short_call,C,4845.000000,4423.149902,45,18.040001,22.180000,0.000507,7.811526,7.229320,2021-09-17,0.000000,415,4825.000000,4850.000000,False,,,,,,,,,,,strike 4845 not listed (chain of 415 strikes; nearest 4825 / 4850),False,,,False,9.537323
147,entry,2021-08-03,2021-08-03,2021-08-13,2021-09-17,profit_target,long_call,C,4905.000000,4423.149902,45,18.040001,22.180000,0.000507,4.285425,7.229320,2021-09-17,0.000000,415,4900.000000,4925.000000,False,,,,,,,,,,,strike 4905 not listed (chain of 415 strikes; nearest 4900 / 4925),False,,,False,10.893822
147,exit,2021-08-13,2021-08-03,2021-08-13,2021-09-17,profit_target,long_put,P,3805.000000,4468.000000,35,15.450000,20.260000,0.000608,5.099436,2.874944,2021-09-17,0.000000,430,3800.000000,3810.000000,False,3805.000000,5.099436,5.600000,5.710000,6.200000,100 x 131,0.000000,0.286820,-0.034320,4468.360000,,True,5.655000,0.055000,False,-14.838854
147,exit,2021-08-13,2021-08-03,2021-08-13,2021-09-17,profit_target,short_put,P,3865.000000,4468.000000,35,15.450000,20.260000,0.000608,6.552644,2.874944,2021-09-17,0.000000,430,3860.000000,3870.000000,False,3865.000000,6.552644,6.500000,6.700000,6.800000,1666 x 318,1.000000,0.271670,-0.041050,4468.360000,,True,6.600000,0.100000,False,-13.495971
147,exit,2021-08-13,2021-08-03,2021-08-13,2021-09-17,profit_target,short_call,C,4845.000000,4468.000000,35,15.450000,20.260000,0.000608,2.289387,2.874944,2021-09-17,0.000000,430,4840.000000,4850.000000,False,,,,,,,,,,,strike 4845 not listed (chain of 430 strikes; nearest 4840 / 4850),False,,,False,8.437780
147,exit,2021-08-13,2021-08-03,2021-08-13,2021-09-17,profit_target,long_call,C,4905.000000,4468.000000,35,15.450000,20.260000,0.000608,0.867651,2.874944,2021-09-17,0.000000,430,4900.000000,4925.000000,False,,,,,,,,,,,strike 4905 not listed (chain of 430 strikes; nearest 4900 / 4925),False,,,False,9.780662
148,entry,2021-08-13,2021-08-13,2021-08-25,2021-09-17,profit_target,long_put,P,3980.000000,4468.000000,35,15.450000,20.260000,0.000608,10.682836,5.989802,2021-09-17,0.000000,430,3975.000000,3985.000000,False,3980.000000,10.682836,9.200000,9.400000,9.190000,918 x 304,1.000000,0.243010,-0.061480,4468.360000,,True,9.300000,0.100000,False,-10.922113
148,entry,2021-08-13,2021-08-13,2021-08-25,2021-09-17,profit_target,short_put,P,4040.000000,4468.000000,35,15.450000,20.260000,0.000608,13.850661,5.989802,2021-09-17,0.000000,430,4035.000000,4045.000000,False,4040.000000,13.850661,11.200000,11.400000,11.480000,506 x 100,1.000000,0.228000,-0.076410,4468.360000,,True,11.300000,0.100000,False,-9.579230
148,entry,2021-08-13,2021-08-13,2021-08-25,2021-09-17,profit_target,short_call,C,4790.000000,4468.000000,35,15.450000,20.260000,0.000608,4.945069,5.989802,2021-09-17,0.000000,430,4785.000000,4795.000000,False,4790.000000,4.945069,0.460000,0.610000,0.600000,2214 x 1413,0.000000,0.098510,0.010990,4468.360000,,True,0.535000,0.075000,False,7.206804
148,entry,2021-08-13,2021-08-13,2021-08-25,2021-09-17,profit_target,long_call,C,4850.000000,4468.000000,35,15.450000,20.260000,0.000608,2.123091,5.989802,2021-09-17,0.000000,430,4840.000000,4860.000000,False,4850.000000,2.123091,0.250000,0.410000,0.350000,1796 x 3325,1.000000,0.107760,0.006500,4468.360000,,True,0.330000,0.080000,False,8.549687
148,exit,2021-08-25,2021-08-13,2021-08-25,2021-09-17,profit_target,long_put,P,3980.000000,4496.189941,23,16.790001,20.790001,0.000608,1.992994,1.867336,2021-09-17,0.000000,435,3975.000000,3985.000000,False,3980.000000,1.992994,4.600000,4.790000,4.930000,2563 x 843,60.000000,0.271520,-0.036710,4496.240000,,True,4.695000,0.095000,False,-11.480608
148,exit,2021-08-25,2021-08-13,2021-08-25,2021-09-17,profit_target,short_put,P,4040.000000,4496.189941,23,16.790001,20.790001,0.000608,2.978029,1.867336,2021-09-17,0.000000,435,4035.000000,4045.000000,False,4040.000000,2.978029,5.710000,5.900000,5.880000,100 x 500,29.000000,0.253860,-0.047000,4496.240000,,True,5.805000,0.095000,False,-10.146145
148,exit,2021-08-25,2021-08-13,2021-08-25,2021-09-17,profit_target,short_call,C,4790.000000,4496.189941,23,16.790001,20.790001,0.000608,1.175014,1.867336,2021-09-17,0.000000,435,4785.000000,4795.000000,False,4790.000000,1.175014,0.100000,0.250000,0.350000,1074 x 1098,0.000000,0.097050,0.005160,4496.240000,,True,0.175000,0.075000,False,6.534645
148,exit,2021-08-25,2021-08-13,2021-08-25,2021-09-17,profit_target,long_call,C,4850.000000,4496.189941,23,16.790001,20.790001,0.000608,0.292714,1.867336,2021-09-17,0.000000,435,4840.000000,4860.000000,False,4850.000000,0.292714,0.050000,0.160000,0.150000,1184 x 1705,3.000000,0.107410,0.002950,4496.240000,,True,0.105000,0.055000,False,7.869108
149,entry,2021-08-31,2021-08-31,2021-09-23,2021-10-15,profit_target,long_put,P,3940.000000,4522.680176,45,16.480000,20.420000,0.000406,17.719984,7.231118,,,0,,,False,,,,,,,,,,,vendor has no rows on this quote date,False,,,False,-12.883515
149,entry,2021-08-31,2021-08-31,2021-09-23,2021-10-15,profit_target,short_put,P,4000.000000,4522.680176,45,16.480000,20.420000,0.000406,21.421065,7.231118,,,0,,,False,,,,,,,,,,,vendor has no rows on this quote date,False,,,False,-11.556868
149,entry,2021-08-31,2021-08-31,2021-09-23,2021-10-15,profit_target,short_call,C,4915.000000,4522.680176,45,16.480000,20.420000,0.000406,7.430959,7.231118,,,0,,,False,,,,,,,,,,,vendor has no rows on this quote date,False,,,False,8.674499
149,entry,2021-08-31,2021-08-31,2021-09-23,2021-10-15,profit_target,long_call,C,4975.000000,4522.680176,45,16.480000,20.420000,0.000406,3.900922,7.231118,,,0,,,False,,,,,,,,,,,vendor has no rows on this quote date,False,,,False,10.001145
149,exit,2021-09-23,2021-08-31,2021-09-23,2021-10-15,profit_target,long_put,P,3940.000000,4448.979980,22,18.629999,21.370001,0.000304,3.104152,1.492666,2021-10-15,0.000000,404,3935.000000,3945.000000,False,3940.000000,3.104152,5.300000,5.490000,5.180000,1354 x 100,5.000000,0.284930,-0.041290,4448.220000,,True,5.395000,0.095000,False,-11.440375
149,exit,2021-09-23,2021-08-31,2021-09-23,2021-10-15,profit_target,short_put,P,4000.000000,4448.979980,22,18.629999,21.370001,0.000304,4.540562,1.492666,2021-10-15,0.000000,404,3995.000000,4005.000000,False,4000.000000,4.540562,6.610000,6.900000,6.650000,1955 x 1042,,0.268120,-0.052650,4448.220000,,True,6.755000,0.145000,False,-10.091751
149,exit,2021-09-23,2021-08-31,2021-09-23,2021-10-15,profit_target,short_call,C,4915.000000,4448.979980,22,18.629999,21.370001,0.000304,0.068508,1.492666,2021-10-15,0.000000,404,4910.000000,4920.000000,False,,,,,,,,,,,strike 4915 not listed (chain of 404 strikes; nearest 4910 / 4920),False,,,False,10.474761
149,exit,2021-09-23,2021-08-31,2021-09-23,2021-10-15,profit_target,long_call,C,4975.000000,4448.979980,22,18.629999,21.370001,0.000304,0.012253,1.492666,2021-10-15,0.000000,404,4970.000000,4980.000000,False,4975.000000,0.012253,0.000000,0.150000,0.100000,0 x 1658,7.000000,0.150990,0.001100,4448.220000,,True,0.075000,0.075000,True,11.823385
150,entry,2021-10-05,2021-10-05,2021-10-18,2021-11-19,profit_target,long_put,P,3640.000000,4345.720215,45,21.299999,23.110001,0.000406,17.266191,5.620300,2021-11-19,0.000000,369,3630.000000,3650.000000,False,3640.000000,17.266191,11.600000,11.900000,10.700000,1092 x 1511,12.000000,0.320500,-0.054280,4345.200000,,True,11.750000,0.150000,False,-16.239431
150,entry,2021-10-05,2021-10-05,2021-10-18,2021-11-19,profit_target,short_put,P,3695.000000,4345.720215,45,21.299999,23.110001,0.000406,20.252272,5.620300,2021-11-19,0.000000,369,3690.000000,3700.000000,False,3695.000000,20.252272,13.700000,14.100000,12.700000,552 x 308,6.000000,0.309350,-0.064190,4345.200000,,True,13.900000,0.200000,False,-14.973818
150,entry,2021-10-05,2021-10-05,2021-10-18,2021-11-19,profit_target,short_call,C,4835.000000,4345.720215,45,21.299999,23.110001,0.000406,6.410199,5.620300,2021-11-19,0.000000,369,4830.000000,4840.000000,False,,,,,,,,,,,strike 4835 not listed (chain of 369 strikes; nearest 4830 / 4840),False,,,False,11.258888
150,entry,2021-10-05,2021-10-05,2021-10-18,2021-11-19,profit_target,long_call,C,4890.000000,4345.720215,45,21.299999,23.110001,0.000406,3.775981,5.620300,2021-11-19,0.000000,369,4880.000000,4900.000000,False,4890.000000,3.775981,0.350000,0.500000,0.500000,200 x 1518,9.000000,0.134400,0.006360,4345.200000,,True,0.425000,0.075000,False,12.524501
150,exit,2021-10-18,2021-10-05,2021-10-18,2021-11-19,profit_target,long_put,P,3640.000000,4486.459961,32,16.309999,20.290001,0.000608,1.826352,2.193352,2021-11-19,0.000000,369,3630.000000,3650.000000,False,3640.000000,1.826352,2.650000,2.800000,2.750000,110 x 1329,49.000000,0.332620,-0.016500,4486.260000,,True,2.725000,0.075000,False,-18.866990
150,exit,2021-10-18,2021-10-05,2021-10-18,2021-11-19,profit_target,short_put,P,3695.000000,4486.459961,32,16.309999,20.290001,0.000608,2.323432,2.193352,2021-11-19,0.000000,369,3690.000000,3700.000000,False,3695.000000,2.323432,3.000000,3.200000,3.100000,2811 x 1484,12.000000,0.318210,-0.019160,4486.260000,,True,3.100000,0.100000,False,-17.641079
150,exit,2021-10-18,2021-10-05,2021-10-18,2021-11-19,profit_target,short_call,C,4835.000000,4486.459961,32,16.309999,20.290001,0.000608,2.938117,2.193352,2021-11-19,0.000000,369,4830.000000,4840.000000,False,,,,,,,,,,,strike 4835 not listed (chain of 369 strikes; nearest 4830 / 4840),False,,,False,7.768709
150,exit,2021-10-18,2021-10-05,2021-10-18,2021-11-19,profit_target,long_call,C,4890.000000,4486.459961,32,16.309999,20.290001,0.000608,1.241845,2.193352,2021-11-19,0.000000,369,4880.000000,4900.000000,False,4890.000000,1.241845,0.250000,0.400000,0.350000,2346 x 110,11.000000,0.116470,0.006420,4486.260000,,True,0.325000,0.075000,False,8.994620
151,entry,2021-10-18,2021-10-18,2021-10-29,2021-11-19,dte_exit,long_put,P,3995.000000,4486.459961,32,16.309999,20.290001,0.000608,8.919604,5.314538,2021-11-19,0.000000,369,3990.000000,4000.000000,False,3995.000000,8.919604,7.900000,8.100000,8.300000,100 x 657,17.000000,0.245580,-0.055670,4486.260000,,True,8.000000,0.100000,False,-10.954293
151,entry,2021-10-18,2021-10-18,2021-10-29,2021-11-19,dte_exit,short_put,P,4055.000000,4486.459961,32,16.309999,20.290001,0.000608,11.771949,5.314538,2021-11-19,0.000000,369,4050.000000,4060.000000,False,4055.000000,11.771949,10.000000,10.200000,10.400000,100 x 220,24.000000,0.232780,-0.070650,4486.260000,,True,10.100000,0.100000,False,-9.616936
151,entry,2021-10-18,2021-10-18,2021-10-29,2021-11-19,dte_exit,short_call,C,4810.000000,4486.459961,32,16.309999,20.290001,0.000608,4.184473,5.314538,2021-11-19,0.000000,369,4805.000000,4820.000000,False,4810.000000,4.184473,0.750000,0.900000,0.800000,1933 x 2328,10.000000,0.109720,0.016060,4486.260000,,True,0.825000,0.075000,False,7.211477
151,entry,2021-10-18,2021-10-18,2021-10-29,2021-11-19,dte_exit,long_call,C,4870.000000,4486.459961,32,16.309999,20.290001,0.000608,1.722280,5.314538,2021-11-19,0.000000,369,4860.000000,4875.000000,False,4870.000000,1.722280,0.350000,0.500000,0.400000,3371 x 2852,9.000000,0.115750,0.007860,4486.260000,,True,0.425000,0.075000,False,8.548835
151,exit,2021-10-29,2021-10-18,2021-10-29,2021-11-19,dte_exit,long_put,P,3995.000000,4605.379883,21,16.260000,20.370001,0.000507,0.481661,2.577042,2021-11-19,0.000000,382,3990.000000,4000.000000,False,3995.000000,0.481661,3.100000,3.300000,3.350000,1132 x 3444,60.000000,0.300250,-0.024450,4605.450000,,True,3.200000,0.100000,False,-13.253627
151,exit,2021-10-29,2021-10-18,2021-10-29,2021-11-19,dte_exit,short_put,P,4055.000000,4605.379883,21,16.260000,20.370001,0.000507,0.753988,2.577042,2021-11-19,0.000000,382,4050.000000,4060.000000,False,4055.000000,0.753988,3.600000,3.900000,4.400000,1371 x 2300,7.000000,0.281580,-0.030160,4605.450000,,True,3.750000,0.150000,False,-11.950803
151,exit,2021-10-29,2021-10-18,2021-10-29,2021-11-19,dte_exit,short_call,C,4810.000000,4605.379883,21,16.260000,20.370001,0.000507,3.114328,2.577042,2021-11-19,0.000000,382,4805.000000,4815.000000,False,4810.000000,3.114328,0.700000,0.900000,0.750000,904 x 619,3.000000,0.088060,0.021270,4605.450000,,True,0.800000,0.100000,False,4.443067
151,exit,2021-10-29,2021-10-18,2021-10-29,2021-11-19,dte_exit,long_call,C,4870.000000,4605.379883,21,16.260000,20.370001,0.000507,0.809613,2.577042,2021-11-19,0.000000,382,4865.000000,4875.000000,False,4870.000000,0.809613,0.250000,0.400000,0.300000,3707 x 1769,7.000000,0.096470,0.009210,4605.450000,,True,0.325000,0.075000,False,5.745891
152,entry,2021-11-02,2021-11-02,2021-11-24,2021-12-17,profit_target,long_put,P,4050.000000,4630.649902,45,16.030001,20.100000,0.000507,18.105411,7.399474,2021-12-17,0.000000,420,4045.000000,4055.000000,False,4050.000000,18.105411,12.000000,12.300000,12.500000,1613 x 1039,15.000000,0.253820,-0.064400,4631.050000,,True,12.150000,0.150000,False,-12.539274
152,entry,2021-11-02,2021-11-02,2021-11-24,2021-12-17,profit_target,short_put,P,4110.000000,4630.649902,45,16.030001,20.100000,0.000507,21.853289,7.399474,2021-12-17,0.000000,420,4105.000000,4115.000000,False,4110.000000,21.853289,14.500000,14.800000,15.100000,1941 x 1216,35.000000,0.242440,-0.079000,4631.050000,,True,14.650000,0.150000,False,-11.243560
152,entry,2021-11-02,2021-11-02,2021-11-24,2021-12-17,profit_target,short_call,C,5020.000000,4630.649902,45,16.030001,20.100000,0.000507,7.739950,7.399474,2021-12-17,0.000000,420,5010.000000,5025.000000,False,5020.000000,7.739950,0.750000,0.900000,0.850000,2286 x 3236,2.000000,0.105540,0.013500,4631.050000,,True,0.825000,0.075000,False,8.408109
152,entry,2021-11-02,2021-11-02,2021-11-24,2021-12-17,profit_target,long_call,C,5080.000000,4630.649902,45,16.030001,20.100000,0.000507,4.088354,7.399474,2021-12-17,0.000000,420,5075.000000,5100.000000,False,,,,,,,,,,,strike 5080 not listed (chain of 420 strikes; nearest 5075 / 5100),False,,,False,9.703824
152,exit,2021-11-24,2021-11-02,2021-11-24,2021-12-17,profit_target,long_put,P,4050.000000,4701.459961,23,18.580000,21.900000,0.000608,1.900887,2.480509,2021-12-17,0.000000,438,4045.000000,4055.000000,False,4050.000000,1.900887,5.000000,5.200000,5.910000,689 x 480,13.000000,0.324280,-0.032960,4701.650000,,True,5.100000,0.100000,False,-13.856546
152,exit,2021-11-24,2021-11-02,2021-11-24,2021-12-17,profit_target,short_put,P,4110.000000,4701.459961,23,18.580000,21.900000,0.000608,2.680477,2.480509,2021-12-17,0.000000,438,4105.000000,4115.000000,False,4110.000000,2.680477,5.800000,6.000000,7.080000,100 x 1397,1.000000,0.304920,-0.039430,4701.650000,,True,5.900000,0.100000,False,-12.580347
152,exit,2021-11-24,2021-11-02,2021-11-24,2021-12-17,profit_target,short_call,C,5020.000000,4701.459961,23,18.580000,21.900000,0.000608,2.662614,2.480509,2021-12-17,0.000000,438,5015.000000,5025.000000,False,5020.000000,2.662614,0.550000,0.600000,0.750000,336 x 1,1.000000,0.114360,0.012690,4701.650000,,True,0.575000,0.025000,False,6.775343
152,exit,2021-11-24,2021-11-02,2021-11-24,2021-12-17,profit_target,long_call,C,5080.000000,4701.459961,23,18.580000,21.900000,0.000608,0.961695,2.480509,2021-12-17,0.000000,438,5075.000000,5090.000000,False,5080.000000,0.961695,0.250000,0.350000,0.450000,1315 x 1,1.000000,0.121670,0.006130,4701.650000,,True,0.300000,0.050000,False,8.051542
153,entry,2021-12-07,2021-12-07,2021-12-21,2022-01-21,profit_target,long_put,P,3905.000000,4686.750000,45,21.889999,24.959999,0.000608,20.329471,6.764934,2022-01-21,0.000000,403,3900.000000,3910.000000,False,3905.000000,20.329471,14.000000,14.400000,26.790000,656 x 183,57.000000,0.338150,-0.056820,4686.840000,,True,14.200000,0.200000,False,-16.680002
153,entry,2021-12-07,2021-12-07,2021-12-21,2022-01-21,profit_target,short_put,P,3965.000000,4686.750000,45,21.889999,24.959999,0.000608,23.760838,6.764934,2022-01-21,0.000000,403,3960.000000,3970.000000,False,3965.000000,23.760838,14.700000,17.600000,53.830000,420 x 387,2.000000,0.325280,-0.065090,4686.840000,,True,16.150000,1.450000,False,-15.399797
153,entry,2021-12-07,2021-12-07,2021-12-21,2022-01-21,profit_target,short_call,C,5225.000000,4686.750000,45,21.889999,24.959999,0.000608,8.645695,6.764934,2022-01-21,0.000000,403,5200.000000,5250.000000,False,5225.000000,8.645695,1.000000,1.250000,0.950000,731 x 127,1.000000,0.138290,0.013670,4686.840000,,True,1.125000,0.125000,False,11.484504
153,entry,2021-12-07,2021-12-07,2021-12-21,2022-01-21,profit_target,long_call,C,5285.000000,4686.750000,45,21.889999,24.959999,0.000608,5.312128,6.764934,2022-01-21,0.000000,403,5275.000000,5300.000000,False,,,,,,,,,,,strike 5285 not listed (chain of 403 strikes; nearest 5275 / 5300),False,,,False,12.764709
153,exit,2021-12-21,2021-12-07,2021-12-21,2022-01-21,profit_target,long_put,P,3905.000000,4649.229980,31,21.010000,25.000000,0.000710,6.875153,2.293163,2022-01-21,0.000000,403,3900.000000,3910.000000,False,3905.000000,6.875153,7.200000,7.500000,7.300000,100 x 200,5.000000,0.341780,-0.037820,4648.980000,,True,7.350000,0.150000,False,-16.007597
153,exit,2021-12-21,2021-12-07,2021-12-21,2022-01-21,profit_target,short_put,P,3965.000000,4649.229980,31,21.010000,25.000000,0.000710,8.650491,2.293163,2022-01-21,0.000000,403,3960.000000,3970.000000,False,3965.000000,8.650491,8.300000,8.600000,8.400000,100 x 310,6.000000,0.325580,-0.044710,4648.980000,,True,8.450000,0.150000,False,-14.717060
153,exit,2021-12-21,2021-12-07,2021-12-21,2022-01-21,profit_target,short_call,C,5225.000000,4649.229980,31,21.010000,25.000000,0.000710,0.886964,2.293163,2022-01-21,0.000000,403,5200.000000,5250.000000,False,5225.000000,0.886964,0.150000,0.300000,0.200000,302 x 542,6.000000,0.147440,0.004060,4648.980000,,True,0.225000,0.075000,False,12.384202
153,exit,2021-12-21,2021-12-07,2021-12-21,2022-01-21,profit_target,long_call,C,5285.000000,4649.229980,31,21.010000,25.000000,0.000710,0.369139,2.293163,2022-01-21,0.000000,403,5275.000000,5300.000000,False,,,,,,,,,,,strike 5285 not listed (chain of 403 strikes; nearest 5275 / 5300),False,,,False,13.674738
154,entry,2021-12-21,2021-12-21,2021-12-29,2022-01-21,profit_target,long_put,P,4020.000000,4649.229980,31,21.010000,25.000000,0.000710,10.679645,5.370933,2022-01-21,0.000000,403,4015.000000,4025.000000,False,4020.000000,10.679645,9.400000,10.000000,10.000000,325 x 100,7.000000,0.311370,-0.051800,4648.980000,,True,9.700000,0.300000,False,-13.534069
154,entry,2021-12-21,2021-12-21,2021-12-29,2022-01-21,profit_target,short_put,P,4080.000000,4649.229980,31,21.010000,25.000000,0.000710,13.443283,5.370933,2022-01-21,0.000000,403,4075.000000,4085.000000,False,4080.000000,13.443283,11.500000,11.900000,11.900000,296 x 581,5.000000,0.297820,-0.063390,4648.980000,,True,11.700000,0.200000,False,-12.243532
154,entry,2021-12-21,2021-12-21,2021-12-29,2022-01-21,profit_target,short_call,C,5075.000000,4649.229980,31,21.010000,25.000000,0.000710,5.389355,5.370933,2022-01-21,0.000000,403,5070.000000,5080.000000,False,5075.000000,5.389355,0.900000,1.100000,0.900000,2864 x 1416,5.000000,0.136830,0.015670,4648.980000,,True,1.000000,0.100000,False,9.157861
154,entry,2021-12-21,2021-12-21,2021-12-29,2022-01-21,profit_target,long_call,C,5135.000000,4649.229980,31,21.010000,25.000000,0.000710,2.782060,5.370933,2022-01-21,0.000000,403,5130.000000,5140.000000,False,,,,,,,,,,,strike 5135 not listed (chain of 403 strikes; nearest 5130 / 5140),False,,,False,10.448397
154,exit,2021-12-29,2021-12-21,2021-12-29,2022-01-21,profit_target,long_put,P,4020.000000,4793.060059,23,16.950001,21.830000,0.000507,0.473472,1.540782,2022-01-21,0.000000,414,4015.000000,4025.000000,False,4020.000000,0.473472,2.650000,2.800000,10.000000,1017 x 798,7.000000,0.335140,-0.017670,4792.940000,,True,2.725000,0.075000,False,-16.128737
154,exit,2021-12-29,2021-12-21,2021-12-29,2022-01-21,profit_target,short_put,P,4080.000000,4793.060059,23,16.950001,21.830000,0.000507,0.682633,1.540782,2022-01-21,0.000000,414,4075.000000,4085.000000,False,4080.000000,0.682633,3.000000,3.200000,3.020000,1577 x 1572,5.000000,0.316790,-0.021140,4792.940000,,True,3.100000,0.100000,False,-14.876927
154,exit,2021-12-29,2021-12-21,2021-12-29,2022-01-21,profit_target,short_call,C,5075.000000,4793.060059,23,16.950001,21.830000,0.000507,1.861979,1.540782,2022-01-21,0.000000,414,5070.000000,5080.000000,False,5075.000000,1.861979,0.950000,1.100000,1.700000,1500 x 164,1.000000,0.109850,0.021190,4792.940000,,True,1.025000,0.075000,False,5.882253
154,exit,2021-12-29,2021-12-21,2021-12-29,2022-01-21,profit_target,long_call,C,5135.000000,4793.060059,23,16.950001,21.830000,0.000507,0.530358,1.540782,2022-01-21,0.000000,414,5130.000000,5140.000000,False,5135.000000,0.530358,0.400000,0.600000,0.000000,1298 x 716,,0.116420,0.010040,4792.940000,,True,0.500000,0.100000,False,7.134063
155,entry,2022-01-04,2022-01-04,2022-01-28,2022-02-18,dte_exit,long_put,P,4165.000000,4793.540039,45,16.910000,21.620001,0.000811,20.328369,7.745868,2022-02-18,0.000000,404,4160.000000,4170.000000,False,4165.000000,20.328369,11.800000,12.200000,12.800000,1849 x 771,4.000000,0.260390,-0.061020,4793.190000,,True,12.000000,0.200000,False,-13.112231
155,entry,2022-01-04,2022-01-04,2022-01-28,2022-02-18,dte_exit,short_put,P,4225.000000,4793.540039,45,16.910000,21.620001,0.000811,24.183532,7.745868,2022-02-18,0.000000,404,4220.000000,4230.000000,False,4225.000000,24.183532,14.000000,14.400000,13.500000,554 x 579,21.000000,0.248940,-0.072760,4793.190000,,True,14.200000,0.200000,False,-11.860546
155,entry,2022-01-04,2022-01-04,2022-01-28,2022-02-18,dte_exit,short_call,C,5220.000000,4793.540039,45,16.910000,21.620001,0.000811,9.009334,7.745868,2022-02-18,0.000000,404,5210.000000,5225.000000,False,5220.000000,9.009334,0.850000,1.000000,1.900000,627 x 999,3.000000,0.111370,0.014180,4793.190000,,True,0.925000,0.075000,False,8.896556
155,entry,2022-01-04,2022-01-04,2022-01-28,2022-02-18,dte_exit,long_call,C,5280.000000,4793.540039,45,16.910000,21.620001,0.000811,5.118629,7.745868,2022-02-18,0.000000,404,5275.000000,5300.000000,False,,,,,,,,,,,strike 5280 not listed (chain of 404 strikes; nearest 5275 / 5300),False,,,False,10.148240
155,exit,2022-01-28,2022-01-04,2022-01-28,2022-02-18,dte_exit,long_put,P,4165.000000,4431.850098,21,27.660000,28.820000,0.001927,38.777538,11.377311,2022-02-18,0.000000,404,4160.000000,4170.000000,False,4165.000000,38.777538,34.200000,35.000000,35.930000,150 x 98,2.000000,0.289690,-0.192360,4431.800000,,True,34.600000,0.400000,False,-6.021190
155,exit,2022-01-28,2022-01-04,2022-01-28,2022-02-18,dte_exit,short_put,P,4225.000000,4431.850098,21,27.660000,28.820000,0.001927,50.121749,11.377311,2022-02-18,0.000000,404,4220.000000,4230.000000,False,4225.000000,50.121749,44.000000,44.800000,46.970000,131 x 120,27.000000,0.275910,-0.243130,4431.800000,,True,44.400000,0.400000,False,-4.667353
155,exit,2022-01-28,2022-01-04,2022-01-28,2022-02-18,dte_exit,short_call,C,5220.000000,4431.850098,21,27.660000,28.820000,0.001927,0.049435,11.377311,2022-02-18,0.000000,404,5210.000000,5225.000000,False,5220.000000,0.049435,0.050000,0.200000,0.200000,363 x 553,78.000000,0.232840,0.002120,4431.800000,,True,0.125000,0.075000,False,17.783767
155,exit,2022-01-28,2022-01-04,2022-01-28,2022-02-18,dte_exit,long_call,C,5280.000000,4431.850098,21,27.660000,28.820000,0.001927,0.016335,11.377311,2022-02-18,0.000000,404,5275.000000,5300.000000,False,,,,,,,,,,,strike 5280 not listed (chain of 404 strikes; nearest 5275 / 5300),False,,,False,19.137604
156,entry,2022-02-01,2022-02-01,2022-02-25,2022-03-18,dte_exit,long_put,P,3785.000000,4546.540039,45,21.959999,24.760000,0.002028,19.335886,6.640452,2022-03-18,0.000000,418,3780.000000,3790.000000,False,,,,,,,,,,,strike 3785 not listed (chain of 418 strikes; nearest 3780 / 3790),False,,,False,-16.749881
156,entry,2022-02-01,2022-02-01,2022-02-25,2022-03-18,dte_exit,short_put,P,3845.000000,4546.540039,45,21.959999,24.760000,0.002028,22.715562,6.640452,2022-03-18,0.000000,418,3840.000000,3850.000000,False,3845.000000,22.715562,15.600000,16.000000,22.500000,1136 x 1004,1.000000,0.327070,-0.066110,4544.950000,,True,15.800000,0.200000,False,-15.430196
156,entry,2022-02-01,2022-02-01,2022-02-25,2022-03-18,dte_exit,short_call,C,5070.000000,4546.540039,45,21.959999,24.760000,0.002028,8.204952,6.640452,2022-03-18,0.000000,418,5065.000000,5075.000000,False,5070.000000,8.204952,1.450000,1.650000,2.180000,250 x 250,1.000000,0.145720,0.018200,4544.950000,,True,1.550000,0.100000,False,11.513370
156,entry,2022-02-01,2022-02-01,2022-02-25,2022-03-18,dte_exit,long_call,C,5130.000000,4546.540039,45,21.959999,24.760000,0.002028,4.944175,6.640452,2022-03-18,0.000000,418,5125.000000,5135.000000,False,5130.000000,4.944175,0.900000,1.050000,4.500000,394 x 169,25.000000,0.149500,0.011700,4544.950000,,True,0.975000,0.075000,False,12.833054
156,exit,2022-02-25,2022-02-01,2022-02-25,2022-03-18,dte_exit,long_put,P,3785.000000,4384.649902,21,27.590000,28.040001,0.003347,8.752419,2.965003,2022-03-18,0.000000,430,3780.000000,3790.000000,False,3785.000000,8.752419,9.200000,9.600000,0.000000,450 x 693,,0.381490,-0.053170,4385.340000,,True,9.400000,0.200000,False,-13.676118
156,exit,2022-02-25,2022-02-01,2022-02-25,2022-03-18,dte_exit,short_put,P,3845.000000,4384.649902,21,27.590000,28.040001,0.003347,11.548599,2.965003,2022-03-18,0.000000,430,3840.000000,3850.000000,False,3845.000000,11.548599,11.400000,11.800000,21.290000,1359 x 845,1.000000,0.365720,-0.065310,4385.340000,,True,11.600000,0.200000,False,-12.307708
156,exit,2022-02-25,2022-02-01,2022-02-25,2022-03-18,dte_exit,short_call,C,5070.000000,4384.649902,21,27.590000,28.040001,0.003347,0.279300,2.965003,2022-03-18,0.000000,430,5065.000000,5075.000000,False,5070.000000,0.279300,0.150000,0.350000,0.300000,1964 x 2082,1.000000,0.220740,0.003680,4385.340000,,True,0.250000,0.100000,False,15.630669
156,exit,2022-02-25,2022-02-01,2022-02-25,2022-03-18,dte_exit,long_call,C,5130.000000,4384.649902,21,27.590000,28.040001,0.003347,0.110476,2.965003,2022-03-18,0.000000,430,5125.000000,5135.000000,False,5130.000000,0.110476,0.100000,0.250000,0.250000,1252 x 1156,1.000000,0.228190,0.002160,4385.340000,,True,0.175000,0.075000,False,16.999079
157,entry,2022-03-02,2022-03-02,2022-03-16,2022-04-14,profit_target,long_put,P,3405.000000,4386.540039,43,30.740000,30.969999,0.003347,18.636576,5.392395,2022-04-14,0.000000,427,3400.000000,3410.000000,False,,,,,,,,,,,strike 3405 not listed (chain of 427 strikes; nearest 3400 / 3410),False,,,False,-22.376179
157,entry,2022-03-02,2022-03-02,2022-03-16,2022-04-14,profit_target,short_put,P,3460.000000,4386.540039,43,30.740000,30.969999,0.003347,21.367524,5.392395,2022-04-14,0.000000,427,3450.000000,3470.000000,False,3460.000000,21.367524,14.100000,14.400000,21.600000,250 x 189,4.000000,0.431060,-0.049350,4385.620000,,True,14.250000,0.150000,False,-21.122343
157,entry,2022-03-02,2022-03-02,2022-03-16,2022-04-14,profit_target,short_call,C,5080.000000,4386.540039,43,30.740000,30.969999,0.003347,8.637465,5.392395,2022-04-14,0.000000,427,5075.000000,5085.000000,False,5080.000000,8.637465,0.600000,0.800000,2.450000,1070 x 972,1.000000,0.177200,0.008470,4385.620000,,True,0.700000,0.100000,False,15.808814
157,entry,2022-03-02,2022-03-02,2022-03-16,2022-04-14,profit_target,long_call,C,5135.000000,4386.540039,43,30.740000,30.969999,0.003347,5.976018,5.392395,2022-04-14,0.000000,427,5130.000000,5140.000000,False,5135.000000,5.976018,0.400000,0.600000,1.650000,915 x 1486,1.000000,0.181260,0.005930,4385.620000,,True,0.500000,0.100000,False,17.062650
157,exit,2022-03-16,2022-03-02,2022-03-16,2022-04-14,profit_target,long_put,P,3405.000000,4357.859863,29,26.670000,28.959999,0.004362,4.263022,1.264593,2022-04-14,0.000000,435,3400.000000,3410.000000,False,,,,,,,,,,,strike 3405 not listed (chain of 435 strikes; nearest 3400 / 3410),False,,,False,-21.865317
157,exit,2022-03-16,2022-03-02,2022-03-16,2022-04-14,profit_target,short_put,P,3460.000000,4357.859863,29,26.670000,28.959999,0.004362,5.259268,1.264593,2022-04-14,0.000000,435,3450.000000,3470.000000,False,3460.000000,5.259268,4.900000,5.100000,10.300000,963 x 541,1.000000,0.422300,-0.024110,4358.130000,,True,5.000000,0.100000,False,-20.603229
157,exit,2022-03-16,2022-03-02,2022-03-16,2022-04-14,profit_target,short_call,C,5080.000000,4357.859863,29,26.670000,28.959999,0.004362,0.513317,1.264593,2022-04-14,0.000000,435,5075.000000,5085.000000,False,5080.000000,0.513317,0.100000,0.250000,0.150000,1166 x 479,3.000000,0.190620,0.002460,4358.130000,,True,0.175000,0.075000,False,16.570981
157,exit,2022-03-16,2022-03-02,2022-03-16,2022-04-14,profit_target,long_call,C,5135.000000,4357.859863,29,26.670000,28.959999,0.004362,0.244970,1.264593,2022-04-14,0.000000,435,5130.000000,5140.000000,False,5135.000000,0.244970,0.050000,0.200000,0.100000,1797 x 635,2.000000,0.196470,0.001350,4358.130000,,True,0.125000,0.075000,False,17.833069
158,entry,2022-04-05,2022-04-05,2022-04-19,2022-05-20,profit_target,long_put,P,3780.000000,4525.120117,45,21.030001,24.900000,0.006596,18.955375,6.730518,2022-05-20,0.000000,402,3775.000000,3785.000000,False,3780.000000,18.955375,11.600000,11.800000,8.800000,868 x 100,1.000000,0.324430,-0.051340,4525.680000,,True,11.700000,0.100000,False,-16.466306
158,entry,2022-04-05,2022-04-05,2022-04-19,2022-05-20,profit_target,short_put,P,3840.000000,4525.120117,45,21.030001,24.900000,0.006596,22.320282,6.730518,2022-05-20,0.000000,402,3835.000000,3845.000000,False,3840.000000,22.320282,13.600000,13.900000,11.800000,848 x 2038,2327.000000,0.312550,-0.060540,4525.680000,,True,13.750000,0.150000,False,-15.140374
158,entry,2022-04-05,2022-04-05,2022-04-19,2022-05-20,profit_target,short_call,C,5035.000000,4525.120117,45,21.030001,24.900000,0.006596,8.374319,6.730518,2022-05-20,0.000000,402,5030.000000,5040.000000,False,,,,,,,,,,,strike 5035 not listed (chain of 402 strikes; nearest 5030 / 5040),False,,,False,11.267765
158,entry,2022-04-05,2022-04-05,2022-04-19,2022-05-20,profit_target,long_call,C,5095.000000,4525.120117,45,21.030001,24.900000,0.006596,5.008708,6.730518,2022-05-20,0.000000,402,5090.000000,5100.000000,False,,,,,,,,,,,strike 5095 not listed (chain of 402 strikes; nearest 5090 / 5100),False,,,False,12.593696
158,exit,2022-04-19,2022-04-05,2022-04-19,2022-05-20,profit_target,long_put,P,3780.000000,4462.209961,31,21.370001,25.059999,0.008323,7.770177,2.539007,2022-05-20,0.000000,402,3775.000000,3785.000000,False,3780.000000,7.770177,5.200000,5.400000,5.700000,1398 x 502,12.000000,0.305880,-0.032920,4464.500000,,True,5.300000,0.100000,False,-15.288612
158,exit,2022-04-19,2022-04-05,2022-04-19,2022-05-20,profit_target,short_put,P,3840.000000,4462.209961,31,21.370001,25.059999,0.008323,9.847716,2.539007,2022-05-20,0.000000,402,3835.000000,3845.000000,False,3840.000000,9.847716,6.400000,6.600000,7.000000,708 x 701,5.000000,0.292370,-0.040330,4464.500000,,True,6.500000,0.100000,False,-13.943987
158,exit,2022-04-19,2022-04-05,2022-04-19,2022-05-20,profit_target,short_call,C,5035.000000,4462.209961,31,21.370001,25.059999,0.008323,0.770587,2.539007,2022-05-20,0.000000,402,5030.000000,5040.000000,False,,,,,,,,,,,strike 5035 not listed (chain of 402 strikes; nearest 5030 / 5040),False,,,False,12.836465
158,exit,2022-04-19,2022-04-05,2022-04-19,2022-05-20,profit_target,long_call,C,5095.000000,4462.209961,31,21.370001,25.059999,0.008323,0.309119,2.539007,2022-05-20,0.000000,402,5090.000000,5100.000000,False,,,,,,,,,,,strike 5095 not listed (chain of 402 strikes; nearest 5090 / 5100),False,,,False,14.181091
159,entry,2022-04-19,2022-04-19,2022-04-29,2022-05-20,dte_exit,long_put,P,3845.000000,4462.209961,31,21.370001,25.059999,0.008323,10.044158,5.288413,2022-05-20,0.000000,402,3840.000000,3850.000000,False,3845.000000,10.044158,6.500000,6.700000,6.900000,1438 x 390,10.000000,0.290840,-0.041370,4464.500000,,True,6.600000,0.100000,False,-13.831935
159,entry,2022-04-19,2022-04-19,2022-04-29,2022-05-20,dte_exit,short_put,P,3905.000000,4462.209961,31,21.370001,25.059999,0.008323,12.731991,5.288413,2022-05-20,0.000000,402,3900.000000,3910.000000,False,3905.000000,12.731991,8.100000,8.400000,9.200000,1500 x 1060,9.000000,0.277370,-0.051860,4464.500000,,True,8.250000,0.150000,False,-12.487309
159,entry,2022-04-19,2022-04-19,2022-04-29,2022-05-20,dte_exit,short_call,C,4880.000000,4462.209961,31,21.370001,25.059999,0.008323,5.282910,5.288413,2022-05-20,0.000000,402,4875.000000,4885.000000,False,4880.000000,5.282910,0.500000,0.700000,0.550000,850 x 546,1.000000,0.135210,0.010390,4464.500000,,True,0.600000,0.100000,False,9.362850
159,entry,2022-04-19,2022-04-19,2022-04-29,2022-05-20,dte_exit,long_call,C,4940.000000,4462.209961,31,21.370001,25.059999,0.008323,2.682330,5.288413,2022-05-20,0.000000,402,4930.000000,4950.000000,False,4940.000000,2.682330,0.250000,0.400000,0.150000,1860 x 1881,2.000000,0.139810,0.005260,4464.500000,,True,0.325000,0.075000,False,10.707476
159,exit,2022-04-29,2022-04-19,2022-04-29,2022-05-20,dte_exit,long_put,P,3845.000000,4131.930176,21,33.400002,33.180000,0.008424,47.837201,12.423093,2022-05-20,0.000000,415,3840.000000,3850.000000,False,3845.000000,47.837201,40.400000,41.700000,23.420000,45 x 45,2.000000,0.363080,-0.194510,4132.170000,,True,41.050000,0.650000,False,-6.944216
159,exit,2022-04-29,2022-04-19,2022-04-29,2022-05-20,dte_exit,short_put,P,3905.000000,4131.930176,21,33.400002,33.180000,0.008424,59.923813,12.423093,2022-05-20,0.000000,415,3900.000000,3910.000000,False,3905.000000,59.923813,49.800000,52.000000,44.850000,285 x 45,8.000000,0.347890,-0.237530,4132.170000,,True,50.900000,1.100000,False,-5.492111
159,exit,2022-04-29,2022-04-19,2022-04-29,2022-05-20,dte_exit,short_call,C,4880.000000,4131.930176,21,33.400002,33.180000,0.008424,0.657560,12.423093,2022-05-20,0.000000,415,4875.000000,4885.000000,False,4880.000000,0.657560,0.000000,0.200000,0.200000,0 x 100,1.000000,0.227900,0.002040,4132.170000,,True,0.100000,0.100000,True,18.104610
159,exit,2022-04-29,2022-04-19,2022-04-29,2022-05-20,dte_exit,long_call,C,4940.000000,4131.930176,21,33.400002,33.180000,0.008424,0.321079,12.423093,2022-05-20,0.000000,415,4930.000000,4950.000000,False,4940.000000,0.321079,0.000000,0.150000,0.150000,0 x 298,38.000000,0.236760,0.000690,4132.170000,,True,0.075000,0.075000,True,19.556715
160,entry,2022-05-03,2022-05-03,2022-05-17,2022-06-17,profit_target,long_put,P,3265.000000,4175.479980,45,29.250000,30.809999,0.009135,19.194723,5.744848,2022-06-17,0.000000,426,3250.000000,3275.000000,False,,,,,,,,,,,strike 3265 not listed (chain of 426 strikes; nearest 3250 / 3275),False,,,False,-21.805397
160,entry,2022-05-03,2022-05-03,2022-05-17,2022-06-17,profit_target,short_put,P,3320.000000,4175.479980,45,29.250000,30.809999,0.009135,22.082194,5.744848,2022-06-17,0.000000,426,3310.000000,3325.000000,False,3320.000000,22.082194,14.000000,14.400000,0.000000,718 x 100,,0.418040,-0.051970,4174.440000,,True,14.200000,0.200000,False,-20.488183
160,entry,2022-05-03,2022-05-03,2022-05-17,2022-06-17,profit_target,short_call,C,4820.000000,4175.479980,45,29.250000,30.809999,0.009135,8.915823,5.744848,2022-06-17,0.000000,426,4810.000000,4825.000000,False,4820.000000,8.915823,0.800000,1.000000,1.950000,730 x 562,7.000000,0.173240,0.010690,4174.440000,,True,0.900000,0.100000,False,15.435831
160,entry,2022-05-03,2022-05-03,2022-05-17,2022-06-17,profit_target,long_call,C,4875.000000,4175.479980,45,29.250000,30.809999,0.009135,6.058445,5.744848,2022-06-17,0.000000,426,4870.000000,4880.000000,False,4875.000000,6.058445,0.500000,0.650000,1.900000,1257 x 2248,10.000000,0.174960,0.006740,4174.440000,,True,0.575000,0.075000,False,16.753045
160,exit,2022-05-17,2022-05-03,2022-05-17,2022-06-17,profit_target,long_put,P,3265.000000,4088.850098,31,26.100000,28.370001,0.010762,6.089195,1.586011,2022-06-17,0.000000,452,3260.000000,3270.000000,False,,,,,,,,,,,strike 3265 not listed (chain of 452 strikes; nearest 3260 / 3270),False,,,False,-20.148699
160,exit,2022-05-17,2022-05-03,2022-05-17,2022-06-17,profit_target,short_put,P,3320.000000,4088.850098,31,26.100000,28.370001,0.010762,7.519821,1.586011,2022-06-17,0.000000,452,3310.000000,3325.000000,False,3320.000000,7.519821,4.600000,4.800000,0.000000,543 x 543,75.000000,0.375180,-0.026520,4089.220000,,True,4.700000,0.100000,False,-18.803578
160,exit,2022-05-17,2022-05-03,2022-05-17,2022-06-17,profit_target,short_call,C,4820.000000,4088.850098,31,26.100000,28.370001,0.010762,0.273333,1.586011,2022-06-17,0.000000,452,4810.000000,4825.000000,False,4820.000000,0.273333,0.100000,0.150000,0.100000,649 x 1,7.000000,0.191150,0.002040,4089.220000,,True,0.125000,0.025000,False,17.881553
160,exit,2022-05-17,2022-05-03,2022-05-17,2022-06-17,profit_target,long_call,C,4875.000000,4088.850098,31,26.100000,28.370001,0.010762,0.117948,1.586011,2022-06-17,0.000000,452,4870.000000,4880.000000,False,4875.000000,0.117948,0.050000,0.150000,0.050000,1315 x 102,6.000000,0.199040,0.001930,4089.220000,,True,0.100000,0.050000,False,19.226675
161,entry,2022-05-17,2022-05-17,2022-05-27,2022-06-17,dte_exit,long_put,P,3255.000000,4088.850098,31,26.100000,28.370001,0.010762,5.859035,2.285939,2022-06-17,0.000000,452,3250.000000,3260.000000,False,,,,,,,,,,,strike 3255 not listed (chain of 452 strikes; nearest 3250 / 3260),False,,,False,-20.393267
161,entry,2022-05-17,2022-05-17,2022-05-27,2022-06-17,dte_exit,short_put,P,3310.000000,4088.850098,31,26.100000,28.370001,0.010762,7.237548,2.285939,2022-06-17,0.000000,452,3300.000000,3320.000000,False,3310.000000,7.237548,4.400000,4.700000,23.700000,543 x 1206,25.000000,0.377870,-0.025150,4089.220000,,True,4.550000,0.150000,False,-19.048145
161,entry,2022-05-17,2022-05-17,2022-05-27,2022-06-17,dte_exit,short_call,C,4670.000000,4088.850098,31,26.100000,28.370001,0.010762,1.891545,2.285939,2022-06-17,0.000000,452,4665.000000,4675.000000,False,4670.000000,1.891545,0.350000,0.500000,0.350000,1577 x 1014,8.000000,0.179010,0.006480,4089.220000,,True,0.425000,0.075000,False,14.213040
161,entry,2022-05-17,2022-05-17,2022-05-27,2022-06-17,dte_exit,long_call,C,4725.000000,4088.850098,31,26.100000,28.370001,0.010762,0.984119,2.285939,2022-06-17,0.000000,452,4720.000000,4730.000000,False,4725.000000,0.984119,0.200000,0.300000,0.200000,1128 x 102,111.000000,0.182300,0.003650,4089.220000,,True,0.250000,0.050000,False,15.558162
161,exit,2022-05-27,2022-05-17,2022-05-27,2022-06-17,dte_exit,long_put,P,3255.000000,4158.240234,21,25.719999,28.020000,0.010762,0.834961,0.685538,2022-06-17,0.000000,458,3250.000000,3260.000000,False,,,,,,,,,,,strike 3255 not listed (chain of 458 strikes; nearest 3250 / 3260),False,,,False,-21.721694
161,exit,2022-05-27,2022-05-17,2022-05-27,2022-06-17,dte_exit,short_put,P,3310.000000,4158.240234,21,25.719999,28.020000,0.010762,1.137994,0.685538,2022-06-17,0.000000,458,3300.000000,3320.000000,False,3310.000000,1.137994,1.650000,1.750000,1.820000,113 x 224,2.000000,0.419850,-0.010990,4158.340000,,True,1.700000,0.050000,False,-20.399019
161,exit,2022-05-27,2022-05-17,2022-05-27,2022-06-17,dte_exit,short_call,C,4670.000000,4158.240234,21,25.719999,28.020000,0.010762,0.636441,0.685538,2022-06-17,0.000000,458,4665.000000,4675.000000,False,4670.000000,0.636441,0.600000,0.700000,0.600000,649 x 584,1.000000,0.200500,0.009780,4158.340000,,True,0.650000,0.050000,False,12.307124
161,exit,2022-05-27,2022-05-17,2022-05-27,2022-06-17,dte_exit,long_call,C,4725.000000,4158.240234,21,25.719999,28.020000,0.010762,0.253936,0.685538,2022-06-17,0.000000,458,4720.000000,4730.000000,False,4725.000000,0.253936,0.400000,0.550000,0.300000,1967 x 1272,1.000000,0.210200,0.006490,4158.340000,,True,0.475000,0.075000,False,13.629799
162,entry,2022-05-31,2022-05-31,2022-06-24,2022-07-15,profit_target,long_put,P,3165.000000,4132.149902,45,26.190001,27.990000,0.011473,11.837576,3.221889,2022-07-15,0.000000,378,3160.000000,3170.000000,False,,,,,,,,,,,strike 3165 not listed (chain of 378 strikes; nearest 3160 / 3170),False,,,False,-23.405489
162,entry,2022-05-31,2022-05-31,2022-06-24,2022-07-15,profit_target,short_put,P,3220.000000,4132.149902,45,26.190001,27.990000,0.011473,13.780309,3.221889,2022-07-15,0.000000,378,3210.000000,3225.000000,False,3220.000000,13.780309,6.500000,6.800000,17.380000,228 x 228,1.000000,0.387490,-0.029420,4133.720000,,True,6.650000,0.150000,False,-22.074463
162,entry,2022-05-31,2022-05-31,2022-06-24,2022-07-15,profit_target,short_call,C,4815.000000,4132.149902,45,26.190001,27.990000,0.011473,3.164263,3.221889,2022-07-15,0.000000,378,4810.000000,4820.000000,False,,,,,,,,,,,strike 4815 not listed (chain of 378 strikes; nearest 4810 / 4820),False,,,False,16.525298
162,entry,2022-05-31,2022-05-31,2022-06-24,2022-07-15,profit_target,long_call,C,4870.000000,4132.149902,45,26.190001,27.990000,0.011473,1.885106,3.221889,2022-07-15,0.000000,378,4860.000000,4875.000000,False,4870.000000,1.885106,0.600000,0.800000,0.400000,205 x 746,50.000000,0.188230,0.007370,4133.720000,,True,0.700000,0.100000,False,17.856325
162,exit,2022-06-24,2022-05-31,2022-06-24,2022-07-15,profit_target,long_put,P,3165.000000,3911.739990,21,27.230000,28.950001,0.016866,2.029373,0.729697,,,0,,,False,,,,,,,,,,,vendor has no rows on this quote date,False,,,False,-19.089714
162,exit,2022-06-24,2022-05-31,2022-06-24,2022-07-15,profit_target,short_put,P,3220.000000,3911.739990,21,27.230000,28.950001,0.016866,2.758968,0.729697,,,0,,,False,,,,,,,,,,,vendor has no rows on this quote date,False,,,False,-17.683690
162,exit,2022-06-24,2022-05-31,2022-06-24,2022-07-15,profit_target,short_call,C,4815.000000,3911.739990,21,27.230000,28.950001,0.016866,0.000123,0.729697,,,0,,,False,,,,,,,,,,,vendor has no rows on this quote date,False,,,False,23.091003
162,exit,2022-06-24,2022-05-31,2022-06-24,2022-07-15,profit_target,long_call,C,4870.000000,3911.739990,21,27.230000,28.950001,0.016866,0.000020,0.729697,,,0,,,False,,,,,,,,,,,vendor has no rows on this quote date,False,,,False,24.497027
163,entry,2022-07-05,2022-07-05,2022-07-18,2022-08-19,profit_target,long_put,P,3000.000000,3831.389893,45,27.540001,28.900000,0.018903,14.741845,4.449950,2022-08-19,0.000000,410,2990.000000,3010.000000,False,3000.000000,14.741845,6.600000,6.900000,7.330000,1506 x 5409,197.000000,0.388910,-0.031490,3831.700000,,True,6.750000,0.150000,False,-21.699433
163,entry,2022-07-05,2022-07-05,2022-07-18,2022-08-19,profit_target,short_put,P,3050.000000,3831.389893,45,27.540001,28.900000,0.018903,17.027514,4.449950,2022-08-19,0.000000,410,3040.000000,3060.000000,False,3050.000000,17.027514,7.600000,7.900000,8.700000,2066 x 3558,40.000000,0.376080,-0.036720,3831.700000,,True,7.750000,0.150000,False,-20.394424
163,entry,2022-07-05,2022-07-05,2022-07-18,2022-08-19,profit_target,short_call,C,4415.000000,3831.389893,45,27.540001,28.900000,0.018903,6.216614,4.449950,2022-08-19,0.000000,410,4410.000000,4420.000000,False,,,,,,,,,,,strike 4415 not listed (chain of 410 strikes; nearest 4410 / 4420),False,,,False,15.232334
163,entry,2022-07-05,2022-07-05,2022-07-18,2022-08-19,profit_target,long_call,C,4465.000000,3831.389893,45,27.540001,28.900000,0.018903,4.052334,4.449950,2022-08-19,0.000000,410,4460.000000,4470.000000,False,,,,,,,,,,,strike 4465 not listed (chain of 410 strikes; nearest 4460 / 4470),False,,,False,16.537344
163,exit,2022-07-18,2022-07-05,2022-07-18,2022-08-19,profit_target,long_put,P,3000.000000,3830.850098,32,25.299999,27.820000,0.024815,4.369473,1.499300,2022-08-19,0.000000,410,2990.000000,3010.000000,False,3000.000000,4.369473,2.800000,2.950000,2.990000,4004 x 110,114.000000,0.399760,-0.016520,3829.890000,,True,2.875000,0.075000,False,-21.688400
163,exit,2022-07-18,2022-07-05,2022-07-18,2022-08-19,profit_target,short_put,P,3050.000000,3830.850098,32,25.299999,27.820000,0.024815,5.359705,1.499300,2022-08-19,0.000000,410,3040.000000,3060.000000,False,3050.000000,5.359705,3.200000,3.400000,3.000000,3923 x 109,532.000000,0.384600,-0.019300,3829.890000,,True,3.300000,0.100000,False,-20.383207
163,exit,2022-07-18,2022-07-05,2022-07-18,2022-08-19,profit_target,short_call,C,4415.000000,3830.850098,32,25.299999,27.820000,0.024815,1.013681,1.499300,2022-08-19,0.000000,410,4410.000000,4420.000000,False,,,,,,,,,,,strike 4415 not listed (chain of 410 strikes; nearest 4410 / 4420),False,,,False,15.248571
163,exit,2022-07-18,2022-07-05,2022-07-18,2022-08-19,profit_target,long_call,C,4465.000000,3830.850098,32,25.299999,27.820000,0.024815,0.504613,1.499300,2022-08-19,0.000000,410,4460.000000,4470.000000,False,,,,,,,,,,,strike 4465 not listed (chain of 410 strikes; nearest 4460 / 4470),False,,,False,16.553764
164,entry,2022-07-18,2022-07-18,2022-07-29,2022-08-19,dte_exit,long_put,P,3135.000000,3830.850098,32,25.299999,27.820000,0.024815,7.562638,3.190613,2022-08-19,0.000000,410,3130.000000,3140.000000,False,,,,,,,,,,,strike 3135 not listed (chain of 410 strikes; nearest 3130 / 3140),False,,,False,-18.164378
164,entry,2022-07-18,2022-07-18,2022-07-29,2022-08-19,dte_exit,short_put,P,3185.000000,3830.850098,32,25.299999,27.820000,0.024815,9.246829,3.190613,2022-08-19,0.000000,410,3180.000000,3190.000000,False,,,,,,,,,,,strike 3185 not listed (chain of 410 strikes; nearest 3180 / 3190),False,,,False,-16.859185
164,entry,2022-07-18,2022-07-18,2022-07-29,2022-08-19,dte_exit,short_call,C,4315.000000,3830.850098,32,25.299999,27.820000,0.024815,3.421708,3.190613,2022-08-19,0.000000,410,4310.000000,4320.000000,False,4315.000000,3.421708,1.250000,1.400000,2.250000,3032 x 3182,1.000000,0.183050,0.018000,3829.890000,,True,1.325000,0.075000,False,12.638184
164,entry,2022-07-18,2022-07-18,2022-07-29,2022-08-19,dte_exit,long_call,C,4365.000000,3830.850098,32,25.299999,27.820000,0.024815,1.915286,3.190613,2022-08-19,0.000000,410,4360.000000,4370.000000,False,4365.000000,1.915286,0.800000,0.950000,1.200000,2154 x 3631,1.000000,0.187530,0.011800,3829.890000,,True,0.875000,0.075000,False,13.943378
164,exit,2022-07-29,2022-07-18,2022-07-29,2022-08-19,dte_exit,long_put,P,3135.000000,4130.290039,21,21.330000,23.790001,0.023795,0.145631,7.080941,2022-08-19,0.000000,410,3130.000000,3140.000000,False,,,,,,,,,,,strike 3135 not listed (chain of 410 strikes; nearest 3130 / 3140),False,,,False,-24.097340
164,exit,2022-07-29,2022-07-18,2022-07-29,2022-08-19,dte_exit,short_put,P,3185.000000,4130.290039,21,21.330000,23.790001,0.023795,0.201097,7.080941,2022-08-19,0.000000,410,3180.000000,3190.000000,False,,,,,,,,,,,strike 3185 not listed (chain of 410 strikes; nearest 3180 / 3190),False,,,False,-22.886771
164,exit,2022-07-29,2022-07-18,2022-07-29,2022-08-19,dte_exit,short_call,C,4315.000000,4130.290039,21,21.330000,23.790001,0.023795,15.722389,7.080941,2022-08-19,0.000000,410,4310.000000,4320.000000,False,4315.000000,15.722389,11.100000,11.400000,6.700000,300 x 450,1.000000,0.160770,0.138280,4130.480000,,True,11.250000,0.150000,False,4.472082
164,exit,2022-07-29,2022-07-18,2022-07-29,2022-08-19,dte_exit,long_call,C,4365.000000,4130.290039,21,21.330000,23.790001,0.023795,8.696914,7.080941,2022-08-19,0.000000,410,4360.000000,4370.000000,False,4365.000000,8.696914,5.800000,6.100000,3.600000,860 x 1196,1.000000,0.159910,0.081980,4130.480000,,True,5.950000,0.150000,False,5.682651
165,entry,2022-08-02,2022-08-02,2022-08-19,2022-09-16,profit_target,long_put,P,3255.000000,4091.189941,45,23.930000,25.660000,0.025224,12.473103,3.817015,2022-09-16,0.000000,395,3250.000000,3260.000000,False,,,,,,,,,,,strike 3255 not listed (chain of 395 strikes; nearest 3250 / 3260),False,,,False,-20.438795
165,entry,2022-08-02,2022-08-02,2022-08-19,2022-09-16,profit_target,short_put,P,3310.000000,4091.189941,45,23.930000,25.660000,0.025224,14.626305,3.817015,2022-09-16,0.000000,395,3305.000000,3315.000000,False,3310.000000,14.626305,6.900000,7.200000,6.200000,1246 x 2102,76.000000,0.344330,-0.034110,4091.790000,,True,7.050000,0.150000,False,-19.094443
165,entry,2022-08-02,2022-08-02,2022-08-19,2022-09-16,profit_target,short_call,C,4680.000000,4091.189941,45,23.930000,25.660000,0.025224,3.935158,3.817015,2022-09-16,0.000000,395,4675.000000,4690.000000,False,4680.000000,3.935158,0.900000,1.050000,1.250000,1437 x 1326,1.000000,0.163760,0.012570,4091.790000,,True,0.975000,0.075000,False,14.392147
165,entry,2022-08-02,2022-08-02,2022-08-19,2022-09-16,profit_target,long_call,C,4735.000000,4091.189941,45,23.930000,25.660000,0.025224,2.271345,3.817015,2022-09-16,0.000000,395,4730.000000,4740.000000,False,,,,,,,,,,,strike 4735 not listed (chain of 395 strikes; nearest 4730 / 4740),False,,,False,15.736499
165,exit,2022-08-19,2022-08-02,2022-08-19,2022-09-16,profit_target,long_put,P,3255.000000,4228.479980,28,20.600000,24.320000,0.026856,0.903705,0.990310,2022-09-16,0.000000,407,3250.000000,3260.000000,False,,,,,,,,,,,strike 3255 not listed (chain of 407 strikes; nearest 3250 / 3260),False,,,False,-23.021984
165,exit,2022-08-19,2022-08-02,2022-08-19,2022-09-16,profit_target,short_put,P,3310.000000,4228.479980,28,20.600000,24.320000,0.026856,1.174785,0.990310,2022-09-16,0.000000,407,3305.000000,3315.000000,False,3310.000000,1.174785,1.600000,1.700000,1.650000,3082 x 113,6.000000,0.386950,-0.009770,4228.600000,,True,1.650000,0.050000,False,-21.721280
165,exit,2022-08-19,2022-08-02,2022-08-19,2022-09-16,profit_target,short_call,C,4680.000000,4228.479980,28,20.600000,24.320000,0.026856,1.204413,0.990310,2022-09-16,0.000000,407,4675.000000,4690.000000,False,4680.000000,1.204413,0.300000,0.400000,0.300000,174 x 2839,101.000000,0.143510,0.006140,4228.600000,,True,0.350000,0.050000,False,10.678069
165,exit,2022-08-19,2022-08-02,2022-08-19,2022-09-16,profit_target,long_call,C,4735.000000,4228.479980,28,20.600000,24.320000,0.026856,0.485184,0.990310,2022-09-16,0.000000,407,4730.000000,4740.000000,False,,,,,,,,,,,strike 4735 not listed (chain of 407 strikes; nearest 4730 / 4740),False,,,False,11.978773
166,entry,2022-09-06,2022-09-06,2022-09-30,2022-10-21,dte_exit,long_put,P,3120.000000,3908.189941,45,26.910000,27.590000,0.030124,15.842767,5.046574,2022-10-21,0.000000,365,3110.000000,3125.000000,False,3120.000000,15.842767,7.500000,7.800000,9.600000,3653 x 2423,1.000000,0.365400,-0.036260,3910.160000,,True,7.650000,0.150000,False,-20.167647
166,entry,2022-09-06,2022-09-06,2022-09-30,2022-10-21,dte_exit,short_put,P,3170.000000,3908.189941,45,26.910000,27.590000,0.030124,18.283760,5.046574,2022-10-21,0.000000,365,3160.000000,3175.000000,False,3170.000000,18.283760,8.700000,9.000000,9.900000,2463 x 2942,1.000000,0.354530,-0.042560,3910.160000,,True,8.850000,0.150000,False,-18.888282
166,entry,2022-09-06,2022-09-06,2022-09-30,2022-10-21,dte_exit,short_call,C,4460.000000,3908.189941,45,26.910000,27.590000,0.030124,7.611487,5.046574,2022-10-21,0.000000,365,4450.000000,4470.000000,False,4460.000000,7.611487,2.750000,2.950000,5.270000,1918 x 1405,1.000000,0.195010,0.027830,3910.160000,,True,2.850000,0.100000,False,14.119325
166,entry,2022-09-06,2022-09-06,2022-09-30,2022-10-21,dte_exit,long_call,C,4510.000000,3908.189941,45,26.910000,27.590000,0.030124,5.005905,5.046574,2022-10-21,0.000000,365,4500.000000,4520.000000,False,4510.000000,5.005905,1.750000,1.850000,1.920000,2710 x 1,1.000000,0.194170,0.018860,3910.160000,,True,1.800000,0.050000,False,15.398690
166,exit,2022-09-30,2022-09-06,2022-09-30,2022-10-21,dte_exit,long_put,P,3120.000000,3585.620117,21,31.620001,31.860001,0.032781,12.399655,3.506824,2022-10-21,0.000000,396,3110.000000,3125.000000,False,3120.000000,12.399655,9.400000,9.800000,10.100000,430 x 996,5.000000,0.391230,-0.062520,3589.700000,,True,9.600000,0.200000,False,-12.985763
166,exit,2022-09-30,2022-09-06,2022-09-30,2022-10-21,dte_exit,short_put,P,3170.000000,3585.620117,21,31.620001,31.860001,0.032781,15.903159,3.506824,2022-10-21,0.000000,396,3160.000000,3175.000000,False,3170.000000,15.903159,11.600000,12.000000,6.800000,100 x 100,1.000000,0.374750,-0.077320,3589.700000,,True,11.800000,0.200000,False,-11.591304
166,exit,2022-09-30,2022-09-06,2022-09-30,2022-10-21,dte_exit,short_call,C,4460.000000,3585.620117,21,31.620001,31.860001,0.032781,0.004871,3.506824,2022-10-21,0.000000,396,4450.000000,4470.000000,False,4460.000000,0.004871,0.050000,0.150000,0.170000,0 x 1099,4.000000,0.291530,0.001830,3589.700000,,True,0.100000,0.050000,False,24.385737
166,exit,2022-09-30,2022-09-06,2022-09-30,2022-10-21,dte_exit,long_call,C,4510.000000,3585.620117,21,31.620001,31.860001,0.032781,0.001551,3.506824,2022-10-21,0.000000,396,4500.000000,4520.000000,False,4510.000000,0.001551,0.050000,0.350000,0.170000,0 x 153,1.000000,0.324980,0.002420,3589.700000,,True,0.200000,0.150000,False,25.780196
167,entry,2022-10-04,2022-10-04,2022-10-21,2022-11-18,profit_target,long_put,P,2965.000000,3790.929932,45,29.070000,29.670000,0.033803,15.714493,5.043735,2022-11-18,0.000000,362,2960.000000,2970.000000,False,,,,,,,,,,,strike 2965 not listed (chain of 362 strikes; nearest 2960 / 2970),False,,,False,-21.787001
167,entry,2022-10-04,2022-10-04,2022-10-21,2022-11-18,profit_target,short_put,P,3015.000000,3790.929932,45,29.070000,29.670000,0.033803,18.117783,5.043735,2022-11-18,0.000000,362,3010.000000,3020.000000,False,,,,,,,,,,,strike 3015 not listed (chain of 362 strikes; nearest 3010 / 3020),False,,,False,-20.468063
167,entry,2022-10-04,2022-10-04,2022-10-21,2022-11-18,profit_target,short_call,C,4370.000000,3790.929932,45,29.070000,29.670000,0.033803,8.077693,5.043735,2022-11-18,0.000000,362,4360.000000,4375.000000,False,4370.000000,8.077693,4.400000,4.600000,3.900000,768 x 1284,40.000000,0.223230,0.038390,3790.500000,,True,4.500000,0.100000,False,15.275146
167,entry,2022-10-04,2022-10-04,2022-10-21,2022-11-18,profit_target,long_call,C,4420.000000,3790.929932,45,29.070000,29.670000,0.033803,5.437247,5.043735,2022-11-18,0.000000,362,4410.000000,4425.000000,False,4420.000000,5.437247,3.300000,3.500000,1.810000,2152 x 1106,0.000000,0.226240,0.029610,3790.500000,,True,3.400000,0.100000,False,16.594083
167,exit,2022-10-21,2022-10-04,2022-10-21,2022-11-18,profit_target,long_put,P,2965.000000,3752.750000,28,29.690001,30.469999,0.039738,5.395471,1.886445,2022-11-18,0.000000,364,2960.000000,2970.000000,False,,,,,,,,,,,strike 2965 not listed (chain of 364 strikes; nearest 2960 / 2970),False,,,False,-20.991273
167,exit,2022-10-21,2022-10-04,2022-10-21,2022-11-18,profit_target,short_put,P,3015.000000,3752.750000,28,29.690001,30.469999,0.039738,6.664978,1.886445,2022-11-18,0.000000,364,3010.000000,3020.000000,False,,,,,,,,,,,strike 3015 not listed (chain of 364 strikes; nearest 3010 / 3020),False,,,False,-19.658917
167,exit,2022-10-21,2022-10-04,2022-10-21,2022-11-18,profit_target,short_call,C,4370.000000,3752.750000,28,29.690001,30.469999,0.039738,1.346102,1.886445,2022-11-18,0.000000,364,4360.000000,4375.000000,False,4370.000000,1.346102,1.950000,2.100000,2.000000,788 x 1493,1.000000,0.256100,0.021280,3753.070000,,True,2.025000,0.075000,False,16.447938
167,exit,2022-10-21,2022-10-04,2022-10-21,2022-11-18,profit_target,long_call,C,4420.000000,3752.750000,28,29.690001,30.469999,0.039738,0.729163,1.886445,2022-11-18,0.000000,364,4410.000000,4425.000000,False,4420.000000,0.729163,1.350000,1.500000,1.100000,1933 x 1146,1.000000,0.259230,0.014900,3753.070000,,True,1.425000,0.075000,False,17.780294
168,entry,2022-11-01,2022-11-01,2022-11-21,2022-12-16,profit_target,long_put,P,3080.000000,3856.100098,45,25.809999,26.690001,0.041377,13.851146,4.530572,2022-12-16,0.000000,406,3075.000000,3090.000000,False,3080.000000,13.851146,5.400000,5.600000,9.550000,1545 x 3469,1.000000,0.350770,-0.028770,3855.640000,,True,5.500000,0.100000,False,-20.126555
168,entry,2022-11-01,2022-11-01,2022-11-21,2022-12-16,profit_target,short_put,P,3130.000000,3856.100098,45,25.809999,26.690001,0.041377,16.068578,4.530572,2022-12-16,0.000000,406,3125.000000,3140.000000,False,3130.000000,16.068578,6.400000,6.600000,20.720000,3730 x 2516,1.000000,0.340050,-0.033930,3855.640000,,True,6.500000,0.100000,False,-18.829908
168,entry,2022-11-01,2022-11-01,2022-11-21,2022-12-16,profit_target,short_call,C,4400.000000,3856.100098,45,25.809999,26.690001,0.041377,6.324679,4.530572,2022-12-16,0.000000,406,4390.000000,4410.000000,False,4400.000000,6.324679,5.400000,5.600000,5.570000,2225 x 3744,443.000000,0.211760,0.047020,3855.640000,,True,5.500000,0.100000,False,14.104922
168,entry,2022-11-01,2022-11-01,2022-11-21,2022-12-16,profit_target,long_call,C,4450.000000,3856.100098,45,25.809999,26.690001,0.041377,4.011540,4.530572,2022-12-16,0.000000,406,4440.000000,4460.000000,False,4450.000000,4.011540,3.700000,3.900000,4.700000,4497 x 4188,161.000000,0.211790,0.033790,3855.640000,,True,3.800000,0.100000,False,15.401569
168,exit,2022-11-21,2022-11-01,2022-11-21,2022-12-16,profit_target,long_put,P,3080.000000,3949.939941,25,22.360001,24.719999,0.043118,0.854047,0.791716,2022-12-16,0.000000,410,3075.000000,3090.000000,False,3080.000000,0.854047,0.800000,0.900000,2.050000,815 x 2304,55.000000,0.387250,-0.006100,3950.280000,,True,0.850000,0.050000,False,-22.024131
168,exit,2022-11-21,2022-11-01,2022-11-21,2022-12-16,profit_target,short_put,P,3130.000000,3949.939941,25,22.360001,24.719999,0.043118,1.120669,0.791716,2022-12-16,0.000000,410,3125.000000,3140.000000,False,3130.000000,1.120669,0.950000,1.100000,2.050000,1787 x 3253,200.000000,0.373650,-0.007310,3950.280000,,True,1.025000,0.075000,False,-20.758289
168,exit,2022-11-21,2022-11-01,2022-11-21,2022-12-16,profit_target,short_call,C,4400.000000,3949.939941,25,22.360001,24.719999,0.043118,0.895670,0.791716,2022-12-16,0.000000,410,4390.000000,4410.000000,False,4400.000000,0.895670,1.150000,1.300000,1.200000,2725 x 2625,219.000000,0.186390,0.017770,3950.280000,,True,1.225000,0.075000,False,11.394099
168,exit,2022-11-21,2022-11-01,2022-11-21,2022-12-16,profit_target,long_call,C,4450.000000,3949.939941,25,22.360001,24.719999,0.043118,0.370575,0.791716,2022-12-16,0.000000,410,4440.000000,4460.000000,False,4450.000000,0.370575,0.750000,0.850000,0.830000,1916 x 1535,47.000000,0.191340,0.011280,3950.280000,,True,0.800000,0.050000,False,12.659941
169,entry,2022-12-06,2022-12-06,2022-12-21,2023-01-20,profit_target,long_put,P,3150.000000,3941.260010,45,22.170000,24.719999,0.043528,10.297885,3.039530,2023-01-20,0.000000,335,3140.000000,3160.000000,False,3150.000000,10.297885,4.500000,4.800000,4.700000,2115 x 1978,2.000000,0.340990,-0.024380,3941.500000,,True,4.650000,0.150000,False,-20.076321
169,entry,2022-12-06,2022-12-06,2022-12-21,2023-01-20,profit_target,short_put,P,3200.000000,3941.260010,45,22.170000,24.719999,0.043528,12.022129,3.039530,2023-01-20,0.000000,335,3190.000000,3210.000000,False,3200.000000,12.022129,5.200000,5.400000,5.600000,1295 x 630,56.000000,0.328230,-0.028710,3941.500000,,True,5.300000,0.100000,False,-18.807691
169,entry,2022-12-06,2022-12-06,2022-12-21,2023-01-20,profit_target,short_call,C,4500.000000,3941.260010,45,22.170000,24.719999,0.043528,3.035975,3.039530,2023-01-20,0.000000,335,4490.000000,4510.000000,False,4500.000000,3.035975,1.500000,1.650000,1.470000,1610 x 826,632.000000,0.170050,0.019050,3941.500000,,True,1.575000,0.075000,False,14.176684
169,entry,2022-12-06,2022-12-06,2022-12-21,2023-01-20,profit_target,long_call,C,4550.000000,3941.260010,45,22.170000,24.719999,0.043528,1.720690,3.039530,2023-01-20,0.000000,335,4540.000000,4560.000000,False,4550.000000,1.720690,0.950000,1.150000,0.970000,2571 x 2643,23.000000,0.172660,0.013050,3941.500000,,True,1.050000,0.100000,False,15.445314
169,exit,2022-12-21,2022-12-06,2022-12-21,2023-01-20,profit_target,long_put,P,3150.000000,3878.439941,30,20.070000,23.350000,0.043016,2.327477,0.657811,2023-01-20,0.000000,337,3140.000000,3160.000000,False,3150.000000,2.327477,1.400000,1.550000,1.450000,2359 x 3709,680.000000,0.326450,-0.011700,3878.060000,,True,1.475000,0.075000,False,-18.781777
169,exit,2022-12-21,2022-12-06,2022-12-21,2023-01-20,profit_target,short_put,P,3200.000000,3878.439941,30,20.070000,23.350000,0.043016,2.970530,0.657811,2023-01-20,0.000000,337,3190.000000,3210.000000,False,3200.000000,2.970530,1.650000,1.800000,1.750000,3079 x 3178,399.000000,0.312010,-0.014010,3878.060000,,True,1.725000,0.075000,False,-17.492599
169,exit,2022-12-21,2022-12-06,2022-12-21,2023-01-20,profit_target,short_call,C,4500.000000,3878.439941,30,20.070000,23.350000,0.043016,0.019575,0.657811,2023-01-20,0.000000,337,4490.000000,4510.000000,False,4500.000000,0.019575,0.250000,0.400000,0.350000,3768 x 6124,20.000000,0.191650,0.005330,3878.060000,,True,0.325000,0.075000,False,16.026033
169,exit,2022-12-21,2022-12-06,2022-12-21,2023-01-20,profit_target,long_call,C,4550.000000,3878.439941,30,20.070000,23.350000,0.043016,0.004816,0.657811,2023-01-20,0.000000,337,4540.000000,4560.000000,False,4550.000000,0.004816,0.200000,0.300000,0.240000,441 x 4570,1.000000,0.198650,0.003240,3878.060000,,True,0.250000,0.050000,False,17.315211
170,entry,2022-12-21,2022-12-21,2022-12-30,2023-01-20,dte_exit,long_put,P,3260.000000,3878.439941,30,20.070000,23.350000,0.043016,3.982276,1.800312,2023-01-20,0.000000,337,3250.000000,3270.000000,False,3260.000000,3.982276,2.100000,2.200000,4.350000,954 x 1377,10.000000,0.295270,-0.017070,3878.060000,,True,2.150000,0.050000,False,-15.945585
170,entry,2022-12-21,2022-12-21,2022-12-30,2023-01-20,dte_exit,short_put,P,3310.000000,3878.439941,30,20.070000,23.350000,0.043016,5.086869,1.800312,2023-01-20,0.000000,337,3300.000000,3320.000000,False,3310.000000,5.086869,2.500000,2.650000,5.400000,2487 x 2075,68.000000,0.281440,-0.021560,3878.060000,,True,2.575000,0.075000,False,-14.656407
170,entry,2022-12-21,2022-12-21,2022-12-30,2023-01-20,dte_exit,short_call,C,4305.000000,3878.439941,30,20.070000,23.350000,0.043016,1.191355,1.800312,2023-01-20,0.000000,337,4300.000000,4310.000000,False,4305.000000,1.191355,1.400000,1.550000,1.900000,1407 x 3154,1.000000,0.169030,0.020850,3878.060000,,True,1.475000,0.075000,False,10.998238
170,entry,2022-12-21,2022-12-21,2022-12-30,2023-01-20,dte_exit,long_call,C,4355.000000,3878.439941,30,20.070000,23.350000,0.043016,0.495636,1.800312,2023-01-20,0.000000,337,4350.000000,4360.000000,False,,,,,,,,,,,strike 4355 not listed (chain of 337 strikes; nearest 4350 / 4360),False,,,False,12.287416
170,exit,2022-12-30,2022-12-21,2022-12-30,2023-01-20,dte_exit,long_put,P,3260.000000,3839.500000,21,21.670000,24.290001,0.043836,1.470905,0.658868,2023-01-20,0.000000,337,3250.000000,3270.000000,False,3260.000000,1.470905,1.500000,1.600000,1.350000,545 x 589,10.000000,0.317750,-0.014090,3839.810000,,True,1.550000,0.050000,False,-15.093111
170,exit,2022-12-30,2022-12-21,2022-12-30,2023-01-20,dte_exit,short_put,P,3310.000000,3839.500000,21,21.670000,24.290001,0.043836,2.067713,0.658868,2023-01-20,0.000000,337,3300.000000,3320.000000,False,3310.000000,2.067713,1.900000,2.000000,5.400000,354 x 110,68.000000,0.301940,-0.018690,3839.810000,,True,1.950000,0.050000,False,-13.790858
170,exit,2022-12-30,2022-12-21,2022-12-30,2023-01-20,dte_exit,short_call,C,4305.000000,3839.500000,21,21.670000,24.290001,0.043836,0.082827,0.658868,2023-01-20,0.000000,337,4300.000000,4310.000000,False,4305.000000,0.082827,0.300000,0.400000,0.400000,1349 x 125,1.000000,0.182570,0.006880,3839.810000,,True,0.350000,0.050000,False,12.123974
170,exit,2022-12-30,2022-12-21,2022-12-30,2023-01-20,dte_exit,long_call,C,4355.000000,3839.500000,21,21.670000,24.290001,0.043836,0.020767,0.658868,2023-01-20,0.000000,337,4350.000000,4360.000000,False,,,,,,,,,,,strike 4355 not listed (chain of 337 strikes; nearest 4350 / 4360),False,,,False,13.426227
171,entry,2023-01-03,2023-01-03,2023-01-19,2023-02-17,profit_target,long_put,P,3120.000000,3824.139893,45,22.900000,24.580000,0.044861,12.609329,4.381888,,,0,,,False,,,,,,,,,,,vendor has no rows on this quote date,False,,,False,-18.413027
171,entry,2023-01-03,2023-01-03,2023-01-19,2023-02-17,profit_target,short_put,P,3170.000000,3824.139893,45,22.900000,24.580000,0.044861,14.770618,4.381888,,,0,,,False,,,,,,,,,,,vendor has no rows on this quote date,False,,,False,-17.105543
171,entry,2023-01-03,2023-01-03,2023-01-19,2023-02-17,profit_target,short_call,C,4315.000000,3824.139893,45,22.900000,24.580000,0.044861,5.489997,4.381888,,,0,,,False,,,,,,,,,,,vendor has no rows on this quote date,False,,,False,12.835830
171,entry,2023-01-03,2023-01-03,2023-01-19,2023-02-17,profit_target,long_call,C,4365.000000,3824.139893,45,22.900000,24.580000,0.044861,3.269398,4.381888,,,0,,,False,,,,,,,,,,,vendor has no rows on this quote date,False,,,False,14.143314
171,exit,2023-01-19,2023-01-03,2023-01-19,2023-02-17,profit_target,long_put,P,3120.000000,3898.850098,29,20.520000,22.450001,0.046399,1.759868,1.355066,2023-02-17,0.000000,343,3110.000000,3125.000000,False,3120.000000,1.759868,1.450000,1.550000,1.200000,2936 x 539,3.000000,0.354130,-0.010610,3899.160000,,True,1.500000,0.050000,False,-19.976405
171,exit,2023-01-19,2023-01-03,2023-01-19,2023-02-17,profit_target,short_put,P,3170.000000,3898.850098,29,20.520000,22.450001,0.046399,2.254635,1.355066,2023-02-17,0.000000,343,3160.000000,3175.000000,False,3170.000000,2.254635,1.700000,1.850000,1.460000,2861 x 2953,1617.000000,0.339430,-0.012930,3899.160000,,True,1.775000,0.075000,False,-18.693976
171,exit,2023-01-19,2023-01-03,2023-01-19,2023-02-17,profit_target,short_call,C,4315.000000,3898.850098,29,20.520000,22.450001,0.046399,1.517844,1.355066,2023-02-17,0.000000,343,4310.000000,4320.000000,False,,,,,,,,,,,strike 4315 not listed (chain of 343 strikes; nearest 4310 / 4320),False,,,False,10.673657
171,exit,2023-01-19,2023-01-03,2023-01-19,2023-02-17,profit_target,long_call,C,4365.000000,3898.850098,29,20.520000,22.450001,0.046399,0.657545,1.355066,2023-02-17,0.000000,343,4360.000000,4370.000000,False,,,,,,,,,,,strike 4365 not listed (chain of 343 strikes; nearest 4360 / 4370),False,,,False,11.956087
172,entry,2023-01-31,2023-01-31,2023-02-17,2023-03-17,profit_target,long_put,P,3410.000000,4076.600098,45,19.400000,20.809999,0.046707,10.903384,4.160345,2023-03-17,0.000000,335,3400.000000,3420.000000,False,3410.000000,10.903384,6.000000,6.200000,6.290000,1414 x 1890,5.000000,0.292650,-0.034930,4077.160000,,True,6.100000,0.100000,False,-16.351864
172,entry,2023-01-31,2023-01-31,2023-02-17,2023-03-17,profit_target,short_put,P,3465.000000,4076.600098,45,19.400000,20.809999,0.046707,13.053642,4.160345,2023-03-17,0.000000,335,3460.000000,3470.000000,False,,,,,,,,,,,strike 3465 not listed (chain of 335 strikes; nearest 3460 / 3470),False,,,False,-15.002700
172,entry,2023-01-31,2023-01-31,2023-02-17,2023-03-17,profit_target,short_call,C,4535.000000,4076.600098,45,19.400000,20.809999,0.046707,4.111863,4.160345,2023-03-17,0.000000,335,4525.000000,4550.000000,False,,,,,,,,,,,strike 4535 not listed (chain of 335 strikes; nearest 4525 / 4550),False,,,False,11.244662
172,entry,2023-01-31,2023-01-31,2023-02-17,2023-03-17,profit_target,long_call,C,4590.000000,4076.600098,45,19.400000,20.809999,0.046707,2.101776,4.160345,2023-03-17,0.000000,335,4575.000000,4600.000000,False,,,,,,,,,,,strike 4590 not listed (chain of 335 strikes; nearest 4575 / 4600),False,,,False,12.593825
172,exit,2023-02-17,2023-01-31,2023-02-17,2023-03-17,profit_target,long_put,P,3410.000000,4079.090088,28,20.020000,21.770000,0.047938,2.949552,1.431924,2023-03-17,0.000000,354,3400.000000,3420.000000,False,3410.000000,2.949552,2.400000,2.500000,3.000000,783 x 814,3.000000,0.315420,-0.018410,4079.420000,,True,2.450000,0.050000,False,-16.402925
172,exit,2023-02-17,2023-01-31,2023-02-17,2023-03-17,profit_target,short_put,P,3465.000000,4079.090088,28,20.020000,21.770000,0.047938,3.878496,1.431924,2023-03-17,0.000000,354,3460.000000,3470.000000,False,,,,,,,,,,,strike 3465 not listed (chain of 354 strikes; nearest 3460 / 3470),False,,,False,-15.054585
172,exit,2023-02-17,2023-01-31,2023-02-17,2023-03-17,profit_target,short_call,C,4535.000000,4079.090088,28,20.020000,21.770000,0.047938,0.788436,1.431924,2023-03-17,0.000000,354,4530.000000,4540.000000,False,,,,,,,,,,,strike 4535 not listed (chain of 354 strikes; nearest 4530 / 4540),False,,,False,11.176755
172,exit,2023-02-17,2023-01-31,2023-02-17,2023-03-17,profit_target,long_call,C,4590.000000,4079.090088,28,20.020000,21.770000,0.047938,0.285456,1.431924,2023-03-17,0.000000,354,4580.000000,4600.000000,False,4590.000000,0.285456,0.100000,0.250000,0.150000,3900 x 5679,1.000000,0.151760,0.003530,4079.420000,,True,0.175000,0.075000,False,12.525095
173,entry,2023-03-07,2023-03-07,2023-03-27,2023-04-21,profit_target,long_put,P,3390.000000,3986.370117,45,19.590000,20.590000,0.049683,12.704614,4.960346,2023-04-21,0.000000,306,3380.000000,3400.000000,False,3390.000000,12.704614,4.700000,4.900000,4.900000,2222 x 2706,4.000000,0.262230,-0.031880,3986.510000,,True,4.800000,0.100000,False,-14.960229
173,entry,2023-03-07,2023-03-07,2023-03-27,2023-04-21,profit_target,short_put,P,3440.000000,3986.370117,45,19.590000,20.590000,0.049683,15.035434,4.960346,2023-04-21,0.000000,306,3430.000000,3450.000000,False,3440.000000,15.035434,5.700000,5.900000,8.270000,2213 x 871,1.000000,0.252060,-0.039450,3986.510000,,True,5.800000,0.100000,False,-13.705956
173,entry,2023-03-07,2023-03-07,2023-03-27,2023-04-21,profit_target,short_call,C,4400.000000,3986.370117,45,19.590000,20.590000,0.049683,6.003715,4.960346,2023-04-21,0.000000,306,4390.000000,4410.000000,False,4400.000000,6.003715,2.850000,2.950000,2.780000,1157 x 231,327.000000,0.144900,0.036660,3986.510000,,True,2.900000,0.050000,False,10.376103
173,entry,2023-03-07,2023-03-07,2023-03-27,2023-04-21,profit_target,long_call,C,4450.000000,3986.370117,45,19.590000,20.590000,0.049683,3.374189,4.960346,2023-04-21,0.000000,306,4440.000000,4460.000000,False,4450.000000,3.374189,1.600000,1.700000,1.650000,381 x 1084,67.000000,0.144550,0.021660,3986.510000,,True,1.650000,0.050000,False,11.630377
173,exit,2023-03-27,2023-03-07,2023-03-27,2023-04-21,profit_target,long_put,P,3390.000000,3977.530029,25,20.600000,22.870001,0.048451,2.905627,1.414574,2023-04-21,0.000000,321,3380.000000,3395.000000,False,3390.000000,2.905627,2.650000,2.800000,4.800000,1984 x 2691,33.000000,0.310830,-0.021690,3978.630000,,True,2.725000,0.075000,False,-14.771228
173,exit,2023-03-27,2023-03-07,2023-03-27,2023-04-21,profit_target,short_put,P,3440.000000,3977.530029,25,20.600000,22.870001,0.048451,3.852084,1.414574,2023-04-21,0.000000,321,3435.000000,3445.000000,False,3440.000000,3.852084,3.300000,3.400000,3.800000,1204 x 228,20.000000,0.297210,-0.027440,3978.630000,,True,3.350000,0.050000,False,-13.514166
173,exit,2023-03-27,2023-03-07,2023-03-27,2023-04-21,profit_target,short_call,C,4400.000000,3977.530029,25,20.600000,22.870001,0.048451,0.750450,1.414574,2023-04-21,0.000000,321,4390.000000,4410.000000,False,4400.000000,0.750450,0.350000,0.450000,0.420000,630 x 2015,8.000000,0.150080,0.007670,3978.630000,,True,0.400000,0.050000,False,10.621415
173,exit,2023-03-27,2023-03-07,2023-03-27,2023-04-21,profit_target,long_call,C,4450.000000,3977.530029,25,20.600000,22.870001,0.048451,0.282333,1.414574,2023-04-21,0.000000,321,4440.000000,4460.000000,False,4450.000000,0.282333,0.150000,0.250000,0.300000,1759 x 1,15.000000,0.153030,0.004180,3978.630000,,True,0.200000,0.050000,False,11.878477
174,entry,2023-04-04,2023-04-04,2023-04-17,2023-05-19,profit_target,long_put,P,3500.000000,4100.600098,45,19.000000,21.340000,0.048349,13.873748,6.070609,2023-05-19,0.000000,330,3495.000000,3505.000000,False,3500.000000,13.873748,6.900000,7.100000,7.100000,1297 x 1887,356.000000,0.275020,-0.041540,4101.150000,,True,7.000000,0.100000,False,-14.646639
174,entry,2023-04-04,2023-04-04,2023-04-17,2023-05-19,profit_target,short_put,P,3555.000000,4100.600098,45,19.000000,21.340000,0.048349,16.608076,6.070609,2023-05-19,0.000000,330,3550.000000,3560.000000,False,3555.000000,16.608076,8.500000,8.700000,27.240000,627 x 1489,1.000000,0.264700,-0.051210,4101.150000,,True,8.600000,0.100000,False,-13.305372
174,entry,2023-04-04,2023-04-04,2023-04-17,2023-05-19,profit_target,short_call,C,4510.000000,4100.600098,45,19.000000,21.340000,0.048349,7.464787,6.070609,2023-05-19,0.000000,330,4500.000000,4520.000000,False,4510.000000,7.464787,2.100000,2.300000,0.000000,1893 x 1996,,0.132320,0.029810,4101.150000,,True,2.200000,0.100000,False,9.983902
174,entry,2023-04-04,2023-04-04,2023-04-17,2023-05-19,profit_target,long_call,C,4565.000000,4100.600098,45,19.000000,21.340000,0.048349,4.128505,6.070609,2023-05-19,0.000000,330,4550.000000,4575.000000,False,,,,,,,,,,,strike 4565 not listed (chain of 330 strikes; nearest 4550 / 4575),False,,,False,11.325169
174,exit,2023-04-17,2023-04-04,2023-04-17,2023-05-19,profit_target,long_put,P,3500.000000,4151.319824,32,16.950001,19.650000,0.051634,3.060006,2.375501,2023-05-19,0.000000,333,3495.000000,3505.000000,False,3500.000000,3.060006,2.700000,2.800000,2.750000,1392 x 722,1638.000000,0.290550,-0.019950,4151.720000,,True,2.750000,0.050000,False,-15.689464
174,exit,2023-04-17,2023-04-04,2023-04-17,2023-05-19,profit_target,short_put,P,3555.000000,4151.319824,32,16.950001,19.650000,0.051634,3.970377,2.375501,2023-05-19,0.000000,333,3550.000000,3560.000000,False,3555.000000,3.970377,3.200000,3.400000,3.400000,2020 x 3770,1.000000,0.276080,-0.025050,4151.720000,,True,3.300000,0.100000,False,-14.364584
174,exit,2023-04-17,2023-04-04,2023-04-17,2023-05-19,profit_target,short_call,C,4510.000000,4151.319824,32,16.950001,19.650000,0.051634,2.416231,2.375501,2023-05-19,0.000000,333,4500.000000,4520.000000,False,4510.000000,2.416231,0.750000,0.850000,1.000000,1814 x 783,3.000000,0.120940,0.015030,4151.720000,,True,0.800000,0.050000,False,8.640148
174,exit,2023-04-17,2023-04-04,2023-04-17,2023-05-19,profit_target,long_call,C,4565.000000,4151.319824,32,16.950001,19.650000,0.051634,0.951102,2.375501,2023-05-19,0.000000,333,4560.000000,4575.000000,False,,,,,,,,,,,strike 4565 not listed (chain of 333 strikes; nearest 4560 / 4575),False,,,False,9.965028
175,entry,2023-04-17,2023-04-17,2023-04-27,2023-05-19,profit_target,long_put,P,3680.000000,4151.319824,32,16.950001,19.650000,0.051634,7.242653,4.886943,2023-05-19,0.000000,333,3675.000000,3685.000000,False,3680.000000,7.242653,5.100000,5.300000,5.600000,2903 x 942,2.000000,0.244110,-0.041240,4151.720000,,True,5.200000,0.100000,False,-11.353493
175,entry,2023-04-17,2023-04-17,2023-04-27,2023-05-19,profit_target,short_put,P,3735.000000,4151.319824,32,16.950001,19.650000,0.051634,9.478837,4.886943,2023-05-19,0.000000,333,3730.000000,3740.000000,False,3735.000000,9.478837,6.600000,6.800000,7.500000,570 x 2615,3.000000,0.232440,-0.053660,4151.720000,,True,6.700000,0.100000,False,-10.028614
175,entry,2023-04-17,2023-04-17,2023-04-27,2023-05-19,profit_target,short_call,C,4465.000000,4151.319824,32,16.950001,19.650000,0.051634,4.710675,4.886943,2023-05-19,0.000000,333,4460.000000,4470.000000,False,,,,,,,,,,,strike 4465 not listed (chain of 333 strikes; nearest 4460 / 4470),False,,,False,7.556155
175,entry,2023-04-17,2023-04-17,2023-04-27,2023-05-19,profit_target,long_call,C,4520.000000,4151.319824,32,16.950001,19.650000,0.051634,2.059915,4.886943,2023-05-19,0.000000,333,4510.000000,4525.000000,False,4520.000000,2.059915,0.650000,0.800000,0.850000,3953 x 2755,2.000000,0.121900,0.013800,4151.720000,,True,0.725000,0.075000,False,8.881035
175,exit,2023-04-27,2023-04-17,2023-04-27,2023-05-19,profit_target,long_put,P,3680.000000,4135.350098,22,17.030001,20.370001,0.051326,1.716353,1.143774,2023-05-19,0.000000,334,3675.000000,3685.000000,False,3680.000000,1.716353,2.900000,3.100000,3.200000,1949 x 4716,1.000000,0.256860,-0.028890,4135.150000,,True,3.000000,0.100000,False,-11.011162
175,exit,2023-04-27,2023-04-17,2023-04-27,2023-05-19,profit_target,short_put,P,3735.000000,4135.350098,22,17.030001,20.370001,0.051326,2.595178,1.143774,2023-05-19,0.000000,334,3730.000000,3740.000000,False,3735.000000,2.595178,3.800000,4.000000,9.300000,3855 x 2555,1.000000,0.240660,-0.038430,4135.150000,,True,3.900000,0.100000,False,-9.681166
175,exit,2023-04-27,2023-04-17,2023-04-27,2023-05-19,profit_target,short_call,C,4465.000000,4135.350098,22,17.030001,20.370001,0.051326,0.329999,1.143774,2023-05-19,0.000000,334,4460.000000,4470.000000,False,,,,,,,,,,,strike 4465 not listed (chain of 334 strikes; nearest 4460 / 4470),False,,,False,7.971511
175,exit,2023-04-27,2023-04-17,2023-04-27,2023-05-19,profit_target,long_call,C,4520.000000,4135.350098,22,17.030001,20.370001,0.051326,0.065050,1.143774,2023-05-19,0.000000,334,4510.000000,4525.000000,False,4520.000000,0.065050,0.150000,0.250000,0.250000,4816 x 3,8.000000,0.132320,0.005180,4135.150000,,True,0.200000,0.050000,False,9.301508
176,entry,2023-05-02,2023-05-02,2023-05-16,2023-06-16,profit_target,long_put,P,3550.000000,4119.580078,45,17.780001,20.750000,0.051839,13.698735,6.382801,2023-06-16,0.000000,324,3540.000000,3560.000000,False,3550.000000,13.698735,8.600000,8.700000,12.160000,514 x 100,29.000000,0.270800,-0.050160,4119.690000,,True,8.650000,0.050000,False,-13.826168
176,entry,2023-05-02,2023-05-02,2023-05-16,2023-06-16,profit_target,short_put,P,3605.000000,4119.580078,45,17.780001,20.750000,0.051839,16.478982,6.382801,2023-06-16,0.000000,324,3600.000000,3610.000000,False,3605.000000,16.478982,10.500000,10.700000,0.000000,545 x 647,,0.260530,-0.061730,4119.690000,,True,10.600000,0.100000,False,-12.491081
176,entry,2023-05-02,2023-05-02,2023-05-16,2023-06-16,profit_target,short_call,C,4505.000000,4119.580078,45,17.780001,20.750000,0.051839,7.909009,6.382801,2023-06-16,0.000000,324,4500.000000,4510.000000,False,,,,,,,,,,,strike 4505 not listed (chain of 324 strikes; nearest 4500 / 4510),False,,,False,9.355806
176,entry,2023-05-02,2023-05-02,2023-05-16,2023-06-16,profit_target,long_call,C,4560.000000,4119.580078,45,17.780001,20.750000,0.051839,4.306456,6.382801,2023-06-16,0.000000,324,4550.000000,4570.000000,False,4560.000000,4.306456,0.650000,0.800000,0.000000,4441 x 1262,,0.121150,0.012050,4119.690000,,True,0.725000,0.075000,False,10.690894
176,exit,2023-05-16,2023-05-02,2023-05-16,2023-06-16,profit_target,long_put,P,3550.000000,4109.899902,31,17.990000,20.900000,0.051736,4.990757,2.534151,2023-06-16,0.000000,324,3540.000000,3560.000000,False,3550.000000,4.990757,5.100000,5.200000,4.560000,200 x 2060,211.000000,0.290780,-0.035360,4110.020000,,True,5.150000,0.050000,False,-13.623200
176,exit,2023-05-16,2023-05-02,2023-05-16,2023-06-16,profit_target,short_put,P,3605.000000,4109.899902,31,17.990000,20.900000,0.051736,6.509224,2.534151,2023-06-16,0.000000,324,3600.000000,3610.000000,False,3605.000000,6.509224,6.200000,6.400000,6.900000,1261 x 2693,4.000000,0.276300,-0.044930,4110.020000,,True,6.300000,0.100000,False,-12.284968
176,exit,2023-05-16,2023-05-02,2023-05-16,2023-06-16,profit_target,short_call,C,4505.000000,4109.899902,31,17.990000,20.900000,0.051736,1.645262,2.534151,2023-06-16,0.000000,324,4500.000000,4510.000000,False,,,,,,,,,,,strike 4505 not listed (chain of 324 strikes; nearest 4500 / 4510),False,,,False,9.613375
176,exit,2023-05-16,2023-05-02,2023-05-16,2023-06-16,profit_target,long_call,C,4560.000000,4109.899902,31,17.990000,20.900000,0.051736,0.629578,2.534151,2023-06-16,0.000000,324,4550.000000,4570.000000,False,4560.000000,0.629578,0.200000,0.300000,0.450000,1565 x 3323,8.000000,0.129940,0.004610,4110.020000,,True,0.250000,0.050000,False,10.951607
177,entry,2023-05-16,2023-05-16,2023-05-26,2023-06-16,dte_exit,long_put,P,3625.000000,4109.899902,31,17.990000,20.900000,0.051736,7.173093,4.787971,2023-06-16,0.000000,324,3620.000000,3630.000000,False,3625.000000,7.173093,6.700000,6.900000,7.000000,472 x 2035,10.000000,0.271550,-0.048010,4110.020000,,True,6.800000,0.100000,False,-11.798338
177,entry,2023-05-16,2023-05-16,2023-05-26,2023-06-16,dte_exit,short_put,P,3680.000000,4109.899902,31,17.990000,20.900000,0.051736,9.383131,4.787971,2023-06-16,0.000000,324,3675.000000,3685.000000,False,3680.000000,9.383131,8.400000,8.600000,8.800000,100 x 1301,2.000000,0.258100,-0.061310,4110.020000,,True,8.500000,0.100000,False,-10.460106
177,entry,2023-05-16,2023-05-16,2023-05-26,2023-06-16,dte_exit,short_call,C,4435.000000,4109.899902,31,17.990000,20.900000,0.051736,4.668329,4.787971,2023-06-16,0.000000,324,4430.000000,4440.000000,False,,,,,,,,,,,strike 4435 not listed (chain of 324 strikes; nearest 4430 / 4440),False,,,False,7.910171
177,entry,2023-05-16,2023-05-16,2023-05-26,2023-06-16,dte_exit,long_call,C,4490.000000,4109.899902,31,17.990000,20.900000,0.051736,2.090395,4.787971,2023-06-16,0.000000,324,4480.000000,4500.000000,False,4490.000000,2.090395,0.400000,0.500000,0.450000,3321 x 903,31.000000,0.120630,0.009260,4110.020000,,True,0.450000,0.050000,False,9.248403
177,exit,2023-05-26,2023-05-16,2023-05-26,2023-06-16,dte_exit,long_put,P,3625.000000,4205.450195,21,17.950001,20.440001,0.052661,0.901639,3.438944,2023-06-16,0.000000,328,3620.000000,3630.000000,False,3625.000000,0.901639,3.600000,3.800000,7.160000,866 x 2012,213.000000,0.330540,-0.028020,4205.040000,,True,3.700000,0.100000,False,-13.802332
177,exit,2023-05-26,2023-05-16,2023-05-26,2023-06-16,dte_exit,short_put,P,3680.000000,4205.450195,21,17.950001,20.440001,0.052661,1.335680,3.438944,2023-06-16,0.000000,328,3675.000000,3685.000000,False,3680.000000,1.335680,4.200000,4.400000,4.770000,1903 x 1060,1.000000,0.310970,-0.033690,4205.040000,,True,4.300000,0.100000,False,-12.494505
177,exit,2023-05-26,2023-05-16,2023-05-26,2023-06-16,dte_exit,short_call,C,4435.000000,4205.450195,21,17.950001,20.440001,0.052661,4.761886,3.438944,2023-06-16,0.000000,328,4430.000000,4440.000000,False,4435.000000,4.761886,1.750000,1.850000,0.850000,520 x 554,2.000000,0.115750,0.038660,4205.040000,,True,1.800000,0.050000,False,5.458388
177,exit,2023-05-26,2023-05-16,2023-05-26,2023-06-16,dte_exit,long_call,C,4490.000000,4205.450195,21,17.950001,20.440001,0.052661,1.756982,3.438944,2023-06-16,0.000000,328,4480.000000,4500.000000,False,4490.000000,1.756982,0.700000,0.800000,0.400000,1206 x 4,4.000000,0.120700,0.017420,4205.040000,,True,0.750000,0.050000,False,6.766215
178,entry,2023-06-06,2023-06-06,2023-06-23,2023-07-21,profit_target,long_put,P,3805.000000,4283.850098,45,13.960000,17.040001,0.052866,11.839494,6.324300,2023-07-21,0.000000,314,3800.000000,3810.000000,False,3805.000000,11.839494,6.900000,7.100000,7.700000,2425 x 1084,2.000000,0.218180,-0.048830,4283.470000,,True,7.000000,0.100000,False,-11.178031
178,entry,2023-06-06,2023-06-06,2023-06-23,2023-07-21,profit_target,short_put,P,3860.000000,4283.850098,45,13.960000,17.040001,0.052866,14.573068,6.324300,2023-07-21,0.000000,314,3855.000000,3865.000000,False,3860.000000,14.573068,8.400000,8.600000,8.570000,709 x 2525,50.000000,0.206940,-0.061670,4283.470000,,True,8.500000,0.100000,False,-9.894139
178,entry,2023-06-06,2023-06-06,2023-06-23,2023-07-21,profit_target,short_call,C,4605.000000,4283.850098,45,13.960000,17.040001,0.052866,6.865625,6.324300,2023-07-21,0.000000,314,4600.000000,4610.000000,False,,,,,,,,,,,strike 4605 not listed (chain of 314 strikes; nearest 4600 / 4610),False,,,False,7.496759
178,entry,2023-06-06,2023-06-06,2023-06-23,2023-07-21,profit_target,long_call,C,4660.000000,4283.850098,45,13.960000,17.040001,0.052866,3.274899,6.324300,2023-07-21,0.000000,314,4650.000000,4670.000000,False,4660.000000,3.274899,0.950000,1.000000,0.000000,2505 x 2,,0.104150,0.017420,4283.470000,,True,0.975000,0.025000,False,8.780650
178,exit,2023-06-23,2023-06-06,2023-06-23,2023-07-21,profit_target,long_put,P,3805.000000,4348.330078,28,13.440000,16.870001,0.052558,1.500018,2.206826,2023-07-21,0.000000,345,3800.000000,3810.000000,False,3805.000000,1.500018,2.000000,2.150000,2.010000,825 x 911,2.000000,0.239310,-0.018990,4348.450000,,True,2.075000,0.075000,False,-12.495143
178,exit,2023-06-23,2023-06-06,2023-06-23,2023-07-21,profit_target,short_put,P,3860.000000,4348.330078,28,13.440000,16.870001,0.052558,2.102423,2.206826,2023-07-21,0.000000,345,3855.000000,3865.000000,False,3860.000000,2.102423,2.450000,2.550000,2.700000,495 x 1893,3.000000,0.224200,-0.024050,4348.450000,,True,2.500000,0.050000,False,-11.230290
178,exit,2023-06-23,2023-06-06,2023-06-23,2023-07-21,profit_target,short_call,C,4605.000000,4348.330078,28,13.440000,16.870001,0.052558,2.257703,2.206826,2023-07-21,0.000000,345,4600.000000,4610.000000,False,4605.000000,2.257703,0.750000,0.850000,1.950000,819 x 2,5.000000,0.092900,0.019950,4348.450000,,True,0.800000,0.050000,False,5.902724
178,exit,2023-06-23,2023-06-06,2023-06-23,2023-07-21,profit_target,long_call,C,4660.000000,4348.330078,28,13.440000,16.870001,0.052558,0.653282,2.206826,2023-07-21,0.000000,345,4655.000000,4665.000000,False,4660.000000,0.653282,0.300000,0.400000,0.400000,961 x 1073,40.000000,0.098520,0.008990,4348.450000,,True,0.350000,0.050000,False,7.167577
179,entry,2023-07-05,2023-07-05,2023-07-26,2023-08-18,profit_target,long_put,P,3950.000000,4446.819824,44,14.180000,16.510000,0.053175,11.271498,6.544965,2023-08-18,0.000000,339,3945.000000,3955.000000,False,3950.000000,11.271498,6.600000,6.800000,6.530000,2599 x 1676,13867.000000,0.215910,-0.046780,4446.650000,,True,6.700000,0.100000,False,-11.172475
179,entry,2023-07-05,2023-07-05,2023-07-26,2023-08-18,profit_target,short_put,P,4010.000000,4446.819824,44,14.180000,16.510000,0.053175,14.112791,6.544965,2023-08-18,0.000000,339,4005.000000,4015.000000,False,4010.000000,14.112791,8.100000,8.300000,13.650000,1944 x 337,16.000000,0.202930,-0.059210,4446.650000,,True,8.200000,0.100000,False,-9.823196
179,entry,2023-07-05,2023-07-05,2023-07-26,2023-08-18,profit_target,short_call,C,4775.000000,4446.819824,44,14.180000,16.510000,0.053175,6.679079,6.544965,2023-08-18,0.000000,339,4770.000000,4780.000000,False,4775.000000,6.679079,1.800000,1.950000,2.420000,1646 x 2184,1.000000,0.100420,0.030730,4446.650000,,True,1.875000,0.075000,False,7.380110
179,entry,2023-07-05,2023-07-05,2023-07-26,2023-08-18,profit_target,long_call,C,4835.000000,4446.819824,44,14.180000,16.510000,0.053175,2.975407,6.544965,2023-08-18,0.000000,339,4830.000000,4840.000000,False,,,,,,,,,,,strike 4835 not listed (chain of 339 strikes; nearest 4830 / 4840),False,,,False,8.729388
179,exit,2023-07-26,2023-07-05,2023-07-26,2023-08-18,profit_target,long_put,P,3950.000000,4566.750000,23,13.190000,15.790000,0.053894,0.353832,2.346254,2023-08-18,0.000000,364,3945.000000,3955.000000,False,3950.000000,0.353832,1.450000,1.600000,1.980000,2965 x 2029,1.000000,0.267850,-0.013930,4567.720000,,True,1.525000,0.075000,False,-13.505228
179,exit,2023-07-26,2023-07-05,2023-07-26,2023-08-18,profit_target,short_put,P,4010.000000,4566.750000,23,13.190000,15.790000,0.053894,0.545750,2.346254,2023-08-18,0.000000,364,4005.000000,4015.000000,False,4010.000000,0.545750,1.650000,1.800000,2.500000,1946 x 627,3.000000,0.248920,-0.015990,4567.720000,,True,1.725000,0.075000,False,-12.191383
179,exit,2023-07-26,2023-07-05,2023-07-26,2023-08-18,profit_target,short_call,C,4775.000000,4566.750000,23,13.190000,15.790000,0.053894,2.792831,2.346254,2023-08-18,0.000000,364,4770.000000,4780.000000,False,4775.000000,2.792831,1.550000,1.650000,2.400000,842 x 1,88.000000,0.090530,0.037950,4567.720000,,True,1.600000,0.050000,False,4.560136
179,exit,2023-07-26,2023-07-05,2023-07-26,2023-08-18,profit_target,long_call,C,4835.000000,4566.750000,23,13.190000,15.790000,0.053894,0.638495,2.346254,2023-08-18,0.000000,364,4830.000000,4840.000000,False,4835.000000,0.638495,0.450000,0.550000,0.650000,799 x 1085,2.000000,0.094300,0.012670,4567.720000,,True,0.500000,0.050000,False,5.873980
180,entry,2023-08-01,2023-08-01,2023-08-23,2023-09-15,profit_target,long_put,P,4070.000000,4576.729980,45,13.930000,16.340000,0.053791,11.982424,6.628952,2023-09-15,0.000000,367,4065.000000,4075.000000,False,4070.000000,11.982424,6.900000,7.100000,6.800000,355 x 2794,26.000000,0.211980,-0.048120,4576.940000,,True,7.000000,0.100000,False,-11.071878
180,entry,2023-08-01,2023-08-01,2023-08-23,2023-09-15,profit_target,short_put,P,4130.000000,4576.729980,45,13.930000,16.340000,0.053791,14.867263,6.628952,2023-09-15,0.000000,367,4125.000000,4135.000000,False,4130.000000,14.867263,8.300000,8.500000,9.300000,1940 x 1002,36.000000,0.198920,-0.059480,4576.940000,,True,8.400000,0.100000,False,-9.760899
180,entry,2023-08-01,2023-08-01,2023-08-23,2023-09-15,profit_target,short_call,C,4915.000000,4576.729980,45,13.930000,16.340000,0.053791,6.877445,6.628952,2023-09-15,0.000000,367,4910.000000,4920.000000,False,,,,,,,,,,,strike 4915 not listed (chain of 367 strikes; nearest 4910 / 4920),False,,,False,7.391085
180,entry,2023-08-01,2023-08-01,2023-08-23,2023-09-15,profit_target,long_call,C,4975.000000,4576.729980,45,13.930000,16.340000,0.053791,3.133331,6.628952,2023-09-15,0.000000,367,4970.000000,4980.000000,False,4975.000000,3.133331,0.900000,1.000000,1.250000,2177 x 125,2.000000,0.103100,0.015630,4576.940000,,True,0.950000,0.050000,False,8.702065
180,exit,2023-08-23,2023-08-01,2023-08-23,2023-09-15,profit_target,long_put,P,4070.000000,4436.009766,23,15.980000,17.940001,0.054099,4.933752,2.531192,2023-09-15,0.000000,369,4065.000000,4075.000000,False,4070.000000,4.933752,4.600000,4.800000,5.250000,2504 x 1630,9.000000,0.213100,-0.046010,4436.390000,,True,4.700000,0.100000,False,-8.250878
180,exit,2023-08-23,2023-08-01,2023-08-23,2023-09-15,profit_target,short_put,P,4130.000000,4436.009766,23,15.980000,17.940001,0.054099,7.453798,2.531192,2023-09-15,0.000000,369,4125.000000,4135.000000,False,4130.000000,7.453798,6.500000,6.700000,7.100000,449 x 2051,2.000000,0.198140,-0.066210,4436.390000,,True,6.600000,0.100000,False,-6.898311
180,exit,2023-08-23,2023-08-01,2023-08-23,2023-09-15,profit_target,short_call,C,4915.000000,4436.009766,23,15.980000,17.940001,0.054099,0.012408,2.531192,2023-09-15,0.000000,369,4910.000000,4920.000000,False,,,,,,,,,,,strike 4915 not listed (chain of 369 strikes; nearest 4910 / 4920),False,,,False,10.797772
180,exit,2023-08-23,2023-08-01,2023-08-23,2023-09-15,profit_target,long_call,C,4975.000000,4436.009766,23,15.980000,17.940001,0.054099,0.001263,2.531192,2023-09-15,0.000000,369,4970.000000,4980.000000,False,4975.000000,0.001263,0.050000,0.150000,0.100000,2245 x 4256,1.000000,0.150730,0.001700,4436.390000,,True,0.100000,0.050000,False,12.150339
181,entry,2023-09-05,2023-09-05,2023-09-18,2023-10-20,profit_target,long_put,P,3995.000000,4496.830078,45,14.010000,16.240000,0.054305,11.551959,6.522113,2023-10-20,0.000000,331,3990.000000,4000.000000,False,3995.000000,11.551959,6.600000,6.800000,8.710000,1917 x 528,2.000000,0.213100,-0.046750,4496.380000,,True,6.700000,0.100000,False,-11.159641
181,entry,2023-09-05,2023-09-05,2023-09-18,2023-10-20,profit_target,short_put,P,4055.000000,4496.830078,45,14.010000,16.240000,0.054305,14.386240,6.522113,2023-10-20,0.000000,331,4050.000000,4060.000000,False,4055.000000,14.386240,8.200000,8.400000,10.040000,722 x 694,1.000000,0.201170,-0.058480,4496.380000,,True,8.300000,0.100000,False,-9.825367
181,entry,2023-09-05,2023-09-05,2023-09-18,2023-10-20,profit_target,short_call,C,4830.000000,4496.830078,45,14.010000,16.240000,0.054305,6.673871,6.522113,2023-10-20,0.000000,331,4825.000000,4840.000000,False,4830.000000,6.673871,1.800000,1.950000,1.900000,2726 x 595,2.000000,0.099510,0.030910,4496.380000,,True,1.875000,0.075000,False,7.408995
181,entry,2023-09-05,2023-09-05,2023-09-18,2023-10-20,profit_target,long_call,C,4890.000000,4496.830078,45,14.010000,16.240000,0.054305,2.986040,6.522113,2023-10-20,0.000000,331,4880.000000,4900.000000,False,4890.000000,2.986040,0.850000,0.950000,1.370000,1950 x 773,12.000000,0.101950,0.015670,4496.380000,,True,0.900000,0.050000,False,8.743268
181,exit,2023-09-18,2023-09-05,2023-09-18,2023-10-20,profit_target,long_put,P,3995.000000,4453.529785,32,14.000000,16.129999,0.054202,5.283594,2.468876,2023-10-20,0.000000,331,3990.000000,4000.000000,False,3995.000000,5.283594,4.200000,4.400000,8.100000,1231 x 3847,99.000000,0.215890,-0.036220,4453.660000,,True,4.300000,0.100000,False,-10.295873
181,exit,2023-09-18,2023-09-05,2023-09-18,2023-10-20,profit_target,short_put,P,4055.000000,4453.529785,32,14.000000,16.129999,0.054202,7.236528,2.468876,2023-10-20,0.000000,331,4050.000000,4060.000000,False,4055.000000,7.236528,5.300000,5.500000,5.830000,1816 x 2258,54.000000,0.200900,-0.047170,4453.660000,,True,5.400000,0.100000,False,-8.948627
181,exit,2023-09-18,2023-09-05,2023-09-18,2023-10-20,profit_target,short_call,C,4830.000000,4453.529785,32,14.000000,16.129999,0.054202,0.681596,2.468876,2023-10-20,0.000000,331,4825.000000,4840.000000,False,4830.000000,0.681596,0.300000,0.350000,0.350000,358 x 283,9.000000,0.103530,0.007290,4453.660000,,True,0.325000,0.025000,False,8.453300
181,exit,2023-09-18,2023-09-05,2023-09-18,2023-10-20,profit_target,long_call,C,4890.000000,4453.529785,32,14.000000,16.129999,0.054202,0.165654,2.468876,2023-10-20,0.000000,331,4880.000000,4900.000000,False,4890.000000,0.165654,0.150000,0.250000,0.150000,2692 x 5222,3.000000,0.112420,0.004830,4453.660000,,True,0.200000,0.050000,False,9.800546
182,entry,2023-09-18,2023-09-18,2023-09-29,2023-10-20,dte_exit,long_put,P,4025.000000,4453.529785,32,14.000000,16.129999,0.054202,6.178364,5.122147,2023-10-20,0.000000,331,4020.000000,4030.000000,False,4025.000000,6.178364,4.700000,4.900000,5.470000,1465 x 3564,155.000000,0.207870,-0.042170,4453.660000,,True,4.800000,0.100000,False,-9.622250
182,entry,2023-09-18,2023-09-18,2023-09-29,2023-10-20,dte_exit,short_put,P,4085.000000,4453.529785,32,14.000000,16.129999,0.054202,8.490051,5.122147,2023-10-20,0.000000,331,4080.000000,4090.000000,False,4085.000000,8.490051,6.100000,6.300000,5.220000,439 x 4078,109.000000,0.194480,-0.055610,4453.660000,,True,6.200000,0.100000,False,-8.275004
182,entry,2023-09-18,2023-09-18,2023-09-29,2023-10-20,dte_exit,short_call,C,4730.000000,4453.529785,32,14.000000,16.129999,0.054202,4.341304,5.122147,2023-10-20,0.000000,331,4725.000000,4735.000000,False,4730.000000,4.341304,1.250000,1.400000,1.390000,4418 x 1561,200.000000,0.095640,0.027860,4453.660000,,True,1.325000,0.075000,False,6.207890
182,entry,2023-09-18,2023-09-18,2023-09-29,2023-10-20,dte_exit,long_call,C,4790.000000,4453.529785,32,14.000000,16.129999,0.054202,1.530844,5.122147,2023-10-20,0.000000,331,4785.000000,4800.000000,False,4790.000000,1.530844,0.450000,0.550000,0.500000,2854 x 275,100.000000,0.098880,0.011460,4453.660000,,True,0.500000,0.050000,False,7.555136
182,exit,2023-09-29,2023-09-18,2023-09-29,2023-10-20,dte_exit,long_put,P,4025.000000,4288.049805,21,17.520000,18.510000,0.054305,10.803709,5.669452,2023-10-20,0.000000,341,4020.000000,4030.000000,False,4025.000000,10.803709,8.300000,8.500000,8.370000,291 x 507,3.000000,0.201620,-0.085520,4286.600000,,True,8.400000,0.100000,False,-6.134486
182,exit,2023-09-29,2023-09-18,2023-09-29,2023-10-20,dte_exit,short_put,P,4085.000000,4288.049805,21,17.520000,18.510000,0.054305,16.406840,5.669452,2023-10-20,0.000000,341,4080.000000,4090.000000,False,4085.000000,16.406840,12.700000,13.100000,7.800000,450 x 1169,62.000000,0.188890,-0.127840,4286.600000,,True,12.900000,0.200000,False,-4.735248
182,exit,2023-09-29,2023-09-18,2023-09-29,2023-10-20,dte_exit,short_call,C,4730.000000,4288.049805,21,17.520000,18.510000,0.054305,0.079430,5.669452,2023-10-20,0.000000,341,4725.000000,4735.000000,False,4730.000000,0.079430,0.050000,0.150000,0.100000,244 x 1985,1.000000,0.137790,0.002270,4286.600000,,True,0.100000,0.050000,False,10.306555
182,exit,2023-09-29,2023-09-18,2023-09-29,2023-10-20,dte_exit,long_call,C,4790.000000,4288.049805,21,17.520000,18.510000,0.054305,0.013109,5.669452,2023-10-20,0.000000,341,4785.000000,4800.000000,False,4790.000000,0.013109,0.000000,0.150000,0.050000,0 x 3035,1.000000,0.150350,0.001730,4286.600000,,True,0.075000,0.075000,True,11.705792
183,entry,2023-10-03,2023-10-03,2023-10-23,2023-11-17,profit_target,long_put,P,3585.000000,4229.450195,45,19.780001,20.410000,0.054613,12.829461,5.330195,2023-11-17,0.000000,336,3580.000000,3590.000000,False,,,,,,,,,,,strike 3585 not listed (chain of 336 strikes; nearest 3580 / 3590),False,,,False,-15.237210
183,entry,2023-10-03,2023-10-03,2023-10-23,2023-11-17,profit_target,short_put,P,3640.000000,4229.450195,45,19.780001,20.410000,0.054613,15.273711,5.330195,2023-11-17,0.000000,336,3630.000000,3650.000000,False,3640.000000,15.273711,8.800000,9.100000,8.300000,1788 x 1904,20.000000,0.275310,-0.049640,4230.290000,,True,8.950000,0.150000,False,-13.936804
183,entry,2023-10-03,2023-10-03,2023-10-23,2023-11-17,profit_target,short_call,C,4670.000000,4229.450195,45,19.780001,20.410000,0.054613,6.411273,5.330195,2023-11-17,0.000000,336,4665.000000,4675.000000,False,4670.000000,6.411273,1.450000,1.600000,3.300000,1877 x 1749,11.000000,0.129930,0.021680,4230.290000,,True,1.525000,0.075000,False,10.416243
183,entry,2023-10-03,2023-10-03,2023-10-23,2023-11-17,profit_target,long_call,C,4725.000000,4229.450195,45,19.780001,20.410000,0.054613,3.525327,5.330195,2023-11-17,0.000000,336,4720.000000,4730.000000,False,4725.000000,3.525327,0.700000,0.850000,0.810000,2839 x 1256,3.000000,0.130540,0.012050,4230.290000,,True,0.775000,0.075000,False,11.716648
183,exit,2023-10-23,2023-10-03,2023-10-23,2023-11-17,profit_target,long_put,P,3585.000000,4217.040039,25,20.370001,21.330000,0.054305,3.014881,1.535963,2023-11-17,0.000000,342,3580.000000,3590.000000,False,,,,,,,,,,,strike 3585 not listed (chain of 342 strikes; nearest 3580 / 3590),False,,,False,-14.987765
183,exit,2023-10-23,2023-10-03,2023-10-23,2023-11-17,profit_target,short_put,P,3640.000000,4217.040039,25,20.370001,21.330000,0.054305,4.031316,1.535963,2023-11-17,0.000000,342,3630.000000,3650.000000,False,3640.000000,4.031316,4.700000,4.900000,5.500000,1484 x 1999,190.000000,0.317270,-0.033620,4216.850000,,True,4.800000,0.100000,False,-13.683532
183,exit,2023-10-23,2023-10-03,2023-10-23,2023-11-17,profit_target,short_call,C,4670.000000,4217.040039,25,20.370001,21.330000,0.054305,0.820789,1.535963,2023-11-17,0.000000,342,4665.000000,4675.000000,False,4670.000000,0.820789,0.250000,0.350000,1.370000,321 x 1163,3.000000,0.145440,0.006260,4216.850000,,True,0.300000,0.050000,False,10.741182
183,exit,2023-10-23,2023-10-03,2023-10-23,2023-11-17,profit_target,long_call,C,4725.000000,4217.040039,25,20.370001,21.330000,0.054305,0.301261,1.535963,2023-11-17,0.000000,342,4720.000000,4730.000000,False,4725.000000,0.301261,0.100000,0.250000,0.250000,2411 x 3235,5.000000,0.152130,0.003140,4216.850000,,True,0.175000,0.075000,False,12.045415
184,entry,2023-10-31,2023-10-31,2023-11-24,2023-12-15,dte_exit,long_put,P,3605.000000,4193.799805,45,18.139999,19.490000,0.054408,12.536208,5.596214,2023-12-15,0.000000,373,3600.000000,3610.000000,False,,,,,,,,,,,strike 3605 not listed (chain of 373 strikes; nearest 3600 / 3610),False,,,False,-14.039769
184,entry,2023-10-31,2023-10-31,2023-11-24,2023-12-15,dte_exit,short_put,P,3660.000000,4193.799805,45,18.139999,19.490000,0.054408,15.068814,5.596214,2023-12-15,0.000000,373,3655.000000,3665.000000,False,3660.000000,15.068814,7.800000,8.000000,15.200000,634 x 928,1.000000,0.244310,-0.050340,4193.470000,,True,7.900000,0.100000,False,-12.728309
184,entry,2023-10-31,2023-10-31,2023-11-24,2023-12-15,dte_exit,short_call,C,4595.000000,4193.799805,45,18.139999,19.490000,0.054408,6.487394,5.596214,2023-12-15,0.000000,373,4590.000000,4600.000000,False,4595.000000,6.487394,2.000000,2.100000,22.700000,450 x 492,442.000000,0.130920,0.027760,4193.470000,,True,2.050000,0.050000,False,9.566508
184,entry,2023-10-31,2023-10-31,2023-11-24,2023-12-15,dte_exit,long_call,C,4650.000000,4193.799805,45,18.139999,19.490000,0.054408,3.423786,5.596214,2023-12-15,0.000000,373,4640.000000,4660.000000,False,4650.000000,3.423786,1.150000,1.200000,1.400000,710 x 2,1.000000,0.133250,0.016850,4193.470000,,True,1.175000,0.025000,False,10.877968
184,exit,2023-11-24,2023-10-31,2023-11-24,2023-12-15,dte_exit,long_put,P,3605.000000,4559.339844,21,12.460000,15.120000,0.053894,0.008680,18.533069,2023-12-15,0.000000,397,3600.000000,3610.000000,False,,,,,,,,,,,strike 3605 not listed (chain of 397 strikes; nearest 3600 / 3610),False,,,False,-20.931536
184,exit,2023-11-24,2023-10-31,2023-11-24,2023-12-15,dte_exit,short_put,P,3660.000000,4559.339844,21,12.460000,15.120000,0.053894,0.013016,18.533069,2023-12-15,0.000000,397,3655.000000,3665.000000,False,3660.000000,0.013016,0.600000,0.650000,4.420000,100 x 185,1.000000,0.358160,-0.004640,4559.340000,,True,0.625000,0.025000,False,-19.725221
184,exit,2023-11-24,2023-10-31,2023-11-24,2023-12-15,dte_exit,short_call,C,4595.000000,4559.339844,21,12.460000,15.120000,0.053894,32.883772,18.533069,2023-12-15,0.000000,397,4590.000000,4600.000000,False,4595.000000,32.883772,30.100000,30.800000,30.600000,221 x 205,4.000000,0.094730,0.407990,4559.340000,,True,30.450000,0.350000,False,0.782134
184,exit,2023-11-24,2023-10-31,2023-11-24,2023-12-15,dte_exit,long_call,C,4650.000000,4559.339844,21,12.460000,15.120000,0.053894,14.355039,18.533069,2023-12-15,0.000000,397,4645.000000,4655.000000,False,4650.000000,14.355039,12.400000,12.700000,12.700000,334 x 100,266.000000,0.091160,0.218620,4559.340000,,True,12.550000,0.150000,False,1.988449
185,entry,2023-12-05,2023-12-05,2023-12-29,2024-01-19,dte_exit,long_put,P,4095.000000,4567.180176,45,12.850000,15.570000,0.053586,11.468204,7.030177,2024-01-19,0.000000,346,4090.000000,4100.000000,False,4095.000000,11.468204,5.600000,5.900000,7.900000,3654 x 3374,1.000000,0.194970,-0.043620,4567.950000,,True,5.750000,0.150000,False,-10.338549
185,entry,2023-12-05,2023-12-05,2023-12-29,2024-01-19,dte_exit,short_put,P,4155.000000,4567.180176,45,12.850000,15.570000,0.053586,14.391105,7.030177,2024-01-19,0.000000,346,4150.000000,4160.000000,False,4155.000000,14.391105,7.100000,7.300000,18.970000,715 x 1597,1.000000,0.182680,-0.055730,4567.950000,,True,7.200000,0.100000,False,-9.024828
185,entry,2023-12-05,2023-12-05,2023-12-29,2024-01-19,dte_exit,short_call,C,4875.000000,4567.180176,45,12.850000,15.570000,0.053586,7.322730,7.030177,2024-01-19,0.000000,346,4870.000000,4880.000000,False,4875.000000,7.322730,3.200000,3.400000,3.280000,3079 x 1048,1.000000,0.099380,0.049960,4567.950000,,True,3.300000,0.100000,False,6.739822
185,entry,2023-12-05,2023-12-05,2023-12-29,2024-01-19,dte_exit,long_call,C,4935.000000,4567.180176,45,12.850000,15.570000,0.053586,3.215453,7.030177,2024-01-19,0.000000,346,4930.000000,4940.000000,False,,,,,,,,,,,strike 4935 not listed (chain of 346 strikes; nearest 4930 / 4940),False,,,False,8.053543
185,exit,2023-12-29,2023-12-05,2023-12-29,2024-01-19,dte_exit,long_put,P,4095.000000,4769.830078,21,12.450000,15.260000,0.053072,0.089740,8.574880,2024-01-19,0.000000,386,4090.000000,4100.000000,False,4095.000000,0.089740,1.000000,1.100000,1.480000,1017 x 200,1.000000,0.276230,-0.009150,4772.170000,,True,1.050000,0.050000,False,-14.147885
185,exit,2023-12-29,2023-12-05,2023-12-29,2024-01-19,dte_exit,short_put,P,4155.000000,4769.830078,21,12.450000,15.260000,0.053072,0.144080,8.574880,2024-01-19,0.000000,386,4150.000000,4160.000000,False,4155.000000,0.144080,1.150000,1.250000,2.000000,523 x 433,86.000000,0.257610,-0.011100,4772.170000,,True,1.200000,0.050000,False,-12.889979
185,exit,2023-12-29,2023-12-05,2023-12-29,2024-01-19,dte_exit,short_call,C,4875.000000,4769.830078,21,12.450000,15.260000,0.053072,12.087990,8.574880,2024-01-19,0.000000,386,4870.000000,4880.000000,False,4875.000000,12.087990,12.400000,12.700000,12.050000,920 x 138,117.000000,0.092160,0.208600,4772.170000,,True,12.550000,0.150000,False,2.204899
185,exit,2023-12-29,2023-12-05,2023-12-29,2024-01-19,dte_exit,long_call,C,4935.000000,4769.830078,21,12.450000,15.260000,0.053072,3.567451,8.574880,2024-01-19,0.000000,386,4930.000000,4940.000000,False,4935.000000,3.567451,4.000000,4.300000,6.400000,1662 x 684,13.000000,0.091800,0.085530,4772.170000,,True,4.150000,0.150000,False,3.462805
