cycle,when,date,entry_date,exit_date,expiry,exit_reason,leg,right,strike,spot,dte,vix,vix3m,r,synth_mid,synth_net,label,label_offset,chain_rows,listed_below,listed_above,substituted,obs_strike,synth_mid_obs_strike,bid,ask,last,size,volume,iv,delta,u_last,cause,found,obs_mid,half_spread,zero_bid,moneyness_pct,vendor_atm_iv,engine_atm,vendor_iv,mny,side,when_,engine_leg_vol,vendor_slope,engine_slope,vix_regime,band
0,entry,2010-01-05,2010-01-05,2010-01-29,2010-02-19,dte_exit,long_put,P,965.0000,1136.5200,45,19.3500,22.3900,0.0007,4.4716,1.7102,2010-02-18,1.0000,172,960.0000,970.0000,False,965.0000,4.4716,2.2000,2.8000,4.5000,252 x 252,0.0000,0.2867,-0.0504,1136.4000,,True,2.5000,0.3000,False,-15.0917,16.9835,20.9253,28.6730,-15.0917,put,entry (~45 DTE),32.9986,0.7746,0.8000,VIX 15-25,14-16 %
0,entry,2010-01-05,2010-01-05,2010-01-29,2010-02-19,dte_exit,short_put,P,980.0000,1136.5200,45,19.3500,22.3900,0.0007,5.3165,1.7102,2010-02-18,1.0000,172,975.0000,985.0000,False,980.0000,5.3165,2.7000,3.2900,3.2200,252 x 252,253.0000,0.2759,-0.0604,1136.4000,,True,2.9950,0.2950,False,-13.7719,16.9835,20.9253,27.5910,-13.7719,put,entry (~45 DTE),31.9428,0.7702,0.8000,VIX 15-25,12-14 %
0,entry,2010-01-05,2010-01-05,2010-01-29,2010-02-19,dte_exit,short_call,C,1250.0000,1136.5200,45,19.3500,22.3900,0.0007,2.0048,1.7102,2010-02-18,1.0000,172,1245.0000,1255.0000,False,1250.0000,2.0048,0.4400,0.6600,0.5500,15 x 2,102.0000,0.1421,0.0257,1136.4000,,True,0.5500,0.1100,False,9.9849,16.9835,20.9253,14.2070,9.9849,call,entry (~45 DTE),17.9298,-0.2781,-0.3000,VIX 15-25,08-10 %
0,entry,2010-01-05,2010-01-05,2010-01-29,2010-02-19,dte_exit,long_call,C,1265.0000,1136.5200,45,19.3500,22.3900,0.0007,1.1395,1.7102,2010-02-18,1.0000,172,1260.0000,1270.0000,False,1265.0000,1.1395,0.1500,0.5500,0.4000,201 x 103,0.0000,0.1463,0.0167,1136.4000,,True,0.3500,0.2000,False,11.3047,16.9835,20.9253,14.6270,11.3047,call,entry (~45 DTE),17.5339,-0.2085,-0.3000,VIX 15-25,10-12 %
1,exit,2010-02-26,2010-02-02,2010-02-26,2010-03-19,profit_target,long_put,P,920.0000,1104.4900,21,19.5000,21.6500,0.0013,0.1937,0.0976,2010-03-18,1.0000,159,915.0000,925.0000,False,920.0000,0.1937,0.4600,0.6000,0.4500,30 x 100,24.0000,0.3573,-0.0154,1104.6900,,True,0.5300,0.0700,False,-16.7036,16.6280,17.9826,35.7330,-16.7036,put,exit (~21 DTE),31.3455,1.1438,0.8000,VIX 15-25,16-18 %
1,exit,2010-02-26,2010-02-02,2010-02-26,2010-03-19,profit_target,short_put,P,935.0000,1104.4900,21,19.5000,21.6500,0.0013,0.2823,0.0976,2010-03-18,1.0000,159,930.0000,940.0000,False,935.0000,0.2823,0.5500,0.7100,0.6500,5 x 71,617.0000,0.3387,-0.0189,1104.6900,,True,0.6300,0.0800,False,-15.3455,16.6280,17.9826,33.8680,-15.3455,put,exit (~21 DTE),30.2591,1.1235,0.8000,VIX 15-25,14-16 %
1,exit,2010-02-26,2010-02-02,2010-02-26,2010-03-19,profit_target,short_call,C,1230.0000,1104.4900,21,19.5000,21.6500,0.0013,0.0108,0.0976,2010-03-18,1.0000,159,1225.0000,1235.0000,False,1230.0000,0.0108,0.0500,0.2600,0.1000,311 x 275,65.0000,0.1897,0.0094,1104.6900,,True,0.1550,0.1050,False,11.3636,16.6280,17.9826,18.9660,11.3636,call,exit (~21 DTE),14.5735,0.2057,-0.3000,VIX 15-25,10-12 %
1,exit,2010-02-26,2010-02-02,2010-02-26,2010-03-19,profit_target,long_call,C,1245.0000,1104.4900,21,19.5000,21.6500,0.0013,0.0019,0.0976,2010-03-18,1.0000,159,1240.0000,1250.0000,False,1245.0000,0.0019,0.0400,0.1000,0.1000,40 x 125,95.0000,0.1922,0.0047,1104.6900,,True,0.0700,0.0300,False,12.7217,16.6280,17.9826,19.2240,12.7217,call,exit (~21 DTE),14.1661,0.2041,-0.3000,VIX 15-25,12-14 %
2,entry,2010-03-02,2010-03-02,2010-03-26,2010-04-16,dte_exit,long_put,P,955.0000,1118.3101,45,19.0600,21.1800,0.0014,4.2498,1.5826,2010-04-15,1.0000,148,950.0000,960.0000,False,955.0000,4.2498,1.9400,2.7500,2.9500,353 x 353,220.0000,0.2772,-0.0498,1117.9800,,True,2.3450,0.4050,False,-14.6033,16.9713,20.1479,27.7240,-14.6033,put,entry (~45 DTE),31.8305,0.7363,0.8000,VIX 15-25,14-16 %
2,entry,2010-03-02,2010-03-02,2010-03-26,2010-04-16,dte_exit,short_put,P,970.0000,1118.3101,45,19.0600,21.1800,0.0014,5.0898,1.5826,2010-04-15,1.0000,148,965.0000,975.0000,False,970.0000,5.0898,2.4000,3.3000,2.6000,353 x 353,193.0000,0.2662,-0.0612,1117.9800,,True,2.8500,0.4500,False,-13.2620,16.9713,20.1479,26.6250,-13.2620,put,entry (~45 DTE),30.7575,0.7279,0.8000,VIX 15-25,12-14 %
2,entry,2010-03-02,2010-03-02,2010-03-26,2010-04-16,dte_exit,short_call,C,1230.0000,1118.3101,45,19.0600,21.1800,0.0014,1.6068,1.5826,2010-04-15,1.0000,148,1225.0000,1235.0000,False,1230.0000,1.6068,0.3100,0.8500,0.6000,103 x 353,32.0000,0.1424,0.0278,1117.9800,,True,0.5800,0.2700,False,9.9874,16.9713,20.1479,14.2350,9.9874,call,entry (~45 DTE),17.1517,-0.2740,-0.3000,VIX 15-25,08-10 %
2,entry,2010-03-02,2010-03-02,2010-03-26,2010-04-16,dte_exit,long_call,C,1245.0000,1118.3101,45,19.0600,21.1800,0.0014,0.8642,1.5826,2010-04-15,1.0000,148,1240.0000,1250.0000,False,1245.0000,0.8642,0.1500,0.5100,0.3000,103 x 2,14.0000,0.1441,0.0162,1117.9800,,True,0.3300,0.1800,False,11.3287,16.9713,20.1479,14.4050,11.3287,call,entry (~45 DTE),16.7493,-0.2265,-0.3000,VIX 15-25,10-12 %
2,exit,2010-03-26,2010-03-02,2010-03-26,2010-04-16,dte_exit,long_put,P,955.0000,1166.5900,21,17.7700,20.0600,0.0014,0.0788,0.7366,2010-04-15,1.0000,154,950.0000,960.0000,False,955.0000,0.0788,0.2400,0.4500,0.3500,9 x 7,10.0000,0.3651,-0.0097,1166.6700,,True,0.3450,0.1050,False,-18.1375,14.4960,16.1271,36.5130,-18.1375,put,exit (~21 DTE),30.6370,1.2139,0.8000,VIX 15-25,18-20 %
2,exit,2010-03-26,2010-03-02,2010-03-26,2010-04-16,dte_exit,short_put,P,970.0000,1166.5900,21,17.7700,20.0600,0.0014,0.1150,0.7366,2010-04-15,1.0000,154,965.0000,975.0000,False,970.0000,0.1150,0.2900,0.4500,0.4000,9 x 7,44.0000,0.3431,-0.0116,1166.6700,,True,0.3700,0.0800,False,-16.8517,14.4960,16.1271,34.3070,-16.8517,put,exit (~21 DTE),29.6084,1.1756,0.8000,VIX 15-25,16-18 %
2,exit,2010-03-26,2010-03-02,2010-03-26,2010-04-16,dte_exit,short_call,C,1230.0000,1166.5900,21,17.7700,20.0600,0.0014,1.1010,0.7366,2010-04-15,1.0000,154,1225.0000,1235.0000,False,1230.0000,1.1010,0.6000,0.8100,0.7000,49 x 100,663.0000,0.1304,0.0467,1166.6700,,True,0.7050,0.1050,False,5.4355,14.4960,16.1271,13.0400,5.4355,call,exit (~21 DTE),14.4964,-0.2679,-0.3000,VIX 15-25,04-6 %
2,exit,2010-03-26,2010-03-02,2010-03-26,2010-04-16,dte_exit,long_call,C,1245.0000,1166.5900,21,17.7700,20.0600,0.0014,0.4006,0.7366,2010-04-15,1.0000,154,1240.0000,1250.0000,False,1245.0000,0.4006,0.3000,0.4000,0.3500,10 x 18,644.0000,0.1365,0.0245,1166.6700,,True,0.3500,0.0500,False,6.7213,14.4960,16.1271,13.6520,6.7213,call,exit (~21 DTE),14.1107,-0.1256,-0.3000,VIX 15-25,06-8 %
3,entry,2010-04-06,2010-04-06,2010-04-30,2010-05-21,dte_exit,long_put,P,1040.0000,1189.4399,45,16.2300,18.8400,0.0017,4.2475,1.6698,2010-05-20,1.0000,150,1035.0000,1045.0000,False,1040.0000,4.2475,2.2000,2.6400,2.3500,107 x 201,269.0000,0.2419,-0.0543,1189.5000,,True,2.4200,0.2200,False,-12.5639,14.5008,17.5835,24.1940,-12.5639,put,entry (~45 DTE),27.6346,0.7715,0.8000,VIX 15-25,12-14 %
3,entry,2010-04-06,2010-04-06,2010-04-30,2010-05-21,dte_exit,short_put,P,1055.0000,1189.4399,45,16.2300,18.8400,0.0017,5.1201,1.6698,2010-05-20,1.0000,150,1050.0000,1060.0000,False,1055.0000,5.1201,2.6600,2.8500,2.7500,175 x 30,30.0000,0.2275,-0.0646,1189.5000,,True,2.7550,0.0950,False,-11.3028,14.5008,17.5835,22.7470,-11.3028,put,entry (~45 DTE),26.6257,0.7296,0.8000,VIX 15-25,10-12 %
3,entry,2010-04-06,2010-04-06,2010-04-30,2010-05-21,dte_exit,short_call,C,1290.0000,1189.4399,45,16.2300,18.8400,0.0017,1.6410,1.6698,2010-05-20,1.0000,150,1285.0000,1295.0000,False,1290.0000,1.6410,0.2500,0.7000,0.4900,201 x 221,18.0000,0.1203,0.0251,1189.5000,,True,0.4750,0.2250,False,8.4544,14.5008,17.5835,12.0270,8.4544,call,entry (~45 DTE),15.0472,-0.2926,-0.3000,VIX 15-25,08-10 %
3,entry,2010-04-06,2010-04-06,2010-04-30,2010-05-21,dte_exit,long_call,C,1305.0000,1189.4399,45,16.2300,18.8400,0.0017,0.8438,1.6698,2010-05-20,1.0000,150,1300.0000,1310.0000,False,1305.0000,0.8438,0.1500,0.4000,0.0000,2 x 10,,0.1240,0.0154,1189.5000,,True,0.2750,0.1250,False,9.7155,14.5008,17.5835,12.3960,9.7155,call,entry (~45 DTE),14.6688,-0.2166,-0.3000,VIX 15-25,08-10 %
3,exit,2010-04-30,2010-04-06,2010-04-30,2010-05-21,dte_exit,long_put,P,1040.0000,1186.6899,21,22.0500,23.6700,0.0016,1.2512,0.7970,2010-05-20,1.0000,158,1035.0000,1045.0000,False,1040.0000,1.2512,1.9400,2.4500,1.8500,40 x 250,,0.3418,-0.0517,1186.3200,,True,2.1950,0.2550,False,-12.3613,18.2350,20.9425,34.1830,-12.3613,put,exit (~21 DTE),30.8315,1.2902,0.8000,VIX 15-25,12-14 %
3,exit,2010-04-30,2010-04-06,2010-04-30,2010-05-21,dte_exit,short_put,P,1055.0000,1186.6899,21,22.0500,23.6700,0.0016,1.7155,0.7970,2010-05-20,1.0000,158,1050.0000,1060.0000,False,1055.0000,1.7155,2.0600,3.3100,2.0500,260 x 500,10.0000,0.3258,-0.0642,1186.3200,,True,2.6850,0.6250,False,-11.0972,18.2350,20.9425,32.5770,-11.0972,put,exit (~21 DTE),29.8203,1.2924,0.8000,VIX 15-25,10-12 %
3,exit,2010-04-30,2010-04-06,2010-04-30,2010-05-21,dte_exit,short_call,C,1290.0000,1186.6899,21,22.0500,23.6700,0.0016,0.5764,0.7970,2010-05-20,1.0000,158,1285.0000,1295.0000,False,1290.0000,0.5764,0.2000,0.3000,0.2500,16 x 2,,0.1637,0.0155,1186.3200,,True,0.2500,0.0500,False,8.7057,18.2350,20.9425,16.3710,8.7057,call,exit (~21 DTE),18.3308,-0.2141,-0.3000,VIX 15-25,08-10 %
3,exit,2010-04-30,2010-04-06,2010-04-30,2010-05-21,dte_exit,long_call,C,1305.0000,1186.6899,21,22.0500,23.6700,0.0016,0.2437,0.7970,2010-05-20,1.0000,158,1300.0000,1310.0000,False,1305.0000,0.2437,0.0900,0.2000,0.1000,3 x 2,120.0000,0.1708,0.0094,1186.3200,,True,0.1450,0.0550,False,9.9698,18.2350,20.9425,17.0760,9.9698,call,exit (~21 DTE),17.9516,-0.1163,-0.3000,VIX 15-25,08-10 %
4,entry,2010-05-04,2010-05-04,2010-05-28,2010-06-18,dte_exit,long_put,P,960.0000,1173.6000,45,23.8400,25.0700,0.0016,4.7151,1.5039,2010-06-17,1.0000,157,955.0000,965.0000,False,960.0000,4.7151,2.9500,4.4000,3.6000,501 x 500,115.0000,0.3691,-0.0542,1173.5700,,True,3.6750,0.7250,False,-18.2004,20.1000,24.4627,36.9140,-18.2004,put,entry (~45 DTE),39.0231,0.9238,0.8000,VIX 15-25,18-20 %
4,entry,2010-05-04,2010-05-04,2010-05-28,2010-06-18,dte_exit,short_put,P,975.0000,1173.6000,45,23.8400,25.0700,0.0016,5.4890,1.5039,2010-06-17,1.0000,157,970.0000,980.0000,False,975.0000,5.4890,3.9000,5.0000,4.4500,20 x 500,412.0000,0.3622,-0.0649,1173.5700,,True,4.4500,0.5500,False,-16.9223,20.1000,24.4627,36.2200,-16.9223,put,entry (~45 DTE),38.0006,0.9526,0.8000,VIX 15-25,16-18 %
4,entry,2010-05-04,2010-05-04,2010-05-28,2010-06-18,dte_exit,short_call,C,1320.0000,1173.6000,45,23.8400,25.0700,0.0016,1.9181,1.5039,2010-06-17,1.0000,157,1315.0000,1325.0000,False,1320.0000,1.9181,0.0400,0.8000,0.2500,200 x 501,174.0000,0.1596,0.0184,1173.5700,,True,0.4200,0.3800,False,12.4744,20.1000,24.4627,15.9640,12.4744,call,entry (~45 DTE),20.7204,-0.3316,-0.3000,VIX 15-25,12-14 %
4,entry,2010-05-04,2010-05-04,2010-05-28,2010-06-18,dte_exit,long_call,C,1335.0000,1173.6000,45,23.8400,25.0700,0.0016,1.1882,1.5039,2010-06-17,1.0000,157,1330.0000,1340.0000,False,1335.0000,1.1882,0.0400,0.7500,0.1000,200 x 500,50.0000,0.1709,0.0157,1173.5700,,True,0.3950,0.3550,False,13.7526,20.1000,24.4627,17.0860,13.7526,call,entry (~45 DTE),20.3370,-0.2192,-0.3000,VIX 15-25,12-14 %
4,exit,2010-05-28,2010-05-04,2010-05-28,2010-06-18,dte_exit,long_put,P,960.0000,1089.4100,21,32.0700,32.0000,0.0016,5.0605,1.3687,2010-06-17,1.0000,157,955.0000,965.0000,False,960.0000,5.0605,4.5900,5.6900,4.8000,103 x 103,57.0000,0.4175,-0.0967,1089.1100,,True,5.1400,0.5500,False,-11.8789,27.1875,32.1149,41.7500,-11.8789,put,exit (~21 DTE),41.6180,1.2259,0.8000,VIX > 25,10-12 %
4,exit,2010-05-28,2010-05-04,2010-05-28,2010-06-18,dte_exit,short_put,P,975.0000,1089.4100,21,32.0700,32.0000,0.0016,6.4182,1.3687,2010-06-17,1.0000,157,970.0000,980.0000,False,975.0000,6.4182,5.5900,6.9000,5.4000,103 x 103,,0.4006,-0.1175,1089.1100,,True,6.2450,0.6550,False,-10.5020,27.1875,32.1149,40.0630,-10.5020,put,exit (~21 DTE),40.5165,1.2260,0.8000,VIX > 25,10-12 %
5,entry,2010-06-02,2010-06-02,2010-06-25,2010-07-16,dte_exit,long_put,P,835.0000,1098.3800,44,30.1700,30.5900,0.0016,3.9608,1.1535,2010-07-15,1.0000,165,830.0000,840.0000,False,835.0000,3.9608,2.4000,3.8000,5.0000,103 x 3,1.0000,0.4707,-0.0405,1098.5600,,True,3.1000,0.7000,False,-23.9790,24.9015,30.3712,47.0660,-23.9790,put,entry (~45 DTE),49.5543,0.9243,0.8000,VIX > 25,20 %+
5,entry,2010-06-02,2010-06-02,2010-06-25,2010-07-16,dte_exit,short_put,P,850.0000,1098.3800,44,30.1700,30.5900,0.0016,4.5984,1.1535,2010-07-15,1.0000,165,845.0000,855.0000,False,850.0000,4.5984,2.8500,4.3000,3.7000,103 x 153,,0.4584,-0.0466,1098.5600,,True,3.5750,0.7250,False,-22.6133,24.9015,30.3712,45.8360,-22.6133,put,entry (~45 DTE),48.4618,0.9258,0.8000,VIX > 25,20 %+
5,entry,2010-06-02,2010-06-02,2010-06-25,2010-07-16,dte_exit,short_call,C,1285.0000,1098.3800,44,30.1700,30.5900,0.0016,1.4610,1.1535,2010-07-15,1.0000,165,1280.0000,1290.0000,False,1285.0000,1.4610,0.0500,0.7500,0.4500,100 x 103,0.0000,0.2071,0.0144,1098.5600,,True,0.4000,0.3500,False,16.9905,24.9015,30.3712,20.7130,16.9905,call,entry (~45 DTE),25.2740,-0.2465,-0.3000,VIX > 25,16-18 %
5,entry,2010-06-02,2010-06-02,2010-06-25,2010-07-16,dte_exit,long_call,C,1300.0000,1098.3800,44,30.1700,30.5900,0.0016,0.9451,1.1535,2010-07-15,1.0000,165,1295.0000,1305.0000,False,1300.0000,0.9451,0.1000,0.7500,0.2000,51 x 103,38.0000,0.2216,0.0149,1098.5600,,True,0.4250,0.3250,False,18.3561,24.9015,30.3712,22.1640,18.3561,call,entry (~45 DTE),24.8643,-0.1491,-0.3000,VIX > 25,18-20 %
5,exit,2010-06-25,2010-06-02,2010-06-25,2010-07-16,dte_exit,long_put,P,835.0000,1076.7600,21,28.5300,30.7000,0.0013,0.3246,0.1180,2010-07-15,1.0000,171,830.0000,840.0000,False,835.0000,0.3246,0.4100,1.0500,0.5000,19 x 400,0.0000,0.5053,-0.0150,1078.3400,,True,0.7300,0.3200,False,-22.4525,24.3885,27.0432,50.5330,-22.4525,put,exit (~21 DTE),45.0052,1.1644,0.8000,VIX > 25,20 %+
5,exit,2010-06-25,2010-06-02,2010-06-25,2010-07-16,dte_exit,short_put,P,850.0000,1076.7600,21,28.5300,30.7000,0.0013,0.4399,0.1180,2010-07-15,1.0000,171,845.0000,855.0000,False,850.0000,0.4399,0.5900,0.8400,0.7500,20 x 9,644.0000,0.4748,-0.0161,1078.3400,,True,0.7150,0.1250,False,-21.0595,24.3885,27.0432,47.4790,-21.0595,put,exit (~21 DTE),43.8908,1.0964,0.8000,VIX > 25,20 %+
6,entry,2010-07-06,2010-07-06,2010-07-30,2010-08-20,dte_exit,long_put,P,800.0000,1028.0601,45,29.6500,32.0100,0.0017,4.9446,1.5944,2010-08-19,1.0000,148,795.0000,805.0000,False,800.0000,4.9446,2.4000,3.3000,2.9500,2 x 200,,0.4309,-0.0428,1027.9500,,True,2.8500,0.4500,False,-22.1835,26.6887,30.8526,43.0870,-22.1835,put,entry (~45 DTE),48.5994,0.7392,0.8000,VIX > 25,20 %+
6,entry,2010-07-06,2010-07-06,2010-07-30,2010-08-20,dte_exit,short_put,P,815.0000,1028.0601,45,29.6500,32.0100,0.0017,5.7618,1.5944,2010-08-19,1.0000,148,810.0000,820.0000,False,815.0000,5.7618,2.7600,3.9000,4.3000,400 x 400,4.0000,0.4172,-0.0497,1027.9500,,True,3.3300,0.5700,False,-20.7245,26.6887,30.8526,41.7160,-20.7245,put,entry (~45 DTE),47.4322,0.7251,0.8000,VIX > 25,20 %+
6,entry,2010-07-06,2010-07-06,2010-07-30,2010-08-20,dte_exit,short_call,C,1190.0000,1028.0601,45,29.6500,32.0100,0.0017,2.2862,1.5944,2010-08-19,1.0000,148,1180.0000,1195.0000,False,1190.0000,2.2862,0.2000,0.7500,0.5000,25 x 400,100.0000,0.1998,0.0187,1027.9500,,True,0.4750,0.2750,False,15.7520,26.6887,30.8526,19.9840,15.7520,call,entry (~45 DTE),26.1270,-0.4256,-0.3000,VIX > 25,14-16 %
6,entry,2010-07-06,2010-07-06,2010-07-30,2010-08-20,dte_exit,long_call,C,1205.0000,1028.0601,45,29.6500,32.0100,0.0017,1.5090,1.5944,2010-08-19,1.0000,148,1200.0000,1210.0000,False,1205.0000,1.5090,0.0500,0.6600,0.3500,400 x 500,5.0000,0.2053,0.0141,1027.9500,,True,0.3550,0.3050,False,17.2111,26.6887,30.8526,20.5330,17.2111,call,entry (~45 DTE),25.6893,-0.3577,-0.3000,VIX > 25,16-18 %
6,exit,2010-07-30,2010-07-06,2010-07-30,2010-08-20,dte_exit,long_put,P,800.0000,1101.6000,21,23.5000,27.1400,0.0015,0.0244,0.4724,2010-08-19,1.0000,153,795.0000,805.0000,False,800.0000,0.0244,0.1600,0.2000,0.1500,80 x 18,550.0000,0.5126,-0.0039,1101.7600,,True,0.1800,0.0200,False,-27.3784,19.4642,20.8267,51.2640,-27.3784,put,exit (~21 DTE),42.7294,1.1615,0.8000,VIX 15-25,20 %+
6,exit,2010-07-30,2010-07-06,2010-07-30,2010-08-20,dte_exit,short_put,P,815.0000,1101.6000,21,23.5000,27.1400,0.0015,0.0350,0.4724,2010-08-19,1.0000,153,810.0000,820.0000,False,815.0000,0.0350,0.1500,0.2500,0.2000,7 x 10,21.0000,0.4932,-0.0048,1101.7600,,True,0.2000,0.0500,False,-26.0167,19.4642,20.8267,49.3220,-26.0167,put,exit (~21 DTE),41.6401,1.1476,0.8000,VIX 15-25,20 %+
6,exit,2010-07-30,2010-07-06,2010-07-30,2010-08-20,dte_exit,short_call,C,1190.0000,1101.6000,21,23.5000,27.1400,0.0015,0.7884,0.4724,2010-08-19,1.0000,153,1185.0000,1195.0000,False,1190.0000,0.7884,0.3600,0.4500,0.4000,9 x 1,198.0000,0.1651,0.0243,1101.7600,,True,0.4050,0.0450,False,8.0247,19.4642,20.8267,16.5110,8.0247,call,exit (~21 DTE),18.4193,-0.3680,-0.3000,VIX 15-25,08-10 %
6,exit,2010-07-30,2010-07-06,2010-07-30,2010-08-20,dte_exit,long_call,C,1205.0000,1101.6000,21,23.5000,27.1400,0.0015,0.3265,0.4724,2010-08-19,1.0000,153,1200.0000,1210.0000,False,1205.0000,0.3265,0.1500,0.4000,0.3000,9 x 50,7.0000,0.1773,0.0168,1101.7600,,True,0.2750,0.1250,False,9.3864,19.4642,20.8267,17.7290,9.3863,call,exit (~21 DTE),18.0108,-0.1849,-0.3000,VIX 15-25,08-10 %
7,entry,2010-08-03,2010-08-03,2010-08-27,2010-09-17,dte_exit,long_put,P,900.0000,1120.4600,45,22.6300,26.0100,0.0016,3.7397,1.1128,2010-09-16,1.0000,150,895.0000,905.0000,False,900.0000,3.7397,1.8900,2.2100,2.3500,1 x 100,353.0000,0.3530,-0.0359,1119.8200,,True,2.0500,0.1600,False,-19.6758,19.6852,24.3786,35.3020,-19.6758,put,entry (~45 DTE),40.1193,0.7937,0.8000,VIX 15-25,18-20 %
7,entry,2010-08-03,2010-08-03,2010-08-27,2010-09-17,dte_exit,short_put,P,915.0000,1120.4600,45,22.6300,26.0100,0.0016,4.3882,1.1128,2010-09-16,1.0000,150,910.0000,920.0000,False,915.0000,4.3882,2.0500,3.3000,4.3000,153 x 153,0.0000,0.3483,-0.0449,1119.8200,,True,2.6750,0.6250,False,-18.3371,19.6852,24.3786,34.8300,-18.3371,put,entry (~45 DTE),39.0483,0.8259,0.8000,VIX 15-25,18-20 %
7,entry,2010-08-03,2010-08-03,2010-08-27,2010-09-17,dte_exit,short_call,C,1275.0000,1120.4600,45,22.6300,26.0100,0.0016,1.0908,1.1128,2010-09-16,1.0000,150,1265.0000,1280.0000,False,1275.0000,1.0908,0.1400,1.0000,0.5500,9 x 153,0.0000,0.1840,0.0219,1119.8200,,True,0.5700,0.4300,False,13.7926,19.6852,24.3786,18.3970,13.7926,call,entry (~45 DTE),20.2409,-0.0934,-0.3000,VIX 15-25,12-14 %
7,exit,2010-08-27,2010-08-03,2010-08-27,2010-09-17,dte_exit,long_put,P,900.0000,1064.5900,21,24.4500,28.4000,0.0015,0.5803,0.2406,2010-09-16,1.0000,150,895.0000,905.0000,False,900.0000,0.5803,0.6500,0.7000,0.6500,25 x 25,,0.3475,-0.0202,1064.5400,,True,0.6750,0.0250,False,-15.4604,21.2793,21.5314,34.7470,-15.4604,put,exit (~21 DTE),33.8997,0.8711,0.8000,VIX 15-25,14-16 %
7,exit,2010-08-27,2010-08-03,2010-08-27,2010-09-17,dte_exit,short_put,P,915.0000,1064.5900,21,24.4500,28.4000,0.0015,0.8209,0.2406,2010-09-16,1.0000,150,910.0000,920.0000,False,915.0000,0.8209,0.5000,1.1500,1.0500,251 x 251,,0.3281,-0.0257,1064.5400,,True,0.8250,0.3250,False,-14.0514,21.2793,21.5314,32.8150,-14.0514,put,exit (~21 DTE),32.7725,0.8210,0.8000,VIX 15-25,14-16 %
8,entry,2010-08-31,2010-08-31,2010-09-24,2010-10-15,dte_exit,long_put,P,840.0000,1049.3300,45,26.0500,29.0400,0.0014,4.7556,1.6044,2010-10-14,1.0000,156,835.0000,845.0000,False,840.0000,4.7556,2.1000,2.9400,2.5500,303 x 303,10.0000,0.3767,-0.0420,1048.2900,,True,2.5200,0.4200,False,-19.9489,24.5675,27.5855,37.6710,-19.9489,put,entry (~45 DTE),43.5447,0.6569,0.8000,VIX > 25,18-20 %
8,entry,2010-08-31,2010-08-31,2010-09-24,2010-10-15,dte_exit,short_put,P,855.0000,1049.3300,45,26.0500,29.0400,0.0014,5.5735,1.6044,2010-10-14,1.0000,156,850.0000,860.0000,False,855.0000,5.5735,2.7000,3.5100,4.0500,303 x 303,26.0000,0.3673,-0.0519,1048.2900,,True,3.1050,0.4050,False,-18.5194,24.5675,27.5855,36.7250,-18.5194,put,entry (~45 DTE),42.4011,0.6565,0.8000,VIX > 25,18-20 %
8,entry,2010-08-31,2010-08-31,2010-09-24,2010-10-15,dte_exit,short_call,C,1195.0000,1049.3300,45,26.0500,29.0400,0.0014,2.1313,1.6044,2010-10-14,1.0000,156,1190.0000,1200.0000,False,1195.0000,2.1313,0.2100,0.6500,0.5500,205 x 303,3.0000,0.1796,0.0185,1048.2900,,True,0.4300,0.2200,False,13.8822,24.5675,27.5855,17.9590,13.8822,call,entry (~45 DTE),23.4209,-0.4760,-0.3000,VIX > 25,12-14 %
8,entry,2010-08-31,2010-08-31,2010-09-24,2010-10-15,dte_exit,long_call,C,1210.0000,1049.3300,45,26.0500,29.0400,0.0014,1.3446,1.6044,2010-10-14,1.0000,156,1205.0000,1215.0000,False,1210.0000,1.3446,0.0500,0.5000,0.2500,401 x 318,8.0000,0.1817,0.0122,1048.2900,,True,0.2750,0.2250,False,15.3117,24.5675,27.5855,18.1710,15.3117,call,entry (~45 DTE),22.9920,-0.4178,-0.3000,VIX > 25,14-16 %
8,exit,2010-09-24,2010-08-31,2010-09-24,2010-10-15,dte_exit,long_put,P,840.0000,1148.6700,21,21.7100,24.7500,0.0015,0.0197,2.3223,2010-10-14,1.0000,156,835.0000,845.0000,False,840.0000,0.0197,0.1000,0.2000,0.2000,19 x 21,0.0000,0.4918,-0.0039,1148.2500,,True,0.1500,0.0500,False,-26.8719,17.8012,19.5071,49.1780,-26.8720,put,exit (~21 DTE),41.0047,1.1676,0.8000,VIX 15-25,20 %+
8,exit,2010-09-24,2010-08-31,2010-09-24,2010-10-15,dte_exit,short_put,P,855.0000,1148.6700,21,21.7100,24.7500,0.0015,0.0280,2.3223,2010-10-14,1.0000,156,850.0000,860.0000,False,855.0000,0.0280,0.1600,0.2000,0.3000,19 x 7,120.0000,0.4731,-0.0043,1148.2500,,True,0.1800,0.0200,False,-25.5661,17.8012,19.5071,47.3120,-25.5661,put,exit (~21 DTE),39.9600,1.1543,0.8000,VIX 15-25,20 %+
8,exit,2010-09-24,2010-08-31,2010-09-24,2010-10-15,dte_exit,short_call,C,1195.0000,1148.6700,21,21.7100,24.7500,0.0015,4.9870,2.3223,2010-10-14,1.0000,156,1190.0000,1200.0000,False,1195.0000,4.9870,2.4000,2.8000,2.5400,1 x 1,,0.1502,0.1278,1148.2500,,True,2.6000,0.2000,False,4.0334,17.8012,19.5071,15.0230,4.0334,call,exit (~21 DTE),18.2971,-0.6888,-0.3000,VIX 15-25,04-6 %
8,exit,2010-09-24,2010-08-31,2010-09-24,2010-10-15,dte_exit,long_call,C,1210.0000,1148.6700,21,21.7100,24.7500,0.0015,2.6731,2.3223,2010-10-14,1.0000,156,1205.0000,1215.0000,False,1210.0000,2.6731,0.9400,1.3000,1.1000,14 x 14,,0.1475,0.0644,1148.2500,,True,1.1200,0.1800,False,5.3392,17.8012,19.5071,14.7550,5.3392,call,exit (~21 DTE),17.9054,-0.5705,-0.3000,VIX 15-25,04-6 %
9,entry,2010-10-05,2010-10-05,2010-10-29,2010-11-19,dte_exit,long_put,P,970.0000,1160.7500,45,21.7600,25.0800,0.0012,5.1837,1.6973,2010-11-18,1.0000,145,965.0000,975.0000,False,970.0000,5.1837,2.0900,3.1100,2.5500,24 x 28,103.0000,0.3090,-0.0476,1160.2100,,True,2.6000,0.5100,False,-16.4333,19.5592,23.4788,30.9030,-16.4333,put,entry (~45 DTE),36.6254,0.6903,0.8000,VIX 15-25,16-18 %
9,entry,2010-10-05,2010-10-05,2010-10-29,2010-11-19,dte_exit,short_put,P,985.0000,1160.7500,45,21.7600,25.0800,0.0012,6.0675,1.6973,2010-11-18,1.0000,145,980.0000,990.0000,False,985.0000,6.0675,2.5100,4.0100,5.2000,16 x 25,4.0000,0.3011,-0.0586,1160.2100,,True,3.2600,0.7500,False,-15.1411,19.5592,23.4788,30.1150,-15.1411,put,entry (~45 DTE),35.5916,0.6972,0.8000,VIX 15-25,14-16 %
9,entry,2010-10-05,2010-10-05,2010-10-29,2010-11-19,dte_exit,short_call,C,1295.0000,1160.7500,45,21.7600,25.0800,0.0012,2.0856,1.6973,2010-11-18,1.0000,145,1290.0000,1300.0000,False,1295.0000,2.0856,0.1100,1.0500,0.6000,110 x 25,2.0000,0.1612,0.0242,1160.2100,,True,0.5800,0.4700,False,11.5658,19.5592,23.4788,16.1230,11.5658,call,entry (~45 DTE),20.0090,-0.2971,-0.3000,VIX 15-25,10-12 %
9,entry,2010-10-05,2010-10-05,2010-10-29,2010-11-19,dte_exit,long_call,C,1310.0000,1160.7500,45,21.7600,25.0800,0.0012,1.2721,1.6973,2010-11-18,1.0000,145,1305.0000,1315.0000,False,1310.0000,1.2721,0.1000,0.7500,0.3100,117 x 16,0.0000,0.1672,0.0178,1160.2100,,True,0.4250,0.3250,False,12.8581,19.5592,23.4788,16.7240,12.8581,call,entry (~45 DTE),19.6213,-0.2205,-0.3000,VIX 15-25,12-14 %
9,exit,2010-10-29,2010-10-05,2010-10-29,2010-11-19,dte_exit,long_put,P,970.0000,1183.2600,21,21.2000,22.9500,0.0012,0.2417,0.2487,2010-11-18,1.0000,148,965.0000,975.0000,False,970.0000,0.2417,0.2500,0.3900,0.4000,19 x 19,528.0000,0.3558,-0.0093,1183.6700,,True,0.3200,0.0700,False,-18.0231,18.7928,19.9943,35.5750,-18.0231,put,exit (~21 DTE),34.4128,0.9312,0.8000,VIX 15-25,18-20 %
9,exit,2010-10-29,2010-10-05,2010-10-29,2010-11-19,dte_exit,short_put,P,985.0000,1183.2600,21,21.2000,22.9500,0.0012,0.3361,0.2487,2010-11-18,1.0000,148,980.0000,990.0000,False,985.0000,0.3361,0.4100,0.6000,0.5000,19 x 19,4.0000,0.3511,-0.0138,1183.6700,,True,0.5050,0.0950,False,-16.7554,18.7928,19.9943,35.1120,-16.7554,put,exit (~21 DTE),33.3986,0.9740,0.8000,VIX 15-25,16-18 %
9,exit,2010-10-29,2010-10-05,2010-10-29,2010-11-19,dte_exit,short_call,C,1295.0000,1183.2600,21,21.2000,22.9500,0.0012,0.2409,0.2487,2010-11-18,1.0000,148,1290.0000,1300.0000,False,1295.0000,0.2409,0.1000,0.2500,0.2000,69 x 10,80.0000,0.1653,0.0106,1183.6700,,True,0.1750,0.0750,False,9.4434,18.7928,19.9943,16.5330,9.4434,call,exit (~21 DTE),17.1613,-0.2393,-0.3000,VIX 15-25,08-10 %
9,exit,2010-10-29,2010-10-05,2010-10-29,2010-11-19,dte_exit,long_call,C,1310.0000,1183.2600,21,21.2000,22.9500,0.0012,0.0865,0.2487,2010-11-18,1.0000,148,1305.0000,1315.0000,False,1310.0000,0.0865,0.1000,0.2500,0.1500,2 x 19,110.0000,0.1832,0.0102,1183.6700,,True,0.1750,0.0750,False,10.7111,18.7928,19.9943,18.3160,10.7111,call,exit (~21 DTE),16.7810,-0.0445,-0.3000,VIX 15-25,10-12 %
10,entry,2010-11-02,2010-11-02,2010-11-22,2010-12-17,profit_target,long_put,P,1000.0000,1193.5699,45,21.5700,23.0200,0.0013,4.7920,1.5124,2010-12-16,1.0000,157,995.0000,1005.0000,False,1000.0000,4.7920,2.0900,2.9500,2.3500,270 x 302,,0.3070,-0.0462,1193.3800,,True,2.5200,0.4300,False,-16.2177,19.4015,22.3068,30.7050,-16.2177,put,entry (~45 DTE),35.2810,0.6970,0.8000,VIX 15-25,16-18 %
10,entry,2010-11-02,2010-11-02,2010-11-22,2010-12-17,profit_target,short_put,P,1015.0000,1193.5699,45,21.5700,23.0200,0.0013,5.6125,1.5124,2010-12-16,1.0000,157,1010.0000,1020.0000,False,1015.0000,5.6125,2.4000,3.5000,4.0500,200 x 200,15.0000,0.2947,-0.0539,1193.3800,,True,2.9500,0.5500,False,-14.9610,19.4015,22.3068,29.4670,-14.9610,put,entry (~45 DTE),34.2756,0.6728,0.8000,VIX 15-25,14-16 %
10,entry,2010-11-02,2010-11-02,2010-11-22,2010-12-17,profit_target,short_call,C,1330.0000,1193.5699,45,21.5700,23.0200,0.0013,1.6872,1.5124,2010-12-16,1.0000,157,1325.0000,1335.0000,False,1330.0000,1.6872,0.7000,1.1000,0.4700,10 x 302,0.0000,0.1676,0.0332,1193.3800,,True,0.9000,0.2000,False,11.4304,19.4015,22.3068,16.7610,11.4304,call,entry (~45 DTE),18.8777,-0.2310,-0.3000,VIX 15-25,10-12 %
10,entry,2010-11-02,2010-11-02,2010-11-22,2010-12-17,profit_target,long_call,C,1345.0000,1193.5699,45,21.5700,23.0200,0.0013,0.9953,1.5124,2010-12-16,1.0000,157,1340.0000,1350.0000,False,1345.0000,0.9953,0.1900,1.0000,0.4000,225 x 302,0.0000,0.1701,0.0227,1193.3800,,True,0.5950,0.4050,False,12.6872,19.4015,22.3068,17.0050,12.6872,call,entry (~45 DTE),18.5006,-0.1889,-0.3000,VIX 15-25,12-14 %
10,exit,2010-11-22,2010-11-02,2010-11-22,2010-12-17,profit_target,long_put,P,1000.0000,1197.8400,25,18.3700,21.3300,0.0015,0.3784,0.1557,2010-12-16,1.0000,157,995.0000,1005.0000,False,1000.0000,0.3784,0.5500,0.6600,0.7000,10 x 50,,0.3270,-0.0156,1197.8100,,True,0.6050,0.0550,False,-16.5164,15.6747,17.3840,32.6970,-16.5164,put,exit (~21 DTE),30.5971,1.0306,0.8000,VIX 15-25,16-18 %
10,exit,2010-11-22,2010-11-02,2010-11-22,2010-12-17,profit_target,short_put,P,1015.0000,1197.8400,25,18.3700,21.3300,0.0015,0.5127,0.1557,2010-12-16,1.0000,157,1010.0000,1020.0000,False,1015.0000,0.5127,0.5000,1.0000,1.0000,103 x 10,123.0000,0.3140,-0.0199,1197.8100,,True,0.7500,0.2500,False,-15.2641,15.6747,17.3840,31.3970,-15.2641,put,exit (~21 DTE),29.5953,1.0300,0.8000,VIX 15-25,14-16 %
10,exit,2010-11-22,2010-11-02,2010-11-22,2010-12-17,profit_target,short_call,C,1330.0000,1197.8400,25,18.3700,21.3300,0.0015,0.0282,0.1557,2010-12-16,1.0000,157,1325.0000,1335.0000,False,1330.0000,0.0282,0.0900,0.1600,0.1500,10 x 10,102.0000,0.1642,0.0070,1197.8100,,True,0.1250,0.0350,False,11.0332,15.6747,17.3840,16.4160,11.0332,call,exit (~21 DTE),14.0740,0.0672,-0.3000,VIX 15-25,10-12 %
10,exit,2010-11-22,2010-11-02,2010-11-22,2010-12-17,profit_target,long_call,C,1345.0000,1197.8400,25,18.3700,21.3300,0.0015,0.0068,0.1557,2010-12-16,1.0000,157,1340.0000,1350.0000,False,1345.0000,0.0068,0.0500,0.1400,0.1000,29 x 10,50.0000,0.1742,0.0060,1197.8100,,True,0.0950,0.0450,False,12.2855,15.6747,17.3840,17.4210,12.2855,call,exit (~21 DTE),13.6984,0.1421,-0.3000,VIX 15-25,12-14 %
11,entry,2010-12-07,2010-12-07,2010-12-31,2011-01-21,dte_exit,long_put,P,1055.0000,1223.7500,45,17.9900,20.9700,0.0014,4.7993,1.6851,2011-01-20,1.0000,155,1050.0000,1060.0000,False,1055.0000,4.7993,1.7100,2.6400,1.7800,206 x 25,60.0000,0.2543,-0.0465,1223.6200,,True,2.1750,0.4650,False,-13.7896,15.9313,19.5369,25.4320,-13.7896,put,entry (~45 DTE),30.5686,0.6890,0.8000,VIX 15-25,12-14 %
11,entry,2010-12-07,2010-12-07,2010-12-31,2011-01-21,dte_exit,short_put,P,1070.0000,1223.7500,45,17.9900,20.9700,0.0014,5.6809,1.6851,2011-01-20,1.0000,155,1065.0000,1075.0000,False,1070.0000,5.6809,2.1500,3.1900,2.0000,206 x 206,,0.2450,-0.0579,1223.6200,,True,2.6700,0.5200,False,-12.5638,15.9313,19.5369,24.5040,-12.5638,put,entry (~45 DTE),29.5880,0.6823,0.8000,VIX 15-25,12-14 %
11,entry,2010-12-07,2010-12-07,2010-12-31,2011-01-21,dte_exit,short_call,C,1340.0000,1223.7500,45,17.9900,20.9700,0.0014,1.8364,1.6851,2011-01-20,1.0000,155,1330.0000,1350.0000,False,1340.0000,1.8364,0.3000,1.1100,0.7900,25 x 2,11.0000,0.1400,0.0306,1223.6200,,True,0.7050,0.4050,False,9.4995,15.9313,19.5369,14.0020,9.4995,call,entry (~45 DTE),16.6871,-0.2031,-0.3000,VIX 15-25,08-10 %
11,entry,2010-12-07,2010-12-07,2010-12-31,2011-01-21,dte_exit,long_call,C,1355.0000,1223.7500,45,17.9900,20.9700,0.0014,1.0330,1.6851,2011-01-20,1.0000,155,1350.0000,1360.0000,True,1350.0000,1.2601,0.1900,1.0000,0.4000,34 x 206,156.0000,0.1456,0.0260,1223.6200,,True,0.5950,0.4050,False,10.7252,15.9313,19.5369,14.5550,10.3166,call,entry (~45 DTE),16.4419,-0.1334,-0.3000,VIX 15-25,10-12 %
11,exit,2010-12-31,2010-12-07,2010-12-31,2011-01-21,dte_exit,long_put,P,1055.0000,1257.6400,21,17.7500,20.9000,0.0012,0.1223,0.3035,2011-01-20,1.0000,159,1050.0000,1060.0000,False,1055.0000,0.1223,0.3100,0.4500,0.3000,9 x 2,30.0000,0.3239,-0.0106,1258.0200,,True,0.3800,0.0700,False,-16.1127,14.6698,15.3882,32.3850,-16.1127,put,exit (~21 DTE),28.2784,1.0995,0.8000,VIX 15-25,16-18 %
11,exit,2010-12-31,2010-12-07,2010-12-31,2011-01-21,dte_exit,short_put,P,1070.0000,1257.6400,21,17.7500,20.9000,0.0012,0.1758,0.3035,2011-01-20,1.0000,159,1065.0000,1075.0000,False,1070.0000,0.1758,0.4000,0.6500,0.4000,9 x 100,0.0000,0.3157,-0.0148,1258.0200,,True,0.5250,0.1250,False,-14.9200,14.6698,15.3882,31.5700,-14.9200,put,exit (~21 DTE),27.3242,1.1327,0.8000,VIX 15-25,14-16 %
11,exit,2010-12-31,2010-12-07,2010-12-31,2011-01-21,dte_exit,short_call,C,1340.0000,1257.6400,21,17.7500,20.9000,0.0012,0.3598,0.3035,2011-01-20,1.0000,159,1335.0000,1345.0000,False,1340.0000,0.3598,0.2500,0.4000,0.3200,50 x 2,139.0000,0.1320,0.0224,1258.0200,,True,0.3250,0.0750,False,6.5488,14.6698,15.3882,13.2030,6.5488,call,exit (~21 DTE),13.4236,-0.2240,-0.3000,VIX 15-25,06-8 %
11,exit,2010-12-31,2010-12-07,2010-12-31,2011-01-21,dte_exit,long_call,C,1355.0000,1257.6400,21,17.7500,20.9000,0.0012,0.1097,0.3035,2011-01-20,1.0000,159,1350.0000,1360.0000,False,1355.0000,0.1097,0.1500,0.2000,0.2500,15 x 4,99.0000,0.1383,0.0126,1258.0200,,True,0.1750,0.0250,False,7.7415,14.6698,15.3882,13.8310,7.7415,call,exit (~21 DTE),13.0657,-0.1083,-0.3000,VIX 15-25,06-8 %
12,entry,2011-01-04,2011-01-04,2011-01-27,2011-02-18,profit_target,long_put,P,1100.0000,1270.2000,45,17.3800,20.6100,0.0014,4.9406,1.7652,2011-02-17,1.0000,156,1095.0000,1105.0000,False,1100.0000,4.9406,2.0900,2.6000,2.5000,27 x 50,,0.2506,-0.0493,1270.3700,,True,2.3450,0.2550,False,-13.3995,15.4440,19.0635,25.0640,-13.3995,put,entry (~45 DTE),29.7831,0.7179,0.8000,VIX 15-25,12-14 %
12,entry,2011-01-04,2011-01-04,2011-01-27,2011-02-18,profit_target,short_put,P,1115.0000,1270.2000,45,17.3800,20.6100,0.0014,5.8289,1.7652,2011-02-17,1.0000,156,1110.0000,1120.0000,False,1115.0000,5.8289,2.1000,3.7000,3.0000,107 x 102,28.0000,0.2415,-0.0603,1270.3700,,True,2.9000,0.8000,False,-12.2185,15.4440,19.0635,24.1520,-12.2185,put,entry (~45 DTE),28.8384,0.7127,0.8000,VIX 15-25,12-14 %
12,entry,2011-01-04,2011-01-04,2011-01-27,2011-02-18,profit_target,short_call,C,1385.0000,1270.2000,45,17.3800,20.6100,0.0014,2.0515,1.7652,2011-02-17,1.0000,156,1380.0000,1390.0000,False,1385.0000,2.0515,0.1400,0.7400,0.5400,102 x 2,0.0000,0.1249,0.0226,1270.3700,,True,0.4400,0.3000,False,9.0380,15.4440,19.0635,12.4860,9.0380,call,entry (~45 DTE),16.3521,-0.3273,-0.3000,VIX 15-25,08-10 %
12,entry,2011-01-04,2011-01-04,2011-01-27,2011-02-18,profit_target,long_call,C,1400.0000,1270.2000,45,17.3800,20.6100,0.0014,1.1746,1.7652,2011-02-17,1.0000,156,1395.0000,1410.0000,False,1400.0000,1.1746,0.3000,0.4500,0.7000,9 x 1,174.0000,0.1338,0.0176,1270.3700,,True,0.3750,0.0750,False,10.2189,15.4440,19.0635,13.3770,10.2189,call,entry (~45 DTE),15.9979,-0.2023,-0.3000,VIX 15-25,10-12 %
12,exit,2011-01-27,2011-01-04,2011-01-27,2011-02-18,profit_target,long_put,P,1100.0000,1299.5400,22,16.1500,18.4800,0.0015,0.1578,0.2783,2011-02-17,1.0000,156,1095.0000,1105.0000,False,1100.0000,0.1578,0.6100,0.7600,0.7000,56 x 50,,0.3249,-0.0171,1299.3700,,True,0.6850,0.0750,False,-15.3547,12.7688,14.7245,32.4890,-15.3547,put,exit (~21 DTE),27.0082,1.2843,0.8000,VIX 15-25,14-16 %
12,exit,2011-01-27,2011-01-04,2011-01-27,2011-02-18,profit_target,short_put,P,1115.0000,1299.5400,22,16.1500,18.4800,0.0015,0.2233,0.2783,2011-02-17,1.0000,156,1110.0000,1120.0000,False,1115.0000,0.2233,0.2400,1.1900,0.7500,25 x 25,1.0000,0.3049,-0.0199,1299.3700,,True,0.7150,0.4750,False,-14.2004,12.7688,14.7245,30.4870,-14.2004,put,exit (~21 DTE),26.0848,1.2477,0.8000,VIX 15-25,14-16 %
12,exit,2011-01-27,2011-01-04,2011-01-27,2011-02-18,profit_target,short_call,C,1385.0000,1299.5400,22,16.1500,18.4800,0.0015,0.3027,0.2783,2011-02-17,1.0000,156,1380.0000,1390.0000,False,1385.0000,0.3027,0.1500,0.2600,0.2000,11 x 13,0.0000,0.1220,0.0152,1299.3700,,True,0.2050,0.0550,False,6.5762,12.7688,14.7245,12.1980,6.5762,call,exit (~21 DTE),12.7516,-0.0868,-0.3000,VIX 15-25,06-8 %
12,exit,2011-01-27,2011-01-04,2011-01-27,2011-02-18,profit_target,long_call,C,1400.0000,1299.5400,22,16.1500,18.4800,0.0015,0.0898,0.2783,2011-02-17,1.0000,156,1395.0000,1410.0000,False,1400.0000,0.0898,0.1000,0.2000,0.1500,102 x 11,269.0000,0.1343,0.0109,1299.3700,,True,0.1500,0.0500,False,7.7304,12.7688,14.7245,13.4260,7.7304,call,exit (~21 DTE),12.4054,0.0850,-0.3000,VIX 15-25,06-8 %
13,entry,2011-02-01,2011-02-01,2011-02-25,2011-03-18,dte_exit,long_put,P,1130.0000,1307.5900,45,17.6300,18.9700,0.0015,4.4721,1.4552,2011-03-17,1.0000,160,1125.0000,1135.0000,False,1130.0000,4.4721,2.3500,3.6000,2.6500,94 x 100,2.0000,0.2622,-0.0559,1307.2400,,True,2.9750,0.6250,False,-13.5815,14.4398,18.3123,26.2220,-13.5815,put,entry (~45 DTE),29.1774,0.8675,0.8000,VIX 15-25,12-14 %
13,entry,2011-02-01,2011-02-01,2011-02-25,2011-03-18,dte_exit,short_put,P,1145.0000,1307.5900,45,17.6300,18.9700,0.0015,5.2709,1.4552,2011-03-17,1.0000,160,1140.0000,1150.0000,False,1145.0000,5.2709,2.8000,3.9900,5.8100,88 x 100,7.0000,0.2503,-0.0651,1307.2400,,True,3.3950,0.5950,False,-12.4343,14.4398,18.3123,25.0260,-12.4343,put,entry (~45 DTE),28.2597,0.8514,0.8000,VIX 15-25,12-14 %
13,entry,2011-02-01,2011-02-01,2011-02-25,2011-03-18,dte_exit,short_call,C,1430.0000,1307.5900,45,17.6300,18.9700,0.0015,1.4467,1.4552,2011-03-17,1.0000,160,1425.0000,1440.0000,False,1430.0000,1.4467,0.2000,0.8500,0.2800,19 x 64,0.0000,0.1323,0.0233,1307.2400,,True,0.5250,0.3250,False,9.3615,14.4398,18.3123,13.2250,9.3615,call,entry (~45 DTE),15.5038,-0.1298,-0.3000,VIX 15-25,08-10 %
13,entry,2011-02-01,2011-02-01,2011-02-25,2011-03-18,dte_exit,long_call,C,1445.0000,1307.5900,45,17.6300,18.9700,0.0015,0.7902,1.4552,2011-03-17,1.0000,160,1440.0000,1450.0000,True,1440.0000,0.9738,0.1500,0.7500,0.1500,9 x 59,0.0000,0.1372,0.0198,1307.2400,,True,0.4500,0.3000,False,10.5086,14.4398,18.3123,13.7230,10.1263,call,entry (~45 DTE),15.2744,-0.0708,-0.3000,VIX 15-25,10-12 %
13,exit,2011-02-25,2011-02-01,2011-02-25,2011-03-18,dte_exit,long_put,P,1130.0000,1319.8800,21,19.2200,20.5700,0.0013,0.4756,0.3653,2011-03-17,1.0000,165,1125.0000,1135.0000,False,1130.0000,0.4756,0.8100,1.5500,1.2000,103 x 102,5.0000,0.3427,-0.0280,1319.8700,,True,1.1800,0.3700,False,-14.3862,15.6408,18.2996,34.2710,-14.3862,put,exit (~21 DTE),29.8086,1.2950,0.8000,VIX 15-25,14-16 %
13,exit,2011-02-25,2011-02-01,2011-02-25,2011-03-18,dte_exit,short_put,P,1145.0000,1319.8800,21,19.2200,20.5700,0.0013,0.6505,0.3653,2011-03-17,1.0000,165,1140.0000,1150.0000,False,1145.0000,0.6505,1.0000,1.7500,1.2500,103 x 102,11.0000,0.3267,-0.0329,1319.8700,,True,1.3750,0.3750,False,-13.2497,15.6408,18.2996,32.6720,-13.2497,put,exit (~21 DTE),28.8994,1.2854,0.8000,VIX 15-25,12-14 %
13,exit,2011-02-25,2011-02-01,2011-02-25,2011-03-18,dte_exit,short_call,C,1430.0000,1319.8800,21,19.2200,20.5700,0.0013,0.3048,0.3653,2011-03-17,1.0000,165,1425.0000,1435.0000,False,1430.0000,0.3048,0.0500,0.2000,0.1500,75 x 15,10.0000,0.1415,0.0088,1319.8700,,True,0.1250,0.0750,False,8.3432,15.6408,18.2996,14.1470,8.3432,call,exit (~21 DTE),15.7967,-0.1790,-0.3000,VIX 15-25,08-10 %
13,exit,2011-02-25,2011-02-01,2011-02-25,2011-03-18,dte_exit,long_call,C,1445.0000,1319.8800,21,19.2200,20.5700,0.0013,0.1145,0.3653,2011-03-17,1.0000,165,1440.0000,1450.0000,False,1445.0000,0.1145,0.0500,0.1100,0.1000,20 x 20,0.0000,0.1482,0.0051,1319.8700,,True,0.0800,0.0300,False,9.4796,15.6408,18.2996,14.8210,9.4796,call,exit (~21 DTE),15.4557,-0.0865,-0.3000,VIX 15-25,08-10 %
14,entry,2011-03-01,2011-03-01,2011-03-24,2011-04-15,profit_target,long_put,P,1100.0000,1306.3300,45,21.0100,21.9000,0.0014,5.0009,1.4907,2011-04-14,1.0000,151,1095.0000,1105.0000,False,1100.0000,5.0009,2.6600,3.5000,2.8500,103 x 103,,0.3007,-0.0511,1306.4000,,True,3.0800,0.4200,False,-15.7946,17.5917,21.4596,30.0680,-15.7946,put,entry (~45 DTE),34.0953,0.7899,0.8000,VIX 15-25,14-16 %
14,entry,2011-03-01,2011-03-01,2011-03-24,2011-04-15,profit_target,short_put,P,1115.0000,1306.3300,45,21.0100,21.9000,0.0014,5.7982,1.4907,2011-04-14,1.0000,151,1110.0000,1120.0000,False,1115.0000,5.7982,3.1000,4.1000,2.3500,103 x 103,50.0000,0.2906,-0.0597,1306.4000,,True,3.6000,0.5000,False,-14.6464,17.5917,21.4596,29.0580,-14.6464,put,entry (~45 DTE),33.1767,0.7829,0.8000,VIX 15-25,14-16 %
14,entry,2011-03-01,2011-03-01,2011-03-24,2011-04-15,profit_target,short_call,C,1450.0000,1306.3300,45,21.0100,21.9000,0.0014,1.7546,1.4907,2011-04-14,1.0000,151,1445.0000,1455.0000,False,1450.0000,1.7546,0.0500,0.7000,0.3400,100 x 103,3.0000,0.1443,0.0163,1306.4000,,True,0.3750,0.3250,False,10.9980,17.5917,21.4596,14.4340,10.9980,call,entry (~45 DTE),18.1602,-0.2871,-0.3000,VIX 15-25,10-12 %
14,entry,2011-03-01,2011-03-01,2011-03-24,2011-04-15,profit_target,long_call,C,1465.0000,1306.3300,45,21.0100,21.9000,0.0014,1.0612,1.4907,2011-04-14,1.0000,151,1460.0000,1475.0000,False,1465.0000,1.0612,0.0500,0.6500,0.2700,100 x 103,0.0000,0.1546,0.0142,1306.4000,,True,0.3500,0.3000,False,12.1462,17.5917,21.4596,15.4620,12.1462,call,entry (~45 DTE),17.8157,-0.1753,-0.3000,VIX 15-25,12-14 %
14,exit,2011-03-24,2011-03-01,2011-03-24,2011-04-15,profit_target,long_put,P,1100.0000,1309.6600,22,18.0000,20.0800,0.0009,0.2426,0.1011,2011-04-14,1.0000,151,1095.0000,1105.0000,False,1100.0000,0.2426,0.4000,0.4900,0.4500,9 x 55,,0.3201,-0.0123,1309.7100,,True,0.4450,0.0450,False,-16.0087,15.6160,16.7570,32.0110,-16.0087,put,exit (~21 DTE),29.5640,1.0241,0.8000,VIX 15-25,16-18 %
14,exit,2011-03-24,2011-03-01,2011-03-24,2011-04-15,profit_target,short_put,P,1115.0000,1309.6600,22,18.0000,20.0800,0.0009,0.3336,0.1011,2011-04-14,1.0000,151,1110.0000,1120.0000,False,1115.0000,0.3336,0.4100,0.8600,1.3500,5 x 25,262.0000,0.3124,-0.0169,1309.7100,,True,0.6350,0.2250,False,-14.8634,15.6160,16.7570,31.2390,-14.8634,put,exit (~21 DTE),28.6477,1.0511,0.8000,VIX 15-25,14-16 %
15,entry,2011-04-05,2011-04-05,2011-04-26,2011-05-20,profit_target,long_put,P,1155.0000,1332.6300,45,17.2500,19.4000,0.0007,4.7646,1.5501,2011-05-19,1.0000,142,1150.0000,1160.0000,False,1155.0000,4.7646,2.0500,3.5100,3.0000,25 x 25,760.0000,0.2542,-0.0533,1332.7100,,True,2.7800,0.7300,False,-13.3293,14.6550,18.3565,25.4220,-13.3293,put,entry (~45 DTE),29.0199,0.8078,0.8000,VIX 15-25,12-14 %
15,entry,2011-04-05,2011-04-05,2011-04-26,2011-05-20,profit_target,short_put,P,1170.0000,1332.6300,45,17.2500,19.4000,0.0007,5.5986,1.5501,2011-05-19,1.0000,142,1165.0000,1175.0000,False,1170.0000,5.5986,2.5000,4.0000,2.9000,25 x 25,909.0000,0.2431,-0.0637,1332.7100,,True,3.2500,0.7500,False,-12.2037,14.6550,18.3565,24.3060,-12.2037,put,entry (~45 DTE),28.1195,0.7908,0.8000,VIX 15-25,12-14 %
15,entry,2011-04-05,2011-04-05,2011-04-26,2011-05-20,profit_target,short_call,C,1455.0000,1332.6300,45,17.2500,19.4000,0.0007,1.6264,1.5501,2011-05-19,1.0000,142,1450.0000,1460.0000,True,1450.0000,1.9474,0.2400,0.4000,0.3500,5 x 25,4.0000,0.1171,0.0171,1332.7100,,True,0.3200,0.0800,False,9.1826,14.6550,18.3565,11.7120,8.8074,call,entry (~45 DTE),15.7143,-0.3342,-0.3000,VIX 15-25,08-10 %
15,exit,2011-04-26,2011-04-05,2011-04-26,2011-05-20,profit_target,long_put,P,1155.0000,1347.2400,24,15.6200,18.2700,0.0007,0.3011,0.1744,2011-05-19,1.0000,142,1150.0000,1160.0000,False,1155.0000,0.3011,0.3600,0.8400,0.7000,25 x 25,100.0000,0.2806,-0.0173,1347.1400,,True,0.6000,0.2400,False,-14.2692,12.3007,14.5019,28.0620,-14.2692,put,exit (~21 DTE),25.9173,1.1046,0.8000,VIX 15-25,14-16 %
15,exit,2011-04-26,2011-04-05,2011-04-26,2011-05-20,profit_target,short_put,P,1170.0000,1347.2400,24,15.6200,18.2700,0.0007,0.4124,0.1744,2011-05-19,1.0000,142,1165.0000,1175.0000,False,1170.0000,0.4124,0.4400,0.9600,0.8000,25 x 25,8.0000,0.2664,-0.0204,1347.1400,,True,0.7000,0.2600,False,-13.1558,12.3007,14.5019,26.6440,-13.1558,put,exit (~21 DTE),25.0266,1.0903,0.8000,VIX 15-25,12-14 %
15,exit,2011-04-26,2011-04-05,2011-04-26,2011-05-20,profit_target,short_call,C,1455.0000,1347.2400,24,15.6200,18.2700,0.0007,0.0844,0.1744,2011-05-19,1.0000,142,1450.0000,1460.0000,True,1450.0000,0.1275,0.0900,0.2000,0.1500,62 x 25,124.0000,0.1284,0.0102,1347.1400,,True,0.1450,0.0550,False,7.9986,12.3007,14.5019,12.8380,7.6274,call,exit (~21 DTE),12.2137,0.0704,-0.3000,VIX 15-25,06-8 %
15,exit,2011-04-26,2011-04-05,2011-04-26,2011-05-20,profit_target,long_call,C,1470.0000,1347.2400,24,15.6200,18.2700,0.0007,0.0214,0.1744,2011-05-19,1.0000,142,1460.0000,1475.0000,False,1470.0000,0.0214,0.0900,0.2000,0.1500,2 x 25,1.0000,0.1488,0.0086,1347.1400,,True,0.1450,0.0550,False,9.1120,12.3007,14.5019,14.8790,9.1120,call,exit (~21 DTE),11.7683,0.2830,-0.3000,VIX 15-25,08-10 %
16,entry,2011-05-03,2011-05-03,2011-05-26,2011-06-17,profit_target,long_put,P,1180.0000,1356.6200,45,16.7000,19.1100,0.0003,4.7923,2.1302,2011-06-16,1.0000,168,1175.0000,1185.0000,False,1180.0000,4.7923,2.4000,3.3000,2.9000,206 x 206,405.0000,0.2488,-0.0547,1356.4200,,True,2.8500,0.4500,False,-13.0191,14.3433,17.9455,24.8790,-13.0191,put,entry (~45 DTE),28.3608,0.8093,0.8000,VIX 15-25,12-14 %
16,entry,2011-05-03,2011-05-03,2011-05-26,2011-06-17,profit_target,short_put,P,1200.0000,1356.6200,45,16.7000,19.1100,0.0003,5.9422,2.1302,2011-06-16,1.0000,168,1195.0000,1205.0000,False,1200.0000,5.9422,3.1000,3.8900,3.7000,206 x 17,,0.2353,-0.0683,1356.4200,,True,3.4950,0.3950,False,-11.5449,14.3433,17.9455,23.5280,-11.5449,put,entry (~45 DTE),27.1814,0.7956,0.8000,VIX 15-25,10-12 %
16,entry,2011-05-03,2011-05-03,2011-05-26,2011-06-17,profit_target,short_call,C,1475.0000,1356.6200,45,16.7000,19.1100,0.0003,1.8172,2.1302,2011-06-16,1.0000,168,1470.0000,1480.0000,False,1475.0000,1.8172,0.2500,0.5500,0.5500,25 x 20,28.0000,0.1193,0.0194,1356.4200,,True,0.4000,0.1500,False,8.7261,14.3433,17.9455,11.9320,8.7261,call,entry (~45 DTE),15.3277,-0.2763,-0.3000,VIX 15-25,08-10 %
16,entry,2011-05-03,2011-05-03,2011-05-26,2011-06-17,profit_target,long_call,C,1495.0000,1356.6200,45,16.7000,19.1100,0.0003,0.8368,2.1302,2011-06-16,1.0000,168,1490.0000,1500.0000,False,1495.0000,0.8368,0.0500,0.5500,0.2500,50 x 25,4.0000,0.1299,0.0139,1356.4200,,True,0.3000,0.2500,False,10.2004,14.3433,17.9455,12.9920,10.2004,call,entry (~45 DTE),14.8854,-0.1325,-0.3000,VIX 15-25,10-12 %
16,exit,2011-05-26,2011-05-03,2011-05-26,2011-06-17,profit_target,long_put,P,1180.0000,1325.6899,22,16.0900,18.1900,0.0005,0.6263,0.3762,2011-06-16,1.0000,168,1175.0000,1185.0000,False,1180.0000,0.6263,0.5500,1.3500,1.0000,1 x 160,825.0000,0.2543,-0.0296,1325.5900,,True,0.9500,0.4000,False,-10.9897,13.2840,14.8196,25.4310,-10.9897,put,exit (~21 DTE),23.6114,1.1053,0.8000,VIX 15-25,10-12 %
16,exit,2011-05-26,2011-05-03,2011-05-26,2011-06-17,profit_target,short_put,P,1200.0000,1325.6899,22,16.0900,18.1900,0.0005,1.0020,0.3762,2011-06-16,1.0000,168,1195.0000,1205.0000,False,1200.0000,1.0020,1.2500,1.5000,1.3000,100 x 61,,0.2398,-0.0422,1325.5900,,True,1.3750,0.1250,False,-9.4811,13.2840,14.8196,23.9780,-9.4811,put,exit (~21 DTE),22.4045,1.1279,0.8000,VIX 15-25,08-10 %
16,exit,2011-05-26,2011-05-03,2011-05-26,2011-06-17,profit_target,short_call,C,1475.0000,1325.6899,22,16.0900,18.1900,0.0005,0.0006,0.3762,2011-06-16,1.0000,168,1470.0000,1480.0000,False,1475.0000,0.0006,0.0400,0.1000,0.0500,2 x 61,100.0000,0.1655,0.0044,1325.5900,,True,0.0700,0.0300,False,11.2628,13.2840,14.8196,16.5500,11.2628,call,exit (~21 DTE),11.4408,0.2900,-0.3000,VIX 15-25,10-12 %
17,entry,2011-05-31,2011-05-31,2011-06-24,2011-07-15,dte_exit,long_put,P,1185.0000,1345.2000,45,15.4500,17.5600,0.0006,4.5564,1.5811,2011-07-14,1.0000,154,1180.0000,1190.0000,False,1185.0000,4.5564,2.0900,2.8900,2.8500,67 x 160,10.0000,0.2255,-0.0534,1344.7900,,True,2.4900,0.4000,False,-11.9090,13.2973,16.5387,22.5540,-11.9090,put,entry (~45 DTE),26.0659,0.7773,0.8000,VIX 15-25,10-12 %
17,entry,2011-05-31,2011-05-31,2011-06-24,2011-07-15,dte_exit,short_put,P,1200.0000,1345.2000,45,15.4500,17.5600,0.0006,5.4144,1.5811,2011-07-14,1.0000,154,1195.0000,1205.0000,False,1200.0000,5.4144,2.5600,3.4100,3.0000,160 x 160,677.0000,0.2159,-0.0653,1344.7900,,True,2.9850,0.4250,False,-10.7939,13.2973,16.5387,21.5940,-10.7939,put,entry (~45 DTE),25.1738,0.7686,0.8000,VIX 15-25,10-12 %
17,entry,2011-05-31,2011-05-31,2011-06-24,2011-07-15,dte_exit,short_call,C,1455.0000,1345.2000,45,15.4500,17.5600,0.0006,1.5258,1.5811,2011-07-14,1.0000,154,1450.0000,1460.0000,False,1455.0000,1.5258,0.1600,0.8500,0.4000,60 x 160,62.0000,0.1164,0.0249,1344.7900,,True,0.5050,0.3450,False,8.1624,13.2973,16.5387,11.6360,8.1624,call,entry (~45 DTE),14.0900,-0.2035,-0.3000,VIX 15-25,08-10 %
17,entry,2011-05-31,2011-05-31,2011-06-24,2011-07-15,dte_exit,long_call,C,1470.0000,1345.2000,45,15.4500,17.5600,0.0006,0.8028,1.5811,2011-07-14,1.0000,154,1465.0000,1475.0000,False,1470.0000,0.8028,0.0600,0.7500,0.2600,150 x 160,9.0000,0.1245,0.0195,1344.7900,,True,0.4050,0.3450,False,9.2774,13.2973,16.5387,12.4490,9.2774,call,entry (~45 DTE),13.7555,-0.0914,-0.3000,VIX 15-25,08-10 %
17,exit,2011-06-24,2011-05-31,2011-06-24,2011-07-15,dte_exit,long_put,P,1185.0000,1268.4500,21,21.1000,21.9200,0.0002,5.3610,1.8195,2011-07-14,1.0000,159,1180.0000,1190.0000,False,1185.0000,5.3610,4.5000,6.1000,5.2000,102 x 102,107.0000,0.2577,-0.1306,1268.9800,,True,5.3000,0.8000,False,-6.5789,19.1828,20.5556,25.7740,-6.5789,put,exit (~21 DTE),25.8187,1.0019,0.8000,VIX 15-25,06-8 %
17,exit,2011-06-24,2011-05-31,2011-06-24,2011-07-15,dte_exit,short_put,P,1200.0000,1268.4500,21,21.1000,21.9200,0.0002,7.1787,1.8195,2011-07-14,1.0000,159,1195.0000,1205.0000,False,1200.0000,7.1787,6.4000,7.0100,7.2500,10 x 12,,0.2428,-0.1656,1268.9800,,True,6.7050,0.3050,False,-5.3963,19.1828,20.5556,24.2840,-5.3963,put,exit (~21 DTE),24.8727,0.9453,0.8000,VIX 15-25,04-6 %
18,entry,2011-07-05,2011-07-05,2011-07-29,2011-08-19,dte_exit,long_put,P,1170.0000,1337.8800,45,16.0600,18.1100,0.0002,4.4915,1.5790,2011-08-18,1.0000,147,1165.0000,1175.0000,False,1170.0000,4.4915,2.0100,3.1900,2.5000,1 x 102,0.0000,0.2407,-0.0530,1338.1500,,True,2.6000,0.5900,False,-12.5482,14.2175,17.1157,24.0740,-12.5482,put,entry (~45 DTE),27.1543,0.7855,0.8000,VIX 15-25,12-14 %
18,entry,2011-07-05,2011-07-05,2011-07-29,2011-08-19,dte_exit,short_put,P,1185.0000,1337.8800,45,16.0600,18.1100,0.0002,5.3172,1.5790,2011-08-18,1.0000,147,1180.0000,1190.0000,False,1185.0000,5.3172,2.2100,3.8000,3.6700,102 x 102,0.0000,0.2296,-0.0618,1338.1500,,True,3.0050,0.7950,False,-11.4270,14.2175,17.1157,22.9630,-11.4270,put,entry (~45 DTE),26.2573,0.7653,0.8000,VIX 15-25,10-12 %
18,entry,2011-07-05,2011-07-05,2011-07-29,2011-08-19,dte_exit,short_call,C,1450.0000,1337.8800,45,16.0600,18.1100,0.0002,1.6372,1.5790,2011-08-18,1.0000,147,1445.0000,1455.0000,False,1450.0000,1.6372,0.1000,1.0000,0.4500,40 x 102,218.0000,0.1182,0.0268,1338.1500,,True,0.5500,0.4500,False,8.3804,14.2175,17.1157,11.8220,8.3804,call,entry (~45 DTE),14.6016,-0.2858,-0.3000,VIX 15-25,08-10 %
18,entry,2011-07-05,2011-07-05,2011-07-29,2011-08-19,dte_exit,long_call,C,1465.0000,1337.8800,45,16.0600,18.1100,0.0002,0.8839,1.5790,2011-08-18,1.0000,147,1460.0000,1470.0000,False,1465.0000,0.8839,0.0400,1.0000,0.0000,50 x 159,,0.1295,0.0232,1338.1500,,True,0.5200,0.4800,False,9.5016,14.2175,17.1157,12.9470,9.5016,call,entry (~45 DTE),14.2652,-0.1337,-0.3000,VIX 15-25,08-10 %
18,exit,2011-07-29,2011-07-05,2011-07-29,2011-08-19,dte_exit,long_put,P,1170.0000,1292.2800,21,25.2500,22.9100,0.0010,5.6397,1.6997,2011-08-18,1.0000,147,1165.0000,1175.0000,False,1170.0000,5.6397,5.4900,6.4100,5.9500,103 x 103,,0.3456,-0.1103,1292.7800,,True,5.9500,0.4600,False,-9.4623,23.7172,26.6460,34.5640,-9.4623,put,exit (~21 DTE),34.2159,1.1463,0.8000,VIX > 25,08-10 %
18,exit,2011-07-29,2011-07-05,2011-07-29,2011-08-19,dte_exit,short_put,P,1185.0000,1292.2800,21,25.2500,22.9100,0.0010,7.1099,1.6997,2011-08-18,1.0000,147,1180.0000,1190.0000,False,1185.0000,7.1099,6.7000,7.2100,7.3000,103 x 4,70.0000,0.3289,-0.1307,1292.7800,,True,6.9550,0.2550,False,-8.3016,23.7172,26.6460,32.8930,-8.3016,put,exit (~21 DTE),33.2873,1.1053,0.8000,VIX > 25,08-10 %
18,exit,2011-07-29,2011-07-05,2011-07-29,2011-08-19,dte_exit,short_call,C,1450.0000,1292.2800,21,25.2500,22.9100,0.0010,0.4833,1.6997,2011-08-18,1.0000,147,1445.0000,1455.0000,False,1450.0000,0.4833,0.0500,0.1600,0.1000,219 x 168,,0.1890,0.0051,1292.7800,,True,0.1050,0.0550,False,12.2048,23.7172,26.6460,18.8980,12.2048,call,exit (~21 DTE),22.9846,-0.3949,-0.3000,VIX > 25,12-14 %
19,entry,2011-09-14,2011-09-14,2011-09-30,2011-10-21,dte_exit,long_put,P,910.0000,1188.6801,37,34.6000,34.9600,0.0001,4.4952,1.4590,2011-10-20,1.0000,177,905.0000,915.0000,False,910.0000,4.4952,2.3600,3.8000,3.5500,22 x 106,18.0000,0.4931,-0.0382,1189.2400,,True,3.0800,0.7200,False,-23.4445,31.1013,34.7025,49.3060,-23.4445,put,entry (~45 DTE),53.4581,0.7765,0.8000,VIX > 25,20 %+
19,entry,2011-09-14,2011-09-14,2011-09-30,2011-10-21,dte_exit,short_put,P,925.0000,1188.6801,37,34.6000,34.9600,0.0001,5.1985,1.4590,2011-10-20,1.0000,177,920.0000,930.0000,False,925.0000,5.1985,2.8500,4.4000,3.3000,22 x 75,,0.4844,-0.0449,1189.2400,,True,3.6250,0.7750,False,-22.1826,31.1013,34.7025,48.4440,-22.1826,put,entry (~45 DTE),52.4486,0.7818,0.8000,VIX > 25,20 %+
19,entry,2011-09-14,2011-09-14,2011-09-30,2011-10-21,dte_exit,short_call,C,1385.0000,1188.6801,37,34.6000,34.9600,0.0001,2.6275,1.4590,2011-10-20,1.0000,177,1380.0000,1390.0000,False,1385.0000,2.6275,0.2000,0.7400,0.4000,22 x 100,0.0000,0.2238,0.0156,1189.2400,,True,0.4700,0.2700,False,16.5158,31.1013,34.7025,22.3850,16.5158,call,entry (~45 DTE),29.7478,-0.5278,-0.3000,VIX > 25,16-18 %
19,entry,2011-09-14,2011-09-14,2011-09-30,2011-10-21,dte_exit,long_call,C,1400.0000,1188.6801,37,34.6000,34.9600,0.0001,1.8718,1.4590,2011-10-20,1.0000,177,1395.0000,1405.0000,False,1400.0000,1.8718,0.2000,0.4400,0.3500,29 x 14,,0.2257,0.0117,1189.2400,,True,0.3200,0.1200,False,17.7777,31.1013,34.7025,22.5740,17.7777,call,entry (~45 DTE),29.3692,-0.4797,-0.3000,VIX > 25,16-18 %
19,exit,2011-09-30,2011-09-14,2011-09-30,2011-10-21,dte_exit,long_put,P,910.0000,1131.4200,21,42.9600,41.2400,0.0002,4.1020,1.0217,2011-10-20,1.0000,177,905.0000,915.0000,False,910.0000,4.1020,2.9500,4.0100,3.1500,103 x 104,110.0000,0.5762,-0.0500,1131.8100,,True,3.4800,0.5300,False,-19.5701,38.6138,44.0302,57.6220,-19.5701,put,exit (~21 DTE),59.6863,0.9713,0.8000,VIX > 25,18-20 %
19,exit,2011-09-30,2011-09-14,2011-09-30,2011-10-21,dte_exit,short_put,P,925.0000,1131.4200,21,42.9600,41.2400,0.0002,4.9647,1.0217,2011-10-20,1.0000,177,920.0000,930.0000,False,925.0000,4.9647,4.2000,4.7000,4.2000,500 x 104,,0.5722,-0.0624,1131.8100,,True,4.4500,0.2500,False,-18.2443,38.6138,44.0302,57.2200,-18.2443,put,exit (~21 DTE),58.6257,1.0198,0.8000,VIX > 25,18-20 %
20,entry,2011-10-05,2011-10-05,2011-10-28,2011-11-18,dte_exit,long_put,P,830.0000,1144.0300,44,37.8100,38.3100,-0.0000,5.5096,1.5272,2011-11-17,1.0000,164,825.0000,835.0000,False,830.0000,5.5096,2.6000,4.0900,5.0000,103 x 205,40.0000,0.5348,-0.0369,1143.7600,,True,3.3450,0.7450,False,-27.4495,33.9525,38.0495,53.4810,-27.4495,put,entry (~45 DTE),60.0090,0.7114,0.8000,VIX > 25,20 %+
20,entry,2011-10-05,2011-10-05,2011-10-28,2011-11-18,dte_exit,short_put,P,845.0000,1144.0300,44,37.8100,38.3100,-0.0000,6.2676,1.5272,2011-11-17,1.0000,164,840.0000,850.0000,False,845.0000,6.2676,3.1100,4.7000,5.8500,205 x 205,10.0000,0.5248,-0.0431,1143.7600,,True,3.9050,0.7950,False,-26.1383,33.9525,38.0495,52.4780,-26.1383,put,entry (~45 DTE),58.9601,0.7087,0.8000,VIX > 25,20 %+
20,exit,2011-10-28,2011-10-05,2011-10-28,2011-11-18,dte_exit,short_call,C,1370.0000,1285.0900,21,24.5300,26.5200,0.0001,3.2240,1.3437,2011-11-17,1.0000,173,1365.0000,1375.0000,False,1370.0000,3.2240,0.7100,1.5400,1.0800,50 x 102,559.0000,0.1658,0.0530,1284.8900,,True,1.1250,0.4150,False,6.6073,20.6138,23.1606,16.5810,6.6073,call,exit (~21 DTE),21.1784,-0.6103,-0.3000,VIX 15-25,06-8 %
20,exit,2011-10-28,2011-10-05,2011-10-28,2011-11-18,dte_exit,long_call,C,1385.0000,1285.0900,21,24.5300,26.5200,0.0001,1.8828,1.3437,2011-11-17,1.0000,173,1380.0000,1390.0000,True,1380.0000,2.2668,0.5100,1.1000,0.8500,1 x 204,744.0000,0.1695,0.0384,1284.8900,,True,0.8050,0.2950,False,7.7746,20.6138,23.1606,16.9490,7.3855,call,exit (~21 DTE),20.9450,-0.4962,-0.3000,VIX 15-25,06-8 %
21,entry,2011-11-02,2011-11-02,2011-11-25,2011-12-16,dte_exit,long_put,P,915.0000,1237.9000,44,32.7400,32.8800,0.0001,4.4600,1.1058,2011-12-15,1.0000,187,910.0000,920.0000,False,915.0000,4.4600,2.9000,4.4900,4.0000,102 x 102,210.0000,0.5141,-0.0390,1237.7600,,True,3.6950,0.7950,False,-26.0845,27.6420,32.8069,51.4140,-26.0845,put,entry (~45 DTE),53.6745,0.9113,0.8000,VIX > 25,20 %+
21,entry,2011-11-02,2011-11-02,2011-11-25,2011-12-16,dte_exit,short_put,P,930.0000,1237.9000,44,32.7400,32.8800,0.0001,5.0733,1.1058,2011-12-15,1.0000,187,925.0000,935.0000,False,930.0000,5.0733,3.4000,4.9900,4.4000,102 x 102,200.0000,0.5041,-0.0446,1237.7600,,True,4.1950,0.7950,False,-24.8728,27.6420,32.8069,50.4090,-24.8728,put,entry (~45 DTE),52.7051,0.9153,0.8000,VIX > 25,20 %+
21,entry,2011-11-02,2011-11-02,2011-11-25,2011-12-16,dte_exit,short_call,C,1470.0000,1237.9000,44,32.7400,32.8800,0.0001,1.6399,1.1058,2011-12-15,1.0000,187,1460.0000,1475.0000,True,1475.0000,1.4592,0.1500,1.0000,0.1500,9 x 102,3.0000,0.2374,0.0160,1237.7600,,True,0.5750,0.4250,False,18.7495,27.6420,32.8069,23.7380,19.1534,call,entry (~45 DTE),27.0609,-0.2038,-0.3000,VIX > 25,18-20 %
21,entry,2011-11-02,2011-11-02,2011-11-25,2011-12-16,dte_exit,long_call,C,1485.0000,1237.9000,44,32.7400,32.8800,0.0001,1.1473,1.1058,2011-12-15,1.0000,187,1475.0000,1500.0000,True,1475.0000,1.4592,0.1500,1.0000,0.1500,9 x 102,3.0000,0.2374,0.0160,1237.7600,,True,0.5750,0.4250,False,19.9612,27.6420,32.8069,23.7380,19.1534,call,entry (~45 DTE),27.0609,-0.2038,-0.3000,VIX > 25,18-20 %
21,exit,2011-11-25,2011-11-02,2011-11-25,2011-12-16,dte_exit,long_put,P,915.0000,1158.6700,21,34.4700,36.4500,0.0002,1.1535,0.3139,2011-12-15,1.0000,190,910.0000,920.0000,False,915.0000,1.1535,0.6900,1.9000,1.1500,103 x 103,27.0000,0.5020,-0.0234,1158.6700,,True,1.2950,0.6050,False,-21.0301,31.5445,33.1347,50.2040,-21.0301,put,exit (~21 DTE),49.9588,0.8873,0.8000,VIX > 25,20 %+
21,exit,2011-11-25,2011-11-02,2011-11-25,2011-12-16,dte_exit,short_put,P,930.0000,1158.6700,21,34.4700,36.4500,0.0002,1.4670,0.3139,2011-12-15,1.0000,190,925.0000,935.0000,False,930.0000,1.4670,1.0000,2.2000,0.0000,103 x 103,,0.4894,-0.0289,1158.6700,,True,1.6000,0.6000,False,-19.7356,31.5445,33.1347,48.9360,-19.7356,put,exit (~21 DTE),48.9232,0.8812,0.8000,VIX > 25,18-20 %
22,entry,2011-12-06,2011-12-06,2011-12-23,2012-01-20,profit_target,long_put,P,990.0000,1258.4700,45,28.1300,30.1600,0.0001,5.7046,1.5038,2012-01-19,1.0000,161,985.0000,995.0000,False,990.0000,5.7046,2.2500,3.3000,2.9000,123 x 114,100.0000,0.3938,-0.0381,1258.7800,,True,2.7750,0.5250,False,-21.3330,24.8370,29.1627,39.3780,-21.3330,put,entry (~45 DTE),46.2291,0.6816,0.8000,VIX > 25,20 %+
22,entry,2011-12-06,2011-12-06,2011-12-23,2012-01-20,profit_target,short_put,P,1005.0000,1258.4700,45,28.1300,30.1600,0.0001,6.4889,1.5038,2012-01-19,1.0000,161,1000.0000,1010.0000,False,1005.0000,6.4889,2.7000,3.7900,0.0000,123 x 123,,0.3849,-0.0441,1258.7800,,True,3.2450,0.5450,False,-20.1411,24.8370,29.1627,38.4920,-20.1411,put,entry (~45 DTE),45.2756,0.6780,0.8000,VIX > 25,20 %+
22,entry,2011-12-06,2011-12-06,2011-12-23,2012-01-20,profit_target,short_call,C,1450.0000,1258.4700,45,28.1300,30.1600,0.0001,2.3378,1.5038,2012-01-19,1.0000,161,1440.0000,1475.0000,False,1450.0000,2.3378,0.2000,1.1500,0.5000,135 x 114,511.0000,0.2012,0.0206,1258.7800,,True,0.6750,0.4750,False,15.2193,24.8370,29.1627,20.1240,15.2193,call,entry (~45 DTE),24.5969,-0.3097,-0.3000,VIX > 25,14-16 %
22,entry,2011-12-06,2011-12-06,2011-12-23,2012-01-20,profit_target,long_call,C,1465.0000,1258.4700,45,28.1300,30.1600,0.0001,1.6182,1.5038,2012-01-19,1.0000,161,1450.0000,1475.0000,True,1475.0000,1.2486,0.2900,0.4000,0.3500,1 x 2,2.0000,0.2020,0.0115,1258.7800,,True,0.3450,0.0550,False,16.4112,24.8370,29.1627,20.2010,17.2058,call,entry (~45 DTE),24.0009,-0.2694,-0.3000,VIX > 25,16-18 %
22,exit,2011-12-23,2011-12-06,2011-12-23,2012-01-20,profit_target,long_put,P,990.0000,1265.3300,28,20.7300,25.2200,0.0001,0.3726,0.1100,2012-01-19,1.0000,161,985.0000,995.0000,False,990.0000,0.3726,0.1400,0.3600,0.3500,25 x 50,69.0000,0.3581,-0.0065,1265.2100,,True,0.2500,0.1100,False,-21.7595,18.0625,20.1898,35.8070,-21.7595,put,exit (~21 DTE),37.5974,0.8155,0.8000,VIX 15-25,20 %+
22,exit,2011-12-23,2011-12-06,2011-12-23,2012-01-20,profit_target,short_put,P,1005.0000,1265.3300,28,20.7300,25.2200,0.0001,0.4729,0.1100,2012-01-19,1.0000,161,1000.0000,1010.0000,False,1005.0000,0.4729,0.1500,0.4500,0.7000,25 x 1,0.0000,0.3456,-0.0075,1265.2100,,True,0.3000,0.1500,False,-20.5741,18.0625,20.1898,34.5640,-20.5741,put,exit (~21 DTE),36.6491,0.8021,0.8000,VIX 15-25,20 %+
22,exit,2011-12-23,2011-12-06,2011-12-23,2012-01-20,profit_target,short_call,C,1450.0000,1265.3300,28,20.7300,25.2200,0.0001,0.0139,0.1100,2012-01-19,1.0000,161,1440.0000,1475.0000,False,1450.0000,0.0139,0.0500,0.1100,0.0500,183 x 222,166.0000,0.1849,0.0043,1265.2100,,True,0.0800,0.0300,False,14.5946,18.0625,20.1898,18.4890,14.5946,call,exit (~21 DTE),15.8114,0.0292,-0.3000,VIX 15-25,14-16 %
23,entry,2012-01-03,2012-01-03,2012-01-27,2012-02-17,dte_exit,long_put,P,1030.0000,1277.0601,45,22.9700,26.0500,0.0002,4.5377,1.1495,2012-02-16,1.0000,159,1025.0000,1035.0000,False,1030.0000,4.5377,2.2100,3.0900,2.6000,102 x 102,2.0000,0.3552,-0.0397,1276.2500,,True,2.6500,0.4400,False,-19.3460,20.7380,24.5583,35.5150,-19.3460,put,entry (~45 DTE),40.0351,0.7638,0.8000,VIX 15-25,18-20 %
23,entry,2012-01-03,2012-01-03,2012-01-27,2012-02-17,dte_exit,short_put,P,1045.0000,1277.0601,45,22.9700,26.0500,0.0002,5.2177,1.1495,2012-02-16,1.0000,159,1040.0000,1050.0000,False,1045.0000,5.2177,2.4100,4.0100,5.0000,204 x 204,0.0000,0.3486,-0.0475,1276.2500,,True,3.2100,0.8000,False,-18.1714,20.7380,24.5583,34.8560,-18.1714,put,entry (~45 DTE),39.0955,0.7769,0.8000,VIX 15-25,18-20 %
23,entry,2012-01-03,2012-01-03,2012-01-27,2012-02-17,dte_exit,short_call,C,1455.0000,1277.0601,45,22.9700,26.0500,0.0002,1.2293,1.1495,2012-02-16,1.0000,159,1450.0000,1475.0000,True,1450.0000,1.4311,0.2000,0.3400,0.3000,8 x 25,467.0000,0.1618,0.0111,1276.2500,,True,0.2700,0.0700,False,13.9336,20.7380,24.5583,16.1780,13.5420,call,entry (~45 DTE),20.4957,-0.3367,-0.3000,VIX 15-25,12-14 %
23,entry,2012-01-03,2012-01-03,2012-01-27,2012-02-17,dte_exit,long_call,C,1470.0000,1277.0601,45,22.9700,26.0500,0.0002,0.7597,1.1495,2012-02-16,1.0000,159,1450.0000,1475.0000,True,1475.0000,0.6414,0.0500,0.2500,0.2000,51 x 25,80.0000,0.1673,0.0068,1276.2500,,True,0.1500,0.1000,False,15.1081,20.7380,24.5583,16.7300,15.4997,call,entry (~45 DTE),19.9084,-0.2586,-0.3000,VIX 15-25,14-16 %
23,exit,2012-01-27,2012-01-03,2012-01-27,2012-02-17,dte_exit,long_put,P,1030.0000,1316.3300,21,18.5300,21.4000,0.0006,0.0344,0.0206,2012-02-16,1.0000,164,1025.0000,1035.0000,False,1030.0000,0.0344,0.1000,0.2600,0.2000,2 x 20,75.0000,0.3957,-0.0046,1316.6300,,True,0.1800,0.0800,False,-21.7521,15.1713,16.4222,39.5650,-21.7521,put,exit (~21 DTE),33.8240,1.1214,0.8000,VIX 15-25,20 %+
23,exit,2012-01-27,2012-01-03,2012-01-27,2012-02-17,dte_exit,short_put,P,1045.0000,1316.3300,21,18.5300,21.4000,0.0006,0.0478,0.0206,2012-02-16,1.0000,164,1040.0000,1050.0000,False,1045.0000,0.0478,0.1400,0.2500,0.2000,10 x 25,102.0000,0.3801,-0.0048,1316.6300,,True,0.1950,0.0550,False,-20.6126,15.1713,16.4222,38.0110,-20.6126,put,exit (~21 DTE),32.9123,1.1080,0.8000,VIX 15-25,20 %+
23,exit,2012-01-27,2012-01-03,2012-01-27,2012-02-17,dte_exit,short_call,C,1455.0000,1316.3300,21,18.5300,21.4000,0.0006,0.0090,0.0206,2012-02-16,1.0000,164,1450.0000,1475.0000,True,1450.0000,0.0147,0.1600,0.2000,0.1500,12 x 5,893.0000,0.1734,0.0097,1316.6300,,True,0.1800,0.0200,False,10.5346,15.1713,16.4222,17.3420,10.1548,call,exit (~21 DTE),13.3758,0.2138,-0.3000,VIX 15-25,10-12 %
23,exit,2012-01-27,2012-01-03,2012-01-27,2012-02-17,dte_exit,long_call,C,1470.0000,1316.3300,21,18.5300,21.4000,0.0006,0.0018,0.0206,2012-02-16,1.0000,164,1450.0000,1475.0000,True,1475.0000,0.0010,0.0500,0.1600,0.0500,181 x 10,12.0000,0.1872,0.0052,1316.6300,,True,0.1050,0.0550,False,11.6741,15.1713,16.4222,18.7180,12.0540,call,exit (~21 DTE),12.8061,0.2942,-0.3000,VIX 15-25,12-14 %
24,entry,2012-01-31,2012-01-31,2012-02-24,2012-03-16,dte_exit,long_put,P,1095.0000,1312.4100,45,19.4400,22.0900,0.0006,4.1962,1.1472,2012-03-15,1.0000,173,1090.0000,1100.0000,False,1095.0000,4.1962,1.5500,3.8000,2.4100,20 x 20,0.0000,0.3076,-0.0444,1312.7900,,True,2.6750,1.1250,False,-16.5657,17.0790,20.8072,30.7600,-16.5657,put,entry (~45 DTE),34.0598,0.8259,0.8000,VIX 15-25,16-18 %
24,entry,2012-01-31,2012-01-31,2012-02-24,2012-03-16,dte_exit,short_put,P,1110.0000,1312.4100,45,19.4400,22.0900,0.0006,4.8736,1.1472,2012-03-15,1.0000,173,1105.0000,1115.0000,False,1110.0000,4.8736,1.6400,4.2000,3.1000,20 x 20,10.0000,0.2932,-0.0495,1312.7900,,True,2.9200,1.2800,False,-15.4228,17.0790,20.8072,29.3160,-15.4228,put,entry (~45 DTE),33.1455,0.7934,0.8000,VIX 15-25,14-16 %
24,exit,2012-02-24,2012-01-31,2012-02-24,2012-03-16,dte_exit,long_put,P,1095.0000,1365.7400,21,17.3100,21.1800,0.0010,0.0287,0.0851,2012-03-15,1.0000,184,1090.0000,1100.0000,False,1095.0000,0.0287,0.2000,0.9000,1.5500,4 x 103,0.0000,0.4105,-0.0112,1365.7800,,True,0.5500,0.3500,False,-19.8237,12.6988,14.2786,41.0470,-19.8237,put,exit (~21 DTE),30.1375,1.4300,0.8000,VIX 15-25,18-20 %
24,exit,2012-02-24,2012-01-31,2012-02-24,2012-03-16,dte_exit,short_put,P,1110.0000,1365.7400,21,17.3100,21.1800,0.0010,0.0403,0.0851,2012-03-15,1.0000,184,1105.0000,1115.0000,False,1110.0000,0.0403,0.2600,0.4000,0.3500,9 x 10,344.0000,0.3620,-0.0080,1365.7800,,True,0.3300,0.0700,False,-18.7254,12.6988,14.2786,36.2050,-18.7254,put,exit (~21 DTE),29.2589,1.2553,0.8000,VIX 15-25,18-20 %
24,exit,2012-02-24,2012-01-31,2012-02-24,2012-03-16,dte_exit,short_call,C,1465.0000,1365.7400,21,17.3100,21.1800,0.0010,0.0973,0.0851,2012-03-15,1.0000,184,1460.0000,1470.0000,False,1465.0000,0.0973,0.1500,0.8500,0.4600,4 x 103,10.0000,0.1549,0.0265,1365.7800,,True,0.5000,0.3500,False,7.2679,12.6988,14.2786,15.4930,7.2679,call,exit (~21 DTE),12.0982,0.3845,-0.3000,VIX 15-25,06-8 %
24,exit,2012-02-24,2012-01-31,2012-02-24,2012-03-16,dte_exit,long_call,C,1480.0000,1365.7400,21,17.3100,21.1800,0.0010,0.0237,0.0851,2012-03-15,1.0000,184,1475.0000,1485.0000,False,1480.0000,0.0237,0.1500,0.3500,0.4600,2 x 15,9.0000,0.1555,0.0144,1365.7800,,True,0.2500,0.1000,False,8.3662,12.6988,14.2786,15.5530,8.3662,call,exit (~21 DTE),11.7688,0.3412,-0.3000,VIX 15-25,08-10 %
25,entry,2012-03-06,2012-03-06,2012-03-29,2012-04-20,profit_target,long_put,P,1130.0000,1343.3600,45,20.8700,23.9000,0.0008,5.7166,1.7162,2012-04-19,1.0000,193,1125.0000,1135.0000,False,1130.0000,5.7166,3.2000,4.4000,3.5000,103 x 102,3.0000,0.3177,-0.0569,1343.5100,,True,3.8000,0.6000,False,-15.8826,17.1937,22.4362,31.7680,-15.8826,put,entry (~45 DTE),35.1423,0.9176,0.8000,VIX 15-25,14-16 %
25,entry,2012-03-06,2012-03-06,2012-03-29,2012-04-20,profit_target,short_put,P,1145.0000,1343.3600,45,20.8700,23.9000,0.0008,6.5755,1.7162,2012-04-19,1.0000,193,1140.0000,1150.0000,False,1145.0000,6.5755,3.7000,4.9000,4.5000,103 x 184,46.0000,0.3070,-0.0656,1343.5100,,True,4.3000,0.6000,False,-14.7660,17.1937,22.4362,30.7030,-14.7660,put,entry (~45 DTE),34.2490,0.9149,0.8000,VIX 15-25,14-16 %
25,entry,2012-03-06,2012-03-06,2012-03-29,2012-04-20,profit_target,short_call,C,1490.0000,1343.3600,45,20.8700,23.9000,0.0008,2.3934,1.7162,2012-04-19,1.0000,193,1485.0000,1495.0000,False,1490.0000,2.3934,0.1000,1.0000,0.5500,200 x 184,0.0000,0.1479,0.0218,1343.5100,,True,0.5500,0.4500,False,10.9159,17.1937,22.4362,14.7940,10.9159,call,entry (~45 DTE),19.1614,-0.2198,-0.3000,VIX 15-25,10-12 %
25,entry,2012-03-06,2012-03-06,2012-03-29,2012-04-20,profit_target,long_call,C,1505.0000,1343.3600,45,20.8700,23.9000,0.0008,1.5361,1.7162,2012-04-19,1.0000,193,1500.0000,1510.0000,False,1505.0000,1.5361,0.0500,1.0000,0.5500,7 x 205,0.0000,0.1584,0.0192,1343.5100,,True,0.5250,0.4750,False,12.0325,17.1937,22.4362,15.8400,12.0325,call,entry (~45 DTE),18.8265,-0.1125,-0.3000,VIX 15-25,12-14 %
25,exit,2012-03-29,2012-03-06,2012-03-29,2012-04-20,profit_target,long_put,P,1130.0000,1403.2800,22,15.4800,18.8400,0.0007,0.0292,0.1709,2012-04-19,1.0000,193,1125.0000,1135.0000,False,1130.0000,0.0292,0.0600,0.3100,0.2500,100 x 100,178.0000,0.3418,-0.0051,1402.8800,,True,0.1850,0.1250,False,-19.4744,12.6615,13.2940,34.1810,-19.4744,put,exit (~21 DTE),28.8735,1.1050,0.8000,VIX 15-25,18-20 %
25,exit,2012-03-29,2012-03-06,2012-03-29,2012-04-20,profit_target,short_put,P,1145.0000,1403.2800,22,15.4800,18.8400,0.0007,0.0404,0.1709,2012-04-19,1.0000,193,1140.0000,1150.0000,False,1145.0000,0.0404,0.0500,0.6500,0.2500,100 x 103,5.0000,0.3509,-0.0085,1402.8800,,True,0.3500,0.3000,False,-18.4055,12.6615,13.2940,35.0930,-18.4055,put,exit (~21 DTE),28.0184,1.2187,0.8000,VIX 15-25,18-20 %
25,exit,2012-03-29,2012-03-06,2012-03-29,2012-04-20,profit_target,short_call,C,1490.0000,1403.2800,22,15.4800,18.8400,0.0007,0.2186,0.1709,2012-04-19,1.0000,193,1485.0000,1495.0000,False,1490.0000,0.2186,0.1000,0.3500,0.1500,6 x 25,14.0000,0.1162,0.0156,1402.8800,,True,0.2250,0.1250,False,6.1798,12.6615,13.2940,11.6180,6.1798,call,exit (~21 DTE),11.4401,-0.1689,-0.3000,VIX 15-25,06-8 %
25,exit,2012-03-29,2012-03-06,2012-03-29,2012-04-20,profit_target,long_call,C,1505.0000,1403.2800,22,15.4800,18.8400,0.0007,0.0590,0.1709,2012-04-19,1.0000,193,1500.0000,1510.0000,False,1505.0000,0.0590,0.0400,0.1500,0.3000,50 x 2,0.0000,0.1191,0.0078,1402.8800,,True,0.0950,0.0550,False,7.2487,12.6615,13.2940,11.9130,7.2487,call,exit (~21 DTE),11.1194,-0.1033,-0.3000,VIX 15-25,06-8 %
26,entry,2012-04-03,2012-04-03,2012-04-25,2012-05-18,profit_target,long_put,P,1240.0000,1413.3800,45,15.6600,18.8100,0.0008,5.0806,2.2534,2012-05-17,1.0000,196,1235.0000,1245.0000,False,1240.0000,5.0806,2.3900,3.3000,3.1000,185 x 206,13.0000,0.2354,-0.0555,1412.9600,,True,2.8450,0.4550,False,-12.2670,13.8960,17.3068,23.5400,-12.2670,put,entry (~45 DTE),27.1205,0.7862,0.8000,VIX 15-25,12-14 %
26,entry,2012-04-03,2012-04-03,2012-04-25,2012-05-18,profit_target,short_put,P,1260.0000,1413.3800,45,15.6600,18.8100,0.0008,6.2835,2.2534,2012-05-17,1.0000,196,1255.0000,1265.0000,False,1260.0000,6.2835,3.3000,4.1100,4.1000,107 x 103,10.0000,0.2249,-0.0721,1412.9600,,True,3.7050,0.4050,False,-10.8520,13.8960,17.3068,22.4900,-10.8520,put,entry (~45 DTE),25.9884,0.7919,0.8000,VIX 15-25,10-12 %
26,entry,2012-04-03,2012-04-03,2012-04-25,2012-05-18,profit_target,short_call,C,1530.0000,1413.3800,45,15.6600,18.8100,0.0008,1.9704,2.2534,2012-05-17,1.0000,196,1525.0000,1535.0000,False,1530.0000,1.9704,0.3000,0.6500,0.4900,4 x 25,4.0000,0.1153,0.0222,1412.9600,,True,0.4750,0.1750,False,8.2511,13.8960,17.3068,11.5330,8.2511,call,entry (~45 DTE),14.8315,-0.2864,-0.3000,VIX 15-25,08-10 %
26,entry,2012-04-03,2012-04-03,2012-04-25,2012-05-18,profit_target,long_call,C,1550.0000,1413.3800,45,15.6600,18.8100,0.0008,0.9199,2.2534,2012-05-17,1.0000,196,1545.0000,1555.0000,False,1550.0000,0.9199,0.1900,0.3600,0.2500,7 x 1,188.0000,0.1207,0.0131,1412.9600,,True,0.2750,0.0850,False,9.6662,13.8960,17.3068,12.0660,9.6662,call,entry (~45 DTE),14.4070,-0.1893,-0.3000,VIX 15-25,08-10 %
26,exit,2012-04-25,2012-04-03,2012-04-25,2012-05-18,profit_target,long_put,P,1240.0000,1390.6899,23,16.8200,19.4600,0.0009,0.9292,0.4945,2012-05-17,1.0000,196,1235.0000,1245.0000,False,1240.0000,0.9292,0.7400,1.4500,1.0000,1 x 137,307.0000,0.2479,-0.0317,1390.7100,,True,1.0950,0.3550,False,-10.8356,14.1095,15.4657,24.7900,-10.8356,put,exit (~21 DTE),24.1342,0.9857,0.8000,VIX 15-25,10-12 %
26,exit,2012-04-25,2012-04-03,2012-04-25,2012-05-18,profit_target,short_put,P,1260.0000,1390.6899,23,16.8200,19.4600,0.0009,1.4122,0.4945,2012-05-17,1.0000,196,1255.0000,1265.0000,False,1260.0000,1.4122,1.0500,1.8900,1.5500,13 x 102,80.0000,0.2311,-0.0440,1390.7100,,True,1.4700,0.4200,False,-9.3975,14.1095,15.4657,23.1140,-9.3975,put,exit (~21 DTE),22.9837,0.9582,0.8000,VIX 15-25,08-10 %
26,exit,2012-04-25,2012-04-03,2012-04-25,2012-05-18,profit_target,short_call,C,1530.0000,1390.6899,23,16.8200,19.4600,0.0009,0.0131,0.4945,2012-05-17,1.0000,196,1525.0000,1535.0000,False,1530.0000,0.0131,0.0500,0.0900,0.1000,201 x 200,0.0000,0.1478,0.0048,1390.7100,,True,0.0700,0.0200,False,10.0173,14.1095,15.4657,14.7840,10.0173,call,exit (~21 DTE),12.4605,0.0673,-0.3000,VIX 15-25,10-12 %
27,entry,2012-05-01,2012-05-01,2012-05-25,2012-06-15,dte_exit,long_put,P,1220.0000,1405.8199,45,16.6000,19.1300,0.0009,4.7925,2.0452,2012-06-14,1.0000,198,1215.0000,1225.0000,False,1220.0000,4.7925,2.1000,3.0100,2.4500,60 x 115,6.0000,0.2445,-0.0494,1405.8100,,True,2.5550,0.4550,False,-13.2179,14.4250,17.9097,24.4540,-13.2179,put,entry (~45 DTE),28.4841,0.7587,0.8000,VIX 15-25,12-14 %
27,entry,2012-05-01,2012-05-01,2012-05-25,2012-06-15,dte_exit,short_put,P,1240.0000,1405.8199,45,16.6000,19.1300,0.0009,5.8969,2.0452,2012-06-14,1.0000,198,1235.0000,1245.0000,False,1240.0000,5.8969,2.5000,3.6900,2.9000,122 x 11,21.0000,0.2311,-0.0607,1405.8100,,True,3.0950,0.5950,False,-11.7952,14.4250,17.9097,23.1090,-11.7952,put,entry (~45 DTE),27.3459,0.7362,0.8000,VIX 15-25,10-12 %
27,entry,2012-05-01,2012-05-01,2012-05-25,2012-06-15,dte_exit,short_call,C,1530.0000,1405.8199,45,16.6000,19.1300,0.0009,1.7722,2.0452,2012-06-14,1.0000,198,1525.0000,1535.0000,False,1530.0000,1.7722,0.1000,1.1000,0.5700,118 x 102,96.0000,0.1278,0.0252,1405.8100,,True,0.6000,0.5000,False,8.8333,14.4250,17.9097,12.7850,8.8333,call,entry (~45 DTE),15.2597,-0.1857,-0.3000,VIX 15-25,08-10 %
27,entry,2012-05-01,2012-05-01,2012-05-25,2012-06-15,dte_exit,long_call,C,1550.0000,1405.8199,45,16.6000,19.1300,0.0009,0.8314,2.0452,2012-06-14,1.0000,198,1545.0000,1555.0000,False,1550.0000,0.8314,0.2600,0.6100,0.3000,3 x 20,,0.1355,0.0175,1405.8100,,True,0.4350,0.1750,False,10.2559,14.4250,17.9097,13.5540,10.2559,call,entry (~45 DTE),14.8329,-0.0849,-0.3000,VIX 15-25,10-12 %
27,exit,2012-05-25,2012-05-01,2012-05-25,2012-06-15,dte_exit,long_put,P,1220.0000,1317.8199,21,21.7600,24.9300,0.0009,3.8776,1.8859,2012-06-14,1.0000,198,1215.0000,1225.0000,False,1220.0000,3.8776,3.1100,4.4000,3.9000,114 x 114,48.0000,0.2471,-0.0991,1317.5500,,True,3.7550,0.6450,False,-7.4229,18.2558,19.4512,24.7100,-7.4229,put,exit (~21 DTE),25.3895,0.8695,0.8000,VIX 15-25,06-8 %
27,exit,2012-05-25,2012-05-01,2012-05-25,2012-06-15,dte_exit,short_put,P,1240.0000,1317.8199,21,21.7600,24.9300,0.0009,5.7634,1.8859,2012-06-14,1.0000,198,1235.0000,1245.0000,False,1240.0000,5.7634,4.8000,6.3100,5.6500,114 x 114,988.0000,0.2336,-0.1426,1317.5500,,True,5.5550,0.7550,False,-5.9052,18.2558,19.4512,23.3600,-5.9052,put,exit (~21 DTE),24.1754,0.8644,0.8000,VIX 15-25,04-6 %
28,entry,2012-06-05,2012-06-05,2012-06-25,2012-07-20,profit_target,long_put,P,1050.0000,1285.5000,45,24.6800,26.8700,0.0008,5.8729,1.5926,2012-07-19,1.0000,154,1045.0000,1055.0000,False,1050.0000,5.8729,3.0100,3.6000,3.2000,18 x 1,116.0000,0.3556,-0.0470,1285.5000,,True,3.3050,0.2950,False,-18.3197,22.1065,25.7982,35.5560,-18.3197,put,entry (~45 DTE),40.4540,0.7342,0.8000,VIX 15-25,18-20 %
28,entry,2012-06-05,2012-06-05,2012-06-25,2012-07-20,profit_target,short_put,P,1065.0000,1285.5000,45,24.6800,26.8700,0.0008,6.7173,1.5926,2012-07-19,1.0000,154,1060.0000,1070.0000,False,1065.0000,6.7173,3.2000,4.4000,6.1200,123 x 123,3.0000,0.3452,-0.0545,1285.5000,,True,3.8000,0.6000,False,-17.1529,22.1065,25.7982,34.5240,-17.1529,put,entry (~45 DTE),39.5205,0.7239,0.8000,VIX 15-25,16-18 %
28,entry,2012-06-05,2012-06-05,2012-06-25,2012-07-20,profit_target,short_call,C,1455.0000,1285.5000,45,24.6800,26.8700,0.0008,2.2255,1.5926,2012-07-19,1.0000,154,1450.0000,1460.0000,False,1455.0000,2.2255,0.2500,0.9400,0.2000,10 x 103,2.0000,0.1737,0.0210,1285.5000,,True,0.5950,0.3450,False,13.1855,22.1065,25.7982,17.3690,13.1855,call,entry (~45 DTE),21.8426,-0.3593,-0.3000,VIX 15-25,12-14 %
28,entry,2012-06-05,2012-06-05,2012-06-25,2012-07-20,profit_target,long_call,C,1470.0000,1285.5000,45,24.6800,26.8700,0.0008,1.4774,1.5926,2012-07-19,1.0000,154,1465.0000,1475.0000,False,1470.0000,1.4774,0.2000,0.8500,0.5000,10 x 103,35.0000,0.1816,0.0181,1285.5000,,True,0.5250,0.3250,False,14.3524,22.1065,25.7982,18.1630,14.3524,call,entry (~45 DTE),21.4925,-0.2748,-0.3000,VIX 15-25,14-16 %
28,exit,2012-06-25,2012-06-05,2012-06-25,2012-07-20,profit_target,long_put,P,1050.0000,1313.7200,25,20.3800,23.0300,0.0010,0.3002,0.1816,2012-07-19,1.0000,154,1045.0000,1055.0000,False,1050.0000,0.3002,0.2000,0.3000,0.3000,8 x 150,340.0000,0.3471,-0.0064,1313.7400,,True,0.2500,0.0500,False,-20.0743,18.2323,19.5150,34.7130,-20.0743,put,exit (~21 DTE),35.5744,0.8210,0.8000,VIX 15-25,20 %+
28,exit,2012-06-25,2012-06-05,2012-06-25,2012-07-20,profit_target,short_put,P,1065.0000,1313.7200,25,20.3800,23.0300,0.0010,0.3886,0.1816,2012-07-19,1.0000,154,1060.0000,1070.0000,False,1065.0000,0.3886,0.0900,0.4500,0.4500,25 x 10,0.0000,0.3311,-0.0075,1313.7400,,True,0.2700,0.1800,False,-18.9325,18.2323,19.5150,33.1100,-18.9325,put,exit (~21 DTE),34.6609,0.7858,0.8000,VIX 15-25,18-20 %
28,exit,2012-06-25,2012-06-05,2012-06-25,2012-07-20,profit_target,long_call,C,1470.0000,1313.7200,25,20.3800,23.0300,0.0010,0.0582,0.1816,2012-07-19,1.0000,154,1465.0000,1475.0000,False,1470.0000,0.0582,0.0400,0.0900,0.1000,9 x 350,204.0000,0.1654,0.0048,1313.7400,,True,0.0650,0.0250,False,11.8960,18.2323,19.5150,16.5440,11.8960,call,exit (~21 DTE),15.9462,-0.1419,-0.3000,VIX 15-25,10-12 %
29,entry,2012-07-03,2012-07-03,2012-07-26,2012-08-17,profit_target,long_put,P,1180.0000,1374.0200,45,16.6600,19.3200,0.0009,4.1905,1.6851,2012-08-16,1.0000,135,1175.0000,1185.0000,False,1180.0000,4.1905,1.5400,2.5000,2.4500,206 x 25,674.0000,0.2498,-0.0398,1374.0200,,True,2.0200,0.4800,False,-14.1206,15.0555,18.0391,24.9850,-14.1206,put,entry (~45 DTE),29.3356,0.7032,0.8000,VIX 15-25,14-16 %
29,entry,2012-07-03,2012-07-03,2012-07-26,2012-08-17,profit_target,short_put,P,1200.0000,1374.0200,45,16.6600,19.3200,0.0009,5.1684,1.6851,2012-08-16,1.0000,135,1195.0000,1205.0000,False,1200.0000,5.1684,2.1000,3.4000,2.7000,34 x 25,,0.2413,-0.0540,1374.0200,,True,2.7500,0.6500,False,-12.6650,15.0555,18.0391,24.1320,-12.6650,put,entry (~45 DTE),28.1711,0.7167,0.8000,VIX 15-25,12-14 %
29,entry,2012-07-03,2012-07-03,2012-07-26,2012-08-17,profit_target,short_call,C,1505.0000,1374.0200,45,16.6600,19.3200,0.0009,1.2661,1.6851,2012-08-16,1.0000,135,1500.0000,1510.0000,True,1500.0000,1.5266,0.3500,0.4900,0.4500,25 x 10,8.0000,0.1238,0.0194,1374.0200,,True,0.4200,0.0700,False,9.5326,15.0555,18.0391,12.3830,9.1687,call,entry (~45 DTE),15.2885,-0.2915,-0.3000,VIX 15-25,08-10 %
29,entry,2012-07-03,2012-07-03,2012-07-26,2012-08-17,profit_target,long_call,C,1525.0000,1374.0200,45,16.6600,19.3200,0.0009,0.5589,1.6851,2012-08-16,1.0000,135,1520.0000,1550.0000,False,1525.0000,0.5589,0.1500,0.3000,0.2500,25 x 10,0.0000,0.1312,0.0108,1374.0200,,True,0.2250,0.0750,False,10.9882,15.0555,18.0391,13.1200,10.9882,call,entry (~45 DTE),14.7426,-0.1761,-0.3000,VIX 15-25,10-12 %
29,exit,2012-07-26,2012-07-03,2012-07-26,2012-08-17,profit_target,long_put,P,1180.0000,1360.0200,22,17.5300,20.2400,0.0011,0.4325,0.2378,2012-08-16,1.0000,149,1175.0000,1185.0000,False,1180.0000,0.4325,0.2600,1.0000,0.8300,60 x 122,305.0000,0.2765,-0.0179,1359.8900,,True,0.6300,0.3700,False,-13.2366,14.7038,15.8578,27.6540,-13.2366,put,exit (~21 DTE),26.4471,0.9784,0.8000,VIX 15-25,12-14 %
29,exit,2012-07-26,2012-07-03,2012-07-26,2012-08-17,profit_target,short_put,P,1200.0000,1360.0200,22,17.5300,20.2400,0.0011,0.6649,0.2378,2012-08-16,1.0000,149,1195.0000,1205.0000,False,1200.0000,0.6649,0.5000,1.2000,0.9500,55 x 102,,0.2597,-0.0257,1359.8900,,True,0.8500,0.3500,False,-11.7660,14.7038,15.8578,25.9740,-11.7660,put,exit (~21 DTE),25.2706,0.9579,0.8000,VIX 15-25,10-12 %
30,entry,2012-08-07,2012-08-07,2012-08-27,2012-09-21,profit_target,long_put,P,1220.0000,1401.3500,45,15.9900,18.8100,0.0011,4.6555,2.0882,2012-09-20,1.0000,158,1215.0000,1225.0000,False,1220.0000,4.6555,1.7500,2.4900,2.0500,60 x 122,35.0000,0.2321,-0.0440,1401.0900,,True,2.1200,0.3700,False,-12.9411,14.5615,17.4570,23.2150,-12.9411,put,entry (~45 DTE),27.8099,0.6687,0.8000,VIX 15-25,12-14 %
30,entry,2012-08-07,2012-08-07,2012-08-27,2012-09-21,profit_target,short_put,P,1240.0000,1401.3500,45,15.9900,18.8100,0.0011,5.7537,2.0882,2012-09-20,1.0000,158,1235.0000,1245.0000,False,1240.0000,5.7537,2.2000,3.4000,2.6000,60 x 122,22.0000,0.2220,-0.0578,1401.0900,,True,2.8000,0.6000,False,-11.5139,14.5615,17.4570,22.2050,-11.5139,put,entry (~45 DTE),26.6682,0.6639,0.8000,VIX 15-25,10-12 %
30,entry,2012-08-07,2012-08-07,2012-08-27,2012-09-21,profit_target,short_call,C,1520.0000,1401.3500,45,15.9900,18.8100,0.0011,1.8408,2.0882,2012-09-20,1.0000,158,1515.0000,1525.0000,False,1520.0000,1.8408,0.1900,0.9600,0.5000,60 x 102,2.0000,0.1215,0.0256,1401.0900,,True,0.5750,0.3850,False,8.4668,14.5615,17.4570,12.1450,8.4668,call,entry (~45 DTE),14.9170,-0.2854,-0.3000,VIX 15-25,08-10 %
30,exit,2012-08-27,2012-08-07,2012-08-27,2012-09-21,profit_target,long_put,P,1220.0000,1410.4399,25,16.3500,19.9200,0.0011,0.5372,0.4045,2012-09-20,1.0000,159,1215.0000,1225.0000,False,1220.0000,0.5372,0.2100,1.3000,0.6500,123 x 123,,0.2713,-0.0200,1410.5800,,True,0.7550,0.5450,False,-13.5022,13.4752,15.1155,27.1340,-13.5022,put,exit (~21 DTE),25.9172,1.0116,0.8000,VIX 15-25,12-14 %
30,exit,2012-08-27,2012-08-07,2012-08-27,2012-09-21,profit_target,short_put,P,1240.0000,1410.4399,25,16.3500,19.9200,0.0011,0.7861,0.4045,2012-09-20,1.0000,159,1235.0000,1245.0000,False,1240.0000,0.7861,0.4000,1.5500,1.0000,123 x 123,158.0000,0.2556,-0.0261,1410.5800,,True,0.9750,0.5750,False,-12.0842,13.4752,15.1155,25.5640,-12.0842,put,exit (~21 DTE),24.7828,1.0004,0.8000,VIX 15-25,12-14 %
30,exit,2012-08-27,2012-08-07,2012-08-27,2012-09-21,profit_target,short_call,C,1520.0000,1410.4399,25,16.3500,19.9200,0.0011,0.1990,0.4045,2012-09-20,1.0000,159,1515.0000,1525.0000,False,1520.0000,0.1990,0.0600,0.2900,0.2000,30 x 22,0.0000,0.1271,0.0109,1410.5800,,True,0.1750,0.1150,False,7.7678,13.4752,15.1155,12.7120,7.7678,call,exit (~21 DTE),12.7851,-0.0983,-0.3000,VIX 15-25,06-8 %
30,exit,2012-08-27,2012-08-07,2012-08-27,2012-09-21,profit_target,long_call,C,1540.0000,1410.4399,25,16.3500,19.9200,0.0011,0.0434,0.4045,2012-09-20,1.0000,159,1535.0000,1550.0000,False,1540.0000,0.0434,0.1000,0.1500,0.1500,9 x 52,0.0000,0.1398,0.0075,1410.5800,,True,0.1250,0.0250,False,9.1858,13.4752,15.1155,13.9820,9.1858,call,exit (~21 DTE),12.3597,0.0552,-0.3000,VIX 15-25,08-10 %
31,entry,2012-09-04,2012-09-04,2012-09-25,2012-10-19,profit_target,long_put,P,1210.0000,1404.9399,45,17.9800,20.6800,0.0010,5.3382,2.1159,2012-10-18,1.0000,149,1205.0000,1215.0000,False,1210.0000,5.3382,2.3000,2.8500,3.3000,123 x 100,300.0000,0.2599,-0.0473,1404.8400,,True,2.5750,0.2750,False,-13.8753,16.1782,19.3771,25.9930,-13.8753,put,entry (~45 DTE),30.4773,0.7074,0.8000,VIX 15-25,12-14 %
31,entry,2012-09-04,2012-09-04,2012-09-25,2012-10-19,profit_target,short_put,P,1230.0000,1404.9399,45,17.9800,20.6800,0.0010,6.4996,2.1159,2012-10-18,1.0000,149,1225.0000,1235.0000,False,1230.0000,6.4996,2.9500,4.7000,4.1000,123 x 123,73.0000,0.2576,-0.0661,1404.8400,,True,3.8250,0.8750,False,-12.4518,16.1782,19.3771,25.7560,-12.4518,put,entry (~45 DTE),29.3385,0.7692,0.8000,VIX 15-25,12-14 %
31,entry,2012-09-04,2012-09-04,2012-09-25,2012-10-19,profit_target,short_call,C,1540.0000,1404.9399,45,17.9800,20.6800,0.0010,1.9095,2.1159,2012-10-18,1.0000,149,1535.0000,1545.0000,False,1540.0000,1.9095,0.2000,1.3500,0.9000,10 x 118,300.0000,0.1387,0.0300,1404.8400,,True,0.7750,0.5750,False,9.6132,16.1782,19.3771,13.8700,9.6132,call,entry (~45 DTE),16.4931,-0.2401,-0.3000,VIX 15-25,08-10 %
31,exit,2012-09-25,2012-09-04,2012-09-25,2012-10-19,profit_target,long_put,P,1210.0000,1441.5900,24,15.4300,17.6000,0.0011,0.1970,0.3363,2012-10-18,1.0000,159,1205.0000,1215.0000,False,1210.0000,0.1970,0.3000,1.0000,0.4500,102 x 1,717.0000,0.3217,-0.0147,1441.8700,,True,0.6500,0.3500,False,-16.0649,12.5175,14.5330,32.1690,-16.0649,put,exit (~21 DTE),27.3849,1.2233,0.8000,VIX 15-25,16-18 %
31,exit,2012-09-25,2012-09-04,2012-09-25,2012-10-19,profit_target,short_put,P,1230.0000,1441.5900,24,15.4300,17.6000,0.0011,0.2896,0.3363,2012-10-18,1.0000,159,1225.0000,1235.0000,False,1230.0000,0.2896,0.3900,1.1400,4.3000,102 x 103,1.0000,0.3026,-0.0185,1441.8700,,True,0.7650,0.3750,False,-14.6775,12.5175,14.5330,30.2580,-14.6775,put,exit (~21 DTE),26.2750,1.2087,0.8000,VIX 15-25,14-16 %
31,exit,2012-09-25,2012-09-04,2012-09-25,2012-10-19,profit_target,short_call,C,1540.0000,1441.5900,24,15.4300,17.6000,0.0011,0.3159,0.3363,2012-10-18,1.0000,159,1535.0000,1545.0000,False,1540.0000,0.3159,0.2400,0.7500,0.3500,12 x 102,196.0000,0.1327,0.0272,1441.8700,,True,0.4950,0.2550,False,6.8265,12.5175,14.5330,13.2680,6.8265,call,exit (~21 DTE),12.4850,0.1099,-0.3000,VIX 15-25,06-8 %
31,exit,2012-09-25,2012-09-04,2012-09-25,2012-10-19,profit_target,long_call,C,1560.0000,1441.5900,24,15.4300,17.6000,0.0011,0.0723,0.3363,2012-10-18,1.0000,159,1555.0000,1565.0000,False,1560.0000,0.0723,0.1500,0.7500,0.2500,10 x 102,123.0000,0.1513,0.0223,1441.8700,,True,0.4500,0.3000,False,8.2139,12.5175,14.5330,15.1300,8.2138,call,exit (~21 DTE),12.0688,0.3181,-0.3000,VIX 15-25,08-10 %
32,entry,2012-10-02,2012-10-02,2012-10-26,2012-11-16,dte_exit,long_put,P,1265.0000,1445.7500,45,15.7100,17.7400,0.0009,4.6196,2.0123,2012-11-15,1.0000,164,1260.0000,1270.0000,False,1265.0000,4.6196,2.2100,3.4000,0.0000,102 x 102,,0.2380,-0.0535,1445.6100,,True,2.8050,0.5950,False,-12.5022,13.5718,16.7558,23.8000,-12.5022,put,entry (~45 DTE),26.7575,0.8181,0.8000,VIX 15-25,12-14 %
32,entry,2012-10-02,2012-10-02,2012-10-26,2012-11-16,dte_exit,short_put,P,1285.0000,1445.7500,45,15.7100,17.7400,0.0009,5.7064,2.0123,2012-11-15,1.0000,164,1280.0000,1290.0000,False,1285.0000,5.7064,2.9100,4.0000,3.9000,102 x 5,1.0000,0.2254,-0.0667,1445.6100,,True,3.4550,0.5450,False,-11.1188,13.5718,16.7558,22.5420,-11.1188,put,entry (~45 DTE),25.6508,0.8068,0.8000,VIX 15-25,10-12 %
32,entry,2012-10-02,2012-10-02,2012-10-26,2012-11-16,dte_exit,short_call,C,1565.0000,1445.7500,45,15.7100,17.7400,0.0009,1.6891,2.0123,2012-11-15,1.0000,164,1560.0000,1570.0000,False,1565.0000,1.6891,0.0400,0.7500,0.0000,17 x 102,,0.1113,0.0197,1445.6100,,True,0.3950,0.3550,False,8.2483,13.5718,16.7558,11.1270,8.2483,call,entry (~45 DTE),14.2813,-0.2964,-0.3000,VIX 15-25,08-10 %
32,exit,2012-10-26,2012-10-02,2012-10-26,2012-11-16,dte_exit,long_put,P,1265.0000,1411.9399,21,17.8100,19.0200,0.0012,1.1664,0.6122,2012-11-15,1.0000,164,1260.0000,1270.0000,False,1265.0000,1.1664,1.0000,1.7500,1.5500,113 x 113,50.0000,0.2592,-0.0384,1411.9800,,True,1.3750,0.3750,False,-10.4070,15.6095,16.9867,25.9160,-10.4070,put,exit (~21 DTE),25.3123,0.9903,0.8000,VIX 15-25,10-12 %
32,exit,2012-10-26,2012-10-02,2012-10-26,2012-11-16,dte_exit,short_put,P,1285.0000,1411.9399,21,17.8100,19.0200,0.0012,1.7691,0.6122,2012-11-15,1.0000,164,1280.0000,1290.0000,False,1285.0000,1.7691,1.4600,1.8500,1.7500,114 x 1,4.0000,0.2364,-0.0486,1411.9800,,True,1.6550,0.1950,False,-8.9905,15.6095,16.9867,23.6410,-8.9905,put,exit (~21 DTE),24.1791,0.8933,0.8000,VIX 15-25,08-10 %
32,exit,2012-10-26,2012-10-02,2012-10-26,2012-11-16,dte_exit,short_call,C,1565.0000,1411.9399,21,17.8100,19.0200,0.0012,0.0110,0.6122,2012-11-15,1.0000,164,1560.0000,1570.0000,False,1565.0000,0.0110,0.0400,0.1500,0.0500,20 x 3,2.0000,0.1704,0.0058,1411.9800,,True,0.0950,0.0550,False,10.8404,15.6095,16.9867,17.0400,10.8404,call,exit (~21 DTE),13.7346,0.1320,-0.3000,VIX 15-25,10-12 %
33,entry,2012-11-06,2012-11-06,2012-11-28,2012-12-21,profit_target,long_put,P,1230.0000,1428.3900,45,17.5800,18.2400,0.0010,4.4202,1.7947,2012-12-20,1.0000,190,1225.0000,1235.0000,False,1230.0000,4.4202,2.0500,2.7900,2.1000,122 x 122,19.0000,0.2529,-0.0445,1428.1700,,True,2.4200,0.3700,False,-13.8891,15.2502,17.9130,25.2860,-13.8891,put,entry (~45 DTE),29.0243,0.7226,0.8000,VIX 15-25,12-14 %
33,entry,2012-11-06,2012-11-06,2012-11-28,2012-12-21,profit_target,short_put,P,1250.0000,1428.3900,45,17.5800,18.2400,0.0010,5.4146,1.7947,2012-12-20,1.0000,190,1245.0000,1255.0000,False,1250.0000,5.4146,2.6000,3.1000,2.9000,114 x 1,447.0000,0.2382,-0.0545,1428.1700,,True,2.8500,0.2500,False,-12.4889,15.2502,17.9130,23.8180,-12.4889,put,entry (~45 DTE),27.9041,0.6860,0.8000,VIX 15-25,12-14 %
33,entry,2012-11-06,2012-11-06,2012-11-28,2012-12-21,profit_target,short_call,C,1560.0000,1428.3900,45,17.5800,18.2400,0.0010,1.4881,1.7947,2012-12-20,1.0000,190,1555.0000,1565.0000,False,1560.0000,1.4881,0.2500,0.7600,0.6300,5 x 13,1.0000,0.1265,0.0216,1428.1700,,True,0.5050,0.2550,False,9.2139,15.2502,17.9130,12.6470,9.2139,call,entry (~45 DTE),15.1489,-0.2825,-0.3000,VIX 15-25,08-10 %
33,entry,2012-11-06,2012-11-06,2012-11-28,2012-12-21,profit_target,long_call,C,1580.0000,1428.3900,45,17.5800,18.2400,0.0010,0.6878,1.7947,2012-12-20,1.0000,190,1575.0000,1585.0000,False,1580.0000,0.6878,0.2500,0.6900,0.0000,7 x 114,,0.1409,0.0190,1428.1700,,True,0.4700,0.2200,False,10.6140,15.2502,17.9130,14.0890,10.6140,call,entry (~45 DTE),14.7288,-0.1094,-0.3000,VIX 15-25,10-12 %
33,exit,2012-11-28,2012-11-06,2012-11-28,2012-12-21,profit_target,long_put,P,1230.0000,1409.9301,23,15.5100,17.2000,0.0010,0.4353,0.2295,2012-12-20,1.0000,190,1225.0000,1235.0000,False,1230.0000,0.4353,0.1000,0.8500,0.6000,122 x 122,23.0000,0.2500,-0.0146,1409.7000,,True,0.4750,0.3750,False,-12.7616,13.7920,14.6739,24.9970,-12.7616,put,exit (~21 DTE),24.8832,0.8780,0.8000,VIX 15-25,12-14 %
33,exit,2012-11-28,2012-11-06,2012-11-28,2012-12-21,profit_target,short_put,P,1250.0000,1409.9301,23,15.5100,17.2000,0.0010,0.6628,0.2295,2012-12-20,1.0000,190,1245.0000,1255.0000,False,1250.0000,0.6628,0.5000,0.8000,0.7500,2 x 130,,0.2340,-0.0212,1409.7000,,True,0.6500,0.1500,False,-11.3431,13.7920,14.6739,23.3990,-11.3431,put,exit (~21 DTE),23.7484,0.8469,0.8000,VIX 15-25,10-12 %
33,exit,2012-11-28,2012-11-06,2012-11-28,2012-12-21,profit_target,short_call,C,1560.0000,1409.9301,23,15.5100,17.2000,0.0010,0.0021,0.2295,2012-12-20,1.0000,190,1555.0000,1565.0000,False,1560.0000,0.0021,0.1000,0.1500,0.1000,2 x 20,22.0000,0.1653,0.0071,1409.7000,,True,0.1250,0.0250,False,10.6438,13.7920,14.6739,16.5260,10.6438,call,exit (~21 DTE),11.4808,0.2569,-0.3000,VIX 15-25,10-12 %
33,exit,2012-11-28,2012-11-06,2012-11-28,2012-12-21,profit_target,long_call,C,1580.0000,1409.9301,23,15.5100,17.2000,0.0010,0.0002,0.2295,2012-12-20,1.0000,190,1575.0000,1585.0000,False,1580.0000,0.0002,0.0500,0.0900,0.1000,1 x 170,1.0000,0.1731,0.0045,1409.7000,,True,0.0700,0.0200,False,12.0623,13.7920,14.6739,17.3050,12.0623,call,exit (~21 DTE),11.0552,0.2912,-0.3000,VIX 15-25,12-14 %
34,entry,2012-12-04,2012-12-04,2012-12-28,2013-01-18,dte_exit,long_put,P,1220.0000,1407.0500,45,17.1200,18.1900,0.0010,4.5763,1.8507,2013-01-17,1.0000,178,1215.0000,1225.0000,False,1220.0000,4.5763,1.7900,2.4500,2.0700,70 x 44,62.0000,0.2386,-0.0426,1406.8900,,True,2.1200,0.3300,False,-13.2938,15.5243,17.6631,23.8580,-13.2938,put,entry (~45 DTE),28.2981,0.6269,0.8000,VIX 15-25,12-14 %
34,entry,2012-12-04,2012-12-04,2012-12-28,2013-01-18,dte_exit,short_put,P,1240.0000,1407.0500,45,17.1200,18.1900,0.0010,5.6387,1.8507,2013-01-17,1.0000,178,1235.0000,1245.0000,False,1240.0000,5.6387,2.3500,3.3000,2.8900,246 x 149,52.0000,0.2293,-0.0568,1406.8900,,True,2.8250,0.4750,False,-11.8724,15.5243,17.6631,22.9300,-11.8724,put,entry (~45 DTE),27.1610,0.6238,0.8000,VIX 15-25,10-12 %
34,entry,2012-12-04,2012-12-04,2012-12-28,2013-01-18,dte_exit,short_call,C,1535.0000,1407.0500,45,17.1200,18.1900,0.0010,1.4333,1.8507,2013-01-17,1.0000,178,1530.0000,1540.0000,False,1535.0000,1.4333,0.5500,0.9100,0.0000,22 x 45,,0.1329,0.0290,1406.8900,,True,0.7300,0.1800,False,9.0935,15.5243,17.6631,13.2910,9.0935,call,entry (~45 DTE),14.9351,-0.2456,-0.3000,VIX 15-25,08-10 %
34,entry,2012-12-04,2012-12-04,2012-12-28,2013-01-18,dte_exit,long_call,C,1555.0000,1407.0500,45,17.1200,18.1900,0.0010,0.6452,1.8507,2013-01-17,1.0000,178,1550.0000,1560.0000,False,1555.0000,0.6452,0.3000,0.6000,0.4300,2 x 70,1.0000,0.1385,0.0188,1406.8900,,True,0.4500,0.1500,False,10.5149,15.5243,17.6631,13.8490,10.5149,call,entry (~45 DTE),14.5086,-0.1593,-0.3000,VIX 15-25,10-12 %
34,exit,2012-12-28,2012-12-04,2012-12-28,2013-01-18,dte_exit,long_put,P,1220.0000,1402.4301,21,22.7200,21.8800,0.0001,1.8553,1.2211,2013-01-17,1.0000,178,1215.0000,1225.0000,False,1220.0000,1.8553,1.2000,1.5900,1.3000,23 x 1,54.0000,0.3012,-0.0340,1402.9500,,True,1.3950,0.1950,False,-13.0081,18.9625,23.2440,30.1160,-13.0081,put,exit (~21 DTE),33.6505,0.8574,0.8000,VIX 15-25,12-14 %
34,exit,2012-12-28,2012-12-04,2012-12-28,2013-01-18,dte_exit,short_put,P,1240.0000,1402.4301,21,22.7200,21.8800,0.0001,2.5762,1.2211,2013-01-17,1.0000,178,1235.0000,1245.0000,False,1240.0000,2.5762,1.7000,2.1100,1.9000,123 x 1,316.0000,0.2863,-0.0469,1402.9500,,True,1.9050,0.2050,False,-11.5820,18.9625,23.2440,28.6270,-11.5820,put,exit (~21 DTE),32.5096,0.8344,0.8000,VIX 15-25,10-12 %
34,exit,2012-12-28,2012-12-04,2012-12-28,2013-01-18,dte_exit,short_call,C,1535.0000,1402.4301,21,22.7200,21.8800,0.0001,0.8737,1.2211,2013-01-17,1.0000,178,1530.0000,1540.0000,False,1535.0000,0.8737,0.0500,0.6400,0.2500,220 x 123,4.0000,0.1926,0.0157,1402.9500,,True,0.3450,0.2950,False,9.4529,18.9625,23.2440,19.2590,9.4529,call,exit (~21 DTE),20.4081,0.0314,-0.3000,VIX 15-25,08-10 %
34,exit,2012-12-28,2012-12-04,2012-12-28,2013-01-18,dte_exit,long_call,C,1555.0000,1402.4301,21,22.7200,21.8800,0.0001,0.3735,1.2211,2013-01-17,1.0000,178,1550.0000,1560.0000,False,1555.0000,0.3735,0.0500,0.5000,0.0000,200 x 123,,0.2077,0.0115,1402.9500,,True,0.2750,0.2250,False,10.8790,18.9625,23.2440,20.7690,10.8790,call,exit (~21 DTE),19.9803,0.1661,-0.3000,VIX 15-25,10-12 %
35,entry,2013-01-02,2013-01-02,2013-01-22,2013-02-15,profit_target,long_put,P,1295.0000,1462.4200,44,14.6800,16.6900,0.0008,4.4353,1.9848,2013-02-14,1.0000,163,1290.0000,1300.0000,False,1295.0000,4.4353,2.0400,2.7600,3.3000,20 x 32,30.0000,0.2152,-0.0506,1462.3300,,True,2.4000,0.3600,False,-11.4482,12.8425,15.6715,21.5190,-11.4482,put,entry (~45 DTE),24.8300,0.7579,0.8000,VIX < 15,10-12 %
35,entry,2013-01-02,2013-01-02,2013-01-22,2013-02-15,profit_target,short_put,P,1315.0000,1462.4200,44,14.6800,16.6900,0.0008,5.5519,1.9848,2013-02-14,1.0000,163,1310.0000,1320.0000,False,1315.0000,5.5519,2.4900,3.6900,3.2500,109 x 32,80.0000,0.2043,-0.0667,1462.3300,,True,3.0900,0.6000,False,-10.0806,12.8425,15.6715,20.4260,-10.0806,put,entry (~45 DTE),23.7360,0.7523,0.8000,VIX < 15,10-12 %
35,entry,2013-01-02,2013-01-02,2013-01-22,2013-02-15,profit_target,short_call,C,1575.0000,1462.4200,44,14.6800,16.6900,0.0008,1.5028,1.9848,2013-02-14,1.0000,163,1570.0000,1580.0000,False,1575.0000,1.5028,0.3000,0.5000,0.4000,30 x 6,,0.1072,0.0207,1462.3300,,True,0.4000,0.1000,False,7.6982,12.8425,15.6715,10.7230,7.6982,call,entry (~45 DTE),13.3621,-0.2753,-0.3000,VIX < 15,06-8 %
35,entry,2013-01-02,2013-01-02,2013-01-22,2013-02-15,profit_target,long_call,C,1595.0000,1462.4200,44,14.6800,16.6900,0.0008,0.6346,1.9848,2013-02-14,1.0000,163,1590.0000,1600.0000,False,1595.0000,0.6346,0.1400,0.7500,0.1500,20 x 32,10.0000,0.1234,0.0198,1462.3300,,True,0.4450,0.3050,False,9.0658,12.8425,15.6715,12.3390,9.0658,call,entry (~45 DTE),12.9518,-0.0555,-0.3000,VIX < 15,08-10 %
35,exit,2013-01-22,2013-01-02,2013-01-22,2013-02-15,profit_target,long_put,P,1295.0000,1492.5601,24,12.4300,14.7200,0.0008,0.1596,0.2587,2013-02-14,1.0000,163,1290.0000,1300.0000,False,1295.0000,0.1596,0.0400,0.4500,0.5000,32 x 1,1.0000,0.2326,-0.0079,1491.8500,,True,0.2450,0.2050,False,-13.2363,10.0162,11.4538,23.2550,-13.2363,put,exit (~21 DTE),22.0429,1.0002,0.8000,VIX < 15,12-14 %
35,exit,2013-01-22,2013-01-02,2013-01-22,2013-02-15,profit_target,short_put,P,1315.0000,1492.5601,24,12.4300,14.7200,0.0008,0.2465,0.2587,2013-02-14,1.0000,163,1310.0000,1320.0000,False,1315.0000,0.2465,0.1400,0.7000,0.4600,32 x 1,46.0000,0.2250,-0.0139,1491.8500,,True,0.4200,0.2800,False,-11.8963,10.0162,11.4538,22.4990,-11.8963,put,exit (~21 DTE),20.9709,1.0493,0.8000,VIX < 15,10-12 %
35,exit,2013-01-22,2013-01-02,2013-01-22,2013-02-15,profit_target,short_call,C,1575.0000,1492.5601,24,12.4300,14.7200,0.0008,0.2007,0.2587,2013-02-14,1.0000,163,1570.0000,1580.0000,False,1575.0000,0.2007,0.1000,0.2000,0.1400,20 x 1,151.0000,0.0940,0.0117,1491.8500,,True,0.1500,0.0500,False,5.5234,10.0162,11.4538,9.4050,5.5234,call,exit (~21 DTE),9.7968,-0.1107,-0.3000,VIX < 15,04-6 %
35,exit,2013-01-22,2013-01-02,2013-01-22,2013-02-15,profit_target,long_call,C,1595.0000,1492.5601,24,12.4300,14.7200,0.0008,0.0288,0.2587,2013-02-14,1.0000,163,1590.0000,1600.0000,False,1595.0000,0.0288,0.0400,0.1500,0.0000,19 x 1,,0.1080,0.0077,1491.8500,,True,0.0950,0.0550,False,6.8634,10.0162,11.4538,10.8050,6.8634,call,exit (~21 DTE),9.3948,0.1149,-0.3000,VIX < 15,06-8 %
36,entry,2013-01-29,2013-01-29,2013-02-22,2013-03-15,dte_exit,long_put,P,1345.0000,1507.8400,45,13.3100,14.7400,0.0007,4.0369,1.8106,2013-03-14,1.0000,173,1340.0000,1350.0000,False,1345.0000,4.0369,2.0500,2.8100,2.4100,32 x 32,22.0000,0.2009,-0.0521,1507.8800,,True,2.4300,0.3800,False,-10.7996,11.3460,14.0432,20.0870,-10.7996,put,entry (~45 DTE),22.6829,0.8094,0.8000,VIX < 15,10-12 %
36,entry,2013-01-29,2013-01-29,2013-02-22,2013-03-15,dte_exit,short_put,P,1365.0000,1507.8400,45,13.3100,14.7400,0.0007,5.0823,1.8106,2013-03-14,1.0000,173,1360.0000,1370.0000,False,1365.0000,5.0823,2.5000,3.6900,3.1000,135 x 135,63.0000,0.1904,-0.0679,1507.8800,,True,3.0950,0.5950,False,-9.4732,11.3460,14.0432,19.0410,-9.4732,put,entry (~45 DTE),21.6217,0.8123,0.8000,VIX < 15,08-10 %
36,entry,2013-01-29,2013-01-29,2013-02-22,2013-03-15,dte_exit,short_call,C,1615.0000,1507.8400,45,13.3100,14.7400,0.0007,1.2403,1.8106,2013-03-14,1.0000,173,1610.0000,1620.0000,False,1615.0000,1.2403,0.0500,0.8100,0.0000,32 x 32,,0.0999,0.0217,1507.8800,,True,0.4300,0.3800,False,7.1069,11.3460,14.0432,9.9900,7.1069,call,entry (~45 DTE),11.9112,-0.1908,-0.3000,VIX < 15,06-8 %
36,entry,2013-01-29,2013-01-29,2013-02-22,2013-03-15,dte_exit,long_call,C,1635.0000,1507.8400,45,13.3100,14.7400,0.0007,0.4750,1.8106,2013-03-14,1.0000,173,1630.0000,1650.0000,True,1630.0000,0.6132,0.1500,0.7500,0.3300,120 x 135,44.0000,0.1115,0.0205,1507.8800,,True,0.4500,0.3000,False,8.4333,11.3460,14.0432,11.1510,8.1017,call,entry (~45 DTE),11.6127,-0.0241,-0.3000,VIX < 15,08-10 %
36,exit,2013-02-22,2013-01-29,2013-02-22,2013-03-15,dte_exit,long_put,P,1345.0000,1515.6000,21,14.1700,14.9800,0.0013,0.3942,0.3564,2013-03-14,1.0000,173,1340.0000,1350.0000,False,1345.0000,0.3942,0.8000,1.1600,1.0900,2 x 21,1.0000,0.2599,-0.0263,1515.2600,,True,0.9800,0.1800,False,-11.2563,11.7852,13.6239,25.9880,-11.2563,put,exit (~21 DTE),22.6289,1.2618,0.8000,VIX < 15,10-12 %
36,exit,2013-02-22,2013-01-29,2013-02-22,2013-03-15,dte_exit,short_put,P,1365.0000,1515.6000,21,14.1700,14.9800,0.0013,0.6192,0.3564,2013-03-14,1.0000,173,1360.0000,1370.0000,False,1365.0000,0.6192,0.6900,1.4100,1.1000,30 x 21,10.0000,0.2348,-0.0314,1515.2600,,True,1.0500,0.3600,False,-9.9367,11.7852,13.6239,23.4780,-9.9367,put,exit (~21 DTE),21.5732,1.1767,0.8000,VIX < 15,08-10 %
36,exit,2013-02-22,2013-01-29,2013-02-22,2013-03-15,dte_exit,short_call,C,1615.0000,1515.6000,21,14.1700,14.9800,0.0013,0.1600,0.3564,2013-03-14,1.0000,173,1610.0000,1620.0000,False,1615.0000,0.1600,0.0500,0.1500,0.0000,9 x 102,,0.1100,0.0076,1515.2600,,True,0.1000,0.0500,False,6.5585,11.7852,13.6239,10.9980,6.5585,call,exit (~21 DTE),11.6563,-0.1200,-0.3000,VIX < 15,06-8 %
37,entry,2013-03-05,2013-03-05,2013-03-28,2013-04-19,profit_target,long_put,P,1375.0000,1539.7900,45,13.4800,14.9500,0.0008,4.3366,1.8870,2013-04-18,1.0000,168,1370.0000,1380.0000,False,1375.0000,4.3366,2.0500,3.2000,2.5100,123 x 135,294.0000,0.2018,-0.0551,1539.9100,,True,2.6250,0.5750,False,-10.7021,11.4615,14.2340,20.1780,-10.7021,put,entry (~45 DTE),22.7957,0.8145,0.8000,VIX < 15,10-12 %
37,entry,2013-03-05,2013-03-05,2013-03-28,2013-04-19,profit_target,short_put,P,1395.0000,1539.7900,45,13.4800,14.9500,0.0008,5.4256,1.8870,2013-04-18,1.0000,168,1390.0000,1400.0000,False,1395.0000,5.4256,2.7500,3.9000,3.0000,123 x 135,22.0000,0.1908,-0.0707,1539.9100,,True,3.3250,0.5750,False,-9.4032,11.4615,14.2340,19.0820,-9.4032,put,entry (~45 DTE),21.7566,0.8104,0.8000,VIX < 15,08-10 %
37,entry,2013-03-05,2013-03-05,2013-03-28,2013-04-19,profit_target,short_call,C,1650.0000,1539.7900,45,13.4800,14.9500,0.0008,1.3286,1.8870,2013-04-18,1.0000,168,1645.0000,1655.0000,False,1650.0000,1.3286,0.2000,0.7100,0.3500,1 x 30,142.0000,0.1004,0.0225,1539.9100,,True,0.4550,0.2550,False,7.1575,11.4615,14.2340,10.0410,7.1575,call,entry (~45 DTE),12.0867,-0.1985,-0.3000,VIX < 15,06-8 %
37,entry,2013-03-05,2013-03-05,2013-03-28,2013-04-19,profit_target,long_call,C,1670.0000,1539.7900,45,13.4800,14.9500,0.0008,0.5306,1.8870,2013-04-18,1.0000,168,1665.0000,1675.0000,False,1670.0000,0.5306,0.1500,0.6000,0.0000,10 x 30,,0.1124,0.0174,1539.9100,,True,0.3750,0.2250,False,8.4563,11.4615,14.2340,11.2390,8.4563,call,entry (~45 DTE),11.6971,-0.0263,-0.3000,VIX < 15,08-10 %
37,exit,2013-03-28,2013-03-05,2013-03-28,2013-04-19,profit_target,long_put,P,1375.0000,1569.1899,22,12.7000,14.6400,0.0007,0.1558,0.3093,2013-04-18,1.0000,168,1370.0000,1380.0000,False,1375.0000,0.1558,0.3600,0.5000,0.4500,5 x 1,116.0000,0.2419,-0.0124,1568.5800,,True,0.4300,0.0700,False,-12.3752,10.8288,11.5048,24.1860,-12.3752,put,exit (~21 DTE),21.4049,1.0794,0.8000,VIX < 15,12-14 %
37,exit,2013-03-28,2013-03-05,2013-03-28,2013-04-19,profit_target,short_put,P,1395.0000,1569.1899,22,12.7000,14.6400,0.0007,0.2452,0.3093,2013-04-18,1.0000,168,1390.0000,1400.0000,False,1395.0000,0.2452,0.5100,0.6400,0.6000,130 x 1,102.0000,0.2284,-0.0173,1568.5800,,True,0.5750,0.0650,False,-11.1006,10.8288,11.5048,22.8390,-11.1006,put,exit (~21 DTE),20.3853,1.0819,0.8000,VIX < 15,10-12 %
37,exit,2013-03-28,2013-03-05,2013-03-28,2013-04-19,profit_target,short_call,C,1650.0000,1569.1899,22,12.7000,14.6400,0.0007,0.2623,0.3093,2013-04-18,1.0000,168,1645.0000,1655.0000,False,1650.0000,0.2623,0.1400,0.1900,0.2000,20 x 2,,0.0948,0.0139,1568.5800,,True,0.1650,0.0250,False,5.1498,10.8288,11.5048,9.4840,5.1498,call,exit (~21 DTE),9.9598,-0.2611,-0.3000,VIX < 15,04-6 %
37,exit,2013-03-28,2013-03-05,2013-03-28,2013-04-19,profit_target,long_call,C,1670.0000,1569.1899,22,12.7000,14.6400,0.0007,0.0424,0.3093,2013-04-18,1.0000,168,1665.0000,1675.0000,False,1670.0000,0.0424,0.1000,0.2100,0.1500,9 x 2,1.0000,0.1117,0.0105,1568.5800,,True,0.1550,0.0550,False,6.4243,10.8288,11.5048,11.1690,6.4243,call,exit (~21 DTE),9.5775,0.0530,-0.3000,VIX < 15,06-8 %
38,entry,2013-04-02,2013-04-02,2013-04-26,2013-05-17,profit_target,long_put,P,1410.0000,1570.2500,45,12.7800,14.7100,0.0007,4.4412,2.0432,2013-05-16,1.0000,164,1405.0000,1415.0000,False,1410.0000,4.4412,2.1000,3.1000,3.0000,20 x 20,226.0000,0.1922,-0.0566,1570.0300,,True,2.6000,0.5000,False,-10.2054,11.0905,13.7788,19.2210,-10.2054,put,entry (~45 DTE),21.9431,0.7967,0.8000,VIX < 15,10-12 %
38,entry,2013-04-02,2013-04-02,2013-04-26,2013-05-17,profit_target,short_put,P,1430.0000,1570.2500,45,12.7800,14.7100,0.0007,5.5674,2.0432,2013-05-16,1.0000,164,1425.0000,1435.0000,False,1430.0000,5.5674,2.8500,3.8000,3.6500,123 x 123,,0.1812,-0.0724,1570.0300,,True,3.3250,0.4750,False,-8.9317,11.0905,13.7788,18.1210,-8.9317,put,entry (~45 DTE),20.9242,0.7871,0.8000,VIX < 15,08-10 %
38,entry,2013-04-02,2013-04-02,2013-04-26,2013-05-17,profit_target,short_call,C,1675.0000,1570.2500,45,12.7800,14.7100,0.0007,1.5416,2.0432,2013-05-16,1.0000,164,1670.0000,1680.0000,False,1675.0000,1.5416,0.3600,0.5000,0.4000,1 x 1,94.0000,0.0942,0.0224,1570.0300,,True,0.4300,0.0700,False,6.6709,11.0905,13.7788,9.4210,6.6709,call,entry (~45 DTE),11.7776,-0.2503,-0.3000,VIX < 15,06-8 %
38,entry,2013-04-02,2013-04-02,2013-04-26,2013-05-17,profit_target,long_call,C,1695.0000,1570.2500,45,12.7800,14.7100,0.0007,0.6246,2.0432,2013-05-16,1.0000,164,1690.0000,1700.0000,False,1695.0000,0.6246,0.1000,0.6000,0.0000,30 x 123,,0.1053,0.0166,1570.0300,,True,0.3500,0.2500,False,7.9446,11.0905,13.7788,10.5320,7.9446,call,entry (~45 DTE),11.3955,-0.0703,-0.3000,VIX < 15,06-8 %
38,exit,2013-04-26,2013-04-02,2013-04-26,2013-05-17,profit_target,long_put,P,1410.0000,1582.2400,21,13.6100,14.8900,0.0005,0.3479,0.3718,2013-05-16,1.0000,172,1405.0000,1415.0000,False,1410.0000,0.3479,0.5000,0.6500,0.5900,100 x 12,16.0000,0.2274,-0.0176,1582.4000,,True,0.5750,0.0750,False,-10.8858,11.2675,12.7193,22.7390,-10.8858,put,exit (~21 DTE),21.4280,1.0538,0.8000,VIX < 15,10-12 %
38,exit,2013-04-26,2013-04-02,2013-04-26,2013-05-17,profit_target,short_put,P,1430.0000,1582.2400,21,13.6100,14.8900,0.0005,0.5479,0.3718,2013-05-16,1.0000,172,1425.0000,1435.0000,False,1430.0000,0.5479,0.6500,0.8900,0.7500,22 x 1,349.0000,0.2126,-0.0252,1582.4000,,True,0.7700,0.1200,False,-9.6218,11.2675,12.7193,21.2640,-9.6218,put,exit (~21 DTE),20.4167,1.0389,0.8000,VIX < 15,08-10 %
38,exit,2013-04-26,2013-04-02,2013-04-26,2013-05-17,profit_target,short_call,C,1675.0000,1582.2400,21,13.6100,14.8900,0.0005,0.2098,0.3718,2013-05-16,1.0000,172,1670.0000,1680.0000,False,1675.0000,0.2098,0.1400,0.2500,0.2000,313 x 14,636.0000,0.1116,0.0137,1582.4000,,True,0.1950,0.0550,False,5.8626,11.2675,12.7193,11.1590,5.8626,call,exit (~21 DTE),10.9605,-0.0185,-0.3000,VIX < 15,04-6 %
38,exit,2013-04-26,2013-04-02,2013-04-26,2013-05-17,profit_target,long_call,C,1695.0000,1582.2400,21,13.6100,14.8900,0.0005,0.0380,0.3718,2013-05-16,1.0000,172,1690.0000,1700.0000,False,1695.0000,0.0380,0.0900,0.2000,0.0000,100 x 2,,0.1263,0.0098,1582.4000,,True,0.1450,0.0550,False,7.1266,11.2675,12.7193,12.6280,7.1266,call,exit (~21 DTE),10.5813,0.1909,-0.3000,VIX < 15,06-8 %
39,entry,2013-05-07,2013-05-07,2013-05-31,2013-06-21,dte_exit,long_put,P,1440.0000,1625.9600,45,12.8300,14.3500,0.0004,3.6011,1.3402,2013-06-20,1.0000,173,1435.0000,1445.0000,False,1440.0000,3.6011,1.5100,2.3000,1.8800,30 x 123,,0.1968,-0.0409,1625.8600,,True,1.9050,0.3950,False,-11.4369,11.0913,13.6112,19.6790,-11.4369,put,entry (~45 DTE),22.7608,0.7509,0.8000,VIX < 15,10-12 %
39,entry,2013-05-07,2013-05-07,2013-05-31,2013-06-21,dte_exit,short_put,P,1460.0000,1625.9600,45,12.8300,14.3500,0.0004,4.4630,1.3402,2013-06-20,1.0000,173,1455.0000,1465.0000,False,1460.0000,4.4630,1.9900,2.8000,2.4000,30 x 123,,0.1872,-0.0523,1625.8600,,True,2.3950,0.4050,False,-10.2069,11.0913,13.6112,18.7240,-10.2069,put,entry (~45 DTE),21.7767,0.7478,0.8000,VIX < 15,10-12 %
39,entry,2013-05-07,2013-05-07,2013-05-31,2013-06-21,dte_exit,short_call,C,1750.0000,1625.9600,45,12.8300,14.3500,0.0004,0.7512,1.3402,2013-06-20,1.0000,173,1740.0000,1760.0000,False,1750.0000,0.7512,0.4000,0.8600,0.4800,3 x 15,,0.1118,0.0260,1625.8600,,True,0.6300,0.2300,False,7.6287,11.0913,13.6112,11.1810,7.6287,call,entry (~45 DTE),11.3226,0.0118,-0.3000,VIX < 15,06-8 %
39,exit,2013-05-31,2013-05-07,2013-05-31,2013-06-21,dte_exit,long_put,P,1440.0000,1630.7400,21,16.3000,17.1300,0.0004,0.6800,0.5092,2013-06-20,1.0000,188,1435.0000,1445.0000,False,1440.0000,0.6800,0.5000,1.4000,0.5000,123 x 133,41.0000,0.2655,-0.0243,1631.6700,,True,0.9500,0.4500,False,-11.6965,14.2755,15.7433,26.5480,-11.6965,put,exit (~21 DTE),25.1006,1.0492,0.8000,VIX 15-25,10-12 %
39,exit,2013-05-31,2013-05-07,2013-05-31,2013-06-21,dte_exit,short_put,P,1460.0000,1630.7400,21,16.3000,17.1300,0.0004,0.9933,0.5092,2013-06-20,1.0000,188,1455.0000,1465.0000,False,1460.0000,0.9933,0.8000,1.7100,0.9000,123 x 133,21.0000,0.2511,-0.0320,1631.6700,,True,1.2550,0.4550,False,-10.4701,14.2755,15.7433,25.1150,-10.4701,put,exit (~21 DTE),24.1194,1.0353,0.8000,VIX 15-25,10-12 %
39,exit,2013-05-31,2013-05-07,2013-05-31,2013-06-21,dte_exit,short_call,C,1750.0000,1630.7400,21,16.3000,17.1300,0.0004,0.2700,0.5092,2013-06-20,1.0000,188,1745.0000,1755.0000,False,1750.0000,0.2700,0.1000,0.2500,0.1500,200 x 30,81.0000,0.1274,0.0107,1631.6700,,True,0.1750,0.0750,False,7.3132,14.2755,15.7433,12.7410,7.3132,call,exit (~21 DTE),13.5494,-0.2098,-0.3000,VIX 15-25,06-8 %
39,exit,2013-05-31,2013-05-07,2013-05-31,2013-06-21,dte_exit,long_call,C,1770.0000,1630.7400,21,16.3000,17.1300,0.0004,0.0741,0.5092,2013-06-20,1.0000,188,1765.0000,1775.0000,False,1770.0000,0.0741,0.0500,0.5000,0.1000,60 x 133,8.0000,0.1535,0.0128,1631.6700,,True,0.2750,0.2250,False,8.5397,14.2755,15.7433,15.3550,8.5397,call,exit (~21 DTE),13.1814,0.1264,-0.3000,VIX 15-25,08-10 %
40,entry,2013-06-04,2013-06-04,2013-06-28,2013-07-19,dte_exit,long_put,P,1425.0000,1631.3800,45,16.2700,17.2600,0.0004,5.1174,1.9038,2013-07-18,1.0000,179,1420.0000,1430.0000,False,1425.0000,5.1174,2.5000,3.5000,3.3000,123 x 123,348.0000,0.2392,-0.0508,1631.3100,,True,3.0000,0.5000,False,-12.6506,14.6402,16.7723,23.9250,-12.6506,put,entry (~45 DTE),26.8928,0.7339,0.8000,VIX 15-25,12-14 %
40,entry,2013-06-04,2013-06-04,2013-06-28,2013-07-19,dte_exit,short_put,P,1445.0000,1631.3800,45,16.2700,17.2600,0.0004,6.1676,1.9038,2013-07-18,1.0000,179,1440.0000,1450.0000,False,1445.0000,6.1676,3.2100,4.2000,4.0000,123 x 123,22.0000,0.2294,-0.0631,1631.3100,,True,3.7050,0.4950,False,-11.4247,14.6402,16.7723,22.9420,-11.4247,put,entry (~45 DTE),25.9121,0.7267,0.8000,VIX 15-25,10-12 %
40,entry,2013-06-04,2013-06-04,2013-06-28,2013-07-19,dte_exit,short_call,C,1770.0000,1631.3800,45,16.2700,17.2600,0.0004,1.6710,1.9038,2013-07-18,1.0000,179,1765.0000,1775.0000,False,1770.0000,1.6710,0.0400,0.8500,0.5500,45 x 123,81.0000,0.1131,0.0193,1631.3100,,True,0.4450,0.4050,False,8.4971,14.6402,16.7723,11.3060,8.4971,call,entry (~45 DTE),14.2232,-0.3924,-0.3000,VIX 15-25,08-10 %
40,entry,2013-06-04,2013-06-04,2013-06-28,2013-07-19,dte_exit,long_call,C,1790.0000,1631.3800,45,16.2700,17.2600,0.0004,0.8175,1.9038,2013-07-18,1.0000,179,1785.0000,1795.0000,False,1790.0000,0.8175,0.0500,0.3100,0.0000,30 x 1,,0.1111,0.0081,1631.3100,,True,0.1800,0.1300,False,9.7231,14.6402,16.7723,11.1140,9.7231,call,entry (~45 DTE),13.8554,-0.3627,-0.3000,VIX 15-25,08-10 %
40,exit,2013-06-28,2013-06-04,2013-06-28,2013-07-19,dte_exit,long_put,P,1425.0000,1606.2800,21,16.8600,18.3900,0.0004,0.7710,0.3699,2013-07-18,1.0000,180,1420.0000,1430.0000,False,1425.0000,0.7710,0.6000,0.9500,0.7000,1 x 1,363.0000,0.2474,-0.0211,1606.2400,,True,0.7750,0.1750,False,-11.2857,14.9232,15.7984,24.7430,-11.2857,put,exit (~21 DTE),24.8269,0.8701,0.8000,VIX 15-25,10-12 %
40,exit,2013-06-28,2013-06-04,2013-06-28,2013-07-19,dte_exit,short_put,P,1445.0000,1606.2800,21,16.8600,18.3900,0.0004,1.1329,0.3699,2013-07-18,1.0000,180,1440.0000,1450.0000,False,1445.0000,1.1329,0.5400,1.0400,1.0500,80 x 1,4.0000,0.2238,-0.0239,1606.2400,,True,0.7900,0.2500,False,-10.0406,14.9232,15.7984,22.3780,-10.0406,put,exit (~21 DTE),23.8309,0.7425,0.8000,VIX 15-25,10-12 %
41,entry,2013-07-02,2013-07-02,2013-07-26,2013-08-16,dte_exit,long_put,P,1405.0000,1614.0800,45,16.4400,18.0200,0.0003,5.2013,1.9219,2013-08-15,1.0000,173,1400.0000,1410.0000,False,1405.0000,5.2013,2.1600,3.1000,2.5100,114 x 114,26.0000,0.2360,-0.0458,1614.6000,,True,2.6300,0.4700,False,-12.9535,15.1495,17.2481,23.6010,-12.9535,put,entry (~45 DTE),27.6109,0.6524,0.8000,VIX 15-25,12-14 %
41,entry,2013-07-02,2013-07-02,2013-07-26,2013-08-16,dte_exit,short_put,P,1425.0000,1614.0800,45,16.4400,18.0200,0.0003,6.2584,1.9219,2013-08-15,1.0000,173,1420.0000,1430.0000,False,1425.0000,6.2584,2.8500,3.5000,3.2000,1 x 46,,0.2249,-0.0568,1614.6000,,True,3.1750,0.3250,False,-11.7144,15.1495,17.2481,22.4860,-11.7144,put,entry (~45 DTE),26.6196,0.6263,0.8000,VIX 15-25,10-12 %
41,entry,2013-07-02,2013-07-02,2013-07-26,2013-08-16,dte_exit,short_call,C,1755.0000,1614.0800,45,16.4400,18.0200,0.0003,1.7195,1.9219,2013-08-15,1.0000,173,1750.0000,1760.0000,False,1755.0000,1.7195,0.1900,1.0000,0.0000,21 x 114,,0.1227,0.0237,1614.6000,,True,0.5950,0.4050,False,8.7307,15.1495,17.2481,12.2710,8.7307,call,entry (~45 DTE),14.6289,-0.3297,-0.3000,VIX 15-25,08-10 %
41,entry,2013-07-02,2013-07-02,2013-07-26,2013-08-16,dte_exit,long_call,C,1775.0000,1614.0800,45,16.4400,18.0200,0.0003,0.8547,1.9219,2013-08-15,1.0000,173,1770.0000,1780.0000,False,1775.0000,0.8547,0.0500,0.8000,0.4500,4 x 114,59.0000,0.1293,0.0165,1614.6000,,True,0.4250,0.3750,False,9.9698,15.1495,17.2481,12.9260,9.9698,call,entry (~45 DTE),14.2572,-0.2230,-0.3000,VIX 15-25,08-10 %
41,exit,2013-07-26,2013-07-02,2013-07-26,2013-08-16,dte_exit,long_put,P,1405.0000,1691.6500,21,12.7200,14.8000,0.0003,0.0231,0.8158,2013-08-15,1.0000,186,1400.0000,1410.0000,False,1405.0000,0.0231,0.1100,0.6000,0.0000,200 x 60,,0.3234,-0.0079,1691.6200,,True,0.3550,0.2450,False,-16.9450,10.4083,11.1804,32.3440,-16.9450,put,exit (~21 DTE),24.7363,1.2945,0.8000,VIX < 15,16-18 %
41,exit,2013-07-26,2013-07-02,2013-07-26,2013-08-16,dte_exit,short_put,P,1425.0000,1691.6500,21,12.7200,14.8000,0.0003,0.0349,0.8158,2013-08-15,1.0000,186,1420.0000,1430.0000,False,1425.0000,0.0349,0.1500,0.2000,0.1000,200 x 17,,0.2769,-0.0053,1691.6200,,True,0.1750,0.0250,False,-15.7627,10.4083,11.1804,27.6950,-15.7627,put,exit (~21 DTE),23.7905,1.0967,0.8000,VIX < 15,14-16 %
41,exit,2013-07-26,2013-07-02,2013-07-26,2013-08-16,dte_exit,short_call,C,1755.0000,1691.6500,21,12.7200,14.8000,0.0003,1.0626,0.8158,2013-08-15,1.0000,186,1750.0000,1760.0000,False,1755.0000,1.0626,0.4500,1.1500,0.6000,47 x 40,341.0000,0.0968,0.0494,1691.6200,,True,0.8000,0.3500,False,3.7449,10.4083,11.1804,9.6750,3.7449,call,exit (~21 DTE),10.0569,-0.1958,-0.3000,VIX < 15,02-4 %
41,exit,2013-07-26,2013-07-02,2013-07-26,2013-08-16,dte_exit,long_call,C,1775.0000,1691.6500,21,12.7200,14.8000,0.0003,0.2585,0.8158,2013-08-15,1.0000,186,1770.0000,1780.0000,False,1775.0000,0.2585,0.2100,0.3600,0.2500,120 x 51,188.0000,0.0996,0.0185,1691.6200,,True,0.2850,0.0750,False,4.9271,10.4083,11.1804,9.9590,4.9271,call,exit (~21 DTE),9.7022,-0.0912,-0.3000,VIX < 15,04-6 %
42,entry,2013-08-06,2013-08-06,2013-08-30,2013-09-20,dte_exit,long_put,P,1525.0000,1697.3700,45,12.7200,14.5600,0.0004,4.7539,2.0370,2013-09-19,1.0000,196,1520.0000,1530.0000,False,1525.0000,4.7539,1.9000,2.3900,2.3000,21 x 5,,0.1821,-0.0468,1697.3200,,True,2.1450,0.2450,False,-10.1551,11.4677,13.6710,18.2090,-10.1551,put,entry (~45 DTE),21.7951,0.6638,0.8000,VIX < 15,10-12 %
42,entry,2013-08-06,2013-08-06,2013-08-30,2013-09-20,dte_exit,short_put,P,1545.0000,1697.3700,45,12.7200,14.5600,0.0004,5.8652,2.0370,2013-09-19,1.0000,196,1540.0000,1550.0000,False,1545.0000,5.8652,2.5500,3.4900,3.1000,114 x 114,676.0000,0.1763,-0.0641,1697.3200,,True,3.0200,0.4700,False,-8.9768,11.4677,13.6710,17.6340,-8.9768,put,entry (~45 DTE),20.8525,0.6869,0.8000,VIX < 15,08-10 %
42,entry,2013-08-06,2013-08-06,2013-08-30,2013-09-20,dte_exit,short_call,C,1810.0000,1697.3700,45,12.7200,14.5600,0.0004,1.6284,2.0370,2013-09-19,1.0000,196,1800.0000,1820.0000,False,1810.0000,1.6284,0.1500,1.1100,0.6000,124 x 124,105.0000,0.0989,0.0281,1697.3200,,True,0.6300,0.4800,False,6.6356,11.4677,13.6710,9.8860,6.6356,call,entry (~45 DTE),11.6803,-0.2384,-0.3000,VIX < 15,06-8 %
42,entry,2013-08-06,2013-08-06,2013-08-30,2013-09-20,dte_exit,long_call,C,1830.0000,1697.3700,45,12.7200,14.5600,0.0004,0.7027,2.0370,2013-09-19,1.0000,196,1825.0000,1840.0000,False,1830.0000,0.7027,0.3000,0.3500,0.0000,100 x 100,,0.1019,0.0150,1697.3200,,True,0.3250,0.0250,False,7.8139,11.4677,13.6710,10.1880,7.8139,call,entry (~45 DTE),11.3268,-0.1638,-0.3000,VIX < 15,06-8 %
42,exit,2013-08-30,2013-08-06,2013-08-30,2013-09-20,dte_exit,long_put,P,1525.0000,1632.9700,21,17.0100,18.0500,0.0003,3.6858,1.6769,2013-09-19,1.0000,202,1520.0000,1530.0000,False,1525.0000,3.6858,3.3000,4.2000,3.7000,114 x 11,,0.2159,-0.0933,1632.6800,,True,3.7500,0.4500,False,-6.6119,15.0922,16.3064,21.5890,-6.6119,put,exit (~21 DTE),21.5959,0.9826,0.8000,VIX 15-25,06-8 %
42,exit,2013-08-30,2013-08-06,2013-08-30,2013-09-20,dte_exit,short_put,P,1545.0000,1632.9700,21,17.0100,18.0500,0.0003,5.3572,1.6769,2013-09-19,1.0000,202,1540.0000,1550.0000,False,1545.0000,5.3572,4.7900,5.7900,5.2000,114 x 114,28.0000,0.2042,-0.1292,1632.6800,,True,5.2900,0.5000,False,-5.3871,15.0922,16.3064,20.4220,-5.3871,put,exit (~21 DTE),20.6161,0.9894,0.8000,VIX 15-25,04-6 %
43,entry,2013-09-03,2013-09-03,2013-09-27,2013-10-18,dte_exit,long_put,P,1430.0000,1639.7700,45,16.6100,17.6400,0.0002,5.3211,1.8630,2013-10-17,1.0000,189,1425.0000,1435.0000,False,1430.0000,5.3211,2.3500,3.5100,3.1000,103 x 115,113.0000,0.2390,-0.0496,1639.1600,,True,2.9300,0.5800,False,-12.7926,15.3362,17.1327,23.8990,-12.7926,put,entry (~45 DTE),27.3669,0.6693,0.8000,VIX 15-25,12-14 %
43,entry,2013-09-03,2013-09-03,2013-09-27,2013-10-18,dte_exit,short_put,P,1450.0000,1639.7700,45,16.6100,17.6400,0.0002,6.3904,1.8630,2013-10-17,1.0000,189,1445.0000,1455.0000,False,1450.0000,6.3904,3.4000,4.3000,3.5000,5 x 115,104.0000,0.2326,-0.0641,1639.1600,,True,3.8500,0.4500,False,-11.5730,15.3362,17.1327,23.2610,-11.5730,put,entry (~45 DTE),26.3911,0.6848,0.8000,VIX 15-25,10-12 %
43,entry,2013-09-03,2013-09-03,2013-09-27,2013-10-18,dte_exit,short_call,C,1785.0000,1639.7700,45,16.6100,17.6400,0.0002,1.5672,1.8630,2013-10-17,1.0000,189,1780.0000,1790.0000,False,1785.0000,1.5672,0.0500,0.8900,0.4000,37 x 22,1.0000,0.1184,0.0198,1639.1600,,True,0.4700,0.4200,False,8.8567,15.3362,17.1327,11.8360,8.8567,call,entry (~45 DTE),14.4757,-0.3952,-0.3000,VIX 15-25,08-10 %
43,entry,2013-09-03,2013-09-03,2013-09-27,2013-10-18,dte_exit,long_call,C,1805.0000,1639.7700,45,16.6100,17.6400,0.0002,0.7735,1.8630,2013-10-17,1.0000,189,1800.0000,1810.0000,False,1805.0000,0.7735,0.0500,0.7000,0.3000,1 x 22,4.0000,0.1265,0.0150,1639.1600,,True,0.3750,0.3250,False,10.0764,15.3362,17.1327,12.6530,10.0764,call,entry (~45 DTE),14.1098,-0.2663,-0.3000,VIX 15-25,10-12 %
43,exit,2013-09-27,2013-09-03,2013-09-27,2013-10-18,dte_exit,long_put,P,1430.0000,1691.7500,21,15.4600,16.0400,0.0002,0.1812,0.7604,2013-10-17,1.0000,189,1425.0000,1435.0000,False,1430.0000,0.1812,0.1600,1.1000,0.4500,124 x 124,20.0000,0.3211,-0.0134,1691.6000,,True,0.6300,0.4700,False,-15.4721,13.0593,15.0754,32.1110,-15.4721,put,exit (~21 DTE),27.4531,1.2314,0.8000,VIX 15-25,14-16 %
43,exit,2013-09-27,2013-09-03,2013-09-27,2013-10-18,dte_exit,short_put,P,1450.0000,1691.7500,21,15.4600,16.0400,0.0002,0.2612,0.7604,2013-10-17,1.0000,189,1445.0000,1455.0000,False,1450.0000,0.2612,0.6500,0.9000,0.8000,77 x 10,145.0000,0.3069,-0.0170,1691.6000,,True,0.7750,0.1250,False,-14.2899,13.0593,15.0754,30.6930,-14.2899,put,exit (~21 DTE),26.5073,1.2340,0.8000,VIX 15-25,14-16 %
43,exit,2013-09-27,2013-09-03,2013-09-27,2013-10-18,dte_exit,short_call,C,1785.0000,1691.7500,21,15.4600,16.0400,0.0002,1.0400,0.7604,2013-10-17,1.0000,189,1780.0000,1790.0000,False,1785.0000,1.0400,0.2500,0.7000,0.3500,8 x 114,,0.1160,0.0263,1691.6000,,True,0.4750,0.2250,False,5.5120,13.0593,15.0754,11.5970,5.5120,call,exit (~21 DTE),13.4218,-0.2653,-0.3000,VIX 15-25,04-6 %
43,exit,2013-09-27,2013-09-03,2013-09-27,2013-10-18,dte_exit,long_call,C,1805.0000,1691.7500,21,15.4600,16.0400,0.0002,0.3595,0.7604,2013-10-17,1.0000,189,1800.0000,1810.0000,False,1805.0000,0.3595,0.1400,0.2000,0.0000,10 x 20,,0.1181,0.0105,1691.6000,,True,0.1700,0.0300,False,6.6943,13.0593,15.0754,11.8120,6.6943,call,exit (~21 DTE),13.0671,-0.1863,-0.3000,VIX 15-25,06-8 %
44,entry,2013-10-01,2013-10-01,2013-10-25,2013-11-15,dte_exit,long_put,P,1490.0000,1695.0000,45,15.5400,16.1300,0.0002,5.0018,1.7709,2013-11-14,1.0000,173,1485.0000,1495.0000,False,1490.0000,5.0018,2.6500,3.6000,3.5000,114 x 119,110.0000,0.2291,-0.0532,1694.6800,,True,3.1250,0.4750,False,-12.0944,13.4025,15.8377,22.9130,-12.0944,put,entry (~45 DTE),25.5133,0.7864,0.8000,VIX 15-25,12-14 %
44,entry,2013-10-01,2013-10-01,2013-10-25,2013-11-15,dte_exit,short_put,P,1510.0000,1695.0000,45,15.5400,16.1300,0.0002,6.0303,1.7709,2013-11-14,1.0000,173,1505.0000,1515.0000,False,1510.0000,6.0303,3.3000,4.3000,3.8500,114 x 114,8.0000,0.2192,-0.0647,1694.6800,,True,3.8000,0.5000,False,-10.9145,13.4025,15.8377,21.9220,-10.9145,put,entry (~45 DTE),24.5693,0.7806,0.8000,VIX 15-25,10-12 %
44,entry,2013-10-01,2013-10-01,2013-10-25,2013-11-15,dte_exit,short_call,C,1835.0000,1695.0000,45,15.5400,16.1300,0.0002,1.4018,1.7709,2013-11-14,1.0000,173,1830.0000,1840.0000,False,1835.0000,1.4018,0.0500,0.8000,0.3500,111 x 124,6.0000,0.1104,0.0184,1694.6800,,True,0.4250,0.3750,False,8.2596,13.4025,15.8377,11.0430,8.2596,call,entry (~45 DTE),13.3599,-0.2857,-0.3000,VIX 15-25,08-10 %
44,entry,2013-10-01,2013-10-01,2013-10-25,2013-11-15,dte_exit,long_call,C,1855.0000,1695.0000,45,15.5400,16.1300,0.0002,0.6593,1.7709,2013-11-14,1.0000,173,1850.0000,1860.0000,True,1850.0000,0.8037,0.0500,0.3000,0.2000,125 x 1,1.0000,0.1062,0.0088,1694.6800,,True,0.1750,0.1250,False,9.4395,13.4025,15.8377,10.6170,9.1445,call,entry (~45 DTE),13.0944,-0.3046,-0.3000,VIX 15-25,08-10 %
44,exit,2013-10-25,2013-10-01,2013-10-25,2013-11-15,dte_exit,long_put,P,1490.0000,1759.7700,21,13.0900,14.8700,0.0004,0.0565,0.6529,2013-11-14,1.0000,176,1485.0000,1495.0000,False,1490.0000,0.0565,0.2000,0.8000,0.2000,200 x 114,32.0000,0.3043,-0.0113,1759.5700,,True,0.5000,0.3000,False,-15.3298,10.2423,11.8048,30.4260,-15.3298,put,exit (~21 DTE),24.0687,1.3166,0.8000,VIX < 15,14-16 %
44,exit,2013-10-25,2013-10-01,2013-10-25,2013-11-15,dte_exit,short_put,P,1510.0000,1759.7700,21,13.0900,14.8700,0.0004,0.0840,0.6529,2013-11-14,1.0000,176,1505.0000,1515.0000,False,1510.0000,0.0840,0.0400,0.5600,0.4500,263 x 2,23.0000,0.2642,-0.0076,1759.5700,,True,0.3000,0.2600,False,-14.1933,10.2423,11.8048,26.4190,-14.1933,put,exit (~21 DTE),23.1595,1.1397,0.8000,VIX < 15,14-16 %
44,exit,2013-10-25,2013-10-01,2013-10-25,2013-11-15,dte_exit,short_call,C,1835.0000,1759.7700,21,13.0900,14.8700,0.0004,0.8456,0.6529,2013-11-14,1.0000,176,1830.0000,1840.0000,False,1835.0000,0.8456,0.3500,0.9500,0.0000,20 x 124,,0.1029,0.0378,1759.5700,,True,0.6500,0.3000,False,4.2750,10.2423,11.8048,10.2920,4.2750,call,exit (~21 DTE),10.5223,0.0116,-0.3000,VIX < 15,04-6 %
44,exit,2013-10-25,2013-10-01,2013-10-25,2013-11-15,dte_exit,long_call,C,1855.0000,1759.7700,21,13.0900,14.8700,0.0004,0.2202,0.6529,2013-11-14,1.0000,176,1850.0000,1860.0000,False,1855.0000,0.2202,0.1400,0.2500,0.0000,31 x 20,,0.1025,0.0135,1759.5700,,True,0.1950,0.0550,False,5.4115,10.2423,11.8048,10.2490,5.4115,call,exit (~21 DTE),10.1814,0.0012,-0.3000,VIX < 15,04-6 %
45,entry,2013-11-05,2013-11-05,2013-11-29,2013-12-20,dte_exit,long_put,P,1575.0000,1762.9700,45,13.2700,14.9200,0.0005,4.9027,2.4332,2013-12-19,1.0000,200,1570.0000,1580.0000,False,1575.0000,4.9027,1.9000,2.8100,2.2500,123 x 133,,0.1895,-0.0469,1762.8500,,True,2.3550,0.4550,False,-10.6621,11.4590,14.1191,18.9460,-10.6621,put,entry (~45 DTE),22.6488,0.7022,0.8000,VIX < 15,10-12 %
45,entry,2013-11-05,2013-11-05,2013-11-29,2013-12-20,dte_exit,short_put,P,1600.0000,1762.9700,45,13.2700,14.9200,0.0005,6.2716,2.4332,2013-12-19,1.0000,200,1595.0000,1605.0000,False,1600.0000,6.2716,2.7500,3.3000,3.1000,4 x 45,,0.1762,-0.0623,1762.8500,,True,3.0250,0.2750,False,-9.2441,11.4590,14.1191,17.6160,-9.2441,put,entry (~45 DTE),21.5144,0.6660,0.8000,VIX < 15,08-10 %
45,entry,2013-11-05,2013-11-05,2013-11-29,2013-12-20,dte_exit,short_call,C,1885.0000,1762.9700,45,13.2700,14.9200,0.0005,1.6864,2.4332,2013-12-19,1.0000,200,1880.0000,1890.0000,False,1885.0000,1.6864,0.4500,1.0900,0.6500,2 x 30,4.0000,0.1072,0.0302,1762.8500,,True,0.7700,0.3200,False,6.9218,11.4590,14.1191,10.7240,6.9218,call,entry (~45 DTE),12.0426,-0.1062,-0.3000,VIX < 15,06-8 %
45,entry,2013-11-05,2013-11-05,2013-11-29,2013-12-20,dte_exit,long_call,C,1910.0000,1762.9700,45,13.2700,14.9200,0.0005,0.6221,2.4332,2013-12-19,1.0000,200,1905.0000,1915.0000,False,1910.0000,0.6221,0.2500,0.4500,0.0000,2 x 6,,0.1091,0.0150,1762.8500,,True,0.3500,0.1000,False,8.3399,11.4590,14.1191,10.9060,8.3399,call,entry (~45 DTE),11.6172,-0.0663,-0.3000,VIX < 15,08-10 %
45,exit,2013-11-29,2013-11-05,2013-11-29,2013-12-20,dte_exit,long_put,P,1575.0000,1805.8101,21,13.7000,15.0300,0.0006,0.2081,1.0524,2013-12-19,1.0000,202,1570.0000,1580.0000,False,1575.0000,0.2081,0.8100,1.0500,1.0200,103 x 103,751.0000,0.2806,-0.0203,1805.8100,,True,0.9300,0.1200,False,-12.7815,10.6010,12.7721,28.0560,-12.7815,put,exit (~21 DTE),22.9973,1.3656,0.8000,VIX < 15,12-14 %
45,exit,2013-11-29,2013-11-05,2013-11-29,2013-12-20,dte_exit,short_put,P,1600.0000,1805.8101,21,13.7000,15.0300,0.0006,0.3374,1.0524,2013-12-19,1.0000,202,1595.0000,1605.0000,False,1600.0000,0.3374,1.0000,1.2500,1.0000,103 x 103,,0.2610,-0.0253,1805.8100,,True,1.1250,0.1250,False,-11.3971,10.6010,12.7721,26.0960,-11.3971,put,exit (~21 DTE),21.8898,1.3596,0.8000,VIX < 15,10-12 %
45,exit,2013-11-29,2013-11-05,2013-11-29,2013-12-20,dte_exit,short_call,C,1885.0000,1805.8101,21,13.7000,15.0300,0.0006,1.2003,1.0524,2013-12-19,1.0000,202,1880.0000,1890.0000,False,1885.0000,1.2003,0.6000,0.8500,0.6500,103 x 103,26.0000,0.1043,0.0403,1805.8100,,True,0.7250,0.1250,False,4.3853,10.6010,12.7721,10.4340,4.3853,call,exit (~21 DTE),11.4565,-0.0381,-0.3000,VIX < 15,04-6 %
45,exit,2013-11-29,2013-11-05,2013-11-29,2013-12-20,dte_exit,long_call,C,1910.0000,1805.8101,21,13.7000,15.0300,0.0006,0.2772,1.0524,2013-12-19,1.0000,202,1905.0000,1915.0000,False,1910.0000,0.2772,0.2400,0.5000,0.0000,103 x 103,,0.1162,0.0199,1805.8100,,True,0.3700,0.1300,False,5.7697,10.6010,12.7721,11.6170,5.7697,call,exit (~21 DTE),11.0412,0.1761,-0.3000,VIX < 15,04-6 %
46,entry,2013-12-03,2013-12-03,2013-12-24,2014-01-17,profit_target,long_put,P,1585.0000,1795.1500,45,14.5500,15.4900,0.0006,4.9166,2.1467,2014-01-16,1.0000,201,1580.0000,1590.0000,False,1585.0000,4.9166,2.4000,3.2900,3.2000,123 x 123,7.0000,0.2151,-0.0490,1795.1600,,True,2.8450,0.4450,False,-11.7065,11.9223,15.0274,21.5060,-11.7065,put,entry (~45 DTE),24.3926,0.8187,0.8000,VIX < 15,10-12 %
46,entry,2013-12-03,2013-12-03,2013-12-24,2014-01-17,profit_target,short_put,P,1610.0000,1795.1500,45,14.5500,15.4900,0.0006,6.1826,2.1467,2014-01-16,1.0000,201,1605.0000,1615.0000,False,1610.0000,6.1826,3.1100,4.0000,4.2000,123 x 30,263.0000,0.2023,-0.0631,1795.1600,,True,3.5550,0.4450,False,-10.3139,11.9223,15.0274,20.2250,-10.3139,put,entry (~45 DTE),23.2785,0.8050,0.8000,VIX < 15,10-12 %
46,entry,2013-12-03,2013-12-03,2013-12-24,2014-01-17,profit_target,short_call,C,1935.0000,1795.1500,45,14.5500,15.4900,0.0006,1.4325,2.1467,2014-01-16,1.0000,201,1930.0000,1940.0000,True,1930.0000,1.7026,0.2600,1.1500,0.8000,123 x 30,1.0000,0.1099,0.0270,1795.1600,,True,0.7050,0.4450,False,7.7904,11.9223,15.0274,10.9930,7.5119,call,entry (~45 DTE),12.7738,-0.1237,-0.3000,VIX < 15,06-8 %
46,entry,2013-12-03,2013-12-03,2013-12-24,2014-01-17,profit_target,long_call,C,1960.0000,1795.1500,45,14.5500,15.4900,0.0006,0.5518,2.1467,2014-01-16,1.0000,201,1950.0000,1970.0000,True,1950.0000,0.8236,0.0500,0.9000,0.4500,47 x 30,106.0000,0.1155,0.0184,1795.1600,,True,0.4750,0.4250,False,9.1831,11.9223,15.0274,11.5470,8.6260,call,entry (~45 DTE),12.4395,-0.0435,-0.3000,VIX < 15,08-10 %
46,exit,2013-12-24,2013-12-03,2013-12-24,2014-01-17,profit_target,long_put,P,1585.0000,1833.3199,24,12.4800,14.2400,0.0007,0.1998,0.3591,2014-01-16,1.0000,207,1580.0000,1590.0000,False,1585.0000,0.1998,0.3500,0.9000,0.0000,10 x 1,,0.2630,-0.0145,1833.3200,,True,0.6250,0.2750,False,-13.5448,9.6105,11.7522,26.2960,-13.5448,put,exit (~21 DTE),22.5881,1.2319,0.8000,VIX < 15,12-14 %
46,exit,2013-12-24,2013-12-03,2013-12-24,2014-01-17,profit_target,short_put,P,1610.0000,1833.3199,24,12.4800,14.2400,0.0007,0.3086,0.3591,2014-01-16,1.0000,207,1605.0000,1615.0000,False,1610.0000,0.3086,0.5100,1.1500,1.0000,10 x 1,3.0000,0.2484,-0.0190,1833.3200,,True,0.8300,0.3200,False,-12.1812,9.6105,11.7522,24.8380,-12.1812,put,exit (~21 DTE),21.4972,1.2501,0.8000,VIX < 15,12-14 %
46,exit,2013-12-24,2013-12-03,2013-12-24,2014-01-17,profit_target,short_call,C,1935.0000,1833.3199,24,12.4800,14.2400,0.0007,0.2956,0.3591,2014-01-16,1.0000,207,1930.0000,1940.0000,False,1935.0000,0.2956,0.0500,0.7900,0.0000,250 x 103,,0.1054,0.0234,1833.3200,,True,0.4200,0.3700,False,5.5462,9.6105,11.7522,10.5370,5.5462,call,exit (~21 DTE),10.0884,0.1671,-0.3000,VIX < 15,04-6 %
46,exit,2013-12-24,2013-12-03,2013-12-24,2014-01-17,profit_target,long_call,C,1960.0000,1833.3199,24,12.4800,14.2400,0.0007,0.0452,0.3591,2014-01-16,1.0000,207,1955.0000,1965.0000,False,1960.0000,0.0452,0.0500,0.7500,0.0000,225 x 10,,0.1241,0.0191,1833.3200,,True,0.4000,0.3500,False,6.9099,9.6105,11.7522,12.4150,6.9099,call,exit (~21 DTE),9.6793,0.4059,-0.3000,VIX < 15,06-8 %
47,entry,2014-01-07,2014-01-07,2014-01-31,2014-02-21,dte_exit,long_put,P,1645.0000,1837.8800,45,12.9200,14.4100,0.0004,4.8623,2.2637,2014-02-20,1.0000,192,1640.0000,1650.0000,False,1645.0000,4.8623,2.2100,2.9900,2.9500,123 x 123,10.0000,0.1904,-0.0496,1837.8300,,True,2.6000,0.3900,False,-10.4947,10.8498,13.6853,19.0440,-10.4947,put,entry (~45 DTE),22.0811,0.7808,0.8000,VIX < 15,10-12 %
47,entry,2014-01-07,2014-01-07,2014-01-31,2014-02-21,dte_exit,short_put,P,1670.0000,1837.8800,45,12.9200,14.4100,0.0004,6.1885,2.2637,2014-02-20,1.0000,192,1665.0000,1675.0000,False,1670.0000,6.1885,2.9400,3.7000,3.2200,133 x 133,337.0000,0.1782,-0.0651,1837.8300,,True,3.3200,0.3800,False,-9.1344,10.8498,13.6853,17.8200,-9.1344,put,entry (~45 DTE),20.9928,0.7631,0.8000,VIX < 15,08-10 %
47,entry,2014-01-07,2014-01-07,2014-01-31,2014-02-21,dte_exit,short_call,C,1965.0000,1837.8800,45,12.9200,14.4100,0.0004,1.4689,2.2637,2014-02-20,1.0000,192,1960.0000,1970.0000,False,1965.0000,1.4689,0.4000,0.9500,0.0000,1 x 123,,0.1026,0.0273,1837.8300,,True,0.6750,0.2750,False,6.9167,10.8498,13.6853,10.2590,6.9167,call,entry (~45 DTE),11.6103,-0.0854,-0.3000,VIX < 15,06-8 %
47,exit,2014-01-31,2014-01-07,2014-01-31,2014-02-21,dte_exit,long_put,P,1645.0000,1782.5900,21,18.4100,18.0900,0.0002,4.2820,2.0598,2014-02-20,1.0000,192,1640.0000,1650.0000,False,1645.0000,4.2820,3.7100,4.8000,3.3500,11 x 11,17.0000,0.2452,-0.0859,1782.4800,,True,4.2550,0.5450,False,-7.7185,15.3525,18.6128,24.5150,-7.7185,put,exit (~21 DTE),24.7876,1.1871,0.8000,VIX 15-25,06-8 %
47,exit,2014-01-31,2014-01-07,2014-01-31,2014-02-21,dte_exit,short_put,P,1670.0000,1782.5900,21,18.4100,18.0900,0.0002,6.2721,2.0598,2014-02-20,1.0000,192,1665.0000,1675.0000,False,1670.0000,6.2721,5.2000,6.1900,5.6000,114 x 114,127.0000,0.2268,-0.1168,1782.4800,,True,5.6950,0.4950,False,-6.3161,15.3525,18.6128,22.6790,-6.3161,put,exit (~21 DTE),23.6657,1.1600,0.8000,VIX 15-25,06-8 %
48,entry,2014-02-06,2014-02-06,2014-02-28,2014-03-21,dte_exit,long_put,P,1540.0000,1773.4301,43,17.2300,17.7900,0.0007,5.2034,2.2321,2014-03-20,1.0000,218,1535.0000,1545.0000,False,1540.0000,5.2034,3.2000,3.5900,3.9000,2 x 1,1.0000,0.2519,-0.0508,1773.1000,,True,3.3950,0.1950,False,-13.1626,14.3835,17.4862,25.1870,-13.1626,put,entry (~45 DTE),28.0163,0.8208,0.8000,VIX 15-25,12-14 %
48,entry,2014-02-06,2014-02-06,2014-02-28,2014-03-21,dte_exit,short_put,P,1565.0000,1773.4301,43,17.2300,17.7900,0.0007,6.4631,2.2321,2014-03-20,1.0000,218,1560.0000,1570.0000,False,1565.0000,6.4631,3.6000,4.8000,4.6000,123 x 123,8.0000,0.2382,-0.0640,1773.1000,,True,4.2000,0.6000,False,-11.7529,14.3835,17.4862,23.8250,-11.7529,put,entry (~45 DTE),26.8885,0.8033,0.8000,VIX 15-25,10-12 %
48,entry,2014-02-06,2014-02-06,2014-02-28,2014-03-21,dte_exit,short_call,C,1930.0000,1773.4301,43,17.2300,17.7900,0.0007,1.7449,2.2321,2014-03-20,1.0000,218,1925.0000,1935.0000,False,1930.0000,1.7449,0.4100,1.0500,0.6100,4 x 123,48.0000,0.1301,0.0242,1773.1000,,True,0.7300,0.3200,False,8.8287,14.3835,17.4862,13.0130,8.8287,call,entry (~45 DTE),14.8376,-0.1552,-0.3000,VIX 15-25,08-10 %
48,entry,2014-02-06,2014-02-06,2014-02-28,2014-03-21,dte_exit,long_call,C,1955.0000,1773.4301,43,17.2300,17.7900,0.0007,0.7726,2.2321,2014-03-20,1.0000,218,1950.0000,1960.0000,False,1955.0000,0.7726,0.0600,0.8500,0.0000,245 x 133,,0.1365,0.0155,1773.1000,,True,0.4550,0.3950,False,10.2383,14.3835,17.4862,13.6470,10.2383,call,entry (~45 DTE),14.4147,-0.0719,-0.3000,VIX 15-25,10-12 %
48,exit,2014-02-28,2014-02-06,2014-02-28,2014-03-21,dte_exit,long_put,P,1540.0000,1859.4500,21,14.0000,15.8000,0.0005,0.0476,1.5147,2014-03-20,1.0000,218,1535.0000,1545.0000,False,1540.0000,0.0476,0.0600,0.8600,0.4500,280 x 133,1.0000,0.3344,-0.0090,1859.0200,,True,0.4600,0.4000,False,-17.1798,11.6665,12.7089,33.4370,-17.1798,put,exit (~21 DTE),26.4528,1.2672,0.8000,VIX < 15,16-18 %
48,exit,2014-02-28,2014-02-06,2014-02-28,2014-03-21,dte_exit,short_put,P,1565.0000,1859.4500,21,14.0000,15.8000,0.0005,0.0742,1.5147,2014-03-20,1.0000,218,1560.0000,1570.0000,False,1565.0000,0.0742,0.0500,0.9000,0.4500,280 x 30,2.0000,0.3113,-0.0098,1859.0200,,True,0.4750,0.4250,False,-15.8353,11.6665,12.7089,31.1250,-15.8353,put,exit (~21 DTE),25.3772,1.2288,0.8000,VIX < 15,14-16 %
48,exit,2014-02-28,2014-02-06,2014-02-28,2014-03-21,dte_exit,short_call,C,1930.0000,1859.4500,21,14.0000,15.8000,0.0005,2.0497,1.5147,2014-03-20,1.0000,218,1925.0000,1935.0000,False,1930.0000,2.0497,0.5000,1.4000,0.8000,3 x 133,,0.0987,0.0517,1859.0200,,True,0.9500,0.4500,False,3.7941,11.6665,12.7089,9.8740,3.7941,call,exit (~21 DTE),11.5707,-0.4724,-0.3000,VIX < 15,02-4 %
48,exit,2014-02-28,2014-02-06,2014-02-28,2014-03-21,dte_exit,long_call,C,1955.0000,1859.4500,21,14.0000,15.8000,0.0005,0.5616,1.5147,2014-03-20,1.0000,218,1950.0000,1960.0000,False,1955.0000,0.5616,0.0400,0.8500,0.4300,320 x 123,3.0000,0.1091,0.0251,1859.0200,,True,0.4450,0.4050,False,5.1386,11.6665,12.7089,10.9110,5.1386,call,exit (~21 DTE),11.1674,-0.1470,-0.3000,VIX < 15,04-6 %
49,entry,2014-03-03,2014-03-03,2014-03-24,2014-04-17,profit_target,long_put,P,1615.0000,1845.7300,45,16.0000,16.9200,0.0005,5.6475,2.3327,2014-04-16,1.0000,189,1610.0000,1620.0000,False,1615.0000,5.6475,3.3900,4.4000,3.7000,114 x 114,54.0000,0.2421,-0.0569,1845.4200,,True,3.8950,0.5050,False,-12.5007,13.2022,16.4664,24.2060,-12.5007,put,entry (~45 DTE),26.4670,0.8802,0.8000,VIX 15-25,12-14 %
49,entry,2014-03-03,2014-03-03,2014-03-24,2014-04-17,profit_target,short_put,P,1640.0000,1845.7300,45,16.0000,16.9200,0.0005,6.9602,2.3327,2014-04-16,1.0000,189,1635.0000,1645.0000,False,1640.0000,6.9602,4.2000,5.3000,4.9500,114 x 114,6.0000,0.2291,-0.0702,1845.4200,,True,4.7500,0.5500,False,-11.1463,13.2022,16.4664,22.9060,-11.1463,put,entry (~45 DTE),25.3834,0.8706,0.8000,VIX 15-25,10-12 %
49,entry,2014-03-03,2014-03-03,2014-03-24,2014-04-17,profit_target,short_call,C,2000.0000,1845.7300,45,16.0000,16.9200,0.0005,1.8312,2.3327,2014-04-16,1.0000,189,1995.0000,2005.0000,False,2000.0000,1.8312,0.2500,0.4000,0.3000,132 x 1,100.0000,0.1065,0.0133,1845.4200,,True,0.3250,0.0750,False,8.3582,13.2022,16.4664,10.6450,8.3582,call,entry (~45 DTE),13.9590,-0.3060,-0.3000,VIX 15-25,08-10 %
49,entry,2014-03-03,2014-03-03,2014-03-24,2014-04-17,profit_target,long_call,C,2025.0000,1845.7300,45,16.0000,16.9200,0.0005,0.8111,2.3327,2014-04-16,1.0000,189,2020.0000,2030.0000,False,2025.0000,0.8111,0.0500,0.6400,0.0000,5 x 124,,0.1209,0.0128,1845.4200,,True,0.3450,0.2950,False,9.7127,13.2022,16.4664,12.0890,9.7127,call,entry (~45 DTE),13.5526,-0.1146,-0.3000,VIX 15-25,08-10 %
49,exit,2014-03-24,2014-03-03,2014-03-24,2014-04-17,profit_target,long_put,P,1615.0000,1857.4399,24,15.0900,16.1000,0.0006,0.6184,0.4380,2014-04-16,1.0000,189,1610.0000,1620.0000,False,1615.0000,0.6184,0.6100,1.4500,1.0500,103 x 21,2.0000,0.2709,-0.0206,1857.6300,,True,1.0300,0.4200,False,-13.0524,12.2707,14.6934,27.0930,-13.0524,put,exit (~21 DTE),25.1353,1.1356,0.8000,VIX 15-25,12-14 %
49,exit,2014-03-24,2014-03-03,2014-03-24,2014-04-17,profit_target,short_put,P,1640.0000,1857.4399,24,15.0900,16.1000,0.0006,0.9066,0.4380,2014-04-16,1.0000,189,1635.0000,1645.0000,False,1640.0000,0.9066,0.8600,1.7000,1.4500,103 x 21,7.0000,0.2536,-0.0272,1857.6300,,True,1.2800,0.4200,False,-11.7064,12.2707,14.6934,25.3630,-11.7064,put,exit (~21 DTE),24.0585,1.1184,0.8000,VIX 15-25,10-12 %
49,exit,2014-03-24,2014-03-03,2014-03-24,2014-04-17,profit_target,short_call,C,2000.0000,1857.4399,24,15.0900,16.1000,0.0006,0.1893,0.4380,2014-04-16,1.0000,189,1995.0000,2005.0000,False,2000.0000,0.1893,0.0400,0.2000,0.1800,540 x 125,694.0000,0.1183,0.0065,1857.6300,,True,0.1200,0.0800,False,7.6751,12.2707,14.6934,11.8350,7.6751,call,exit (~21 DTE),12.3908,-0.0568,-0.3000,VIX 15-25,06-8 %
49,exit,2014-03-24,2014-03-03,2014-03-24,2014-04-17,profit_target,long_call,C,2025.0000,1857.4399,24,15.0900,16.1000,0.0006,0.0395,0.4380,2014-04-16,1.0000,189,2020.0000,2030.0000,False,2025.0000,0.0395,0.0400,0.1600,0.1000,2 x 25,12.0000,0.1317,0.0055,1857.6300,,True,0.1000,0.0600,False,9.0210,12.2707,14.6934,13.1660,9.0210,call,exit (~21 DTE),11.9871,0.0992,-0.3000,VIX 15-25,08-10 %
50,entry,2014-04-01,2014-04-01,2014-04-22,2014-05-16,profit_target,long_put,P,1685.0000,1885.5200,45,13.1000,14.4000,0.0004,4.9408,2.3020,2014-05-15,1.0000,193,1680.0000,1690.0000,False,1685.0000,4.9408,2.3500,3.3000,2.8000,114 x 114,17.0000,0.1949,-0.0508,1885.5700,,True,2.8250,0.4750,False,-10.6347,11.1422,13.7654,19.4930,-10.6347,put,entry (~45 DTE),22.2731,0.7852,0.8000,VIX < 15,10-12 %
50,entry,2014-04-01,2014-04-01,2014-04-22,2014-05-16,profit_target,short_put,P,1710.0000,1885.5200,45,13.1000,14.4000,0.0004,6.2409,2.3020,2014-05-15,1.0000,193,1705.0000,1715.0000,False,1710.0000,6.2409,3.1100,4.1000,3.7500,114 x 114,11.0000,0.1830,-0.0657,1885.5700,,True,3.6050,0.4950,False,-9.3088,11.1422,13.7654,18.3020,-9.3088,put,entry (~45 DTE),21.2124,0.7691,0.8000,VIX < 15,08-10 %
50,entry,2014-04-01,2014-04-01,2014-04-22,2014-05-16,profit_target,short_call,C,2015.0000,1885.5200,45,13.1000,14.4000,0.0004,1.6133,2.3020,2014-05-15,1.0000,193,2010.0000,2020.0000,False,2015.0000,1.6133,0.1500,0.8900,0.0000,1 x 114,,0.0973,0.0221,1885.5700,,True,0.5200,0.3700,False,6.8671,11.1422,13.7654,9.7250,6.8671,call,entry (~45 DTE),11.7052,-0.2064,-0.3000,VIX < 15,06-8 %
50,entry,2014-04-01,2014-04-01,2014-04-22,2014-05-16,profit_target,long_call,C,2040.0000,1885.5200,45,13.1000,14.4000,0.0004,0.6113,2.3020,2014-05-15,1.0000,193,2030.0000,2050.0000,False,2040.0000,0.6113,0.0400,0.7000,0.2500,1 x 114,20.0000,0.1062,0.0150,1885.5700,,True,0.3700,0.3300,False,8.1930,11.1422,13.7654,10.6220,8.1930,call,entry (~45 DTE),11.3075,-0.0635,-0.3000,VIX < 15,08-10 %
50,exit,2014-04-22,2014-04-01,2014-04-22,2014-05-16,profit_target,long_put,P,1685.0000,1879.5500,24,13.1900,14.6100,0.0003,0.7645,0.4711,2014-05-15,1.0000,193,1680.0000,1690.0000,False,1685.0000,0.7645,0.4000,1.3000,0.8500,10 x 103,350.0000,0.2114,-0.0220,1879.7300,,True,0.8500,0.4500,False,-10.3509,10.9995,12.6164,21.1370,-10.3509,put,exit (~21 DTE),20.8971,0.9794,0.8000,VIX < 15,10-12 %
50,exit,2014-04-22,2014-04-01,2014-04-22,2014-05-16,profit_target,short_put,P,1710.0000,1879.5500,24,13.1900,14.6100,0.0003,1.1755,0.4711,2014-05-15,1.0000,193,1705.0000,1715.0000,False,1710.0000,1.1755,0.6500,1.5100,1.1000,113 x 5,73.0000,0.1947,-0.0292,1879.7300,,True,1.0800,0.4300,False,-9.0208,10.9995,12.6164,19.4660,-9.0208,put,exit (~21 DTE),19.8330,0.9386,0.8000,VIX < 15,08-10 %
50,exit,2014-04-22,2014-04-01,2014-04-22,2014-05-16,profit_target,short_call,C,2015.0000,1879.5500,24,13.1900,14.6100,0.0003,0.0689,0.4711,2014-05-15,1.0000,193,2010.0000,2020.0000,False,2015.0000,0.0689,0.0500,0.1500,0.1000,9 x 350,,0.1093,0.0057,1879.7300,,True,0.1000,0.0500,False,7.2065,10.9995,12.6164,10.9310,7.2065,call,exit (~21 DTE),10.4544,-0.0095,-0.3000,VIX < 15,06-8 %
51,entry,2014-05-06,2014-05-06,2014-05-23,2014-06-20,profit_target,long_put,P,1660.0000,1867.7200,45,13.8000,15.1200,0.0003,5.1228,2.2596,2014-06-19,1.0000,215,1655.0000,1665.0000,False,1660.0000,5.1228,2.5000,3.0000,2.8000,103 x 50,26.0000,0.2034,-0.0480,1867.7700,,True,2.7500,0.2500,False,-11.1216,11.9797,14.4751,20.3390,-11.1216,put,entry (~45 DTE),23.3723,0.7516,0.8000,VIX < 15,10-12 %
51,entry,2014-05-06,2014-05-06,2014-05-23,2014-06-20,profit_target,short_put,P,1685.0000,1867.7200,45,13.8000,15.1200,0.0003,6.4286,2.2596,2014-06-19,1.0000,215,1680.0000,1690.0000,False,1685.0000,6.4286,3.3000,4.2000,2.8000,114 x 2,4.0000,0.1946,-0.0654,1867.7700,,True,3.7500,0.4500,False,-9.7830,11.9797,14.4751,19.4570,-9.7830,put,entry (~45 DTE),22.3015,0.7643,0.8000,VIX < 15,08-10 %
51,entry,2014-05-06,2014-05-06,2014-05-23,2014-06-20,profit_target,short_call,C,2005.0000,1867.7200,45,13.8000,15.1200,0.0003,1.5669,2.2596,2014-06-19,1.0000,215,2000.0000,2010.0000,False,2005.0000,1.5669,0.2500,0.8500,0.5400,5 x 120,12.0000,0.1022,0.0224,1867.7700,,True,0.5500,0.3000,False,7.3501,11.9797,14.4751,10.2220,7.3501,call,entry (~45 DTE),12.2700,-0.2391,-0.3000,VIX < 15,06-8 %
51,entry,2014-05-06,2014-05-06,2014-05-23,2014-06-20,profit_target,long_call,C,2030.0000,1867.7200,45,13.8000,15.1200,0.0003,0.6132,2.2596,2014-06-19,1.0000,215,2025.0000,2035.0000,False,2030.0000,0.6132,0.1500,0.6500,0.0000,4 x 115,,0.1118,0.0153,1867.7700,,True,0.4000,0.2500,False,8.6887,11.9797,14.4751,11.1820,8.6887,call,entry (~45 DTE),11.8685,-0.0918,-0.3000,VIX < 15,08-10 %
51,exit,2014-05-23,2014-05-06,2014-05-23,2014-06-20,profit_target,long_put,P,1660.0000,1900.5300,28,11.3600,13.6200,0.0004,0.4003,0.4686,2014-06-19,1.0000,215,1655.0000,1665.0000,False,1660.0000,0.4003,0.2500,1.0000,0.5000,5 x 10,4.0000,0.2236,-0.0147,1900.5700,,True,0.6250,0.3750,False,-12.6559,9.4600,11.0906,22.3630,-12.6559,put,exit (~21 DTE),21.2153,1.0195,0.8000,VIX < 15,12-14 %
51,exit,2014-05-23,2014-05-06,2014-05-23,2014-06-20,profit_target,short_put,P,1685.0000,1900.5300,28,11.3600,13.6200,0.0004,0.5855,0.4686,2014-06-19,1.0000,215,1680.0000,1690.0000,False,1685.0000,0.5855,0.5000,1.1000,0.7100,6 x 10,10.0000,0.2097,-0.0191,1900.5700,,True,0.8000,0.3000,False,-11.3405,9.4600,11.0906,20.9720,-11.3405,put,exit (~21 DTE),20.1630,1.0151,0.8000,VIX < 15,10-12 %
51,exit,2014-05-23,2014-05-06,2014-05-23,2014-06-20,profit_target,short_call,C,2005.0000,1900.5300,28,11.3600,13.6200,0.0004,0.3400,0.4686,2014-06-19,1.0000,215,2000.0000,2010.0000,False,2005.0000,0.3400,0.1000,0.3100,0.0000,1 x 2,,0.0890,0.0121,1900.5700,,True,0.2050,0.1050,False,5.4969,9.4600,11.0906,8.8990,5.4969,call,exit (~21 DTE),9.4415,-0.1021,-0.3000,VIX < 15,04-6 %
51,exit,2014-05-23,2014-05-06,2014-05-23,2014-06-20,profit_target,long_call,C,2030.0000,1900.5300,28,11.3600,13.6200,0.0004,0.0566,0.4686,2014-06-19,1.0000,215,2025.0000,2035.0000,False,2030.0000,0.0566,0.0400,0.2600,0.0000,11 x 25,,0.1021,0.0087,1900.5700,,True,0.1500,0.1100,False,6.8123,9.4600,11.0906,10.2120,6.8123,call,exit (~21 DTE),9.0469,0.1104,-0.3000,VIX < 15,06-8 %
52,entry,2014-06-03,2014-06-03,2014-06-26,2014-07-18,profit_target,long_put,P,1740.0000,1924.2400,45,11.8700,13.8200,0.0004,5.1557,2.4891,2014-07-17,1.0000,186,1735.0000,1745.0000,False,1740.0000,5.1557,2.1000,3.0000,2.6600,114 x 1,18.0000,0.1745,-0.0504,1924.2400,,True,2.5500,0.4500,False,-9.5747,10.5740,12.8820,17.4530,-9.5747,put,entry (~45 DTE),20.5417,0.7185,0.8000,VIX < 15,08-10 %
52,entry,2014-06-03,2014-06-03,2014-06-26,2014-07-18,profit_target,short_put,P,1765.0000,1924.2400,45,11.8700,13.8200,0.0004,6.5753,2.4891,2014-07-17,1.0000,186,1760.0000,1770.0000,False,1765.0000,6.5753,2.9000,4.2100,3.7300,114 x 124,20.0000,0.1661,-0.0702,1924.2400,,True,3.5550,0.6550,False,-8.2755,10.5740,12.8820,16.6100,-8.2755,put,entry (~45 DTE),19.5023,0.7294,0.8000,VIX < 15,08-10 %
52,entry,2014-06-03,2014-06-03,2014-06-26,2014-07-18,profit_target,short_call,C,2045.0000,1924.2400,45,11.8700,13.8200,0.0004,1.6861,2.4891,2014-07-17,1.0000,186,2040.0000,2050.0000,False,2045.0000,1.6861,0.0500,1.0000,0.4500,9 x 124,11.0000,0.0901,0.0230,1924.2400,,True,0.5250,0.4750,False,6.2757,10.5740,12.8820,9.0140,6.2757,call,entry (~45 DTE),10.9992,-0.2486,-0.3000,VIX < 15,06-8 %
52,exit,2014-06-26,2014-06-03,2014-06-26,2014-07-18,profit_target,long_put,P,1740.0000,1957.2200,22,11.6300,13.0700,0.0004,0.2269,0.5340,2014-07-17,1.0000,187,1735.0000,1745.0000,False,1740.0000,0.2269,0.3600,0.9400,0.8000,133 x 1,208.0000,0.2251,-0.0164,1957.2600,,True,0.6500,0.2900,False,-11.0984,8.6535,10.7637,22.5130,-11.0984,put,exit (~21 DTE),19.6424,1.2488,0.8000,VIX < 15,10-12 %
52,exit,2014-06-26,2014-06-03,2014-06-26,2014-07-18,profit_target,short_put,P,1765.0000,1957.2200,22,11.6300,13.0700,0.0004,0.3679,0.5340,2014-07-17,1.0000,187,1760.0000,1770.0000,False,1765.0000,0.3679,0.6000,1.5000,1.0300,123 x 11,20.0000,0.2168,-0.0255,1957.2600,,True,1.0500,0.4500,False,-9.8211,8.6535,10.7637,21.6760,-9.8211,put,exit (~21 DTE),18.6205,1.3260,0.8000,VIX < 15,08-10 %
52,exit,2014-06-26,2014-06-03,2014-06-26,2014-07-18,profit_target,short_call,C,2045.0000,1957.2200,22,11.6300,13.0700,0.0004,0.4659,0.5340,2014-07-17,1.0000,187,2040.0000,2050.0000,False,2045.0000,0.4659,0.1000,0.2500,0.1500,1 x 1,10.0000,0.0819,0.0128,1957.2600,,True,0.1750,0.0750,False,4.4849,8.6535,10.7637,8.1920,4.4849,call,exit (~21 DTE),9.4182,-0.1029,-0.3000,VIX < 15,04-6 %
52,exit,2014-06-26,2014-06-03,2014-06-26,2014-07-18,profit_target,long_call,C,2070.0000,1957.2200,22,11.6300,13.0700,0.0004,0.0729,0.5340,2014-07-17,1.0000,187,2065.0000,2075.0000,False,2070.0000,0.0729,0.0500,0.1000,0.0000,1 x 506,,0.0913,0.0053,1957.2600,,True,0.0750,0.0250,False,5.7623,8.6535,10.7637,9.1330,5.7623,call,exit (~21 DTE),9.0350,0.0832,-0.3000,VIX < 15,04-6 %
53,entry,2014-07-01,2014-07-01,2014-07-23,2014-08-15,profit_target,long_put,P,1795.0000,1973.3199,45,11.1500,12.7400,0.0002,4.8784,2.3691,2014-08-14,1.0000,184,1790.0000,1800.0000,False,1795.0000,4.8784,2.4400,3.5000,2.9700,123 x 114,38.0000,0.1700,-0.0576,1973.2800,,True,2.9700,0.5300,False,-9.0365,9.1245,11.9714,16.9960,-9.0365,put,entry (~45 DTE),19.2007,0.8711,0.8000,VIX < 15,08-10 %
53,entry,2014-07-01,2014-07-01,2014-07-23,2014-08-15,profit_target,short_put,P,1820.0000,1973.3199,45,11.1500,12.7400,0.0002,6.2693,2.3691,2014-08-14,1.0000,184,1815.0000,1825.0000,False,1820.0000,6.2693,3.2000,4.3000,3.6100,123 x 114,84.0000,0.1580,-0.0748,1973.2800,,True,3.7500,0.5500,False,-7.7696,9.1245,11.9714,15.7980,-7.7696,put,entry (~45 DTE),18.1871,0.8589,0.8000,VIX < 15,06-8 %
53,entry,2014-07-01,2014-07-01,2014-07-23,2014-08-15,profit_target,short_call,C,2090.0000,1973.3199,45,11.1500,12.7400,0.0002,1.4800,2.3691,2014-08-14,1.0000,184,2085.0000,2095.0000,False,2090.0000,1.4800,0.0500,0.8000,0.3000,6 x 114,6.0000,0.0828,0.0207,1973.2800,,True,0.4250,0.3750,False,5.9129,9.1245,11.9714,8.2750,5.9129,call,entry (~45 DTE),10.1976,-0.1437,-0.3000,VIX < 15,04-6 %
53,entry,2014-07-01,2014-07-01,2014-07-23,2014-08-15,profit_target,long_call,C,2115.0000,1973.3199,45,11.1500,12.7400,0.0002,0.5018,2.3691,2014-08-14,1.0000,184,2100.0000,2120.0000,True,2120.0000,0.3939,0.0600,0.6500,0.1500,1 x 114,5.0000,0.0969,0.0151,1973.2800,,True,0.3550,0.2950,False,7.1798,9.1245,11.9714,9.6850,7.4332,call,entry (~45 DTE),9.7415,0.0754,-0.3000,VIX < 15,06-8 %
53,exit,2014-07-23,2014-07-01,2014-07-23,2014-08-15,profit_target,long_put,P,1795.0000,1987.0100,23,11.5200,13.3800,0.0003,0.4321,0.4234,2014-08-14,1.0000,184,1790.0000,1800.0000,False,1795.0000,0.4321,0.7500,1.4100,1.1300,1 x 11,0.0000,0.2085,-0.0266,1987.3400,,True,1.0800,0.3300,False,-9.6633,8.9220,10.5625,20.8540,-9.6633,put,exit (~21 DTE),18.2931,1.2348,0.8000,VIX < 15,08-10 %
53,exit,2014-07-23,2014-07-01,2014-07-23,2014-08-15,profit_target,short_put,P,1820.0000,1987.0100,23,11.5200,13.3800,0.0003,0.6967,0.4234,2014-08-14,1.0000,184,1815.0000,1825.0000,False,1820.0000,0.6967,1.1600,1.6500,1.2300,2 x 11,61.0000,0.1938,-0.0356,1987.3400,,True,1.4050,0.2450,False,-8.4051,8.9220,10.5625,19.3840,-8.4051,put,exit (~21 DTE),17.2866,1.2447,0.8000,VIX < 15,08-10 %
53,exit,2014-07-23,2014-07-01,2014-07-23,2014-08-15,profit_target,short_call,C,2090.0000,1987.0100,23,11.5200,13.3800,0.0003,0.1810,0.4234,2014-08-14,1.0000,184,2085.0000,2095.0000,False,2090.0000,0.1810,0.0500,0.6100,0.1500,195 x 11,0.0000,0.0990,0.0185,1987.3400,,True,0.3300,0.2800,False,5.1832,8.9220,10.5625,9.9040,5.1832,call,exit (~21 DTE),9.0076,0.1895,-0.3000,VIX < 15,04-6 %
54,entry,2014-08-05,2014-08-05,2014-08-27,2014-09-19,profit_target,long_put,P,1670.0000,1920.2100,45,16.8700,17.1400,0.0003,5.8975,2.2241,2014-09-18,1.0000,216,1665.0000,1675.0000,False,1670.0000,5.8975,3.1100,4.4000,3.6300,123 x 124,30.0000,0.2442,-0.0524,1920.2700,,True,3.7550,0.6450,False,-13.0303,13.9440,17.0055,24.4200,-13.0303,put,entry (~45 DTE),27.4298,0.8040,0.8000,VIX 15-25,12-14 %
54,entry,2014-08-05,2014-08-05,2014-08-27,2014-09-19,profit_target,short_put,P,1695.0000,1920.2100,45,16.8700,17.1400,0.0003,7.1740,2.2241,2014-09-18,1.0000,216,1690.0000,1700.0000,False,1695.0000,7.1740,4.0000,5.3900,4.8000,123 x 124,1.0000,0.2341,-0.0654,1920.2700,,True,4.6950,0.6950,False,-11.7284,13.9440,17.0055,23.4130,-11.7284,put,entry (~45 DTE),26.3883,0.8074,0.8000,VIX 15-25,10-12 %
54,entry,2014-08-05,2014-08-05,2014-08-27,2014-09-19,profit_target,long_call,C,2115.0000,1920.2100,45,16.8700,17.1400,0.0003,0.8205,2.2241,2014-09-18,1.0000,216,2110.0000,2120.0000,False,2115.0000,0.8205,0.0600,0.7100,0.2000,32 x 114,0.0000,0.1271,0.0132,1920.2700,,True,0.3850,0.3250,False,10.1442,13.9440,17.0055,12.7130,10.1442,call,entry (~45 DTE),13.9623,-0.1214,-0.3000,VIX 15-25,10-12 %
54,exit,2014-08-27,2014-08-05,2014-08-27,2014-09-19,profit_target,long_put,P,1670.0000,2000.1200,23,11.7800,13.9200,0.0004,0.0424,0.4391,2014-09-18,1.0000,216,1665.0000,1675.0000,False,1670.0000,0.0424,0.0900,0.8000,0.0000,7 x 1,,0.3043,-0.0083,1999.9700,,True,0.4450,0.3550,False,-16.5050,8.8725,10.6612,30.4330,-16.5050,put,exit (~21 DTE),23.8652,1.3063,0.8000,VIX < 15,16-18 %
54,exit,2014-08-27,2014-08-05,2014-08-27,2014-09-19,profit_target,short_put,P,1695.0000,2000.1200,23,11.7800,13.9200,0.0004,0.0639,0.4391,2014-09-18,1.0000,216,1690.0000,1700.0000,False,1695.0000,0.0639,0.0500,0.5100,0.4000,250 x 20,30.0000,0.2646,-0.0062,1999.9700,,True,0.2800,0.2300,False,-15.2551,8.8725,10.6612,26.4590,-15.2551,put,exit (~21 DTE),22.8652,1.1528,0.8000,VIX < 15,14-16 %
55,entry,2014-09-02,2014-09-02,2014-09-24,2014-10-17,profit_target,long_put,P,1805.0000,2002.2800,45,12.2500,14.4600,0.0003,5.6309,2.6428,2014-10-16,1.0000,192,1800.0000,1810.0000,False,1805.0000,5.6309,2.8500,4.1000,3.6000,124 x 114,136.0000,0.1884,-0.0597,2002.0300,,True,3.4750,0.6250,False,-9.8528,10.6450,13.4006,18.8390,-9.8528,put,entry (~45 DTE),21.2829,0.8316,0.8000,VIX < 15,08-10 %
55,entry,2014-09-02,2014-09-02,2014-09-24,2014-10-17,profit_target,short_put,P,1830.0000,2002.2800,45,12.2500,14.4600,0.0003,7.0645,2.6428,2014-10-16,1.0000,192,1825.0000,1835.0000,False,1830.0000,7.0645,3.6100,5.0000,4.5600,133 x 103,695.0000,0.1767,-0.0750,2002.0300,,True,4.3050,0.6950,False,-8.6042,10.6450,13.4006,17.6740,-8.6042,put,entry (~45 DTE),20.2840,0.8169,0.8000,VIX < 15,08-10 %
55,entry,2014-09-02,2014-09-02,2014-09-24,2014-10-17,profit_target,long_call,C,2155.0000,2002.2800,45,12.2500,14.4600,0.0003,0.8270,2.6428,2014-10-16,1.0000,192,2150.0000,2160.0000,True,2150.0000,1.0025,0.1000,0.3000,0.2000,21 x 1,309.0000,0.0890,0.0092,2002.0300,,True,0.2000,0.1000,False,7.6273,10.6450,13.4006,8.8960,7.3776,call,entry (~45 DTE),11.1874,-0.2371,-0.3000,VIX < 15,06-8 %
55,exit,2014-09-24,2014-09-02,2014-09-24,2014-10-17,profit_target,long_put,P,1805.0000,1998.3000,23,13.2700,15.2200,0.0002,0.7962,0.5202,2014-10-16,1.0000,192,1800.0000,1810.0000,False,1805.0000,0.7962,1.0500,1.9600,1.4500,21 x 11,97.0000,0.2222,-0.0335,1998.3900,,True,1.5050,0.4550,False,-9.6732,10.5412,12.2772,22.2220,-9.6732,put,exit (~21 DTE),20.0158,1.2075,0.8000,VIX < 15,08-10 %
55,exit,2014-09-24,2014-09-02,2014-09-24,2014-10-17,profit_target,short_put,P,1830.0000,1998.3000,23,13.2700,15.2200,0.0002,1.2265,0.5202,2014-10-16,1.0000,192,1825.0000,1835.0000,False,1830.0000,1.2265,1.4500,2.4600,1.8500,21 x 21,239.0000,0.2079,-0.0443,1998.3900,,True,1.9550,0.5050,False,-8.4222,10.5412,12.2772,20.7900,-8.4222,put,exit (~21 DTE),19.0150,1.2169,0.8000,VIX < 15,08-10 %
55,exit,2014-09-24,2014-09-02,2014-09-24,2014-10-17,profit_target,short_call,C,2130.0000,1998.3000,23,13.2700,15.2200,0.0002,0.1053,0.5202,2014-10-16,1.0000,192,2125.0000,2140.0000,False,2130.0000,0.1053,0.0600,0.1500,0.1500,11 x 1,6.0000,0.1023,0.0064,1998.3900,,True,0.1050,0.0450,False,6.5906,10.5412,12.2772,10.2260,6.5906,call,exit (~21 DTE),10.3001,-0.0478,-0.3000,VIX < 15,06-8 %
55,exit,2014-09-24,2014-09-02,2014-09-24,2014-10-17,profit_target,long_call,C,2155.0000,1998.3000,23,13.2700,15.2200,0.0002,0.0155,0.5202,2014-10-16,1.0000,192,2150.0000,2160.0000,True,2150.0000,0.0235,0.0600,0.1000,0.1000,5 x 30,216.0000,0.1122,0.0040,1998.3900,,True,0.0800,0.0200,False,7.8417,10.5412,12.2772,11.2220,7.5915,call,exit (~21 DTE),9.9998,0.0897,-0.3000,VIX < 15,06-8 %
56,entry,2014-10-07,2014-10-07,2014-10-28,2014-11-21,profit_target,long_put,P,1675.0000,1935.1000,45,17.2000,17.6800,0.0002,5.9746,2.2312,2014-11-20,1.0000,192,1670.0000,1680.0000,False,1675.0000,5.9746,3.0000,4.3000,3.4300,128 x 124,466.0000,0.2517,-0.0500,1935.0800,,True,3.6500,0.6500,False,-13.4412,14.6865,17.4417,25.1690,-13.4412,put,entry (~45 DTE),28.1946,0.7799,0.8000,VIX 15-25,12-14 %
56,entry,2014-10-07,2014-10-07,2014-10-28,2014-11-21,profit_target,short_put,P,1700.0000,1935.1000,45,17.2000,17.6800,0.0002,7.2306,2.2312,2014-11-20,1.0000,192,1695.0000,1705.0000,False,1700.0000,7.2306,3.8000,4.6000,4.3000,124 x 1,577.0000,0.2369,-0.0593,1935.0800,,True,4.2000,0.4000,False,-12.1492,14.6865,17.4417,23.6870,-12.1492,put,entry (~45 DTE),27.1610,0.7408,0.8000,VIX 15-25,12-14 %
56,entry,2014-10-07,2014-10-07,2014-10-28,2014-11-21,profit_target,short_call,C,2110.0000,1935.1000,45,17.2000,17.6800,0.0002,1.8709,2.2312,2014-11-20,1.0000,192,2105.0000,2115.0000,False,2110.0000,1.8709,0.1500,0.7000,0.4400,1 x 103,158.0000,0.1166,0.0152,1935.0800,,True,0.4250,0.2750,False,9.0383,14.6865,17.4417,11.6570,9.0383,call,entry (~45 DTE),14.7302,-0.3352,-0.3000,VIX 15-25,08-10 %
56,exit,2014-10-28,2014-10-07,2014-10-28,2014-11-21,profit_target,long_put,P,1675.0000,1985.0500,24,14.3900,16.4600,0.0002,0.2219,0.4177,2014-11-20,1.0000,200,1670.0000,1680.0000,False,1675.0000,0.2219,0.5500,0.6000,0.6000,98 x 5,261.0000,0.2918,-0.0115,1984.4400,,True,0.5750,0.0250,False,-15.6193,12.2497,13.5324,29.1790,-15.6193,put,exit (~21 DTE),26.0278,1.0839,0.8000,VIX < 15,14-16 %
56,exit,2014-10-28,2014-10-07,2014-10-28,2014-11-21,profit_target,short_put,P,1700.0000,1985.0500,24,14.3900,16.4600,0.0002,0.3194,0.4177,2014-11-20,1.0000,200,1695.0000,1705.0000,False,1700.0000,0.3194,0.7000,1.2600,0.8500,2 x 13,,0.2900,-0.0179,1984.4400,,True,0.9800,0.2800,False,-14.3598,12.2497,13.5324,28.9980,-14.3598,put,exit (~21 DTE),25.0202,1.1663,0.8000,VIX < 15,14-16 %
56,exit,2014-10-28,2014-10-07,2014-10-28,2014-11-21,profit_target,short_call,C,2110.0000,1985.0500,24,14.3900,16.4600,0.0002,0.4208,0.4177,2014-11-20,1.0000,200,2105.0000,2115.0000,False,2110.0000,0.4208,0.2000,0.2500,0.3000,5 x 1,150.0000,0.1076,0.0120,1984.4400,,True,0.2250,0.0250,False,6.2945,12.2497,13.5324,10.7630,6.2945,call,exit (~21 DTE),11.6440,-0.2362,-0.3000,VIX < 15,06-8 %
56,exit,2014-10-28,2014-10-07,2014-10-28,2014-11-21,profit_target,long_call,C,2135.0000,1985.0500,24,14.3900,16.4600,0.0002,0.1005,0.4177,2014-11-20,1.0000,200,2130.0000,2140.0000,False,2135.0000,0.1005,0.0500,0.2000,0.2500,50 x 25,10.0000,0.1160,0.0067,1984.4400,,True,0.1250,0.0750,False,7.5540,12.2497,13.5324,11.5980,7.5540,call,exit (~21 DTE),11.2662,-0.0863,-0.3000,VIX < 15,06-8 %
57,entry,2014-11-04,2014-11-04,2014-11-25,2014-12-19,profit_target,long_put,P,1730.0000,2012.1000,45,14.8900,16.9300,0.0003,4.4801,1.3926,2014-12-18,1.0000,223,1725.0000,1735.0000,False,1730.0000,4.4801,2.3000,3.5100,3.0500,20 x 11,13.0000,0.2467,-0.0398,2012.2500,,True,2.9050,0.6050,False,-14.0202,13.1850,15.9427,24.6650,-14.0202,put,entry (~45 DTE),27.1588,0.8188,0.8000,VIX < 15,14-16 %
57,entry,2014-11-04,2014-11-04,2014-11-25,2014-12-19,profit_target,short_put,P,1755.0000,2012.1000,45,14.8900,16.9300,0.0003,5.4267,1.3926,2014-12-18,1.0000,223,1750.0000,1760.0000,False,1755.0000,5.4267,2.9000,4.0900,3.2000,20 x 114,0.0000,0.2355,-0.0488,2012.2500,,True,3.4950,0.5950,False,-12.7777,13.1850,15.9427,23.5530,-12.7777,put,entry (~45 DTE),26.1648,0.8114,0.8000,VIX < 15,12-14 %
57,entry,2014-11-04,2014-11-04,2014-11-25,2014-12-19,profit_target,short_call,C,2205.0000,2012.1000,45,14.8900,16.9300,0.0003,0.7461,1.3926,2014-12-18,1.0000,223,2200.0000,2220.0000,True,2200.0000,0.8821,0.1000,0.7500,0.3400,120 x 11,12.0000,0.1199,0.0146,2012.2500,,True,0.4250,0.3250,False,9.5870,13.1850,15.9427,11.9900,9.3385,call,entry (~45 DTE),13.1411,-0.1280,-0.3000,VIX < 15,08-10 %
57,exit,2014-11-25,2014-11-04,2014-11-25,2014-12-19,profit_target,long_put,P,1730.0000,2067.0300,24,12.2500,15.4100,0.0002,0.0645,0.0538,2014-12-18,1.0000,235,1725.0000,1735.0000,False,1730.0000,0.0645,0.5000,1.0500,0.6500,6 x 10,180.0000,0.3175,-0.0127,2067.3200,,True,0.7750,0.2750,False,-16.3050,9.7538,10.8298,31.7540,-16.3050,put,exit (~21 DTE),23.8739,1.3493,0.8000,VIX < 15,16-18 %
57,exit,2014-11-25,2014-11-04,2014-11-25,2014-12-19,profit_target,short_put,P,1755.0000,2067.0300,24,12.2500,15.4100,0.0002,0.0942,0.0538,2014-12-18,1.0000,235,1750.0000,1760.0000,False,1755.0000,0.0942,0.2500,1.2000,0.8000,10 x 10,10.0000,0.2923,-0.0133,2067.3200,,True,0.7250,0.4750,False,-15.0956,9.7538,10.8298,29.2350,-15.0956,put,exit (~21 DTE),22.9063,1.2905,0.8000,VIX < 15,14-16 %
57,exit,2014-11-25,2014-11-04,2014-11-25,2014-12-19,profit_target,short_call,C,2205.0000,2067.0300,24,12.2500,15.4100,0.0002,0.0264,0.0538,2014-12-18,1.0000,235,2200.0000,2210.0000,True,2200.0000,0.0403,0.3000,0.4000,0.4000,40 x 10,890.0000,0.1129,0.0170,2067.3200,,True,0.3500,0.0500,False,6.6748,9.7538,10.8298,11.2900,6.4329,call,exit (~21 DTE),8.9000,0.2388,-0.3000,VIX < 15,06-8 %
58,entry,2014-12-02,2014-12-02,2014-12-23,2015-01-16,profit_target,long_put,P,1855.0000,2066.5500,45,12.8500,15.9600,0.0003,6.5975,2.9317,2015-01-15,1.0000,213,1850.0000,1860.0000,False,1855.0000,6.5975,3.4000,4.8100,5.7500,105 x 108,0.0000,0.2025,-0.0626,2066.3800,,True,4.1050,0.7050,False,-10.2369,11.5450,14.4887,20.2490,-10.2369,put,entry (~45 DTE),22.6782,0.8503,0.8000,VIX < 15,10-12 %
58,entry,2014-12-02,2014-12-02,2014-12-23,2015-01-16,profit_target,short_put,P,1880.0000,2066.5500,45,12.8500,15.9600,0.0003,8.1228,2.9317,2015-01-15,1.0000,213,1875.0000,1885.0000,False,1880.0000,8.1228,4.2100,5.8000,5.1000,105 x 109,121.0000,0.1913,-0.0775,2066.3800,,True,5.0050,0.7950,False,-9.0271,11.5450,14.4887,19.1330,-9.0271,put,entry (~45 DTE),21.7104,0.8406,0.8000,VIX < 15,08-10 %
58,entry,2014-12-02,2014-12-02,2014-12-23,2015-01-16,profit_target,short_call,C,2205.0000,2066.5500,45,12.8500,15.9600,0.0003,2.6076,2.9317,2015-01-15,1.0000,213,2200.0000,2210.0000,True,2200.0000,3.0047,0.9000,1.7100,1.2100,5 x 2,534.0000,0.1051,0.0425,2066.3800,,True,1.3050,0.4050,False,6.6996,11.5450,14.4887,10.5140,6.4576,call,entry (~45 DTE),12.5514,-0.1597,-0.3000,VIX < 15,06-8 %
58,entry,2014-12-02,2014-12-02,2014-12-23,2015-01-16,profit_target,long_call,C,2230.0000,2066.5500,45,12.8500,15.9600,0.0003,1.2013,2.9317,2015-01-15,1.0000,213,2225.0000,2240.0000,False,2230.0000,1.2013,0.2000,1.2000,0.6800,2 x 2,1.0000,0.1098,0.0233,2066.3800,,True,0.7000,0.5000,False,7.9093,11.5450,14.4887,10.9790,7.9093,call,entry (~45 DTE),12.1159,-0.0716,-0.3000,VIX < 15,06-8 %
58,exit,2014-12-23,2014-12-02,2014-12-23,2015-01-16,profit_target,long_put,P,1855.0000,2082.1699,24,14.8000,17.9400,0.0003,0.9082,0.8598,2015-01-15,1.0000,216,1850.0000,1860.0000,False,1855.0000,0.9082,1.2500,2.2500,1.6500,10 x 1,15.0000,0.2492,-0.0333,2082.4700,,True,1.7500,0.5000,False,-10.9102,11.8860,13.4346,24.9170,-10.9102,put,exit (~21 DTE),22.1628,1.1944,0.8000,VIX < 15,10-12 %
58,exit,2014-12-23,2014-12-02,2014-12-23,2015-01-16,profit_target,short_put,P,1880.0000,2082.1699,24,14.8000,17.9400,0.0003,1.3144,0.8598,2015-01-15,1.0000,216,1875.0000,1885.0000,False,1880.0000,1.3144,1.5000,2.0500,1.8500,103 x 26,371.0000,0.2254,-0.0365,2082.4700,,True,1.7750,0.2750,False,-9.7096,11.8860,13.4346,22.5410,-9.7096,put,exit (~21 DTE),21.2023,1.0974,0.8000,VIX < 15,08-10 %
58,exit,2014-12-23,2014-12-02,2014-12-23,2015-01-16,profit_target,short_call,C,2205.0000,2082.1699,24,14.8000,17.9400,0.0003,0.6236,0.8598,2015-01-15,1.0000,216,2200.0000,2210.0000,True,2200.0000,0.7868,0.1000,0.7600,0.4000,2 x 10,60.0000,0.1040,0.0211,2082.4700,,True,0.4300,0.3300,False,5.8991,11.8860,13.4346,10.4020,5.6590,call,exit (~21 DTE),11.7369,-0.2622,-0.3000,VIX < 15,04-6 %
59,entry,2015-01-06,2015-01-06,2015-01-23,2015-02-20,profit_target,long_put,P,1680.0000,2002.6100,45,21.1200,21.4200,0.0003,7.2110,2.3104,2015-02-19,1.0000,209,1675.0000,1685.0000,False,1680.0000,7.2110,4.3000,5.4000,4.7500,17 x 14,79.0000,0.3112,-0.0508,2002.5400,,True,4.8500,0.5500,False,-16.1095,17.0380,21.2705,31.1240,-16.1095,put,entry (~45 DTE),34.1581,0.8744,0.8000,VIX 15-25,16-18 %
59,entry,2015-01-06,2015-01-06,2015-01-23,2015-02-20,profit_target,short_put,P,1705.0000,2002.6100,45,21.1200,21.4200,0.0003,8.4756,2.3104,2015-02-19,1.0000,209,1700.0000,1710.0000,False,1705.0000,8.4756,5.1000,6.3100,5.2500,17 x 14,60.0000,0.3002,-0.0597,2002.5400,,True,5.7050,0.6050,False,-14.8611,17.0380,21.2705,30.0200,-14.8611,put,entry (~45 DTE),33.1594,0.8736,0.8000,VIX 15-25,14-16 %
59,exit,2015-01-23,2015-01-06,2015-01-23,2015-02-20,profit_target,long_put,P,1680.0000,2051.8201,28,16.6600,19.0000,0.0002,0.5415,0.4816,2015-02-19,1.0000,214,1675.0000,1685.0000,False,1680.0000,0.5415,0.7500,1.1500,0.8000,32 x 7,153.0000,0.3305,-0.0136,2052.0200,,True,0.9500,0.2000,False,-18.1215,13.5655,16.3895,33.0450,-18.1215,put,exit (~21 DTE),30.8867,1.0749,0.8000,VIX 15-25,18-20 %
59,exit,2015-01-23,2015-01-06,2015-01-23,2015-02-20,profit_target,short_put,P,1705.0000,2051.8201,28,16.6600,19.0000,0.0002,0.7117,0.4816,2015-02-19,1.0000,214,1700.0000,1710.0000,False,1705.0000,0.7117,0.7500,1.3000,0.9500,17 x 7,3.0000,0.3122,-0.0152,2052.0200,,True,1.0250,0.2750,False,-16.9030,13.5655,16.3895,31.2240,-16.9030,put,exit (~21 DTE),29.9119,1.0447,0.8000,VIX 15-25,16-18 %
60,entry,2015-02-03,2015-02-03,2015-02-23,2015-03-20,profit_target,long_put,P,1765.0000,2050.0300,45,17.3300,19.4900,0.0002,6.8450,2.3349,2015-03-19,1.0000,210,1760.0000,1770.0000,False,1765.0000,6.8450,4.2900,5.6900,9.4000,32 x 12,0.0000,0.2712,-0.0573,2049.8900,,True,4.9900,0.7000,False,-13.9037,14.4462,18.4417,27.1170,-13.9037,put,entry (~45 DTE),29.5646,0.9113,0.8000,VIX 15-25,12-14 %
60,entry,2015-02-03,2015-02-03,2015-02-23,2015-03-20,profit_target,short_put,P,1790.0000,2050.0300,45,17.3300,19.4900,0.0002,8.1426,2.3349,2015-03-19,1.0000,210,1785.0000,1795.0000,False,1790.0000,8.1426,5.3000,6.3000,6.9000,32 x 12,7.0000,0.2592,-0.0684,2049.8900,,True,5.8000,0.5000,False,-12.6842,14.4462,18.4417,25.9250,-12.6842,put,entry (~45 DTE),28.5890,0.9050,0.8000,VIX 15-25,12-14 %
60,entry,2015-02-03,2015-02-03,2015-02-23,2015-03-20,profit_target,short_call,C,2245.0000,2050.0300,45,17.3300,19.4900,0.0002,2.1807,2.3349,2015-03-19,1.0000,210,2240.0000,2250.0000,True,2240.0000,2.4599,0.2000,0.9000,0.2500,1 x 14,19.0000,0.1245,0.0174,2049.8900,,True,0.5500,0.3500,False,9.5106,14.4462,18.4417,12.4480,9.2667,call,entry (~45 DTE),15.6616,-0.2156,-0.3000,VIX 15-25,08-10 %
60,entry,2015-02-03,2015-02-03,2015-02-23,2015-03-20,profit_target,long_call,C,2270.0000,2050.0300,45,17.3300,19.4900,0.0002,1.1435,2.3349,2015-03-19,1.0000,210,2260.0000,2275.0000,True,2275.0000,0.9958,0.2000,0.6100,0.0000,10 x 1,,0.1360,0.0121,2049.8900,,True,0.4050,0.2050,False,10.7301,14.4462,18.4417,13.5990,10.9740,call,entry (~45 DTE),15.1495,-0.0772,-0.3000,VIX 15-25,10-12 %
60,exit,2015-02-23,2015-02-03,2015-02-23,2015-03-20,profit_target,long_put,P,1765.0000,2109.6599,25,14.5600,17.5400,0.0002,0.2324,0.4218,2015-03-19,1.0000,218,1760.0000,1770.0000,False,1765.0000,0.2324,0.3500,1.0400,0.0000,20 x 40,,0.3038,-0.0121,2109.4300,,True,0.6950,0.3450,False,-16.3372,11.5237,13.5387,30.3770,-16.3372,put,exit (~21 DTE),26.6085,1.1540,0.8000,VIX < 15,16-18 %
60,exit,2015-02-23,2015-02-03,2015-02-23,2015-03-20,profit_target,short_put,P,1790.0000,2109.6599,25,14.5600,17.5400,0.0002,0.3223,0.4218,2015-03-19,1.0000,218,1785.0000,1795.0000,False,1790.0000,0.3223,0.4500,1.4000,0.8200,40 x 19,25.0000,0.2942,-0.0161,2109.4300,,True,0.9250,0.4750,False,-15.1522,11.5237,13.5387,29.4190,-15.1522,put,exit (~21 DTE),25.6605,1.1810,0.8000,VIX < 15,14-16 %
60,exit,2015-02-23,2015-02-03,2015-02-23,2015-03-20,profit_target,short_call,C,2245.0000,2109.6599,25,14.5600,17.5400,0.0002,0.4531,0.4218,2015-03-19,1.0000,218,2240.0000,2250.0000,False,2245.0000,0.4531,0.0500,0.7600,0.4600,20 x 40,6.0000,0.1152,0.0174,2109.4300,,True,0.4050,0.3550,False,6.4153,11.5237,13.5387,11.5190,6.4153,call,exit (~21 DTE),11.6141,-0.0007,-0.3000,VIX < 15,06-8 %
60,exit,2015-02-23,2015-02-03,2015-02-23,2015-03-20,profit_target,long_call,C,2270.0000,2109.6599,25,14.5600,17.5400,0.0002,0.1212,0.4218,2015-03-19,1.0000,218,2260.0000,2275.0000,True,2275.0000,0.0904,0.1500,0.2500,0.2500,70 x 100,395.0000,0.1238,0.0090,2109.4300,,True,0.2000,0.0500,False,7.6003,11.5237,13.5387,12.3780,7.8373,call,exit (~21 DTE),11.1875,0.1090,-0.3000,VIX < 15,06-8 %
61,entry,2015-03-03,2015-03-03,2015-03-20,2015-04-17,profit_target,long_put,P,1870.0000,2107.7800,45,13.8600,16.7800,0.0002,6.5815,2.6309,2015-04-16,1.0000,229,1865.0000,1875.0000,False,1870.0000,6.5815,3.8000,4.8100,4.3300,18 x 29,38.0000,0.2205,-0.0592,2107.7900,,True,4.3050,0.5050,False,-11.2811,12.0105,15.3894,22.0470,-11.2811,put,entry (~45 DTE),24.4143,0.8897,0.8000,VIX < 15,10-12 %
61,entry,2015-03-03,2015-03-03,2015-03-20,2015-04-17,profit_target,short_put,P,1895.0000,2107.7800,45,13.8600,16.7800,0.0002,7.9853,2.6309,2015-04-16,1.0000,229,1890.0000,1900.0000,False,1895.0000,7.9853,4.6900,5.6000,5.7400,20 x 26,395.0000,0.2086,-0.0723,2107.7900,,True,5.1450,0.4550,False,-10.0950,12.0105,15.3894,20.8620,-10.0950,put,entry (~45 DTE),23.4654,0.8768,0.8000,VIX < 15,10-12 %
61,entry,2015-03-03,2015-03-03,2015-03-20,2015-04-17,profit_target,short_call,C,2265.0000,2107.7800,45,13.8600,16.7800,0.0002,2.3571,2.6309,2015-04-16,1.0000,229,2260.0000,2270.0000,True,2260.0000,2.6989,0.1400,0.8100,0.4000,14 x 37,9.0000,0.0977,0.0185,2107.7900,,True,0.4750,0.3350,False,7.4590,12.0105,15.3894,9.7710,7.2218,call,entry (~45 DTE),13.2229,-0.3101,-0.3000,VIX < 15,06-8 %
61,entry,2015-03-03,2015-03-03,2015-03-20,2015-04-17,profit_target,long_call,C,2290.0000,2107.7800,45,13.8600,16.7800,0.0002,1.1299,2.6309,2015-04-16,1.0000,229,2280.0000,2300.0000,False,2290.0000,1.1299,0.0500,0.8100,0.0000,126 x 21,,0.1106,0.0147,2107.7900,,True,0.4300,0.3800,False,8.6451,12.0105,15.3894,11.0580,8.6451,call,entry (~45 DTE),12.7959,-0.1102,-0.3000,VIX < 15,08-10 %
61,exit,2015-03-20,2015-03-03,2015-03-20,2015-04-17,profit_target,long_put,P,1870.0000,2108.1001,28,13.0200,16.7100,0.0001,1.0499,0.4971,2015-04-16,1.0000,229,1865.0000,1875.0000,False,1870.0000,1.0499,0.8400,1.5000,1.1500,91 x 79,39.0000,0.2206,-0.0240,2108.6800,,True,1.1700,0.3300,False,-11.2945,10.7622,12.5605,22.0610,-11.2945,put,exit (~21 DTE),21.5961,1.0004,0.8000,VIX < 15,10-12 %
61,exit,2015-03-20,2015-03-03,2015-03-20,2015-04-17,profit_target,short_put,P,1895.0000,2108.1001,28,13.0200,16.7100,0.0001,1.4600,0.4971,2015-04-16,1.0000,229,1890.0000,1900.0000,False,1895.0000,1.4600,1.2500,2.0000,1.5500,72 x 66,42.0000,0.2103,-0.0331,2108.6800,,True,1.6250,0.3750,False,-10.1086,10.7622,12.5605,21.0330,-10.1086,put,exit (~21 DTE),20.6474,1.0160,0.8000,VIX < 15,10-12 %
61,exit,2015-03-20,2015-03-03,2015-03-20,2015-04-17,profit_target,short_call,C,2265.0000,2108.1001,28,13.0200,16.7100,0.0001,0.1072,0.4971,2015-04-16,1.0000,229,2260.0000,2270.0000,True,2260.0000,0.1444,0.1000,0.2000,0.2000,50 x 9,44.0000,0.1047,0.0079,2108.6800,,True,0.1500,0.0500,False,7.4427,10.7622,12.5605,10.4670,7.2055,call,exit (~21 DTE),10.3989,-0.0410,-0.3000,VIX < 15,06-8 %
61,exit,2015-03-20,2015-03-03,2015-03-20,2015-04-17,profit_target,long_call,C,2290.0000,2108.1001,28,13.0200,16.7100,0.0001,0.0203,0.4971,2015-04-16,1.0000,229,2280.0000,2300.0000,False,2290.0000,0.0203,0.0500,0.1500,0.1000,5 x 50,4.0000,0.1155,0.0044,2108.6800,,True,0.1000,0.0500,False,8.6286,10.7622,12.5605,11.5490,8.6286,call,exit (~21 DTE),9.9719,0.0912,-0.3000,VIX < 15,08-10 %
62,entry,2015-03-31,2015-03-31,2015-04-16,2015-05-15,profit_target,long_put,P,1820.0000,2067.8899,45,15.2900,17.5400,0.0003,6.8366,2.6084,2015-05-14,1.0000,235,1815.0000,1825.0000,False,1820.0000,6.8366,3.3000,4.6000,3.6000,23 x 143,79.0000,0.2301,-0.0540,2069.7700,,True,3.9500,0.6500,False,-11.9876,14.0943,16.4535,23.0130,-11.9876,put,entry (~45 DTE),26.0436,0.7440,0.8000,VIX 15-25,10-12 %
62,entry,2015-03-31,2015-03-31,2015-04-16,2015-05-15,profit_target,short_put,P,1845.0000,2067.8899,45,15.2900,17.5400,0.0003,8.2472,2.6084,2015-05-14,1.0000,235,1840.0000,1850.0000,False,1845.0000,8.2472,4.4000,5.0000,5.0000,16 x 14,88.0000,0.2185,-0.0651,2069.7700,,True,4.7000,0.3000,False,-10.7786,14.0943,16.4535,21.8490,-10.7786,put,entry (~45 DTE),25.0764,0.7195,0.8000,VIX 15-25,10-12 %
62,exit,2015-04-16,2015-03-31,2015-04-16,2015-05-15,profit_target,long_put,P,1820.0000,2104.9900,29,12.6000,15.3300,0.0002,0.6275,0.5867,2015-05-14,1.0000,235,1815.0000,1825.0000,False,1820.0000,0.6275,0.4900,1.0000,0.5000,75 x 22,295.0000,0.2390,-0.0146,2105.2300,,True,0.7450,0.2550,False,-13.5388,10.9848,12.4425,23.9040,-13.5388,put,exit (~21 DTE),23.2735,0.9542,0.8000,VIX < 15,12-14 %
62,exit,2015-04-16,2015-03-31,2015-04-16,2015-05-15,profit_target,short_put,P,1845.0000,2104.9900,29,12.6000,15.3300,0.0002,0.8550,0.5867,2015-05-14,1.0000,235,1840.0000,1850.0000,False,1845.0000,0.8550,0.5600,1.1500,0.9500,42 x 22,84.0000,0.2234,-0.0175,2105.2300,,True,0.8550,0.2950,False,-12.3511,10.9848,12.4425,22.3410,-12.3511,put,exit (~21 DTE),22.3234,0.9195,0.8000,VIX < 15,12-14 %
62,exit,2015-04-16,2015-03-31,2015-04-16,2015-05-15,profit_target,short_call,C,2235.0000,2104.9900,29,12.6000,15.3300,0.0002,0.4837,0.5867,2015-05-14,1.0000,235,2230.0000,2240.0000,False,2235.0000,0.4837,0.0900,0.7000,0.4500,30 x 29,1.0000,0.1023,0.0185,2105.2300,,True,0.3950,0.3050,False,6.1763,10.9848,12.4425,10.2350,6.1763,call,exit (~21 DTE),10.5896,-0.1214,-0.3000,VIX < 15,06-8 %
63,entry,2015-05-05,2015-05-05,2015-05-22,2015-06-19,profit_target,long_put,P,1855.0000,2089.4600,45,14.3100,16.3200,0.0001,6.5454,2.6324,2015-06-18,1.0000,257,1850.0000,1860.0000,False,1855.0000,6.5454,3.0000,3.8100,3.3500,21 x 16,64.0000,0.2082,-0.0520,2089.5900,,True,3.4050,0.4050,False,-11.2211,13.2415,15.3479,20.8240,-11.2211,put,entry (~45 DTE),24.3248,0.6757,0.8000,VIX < 15,10-12 %
63,entry,2015-05-05,2015-05-05,2015-05-22,2015-06-19,profit_target,short_put,P,1880.0000,2089.4600,45,14.3100,16.3200,0.0001,7.9590,2.6324,2015-06-18,1.0000,257,1875.0000,1885.0000,False,1880.0000,7.9590,4.1000,4.8000,4.5000,21 x 14,105.0000,0.2006,-0.0670,2089.5900,,True,4.4500,0.3500,False,-10.0246,13.2415,15.3479,20.0650,-10.0246,put,entry (~45 DTE),23.3676,0.6807,0.8000,VIX < 15,10-12 %
63,entry,2015-05-05,2015-05-05,2015-05-22,2015-06-19,profit_target,short_call,C,2245.0000,2089.4600,45,14.3100,16.3200,0.0001,2.3203,2.6324,2015-06-18,1.0000,257,2240.0000,2250.0000,False,2245.0000,2.3203,0.0500,0.9000,0.7000,65 x 19,0.0000,0.1008,0.0185,2089.5900,,True,0.4750,0.4250,False,7.4440,13.2415,15.3479,10.0830,7.4440,call,entry (~45 DTE),13.1147,-0.4243,-0.3000,VIX < 15,06-8 %
63,entry,2015-05-05,2015-05-05,2015-05-22,2015-06-19,profit_target,long_call,C,2270.0000,2089.4600,45,14.3100,16.3200,0.0001,1.1015,2.6324,2015-06-18,1.0000,257,2265.0000,2275.0000,False,2270.0000,1.1015,0.0400,0.7000,0.3700,62 x 17,2.0000,0.1090,0.0139,2089.5900,,True,0.3700,0.3300,False,8.6405,13.2415,15.3479,10.9010,8.6405,call,entry (~45 DTE),12.7558,-0.2709,-0.3000,VIX < 15,08-10 %
63,exit,2015-05-22,2015-05-05,2015-05-22,2015-06-19,profit_target,long_put,P,1855.0000,2126.0601,28,12.1300,14.4800,0.0002,0.5680,0.6436,2015-06-18,1.0000,257,1850.0000,1860.0000,False,1855.0000,0.5680,0.5000,0.9500,0.6500,14 x 15,28.0000,0.2287,-0.0151,2126.4600,,True,0.7250,0.2250,False,-12.7494,10.2345,11.8506,22.8680,-12.7494,put,exit (~21 DTE),22.0501,0.9909,0.8000,VIX < 15,12-14 %
63,exit,2015-05-22,2015-05-05,2015-05-22,2015-06-19,profit_target,short_put,P,1880.0000,2126.0601,28,12.1300,14.4800,0.0002,0.7887,0.6436,2015-06-18,1.0000,257,1875.0000,1885.0000,False,1880.0000,0.7887,0.7500,1.1000,0.8000,1 x 14,42.0000,0.2166,-0.0197,2126.4600,,True,0.9250,0.1750,False,-11.5735,10.2345,11.8506,21.6610,-11.5735,put,exit (~21 DTE),21.1094,0.9873,0.8000,VIX < 15,10-12 %
63,exit,2015-05-22,2015-05-05,2015-05-22,2015-06-19,profit_target,short_call,C,2245.0000,2126.0601,28,12.1300,14.4800,0.0002,0.5622,0.6436,2015-06-18,1.0000,257,2240.0000,2250.0000,False,2245.0000,0.5622,0.0400,0.5400,0.3000,133 x 39,15.0000,0.0921,0.0158,2126.4600,,True,0.2900,0.2500,False,5.5944,10.2345,11.8506,9.2070,5.5944,call,exit (~21 DTE),10.1723,-0.1837,-0.3000,VIX < 15,04-6 %
63,exit,2015-05-22,2015-05-05,2015-05-22,2015-06-19,profit_target,long_call,C,2270.0000,2126.0601,28,12.1300,14.4800,0.0002,0.1394,0.6436,2015-06-18,1.0000,257,2265.0000,2275.0000,False,2270.0000,0.1394,0.0500,0.4400,0.1700,120 x 32,0.0000,0.1051,0.0117,2126.4600,,True,0.2450,0.1950,False,6.7703,10.2345,11.8506,10.5050,6.7703,call,exit (~21 DTE),9.8195,0.0400,-0.3000,VIX < 15,06-8 %
64,entry,2015-06-02,2015-06-02,2015-06-22,2015-07-17,profit_target,long_put,P,1875.0000,2109.6001,45,14.2400,15.7100,0.0001,6.3327,2.3907,2015-07-16,1.0000,226,1870.0000,1880.0000,False,1875.0000,6.3327,3.5000,4.0100,3.7400,16 x 3,,0.2110,-0.0550,2109.6100,,True,3.7550,0.2550,False,-11.1206,12.4010,14.9930,21.1000,-11.1206,put,entry (~45 DTE),23.8895,0.7822,0.8000,VIX < 15,10-12 %
64,entry,2015-06-02,2015-06-02,2015-06-22,2015-07-17,profit_target,short_put,P,1900.0000,2109.6001,45,14.2400,15.7100,0.0001,7.7091,2.3907,2015-07-16,1.0000,226,1895.0000,1905.0000,False,1900.0000,7.7091,4.4900,5.3000,4.8300,16 x 29,439.0000,0.2032,-0.0709,2109.6100,,True,4.8950,0.4050,False,-9.9355,12.4010,14.9930,20.3210,-9.9355,put,entry (~45 DTE),22.9415,0.7971,0.8000,VIX < 15,08-10 %
64,entry,2015-06-02,2015-06-02,2015-06-22,2015-07-17,profit_target,short_call,C,2270.0000,2109.6001,45,14.2400,15.7100,0.0001,1.8598,2.3907,2015-07-16,1.0000,226,2265.0000,2275.0000,False,2270.0000,1.8598,0.1000,0.4000,0.2500,35 x 11,13.0000,0.0928,0.0107,2109.6100,,True,0.2500,0.1500,False,7.6033,12.4010,14.9930,9.2840,7.6033,call,entry (~45 DTE),12.7120,-0.4100,-0.3000,VIX < 15,06-8 %
64,exit,2015-06-22,2015-06-02,2015-06-22,2015-07-17,profit_target,long_put,P,1875.0000,2122.8501,25,12.7400,14.9900,0.0001,0.5338,0.3037,2015-07-16,1.0000,226,1870.0000,1880.0000,False,1875.0000,0.5338,0.6000,1.0000,0.7200,3 x 75,345.0000,0.2244,-0.0170,2123.0400,,True,0.8000,0.2000,False,-11.6753,10.6010,11.9829,22.4380,-11.6753,put,exit (~21 DTE),21.3232,1.0138,0.8000,VIX < 15,10-12 %
64,exit,2015-06-22,2015-06-02,2015-06-22,2015-07-17,profit_target,short_put,P,1900.0000,2122.8501,25,12.7400,14.9900,0.0001,0.7725,0.3037,2015-07-16,1.0000,226,1895.0000,1905.0000,False,1900.0000,0.7725,0.9000,1.3000,1.0000,2 x 26,,0.2141,-0.0245,2123.0400,,True,1.1000,0.2000,False,-10.4977,10.6010,11.9829,21.4060,-10.4977,put,exit (~21 DTE),20.3810,1.0293,0.8000,VIX < 15,10-12 %
64,exit,2015-06-22,2015-06-02,2015-06-22,2015-07-17,profit_target,long_call,C,2295.0000,2122.8501,25,12.7400,14.9900,0.0001,0.0118,0.3037,2015-07-16,1.0000,226,2290.0000,2300.0000,True,2290.0000,0.0177,0.0400,0.2000,0.3000,1 x 100,164.0000,0.1172,0.0058,2123.0400,,True,0.1200,0.0800,False,8.1094,10.6010,11.9829,11.7160,7.8738,call,exit (~21 DTE),9.6207,0.1416,-0.3000,VIX < 15,06-8 %
65,entry,2015-07-07,2015-07-07,2015-07-21,2015-08-21,profit_target,long_put,P,1820.0000,2081.3401,45,16.0900,17.0200,0.0002,6.4148,2.2685,2015-08-20,1.0000,220,1815.0000,1825.0000,False,1820.0000,6.4148,3.5000,4.4000,4.0000,21 x 156,31.0000,0.2378,-0.0528,2081.6500,,True,3.9500,0.4500,False,-12.5563,14.0680,16.5615,23.7780,-12.5563,put,entry (~45 DTE),26.6066,0.7733,0.8000,VIX 15-25,12-14 %
65,entry,2015-07-07,2015-07-07,2015-07-21,2015-08-21,profit_target,short_put,P,1845.0000,2081.3401,45,16.0900,17.0200,0.0002,7.7139,2.2685,2015-08-20,1.0000,220,1840.0000,1850.0000,False,1845.0000,7.7139,4.5000,5.3000,5.1500,41 x 14,752.0000,0.2283,-0.0651,2081.6500,,True,4.9000,0.4000,False,-11.3552,14.0680,16.5615,22.8250,-11.3552,put,entry (~45 DTE),25.6457,0.7712,0.8000,VIX 15-25,10-12 %
65,exit,2015-07-21,2015-07-07,2015-07-21,2015-08-21,profit_target,long_put,P,1820.0000,2119.2100,31,12.2200,14.7500,0.0003,0.6792,0.4894,2015-08-20,1.0000,220,1815.0000,1825.0000,False,1820.0000,0.6792,0.3400,1.0500,0.8100,22 x 14,0.0000,0.2382,-0.0135,2119.1400,,True,0.6950,0.3550,False,-14.1189,10.4633,12.3544,23.8230,-14.1189,put,exit (~21 DTE),23.6495,0.9462,0.8000,VIX < 15,14-16 %
65,exit,2015-07-21,2015-07-07,2015-07-21,2015-08-21,profit_target,short_put,P,1845.0000,2119.2100,31,12.2200,14.7500,0.0003,0.9052,0.4894,2015-08-20,1.0000,220,1840.0000,1850.0000,False,1845.0000,0.9052,0.7000,1.3400,1.2000,22 x 20,241.0000,0.2317,-0.0191,2119.1400,,True,1.0200,0.3200,False,-12.9393,10.4633,12.3544,23.1700,-12.9393,put,exit (~21 DTE),22.7058,0.9820,0.8000,VIX < 15,12-14 %
65,exit,2015-07-21,2015-07-07,2015-07-21,2015-08-21,profit_target,short_call,C,2260.0000,2119.2100,31,12.2200,14.7500,0.0003,0.3499,0.4894,2015-08-20,1.0000,220,2255.0000,2265.0000,False,2260.0000,0.3499,0.0500,0.5500,0.2500,75 x 50,2.0000,0.1011,0.0141,2119.1400,,True,0.3000,0.2500,False,6.6435,10.4633,12.3544,10.1100,6.6435,call,exit (~21 DTE),10.3613,-0.0532,-0.3000,VIX < 15,06-8 %
66,entry,2015-07-21,2015-07-21,2015-07-31,2015-08-21,dte_exit,long_put,P,1930.0000,2119.2100,31,12.2200,14.7500,0.0003,2.5210,1.8629,2015-08-20,1.0000,220,1925.0000,1935.0000,False,1930.0000,2.5210,2.1500,2.7000,2.4700,14 x 14,31.0000,0.1935,-0.0479,2119.1400,,True,2.4250,0.2750,False,-8.9283,10.4633,12.3544,19.3540,-8.9283,put,entry (~45 DTE),19.4970,0.9958,0.8000,VIX < 15,08-10 %
66,entry,2015-07-21,2015-07-21,2015-07-31,2015-08-21,dte_exit,short_put,P,1960.0000,2119.2100,31,12.2200,14.7500,0.0003,3.6901,1.8629,2015-08-20,1.0000,220,1955.0000,1965.0000,False,1960.0000,3.6901,3.0000,3.6000,3.5000,14 x 14,156.0000,0.1788,-0.0662,2119.1400,,True,3.3000,0.3000,False,-7.5127,10.4633,12.3544,17.8830,-7.5127,put,entry (~45 DTE),18.3645,0.9876,0.8000,VIX < 15,06-8 %
66,entry,2015-07-21,2015-07-21,2015-07-31,2015-08-21,dte_exit,short_call,C,2240.0000,2119.2100,31,12.2200,14.7500,0.0003,0.9001,1.8629,2015-08-20,1.0000,220,2235.0000,2245.0000,False,2240.0000,0.9001,0.0500,0.6500,0.3100,72 x 50,83.0000,0.0910,0.0178,2119.1400,,True,0.3500,0.3000,False,5.6998,10.4633,12.3544,9.1020,5.6998,call,entry (~45 DTE),10.6444,-0.2388,-0.3000,VIX < 15,04-6 %
66,entry,2015-07-21,2015-07-21,2015-07-31,2015-08-21,dte_exit,long_call,C,2270.0000,2119.2100,31,12.2200,14.7500,0.0003,0.2064,1.8629,2015-08-20,1.0000,220,2265.0000,2275.0000,False,2270.0000,0.2064,0.0400,0.5100,0.3000,50 x 26,1.0000,0.1064,0.0121,2119.1400,,True,0.2750,0.2350,False,7.1154,10.4633,12.3544,10.6350,7.1154,call,entry (~45 DTE),10.2197,0.0241,-0.3000,VIX < 15,06-8 %
66,exit,2015-07-31,2015-07-21,2015-07-31,2015-08-21,dte_exit,long_put,P,1930.0000,2103.8401,21,12.1200,14.9000,0.0008,0.4456,0.3984,2015-08-20,1.0000,220,1925.0000,1935.0000,False,1930.0000,0.4456,0.8000,1.5600,1.2000,40 x 22,468.0000,0.1927,-0.0310,2104.8000,,True,1.1800,0.3800,False,-8.2630,9.8882,9.9300,19.2710,-8.2630,put,exit (~21 DTE),16.5404,1.1355,0.8000,VIX < 15,08-10 %
66,exit,2015-07-31,2015-07-21,2015-07-31,2015-08-21,dte_exit,short_put,P,1960.0000,2103.8401,21,12.1200,14.9000,0.0008,0.8392,0.3984,2015-08-20,1.0000,220,1955.0000,1965.0000,False,1960.0000,0.8392,1.3500,1.8500,1.5000,14 x 14,81.0000,0.1726,-0.0436,2104.8000,,True,1.6000,0.2500,False,-6.8370,9.8882,9.9300,17.2650,-6.8370,put,exit (~21 DTE),15.3997,1.0789,0.8000,VIX < 15,06-8 %
67,entry,2015-08-04,2015-08-04,2015-08-28,2015-09-18,dte_exit,long_put,P,1875.0000,2093.3201,45,13.0000,15.1300,0.0008,6.0376,2.6205,2015-09-17,1.0000,240,1870.0000,1880.0000,False,1875.0000,6.0376,3.0000,3.6000,3.3000,16 x 24,26.0000,0.1902,-0.0540,2093.3500,,True,3.3000,0.3000,False,-10.4294,11.5638,14.1053,19.0220,-10.4294,put,entry (~45 DTE),22.4488,0.7151,0.8000,VIX < 15,10-12 %
67,entry,2015-08-04,2015-08-04,2015-08-28,2015-09-18,dte_exit,short_put,P,1900.0000,2093.3201,45,13.0000,15.1300,0.0008,7.4331,2.6205,2015-09-17,1.0000,240,1895.0000,1905.0000,False,1900.0000,7.4331,3.9100,4.7000,4.6000,12 x 14,,0.1815,-0.0707,2093.3500,,True,4.3050,0.3950,False,-9.2351,11.5638,14.1053,18.1550,-9.2351,put,entry (~45 DTE),21.4933,0.7137,0.8000,VIX < 15,08-10 %
67,entry,2015-08-04,2015-08-04,2015-08-28,2015-09-18,dte_exit,short_call,C,2235.0000,2093.3201,45,13.0000,15.1300,0.0008,2.2007,2.6205,2015-09-17,1.0000,240,2230.0000,2240.0000,False,2235.0000,2.2007,0.0500,0.7500,0.4000,114 x 33,4.0000,0.0940,0.0165,2093.3500,,True,0.4000,0.3500,False,6.7682,11.5638,14.1053,9.4000,6.7682,call,entry (~45 DTE),12.0748,-0.3197,-0.3000,VIX < 15,06-8 %
67,entry,2015-08-04,2015-08-04,2015-08-28,2015-09-18,dte_exit,long_call,C,2260.0000,2093.3201,45,13.0000,15.1300,0.0008,0.9758,2.6205,2015-09-17,1.0000,240,2255.0000,2265.0000,False,2260.0000,0.9758,0.0500,0.6500,0.3500,100 x 14,11.0000,0.1045,0.0136,2093.3500,,True,0.3500,0.3000,False,7.9625,11.5638,14.1053,10.4450,7.9625,call,entry (~45 DTE),11.7165,-0.1405,-0.3000,VIX < 15,06-8 %
67,exit,2015-08-28,2015-08-04,2015-08-28,2015-09-18,dte_exit,long_put,P,1875.0000,1988.8700,21,26.0500,25.3400,0.0006,17.9116,5.2069,2015-09-17,1.0000,240,1870.0000,1880.0000,False,1875.0000,17.9116,15.0900,17.3000,19.0000,140 x 51,,0.3000,-0.1974,1988.2000,,True,16.1950,1.1050,False,-5.7254,22.8980,26.4964,30.0050,-5.7254,put,exit (~21 DTE),31.0767,1.2413,0.8000,VIX > 25,04-6 %
67,exit,2015-08-28,2015-08-04,2015-08-28,2015-09-18,dte_exit,short_put,P,1900.0000,1988.8700,21,26.0500,25.3400,0.0006,22.7868,5.2069,2015-09-17,1.0000,240,1895.0000,1905.0000,False,1900.0000,22.7868,19.3900,21.3000,21.2900,140 x 40,,0.2861,-0.2434,1988.2000,,True,20.3450,0.9550,False,-4.4684,22.8980,26.4964,28.6080,-4.4684,put,exit (~21 DTE),30.0711,1.2779,0.8000,VIX > 25,04-6 %
68,entry,2015-09-02,2015-09-02,2015-09-21,2015-10-16,profit_target,long_put,P,1525.0000,1948.8600,44,26.0900,26.1900,0.0003,5.8873,1.6298,2015-10-15,1.0000,232,1520.0000,1530.0000,False,1525.0000,5.8873,3.6000,4.9000,5.7800,140 x 113,40.0000,0.4074,-0.0367,1948.6400,,True,4.2500,0.6500,False,-21.7491,21.9268,26.1378,40.7450,-21.7491,put,entry (~45 DTE),43.5371,0.8652,0.8000,VIX > 25,20 %+
68,entry,2015-09-02,2015-09-02,2015-09-21,2015-10-16,profit_target,short_put,P,1550.0000,1948.8600,44,26.0900,26.1900,0.0003,6.8475,1.6298,2015-10-15,1.0000,232,1545.0000,1555.0000,False,1550.0000,6.8475,4.2000,5.5100,7.6000,140 x 103,144.0000,0.3948,-0.0427,1948.6400,,True,4.8550,0.6550,False,-20.4663,21.9268,26.1378,39.4840,-20.4663,put,entry (~45 DTE),42.5108,0.8579,0.8000,VIX > 25,20 %+
68,entry,2015-09-02,2015-09-02,2015-09-21,2015-10-16,profit_target,short_call,C,2245.0000,1948.8600,44,26.0900,26.1900,0.0003,1.6778,1.6298,2015-10-15,1.0000,232,2240.0000,2250.0000,False,2245.0000,1.6778,0.0500,3.4000,0.0000,25 x 12,,0.2178,0.0312,1948.6400,,True,1.7250,1.6750,False,15.1956,21.9268,26.1378,21.7780,15.1956,call,entry (~45 DTE),21.5791,-0.0098,-0.3000,VIX > 25,14-16 %
68,entry,2015-09-02,2015-09-02,2015-09-21,2015-10-16,profit_target,long_call,C,2270.0000,1948.8600,44,26.0900,26.1900,0.0003,1.0081,1.6298,2015-10-15,1.0000,232,2265.0000,2275.0000,False,2270.0000,1.0081,0.0400,0.6000,0.0000,25 x 101,,0.1830,0.0077,1948.6400,,True,0.3200,0.2800,False,16.4784,21.9268,26.1378,18.2970,16.4784,call,entry (~45 DTE),21.1943,-0.2203,-0.3000,VIX > 25,16-18 %
68,exit,2015-09-21,2015-09-02,2015-09-21,2015-10-16,profit_target,long_put,P,1525.0000,1966.9700,25,20.1400,21.5900,0.0001,0.2728,0.0991,2015-10-15,1.0000,233,1520.0000,1530.0000,False,1525.0000,0.2728,0.3500,0.8400,0.8000,60 x 136,120.0000,0.4154,-0.0080,1967.2600,,True,0.5950,0.2450,False,-22.4696,17.6862,19.6842,41.5370,-22.4696,put,exit (~21 DTE),37.6598,1.0615,0.8000,VIX 15-25,20 %+
68,exit,2015-09-21,2015-09-02,2015-09-21,2015-10-16,profit_target,short_put,P,1550.0000,1966.9700,25,20.1400,21.5900,0.0001,0.3635,0.0991,2015-10-15,1.0000,233,1545.0000,1555.0000,False,1550.0000,0.3635,0.5100,0.9500,0.6600,5 x 103,,0.4010,-0.0097,1967.2600,,True,0.7300,0.2200,False,-21.1986,17.6862,19.6842,40.1010,-21.1986,put,exit (~21 DTE),36.6431,1.0574,0.8000,VIX 15-25,20 %+
69,entry,2015-10-06,2015-10-06,2015-10-27,2015-11-20,profit_target,long_put,P,1655.0000,1979.9200,45,19.4000,21.5900,-0.0000,6.2355,1.9214,2015-11-19,1.0000,235,1650.0000,1660.0000,False,1655.0000,6.2355,2.6000,3.6000,3.0900,6 x 15,0.0000,0.2881,-0.0375,1979.9700,,True,3.1000,0.5000,False,-16.4108,17.0877,20.5242,28.8070,-16.4108,put,entry (~45 DTE),33.6528,0.7141,0.8000,VIX 15-25,16-18 %
69,entry,2015-10-06,2015-10-06,2015-10-27,2015-11-20,profit_target,short_put,P,1680.0000,1979.9200,45,19.4000,21.5900,-0.0000,7.3668,1.9214,2015-11-19,1.0000,235,1675.0000,1685.0000,False,1680.0000,7.3668,3.2000,4.5000,4.0000,12 x 38,73.0000,0.2785,-0.0461,1979.9700,,True,3.8500,0.6500,False,-15.1481,17.0877,20.5242,27.8540,-15.1481,put,entry (~45 DTE),32.6427,0.7107,0.8000,VIX 15-25,14-16 %
69,exit,2015-10-27,2015-10-06,2015-10-27,2015-11-20,profit_target,long_put,P,1655.0000,2065.8899,24,15.4300,18.1400,0.0003,0.0914,0.3486,2015-11-19,1.0000,235,1650.0000,1660.0000,False,1655.0000,0.0914,0.2500,0.7000,0.3500,100 x 925,1.0000,0.3596,-0.0077,2066.0900,,True,0.4750,0.2250,False,-19.8892,13.3047,14.2818,35.9570,-19.8892,put,exit (~21 DTE),30.1932,1.1389,0.8000,VIX 15-25,18-20 %
69,exit,2015-10-27,2015-10-06,2015-10-27,2015-11-20,profit_target,short_put,P,1680.0000,2065.8899,24,15.4300,18.1400,0.0003,0.1270,0.3486,2015-11-19,1.0000,235,1675.0000,1685.0000,False,1680.0000,0.1270,0.2500,0.5000,0.4500,100 x 17,0.0000,0.3279,-0.0067,2066.0900,,True,0.3750,0.1250,False,-18.6791,13.3047,14.2818,32.7930,-18.6791,put,exit (~21 DTE),29.2251,1.0433,0.8000,VIX 15-25,18-20 %
70,entry,2015-11-03,2015-11-03,2015-11-27,2015-12-18,dte_exit,long_put,P,1760.0000,2109.7900,45,14.5400,17.4700,0.0006,3.2626,0.7751,2015-12-18,0.0000,245,1755.0000,1765.0000,False,1760.0000,3.2626,1.5400,2.0500,1.7500,656 x 39,22.0000,0.2586,-0.0236,2109.8700,,True,1.7950,0.2550,False,-16.5794,12.5410,16.0719,25.8630,-16.5794,put,entry (~45 DTE),29.3354,0.8035,0.8000,VIX < 15,16-18 %
70,entry,2015-11-03,2015-11-03,2015-11-27,2015-12-18,dte_exit,short_put,P,1785.0000,2109.7900,45,14.5400,17.4700,0.0006,3.8958,0.7751,2015-12-18,0.0000,245,1780.0000,1790.0000,False,1785.0000,3.8958,1.9500,2.7000,2.0500,570 x 575,330.0000,0.2522,-0.0305,2109.8700,,True,2.3250,0.3750,False,-15.3944,12.5410,16.0719,25.2210,-15.3944,put,entry (~45 DTE),28.3874,0.8237,0.8000,VIX < 15,14-16 %
70,exit,2015-11-27,2015-11-03,2015-11-27,2015-12-18,dte_exit,long_put,P,1760.0000,2090.1101,21,15.1200,17.3500,0.0017,0.1151,0.0550,2015-12-18,0.0000,249,1755.0000,1765.0000,False,1760.0000,0.1151,0.3500,0.5500,0.0000,200 x 25,,0.2984,-0.0090,2090.1100,,True,0.4500,0.1000,False,-15.7939,12.5117,13.4932,29.8350,-15.7939,put,exit (~21 DTE),26.1283,1.0968,0.8000,VIX 15-25,14-16 %
70,exit,2015-11-27,2015-11-03,2015-11-27,2015-12-18,dte_exit,short_put,P,1785.0000,2090.1101,21,15.1200,17.3500,0.0017,0.1701,0.0550,2015-12-18,0.0000,249,1780.0000,1790.0000,False,1785.0000,0.1701,0.4000,0.6000,0.0000,100 x 200,,0.2798,-0.0100,2090.1100,,True,0.5000,0.1000,False,-14.5978,12.5117,13.4932,27.9850,-14.5978,put,exit (~21 DTE),25.1714,1.0600,0.8000,VIX 15-25,14-16 %
71,entry,2015-12-01,2015-12-01,2015-12-23,2016-01-15,profit_target,long_put,P,1850.0000,2102.6299,45,14.6700,17.5800,0.0021,6.6077,2.4225,2016-01-14,1.0000,237,1845.0000,1855.0000,False,1850.0000,6.6077,3.6100,4.5000,3.9000,23 x 499,319.0000,0.2294,-0.0547,2102.3700,,True,4.0550,0.4450,False,-12.0149,12.9300,16.1905,22.9400,-12.0149,put,entry (~45 DTE),25.8025,0.8331,0.8000,VIX < 15,12-14 %
71,entry,2015-12-01,2015-12-01,2015-12-23,2016-01-15,profit_target,short_put,P,1875.0000,2102.6299,45,14.6700,17.5800,0.0021,7.9599,2.4225,2016-01-14,1.0000,237,1870.0000,1880.0000,False,1875.0000,7.9599,4.5000,5.4000,5.0500,20 x 385,45.0000,0.2199,-0.0670,2102.3700,,True,4.9500,0.4500,False,-10.8260,12.9300,16.1905,21.9940,-10.8260,put,entry (~45 DTE),24.8513,0.8372,0.8000,VIX < 15,10-12 %
71,entry,2015-12-01,2015-12-01,2015-12-23,2016-01-15,profit_target,short_call,C,2275.0000,2102.6299,45,14.6700,17.5800,0.0021,2.0857,2.4225,2016-01-14,1.0000,237,2270.0000,2280.0000,False,2275.0000,2.0857,0.2000,0.3100,0.2000,55 x 1,977.0000,0.0984,0.0099,2102.3700,,True,0.2550,0.0550,False,8.1978,12.9300,16.1905,9.8390,8.1978,call,entry (~45 DTE),13.7312,-0.3771,-0.3000,VIX < 15,08-10 %
71,entry,2015-12-01,2015-12-01,2015-12-23,2016-01-15,profit_target,long_call,C,2300.0000,2102.6299,45,14.6700,17.5800,0.0021,1.0153,2.4225,2016-01-14,1.0000,237,2295.0000,2325.0000,False,2300.0000,1.0153,0.1000,0.2500,0.2300,261 x 20,980.0000,0.1061,0.0071,2102.3700,,True,0.1750,0.0750,False,9.3868,12.9300,16.1905,10.6140,9.3868,call,entry (~45 DTE),13.3745,-0.2467,-0.3000,VIX < 15,08-10 %
71,exit,2015-12-23,2015-12-01,2015-12-23,2016-01-15,profit_target,long_put,P,1850.0000,2064.2900,23,15.5700,19.3300,0.0020,0.9411,0.4479,2016-01-14,1.0000,237,1845.0000,1855.0000,False,1850.0000,0.9411,1.0900,1.6000,1.3000,4 x 631,,0.2282,-0.0285,2064.2800,,True,1.3450,0.2550,False,-10.3808,13.2510,13.5099,22.8190,-10.3808,put,exit (~21 DTE),21.8146,0.9217,0.8000,VIX 15-25,10-12 %
71,exit,2015-12-23,2015-12-01,2015-12-23,2016-01-15,profit_target,short_put,P,1875.0000,2064.2900,23,15.5700,19.3300,0.0020,1.3879,0.4479,2016-01-14,1.0000,237,1870.0000,1880.0000,False,1875.0000,1.3879,1.2600,2.1400,1.5000,545 x 637,,0.2126,-0.0381,2064.2800,,True,1.7000,0.4400,False,-9.1697,13.2510,13.5099,21.2630,-9.1697,put,exit (~21 DTE),20.8457,0.8737,0.8000,VIX 15-25,08-10 %
72,entry,2016-01-05,2016-01-05,2016-01-29,2016-02-19,dte_exit,long_put,P,1720.0000,2016.7100,45,19.3400,20.5200,0.0020,7.3397,2.5065,2016-02-18,1.0000,238,1715.0000,1725.0000,False,1720.0000,7.3397,3.7000,4.3000,4.1400,21 x 20,3.0000,0.2771,-0.0476,2016.9300,,True,4.0000,0.3000,False,-14.7126,16.7405,19.9387,27.7120,-14.7126,put,entry (~45 DTE),31.7088,0.7457,0.8000,VIX 15-25,14-16 %
72,entry,2016-01-05,2016-01-05,2016-01-29,2016-02-19,dte_exit,short_put,P,1745.0000,2016.7100,45,19.3400,20.5200,0.0020,8.6791,2.5065,2016-02-18,1.0000,238,1740.0000,1750.0000,False,1745.0000,8.6791,4.6000,5.3000,5.5700,20 x 673,2.0000,0.2688,-0.0581,2016.9300,,True,4.9500,0.3500,False,-13.4729,16.7405,19.9387,26.8850,-13.4729,put,entry (~45 DTE),30.7171,0.7530,0.8000,VIX 15-25,12-14 %
72,exit,2016-01-29,2016-01-05,2016-01-29,2016-02-19,dte_exit,long_put,P,1720.0000,1940.2400,21,20.2000,22.6600,0.0032,1.6582,0.7069,2016-02-18,1.0000,238,1715.0000,1725.0000,False,1720.0000,1.6582,1.3000,2.0600,1.7000,546 x 924,74.0000,0.2677,-0.0337,1938.1600,,True,1.6800,0.3800,False,-11.3512,16.7808,18.4461,26.7710,-11.3512,put,exit (~21 DTE),27.5271,0.8801,0.8000,VIX 15-25,10-12 %
72,exit,2016-01-29,2016-01-05,2016-01-29,2016-02-19,dte_exit,short_put,P,1745.0000,1940.2400,21,20.2000,22.6600,0.0032,2.3647,0.7069,2016-02-18,1.0000,238,1740.0000,1750.0000,False,1745.0000,2.3647,2.1100,2.7600,2.7500,21 x 692,58.0000,0.2577,-0.0474,1938.1600,,True,2.4350,0.3250,False,-10.0627,16.7808,18.4461,25.7740,-10.0627,put,exit (~21 DTE),26.4963,0.8937,0.8000,VIX 15-25,10-12 %
73,entry,2016-02-02,2016-02-02,2016-02-22,2016-03-18,profit_target,long_put,P,1560.0000,1903.0300,45,21.9800,23.4100,0.0034,6.3615,2.0012,2016-03-17,1.0000,235,1555.0000,1565.0000,False,1560.0000,6.3615,3.2000,3.9000,3.5500,960 x 1092,51.0000,0.3264,-0.0391,1903.0100,,True,3.5500,0.3500,False,-18.0255,20.0000,22.7063,32.6370,-18.0255,put,entry (~45 DTE),37.1266,0.7011,0.8000,VIX 15-25,18-20 %
73,entry,2016-02-02,2016-02-02,2016-02-22,2016-03-18,profit_target,short_put,P,1585.0000,1903.0300,45,21.9800,23.4100,0.0034,7.4894,2.0012,2016-03-17,1.0000,235,1580.0000,1590.0000,False,1585.0000,7.4894,4.0100,4.6000,4.4000,963 x 144,24.0000,0.3158,-0.0468,1903.0100,,True,4.3050,0.2950,False,-16.7118,20.0000,22.7063,31.5780,-16.7118,put,entry (~45 DTE),36.0757,0.6928,0.8000,VIX 15-25,16-18 %
73,entry,2016-02-02,2016-02-02,2016-02-22,2016-03-18,profit_target,short_call,C,2140.0000,1903.0300,45,21.9800,23.4100,0.0034,1.9982,2.0012,2016-03-17,1.0000,235,2135.0000,2145.0000,False,2140.0000,1.9982,0.0400,0.5500,0.3000,105 x 1069,6.0000,0.1449,0.0097,1903.0100,,True,0.2950,0.2550,False,12.4522,20.0000,22.7063,14.4910,12.4522,call,entry (~45 DTE),18.9706,-0.4424,-0.3000,VIX 15-25,12-14 %
73,exit,2016-02-22,2016-02-02,2016-02-22,2016-03-18,profit_target,long_put,P,1560.0000,1945.5000,25,19.3800,21.6200,0.0033,0.3827,0.3122,2016-03-17,1.0000,235,1555.0000,1565.0000,False,1560.0000,0.3827,0.1400,0.6900,0.4800,2 x 102,4.0000,0.3428,-0.0075,1945.2000,,True,0.4150,0.2750,False,-19.8150,16.6750,18.6556,34.2810,-19.8150,put,exit (~21 DTE),34.5076,0.8885,0.8000,VIX 15-25,18-20 %
73,exit,2016-02-22,2016-02-02,2016-02-22,2016-03-18,profit_target,short_put,P,1585.0000,1945.5000,25,19.3800,21.6200,0.0033,0.5154,0.3122,2016-03-17,1.0000,235,1580.0000,1590.0000,False,1585.0000,0.5154,0.5000,0.7900,0.7500,35 x 115,12.0000,0.3381,-0.0104,1945.2000,,True,0.6450,0.1450,False,-18.5299,16.6750,18.6556,33.8060,-18.5299,put,exit (~21 DTE),33.4796,0.9245,0.8000,VIX 15-25,18-20 %
74,entry,2016-03-01,2016-03-01,2016-03-21,2016-04-15,profit_target,long_put,P,1670.0000,1978.3500,45,17.7000,20.2800,0.0033,5.6314,1.7953,2016-04-14,1.0000,234,1665.0000,1675.0000,False,1670.0000,5.6314,2.8500,3.5000,3.3800,937 x 831,46.0000,0.2779,-0.0393,1977.9000,,True,3.1750,0.3250,False,-15.5862,16.1762,19.0338,27.7900,-15.5862,put,entry (~45 DTE),31.5027,0.7451,0.8000,VIX 15-25,14-16 %
74,entry,2016-03-01,2016-03-01,2016-03-21,2016-04-15,profit_target,short_put,P,1695.0000,1978.3500,45,17.7000,20.2800,0.0033,6.7067,1.7953,2016-04-14,1.0000,234,1690.0000,1700.0000,False,1695.0000,6.7067,3.5900,4.3000,4.1000,687 x 854,24.0000,0.2698,-0.0493,1977.9000,,True,3.9450,0.3550,False,-14.3225,16.1762,19.0338,26.9830,-14.3225,put,entry (~45 DTE),30.4918,0.7545,0.8000,VIX 15-25,14-16 %
74,exit,2016-03-21,2016-03-01,2016-03-21,2016-04-15,profit_target,long_put,P,1670.0000,2051.6001,25,13.7900,17.5900,0.0031,0.0797,0.1508,2016-04-14,1.0000,237,1665.0000,1675.0000,False,1670.0000,0.0797,0.2000,0.3600,0.2700,100 x 100,2.0000,0.3096,-0.0052,2051.4900,,True,0.2800,0.0800,False,-18.6001,11.4517,12.4254,30.9580,-18.6001,put,exit (~21 DTE),27.3055,1.0487,0.8000,VIX < 15,18-20 %
74,exit,2016-03-21,2016-03-01,2016-03-21,2016-04-15,profit_target,short_put,P,1695.0000,2051.6001,25,13.7900,17.5900,0.0031,0.1120,0.1508,2016-04-14,1.0000,237,1690.0000,1700.0000,False,1695.0000,0.1120,0.1900,0.4100,0.3000,100 x 100,12.0000,0.2919,-0.0057,2051.4900,,True,0.3000,0.1100,False,-17.3816,11.4517,12.4254,29.1940,-17.3816,put,exit (~21 DTE),26.3307,1.0208,0.8000,VIX < 15,16-18 %
75,entry,2016-04-05,2016-04-05,2016-04-22,2016-05-20,profit_target,long_put,P,1760.0000,2045.1700,45,15.4200,18.3800,0.0023,5.4157,1.7673,2016-05-19,1.0000,223,1755.0000,1765.0000,False,1760.0000,5.4157,2.5500,3.2000,2.7000,620 x 788,30.0000,0.2457,-0.0391,2045.1200,,True,2.8750,0.3250,False,-13.9436,13.8513,16.9647,24.5680,-13.9436,put,entry (~45 DTE),28.1195,0.7686,0.8000,VIX 15-25,12-14 %
75,entry,2016-04-05,2016-04-05,2016-04-22,2016-05-20,profit_target,short_put,P,1785.0000,2045.1700,45,15.4200,18.3800,0.0023,6.4997,1.7673,2016-05-19,1.0000,223,1780.0000,1790.0000,False,1785.0000,6.4997,3.2000,3.7000,2.3500,673 x 1,0.0000,0.2350,-0.0476,2045.1200,,True,3.4500,0.2500,False,-12.7212,13.8513,16.9647,23.4990,-12.7212,put,entry (~45 DTE),27.1416,0.7584,0.8000,VIX 15-25,12-14 %
75,entry,2016-04-05,2016-04-05,2016-04-22,2016-05-20,profit_target,short_call,C,2240.0000,2045.1700,45,15.4200,18.3800,0.0023,1.2693,1.7673,2016-05-19,1.0000,223,2225.0000,2250.0000,True,2250.0000,0.9427,0.0500,0.2500,0.2000,100 x 10,24.0000,0.1104,0.0059,2045.1200,,True,0.1500,0.1000,False,9.5263,13.8513,16.9647,11.0390,10.0153,call,entry (~45 DTE),13.9601,-0.2808,-0.3000,VIX 15-25,10-12 %
75,exit,2016-04-22,2016-04-05,2016-04-22,2016-05-20,profit_target,long_put,P,1760.0000,2091.5801,28,13.2200,16.6400,0.0023,0.3341,0.2765,2016-05-19,1.0000,231,1755.0000,1765.0000,False,1760.0000,0.3341,0.3500,0.5600,0.0000,10 x 200,,0.2653,-0.0085,2091.6700,,True,0.4550,0.1050,False,-15.8531,11.0398,12.7995,26.5300,-15.8531,put,exit (~21 DTE),25.4820,0.9771,0.8000,VIX < 15,14-16 %
75,exit,2016-04-22,2016-04-05,2016-04-22,2016-05-20,profit_target,short_put,P,1785.0000,2091.5801,28,13.2200,16.6400,0.0023,0.4539,0.2765,2016-05-19,1.0000,231,1780.0000,1790.0000,False,1785.0000,0.4539,0.4000,0.9000,0.7500,22 x 21,0.0000,0.2586,-0.0123,2091.6700,,True,0.6500,0.2500,False,-14.6578,11.0398,12.7995,25.8650,-14.6578,put,exit (~21 DTE),24.5257,1.0114,0.8000,VIX < 15,14-16 %
75,exit,2016-04-22,2016-04-05,2016-04-22,2016-05-20,profit_target,short_call,C,2240.0000,2091.5801,28,13.2200,16.6400,0.0023,0.2005,0.2765,2016-05-19,1.0000,231,2230.0000,2250.0000,True,2230.0000,0.3420,0.1500,0.5000,0.6000,10 x 22,348.0000,0.1059,0.0153,2091.6700,,True,0.3250,0.1750,False,7.0961,11.0398,12.7995,10.5940,6.6180,call,exit (~21 DTE),10.8141,-0.0674,-0.3000,VIX < 15,06-8 %
75,exit,2016-04-22,2016-04-05,2016-04-22,2016-05-20,profit_target,long_call,C,2265.0000,2091.5801,28,13.2200,16.6400,0.0023,0.0438,0.2765,2016-05-19,1.0000,231,2250.0000,2275.0000,True,2275.0000,0.0219,0.1000,0.2600,0.0000,100 x 2,,0.1236,0.0071,2091.6700,,True,0.1800,0.0800,False,8.2913,11.0398,12.7995,12.3590,8.7694,call,exit (~21 DTE),10.1687,0.1504,-0.3000,VIX < 15,08-10 %
76,entry,2016-05-03,2016-05-03,2016-05-20,2016-06-17,profit_target,long_put,P,1810.0000,2063.3701,45,15.6000,18.5700,0.0021,7.2074,2.7342,2016-06-16,1.0000,243,1805.0000,1815.0000,False,1810.0000,7.2074,3.9000,4.6000,4.4000,649 x 858,12.0000,0.2356,-0.0563,2063.4000,,True,4.2500,0.3500,False,-12.2794,13.8027,17.1494,23.5550,-12.2794,put,entry (~45 DTE),26.9730,0.7942,0.8000,VIX 15-25,12-14 %
76,entry,2016-05-03,2016-05-03,2016-05-20,2016-06-17,profit_target,short_put,P,1835.0000,2063.3701,45,15.6000,18.5700,0.0021,8.6525,2.7342,2016-06-16,1.0000,243,1830.0000,1840.0000,False,1835.0000,8.6525,4.7900,5.5000,5.1200,660 x 672,11.0000,0.2253,-0.0698,2063.4000,,True,5.1450,0.3550,False,-11.0678,13.8027,17.1494,22.5260,-11.0678,put,entry (~45 DTE),26.0037,0.7882,0.8000,VIX 15-25,10-12 %
76,entry,2016-05-03,2016-05-03,2016-05-20,2016-06-17,profit_target,short_call,C,2235.0000,2063.3701,45,15.6000,18.5700,0.0021,2.6650,2.7342,2016-06-16,1.0000,243,2230.0000,2240.0000,False,2235.0000,2.6650,0.2500,0.6500,0.4000,10 x 10,5.0000,0.1104,0.0164,2063.4000,,True,0.4500,0.2000,False,8.3179,13.8027,17.1494,11.0350,8.3179,call,entry (~45 DTE),14.6540,-0.3327,-0.3000,VIX 15-25,08-10 %
76,entry,2016-05-03,2016-05-03,2016-05-20,2016-06-17,profit_target,long_call,C,2260.0000,2063.3701,45,15.6000,18.5700,0.0021,1.3759,2.7342,2016-06-16,1.0000,243,2250.0000,2275.0000,True,2250.0000,1.8101,0.2000,0.5500,0.3500,10 x 10,364.0000,0.1148,0.0127,2063.4000,,True,0.3750,0.1750,False,9.5296,13.8027,17.1494,11.4790,9.0449,call,entry (~45 DTE),14.4359,-0.2569,-0.3000,VIX 15-25,08-10 %
76,exit,2016-05-20,2016-05-03,2016-05-20,2016-06-17,profit_target,long_put,P,1810.0000,2052.3201,28,15.2000,18.0500,0.0032,1.6182,0.6679,2016-06-16,1.0000,243,1805.0000,1815.0000,False,1810.0000,1.6182,1.1000,1.5500,1.5500,1094 x 825,91.0000,0.2341,-0.0257,2052.1500,,True,1.3250,0.2250,False,-11.8071,12.7797,14.8623,23.4140,-11.8071,put,exit (~21 DTE),24.3080,0.9007,0.8000,VIX 15-25,10-12 %
76,exit,2016-05-20,2016-05-03,2016-05-20,2016-06-17,profit_target,short_put,P,1835.0000,2052.3201,28,15.2000,18.0500,0.0032,2.1928,0.6679,2016-06-16,1.0000,243,1830.0000,1840.0000,False,1835.0000,2.1928,1.4500,1.9500,1.9500,783 x 974,13.0000,0.2213,-0.0334,2052.1500,,True,1.7000,0.2500,False,-10.5890,12.7797,14.8623,22.1350,-10.5890,put,exit (~21 DTE),23.3335,0.8835,0.8000,VIX 15-25,10-12 %
76,exit,2016-05-20,2016-05-03,2016-05-20,2016-06-17,profit_target,short_call,C,2235.0000,2052.3201,28,15.2000,18.0500,0.0032,0.1232,0.6679,2016-06-16,1.0000,243,2230.0000,2240.0000,False,2235.0000,0.1232,0.0500,0.2400,0.0000,50 x 35,,0.1253,0.0061,2052.1500,,True,0.1450,0.0950,False,8.9011,12.7797,14.8623,12.5300,8.9011,call,exit (~21 DTE),12.1919,-0.0281,-0.3000,VIX 15-25,08-10 %
77,entry,2016-05-31,2016-05-31,2016-06-24,2016-07-15,dte_exit,long_put,P,1865.0000,2096.9500,45,14.1900,16.6300,0.0034,6.7902,2.6795,2016-07-14,1.0000,209,1860.0000,1870.0000,False,1865.0000,6.7902,3.4000,3.9900,4.3500,803 x 706,30.0000,0.2095,-0.0547,2096.7400,,True,3.6950,0.2950,False,-11.0613,11.9458,15.4582,20.9530,-11.0613,put,entry (~45 DTE),24.3073,0.8143,0.8000,VIX < 15,10-12 %
77,entry,2016-05-31,2016-05-31,2016-06-24,2016-07-15,dte_exit,short_put,P,1890.0000,2096.9500,45,14.1900,16.6300,0.0034,8.2474,2.6795,2016-07-14,1.0000,209,1885.0000,1895.0000,False,1890.0000,8.2474,4.2000,4.9000,5.3500,991 x 680,,0.1988,-0.0690,2096.7400,,True,4.5500,0.3500,False,-9.8691,11.9458,15.4582,19.8800,-9.8691,put,entry (~45 DTE),23.3535,0.8039,0.8000,VIX < 15,08-10 %
77,entry,2016-05-31,2016-05-31,2016-06-24,2016-07-15,dte_exit,short_call,C,2255.0000,2096.9500,45,14.1900,16.6300,0.0034,2.3449,2.6795,2016-07-14,1.0000,209,2250.0000,2275.0000,True,2250.0000,2.6856,0.2000,0.6400,0.4000,977 x 12,,0.0970,0.0168,2096.7400,,True,0.4200,0.2200,False,7.5371,11.9458,15.4582,9.7020,7.2987,call,entry (~45 DTE),13.2686,-0.3074,-0.3000,VIX < 15,06-8 %
77,entry,2016-05-31,2016-05-31,2016-06-24,2016-07-15,dte_exit,long_call,C,2280.0000,2096.9500,45,14.1900,16.6300,0.0034,1.1226,2.6795,2016-07-14,1.0000,209,2275.0000,2300.0000,True,2275.0000,1.3114,0.1500,0.3500,0.3100,10 x 3,21.0000,0.1018,0.0103,2096.7400,,True,0.2500,0.1000,False,8.7293,11.9458,15.4582,10.1830,8.4909,call,entry (~45 DTE),12.9109,-0.2076,-0.3000,VIX < 15,08-10 %
77,exit,2016-06-24,2016-05-31,2016-06-24,2016-07-15,dte_exit,long_put,P,1865.0000,2037.4100,21,25.7600,23.9300,0.0026,11.0632,3.7886,2016-07-14,1.0000,211,1860.0000,1870.0000,False,1865.0000,11.0632,7.5100,8.7000,7.7000,290 x 197,38.0000,0.2965,-0.1115,2037.2800,,True,8.1050,0.5950,False,-8.4622,20.2865,26.8707,29.6480,-8.4622,put,exit (~21 DTE),33.6405,1.1063,0.8000,VIX > 25,08-10 %
77,exit,2016-06-24,2016-05-31,2016-06-24,2016-07-15,dte_exit,short_put,P,1890.0000,2037.4100,21,25.7600,23.9300,0.0026,14.0697,3.7886,2016-07-14,1.0000,211,1885.0000,1895.0000,False,1890.0000,14.0697,9.4100,10.8900,9.9500,289 x 569,299.0000,0.2809,-0.1402,2037.2800,,True,10.1500,0.7400,False,-7.2352,20.2865,26.8707,28.0930,-7.2352,put,exit (~21 DTE),32.6588,1.0790,0.8000,VIX > 25,06-8 %
77,exit,2016-06-24,2016-05-31,2016-06-24,2016-07-15,dte_exit,short_call,C,2255.0000,2037.4100,21,25.7600,23.9300,0.0026,1.7356,3.7886,2016-07-14,1.0000,211,2250.0000,2275.0000,True,2250.0000,1.9440,0.0600,0.2500,0.1500,100 x 10,8.0000,0.1707,0.0054,2037.2800,,True,0.1550,0.0950,False,10.6797,20.2865,26.8707,17.0690,10.4343,call,exit (~21 DTE),23.7404,-0.3084,-0.3000,VIX > 25,10-12 %
77,exit,2016-06-24,2016-05-31,2016-06-24,2016-07-15,dte_exit,long_call,C,2280.0000,2037.4100,21,25.7600,23.9300,0.0026,0.9535,3.7886,2016-07-14,1.0000,211,2275.0000,2300.0000,True,2275.0000,1.0796,0.0500,0.1500,0.1000,1 x 11,129.0000,0.1779,0.0037,2037.2800,,True,0.1000,0.0500,False,11.9068,20.2865,26.8707,17.7900,11.6614,call,exit (~21 DTE),23.3723,-0.2141,-0.3000,VIX > 25,10-12 %
78,entry,2016-07-05,2016-07-05,2016-07-27,2016-08-19,profit_target,long_put,P,1780.0000,2088.5500,45,15.5800,18.2400,0.0028,4.8829,1.4450,2016-08-18,1.0000,223,1775.0000,1785.0000,False,1780.0000,4.8829,2.6500,3.3000,3.4500,2 x 12,162.0000,0.2594,-0.0381,2088.1700,,True,2.9750,0.3250,False,-14.7734,13.3760,16.9622,25.9440,-14.7734,put,entry (~45 DTE),28.7810,0.8507,0.8000,VIX 15-25,14-16 %
78,entry,2016-07-05,2016-07-05,2016-07-27,2016-08-19,profit_target,short_put,P,1805.0000,2088.5500,45,15.5800,18.2400,0.0028,5.8299,1.4450,2016-08-18,1.0000,223,1800.0000,1810.0000,False,1805.0000,5.8299,3.2000,3.9100,3.9500,860 x 842,32.0000,0.2487,-0.0459,2088.1700,,True,3.5550,0.3550,False,-13.5764,13.3760,16.9622,24.8750,-13.5764,put,entry (~45 DTE),27.8233,0.8470,0.8000,VIX 15-25,12-14 %
78,entry,2016-07-05,2016-07-05,2016-07-27,2016-08-19,profit_target,short_call,C,2300.0000,2088.5500,45,15.5800,18.2400,0.0028,0.9012,1.4450,2016-08-18,1.0000,223,2280.0000,2320.0000,False,2300.0000,0.9012,0.0600,0.5600,0.3500,1214 x 2,12.0000,0.1201,0.0106,2088.1700,,True,0.3100,0.2500,False,10.1242,13.3760,16.9622,12.0100,10.1242,call,entry (~45 DTE),13.9249,-0.1349,-0.3000,VIX 15-25,10-12 %
78,exit,2016-07-27,2016-07-05,2016-07-27,2016-08-19,profit_target,long_put,P,1780.0000,2166.5801,23,12.8300,16.1000,0.0031,0.0353,0.0757,2016-08-18,1.0000,233,1775.0000,1785.0000,False,1780.0000,0.0353,0.0500,0.5000,0.0000,1247 x 1231,,0.3064,-0.0051,2167.0400,,True,0.2750,0.2250,False,-17.8429,9.8473,11.0191,30.6430,-17.8429,put,exit (~21 DTE),25.2934,1.1655,0.8000,VIX < 15,16-18 %
78,exit,2016-07-27,2016-07-05,2016-07-27,2016-08-19,profit_target,short_put,P,1805.0000,2166.5801,23,12.8300,16.1000,0.0031,0.0509,0.0757,2016-08-18,1.0000,233,1800.0000,1810.0000,False,1805.0000,0.0509,0.1100,0.5500,0.0000,1165 x 1169,,0.2927,-0.0060,2167.0400,,True,0.3300,0.2200,False,-16.6890,9.8473,11.0191,29.2720,-16.6890,put,exit (~21 DTE),24.3703,1.1639,0.8000,VIX < 15,16-18 %
78,exit,2016-07-27,2016-07-05,2016-07-27,2016-08-19,profit_target,short_call,C,2300.0000,2166.5801,23,12.8300,16.1000,0.0031,0.0687,0.0757,2016-08-18,1.0000,233,2295.0000,2305.0000,False,2300.0000,0.0687,0.1000,0.5600,0.3200,5 x 1117,11.0000,0.1120,0.0147,2167.0400,,True,0.3300,0.2300,False,6.1581,9.8473,11.0191,11.2050,6.1581,call,exit (~21 DTE),9.1717,0.2205,-0.3000,VIX < 15,06-8 %
78,exit,2016-07-27,2016-07-05,2016-07-27,2016-08-19,profit_target,long_call,C,2325.0000,2166.5801,23,12.8300,16.1000,0.0031,0.0086,0.0757,2016-08-18,1.0000,233,2320.0000,2330.0000,False,2325.0000,0.0086,0.1000,0.4000,0.3000,2 x 1034,0.0000,0.1249,0.0113,2167.0400,,True,0.2500,0.1500,False,7.3120,9.8473,11.0191,12.4860,7.3120,call,exit (~21 DTE),8.8255,0.3609,-0.3000,VIX < 15,06-8 %
79,entry,2016-08-02,2016-08-02,2016-08-17,2016-09-16,profit_target,long_put,P,1925.0000,2157.0300,45,13.3700,16.3900,0.0029,6.7699,3.2995,2016-09-16,0.0000,244,1920.0000,1930.0000,False,1925.0000,6.7699,3.5100,4.1000,3.9500,791 x 718,263.0000,0.2019,-0.0566,2157.0900,,True,3.8050,0.2950,False,-10.7569,11.2342,14.9564,20.1900,-10.7569,put,entry (~45 DTE),23.5620,0.8326,0.8000,VIX < 15,10-12 %
79,entry,2016-08-02,2016-08-02,2016-08-17,2016-09-16,profit_target,short_put,P,1955.0000,2157.0300,45,13.3700,16.3900,0.0029,8.5448,3.2995,2016-09-16,0.0000,244,1950.0000,1960.0000,False,1955.0000,8.5448,4.7000,5.3000,6.0000,588 x 859,95.0000,0.1910,-0.0743,2157.0900,,True,5.0000,0.3000,False,-9.3661,11.2342,14.9564,19.0970,-9.3661,put,entry (~45 DTE),22.4493,0.8395,0.8000,VIX < 15,08-10 %
79,entry,2016-08-02,2016-08-02,2016-08-17,2016-09-16,profit_target,short_call,C,2310.0000,2157.0300,45,13.3700,16.3900,0.0029,2.5990,3.2995,2016-09-16,0.0000,244,2305.0000,2315.0000,False,2310.0000,2.5990,0.4000,0.8000,0.5400,49 x 962,42.0000,0.0985,0.0220,2157.0900,,True,0.6000,0.2000,False,7.0917,11.2342,14.9564,9.8500,7.0917,call,entry (~45 DTE),12.8289,-0.1952,-0.3000,VIX < 15,06-8 %
79,entry,2016-08-02,2016-08-02,2016-08-17,2016-09-16,profit_target,long_call,C,2340.0000,2157.0300,45,13.3700,16.3900,0.0029,1.0743,3.2995,2016-09-16,0.0000,244,2335.0000,2345.0000,False,2340.0000,1.0743,0.2500,0.6000,0.4500,47 x 28,1.0000,0.1077,0.0142,2157.0900,,True,0.4250,0.1750,False,8.4825,11.2342,14.9564,10.7750,8.4825,call,entry (~45 DTE),12.4117,-0.0541,-0.3000,VIX < 15,08-10 %
79,exit,2016-08-17,2016-08-02,2016-08-17,2016-09-16,profit_target,long_put,P,1925.0000,2182.2200,30,12.1900,15.5200,0.0030,1.0557,0.9928,2016-09-16,0.0000,244,1920.0000,1930.0000,False,1925.0000,1.0557,1.2000,1.5900,1.7700,49 x 789,433.0000,0.2219,-0.0252,2181.8600,,True,1.3950,0.1950,False,-11.7871,9.2658,12.1900,22.1910,-11.7871,put,exit (~21 DTE),21.6197,1.0966,0.8000,VIX < 15,10-12 %
79,exit,2016-08-17,2016-08-02,2016-08-17,2016-09-16,profit_target,short_put,P,1955.0000,2182.2200,30,12.1900,15.5200,0.0030,1.5173,0.9928,2016-09-16,0.0000,244,1950.0000,1960.0000,False,1955.0000,1.5173,1.6000,2.0000,2.4500,50 x 744,274.0000,0.2073,-0.0339,2181.8600,,True,1.8000,0.2000,False,-10.4123,9.2658,12.1900,20.7340,-10.4123,put,exit (~21 DTE),20.5199,1.1014,0.8000,VIX < 15,10-12 %
79,exit,2016-08-17,2016-08-02,2016-08-17,2016-09-16,profit_target,short_call,C,2310.0000,2182.2200,30,12.1900,15.5200,0.0030,0.6764,0.9928,2016-09-16,0.0000,244,2305.0000,2315.0000,False,2310.0000,0.6764,0.1100,0.5500,0.4000,22 x 815,181.0000,0.0927,0.0157,2181.8600,,True,0.3300,0.2200,False,5.8555,9.2658,12.1900,9.2680,5.8555,call,exit (~21 DTE),10.4333,0.0004,-0.3000,VIX < 15,04-6 %
79,exit,2016-08-17,2016-08-02,2016-08-17,2016-09-16,profit_target,long_call,C,2340.0000,2182.2200,30,12.1900,15.5200,0.0030,0.1452,0.9928,2016-09-16,0.0000,244,2335.0000,2345.0000,False,2340.0000,0.1452,0.0400,0.4400,0.2000,10 x 840,178.0000,0.1059,0.0114,2181.8600,,True,0.2400,0.2000,False,7.2303,9.2658,12.1900,10.5900,7.2303,call,exit (~21 DTE),10.0209,0.1832,-0.3000,VIX < 15,06-8 %
80,entry,2016-08-17,2016-08-17,2016-08-26,2016-09-16,dte_exit,long_put,P,1995.0000,2182.2200,30,12.1900,15.5200,0.0030,2.4996,1.9796,2016-09-16,0.0000,244,1990.0000,2000.0000,False,1995.0000,2.4996,2.3500,2.8000,3.0500,50 x 791,259.0000,0.1877,-0.0508,2181.8600,,True,2.5750,0.2250,False,-8.5793,9.2658,12.1900,18.7650,-8.5793,put,entry (~45 DTE),19.0535,1.1072,0.8000,VIX < 15,08-10 %
80,entry,2016-08-17,2016-08-17,2016-08-26,2016-09-16,dte_exit,short_put,P,2025.0000,2182.2200,30,12.1900,15.5200,0.0030,3.6792,1.9796,2016-09-16,0.0000,244,2020.0000,2030.0000,False,2025.0000,3.6792,3.1900,3.8100,3.8000,52 x 666,704.0000,0.1738,-0.0700,2181.8600,,True,3.5000,0.3100,False,-7.2046,9.2658,12.1900,17.3760,-7.2046,put,entry (~45 DTE),17.9537,1.1257,0.8000,VIX < 15,06-8 %
80,entry,2016-08-17,2016-08-17,2016-08-26,2016-09-16,dte_exit,short_call,C,2300.0000,2182.2200,30,12.1900,15.5200,0.0030,1.0519,1.9796,2016-09-16,0.0000,244,2295.0000,2305.0000,False,2300.0000,1.0519,0.3000,0.4900,0.4000,5 x 55,828.0000,0.0897,0.0194,2181.8600,,True,0.3950,0.0950,False,5.3973,9.2658,12.1900,8.9710,5.3973,call,entry (~45 DTE),10.5708,-0.0546,-0.3000,VIX < 15,04-6 %
80,entry,2016-08-17,2016-08-17,2016-08-26,2016-09-16,dte_exit,long_call,C,2330.0000,2182.2200,30,12.1900,15.5200,0.0030,0.2520,1.9796,2016-09-16,0.0000,244,2325.0000,2335.0000,False,2330.0000,0.2520,0.0600,0.5000,0.2500,957 x 818,178.0000,0.1020,0.0122,2181.8600,,True,0.2800,0.2200,False,6.7720,9.2658,12.1900,10.1960,6.7720,call,entry (~45 DTE),10.1584,0.1374,-0.3000,VIX < 15,06-8 %
80,exit,2016-08-26,2016-08-17,2016-08-26,2016-09-16,dte_exit,long_put,P,1995.0000,2169.0400,21,13.6500,16.2400,0.0033,0.9708,0.8081,2016-09-16,0.0000,244,1990.0000,2000.0000,False,1995.0000,0.9708,1.5100,2.1500,2.5900,953 x 758,37.0000,0.1990,-0.0422,2169.3600,,True,1.8300,0.3200,False,-8.0238,10.1872,11.6857,19.8990,-8.0238,put,exit (~21 DTE),18.1048,1.2104,0.8000,VIX < 15,08-10 %
80,exit,2016-08-26,2016-08-17,2016-08-26,2016-09-16,dte_exit,short_put,P,2025.0000,2169.0400,21,13.6500,16.2400,0.0033,1.6840,0.8081,2016-09-16,0.0000,244,2020.0000,2030.0000,False,2025.0000,1.6840,2.2400,3.0000,2.8600,873 x 862,891.0000,0.1826,-0.0610,2169.3600,,True,2.6200,0.3800,False,-6.6407,10.1872,11.6857,18.2610,-6.6407,put,exit (~21 DTE),16.9983,1.2158,0.8000,VIX < 15,06-8 %
80,exit,2016-08-26,2016-08-17,2016-08-26,2016-09-16,dte_exit,short_call,C,2300.0000,2169.0400,21,13.6500,16.2400,0.0033,0.1048,0.8081,2016-09-16,0.0000,244,2295.0000,2305.0000,False,2300.0000,0.1048,0.1000,0.2500,0.1700,32 x 50,362.0000,0.1020,0.0093,2169.3600,,True,0.1750,0.0750,False,6.0377,10.1872,11.6857,10.2010,6.0377,call,exit (~21 DTE),9.8744,0.0023,-0.3000,VIX < 15,06-8 %
81,entry,2016-09-06,2016-09-06,2016-09-22,2016-10-21,profit_target,long_put,P,1970.0000,2186.4800,45,12.0200,15.5600,0.0032,6.6115,3.5270,2016-10-21,0.0000,236,1965.0000,1975.0000,False,1970.0000,6.6115,3.4000,4.0000,3.7000,717 x 885,45.0000,0.1874,-0.0576,2186.5000,,True,3.7000,0.3000,False,-9.9008,10.0002,13.9031,18.7420,-9.9008,put,entry (~45 DTE),21.8238,0.8829,0.8000,VIX < 15,08-10 %
81,entry,2016-09-06,2016-09-06,2016-09-22,2016-10-21,profit_target,short_put,P,2000.0000,2186.4800,45,12.0200,15.5600,0.0032,8.4366,3.5270,2016-10-21,0.0000,236,1995.0000,2005.0000,False,2000.0000,8.4366,4.5000,5.2000,5.0000,720 x 745,,0.1753,-0.0766,2186.5000,,True,4.8500,0.3500,False,-8.5288,10.0002,13.9031,17.5340,-8.5288,put,entry (~45 DTE),20.7261,0.8833,0.8000,VIX < 15,08-10 %
81,entry,2016-09-06,2016-09-06,2016-09-22,2016-10-21,profit_target,short_call,C,2325.0000,2186.4800,45,12.0200,15.5600,0.0032,2.8326,3.5270,2016-10-21,0.0000,236,2320.0000,2330.0000,False,2325.0000,2.8326,0.2000,0.7100,0.5500,1072 x 1082,,0.0860,0.0189,2186.5000,,True,0.4550,0.2550,False,6.3353,10.0002,13.9031,8.5980,6.3353,call,entry (~45 DTE),12.0025,-0.2213,-0.3000,VIX < 15,06-8 %
81,entry,2016-09-06,2016-09-06,2016-09-22,2016-10-21,profit_target,long_call,C,2355.0000,2186.4800,45,12.0200,15.5600,0.0032,1.1306,3.5270,2016-10-21,0.0000,236,2350.0000,2360.0000,False,2355.0000,1.1306,0.1600,0.6100,0.0000,12 x 963,,0.0979,0.0137,2186.5000,,True,0.3850,0.2250,False,7.7074,10.0002,13.9031,9.7910,7.7074,call,entry (~45 DTE),11.5909,-0.0271,-0.3000,VIX < 15,06-8 %
81,exit,2016-09-22,2016-09-06,2016-09-22,2016-10-21,profit_target,long_put,P,1970.0000,2177.1799,29,12.0200,15.9400,0.0018,1.5744,0.9077,2016-10-21,0.0000,236,1965.0000,1975.0000,False,1970.0000,1.5744,1.2500,1.7000,1.4000,901 x 64,240.0000,0.1870,-0.0323,2176.8600,,True,1.4750,0.2250,False,-9.5160,9.7435,11.7818,18.6990,-9.5160,put,exit (~21 DTE),19.3946,0.9411,0.8000,VIX < 15,08-10 %
81,exit,2016-09-22,2016-09-06,2016-09-22,2016-10-21,profit_target,short_put,P,2000.0000,2177.1799,29,12.0200,15.9400,0.0018,2.3493,0.9077,2016-10-21,0.0000,236,1995.0000,2005.0000,False,2000.0000,2.3493,2.0100,2.5500,2.2500,55 x 759,,0.1769,-0.0486,2176.8600,,True,2.2800,0.2700,False,-8.1380,9.7435,11.7818,17.6890,-8.1380,put,exit (~21 DTE),18.2923,0.9763,0.8000,VIX < 15,08-10 %
81,exit,2016-09-22,2016-09-06,2016-09-22,2016-10-21,profit_target,short_call,C,2325.0000,2177.1799,29,12.0200,15.9400,0.0018,0.1536,0.9077,2016-10-21,0.0000,236,2320.0000,2330.0000,False,2325.0000,0.1536,0.0500,0.2100,0.1000,65 x 52,102.0000,0.0943,0.0062,2176.8600,,True,0.1300,0.0800,False,6.7895,9.7435,11.7818,9.4320,6.7895,call,exit (~21 DTE),9.7450,-0.0459,-0.3000,VIX < 15,06-8 %
81,exit,2016-09-22,2016-09-06,2016-09-22,2016-10-21,profit_target,long_call,C,2355.0000,2177.1799,29,12.0200,15.9400,0.0018,0.0208,0.9077,2016-10-21,0.0000,236,2350.0000,2360.0000,False,2355.0000,0.0208,0.0500,0.1500,0.0500,65 x 50,0.0000,0.1078,0.0050,2176.8600,,True,0.1000,0.0500,False,8.1674,9.7435,11.7818,10.7830,8.1674,call,exit (~21 DTE),9.3316,0.1273,-0.3000,VIX < 15,08-10 %
82,entry,2016-10-04,2016-10-04,2016-10-21,2016-11-18,profit_target,long_put,P,1900.0000,2150.4900,45,13.6300,16.4700,0.0033,5.9843,2.7325,2016-11-18,0.0000,237,1895.0000,1905.0000,False,1900.0000,5.9843,3.5000,4.3000,4.0000,579 x 706,,0.2185,-0.0539,2150.5200,,True,3.9000,0.4000,False,-11.6480,12.8947,15.1168,21.8500,-11.6480,put,entry (~45 DTE),24.4353,0.7688,0.8000,VIX < 15,10-12 %
82,entry,2016-10-04,2016-10-04,2016-10-21,2016-11-18,profit_target,short_put,P,1930.0000,2150.4900,45,13.6300,16.4700,0.0033,7.5235,2.7325,2016-11-18,0.0000,237,1925.0000,1935.0000,False,1930.0000,7.5235,4.9000,5.7000,5.1500,385 x 787,102.0000,0.2098,-0.0721,2150.5200,,True,5.3000,0.4000,False,-10.2530,12.8947,15.1168,20.9780,-10.2530,put,entry (~45 DTE),23.3193,0.7884,0.8000,VIX < 15,10-12 %
82,exit,2016-10-21,2016-10-04,2016-10-21,2016-11-18,profit_target,long_put,P,1900.0000,2141.1599,28,13.3400,16.0400,0.0033,1.2114,0.6256,2016-11-18,0.0000,237,1895.0000,1905.0000,False,1900.0000,1.2114,0.8500,1.4500,1.1500,1036 x 1097,,0.2124,-0.0233,2141.0000,,True,1.1500,0.3000,False,-11.2630,11.3330,13.0175,21.2390,-11.2631,put,exit (~21 DTE),22.0280,0.8795,0.8000,VIX < 15,10-12 %
82,exit,2016-10-21,2016-10-04,2016-10-21,2016-11-18,profit_target,short_put,P,1930.0000,2141.1599,28,13.3400,16.0400,0.0033,1.7758,0.6256,2016-11-18,0.0000,237,1925.0000,1935.0000,False,1930.0000,1.7758,1.4100,1.9500,1.6400,581 x 758,341.0000,0.2004,-0.0342,2141.0000,,True,1.6800,0.2700,False,-9.8619,11.3330,13.0175,20.0410,-9.8619,put,exit (~21 DTE),20.9071,0.8830,0.8000,VIX < 15,08-10 %
83,entry,2016-11-01,2016-11-01,2016-11-18,2016-12-16,profit_target,long_put,P,1810.0000,2111.7200,45,18.5600,18.7400,0.0036,6.8165,2.1982,2016-12-16,0.0000,242,1805.0000,1815.0000,False,1810.0000,6.8165,4.2000,5.0000,4.2800,688 x 962,7.0000,0.2686,-0.0521,2111.7400,,True,4.6000,0.4000,False,-14.2879,15.4477,18.6502,26.8590,-14.2879,put,entry (~45 DTE),30.0805,0.7987,0.8000,VIX 15-25,14-16 %
83,entry,2016-11-01,2016-11-01,2016-11-18,2016-12-16,profit_target,short_put,P,1835.0000,2111.7200,45,18.5600,18.7400,0.0036,8.0548,2.1982,2016-12-16,0.0000,242,1830.0000,1840.0000,False,1835.0000,8.0548,5.0900,6.0100,6.4000,622 x 963,50.0000,0.2588,-0.0635,2111.7400,,True,5.5500,0.4600,False,-13.1040,15.4477,18.6502,25.8830,-13.1040,put,entry (~45 DTE),29.1334,0.7963,0.8000,VIX 15-25,12-14 %
83,entry,2016-11-01,2016-11-01,2016-11-18,2016-12-16,profit_target,short_call,C,2320.0000,2111.7200,45,18.5600,18.7400,0.0036,2.0545,2.1982,2016-12-16,0.0000,242,2315.0000,2325.0000,False,2320.0000,2.0545,0.1600,0.4500,0.3000,34 x 11,2.0000,0.1181,0.0102,2111.7400,,True,0.3050,0.1450,False,9.8631,15.4477,18.6502,11.8140,9.8631,call,entry (~45 DTE),15.6913,-0.3684,-0.3000,VIX 15-25,08-10 %
83,entry,2016-11-01,2016-11-01,2016-11-18,2016-12-16,profit_target,long_call,C,2345.0000,2111.7200,45,18.5600,18.7400,0.0036,1.0946,2.1982,2016-12-16,0.0000,242,2340.0000,2350.0000,False,2345.0000,1.0946,0.0500,0.4900,0.2500,198 x 1482,1.0000,0.1279,0.0091,2111.7400,,True,0.2700,0.2200,False,11.0469,15.4477,18.6502,12.7870,11.0469,call,entry (~45 DTE),15.3361,-0.2409,-0.3000,VIX 15-25,10-12 %
83,exit,2016-11-18,2016-11-01,2016-11-18,2016-12-16,profit_target,long_put,P,1810.0000,2181.8999,28,12.8500,15.5200,0.0044,0.2336,0.3859,2016-12-16,0.0000,245,1805.0000,1815.0000,False,1810.0000,0.2336,0.3000,0.7000,0.4400,10 x 10,8.0000,0.2815,-0.0089,2182.0500,,True,0.5000,0.2000,False,-17.0448,10.6883,12.5302,28.1500,-17.0448,put,exit (~21 DTE),26.1660,1.0245,0.8000,VIX < 15,16-18 %
83,exit,2016-11-18,2016-11-01,2016-11-18,2016-12-16,profit_target,short_put,P,1835.0000,2181.8999,28,12.8500,15.5200,0.0044,0.3127,0.3859,2016-12-16,0.0000,245,1830.0000,1840.0000,False,1835.0000,0.3127,0.2600,0.7500,0.5500,10 x 55,2.0000,0.2628,-0.0090,2182.0500,,True,0.5050,0.2450,False,-15.8990,10.6883,12.5302,26.2770,-15.8990,put,exit (~21 DTE),25.2494,0.9805,0.8000,VIX < 15,14-16 %
83,exit,2016-11-18,2016-11-01,2016-11-18,2016-12-16,profit_target,short_call,C,2320.0000,2181.8999,28,12.8500,15.5200,0.0044,0.4143,0.3859,2016-12-16,0.0000,245,2315.0000,2325.0000,False,2320.0000,0.4143,0.2000,0.5900,0.5000,10 x 10,0.0000,0.1045,0.0180,2182.0500,,True,0.3950,0.1950,False,6.3294,10.6883,12.5302,10.4460,6.3294,call,exit (~21 DTE),10.6314,-0.0383,-0.3000,VIX < 15,06-8 %
83,exit,2016-11-18,2016-11-01,2016-11-18,2016-12-16,profit_target,long_call,C,2345.0000,2181.8999,28,12.8500,15.5200,0.0044,0.1075,0.3859,2016-12-16,0.0000,245,2340.0000,2350.0000,False,2345.0000,0.1075,0.1400,0.5000,0.0000,110 x 48,,0.1163,0.0134,2182.0500,,True,0.3200,0.1800,False,7.4751,10.6883,12.5302,11.6320,7.4751,call,exit (~21 DTE),10.2877,0.1263,-0.3000,VIX < 15,06-8 %
84,entry,2016-12-06,2016-12-06,2016-12-28,2017-01-20,profit_target,long_put,P,2000.0000,2212.2300,45,11.7900,15.4800,0.0050,6.8407,3.6461,2017-01-20,0.0000,266,1995.0000,2005.0000,False,2000.0000,6.8407,2.9900,3.7000,3.2500,1070 x 1245,,0.1787,-0.0548,2212.2300,,True,3.3450,0.3550,False,-9.5935,10.1633,13.7593,17.8650,-9.5935,put,entry (~45 DTE),21.4340,0.8028,0.8000,VIX < 15,08-10 %
84,entry,2016-12-06,2016-12-06,2016-12-28,2017-01-20,profit_target,short_put,P,2030.0000,2212.2300,45,11.7900,15.4800,0.0050,8.7300,3.6461,2017-01-20,0.0000,266,2025.0000,2035.0000,False,2030.0000,8.7300,4.0000,4.8000,4.3000,1042 x 1158,84.0000,0.1666,-0.0738,2212.2300,,True,4.4000,0.4000,False,-8.2374,10.1633,13.7593,16.6630,-8.2374,put,entry (~45 DTE),20.3492,0.7891,0.8000,VIX < 15,08-10 %
84,entry,2016-12-06,2016-12-06,2016-12-28,2017-01-20,profit_target,short_call,C,2350.0000,2212.2300,45,11.7900,15.4800,0.0050,2.9381,3.6461,2017-01-20,0.0000,266,2345.0000,2355.0000,False,2350.0000,2.9381,0.7600,1.3500,1.0200,1090 x 1175,,0.0964,0.0353,2212.2300,,True,1.0550,0.2950,False,6.2277,10.1633,13.7593,9.6390,6.2277,call,entry (~45 DTE),11.8910,-0.0842,-0.3000,VIX < 15,06-8 %
84,entry,2016-12-06,2016-12-06,2016-12-28,2017-01-20,profit_target,long_call,C,2380.0000,2212.2300,45,11.7900,15.4800,0.0050,1.1814,3.6461,2017-01-20,0.0000,266,2375.0000,2385.0000,False,2380.0000,1.1814,0.5000,0.9000,0.0000,10 x 55,,0.1048,0.0231,2212.2300,,True,0.7000,0.2000,False,7.5838,10.1633,13.7593,10.4840,7.5838,call,entry (~45 DTE),11.4841,0.0423,-0.3000,VIX < 15,06-8 %
84,exit,2016-12-28,2016-12-06,2016-12-28,2017-01-20,profit_target,long_put,P,2000.0000,2249.9199,23,12.9500,15.9300,0.0053,0.3848,0.9731,2017-01-20,0.0000,272,1995.0000,2005.0000,False,2000.0000,0.3848,0.5000,1.0400,0.8500,1346 x 54,338.0000,0.2184,-0.0167,2249.9200,,True,0.7700,0.2700,False,-11.1079,10.2470,11.3320,21.8420,-11.1079,put,exit (~21 DTE),20.2183,1.0438,0.8000,VIX < 15,10-12 %
84,exit,2016-12-28,2016-12-06,2016-12-28,2017-01-20,profit_target,short_put,P,2030.0000,2249.9199,23,12.9500,15.9300,0.0053,0.6165,0.9731,2017-01-20,0.0000,272,2025.0000,2035.0000,False,2030.0000,0.6165,0.8100,1.2900,0.9000,54 x 54,1.0000,0.2042,-0.0236,2249.9200,,True,1.0500,0.2400,False,-9.7746,10.2470,11.3320,20.4200,-9.7746,put,exit (~21 DTE),19.1516,1.0408,0.8000,VIX < 15,08-10 %
84,exit,2016-12-28,2016-12-06,2016-12-28,2017-01-20,profit_target,short_call,C,2350.0000,2249.9199,23,12.9500,15.9300,0.0053,0.9131,0.9731,2017-01-20,0.0000,272,2345.0000,2355.0000,False,2350.0000,0.9131,0.6000,0.9500,0.7000,69 x 10,,0.0947,0.0358,2249.9200,,True,0.7750,0.1750,False,4.4482,10.2470,11.3320,9.4680,4.4482,call,exit (~21 DTE),9.9975,-0.1751,-0.3000,VIX < 15,04-6 %
84,exit,2016-12-28,2016-12-06,2016-12-28,2017-01-20,profit_target,long_call,C,2380.0000,2249.9199,23,12.9500,15.9300,0.0053,0.1717,0.9731,2017-01-20,0.0000,272,2375.0000,2385.0000,False,2380.0000,0.1717,0.1900,0.5600,0.3900,55 x 78,6.0000,0.1041,0.0179,2249.9200,,True,0.3750,0.1850,False,5.7815,10.2470,11.3320,10.4060,5.7815,call,exit (~21 DTE),9.5975,0.0275,-0.3000,VIX < 15,04-6 %
85,entry,2017-01-03,2017-01-03,2017-01-17,2017-02-17,profit_target,long_put,P,2025.0000,2257.8301,45,12.8500,15.5600,0.0054,6.7332,3.3011,2017-02-17,0.0000,246,2020.0000,2030.0000,False,2025.0000,6.7332,3.3000,3.9100,3.7000,627 x 1,,0.1906,-0.0541,2257.4400,,True,3.6050,0.3050,False,-10.3121,10.8085,14.2695,19.0590,-10.3121,put,entry (~45 DTE),22.5192,0.8001,0.8000,VIX < 15,10-12 %
85,entry,2017-01-03,2017-01-03,2017-01-17,2017-02-17,profit_target,short_put,P,2055.0000,2257.8301,45,12.8500,15.5600,0.0054,8.4784,3.3011,2017-02-17,0.0000,246,2050.0000,2060.0000,False,2055.0000,8.4784,4.4000,5.1000,5.6500,513 x 59,14.0000,0.1813,-0.0720,2257.4400,,True,4.7500,0.3500,False,-8.9834,10.8085,14.2695,18.1270,-8.9834,put,entry (~45 DTE),21.4562,0.8147,0.8000,VIX < 15,08-10 %
85,entry,2017-01-03,2017-01-03,2017-01-17,2017-02-17,profit_target,short_call,C,2410.0000,2257.8301,45,12.8500,15.5600,0.0054,2.6520,3.3011,2017-02-17,0.0000,246,2405.0000,2415.0000,False,2410.0000,2.6520,0.4500,1.0000,0.7000,771 x 56,32.0000,0.0961,0.0250,2257.4400,,True,0.7250,0.2750,False,6.7397,10.8085,14.2695,9.6130,6.7397,call,entry (~45 DTE),12.2476,-0.1774,-0.3000,VIX < 15,06-8 %
85,entry,2017-01-03,2017-01-03,2017-01-17,2017-02-17,profit_target,long_call,C,2440.0000,2257.8301,45,12.8500,15.5600,0.0054,1.0961,3.3011,2017-02-17,0.0000,246,2435.0000,2445.0000,False,2440.0000,1.0961,0.1400,0.7000,0.4500,836 x 55,6.0000,0.1027,0.0148,2257.4400,,True,0.4200,0.2800,False,8.0684,10.8085,14.2695,10.2710,8.0684,call,entry (~45 DTE),11.8490,-0.0666,-0.3000,VIX < 15,08-10 %
85,exit,2017-01-17,2017-01-03,2017-01-17,2017-02-17,profit_target,long_put,P,2025.0000,2267.8899,31,11.8700,14.8900,0.0055,1.5221,1.0081,2017-02-17,0.0000,246,2020.0000,2030.0000,False,2025.0000,1.5221,1.4600,1.7500,1.6500,731 x 1,302.0000,0.2034,-0.0296,2267.6900,,True,1.6050,0.1450,False,-10.7100,9.3213,12.0336,20.3440,-10.7100,put,exit (~21 DTE),20.6016,1.0292,0.8000,VIX < 15,10-12 %
85,exit,2017-01-17,2017-01-03,2017-01-17,2017-02-17,profit_target,short_put,P,2055.0000,2267.8899,31,11.8700,14.8900,0.0055,2.1570,1.0081,2017-02-17,0.0000,246,2050.0000,2060.0000,False,2055.0000,2.1570,1.8600,2.5100,2.2500,843 x 10,14.0000,0.1911,-0.0408,2267.6900,,True,2.1850,0.3250,False,-9.3871,9.3213,12.0336,19.1120,-9.3871,put,exit (~21 DTE),19.5433,1.0430,0.8000,VIX < 15,08-10 %
85,exit,2017-01-17,2017-01-03,2017-01-17,2017-02-17,profit_target,short_call,C,2410.0000,2267.8899,31,11.8700,14.8900,0.0055,0.4708,1.0081,2017-02-17,0.0000,246,2405.0000,2415.0000,False,2410.0000,0.4708,0.0500,0.5500,0.5500,14 x 55,4.0000,0.0954,0.0139,2267.6900,,True,0.3000,0.2500,False,6.2662,9.3213,12.0336,9.5450,6.2662,call,exit (~21 DTE),10.1537,0.0357,-0.3000,VIX < 15,06-8 %
85,exit,2017-01-17,2017-01-03,2017-01-17,2017-02-17,profit_target,long_call,C,2440.0000,2267.8899,31,11.8700,14.8900,0.0055,0.0975,1.0081,2017-02-17,0.0000,246,2435.0000,2445.0000,False,2440.0000,0.0975,0.0500,0.4500,0.0000,10 x 55,,0.1083,0.0104,2267.6900,,True,0.2500,0.2000,False,7.5890,9.3213,12.0336,10.8330,7.5890,call,exit (~21 DTE),9.7569,0.1992,-0.3000,VIX < 15,06-8 %
86,entry,2017-01-17,2017-01-17,2017-01-26,2017-02-17,profit_target,long_put,P,2080.0000,2267.8899,31,11.8700,14.8900,0.0055,2.9059,2.2992,2017-02-17,0.0000,246,2075.0000,2085.0000,False,2080.0000,2.9059,2.4500,3.1000,2.7900,577 x 10,327.0000,0.1805,-0.0531,2267.6900,,True,2.7750,0.3250,False,-8.2848,9.3213,12.0336,18.0550,-8.2848,put,entry (~45 DTE),18.6614,1.0542,0.8000,VIX < 15,08-10 %
86,entry,2017-01-17,2017-01-17,2017-01-26,2017-02-17,profit_target,short_put,P,2110.0000,2267.8899,31,11.8700,14.8900,0.0055,4.1937,2.2992,2017-02-17,0.0000,246,2105.0000,2115.0000,False,2110.0000,4.1937,3.3000,4.1000,3.8000,577 x 569,134.0000,0.1664,-0.0734,2267.6900,,True,3.7000,0.4000,False,-6.9620,9.3213,12.0336,16.6380,-6.9620,put,entry (~45 DTE),17.6032,1.0510,0.8000,VIX < 15,06-8 %
86,entry,2017-01-17,2017-01-17,2017-01-26,2017-02-17,profit_target,short_call,C,2385.0000,2267.8899,31,11.8700,14.8900,0.0055,1.3819,2.2992,2017-02-17,0.0000,246,2380.0000,2390.0000,False,2385.0000,1.3819,0.2000,0.8000,0.4600,933 x 63,9.0000,0.0876,0.0228,2267.6900,,True,0.5000,0.3000,False,5.1638,9.3213,12.0336,8.7640,5.1638,call,entry (~45 DTE),10.4844,-0.1079,-0.3000,VIX < 15,04-6 %
86,entry,2017-01-17,2017-01-17,2017-01-26,2017-02-17,profit_target,long_call,C,2415.0000,2267.8899,31,11.8700,14.8900,0.0055,0.3705,2.2992,2017-02-17,0.0000,246,2410.0000,2420.0000,False,2415.0000,0.3705,0.0400,0.5500,0.5000,10 x 55,9.0000,0.0975,0.0129,2267.6900,,True,0.2950,0.2550,False,6.4867,9.3213,12.0336,9.7480,6.4867,call,entry (~45 DTE),10.0876,0.0658,-0.3000,VIX < 15,06-8 %
86,exit,2017-01-26,2017-01-17,2017-01-26,2017-02-17,profit_target,long_put,P,2080.0000,2296.6799,22,10.6300,13.6300,0.0051,0.1782,0.3921,2017-02-17,0.0000,252,2075.0000,2085.0000,False,2080.0000,0.1782,0.6600,1.1400,0.8500,522 x 521,208.0000,0.1956,-0.0213,2296.6800,,True,0.9000,0.2400,False,-9.4345,8.2715,8.5615,19.5590,-9.4345,put,exit (~21 DTE),16.1091,1.1964,0.8000,VIX < 15,08-10 %
86,exit,2017-01-26,2017-01-17,2017-01-26,2017-02-17,profit_target,short_put,P,2110.0000,2296.6799,22,10.6300,13.6300,0.0051,0.3194,0.3921,2017-02-17,0.0000,252,2105.0000,2115.0000,False,2110.0000,0.3194,0.9100,1.4000,1.0500,525 x 517,3.0000,0.1784,-0.0288,2296.6800,,True,1.1550,0.2450,False,-8.1283,8.2715,8.5615,17.8440,-8.1283,put,exit (~21 DTE),15.0641,1.1777,0.8000,VIX < 15,08-10 %
86,exit,2017-01-26,2017-01-17,2017-01-26,2017-02-17,profit_target,short_call,C,2385.0000,2296.6799,22,10.6300,13.6300,0.0051,0.2693,0.3921,2017-02-17,0.0000,252,2380.0000,2390.0000,False,2385.0000,0.2693,0.5500,1.0500,0.9500,453 x 62,74.0000,0.0868,0.0403,2296.6800,,True,0.8000,0.2500,False,3.8456,8.2715,8.5615,8.6810,3.8456,call,exit (~21 DTE),7.4078,0.1065,-0.3000,VIX < 15,02-4 %
86,exit,2017-01-26,2017-01-17,2017-01-26,2017-02-17,profit_target,long_call,C,2415.0000,2296.6799,22,10.6300,13.6300,0.0051,0.0184,0.3921,2017-02-17,0.0000,252,2410.0000,2420.0000,False,2415.0000,0.0184,0.2000,0.6400,0.0000,1524 x 69,,0.0988,0.0208,2296.6800,,True,0.4200,0.2200,False,5.1518,8.2715,8.5615,9.8800,5.1518,call,exit (~21 DTE),7.0159,0.3122,-0.3000,VIX < 15,04-6 %
87,entry,2017-01-31,2017-01-31,2017-02-24,2017-03-17,dte_exit,long_put,P,2055.0000,2278.8701,45,11.9900,14.4800,0.0053,6.1998,3.0796,2017-03-17,0.0000,249,2050.0000,2060.0000,False,2055.0000,6.1998,3.6900,4.3000,3.9900,1082 x 920,122.0000,0.1874,-0.0595,2278.9800,,True,3.9950,0.3050,False,-9.8237,10.1415,13.2934,18.7390,-9.8237,put,entry (~45 DTE),21.1524,0.8752,0.8000,VIX < 15,08-10 %
87,entry,2017-01-31,2017-01-31,2017-02-24,2017-03-17,dte_exit,short_put,P,2085.0000,2278.8701,45,11.9900,14.4800,0.0053,7.8857,3.0796,2017-03-17,0.0000,249,2080.0000,2090.0000,False,2085.0000,7.8857,4.7000,5.1000,5.8000,879 x 1,59.0000,0.1738,-0.0758,2278.9800,,True,4.9000,0.2000,False,-8.5073,10.1415,13.2934,17.3840,-8.5073,put,entry (~45 DTE),20.0993,0.8513,0.8000,VIX < 15,08-10 %
87,entry,2017-01-31,2017-01-31,2017-02-24,2017-03-17,dte_exit,short_call,C,2425.0000,2278.8701,45,11.9900,14.4800,0.0053,2.2465,3.0796,2017-03-17,0.0000,249,2420.0000,2430.0000,False,2425.0000,2.2465,0.6000,1.0000,0.7800,964 x 54,,0.0944,0.0280,2278.9800,,True,0.8000,0.2000,False,6.4124,10.1415,13.2934,9.4410,6.4124,call,entry (~45 DTE),11.3697,-0.1092,-0.3000,VIX < 15,06-8 %
87,entry,2017-01-31,2017-01-31,2017-02-24,2017-03-17,dte_exit,long_call,C,2455.0000,2278.8701,45,11.9900,14.4800,0.0053,0.8528,3.0796,2017-03-17,0.0000,249,2450.0000,2460.0000,False,2455.0000,0.8528,0.3000,0.7500,0.0000,862 x 11,,0.1017,0.0177,2278.9800,,True,0.5250,0.2250,False,7.7288,10.1415,13.2934,10.1680,7.7288,call,entry (~45 DTE),10.9748,0.0034,-0.3000,VIX < 15,06-8 %
87,exit,2017-02-24,2017-01-31,2017-02-24,2017-03-17,dte_exit,long_put,P,2055.0000,2367.3401,21,11.4700,14.7600,0.0052,0.0329,1.8289,2017-03-17,0.0000,260,2050.0000,2060.0000,False,2055.0000,0.0329,0.5600,0.8400,0.8000,55 x 38,5.0000,0.2600,-0.0133,2366.9400,,True,0.7000,0.1400,False,-13.1937,8.4008,8.7226,26.0040,-13.1937,put,exit (~21 DTE),19.2776,1.3342,0.8000,VIX < 15,12-14 %
87,exit,2017-02-24,2017-01-31,2017-02-24,2017-03-17,dte_exit,short_put,P,2085.0000,2367.3401,21,11.4700,14.7600,0.0052,0.0553,1.8289,2017-03-17,0.0000,260,2080.0000,2090.0000,False,2085.0000,0.0553,0.6500,1.0500,0.9500,54 x 57,10.0000,0.2432,-0.0161,2366.9400,,True,0.8500,0.2000,False,-11.9265,8.4008,8.7226,24.3200,-11.9265,put,exit (~21 DTE),18.2638,1.3348,0.8000,VIX < 15,10-12 %
87,exit,2017-02-24,2017-01-31,2017-02-24,2017-03-17,dte_exit,short_call,C,2425.0000,2367.3401,21,11.4700,14.7600,0.0052,2.1582,1.8289,2017-03-17,0.0000,260,2420.0000,2430.0000,False,2425.0000,2.1582,1.3900,2.1500,1.7800,57 x 678,153.0000,0.0768,0.0867,2366.9400,,True,1.7700,0.3800,False,2.4356,8.4008,8.7226,7.6810,2.4356,call,exit (~21 DTE),7.9919,-0.2955,-0.3000,VIX < 15,02-4 %
87,exit,2017-02-24,2017-01-31,2017-02-24,2017-03-17,dte_exit,long_call,C,2455.0000,2367.3401,21,11.4700,14.7600,0.0052,0.3516,1.8289,2017-03-17,0.0000,260,2450.0000,2460.0000,False,2455.0000,0.3516,0.2500,0.7500,0.4500,57 x 57,53.0000,0.0808,0.0276,2366.9400,,True,0.5000,0.2500,False,3.7029,8.4008,8.7226,8.0780,3.7029,call,exit (~21 DTE),7.6118,-0.0872,-0.3000,VIX < 15,02-4 %
88,entry,2017-03-07,2017-03-07,2017-03-27,2017-04-21,profit_target,long_put,P,2150.0000,2368.3899,45,11.4500,14.4100,0.0076,6.7620,3.5035,2017-04-21,0.0000,249,2145.0000,2155.0000,False,2150.0000,6.7620,3.0000,3.5000,3.2900,854 x 49,,0.1691,-0.0533,2368.0900,,True,3.2500,0.2500,False,-9.2210,9.4897,13.0144,16.9080,-9.2210,put,entry (~45 DTE),20.3912,0.8045,0.8000,VIX < 15,08-10 %
88,entry,2017-03-07,2017-03-07,2017-03-27,2017-04-21,profit_target,short_put,P,2180.0000,2368.3899,45,11.4500,14.4100,0.0076,8.5734,3.5035,2017-04-21,0.0000,249,2175.0000,2185.0000,False,2180.0000,8.5734,3.7900,4.3900,3.9000,780 x 602,8.0000,0.1572,-0.0689,2368.0900,,True,4.0900,0.3000,False,-7.9543,9.4897,13.0144,15.7150,-7.9543,put,entry (~45 DTE),19.3779,0.7826,0.8000,VIX < 15,06-8 %
88,entry,2017-03-07,2017-03-07,2017-03-27,2017-04-21,profit_target,short_call,C,2510.0000,2368.3899,45,11.4500,14.4100,0.0076,2.8295,3.5035,2017-04-21,0.0000,249,2505.0000,2515.0000,False,2510.0000,2.8295,0.4500,0.9600,0.7500,755 x 54,114.0000,0.0861,0.0256,2368.0900,,True,0.7050,0.2550,False,5.9792,9.4897,13.0144,8.6090,5.9792,call,entry (~45 DTE),11.2207,-0.1473,-0.3000,VIX < 15,04-6 %
88,entry,2017-03-07,2017-03-07,2017-03-27,2017-04-21,profit_target,long_call,C,2540.0000,2368.3899,45,11.4500,14.4100,0.0076,1.1375,3.5035,2017-04-21,0.0000,249,2535.0000,2545.0000,False,2540.0000,1.1375,0.1900,0.5600,0.5000,11 x 11,0.0000,0.0915,0.0140,2368.0900,,True,0.3750,0.1850,False,7.2459,9.4897,13.0144,9.1540,7.2459,call,entry (~45 DTE),10.8407,-0.0463,-0.3000,VIX < 15,06-8 %
88,exit,2017-03-27,2017-03-07,2017-03-27,2017-04-21,profit_target,long_put,P,2150.0000,2341.5901,25,12.5000,14.2300,0.0078,1.7315,0.9845,2017-04-21,0.0000,249,2145.0000,2155.0000,False,2150.0000,1.7315,1.7000,2.3600,1.8500,54 x 54,,0.1868,-0.0423,2341.6600,,True,2.0300,0.3300,False,-8.1821,9.6342,11.9322,18.6790,-8.1821,put,exit (~21 DTE),18.4778,1.1054,0.8000,VIX < 15,08-10 %
88,exit,2017-03-27,2017-03-07,2017-03-27,2017-04-21,profit_target,short_put,P,2180.0000,2341.5901,25,12.5000,14.2300,0.0078,2.6641,0.9845,2017-04-21,0.0000,249,2175.0000,2185.0000,False,2180.0000,2.6641,2.0900,2.8500,2.4500,54 x 54,136.0000,0.1689,-0.0550,2341.6600,,True,2.4700,0.3800,False,-6.9009,9.6342,11.9322,16.8930,-6.9009,put,exit (~21 DTE),17.4529,1.0519,0.8000,VIX < 15,06-8 %
89,entry,2017-04-04,2017-04-04,2017-04-24,2017-05-19,profit_target,long_put,P,2135.0000,2360.1599,45,11.7900,13.3700,0.0079,5.8540,2.9447,2017-05-19,0.0000,216,2130.0000,2140.0000,False,2135.0000,5.8540,3.3000,4.1100,4.9000,915 x 850,0.0000,0.1790,-0.0569,2359.9600,,True,3.7050,0.4050,False,-9.5400,9.5620,12.6048,17.8970,-9.5400,put,entry (~45 DTE),20.2368,0.8737,0.8000,VIX < 15,08-10 %
89,entry,2017-04-04,2017-04-04,2017-04-24,2017-05-19,profit_target,short_put,P,2165.0000,2360.1599,45,11.7900,13.3700,0.0079,7.4495,2.9447,2017-05-19,0.0000,216,2160.0000,2170.0000,False,2165.0000,7.4495,4.3000,5.1000,5.0000,698 x 693,7.0000,0.1674,-0.0729,2359.9600,,True,4.7000,0.4000,False,-8.2689,9.5620,12.6048,16.7400,-8.2689,put,entry (~45 DTE),19.2199,0.8681,0.8000,VIX < 15,08-10 %
89,entry,2017-04-04,2017-04-04,2017-04-24,2017-05-19,profit_target,short_call,C,2505.0000,2360.1599,45,11.7900,13.3700,0.0079,2.1376,2.9447,2017-05-19,0.0000,216,2500.0000,2510.0000,False,2505.0000,2.1376,0.2400,0.7500,0.5000,10 x 36,9.0000,0.0838,0.0201,2359.9600,,True,0.4950,0.2550,False,6.1369,9.5620,12.6048,8.3820,6.1369,call,entry (~45 DTE),10.7637,-0.1923,-0.3000,VIX < 15,06-8 %
89,entry,2017-04-04,2017-04-04,2017-04-24,2017-05-19,profit_target,long_call,C,2535.0000,2360.1599,45,11.7900,13.3700,0.0079,0.7883,2.9447,2017-05-19,0.0000,216,2530.0000,2540.0000,False,2535.0000,0.7883,0.0500,0.5900,0.4000,806 x 55,0.0000,0.0910,0.0126,2359.9600,,True,0.3200,0.2700,False,7.4080,9.5620,12.6048,9.0990,7.4080,call,entry (~45 DTE),10.3824,-0.0625,-0.3000,VIX < 15,06-8 %
89,exit,2017-04-24,2017-04-04,2017-04-24,2017-05-19,profit_target,long_put,P,2135.0000,2374.1499,25,10.8400,12.9000,0.0081,0.4955,0.4005,2017-05-19,0.0000,216,2130.0000,2140.0000,False,2135.0000,0.4955,1.1000,1.4000,1.2700,164 x 184,253.0000,0.2027,-0.0249,2374.0200,,True,1.2500,0.1500,False,-10.0731,8.0998,10.1407,20.2720,-10.0731,put,exit (~21 DTE),18.1992,1.2084,0.8000,VIX < 15,10-12 %
89,exit,2017-04-24,2017-04-04,2017-04-24,2017-05-19,profit_target,short_put,P,2165.0000,2374.1499,25,10.8400,12.9000,0.0081,0.7775,0.4005,2017-05-19,0.0000,216,2160.0000,2170.0000,False,2165.0000,0.7775,1.3000,1.6000,1.5100,570 x 164,60.0000,0.1850,-0.0317,2374.0200,,True,1.4500,0.1500,False,-8.8095,8.0998,10.1407,18.4960,-8.8095,put,exit (~21 DTE),17.1883,1.1801,0.8000,VIX < 15,08-10 %
89,exit,2017-04-24,2017-04-04,2017-04-24,2017-05-19,profit_target,short_call,C,2505.0000,2374.1499,25,10.8400,12.9000,0.0081,0.1318,0.4005,2017-05-19,0.0000,216,2500.0000,2510.0000,False,2505.0000,0.1318,0.1100,0.3500,0.2200,130 x 172,1.0000,0.0912,0.0112,2374.0200,,True,0.2300,0.1200,False,5.5115,8.0998,10.1407,9.1190,5.5115,call,exit (~21 DTE),8.4873,0.1849,-0.3000,VIX < 15,04-6 %
89,exit,2017-04-24,2017-04-04,2017-04-24,2017-05-19,profit_target,long_call,C,2535.0000,2374.1499,25,10.8400,12.9000,0.0081,0.0133,0.4005,2017-05-19,0.0000,216,2530.0000,2540.0000,False,2535.0000,0.0133,0.0600,0.3000,0.0000,181 x 150,,0.1046,0.0082,2374.0200,,True,0.1800,0.1200,False,6.7751,8.0998,10.1407,10.4610,6.7751,call,exit (~21 DTE),8.1082,0.3485,-0.3000,VIX < 15,06-8 %
90,entry,2017-05-02,2017-05-02,2017-05-22,2017-06-16,profit_target,long_put,P,2185.0000,2391.1699,45,10.5900,12.8300,0.0082,5.9398,3.1473,2017-06-16,0.0000,241,2180.0000,2190.0000,False,2185.0000,5.9398,3.6000,4.0000,3.9000,177 x 187,24.0000,0.1625,-0.0626,2390.8400,,True,3.8000,0.2000,False,-8.6221,8.5090,11.7634,16.2510,-8.6221,put,entry (~45 DTE),18.6611,0.8979,0.8000,VIX < 15,08-10 %
90,entry,2017-05-02,2017-05-02,2017-05-22,2017-06-16,profit_target,short_put,P,2215.0000,2391.1699,45,10.5900,12.8300,0.0082,7.6545,3.1473,2017-06-16,0.0000,241,2210.0000,2220.0000,False,2215.0000,7.6545,4.6000,5.1000,4.6500,164 x 818,5.0000,0.1510,-0.0817,2390.8400,,True,4.8500,0.2500,False,-7.3675,8.5090,11.7634,15.0980,-7.3675,put,entry (~45 DTE),17.6575,0.8943,0.8000,VIX < 15,06-8 %
90,entry,2017-05-02,2017-05-02,2017-05-22,2017-06-16,profit_target,short_call,C,2525.0000,2391.1699,45,10.5900,12.8300,0.0082,2.2091,3.1473,2017-06-16,0.0000,241,2520.0000,2530.0000,False,2525.0000,2.2091,0.4500,0.8000,0.5000,176 x 184,,0.0817,0.0237,2390.8400,,True,0.6250,0.1750,False,5.5968,8.5090,11.7634,8.1650,5.5968,call,entry (~45 DTE),10.0844,-0.0615,-0.3000,VIX < 15,04-6 %
90,entry,2017-05-02,2017-05-02,2017-05-22,2017-06-16,profit_target,long_call,C,2555.0000,2391.1699,45,10.5900,12.8300,0.0082,0.7766,3.1473,2017-06-16,0.0000,241,2550.0000,2560.0000,False,2555.0000,0.7766,0.2500,0.4900,0.4000,54 x 177,6.0000,0.0895,0.0144,2390.8400,,True,0.3700,0.1200,False,6.8515,8.5090,11.7634,8.9450,6.8515,call,entry (~45 DTE),9.7080,0.0636,-0.3000,VIX < 15,06-8 %
90,exit,2017-05-22,2017-05-02,2017-05-22,2017-06-16,profit_target,long_put,P,2185.0000,2394.0200,25,10.9300,12.9600,0.0093,0.8341,0.6282,2017-06-16,0.0000,241,2180.0000,2190.0000,False,2185.0000,0.8341,1.4000,1.6400,1.6300,204 x 164,16.0000,0.1852,-0.0319,2393.8900,,True,1.5200,0.1200,False,-8.7309,8.1350,10.2428,18.5210,-8.7309,put,exit (~21 DTE),17.2276,1.1896,0.8000,VIX < 15,08-10 %
90,exit,2017-05-22,2017-05-02,2017-05-22,2017-06-16,profit_target,short_put,P,2215.0000,2394.0200,25,10.9300,12.9600,0.0093,1.3218,0.6282,2017-06-16,0.0000,241,2210.0000,2220.0000,False,2215.0000,1.3218,1.8000,2.0900,2.0000,214 x 184,24.0000,0.1699,-0.0435,2393.8900,,True,1.9450,0.1450,False,-7.4778,8.1350,10.2428,16.9920,-7.4778,put,exit (~21 DTE),16.2251,1.1844,0.8000,VIX < 15,06-8 %
90,exit,2017-05-22,2017-05-02,2017-05-22,2017-06-16,profit_target,short_call,C,2525.0000,2394.0200,25,10.9300,12.9600,0.0093,0.1581,0.6282,2017-06-16,0.0000,241,2520.0000,2530.0000,False,2525.0000,0.1581,0.1400,0.2500,0.1900,1 x 140,,0.0885,0.0103,2393.8900,,True,0.1950,0.0550,False,5.4711,8.1350,10.2428,8.8450,5.4711,call,exit (~21 DTE),8.6015,0.1298,-0.3000,VIX < 15,04-6 %
90,exit,2017-05-22,2017-05-02,2017-05-22,2017-06-16,profit_target,long_call,C,2555.0000,2394.0200,25,10.9300,12.9600,0.0093,0.0176,0.6282,2017-06-16,0.0000,241,2550.0000,2560.0000,False,2555.0000,0.0176,0.1000,0.2000,0.0000,1 x 143,,0.1014,0.0069,2393.8900,,True,0.1500,0.0500,False,6.7243,8.1350,10.2428,10.1430,6.7243,call,exit (~21 DTE),8.2256,0.2986,-0.3000,VIX < 15,06-8 %
91,entry,2017-06-06,2017-06-06,2017-06-22,2017-07-21,profit_target,long_put,P,2220.0000,2429.3301,45,10.4500,13.0800,0.0097,6.0988,3.2297,2017-07-21,0.0000,211,2215.0000,2225.0000,False,2220.0000,6.0988,3.9000,4.3000,4.0000,759 x 170,916.0000,0.1696,-0.0635,2429.4100,,True,4.1000,0.2000,False,-8.6168,8.7525,11.8383,16.9640,-8.6168,put,entry (~45 DTE),18.7317,0.9530,0.8000,VIX < 15,08-10 %
91,entry,2017-06-06,2017-06-06,2017-06-22,2017-07-21,profit_target,short_put,P,2250.0000,2429.3301,45,10.4500,13.0800,0.0097,7.8204,3.2297,2017-07-21,0.0000,211,2245.0000,2255.0000,False,2250.0000,7.8204,5.0000,5.4000,5.2000,538 x 190,,0.1585,-0.0814,2429.4100,,True,5.2000,0.2000,False,-7.3819,8.7525,11.8383,15.8450,-7.3819,put,entry (~45 DTE),17.7438,0.9608,0.8000,VIX < 15,06-8 %
91,entry,2017-06-06,2017-06-06,2017-06-22,2017-07-21,profit_target,short_call,C,2565.0000,2429.3301,45,10.4500,13.0800,0.0097,2.3719,3.2297,2017-07-21,0.0000,211,2560.0000,2570.0000,False,2565.0000,2.3719,0.7400,1.0000,1.0000,164 x 184,15.0000,0.0821,0.0317,2429.4100,,True,0.8700,0.1300,False,5.5847,8.7525,11.8383,8.2140,5.5847,call,entry (~45 DTE),10.1629,-0.0964,-0.3000,VIX < 15,04-6 %
91,entry,2017-06-06,2017-06-06,2017-06-22,2017-07-21,profit_target,long_call,C,2595.0000,2429.3301,45,10.4500,13.0800,0.0097,0.8638,3.2297,2017-07-21,0.0000,211,2590.0000,2600.0000,False,2595.0000,0.8638,0.4500,0.7000,0.6000,185 x 140,2.0000,0.0903,0.0208,2429.4100,,True,0.5750,0.1250,False,6.8196,8.7525,11.8383,9.0290,6.8196,call,entry (~45 DTE),9.7924,0.0405,-0.3000,VIX < 15,06-8 %
91,exit,2017-06-22,2017-06-06,2017-06-22,2017-07-21,profit_target,long_put,P,2220.0000,2434.5000,29,10.4800,12.6200,0.0095,1.3571,0.9564,2017-07-21,0.0000,214,2215.0000,2225.0000,False,2220.0000,1.3571,1.5500,2.0100,1.7900,194 x 54,9.0000,0.1790,-0.0348,2434.7200,,True,1.7800,0.2300,False,-8.8108,8.0303,10.3573,17.8990,-8.8108,put,exit (~21 DTE),17.4060,1.1201,0.8000,VIX < 15,08-10 %
91,exit,2017-06-22,2017-06-06,2017-06-22,2017-07-21,profit_target,short_put,P,2250.0000,2434.5000,29,10.4800,12.6200,0.0095,2.0107,0.9564,2017-07-21,0.0000,214,2245.0000,2255.0000,False,2250.0000,2.0107,2.0000,2.5100,2.2500,194 x 174,,0.1650,-0.0461,2434.7200,,True,2.2550,0.2550,False,-7.5786,8.0303,10.3573,16.4990,-7.5786,put,exit (~21 DTE),16.4201,1.1175,0.8000,VIX < 15,06-8 %
91,exit,2017-06-22,2017-06-06,2017-06-22,2017-07-21,profit_target,short_call,C,2565.0000,2434.5000,29,10.4800,12.6200,0.0095,0.3614,0.9564,2017-07-21,0.0000,214,2560.0000,2570.0000,False,2565.0000,0.3614,0.1400,0.3500,0.2500,1 x 130,0.0000,0.0826,0.0130,2434.7200,,True,0.2450,0.1050,False,5.3604,8.0303,10.3573,8.2610,5.3604,call,exit (~21 DTE),8.7492,0.0430,-0.3000,VIX < 15,04-6 %
91,exit,2017-06-22,2017-06-06,2017-06-22,2017-07-21,profit_target,long_call,C,2595.0000,2434.5000,29,10.4800,12.6200,0.0095,0.0586,0.9564,2017-07-21,0.0000,214,2590.0000,2600.0000,False,2595.0000,0.0586,0.0500,0.3500,0.0000,25 x 150,,0.0947,0.0095,2434.7200,,True,0.2000,0.1500,False,6.5927,8.0303,10.3573,9.4740,6.5927,call,exit (~21 DTE),8.3795,0.2190,-0.3000,VIX < 15,06-8 %
92,entry,2017-07-05,2017-07-05,2017-07-21,2017-08-18,profit_target,long_put,P,2215.0000,2432.5400,44,11.0700,13.3100,0.0105,5.8754,3.0218,2017-08-18,0.0000,202,2210.0000,2220.0000,False,2215.0000,5.8754,3.8900,4.2000,4.6200,184 x 164,41.0000,0.1724,-0.0624,2432.5500,,True,4.0450,0.1550,False,-8.9429,8.5617,12.1905,17.2390,-8.9429,put,entry (~45 DTE),19.3449,0.9703,0.8000,VIX < 15,08-10 %
92,entry,2017-07-05,2017-07-05,2017-07-21,2017-08-18,profit_target,short_put,P,2245.0000,2432.5400,44,11.0700,13.3100,0.0105,7.5190,3.0218,2017-08-18,0.0000,202,2240.0000,2250.0000,False,2245.0000,7.5190,4.8000,5.2000,5.1000,214 x 194,24.0000,0.1599,-0.0795,2432.5500,,True,5.0000,0.2000,False,-7.7096,8.5617,12.1905,15.9870,-7.7096,put,entry (~45 DTE),18.3583,0.9631,0.8000,VIX < 15,06-8 %
92,entry,2017-07-05,2017-07-05,2017-07-21,2017-08-18,profit_target,short_call,C,2575.0000,2432.5400,44,11.0700,13.3100,0.0105,2.1731,3.0218,2017-08-18,0.0000,202,2570.0000,2580.0000,False,2575.0000,2.1731,0.3000,0.4900,0.0000,122 x 120,,0.0793,0.0166,2432.5500,,True,0.3950,0.0950,False,5.8564,8.5617,12.1905,7.9330,5.8564,call,entry (~45 DTE),10.4336,-0.1074,-0.3000,VIX < 15,04-6 %
92,entry,2017-07-05,2017-07-05,2017-07-21,2017-08-18,profit_target,long_call,C,2605.0000,2432.5400,44,11.0700,13.3100,0.0105,0.7948,3.0218,2017-08-18,0.0000,202,2600.0000,2610.0000,False,2605.0000,0.7948,0.1600,0.4000,0.3500,130 x 142,0.0000,0.0876,0.0109,2432.5500,,True,0.2800,0.1200,False,7.0897,8.5617,12.1905,8.7600,7.0897,call,entry (~45 DTE),10.0636,0.0280,-0.3000,VIX < 15,06-8 %
92,exit,2017-07-21,2017-07-05,2017-07-21,2017-08-18,profit_target,long_put,P,2215.0000,2472.5400,28,9.3600,12.0600,0.0116,0.4327,0.7356,2017-08-18,0.0000,204,2210.0000,2220.0000,False,2215.0000,0.4327,1.0000,1.2000,1.3000,164 x 184,0.0000,0.1924,-0.0215,2472.3200,,True,1.1000,0.1000,False,-10.4160,6.4123,9.0229,19.2360,-10.4160,put,exit (~21 DTE),17.3557,1.2312,0.8000,VIX < 15,10-12 %
92,exit,2017-07-21,2017-07-05,2017-07-21,2017-08-18,profit_target,short_put,P,2245.0000,2472.5400,28,9.3600,12.0600,0.0116,0.6508,0.7356,2017-08-18,0.0000,204,2240.0000,2250.0000,False,2245.0000,0.6508,1.2500,1.4500,1.5800,164 x 164,0.0000,0.1785,-0.0278,2472.3200,,True,1.3500,0.1000,False,-9.2027,6.4123,9.0229,17.8530,-9.2027,put,exit (~21 DTE),16.3851,1.2432,0.8000,VIX < 15,08-10 %
92,exit,2017-07-21,2017-07-05,2017-07-21,2017-08-18,profit_target,short_call,C,2575.0000,2472.5400,28,9.3600,12.0600,0.0116,0.6058,0.7356,2017-08-18,0.0000,204,2570.0000,2580.0000,False,2575.0000,0.6058,0.1500,0.3600,0.3200,215 x 165,7.0000,0.0693,0.0150,2472.3200,,True,0.2550,0.1050,False,4.1439,6.4123,9.0229,6.9350,4.1439,call,exit (~21 DTE),7.7797,0.1261,-0.3000,VIX < 15,04-6 %
92,exit,2017-07-21,2017-07-05,2017-07-21,2017-08-18,profit_target,long_call,C,2605.0000,2472.5400,28,9.3600,12.0600,0.0116,0.0883,0.7356,2017-08-18,0.0000,204,2600.0000,2610.0000,False,2605.0000,0.0883,0.0400,0.2500,0.0000,160 x 120,,0.0797,0.0086,2472.3200,,True,0.1450,0.1050,False,5.3572,6.4123,9.0229,7.9730,5.3572,call,exit (~21 DTE),7.4157,0.2913,-0.3000,VIX < 15,04-6 %
93,entry,2017-08-01,2017-08-01,2017-08-22,2017-09-15,profit_target,long_put,P,2270.0000,2476.3501,45,10.0900,12.4000,0.0108,5.8392,3.1097,2017-09-15,0.0000,228,2265.0000,2275.0000,False,2270.0000,5.8392,3.9000,4.2000,4.1500,120 x 170,21.0000,0.1583,-0.0648,2476.1200,,True,4.0500,0.1500,False,-8.3328,7.1448,11.3042,15.8340,-8.3328,put,entry (~45 DTE),17.9704,1.0428,0.8000,VIX < 15,08-10 %
93,entry,2017-08-01,2017-08-01,2017-08-22,2017-09-15,profit_target,short_put,P,2300.0000,2476.3501,45,10.0900,12.4000,0.0108,7.5176,3.1097,2017-09-15,0.0000,228,2295.0000,2305.0000,False,2300.0000,7.5176,4.8000,5.1000,5.1000,120 x 150,,0.1459,-0.0826,2476.1200,,True,4.9500,0.1500,False,-7.1214,7.1448,11.3042,14.5890,-7.1214,put,entry (~45 DTE),17.0013,1.0453,0.8000,VIX < 15,06-8 %
93,entry,2017-08-01,2017-08-01,2017-08-22,2017-09-15,profit_target,short_call,C,2610.0000,2476.3501,45,10.0900,12.4000,0.0108,2.1974,3.1097,2017-09-15,0.0000,228,2605.0000,2615.0000,False,2610.0000,2.1974,0.3500,0.5500,0.5600,140 x 120,0.0000,0.0754,0.0187,2476.1200,,True,0.4500,0.1000,False,5.3971,7.1448,11.3042,7.5360,5.3971,call,entry (~45 DTE),9.6850,0.0725,-0.3000,VIX < 15,04-6 %
93,entry,2017-08-01,2017-08-01,2017-08-22,2017-09-15,profit_target,long_call,C,2640.0000,2476.3501,45,10.0900,12.4000,0.0108,0.7662,3.1097,2017-09-15,0.0000,228,2635.0000,2645.0000,False,2640.0000,0.7662,0.2000,0.4100,0.0000,150 x 120,,0.0840,0.0123,2476.1200,,True,0.3050,0.1050,False,6.6085,7.1448,11.3042,8.3990,6.6085,call,entry (~45 DTE),9.3216,0.1898,-0.3000,VIX < 15,06-8 %
93,exit,2017-08-22,2017-08-01,2017-08-22,2017-09-15,profit_target,long_put,P,2270.0000,2452.5100,24,11.3500,13.6300,0.0100,1.2720,0.8070,2017-09-15,0.0000,228,2265.0000,2275.0000,False,2270.0000,1.2720,1.8000,2.0400,1.8500,120 x 140,80.0000,0.1723,-0.0424,2452.4900,,True,1.9200,0.1200,False,-7.4418,8.5020,10.3665,17.2310,-7.4418,put,exit (~21 DTE),16.3199,1.1730,0.8000,VIX < 15,06-8 %
93,exit,2017-08-22,2017-08-01,2017-08-22,2017-09-15,profit_target,short_put,P,2300.0000,2452.5100,24,11.3500,13.6300,0.0100,2.0507,0.8070,2017-09-15,0.0000,228,2295.0000,2305.0000,False,2300.0000,2.0507,2.4500,2.7500,2.6000,154 x 160,,0.1574,-0.0593,2452.4900,,True,2.6000,0.1500,False,-6.2185,8.5020,10.3665,15.7390,-6.2185,put,exit (~21 DTE),15.3413,1.1638,0.8000,VIX < 15,06-8 %
94,entry,2017-09-05,2017-09-05,2017-09-21,2017-10-20,profit_target,long_put,P,2215.0000,2457.8501,45,12.2300,14.5800,0.0103,6.7019,3.2253,2017-10-20,0.0000,204,2210.0000,2220.0000,False,2215.0000,6.7019,4.7100,5.1100,4.1000,170 x 200,1.0000,0.1970,-0.0641,2457.8600,,True,4.9100,0.2000,False,-9.8806,10.1315,13.4564,19.7000,-9.8806,put,entry (~45 DTE),21.3609,0.9684,0.8000,VIX < 15,08-10 %
94,entry,2017-09-05,2017-09-05,2017-09-21,2017-10-20,profit_target,short_put,P,2245.0000,2457.8501,45,12.2300,14.5800,0.0103,8.3582,3.2253,2017-10-20,0.0000,204,2240.0000,2250.0000,False,2245.0000,8.3582,5.8100,6.3000,6.7900,230 x 180,48.0000,0.1865,-0.0799,2457.8600,,True,6.0550,0.2450,False,-8.6600,10.1315,13.4564,18.6500,-8.6600,put,entry (~45 DTE),20.3844,0.9837,0.8000,VIX < 15,08-10 %
94,entry,2017-09-05,2017-09-05,2017-09-21,2017-10-20,profit_target,short_call,C,2615.0000,2457.8501,45,12.2300,14.5800,0.0103,2.7147,3.2253,2017-10-20,0.0000,204,2610.0000,2620.0000,False,2615.0000,2.7147,0.2000,0.4500,0.0000,180 x 200,,0.0782,0.0137,2457.8600,,True,0.3250,0.1250,False,6.3938,10.1315,13.4564,7.8190,6.3938,call,entry (~45 DTE),11.5383,-0.3617,-0.3000,VIX < 15,06-8 %
94,entry,2017-09-05,2017-09-05,2017-09-21,2017-10-20,profit_target,long_call,C,2645.0000,2457.8501,45,12.2300,14.5800,0.0103,1.1456,3.2253,2017-10-20,0.0000,204,2640.0000,2650.0000,False,2645.0000,1.1456,0.1100,0.3600,0.2900,190 x 200,26.0000,0.0869,0.0089,2457.8600,,True,0.2350,0.1250,False,7.6144,10.1315,13.4564,8.6870,7.6144,call,entry (~45 DTE),11.1721,-0.1897,-0.3000,VIX < 15,06-8 %
94,exit,2017-09-21,2017-09-05,2017-09-21,2017-10-20,profit_target,long_put,P,2215.0000,2500.6001,29,9.6700,12.6600,0.0104,0.4481,0.6502,2017-10-20,0.0000,208,2210.0000,2220.0000,False,2215.0000,0.4481,1.1100,1.3000,1.2300,180 x 200,15.0000,0.2120,-0.0205,2500.8900,,True,1.2050,0.0950,False,-11.4213,6.7857,9.4898,21.1990,-11.4213,put,exit (~21 DTE),18.6268,1.2620,0.8000,VIX < 15,10-12 %
94,exit,2017-09-21,2017-09-05,2017-09-21,2017-10-20,profit_target,short_put,P,2245.0000,2500.6001,29,9.6700,12.6600,0.0104,0.6488,0.6502,2017-10-20,0.0000,208,2240.0000,2250.0000,False,2245.0000,0.6488,1.3000,1.5000,1.6000,220 x 180,0.0000,0.1958,-0.0260,2500.8900,,True,1.4000,0.1000,False,-10.2216,6.7857,9.4898,19.5800,-10.2216,put,exit (~21 DTE),17.6670,1.2517,0.8000,VIX < 15,10-12 %
94,exit,2017-09-21,2017-09-05,2017-09-21,2017-10-20,profit_target,short_call,C,2615.0000,2500.6001,29,9.6700,12.6600,0.0104,0.5358,0.6502,2017-10-20,0.0000,208,2610.0000,2620.0000,False,2615.0000,0.5358,0.1600,0.3100,0.3900,180 x 180,0.0000,0.0700,0.0134,2500.8900,,True,0.2350,0.0750,False,4.5749,6.7857,9.4898,6.9970,4.5749,call,exit (~21 DTE),8.1173,0.0462,-0.3000,VIX < 15,04-6 %
94,exit,2017-09-21,2017-09-05,2017-09-21,2017-10-20,profit_target,long_call,C,2645.0000,2500.6001,29,9.6700,12.6600,0.0104,0.0864,0.6502,2017-10-20,0.0000,208,2640.0000,2650.0000,False,2645.0000,0.0864,0.0400,0.2500,0.2000,320 x 200,0.0000,0.0805,0.0083,2500.8900,,True,0.1450,0.1050,False,5.7746,6.7857,9.4898,8.0470,5.7746,call,exit (~21 DTE),7.7574,0.2184,-0.3000,VIX < 15,04-6 %
95,entry,2017-10-03,2017-10-03,2017-10-25,2017-11-17,profit_target,long_put,P,2330.0000,2534.5801,45,9.5100,12.3100,0.0107,5.8944,3.9614,2017-11-17,0.0000,207,2325.0000,2335.0000,False,2330.0000,5.8944,3.8000,4.2000,4.1000,310 x 280,28.0000,0.1557,-0.0644,2534.6900,,True,4.0000,0.2000,False,-8.0716,7.4863,10.9995,15.5680,-8.0716,put,entry (~45 DTE),17.4567,1.0013,0.8000,VIX < 15,08-10 %
95,entry,2017-10-03,2017-10-03,2017-10-25,2017-11-17,profit_target,short_put,P,2365.0000,2534.5801,45,9.5100,12.3100,0.0107,7.9236,3.9614,2017-11-17,0.0000,207,2360.0000,2370.0000,False,2365.0000,7.9236,5.0100,5.4100,5.2300,260 x 210,35.0000,0.1423,-0.0862,2534.6900,,True,5.2100,0.2000,False,-6.6907,7.4863,10.9995,14.2300,-6.6907,put,entry (~45 DTE),16.3520,1.0079,0.8000,VIX < 15,06-8 %
95,entry,2017-10-03,2017-10-03,2017-10-25,2017-11-17,profit_target,short_call,C,2660.0000,2534.5801,45,9.5100,12.3100,0.0107,2.7682,3.9614,2017-11-17,0.0000,207,2655.0000,2665.0000,False,2660.0000,2.7682,0.7500,0.9500,0.7900,180 x 280,10.0000,0.0755,0.0324,2534.6900,,True,0.8500,0.1000,False,4.9484,7.4863,10.9995,7.5460,4.9484,call,entry (~45 DTE),9.5150,0.0121,-0.3000,VIX < 15,04-6 %
95,entry,2017-10-03,2017-10-03,2017-10-25,2017-11-17,profit_target,long_call,C,2695.0000,2534.5801,45,9.5100,12.3100,0.0107,0.8361,3.9614,2017-11-17,0.0000,207,2690.0000,2700.0000,True,2690.0000,1.0092,0.5000,0.7000,0.6000,180 x 300,0.0000,0.0844,0.0216,2534.6900,,True,0.6000,0.1000,False,6.3293,7.4863,10.9995,8.4390,6.1320,call,entry (~45 DTE),9.1599,0.1554,-0.3000,VIX < 15,06-8 %
95,exit,2017-10-25,2017-10-03,2017-10-25,2017-11-17,profit_target,long_put,P,2330.0000,2557.1499,23,11.2300,12.9500,0.0112,0.6587,1.3346,2017-11-17,0.0000,221,2325.0000,2335.0000,False,2330.0000,0.6587,2.1000,2.3500,2.6500,220 x 180,9.0000,0.2102,-0.0399,2557.2100,,True,2.2250,0.1250,False,-8.8829,8.3440,10.3502,21.0200,-8.8829,put,exit (~21 DTE),17.4565,1.4270,0.8000,VIX < 15,08-10 %
95,exit,2017-10-25,2017-10-03,2017-10-25,2017-11-17,profit_target,short_put,P,2365.0000,2557.1499,23,11.2300,12.9500,0.0112,1.1269,1.3346,2017-11-17,0.0000,221,2360.0000,2370.0000,False,2365.0000,1.1269,2.8000,3.1000,3.7000,180 x 300,5.0000,0.1930,-0.0538,2557.2100,,True,2.9500,0.1500,False,-7.5142,8.3440,10.3502,19.3000,-7.5142,put,exit (~21 DTE),16.3616,1.4580,0.8000,VIX < 15,06-8 %
95,exit,2017-10-25,2017-10-03,2017-10-25,2017-11-17,profit_target,short_call,C,2660.0000,2557.1499,23,11.2300,12.9500,0.0112,1.0200,1.3346,2017-11-17,0.0000,221,2655.0000,2665.0000,False,2660.0000,1.0200,0.2600,0.4000,0.3800,200 x 180,109.0000,0.0739,0.0186,2557.2100,,True,0.3300,0.0700,False,4.0221,8.3440,10.3502,7.3880,4.0221,call,exit (~21 DTE),9.1436,-0.2377,-0.3000,VIX < 15,04-6 %
95,exit,2017-10-25,2017-10-03,2017-10-25,2017-11-17,profit_target,long_call,C,2695.0000,2557.1499,23,11.2300,12.9500,0.0112,0.1536,1.3346,2017-11-17,0.0000,221,2690.0000,2700.0000,False,2695.0000,0.1536,0.1100,0.3000,0.1800,230 x 240,100.0000,0.0885,0.0102,2557.2100,,True,0.2050,0.0950,False,5.3908,8.3440,10.3502,8.8450,5.3908,call,exit (~21 DTE),8.7330,0.0929,-0.3000,VIX < 15,04-6 %
96,entry,2017-10-31,2017-10-31,2017-11-20,2017-12-15,profit_target,long_put,P,2355.0000,2575.2600,45,10.1800,12.3800,0.0115,5.8259,3.4846,2017-12-15,0.0000,240,2350.0000,2360.0000,False,2355.0000,5.8259,4.2000,4.5100,5.1500,300 x 180,0.0000,0.1656,-0.0646,2575.1500,,True,4.3550,0.1550,False,-8.5529,7.8498,11.3335,16.5560,-8.5529,put,entry (~45 DTE),18.1758,1.0179,0.8000,VIX < 15,08-10 %
96,entry,2017-10-31,2017-10-31,2017-11-20,2017-12-15,profit_target,short_put,P,2390.0000,2575.2600,45,10.1800,12.3800,0.0115,7.7221,3.4846,2017-12-15,0.0000,240,2385.0000,2395.0000,False,2390.0000,7.7221,5.4100,5.7000,5.8300,240 x 180,46.0000,0.1523,-0.0854,2575.1500,,True,5.5550,0.1450,False,-7.1938,7.8498,11.3335,15.2260,-7.1938,put,entry (~45 DTE),17.0886,1.0254,0.8000,VIX < 15,06-8 %
96,entry,2017-10-31,2017-10-31,2017-11-20,2017-12-15,profit_target,short_call,C,2715.0000,2575.2600,45,10.1800,12.3800,0.0115,2.2783,3.4846,2017-12-15,0.0000,240,2710.0000,2720.0000,False,2715.0000,2.2783,0.5500,0.7500,0.6200,280 x 220,57.0000,0.0786,0.0239,2575.1500,,True,0.6500,0.1000,False,5.4262,7.8498,11.3335,7.8590,5.4262,call,entry (~45 DTE),9.7056,0.0017,-0.3000,VIX < 15,04-6 %
96,entry,2017-10-31,2017-10-31,2017-11-20,2017-12-15,profit_target,long_call,C,2750.0000,2575.2600,45,10.1800,12.3800,0.0115,0.6899,3.4846,2017-12-15,0.0000,240,2745.0000,2755.0000,False,2750.0000,0.6899,0.3000,0.4900,0.4300,300 x 200,2.0000,0.0869,0.0140,2575.1500,,True,0.3950,0.0950,False,6.7853,7.8498,11.3335,8.6890,6.7853,call,entry (~45 DTE),9.2979,0.1237,-0.3000,VIX < 15,06-8 %
96,exit,2017-11-20,2017-10-31,2017-11-20,2017-12-15,profit_target,long_put,P,2355.0000,2582.1399,25,10.6500,13.2800,0.0130,0.7066,0.6388,2017-12-15,0.0000,244,2350.0000,2360.0000,False,2355.0000,0.7066,1.6000,1.7900,1.7300,300 x 320,49.0000,0.1885,-0.0329,2582.3500,,True,1.6950,0.0950,False,-8.7966,7.3892,9.7233,18.8530,-8.7966,put,exit (~21 DTE),16.7605,1.3032,0.8000,VIX < 15,08-10 %
96,exit,2017-11-20,2017-10-31,2017-11-20,2017-12-15,profit_target,short_put,P,2390.0000,2582.1399,25,10.6500,13.2800,0.0130,1.1808,0.6388,2017-12-15,0.0000,244,2385.0000,2395.0000,False,2390.0000,1.1808,2.1000,2.2900,2.1100,280 x 260,65.0000,0.1715,-0.0447,2582.3500,,True,2.1950,0.0950,False,-7.4411,7.3892,9.7233,17.1510,-7.4411,put,exit (~21 DTE),15.6761,1.3119,0.8000,VIX < 15,06-8 %
96,exit,2017-11-20,2017-10-31,2017-11-20,2017-12-15,profit_target,short_call,C,2715.0000,2582.1399,25,10.6500,13.2800,0.0130,0.1788,0.6388,2017-12-15,0.0000,244,2710.0000,2720.0000,False,2715.0000,0.1788,0.3000,0.4500,0.3300,200 x 330,398.0000,0.0896,0.0170,2582.3500,,True,0.3750,0.0750,False,5.1453,7.3892,9.7233,8.9640,5.1453,call,exit (~21 DTE),8.1797,0.3061,-0.3000,VIX < 15,04-6 %
96,exit,2017-11-20,2017-10-31,2017-11-20,2017-12-15,profit_target,long_call,C,2750.0000,2582.1399,25,10.6500,13.2800,0.0130,0.0143,0.6388,2017-12-15,0.0000,244,2745.0000,2755.0000,False,2750.0000,0.0143,0.1500,0.3100,0.2500,200 x 320,657.0000,0.1012,0.0098,2582.3500,,True,0.2300,0.0800,False,6.5008,7.3892,9.7233,10.1210,6.5008,call,exit (~21 DTE),7.7730,0.4202,-0.3000,VIX < 15,06-8 %
97,entry,2017-12-05,2017-12-05,2017-12-26,2018-01-19,profit_target,long_put,P,2385.0000,2629.5701,45,11.3300,13.5400,0.0130,6.5262,3.6700,2018-01-19,0.0000,251,2380.0000,2390.0000,False,2385.0000,6.5262,4.1000,4.4900,3.6500,360 x 250,100.0000,0.1790,-0.0589,2629.5500,,True,4.2950,0.1950,False,-9.3008,9.0185,12.4840,17.8970,-9.3008,put,entry (~45 DTE),19.9246,0.9546,0.8000,VIX < 15,08-10 %
97,entry,2017-12-05,2017-12-05,2017-12-26,2018-01-19,profit_target,short_put,P,2420.0000,2629.5701,45,11.3300,13.5400,0.0130,8.4249,3.6700,2018-01-19,0.0000,251,2415.0000,2425.0000,False,2420.0000,8.4249,5.1000,5.5000,4.6500,260 x 190,1.0000,0.1653,-0.0753,2629.5500,,True,5.3000,0.2000,False,-7.9697,9.0185,12.4840,16.5340,-7.9697,put,entry (~45 DTE),18.8598,0.9430,0.8000,VIX < 15,06-8 %
97,entry,2017-12-05,2017-12-05,2017-12-26,2018-01-19,profit_target,short_call,C,2785.0000,2629.5701,45,11.3300,13.5400,0.0130,2.7566,3.6700,2018-01-19,0.0000,251,2780.0000,2790.0000,False,2785.0000,2.7566,0.3400,0.5500,0.0000,180 x 180,,0.0761,0.0179,2629.5500,,True,0.4450,0.1050,False,5.9108,9.0185,12.4840,7.6130,5.9108,call,entry (~45 DTE),10.7107,-0.2378,-0.3000,VIX < 15,04-6 %
97,entry,2017-12-05,2017-12-05,2017-12-26,2018-01-19,profit_target,long_call,C,2820.0000,2629.5701,45,11.3300,13.5400,0.0130,0.9853,3.6700,2018-01-19,0.0000,251,2815.0000,2825.0000,False,2820.0000,0.9853,0.1500,0.3500,0.0000,210 x 180,,0.0837,0.0095,2629.5500,,True,0.2500,0.1000,False,7.2419,9.0185,12.4840,8.3740,7.2419,call,entry (~45 DTE),10.3114,-0.0890,-0.3000,VIX < 15,06-8 %
97,exit,2017-12-26,2017-12-05,2017-12-26,2018-01-19,profit_target,long_put,P,2385.0000,2680.5000,24,10.2500,12.6200,0.0147,0.2152,0.7505,2018-01-19,0.0000,260,2380.0000,2390.0000,False,2385.0000,0.2152,1.0500,1.3000,1.3500,200 x 200,0.0000,0.2208,-0.0204,2680.4200,,True,1.1750,0.1250,False,-11.0241,7.3220,9.2053,22.0840,-11.0241,put,exit (~21 DTE),18.0245,1.3391,0.8000,VIX < 15,10-12 %
97,exit,2017-12-26,2017-12-05,2017-12-26,2018-01-19,profit_target,short_put,P,2420.0000,2680.5000,24,10.2500,12.6200,0.0147,0.3524,0.7505,2018-01-19,0.0000,260,2415.0000,2425.0000,False,2420.0000,0.3524,1.3000,1.6100,1.4500,180 x 250,1.0000,0.2044,-0.0263,2680.4200,,True,1.4550,0.1550,False,-9.7183,7.3220,9.2053,20.4450,-9.7183,put,exit (~21 DTE),16.9799,1.3503,0.8000,VIX < 15,08-10 %
97,exit,2017-12-26,2017-12-05,2017-12-26,2018-01-19,profit_target,short_call,C,2785.0000,2680.5000,24,10.2500,12.6200,0.0147,0.6948,0.7505,2018-01-19,0.0000,260,2780.0000,2790.0000,False,2785.0000,0.6948,0.0900,0.3900,0.4500,210 x 210,0.0000,0.0671,0.0150,2680.4200,,True,0.2400,0.1500,False,3.8985,7.3220,9.2053,6.7110,3.8985,call,exit (~21 DTE),8.0357,-0.1567,-0.3000,VIX < 15,02-4 %
97,exit,2017-12-26,2017-12-05,2017-12-26,2018-01-19,profit_target,long_call,C,2820.0000,2680.5000,24,10.2500,12.6200,0.0147,0.0816,0.7505,2018-01-19,0.0000,260,2815.0000,2825.0000,False,2820.0000,0.0816,0.0500,0.3100,0.1800,50 x 210,0.0000,0.0821,0.0093,2680.4200,,True,0.1800,0.1300,False,5.2043,7.3220,9.2053,8.2100,5.2043,call,exit (~21 DTE),7.6440,0.1706,-0.3000,VIX < 15,04-6 %
98,entry,2018-01-02,2018-01-02,2018-01-26,2018-02-16,dte_exit,long_put,P,2475.0000,2695.8101,45,9.7700,12.6100,0.0144,6.4068,3.9502,2018-02-16,0.0000,225,2470.0000,2480.0000,False,2475.0000,6.4068,4.0000,4.4000,4.5000,220 x 180,,0.1560,-0.0634,2695.8700,,True,4.2000,0.2000,False,-8.1909,7.3545,11.2797,15.6050,-8.1909,put,entry (~45 DTE),17.8324,1.0073,0.8000,VIX < 15,08-10 %
98,entry,2018-01-02,2018-01-02,2018-01-26,2018-02-16,dte_exit,short_put,P,2510.0000,2695.8101,45,9.7700,12.6100,0.0144,8.4141,3.9502,2018-02-16,0.0000,225,2505.0000,2515.0000,False,2510.0000,8.4141,5.1100,5.5100,5.8000,180 x 180,79.0000,0.1435,-0.0835,2695.8700,,True,5.3100,0.2000,False,-6.8925,7.3545,11.2797,14.3490,-6.8926,put,entry (~45 DTE),16.7938,1.0148,0.8000,VIX < 15,06-8 %
98,entry,2018-01-02,2018-01-02,2018-01-26,2018-02-16,dte_exit,short_call,C,2835.0000,2695.8101,45,9.7700,12.6100,0.0144,2.9207,3.9502,2018-02-16,0.0000,225,2830.0000,2840.0000,False,2835.0000,2.9207,0.2500,0.5100,0.0000,200 x 200,,0.0696,0.0159,2695.8700,,True,0.3800,0.1300,False,5.1632,7.3545,11.2797,6.9550,5.1632,call,entry (~45 DTE),9.7308,-0.0774,-0.3000,VIX < 15,04-6 %
98,entry,2018-01-02,2018-01-02,2018-01-26,2018-02-16,dte_exit,long_call,C,2870.0000,2695.8101,45,9.7700,12.6100,0.0144,0.9778,3.9502,2018-02-16,0.0000,225,2865.0000,2880.0000,False,2870.0000,0.9778,0.0900,0.3500,0.3000,210 x 200,4.0000,0.0773,0.0088,2695.8700,,True,0.2200,0.1300,False,6.4615,7.3545,11.2797,7.7280,6.4615,call,entry (~45 DTE),9.3413,0.0578,-0.3000,VIX < 15,06-8 %
98,exit,2018-01-26,2018-01-02,2018-01-26,2018-02-16,dte_exit,long_put,P,2475.0000,2872.8701,21,11.0800,13.4600,0.0141,0.0402,23.9255,2018-02-16,0.0000,260,2470.0000,2480.0000,False,2475.0000,0.0402,0.3100,0.4900,0.4000,220 x 210,40.0000,0.2480,-0.0064,2872.1100,,True,0.4000,0.0900,False,-13.8492,9.1337,9.2315,24.8030,-13.8492,put,exit (~21 DTE),20.3109,1.1314,0.8000,VIX < 15,12-14 %
98,exit,2018-01-26,2018-01-02,2018-01-26,2018-02-16,dte_exit,short_put,P,2510.0000,2872.8701,21,11.0800,13.4600,0.0141,0.0651,23.9255,2018-02-16,0.0000,260,2505.0000,2515.0000,False,2510.0000,0.0651,0.4500,0.6400,0.5500,200 x 210,61.0000,0.2364,-0.0100,2872.1100,,True,0.5450,0.0950,False,-12.6309,9.1337,9.2315,23.6350,-12.6309,put,exit (~21 DTE),19.3362,1.1481,0.8000,VIX < 15,12-14 %
98,exit,2018-01-26,2018-01-02,2018-01-26,2018-02-16,dte_exit,short_call,C,2835.0000,2872.8701,21,11.0800,13.4600,0.0141,50.8479,23.9255,2018-02-16,0.0000,260,2830.0000,2840.0000,False,2835.0000,50.8479,47.3000,51.6000,49.4500,5 x 4,125.0000,0.1008,0.6998,2872.1100,,True,49.4500,2.1500,False,-1.3182,9.1337,9.2315,10.0770,-1.3182,call,exit (~21 DTE),9.6269,0.7156,-0.3000,VIX < 15,00-2 %
98,exit,2018-01-26,2018-01-02,2018-01-26,2018-02-16,dte_exit,long_call,C,2870.0000,2872.8701,21,11.0800,13.4600,0.0141,26.9473,23.9255,2018-02-16,0.0000,260,2865.0000,2875.0000,False,2870.0000,26.9473,26.1000,27.2000,25.6000,160 x 200,,0.0935,0.5079,2872.1100,,True,26.6500,0.5500,False,-0.0999,9.1337,9.2315,9.3460,-0.0999,call,exit (~21 DTE),9.2615,2.1245,-0.3000,VIX < 15,00-2 %
99,entry,2018-01-30,2018-01-30,2018-02-23,2018-03-16,dte_exit,long_put,P,2495.0000,2822.4299,45,14.7900,15.8300,0.0144,7.9015,3.3514,2018-03-16,0.0000,246,2490.0000,2500.0000,False,2495.0000,7.9015,4.8000,5.2100,3.2000,220 x 200,0.0000,0.2182,-0.0523,2822.6600,,True,5.0050,0.2050,False,-11.6010,11.9488,15.3188,21.8200,-11.6010,put,entry (~45 DTE),24.5996,0.8509,0.8000,VIX < 15,10-12 %
99,entry,2018-01-30,2018-01-30,2018-02-23,2018-03-16,dte_exit,short_put,P,2530.0000,2822.4299,45,14.7900,15.8300,0.0144,9.6673,3.3514,2018-03-16,0.0000,246,2525.0000,2535.0000,False,2530.0000,9.6673,5.8000,6.2100,6.4200,180 x 180,41.0000,0.2064,-0.0642,2822.6600,,True,6.0050,0.2050,False,-10.3609,11.9488,15.3188,20.6420,-10.3609,put,entry (~45 DTE),23.6076,0.8390,0.8000,VIX < 15,10-12 %
99,entry,2018-01-30,2018-01-30,2018-02-23,2018-03-16,dte_exit,short_call,C,3040.0000,2822.4299,45,14.7900,15.8300,0.0144,2.9063,3.3514,2018-03-16,0.0000,246,3035.0000,3045.0000,False,3040.0000,2.9063,1.0500,1.4500,1.1400,180 x 180,16.0000,0.1107,0.0296,2822.6600,,True,1.2500,0.2000,False,7.7086,11.9488,15.3188,11.0700,7.7086,call,entry (~45 DTE),13.0062,-0.1140,-0.3000,VIX < 15,06-8 %
99,entry,2018-01-30,2018-01-30,2018-02-23,2018-03-16,dte_exit,long_call,C,3075.0000,2822.4299,45,14.7900,15.8300,0.0144,1.3207,3.3514,2018-03-16,0.0000,246,3070.0000,3080.0000,True,3070.0000,1.4887,0.5900,0.9500,0.6600,210 x 200,1.0000,0.1145,0.0186,2822.6600,,True,0.7700,0.1800,False,8.9487,11.9488,15.3188,11.4550,8.7715,call,entry (~45 DTE),12.6874,-0.0563,-0.3000,VIX < 15,08-10 %
99,exit,2018-02-23,2018-01-30,2018-02-23,2018-03-16,dte_exit,long_put,P,2495.0000,2747.3000,21,16.4900,17.5000,0.0164,2.4320,1.1993,2018-03-16,0.0000,280,2490.0000,2500.0000,False,2495.0000,2.4320,2.9000,3.1900,3.6000,180 x 686,2.0000,0.2356,-0.0451,2747.7600,,True,3.0450,0.1450,False,-9.1836,11.4825,15.8067,23.5640,-9.1836,put,exit (~21 DTE),23.1535,1.3156,0.8000,VIX 15-25,08-10 %
99,exit,2018-02-23,2018-01-30,2018-02-23,2018-03-16,dte_exit,short_put,P,2530.0000,2747.3000,21,16.4900,17.5000,0.0164,3.6231,1.1993,2018-03-16,0.0000,280,2525.0000,2535.0000,False,2530.0000,3.6231,3.7000,3.9900,5.7100,180 x 200,134.0000,0.2186,-0.0597,2747.7600,,True,3.8450,0.1450,False,-7.9096,11.4825,15.8067,21.8590,-7.9096,put,exit (~21 DTE),22.1343,1.3119,0.8000,VIX 15-25,06-8 %
100,entry,2018-03-06,2018-03-06,2018-04-02,2018-04-20,dte_exit,long_put,P,2195.0000,2728.1201,45,18.3600,19.2400,0.0168,4.2110,1.0098,2018-04-20,0.0000,273,2190.0000,2200.0000,False,2195.0000,4.2110,3.8000,4.1100,4.4700,220 x 180,3.0000,0.3346,-0.0304,2728.1800,,True,3.9550,0.1550,False,-19.5417,13.9087,18.8051,33.4610,-19.5417,put,entry (~45 DTE),34.4385,1.0005,0.8000,VIX 15-25,18-20 %
100,entry,2018-03-06,2018-03-06,2018-04-02,2018-04-20,dte_exit,short_put,P,2230.0000,2728.1201,45,18.3600,19.2400,0.0168,5.0186,1.0098,2018-04-20,0.0000,273,2225.0000,2235.0000,False,2230.0000,5.0186,4.2900,4.6100,4.5000,230 x 220,60.0000,0.3202,-0.0350,2728.1800,,True,4.4500,0.1600,False,-18.2587,13.9087,18.8051,32.0160,-18.2587,put,entry (~45 DTE),33.4121,0.9917,0.8000,VIX 15-25,18-20 %
100,entry,2018-03-06,2018-03-06,2018-04-02,2018-04-20,dte_exit,short_call,C,3100.0000,2728.1201,45,18.3600,19.2400,0.0168,0.3307,1.0098,2018-04-20,0.0000,273,3090.0000,3110.0000,False,3100.0000,0.3307,0.1500,0.3500,0.2500,204 x 200,0.0000,0.1435,0.0057,2728.1800,,True,0.2500,0.1000,False,13.6314,13.9087,18.8051,14.3470,13.6314,call,entry (~45 DTE),14.7157,0.0322,-0.3000,VIX 15-25,12-14 %
100,entry,2018-03-06,2018-03-06,2018-04-02,2018-04-20,dte_exit,long_call,C,3135.0000,2728.1201,45,18.3600,19.2400,0.0168,0.1284,1.0098,2018-04-20,0.0000,273,3130.0000,3140.0000,True,3130.0000,0.1480,0.1000,0.3100,0.0000,210 x 200,,0.1486,0.0042,2728.1800,,True,0.2050,0.1050,False,14.9143,13.9087,18.8051,14.8620,14.7310,call,entry (~45 DTE),14.3858,0.0647,-0.3000,VIX 15-25,14-16 %
100,exit,2018-04-02,2018-03-06,2018-04-02,2018-04-20,dte_exit,long_put,P,2195.0000,2581.8799,18,23.6200,22.5700,0.0177,1.6489,0.6760,2018-04-20,0.0000,278,2190.0000,2200.0000,False,2195.0000,1.6489,1.6000,1.9900,0.0000,60 x 10,,0.3559,-0.0225,2581.5800,,True,1.7950,0.1950,False,-14.9844,21.0667,24.6253,35.5930,-14.9844,put,exit (~21 DTE),36.6128,0.9694,0.8000,VIX 15-25,14-16 %
100,exit,2018-04-02,2018-03-06,2018-04-02,2018-04-20,dte_exit,short_put,P,2230.0000,2581.8799,18,23.6200,22.5700,0.0177,2.3248,0.6760,2018-04-20,0.0000,278,2225.0000,2235.0000,False,2230.0000,2.3248,2.0000,2.5000,0.0000,240 x 240,,0.3382,-0.0289,2581.5800,,True,2.2500,0.2500,False,-13.6288,21.0667,24.6253,33.8230,-13.6288,put,exit (~21 DTE),35.5283,0.9360,0.8000,VIX 15-25,12-14 %
101,entry,2018-04-04,2018-04-04,2018-04-17,2018-05-18,profit_target,long_put,P,2215.0000,2644.6899,44,20.0600,20.4200,0.0171,7.4617,2.6044,2018-05-18,0.0000,262,2210.0000,2220.0000,False,2215.0000,7.4617,4.7000,5.2000,0.0000,50 x 592,,0.3006,-0.0424,2644.6200,,True,4.9500,0.2500,False,-16.2473,16.8670,20.2326,30.0610,-16.2473,put,entry (~45 DTE),33.2304,0.8121,0.8000,VIX 15-25,16-18 %
101,entry,2018-04-04,2018-04-04,2018-04-17,2018-05-18,profit_target,short_put,P,2250.0000,2644.6899,44,20.0600,20.4200,0.0171,8.9302,2.6044,2018-05-18,0.0000,262,2245.0000,2255.0000,False,2250.0000,8.9302,5.5000,6.1000,5.7000,50 x 180,186.0000,0.2876,-0.0501,2644.6200,,True,5.8000,0.3000,False,-14.9239,16.8670,20.2326,28.7630,-14.9239,put,entry (~45 DTE),32.1717,0.7971,0.8000,VIX 15-25,14-16 %
101,entry,2018-04-04,2018-04-04,2018-04-17,2018-05-18,profit_target,short_call,C,2940.0000,2644.6899,44,20.0600,20.4200,0.0171,2.3185,2.6044,2018-05-18,0.0000,262,2935.0000,2945.0000,False,2940.0000,2.3185,0.7600,1.2000,0.0000,60 x 50,,0.1456,0.0201,2644.6200,,True,0.9800,0.2200,False,11.1662,16.8670,20.2326,14.5580,11.1662,call,entry (~45 DTE),16.8828,-0.2068,-0.3000,VIX 15-25,10-12 %
101,entry,2018-04-04,2018-04-04,2018-04-17,2018-05-18,profit_target,long_call,C,2975.0000,2644.6899,44,20.0600,20.4200,0.0171,1.1826,2.6044,2018-05-18,0.0000,262,2970.0000,2980.0000,False,2975.0000,1.1826,0.4000,0.8000,0.5000,230 x 50,0.0000,0.1496,0.0124,2644.6200,,True,0.6000,0.2000,False,12.4896,16.8670,20.2326,14.9590,12.4896,call,entry (~45 DTE),16.4857,-0.1528,-0.3000,VIX 15-25,12-14 %
101,exit,2018-04-17,2018-04-04,2018-04-17,2018-05-18,profit_target,long_put,P,2215.0000,2706.3899,31,15.2500,16.8000,0.0180,0.7651,0.5790,2018-05-18,0.0000,271,2210.0000,2220.0000,False,2215.0000,0.7651,1.2500,1.5000,1.1100,250 x 200,31.0000,0.3164,-0.0148,2706.2700,,True,1.3750,0.1250,False,-18.1567,11.7917,15.3286,31.6350,-18.1567,put,exit (~21 DTE),29.8539,1.0929,0.8000,VIX 15-25,18-20 %
101,exit,2018-04-17,2018-04-04,2018-04-17,2018-05-18,profit_target,short_put,P,2250.0000,2706.3899,31,15.2500,16.8000,0.0180,1.0051,0.5790,2018-05-18,0.0000,271,2245.0000,2255.0000,False,2250.0000,1.0051,1.4000,1.6500,1.2800,260 x 200,,0.2992,-0.0171,2706.2700,,True,1.5250,0.1250,False,-16.8634,11.7917,15.3286,29.9210,-16.8634,put,exit (~21 DTE),28.8193,1.0751,0.8000,VIX 15-25,16-18 %
101,exit,2018-04-17,2018-04-04,2018-04-17,2018-05-18,profit_target,short_call,C,2940.0000,2706.3899,31,15.2500,16.8000,0.0180,0.4781,0.5790,2018-05-18,0.0000,271,2935.0000,2945.0000,False,2940.0000,0.4781,0.4500,0.7000,0.5900,220 x 200,44.0000,0.1311,0.0152,2706.2700,,True,0.5750,0.1250,False,8.6318,11.7917,15.3286,13.1120,8.6318,call,exit (~21 DTE),12.7391,0.1530,-0.3000,VIX 15-25,08-10 %
101,exit,2018-04-17,2018-04-04,2018-04-17,2018-05-18,profit_target,long_call,C,2975.0000,2706.3899,31,15.2500,16.8000,0.0180,0.1392,0.5790,2018-05-18,0.0000,271,2970.0000,2980.0000,False,2975.0000,0.1392,0.3100,0.5400,0.4000,200 x 200,8.0000,0.1406,0.0109,2706.2700,,True,0.4250,0.1150,False,9.9250,11.7917,15.3286,14.0600,9.9250,call,exit (~21 DTE),12.3511,0.2285,-0.3000,VIX 15-25,08-10 %
102,entry,2018-04-17,2018-04-17,2018-04-27,2018-05-18,dte_exit,long_put,P,2300.0000,2706.3899,31,15.2500,16.8000,0.0180,1.4913,0.5556,2018-05-18,0.0000,271,2295.0000,2305.0000,False,2300.0000,1.4913,1.7600,2.0100,1.9000,50 x 200,,0.2764,-0.0225,2706.2700,,True,1.8850,0.1250,False,-15.0159,11.7917,15.3286,27.6390,-15.0159,put,entry (~45 DTE),27.3414,1.0554,0.8000,VIX 15-25,14-16 %
102,entry,2018-04-17,2018-04-17,2018-04-27,2018-05-18,dte_exit,short_put,P,2335.0000,2706.3899,31,15.2500,16.8000,0.0180,1.9734,0.5556,2018-05-18,0.0000,271,2330.0000,2340.0000,False,2335.0000,1.9734,2.0000,2.3000,3.0000,250 x 180,0.0000,0.2602,-0.0261,2706.2700,,True,2.1500,0.1500,False,-13.7227,11.7917,15.3286,26.0180,-13.7227,put,entry (~45 DTE),26.3068,1.0367,0.8000,VIX 15-25,12-14 %
102,entry,2018-04-17,2018-04-17,2018-04-27,2018-05-18,dte_exit,short_call,C,2985.0000,2706.3899,31,15.2500,16.8000,0.0180,0.0942,0.5556,2018-05-18,0.0000,271,2980.0000,2990.0000,False,2985.0000,0.0942,0.2900,0.4900,0.0000,200 x 200,,0.1441,0.0099,2706.2700,,True,0.3900,0.1000,False,10.2945,11.7917,15.3286,14.4080,10.2945,call,entry (~45 DTE),12.2402,0.2541,-0.3000,VIX 15-25,10-12 %
102,entry,2018-04-17,2018-04-17,2018-04-27,2018-05-18,dte_exit,long_call,C,3020.0000,2706.3899,31,15.2500,16.8000,0.0180,0.0206,0.5556,2018-05-18,0.0000,271,3010.0000,3025.0000,False,3020.0000,0.0206,0.1900,0.4400,0.0000,203 x 220,,0.1544,0.0078,2706.2700,,True,0.3150,0.1250,False,11.5878,11.7917,15.3286,15.4390,11.5878,call,entry (~45 DTE),11.8523,0.3148,-0.3000,VIX 15-25,10-12 %
102,exit,2018-04-27,2018-04-17,2018-04-27,2018-05-18,dte_exit,long_put,P,2300.0000,2669.9099,21,15.4100,17.0800,0.0181,0.3420,0.1810,2018-05-18,0.0000,271,2295.0000,2305.0000,False,2300.0000,0.3420,0.8500,1.0000,0.9400,200 x 200,,0.2797,-0.0141,2669.9300,,True,0.9250,0.0750,False,-13.8548,12.6288,14.2333,27.9740,-13.8548,put,exit (~21 DTE),25.3171,1.1076,0.8000,VIX 15-25,12-14 %
102,exit,2018-04-27,2018-04-17,2018-04-27,2018-05-18,dte_exit,short_put,P,2335.0000,2669.9099,21,15.4100,17.0800,0.0181,0.5229,0.1810,2018-05-18,0.0000,271,2330.0000,2340.0000,False,2335.0000,0.5229,1.0000,1.1100,1.0500,300 x 13,22.0000,0.2597,-0.0169,2669.9300,,True,1.0550,0.0550,False,-12.5439,12.6288,14.2333,25.9710,-12.5439,put,exit (~21 DTE),24.2684,1.0636,0.8000,VIX 15-25,12-14 %
103,entry,2018-05-01,2018-05-01,2018-05-25,2018-06-15,dte_exit,long_put,P,2225.0000,2654.8000,45,15.4900,16.9100,0.0185,4.2299,1.2081,2018-06-15,0.0000,280,2220.0000,2230.0000,False,2225.0000,4.2299,2.5100,2.6500,2.8500,200 x 200,,0.2593,-0.0262,2654.2800,,True,2.5800,0.0700,False,-16.1895,13.0500,16.2156,25.9280,-16.1895,put,entry (~45 DTE),29.1672,0.7955,0.8000,VIX 15-25,16-18 %
103,entry,2018-05-01,2018-05-01,2018-05-25,2018-06-15,dte_exit,short_put,P,2260.0000,2654.8000,45,15.4900,16.9100,0.0185,5.1510,1.2081,2018-06-15,0.0000,280,2255.0000,2265.0000,False,2260.0000,5.1510,2.9500,3.0900,0.0000,200 x 288,,0.2469,-0.0325,2654.2800,,True,3.0200,0.0700,False,-14.8712,13.0500,16.2156,24.6920,-14.8712,put,entry (~45 DTE),28.1125,0.7829,0.8000,VIX 15-25,14-16 %
103,entry,2018-05-01,2018-05-01,2018-05-25,2018-06-15,dte_exit,short_call,C,2950.0000,2654.8000,45,15.4900,16.9100,0.0185,0.4335,1.2081,2018-06-15,0.0000,280,2945.0000,2955.0000,False,2950.0000,0.4335,0.2100,0.4100,0.2700,764 x 851,1.0000,0.1254,0.0078,2654.2800,,True,0.3100,0.1000,False,11.1195,13.0500,16.2156,12.5420,11.1195,call,entry (~45 DTE),12.8797,-0.0457,-0.3000,VIX 15-25,10-12 %
103,entry,2018-05-01,2018-05-01,2018-05-25,2018-06-15,dte_exit,long_call,C,2985.0000,2654.8000,45,15.4900,16.9100,0.0185,0.1465,1.2081,2018-06-15,0.0000,280,2980.0000,2990.0000,False,2985.0000,0.1465,0.1400,0.3000,0.0000,300 x 300,,0.1332,0.0060,2654.2800,,True,0.2200,0.0800,False,12.4378,13.0500,16.2156,13.3180,12.4378,call,entry (~45 DTE),12.4842,0.0215,-0.3000,VIX 15-25,12-14 %
103,exit,2018-05-25,2018-05-01,2018-05-25,2018-06-15,dte_exit,long_put,P,2225.0000,2721.3301,21,13.2200,14.8300,0.0189,0.0347,0.0220,2018-06-15,0.0000,280,2220.0000,2230.0000,False,2225.0000,0.0347,0.5000,0.6500,0.5500,566 x 400,0.0000,0.3393,-0.0079,2721.1400,,True,0.5750,0.0750,False,-18.2385,9.3432,12.0721,33.9320,-18.2385,put,exit (~21 DTE),26.6630,1.3482,0.8000,VIX < 15,18-20 %
103,exit,2018-05-25,2018-05-01,2018-05-25,2018-06-15,dte_exit,short_put,P,2260.0000,2721.3301,21,13.2200,14.8300,0.0189,0.0533,0.0220,2018-06-15,0.0000,280,2255.0000,2265.0000,False,2260.0000,0.0533,0.6100,0.7500,0.0000,989 x 1060,,0.3221,-0.0089,2721.1400,,True,0.6800,0.0700,False,-16.9524,9.3432,12.0721,32.2060,-16.9524,put,exit (~21 DTE),25.6340,1.3486,0.8000,VIX < 15,16-18 %
103,exit,2018-05-25,2018-05-01,2018-05-25,2018-06-15,dte_exit,short_call,C,2950.0000,2721.3301,21,13.2200,14.8300,0.0189,0.0036,0.0220,2018-06-15,0.0000,280,2945.0000,2955.0000,False,2950.0000,0.0036,0.0600,0.1500,0.1200,313 x 400,19.0000,0.1263,0.0034,2721.1400,,True,0.1050,0.0450,False,8.4029,9.3432,12.0721,12.6310,8.4029,call,exit (~21 DTE),9.5513,0.3913,-0.3000,VIX < 15,08-10 %
103,exit,2018-05-25,2018-05-01,2018-05-25,2018-06-15,dte_exit,long_call,C,2985.0000,2721.3301,21,13.2200,14.8300,0.0189,0.0002,0.0220,2018-06-15,0.0000,280,2980.0000,2990.0000,False,2985.0000,0.0002,0.0500,0.1500,0.1300,10 x 601,0.0000,0.1422,0.0030,2721.1400,,True,0.1000,0.0500,False,9.6890,9.3432,12.0721,14.2190,9.6890,call,exit (~21 DTE),9.1654,0.5032,-0.3000,VIX < 15,08-10 %
104,entry,2018-06-05,2018-06-05,2018-06-29,2018-07-20,dte_exit,long_put,P,2405.0000,2748.8000,45,12.4000,14.7200,0.0194,4.7362,1.6951,2018-07-20,0.0000,250,2400.0000,2410.0000,False,2405.0000,4.7362,3.4000,3.5900,3.5000,400 x 567,13.0000,0.2192,-0.0395,2749.2100,,True,3.4950,0.0950,False,-12.5073,9.9458,13.6095,21.9220,-12.5073,put,entry (~45 DTE),23.6153,0.9575,0.8000,VIX < 15,12-14 %
104,entry,2018-06-05,2018-06-05,2018-06-29,2018-07-20,dte_exit,short_put,P,2440.0000,2748.8000,45,12.4000,14.7200,0.0194,5.8866,1.6951,2018-07-20,0.0000,250,2435.0000,2445.0000,False,2440.0000,5.8866,4.0100,4.3100,4.2700,561 x 1382,40.0000,0.2071,-0.0485,2749.2100,,True,4.1600,0.1500,False,-11.2340,9.9458,13.6095,20.7120,-11.2340,put,entry (~45 DTE),22.5967,0.9584,0.8000,VIX < 15,10-12 %
104,entry,2018-06-05,2018-06-05,2018-06-29,2018-07-20,dte_exit,short_call,C,2980.0000,2748.8000,45,12.4000,14.7200,0.0194,0.8010,1.6951,2018-07-20,0.0000,250,2975.0000,2990.0000,False,2980.0000,0.8010,0.4000,0.4900,0.0000,465 x 300,,0.1016,0.0137,2749.2100,,True,0.4450,0.0450,False,8.4109,9.9458,13.6095,10.1560,8.4109,call,entry (~45 DTE),11.0862,0.0250,-0.3000,VIX < 15,08-10 %
104,entry,2018-06-05,2018-06-05,2018-06-29,2018-07-20,dte_exit,long_call,C,3015.0000,2748.8000,45,12.4000,14.7200,0.0194,0.2563,1.6951,2018-07-20,0.0000,250,3010.0000,3020.0000,True,3010.0000,0.3053,0.2600,0.4000,0.3500,824 x 300,3.0000,0.1079,0.0091,2749.2100,,True,0.3300,0.0700,False,9.6842,9.9458,13.6095,10.7920,9.5023,call,entry (~45 DTE),10.7588,0.0891,-0.3000,VIX < 15,08-10 %
104,exit,2018-06-29,2018-06-05,2018-06-29,2018-07-20,dte_exit,long_put,P,2405.0000,2718.3701,21,16.0900,17.1400,0.0192,1.0300,0.5374,2018-07-20,0.0000,268,2400.0000,2410.0000,False,2405.0000,1.0300,1.9000,2.0900,0.0000,635 x 418,,0.2667,-0.0283,2718.0300,,True,1.9950,0.0950,False,-11.5279,12.3970,15.3772,26.6720,-11.5279,put,exit (~21 DTE),24.5995,1.2383,0.8000,VIX 15-25,10-12 %
104,exit,2018-06-29,2018-06-05,2018-06-29,2018-07-20,dte_exit,short_put,P,2440.0000,2718.3701,21,16.0900,17.1400,0.0192,1.5449,0.5374,2018-07-20,0.0000,268,2435.0000,2445.0000,False,2440.0000,1.5449,2.3500,2.6000,2.3000,425 x 395,2.0000,0.2499,-0.0366,2718.0300,,True,2.4750,0.1250,False,-10.2403,12.3970,15.3772,24.9870,-10.2403,put,exit (~21 DTE),23.5695,1.2295,0.8000,VIX 15-25,10-12 %
104,exit,2018-06-29,2018-06-05,2018-06-29,2018-07-20,dte_exit,short_call,C,2980.0000,2718.3701,21,16.0900,17.1400,0.0192,0.0264,0.5374,2018-07-20,0.0000,268,2975.0000,2985.0000,False,2980.0000,0.0264,0.0400,0.1500,0.0700,10 x 1136,0.0000,0.1387,0.0038,2718.0300,,True,0.0950,0.0550,False,9.6245,12.3970,15.3772,13.8670,9.6245,call,exit (~21 DTE),12.4898,0.1527,-0.3000,VIX 15-25,08-10 %
105,entry,2018-07-03,2018-07-03,2018-07-23,2018-08-17,profit_target,long_put,P,2370.0000,2713.2200,45,16.1400,17.3500,0.0197,8.0178,3.3269,2018-08-17,0.0000,248,2365.0000,2375.0000,False,2370.0000,8.0178,5.6000,5.9000,6.6500,200 x 1106,0.0000,0.2414,-0.0562,2713.2200,,True,5.7500,0.1500,False,-12.6499,12.4585,16.7559,24.1350,-12.6499,put,entry (~45 DTE),26.8759,0.9230,0.8000,VIX 15-25,12-14 %
105,entry,2018-07-03,2018-07-03,2018-07-23,2018-08-17,profit_target,short_put,P,2405.0000,2713.2200,45,16.1400,17.3500,0.0197,9.7584,3.3269,2018-08-17,0.0000,248,2400.0000,2410.0000,False,2405.0000,9.7584,6.7000,7.0000,8.0000,178 x 620,0.0000,0.2288,-0.0682,2713.2200,,True,6.8500,0.1500,False,-11.3599,12.4585,16.7559,22.8780,-11.3599,put,entry (~45 DTE),25.8439,0.9172,0.8000,VIX 15-25,10-12 %
105,entry,2018-07-03,2018-07-03,2018-07-23,2018-08-17,profit_target,short_call,C,2945.0000,2713.2200,45,16.1400,17.3500,0.0197,3.0192,3.3269,2018-08-17,0.0000,248,2940.0000,2950.0000,False,2945.0000,3.0192,0.3000,0.5000,0.4500,622 x 1338,1.0000,0.1051,0.0118,2713.2200,,True,0.4000,0.1000,False,8.5426,12.4585,16.7559,10.5100,8.5426,call,entry (~45 DTE),14.1931,-0.2281,-0.3000,VIX 15-25,08-10 %
105,entry,2018-07-03,2018-07-03,2018-07-23,2018-08-17,profit_target,long_call,C,2980.0000,2713.2200,45,16.1400,17.3500,0.0197,1.4328,3.3269,2018-08-17,0.0000,248,2975.0000,2985.0000,False,2980.0000,1.4328,0.2000,0.4100,0.0000,146 x 1050,,0.1127,0.0080,2713.2200,,True,0.3050,0.1050,False,9.8326,12.4585,16.7559,11.2720,9.8326,call,entry (~45 DTE),13.8061,-0.1207,-0.3000,VIX 15-25,08-10 %
105,exit,2018-07-23,2018-07-03,2018-07-23,2018-08-17,profit_target,long_put,P,2370.0000,2806.9800,25,12.6200,14.8600,0.0199,0.1954,1.0377,2018-08-17,0.0000,266,2365.0000,2375.0000,False,2370.0000,0.1954,1.1100,1.2000,1.4000,605 x 762,8.0000,0.2946,-0.0148,2806.7800,,True,1.1550,0.0450,False,-15.5676,8.6107,11.8658,29.4640,-15.5676,put,exit (~21 DTE),24.3199,1.3395,0.8000,VIX < 15,14-16 %
105,exit,2018-07-23,2018-07-03,2018-07-23,2018-08-17,profit_target,short_put,P,2405.0000,2806.9800,25,12.6200,14.8600,0.0199,0.2822,1.0377,2018-08-17,0.0000,266,2400.0000,2410.0000,False,2405.0000,0.2822,1.3000,1.4000,1.6000,200 x 1002,7.0000,0.2794,-0.0174,2806.7800,,True,1.3500,0.0500,False,-14.3207,8.6107,11.8658,27.9420,-14.3207,put,exit (~21 DTE),23.3224,1.3499,0.8000,VIX < 15,14-16 %
105,exit,2018-07-23,2018-07-03,2018-07-23,2018-08-17,profit_target,short_call,C,2945.0000,2806.9800,25,12.6200,14.8600,0.0199,1.2545,1.0377,2018-08-17,0.0000,266,2940.0000,2950.0000,False,2945.0000,1.2545,0.3600,0.4600,0.4500,603 x 562,0.0000,0.0847,0.0171,2806.7800,,True,0.4100,0.0500,False,4.9170,8.6107,11.8658,8.4720,4.9170,call,exit (~21 DTE),10.3907,-0.0282,-0.3000,VIX < 15,04-6 %
105,exit,2018-07-23,2018-07-03,2018-07-23,2018-08-17,profit_target,long_call,C,2980.0000,2806.9800,25,12.6200,14.8600,0.0199,0.3036,1.0377,2018-08-17,0.0000,266,2975.0000,2985.0000,False,2980.0000,0.3036,0.2000,0.3100,0.4000,463 x 750,5.0000,0.0963,0.0106,2806.7800,,True,0.2550,0.0550,False,6.1639,8.6107,11.8658,9.6290,6.1639,call,exit (~21 DTE),10.0167,0.1652,-0.3000,VIX < 15,06-8 %
106,entry,2018-08-07,2018-08-07,2018-08-31,2018-09-21,profit_target,long_put,P,2605.0000,2858.4500,45,10.9300,13.9300,0.0205,7.5323,4.0514,2018-09-21,0.0000,268,2600.0000,2610.0000,False,2605.0000,7.5323,4.5000,4.5900,4.5300,300 x 238,3.0000,0.1681,-0.0604,2858.5400,,True,4.5450,0.0450,False,-8.8667,8.3955,12.5202,16.8050,-8.8667,put,entry (~45 DTE),19.6135,0.9484,0.8000,VIX < 15,08-10 %
106,entry,2018-08-07,2018-08-07,2018-08-31,2018-09-21,profit_target,short_put,P,2640.0000,2858.4500,45,10.9300,13.9300,0.0205,9.5429,4.0514,2018-09-21,0.0000,268,2635.0000,2645.0000,False,2640.0000,9.5429,5.5000,5.7000,5.6000,500 x 1017,10.0000,0.1557,-0.0769,2858.5400,,True,5.6000,0.1000,False,-7.6423,8.3955,12.5202,15.5730,-7.6423,put,entry (~45 DTE),18.6340,0.9392,0.8000,VIX < 15,06-8 %
106,entry,2018-08-07,2018-08-07,2018-08-31,2018-09-21,profit_target,short_call,C,3025.0000,2858.4500,45,10.9300,13.9300,0.0205,3.4092,4.0514,2018-09-21,0.0000,268,3020.0000,3030.0000,False,3025.0000,3.4092,1.1600,1.3000,1.2800,556 x 813,89.0000,0.0902,0.0344,2858.5400,,True,1.2300,0.0700,False,5.8266,8.3955,12.5202,9.0230,5.8266,call,entry (~45 DTE),10.7722,0.1077,-0.3000,VIX < 15,04-6 %
106,entry,2018-08-07,2018-08-07,2018-08-31,2018-09-21,profit_target,long_call,C,3060.0000,2858.4500,45,10.9300,13.9300,0.0205,1.3684,4.0514,2018-09-21,0.0000,268,3055.0000,3070.0000,False,3060.0000,1.3684,0.6500,0.8000,0.7500,374 x 1322,51.0000,0.0957,0.0201,2858.5400,,True,0.7250,0.0750,False,7.0510,8.3955,12.5202,9.5740,7.0510,call,entry (~45 DTE),10.4049,0.1671,-0.3000,VIX < 15,06-8 %
106,exit,2018-08-31,2018-08-07,2018-08-31,2018-09-21,profit_target,long_put,P,2605.0000,2901.5200,21,12.8600,15.1500,0.0210,0.4214,1.1631,2018-09-21,0.0000,270,2600.0000,2610.0000,False,2605.0000,0.4214,1.8000,1.9000,1.5500,865 x 903,1.0000,0.2323,-0.0288,2901.0700,,True,1.8500,0.0500,False,-10.2195,8.2220,11.1420,23.2300,-10.2195,put,exit (~21 DTE),19.3176,1.4686,0.8000,VIX < 15,10-12 %
106,exit,2018-08-31,2018-08-07,2018-08-31,2018-09-21,profit_target,short_put,P,2640.0000,2901.5200,21,12.8600,15.1500,0.0210,0.6780,1.1631,2018-09-21,0.0000,270,2635.0000,2645.0000,False,2640.0000,0.6780,2.0500,2.1900,2.2500,722 x 870,33.0000,0.2126,-0.0350,2901.0700,,True,2.1200,0.0700,False,-9.0132,8.2220,11.1420,21.2590,-9.0132,put,exit (~21 DTE),18.3526,1.4464,0.8000,VIX < 15,08-10 %
106,exit,2018-08-31,2018-08-07,2018-08-31,2018-09-21,profit_target,short_call,C,3025.0000,2901.5200,21,12.8600,15.1500,0.0210,1.1424,1.1631,2018-09-21,0.0000,270,3020.0000,3030.0000,False,3025.0000,1.1424,0.5500,0.6900,0.7000,935 x 1185,16.0000,0.0896,0.0262,2901.0700,,True,0.6200,0.0700,False,4.2557,8.2220,11.1420,8.9610,4.2557,call,exit (~21 DTE),9.8653,0.1736,-0.3000,VIX < 15,04-6 %
106,exit,2018-08-31,2018-08-07,2018-08-31,2018-09-21,profit_target,long_call,C,3060.0000,2901.5200,21,12.8600,15.1500,0.0210,0.2359,1.1631,2018-09-21,0.0000,270,3055.0000,3065.0000,False,3060.0000,0.2359,0.2400,0.4000,0.2500,1928 x 1385,16.0000,0.0989,0.0137,2901.0700,,True,0.3200,0.0800,False,5.4620,8.2220,11.1420,9.8890,5.4620,call,exit (~21 DTE),9.5034,0.3052,-0.3000,VIX < 15,04-6 %
107,entry,2018-09-04,2018-09-04,2018-09-19,2018-10-19,profit_target,long_put,P,2590.0000,2896.7200,45,13.1600,15.4500,0.0212,7.9145,4.2942,2018-10-19,0.0000,256,2585.0000,2595.0000,False,2590.0000,7.9145,5.2000,5.4000,5.8900,820 x 520,6.0000,0.2035,-0.0577,2896.7900,,True,5.3000,0.1000,False,-10.5885,9.7428,14.3508,20.3460,-10.5885,put,entry (~45 DTE),22.8216,1.0014,0.8000,VIX < 15,10-12 %
107,entry,2018-09-04,2018-09-04,2018-09-19,2018-10-19,profit_target,short_put,P,2630.0000,2896.7200,45,13.1600,15.4500,0.0212,10.0357,4.2942,2018-10-19,0.0000,256,2625.0000,2635.0000,False,2630.0000,10.0357,6.1900,6.4900,7.0000,1268 x 1653,1.0000,0.1883,-0.0718,2896.7900,,True,6.3400,0.1500,False,-9.2077,9.7428,14.3508,18.8320,-9.2077,put,entry (~45 DTE),21.7169,0.9871,0.8000,VIX < 15,08-10 %
107,entry,2018-09-04,2018-09-04,2018-09-19,2018-10-19,profit_target,short_call,C,3095.0000,2896.7200,45,13.1600,15.4500,0.0212,3.6480,4.2942,2018-10-19,0.0000,256,3090.0000,3100.0000,True,3090.0000,4.0424,1.0000,1.1000,0.9500,576 x 666,2.0000,0.0961,0.0278,2896.7900,,True,1.0500,0.0500,False,6.8450,9.7428,14.3508,9.6140,6.6724,call,entry (~45 DTE),12.3490,-0.0193,-0.3000,VIX < 15,06-8 %
107,entry,2018-09-04,2018-09-04,2018-09-19,2018-10-19,profit_target,long_call,C,3135.0000,2896.7200,45,13.1600,15.4500,0.0212,1.4749,4.2942,2018-10-19,0.0000,256,3130.0000,3140.0000,True,3130.0000,1.6661,0.6000,0.7000,0.6000,358 x 920,3.0000,0.1038,0.0174,2896.7900,,True,0.6500,0.0500,False,8.2259,9.7428,14.3508,10.3770,8.0532,call,entry (~45 DTE),11.9348,0.0788,-0.3000,VIX < 15,08-10 %
107,exit,2018-09-19,2018-09-04,2018-09-19,2018-10-19,profit_target,long_put,P,2590.0000,2907.9500,30,11.7500,14.6500,0.0216,1.4432,1.0086,2018-10-19,0.0000,279,2585.0000,2595.0000,False,2590.0000,1.4432,2.2600,2.4000,2.3500,1118 x 923,329.0000,0.2171,-0.0313,2908.1300,,True,2.3300,0.0700,False,-10.9338,8.2927,11.7500,21.7110,-10.9338,put,exit (~21 DTE),20.4971,1.2272,0.8000,VIX < 15,10-12 %
107,exit,2018-09-19,2018-09-04,2018-09-19,2018-10-19,profit_target,short_put,P,2630.0000,2907.9500,30,11.7500,14.6500,0.0216,2.1030,1.0086,2018-10-19,0.0000,279,2625.0000,2635.0000,False,2630.0000,2.1030,2.6500,2.8000,2.9500,1177 x 873,339.0000,0.1990,-0.0390,2908.1300,,True,2.7250,0.0750,False,-9.5583,8.2927,11.7500,19.8990,-9.5583,put,exit (~21 DTE),19.3966,1.2143,0.8000,VIX < 15,08-10 %
107,exit,2018-09-19,2018-09-04,2018-09-19,2018-10-19,profit_target,short_call,C,3095.0000,2907.9500,30,11.7500,14.6500,0.0216,0.4179,1.0086,2018-10-19,0.0000,279,3090.0000,3100.0000,False,3095.0000,0.4179,0.3600,0.5000,0.5500,1081 x 844,239.0000,0.0976,0.0143,2908.1300,,True,0.4300,0.0700,False,6.4324,8.2927,11.7500,9.7610,6.4324,call,exit (~21 DTE),9.8203,0.2283,-0.3000,VIX < 15,06-8 %
107,exit,2018-09-19,2018-09-04,2018-09-19,2018-10-19,profit_target,long_call,C,3135.0000,2907.9500,30,11.7500,14.6500,0.0216,0.0690,1.0086,2018-10-19,0.0000,279,3130.0000,3140.0000,True,3130.0000,0.0884,0.2000,0.3500,0.4000,1219 x 640,319.0000,0.1061,0.0089,2908.1300,,True,0.2750,0.0750,False,7.8079,8.2927,11.7500,10.6130,7.6360,call,exit (~21 DTE),9.4592,0.3039,-0.3000,VIX < 15,06-8 %
108,entry,2018-09-19,2018-09-19,2018-09-28,2018-10-19,profit_target,long_put,P,2670.0000,2907.9500,30,11.7500,14.6500,0.0216,3.1002,2.8532,2018-10-19,0.0000,279,2665.0000,2675.0000,False,2670.0000,3.1002,3.2000,3.4000,3.6000,826 x 1324,331.0000,0.1812,-0.0502,2908.1300,,True,3.3000,0.1000,False,-8.1827,8.2927,11.7500,18.1180,-8.1827,put,entry (~45 DTE),18.2962,1.2007,0.8000,VIX < 15,08-10 %
108,entry,2018-09-19,2018-09-19,2018-09-28,2018-10-19,profit_target,short_put,P,2710.0000,2907.9500,30,11.7500,14.6500,0.0216,4.6258,2.8532,2018-10-19,0.0000,279,2705.0000,2715.0000,False,2710.0000,4.6258,4.0000,4.2000,4.0300,822 x 1557,336.0000,0.1633,-0.0668,2908.1300,,True,4.1000,0.1000,False,-6.8072,8.2927,11.7500,16.3340,-6.8072,put,entry (~45 DTE),17.1958,1.1813,0.8000,VIX < 15,06-8 %
108,entry,2018-09-19,2018-09-19,2018-09-28,2018-10-19,profit_target,short_call,C,3055.0000,2907.9500,30,11.7500,14.6500,0.0216,1.7455,2.8532,2018-10-19,0.0000,279,3050.0000,3060.0000,False,3055.0000,1.7455,0.6900,0.7900,0.9500,333 x 610,349.0000,0.0878,0.0271,2908.1300,,True,0.7400,0.0500,False,5.0568,8.2927,11.7500,8.7840,5.0568,call,entry (~45 DTE),10.2330,0.0971,-0.3000,VIX < 15,04-6 %
108,entry,2018-09-19,2018-09-19,2018-09-28,2018-10-19,profit_target,long_call,C,3095.0000,2907.9500,30,11.7500,14.6500,0.0216,0.4179,2.8532,2018-10-19,0.0000,279,3090.0000,3100.0000,False,3095.0000,0.4179,0.3600,0.5000,0.5500,1081 x 844,239.0000,0.0976,0.0143,2908.1300,,True,0.4300,0.0700,False,6.4324,8.2927,11.7500,9.7610,6.4324,call,entry (~45 DTE),9.8203,0.2283,-0.3000,VIX < 15,06-8 %
108,exit,2018-09-28,2018-09-19,2018-09-28,2018-10-19,profit_target,long_put,P,2670.0000,2913.9800,21,12.1200,14.7700,0.0219,0.5694,0.6969,2018-10-19,0.0000,284,2665.0000,2675.0000,False,2670.0000,0.5694,2.4900,2.6000,2.5700,200 x 200,0.0000,0.2072,-0.0414,2914.0900,,True,2.5450,0.0550,False,-8.3727,8.4080,10.0541,20.7250,-8.3727,put,exit (~21 DTE),16.7523,1.4711,0.8000,VIX < 15,08-10 %
108,exit,2018-09-28,2018-09-19,2018-09-28,2018-10-19,profit_target,short_put,P,2710.0000,2913.9800,21,12.1200,14.7700,0.0219,1.0405,0.6969,2018-10-19,0.0000,284,2705.0000,2715.0000,False,2710.0000,1.0405,2.9900,3.2100,3.3000,916 x 916,724.0000,0.1856,-0.0543,2914.0900,,True,3.1000,0.1100,False,-7.0000,8.4080,10.0541,18.5580,-7.0000,put,exit (~21 DTE),15.6542,1.4500,0.8000,VIX < 15,06-8 %
108,exit,2018-09-28,2018-09-19,2018-09-28,2018-10-19,profit_target,short_call,C,3055.0000,2913.9800,21,12.1200,14.7700,0.0219,0.2448,0.6969,2018-10-19,0.0000,284,3050.0000,3060.0000,False,3055.0000,0.2448,0.4600,0.6100,0.6000,738 x 474,50.0000,0.0952,0.0214,2914.0900,,True,0.5350,0.0750,False,4.8394,8.4080,10.0541,9.5220,4.8394,call,exit (~21 DTE),8.6023,0.2302,-0.3000,VIX < 15,04-6 %
108,exit,2018-09-28,2018-09-19,2018-09-28,2018-10-19,profit_target,long_call,C,3095.0000,2913.9800,21,12.1200,14.7700,0.0219,0.0190,0.6969,2018-10-19,0.0000,284,3090.0000,3100.0000,False,3095.0000,0.0190,0.1900,0.3400,0.5500,746 x 1196,239.0000,0.1068,0.0102,2914.0900,,True,0.2650,0.0750,False,6.2121,8.4080,10.0541,10.6760,6.2121,call,exit (~21 DTE),8.1905,0.3651,-0.3000,VIX < 15,06-8 %
109,entry,2018-10-02,2018-10-02,2018-10-26,2018-11-16,dte_exit,long_put,P,2635.0000,2923.4299,45,12.0500,14.8400,0.0223,7.7364,4.3919,2018-11-16,0.0000,261,2630.0000,2640.0000,False,2635.0000,7.7364,5.8100,6.0000,5.1500,500 x 1261,0.0000,0.1947,-0.0647,2923.2300,,True,5.9050,0.0950,False,-9.8661,9.8537,13.5172,19.4710,-9.8661,put,entry (~45 DTE),21.4101,0.9748,0.8000,VIX < 15,08-10 %
109,entry,2018-10-02,2018-10-02,2018-10-26,2018-11-16,dte_exit,short_put,P,2675.0000,2923.4299,45,12.0500,14.8400,0.0223,9.9058,4.3919,2018-11-16,0.0000,261,2670.0000,2680.0000,False,2675.0000,9.9058,7.1000,7.3100,7.4500,468 x 878,186.0000,0.1805,-0.0821,2923.2300,,True,7.2050,0.1050,False,-8.4979,9.8537,13.5172,18.0470,-8.4979,put,entry (~45 DTE),20.3155,0.9642,0.8000,VIX < 15,08-10 %
109,entry,2018-10-02,2018-10-02,2018-10-26,2018-11-16,dte_exit,short_call,C,3110.0000,2923.4299,45,12.0500,14.8400,0.0223,3.6195,4.3919,2018-11-16,0.0000,261,3105.0000,3115.0000,False,3110.0000,3.6195,1.0000,1.1600,1.1400,866 x 142,0.0000,0.0939,0.0285,2923.2300,,True,1.0800,0.0800,False,6.3819,9.8537,13.5172,9.3880,6.3819,call,entry (~45 DTE),11.6026,-0.0730,-0.3000,VIX < 15,06-8 %
109,entry,2018-10-02,2018-10-02,2018-10-26,2018-11-16,dte_exit,long_call,C,3150.0000,2923.4299,45,12.0500,14.8400,0.0223,1.3970,4.3919,2018-11-16,0.0000,261,3145.0000,3160.0000,False,3150.0000,1.3970,0.5500,0.6900,0.7000,673 x 354,13.0000,0.1009,0.0173,2923.2300,,True,0.6200,0.0700,False,7.7501,9.8537,13.5172,10.0930,7.7501,call,entry (~45 DTE),11.1921,0.0309,-0.3000,VIX < 15,06-8 %
109,exit,2018-10-26,2018-10-02,2018-10-26,2018-11-16,dte_exit,long_put,P,2635.0000,2658.6899,21,24.1600,22.4800,0.0232,53.7987,17.7294,2018-11-16,0.0000,287,2630.0000,2640.0000,False,2635.0000,53.7987,54.3000,55.7000,58.0000,45 x 75,176.0000,0.2541,-0.4318,2658.1200,,True,55.0000,0.7000,False,-0.8910,22.9855,25.1809,25.4080,-0.8910,put,exit (~21 DTE),25.8937,2.7187,0.8000,VIX 15-25,00-2 %
109,exit,2018-10-26,2018-10-02,2018-10-26,2018-11-16,dte_exit,short_put,P,2675.0000,2658.6899,21,24.1600,22.4800,0.0232,71.5119,17.7294,2018-11-16,0.0000,287,2670.0000,2680.0000,False,2675.0000,71.5119,71.1000,73.3000,68.8000,290 x 200,,0.2433,-0.5298,2658.1200,,True,72.2000,1.1000,False,0.6135,22.9855,25.1809,24.3310,0.6135,put,exit (~21 DTE),24.6901,2.1933,0.8000,VIX 15-25,00-2 %
109,exit,2018-10-26,2018-10-02,2018-10-26,2018-11-16,dte_exit,short_call,C,3110.0000,2658.6899,21,24.1600,22.4800,0.0232,0.0217,17.7294,2018-11-16,0.0000,287,3105.0000,3115.0000,False,3110.0000,0.0217,0.0500,0.1900,0.0500,7 x 325,1.0000,0.2284,0.0027,2658.1200,,True,0.1200,0.0700,False,16.9749,22.9855,25.1809,22.8430,16.9749,call,exit (~21 DTE),20.0884,-0.0084,-0.3000,VIX 15-25,16-18 %
110,entry,2018-11-07,2018-11-07,2018-11-30,2018-12-21,dte_exit,long_put,P,2280.0000,2813.8899,44,16.3600,17.6200,0.0236,3.1636,0.7110,2018-12-21,0.0000,311,2275.0000,2285.0000,False,2280.0000,3.1636,2.0000,2.1500,4.2000,150 x 311,0.0000,0.2936,-0.0194,2813.8100,,True,2.0750,0.0750,False,-18.9734,14.3427,16.9730,29.3630,-18.9734,put,entry (~45 DTE),32.1517,0.7916,0.8000,VIX 15-25,18-20 %
110,entry,2018-11-07,2018-11-07,2018-11-30,2018-12-21,dte_exit,short_put,P,2315.0000,2813.8899,44,16.3600,17.6200,0.0236,3.7949,0.7110,2018-12-21,0.0000,311,2310.0000,2320.0000,False,2315.0000,3.7949,2.3500,2.4900,2.8000,779 x 139,24.0000,0.2816,-0.0223,2813.8100,,True,2.4200,0.0700,False,-17.7295,14.3427,16.9730,28.1560,-17.7295,put,entry (~45 DTE),31.1567,0.7791,0.8000,VIX 15-25,16-18 %
110,entry,2018-11-07,2018-11-07,2018-11-30,2018-12-21,dte_exit,short_call,C,3190.0000,2813.8899,44,16.3600,17.6200,0.0236,0.1153,0.7110,2018-12-21,0.0000,311,3180.0000,3200.0000,False,3190.0000,0.1153,0.1500,0.3000,0.8000,290 x 814,100.0000,0.1399,0.0050,2813.8100,,True,0.2250,0.0750,False,13.3662,14.3427,16.9730,13.9940,13.3662,call,entry (~45 DTE),12.9632,-0.0261,-0.3000,VIX 15-25,12-14 %
110,entry,2018-11-07,2018-11-07,2018-11-30,2018-12-21,dte_exit,long_call,C,3225.0000,2813.8899,44,16.3600,17.6200,0.0236,0.0356,0.7110,2018-12-21,0.0000,311,3220.0000,3250.0000,False,3225.0000,0.0356,0.1000,0.2500,0.1100,146 x 934,4.0000,0.1471,0.0043,2813.8100,,True,0.1750,0.0750,False,14.6100,14.3427,16.9730,14.7100,14.6100,call,entry (~45 DTE),12.5900,0.0251,-0.3000,VIX 15-25,14-16 %
110,exit,2018-11-30,2018-11-07,2018-11-30,2018-12-21,dte_exit,long_put,P,2280.0000,2760.1699,21,18.0700,18.8900,0.0236,0.3333,0.1430,2018-12-21,0.0000,311,2275.0000,2285.0000,False,2280.0000,0.3333,0.7500,0.9000,1.2500,475 x 318,100.0000,0.3385,-0.0102,2759.2100,,True,0.8250,0.0750,False,-17.3964,17.4153,17.5226,33.8520,-17.3964,put,exit (~21 DTE),31.4397,0.9448,0.8000,VIX 15-25,16-18 %
110,exit,2018-11-30,2018-11-07,2018-11-30,2018-12-21,dte_exit,short_put,P,2315.0000,2760.1699,21,18.0700,18.8900,0.0236,0.4762,0.1430,2018-12-21,0.0000,311,2310.0000,2320.0000,False,2315.0000,0.4762,0.9500,1.1000,2.7500,710 x 317,6.0000,0.3235,-0.0126,2759.2100,,True,1.0250,0.0750,False,-16.1284,17.4153,17.5226,32.3520,-16.1284,put,exit (~21 DTE),30.4253,0.9261,0.8000,VIX 15-25,16-18 %
110,exit,2018-11-30,2018-11-07,2018-11-30,2018-12-21,dte_exit,short_call,C,3190.0000,2760.1699,21,18.0700,18.8900,0.0236,0.0000,0.1430,2018-12-21,0.0000,311,3180.0000,3200.0000,False,3190.0000,0.0000,0.0500,0.2000,0.0500,475 x 577,20.0000,0.2157,0.0032,2759.2100,,True,0.1250,0.0750,False,15.5726,17.4153,17.5226,21.5690,15.5726,call,exit (~21 DTE),12.8508,0.2667,-0.3000,VIX 15-25,14-16 %
111,entry,2018-12-04,2018-12-04,2018-12-28,2019-01-18,dte_exit,long_put,P,2245.0000,2700.0601,45,20.7400,20.7500,0.0242,7.7877,2.5893,2019-01-18,0.0000,288,2240.0000,2250.0000,False,2245.0000,7.7877,4.7000,5.0000,3.0000,534 x 534,180.0000,0.3050,-0.0393,2700.4800,,True,4.8500,0.1500,False,-16.8537,17.8390,20.7450,30.4990,-16.8537,put,entry (~45 DTE),34.2280,0.7512,0.8000,VIX 15-25,16-18 %
111,entry,2018-12-04,2018-12-04,2018-12-28,2019-01-18,dte_exit,short_put,P,2280.0000,2700.0601,45,20.7400,20.7500,0.0242,9.2291,2.5893,2019-01-18,0.0000,288,2275.0000,2285.0000,False,2280.0000,9.2291,5.5000,5.9100,5.5000,518 x 518,10.0000,0.2930,-0.0467,2700.4800,,True,5.7050,0.2050,False,-15.5574,17.8390,20.7450,29.2980,-15.5574,put,entry (~45 DTE),33.1909,0.7366,0.8000,VIX 15-25,14-16 %
111,entry,2018-12-04,2018-12-04,2018-12-28,2019-01-18,dte_exit,short_call,C,3015.0000,2700.0601,45,20.7400,20.7500,0.0242,2.4398,2.5893,2019-01-18,0.0000,288,3010.0000,3020.0000,False,3015.0000,2.4398,0.4000,0.6000,0.6000,252 x 452,90.0000,0.1358,0.0116,2700.4800,,True,0.5000,0.1000,False,11.6642,17.8390,20.7450,13.5850,11.6642,call,entry (~45 DTE),17.2457,-0.3647,-0.3000,VIX 15-25,10-12 %
111,entry,2018-12-04,2018-12-04,2018-12-28,2019-01-18,dte_exit,long_call,C,3050.0000,2700.0601,45,20.7400,20.7500,0.0242,1.2919,2.5893,2019-01-18,0.0000,288,3045.0000,3055.0000,False,3050.0000,1.2919,0.2000,0.4000,0.3800,452 x 527,11.0000,0.1395,0.0066,2700.4800,,True,0.3000,0.1000,False,12.9604,17.8390,20.7450,13.9530,12.9605,call,entry (~45 DTE),16.8569,-0.2998,-0.3000,VIX 15-25,12-14 %
111,exit,2018-12-28,2018-12-04,2018-12-28,2019-01-18,dte_exit,long_put,P,2245.0000,2485.7400,21,28.3400,25.3200,0.0239,13.9287,3.9990,2019-01-18,0.0000,334,2240.0000,2250.0000,False,2245.0000,13.9287,11.1000,11.4000,9.0500,277 x 100,1.0000,0.3442,-0.1078,2485.7400,,True,11.2500,0.1500,False,-9.6848,25.6630,30.1220,34.4190,-9.6848,put,exit (~21 DTE),37.8698,0.9041,0.8000,VIX > 25,08-10 %
111,exit,2018-12-28,2018-12-04,2018-12-28,2019-01-18,dte_exit,short_put,P,2280.0000,2485.7400,21,28.3400,25.3200,0.0239,17.9182,3.9990,2019-01-18,0.0000,334,2275.0000,2285.0000,False,2280.0000,17.9182,14.4000,15.2000,14.1000,211 x 111,441.0000,0.3330,-0.1377,2485.7400,,True,14.8000,0.4000,False,-8.2768,25.6630,30.1220,33.3020,-8.2768,put,exit (~21 DTE),36.7434,0.9229,0.8000,VIX > 25,08-10 %
112,entry,2019-01-04,2019-01-04,2019-01-25,2019-02-15,dte_exit,long_put,P,1950.0000,2531.9399,42,21.3800,21.8600,0.0241,3.0381,0.7626,2019-02-15,0.0000,299,1945.0000,1955.0000,False,1950.0000,3.0381,1.4500,1.6000,1.6500,702 x 716,948.0000,0.3507,-0.0142,2530.9200,,True,1.5250,0.0750,False,-22.9840,19.1297,21.5870,35.0730,-22.9840,put,entry (~45 DTE),39.9742,0.6937,0.8000,VIX 15-25,20 %+
112,entry,2019-01-04,2019-01-04,2019-01-25,2019-02-15,dte_exit,short_put,P,1985.0000,2531.9399,42,21.3800,21.8600,0.0241,3.6670,0.7626,2019-02-15,0.0000,299,1980.0000,1990.0000,False,1985.0000,3.6670,1.6900,1.9100,12.4300,1165 x 705,1.0000,0.3379,-0.0161,2530.9200,,True,1.8000,0.1100,False,-21.6016,19.1297,21.5870,33.7860,-21.6016,put,entry (~45 DTE),38.8683,0.6785,0.8000,VIX 15-25,20 %+
112,entry,2019-01-04,2019-01-04,2019-01-25,2019-02-15,dte_exit,short_call,C,2940.0000,2531.9399,42,21.3800,21.8600,0.0241,0.2185,0.7626,2019-02-15,0.0000,299,2935.0000,2945.0000,False,2940.0000,0.2185,0.0500,0.2500,0.1000,1626 x 768,0.0000,0.1633,0.0034,2530.9200,,True,0.1500,0.1000,False,16.1165,19.1297,21.5870,16.3280,16.1165,call,entry (~45 DTE),16.7521,-0.1738,-0.3000,VIX 15-25,16-18 %
112,exit,2019-01-25,2019-01-04,2019-01-25,2019-02-15,dte_exit,long_put,P,1950.0000,2664.7600,21,17.4200,18.8200,0.0238,0.0154,0.0310,2019-02-15,0.0000,301,1945.0000,1955.0000,False,1950.0000,0.0154,0.2000,0.3500,0.3000,1121 x 2093,259.0000,0.4677,-0.0024,2664.7300,,True,0.2750,0.0750,False,-26.8227,14.2050,16.4572,46.7740,-26.8227,put,exit (~21 DTE),37.9154,1.2142,0.8000,VIX 15-25,20 %+
112,exit,2019-01-25,2019-01-04,2019-01-25,2019-02-15,dte_exit,short_put,P,1985.0000,2664.7600,21,17.4200,18.8200,0.0238,0.0225,0.0310,2019-02-15,0.0000,301,1980.0000,1990.0000,False,1985.0000,0.0225,0.2500,0.3500,0.5000,321 x 846,0.0000,0.4471,-0.0030,2664.7300,,True,0.3000,0.0500,False,-25.5092,14.2050,16.4572,44.7110,-25.5092,put,exit (~21 DTE),36.8646,1.1959,0.8000,VIX 15-25,20 %+
112,exit,2019-01-25,2019-01-04,2019-01-25,2019-02-15,dte_exit,short_call,C,2940.0000,2664.7600,21,17.4200,18.8200,0.0238,0.0285,0.0310,2019-02-15,0.0000,301,2935.0000,2945.0000,False,2940.0000,0.0285,0.0500,0.2000,0.4000,609 x 1334,1.0000,0.1532,0.0038,2664.7300,,True,0.1250,0.0750,False,10.3289,14.2050,16.4572,15.3240,10.3289,call,exit (~21 DTE),13.3586,0.1083,-0.3000,VIX 15-25,10-12 %
113,entry,2019-01-29,2019-01-29,2019-02-21,2019-03-15,profit_target,long_put,P,2180.0000,2640.0000,45,19.1300,19.6000,0.0241,5.8138,1.7676,2019-03-15,0.0000,299,2175.0000,2185.0000,False,2180.0000,5.8138,3.4000,3.5900,4.7000,1119 x 1101,5.0000,0.2947,-0.0318,2639.8300,,True,3.4950,0.0950,False,-17.4242,16.3012,19.3664,29.4660,-17.4242,put,entry (~45 DTE),33.3058,0.7555,0.8000,VIX 15-25,16-18 %
113,entry,2019-01-29,2019-01-29,2019-02-21,2019-03-15,profit_target,short_put,P,2215.0000,2640.0000,45,19.1300,19.6000,0.0241,6.9598,1.7676,2019-03-15,0.0000,299,2210.0000,2220.0000,False,2215.0000,6.9598,4.0900,4.4000,3.6000,1721 x 1704,10.0000,0.2841,-0.0384,2639.8300,,True,4.2450,0.1550,False,-16.0985,16.3012,19.3664,28.4050,-16.0985,put,entry (~45 DTE),32.2452,0.7519,0.8000,VIX 15-25,16-18 %
113,entry,2019-01-29,2019-01-29,2019-02-21,2019-03-15,profit_target,short_call,C,2960.0000,2640.0000,45,19.1300,19.6000,0.0241,1.1388,1.7676,2019-03-15,0.0000,299,2955.0000,2965.0000,False,2960.0000,1.1388,0.3500,0.5000,0.6500,667 x 542,7.0000,0.1400,0.0098,2639.8300,,True,0.4250,0.0750,False,12.1212,16.3012,19.3664,13.9980,12.1212,call,entry (~45 DTE),15.7301,-0.1900,-0.3000,VIX 15-25,12-14 %
113,entry,2019-01-29,2019-01-29,2019-02-21,2019-03-15,profit_target,long_call,C,2995.0000,2640.0000,45,19.1300,19.6000,0.0241,0.5171,1.7676,2019-03-15,0.0000,299,2990.0000,3000.0000,False,2995.0000,0.5171,0.2000,0.3500,0.4500,1126 x 342,2.0000,0.1446,0.0062,2639.8300,,True,0.2750,0.0750,False,13.4470,16.3012,19.3664,14.4580,13.4470,call,entry (~45 DTE),15.3323,-0.1371,-0.3000,VIX 15-25,12-14 %
113,exit,2019-02-21,2019-01-29,2019-02-21,2019-03-15,profit_target,long_put,P,2180.0000,2774.8799,22,14.4600,16.1600,0.0244,0.0317,0.2659,2019-03-15,0.0000,307,2175.0000,2185.0000,False,2180.0000,0.0317,0.2000,0.3400,0.7400,1268 x 1769,1.0000,0.3600,-0.0036,2774.5800,,True,0.2700,0.0700,False,-21.4380,11.4202,13.4424,36.0000,-21.4380,put,exit (~21 DTE),30.5928,1.1465,0.8000,VIX < 15,20 %+
113,exit,2019-02-21,2019-01-29,2019-02-21,2019-03-15,profit_target,short_put,P,2215.0000,2774.8799,22,14.4600,16.1600,0.0244,0.0462,0.2659,2019-03-15,0.0000,307,2210.0000,2220.0000,False,2215.0000,0.0462,0.2500,0.4100,0.7600,1247 x 1747,25.0000,0.3444,-0.0046,2774.5800,,True,0.3300,0.0800,False,-20.1767,11.4202,13.4424,34.4440,-20.1767,put,exit (~21 DTE),29.5838,1.1411,0.8000,VIX < 15,20 %+
113,exit,2019-02-21,2019-01-29,2019-02-21,2019-03-15,profit_target,short_call,C,2960.0000,2774.8799,22,14.4600,16.1600,0.0244,0.3130,0.2659,2019-03-15,0.0000,307,2955.0000,2965.0000,False,2960.0000,0.3130,0.1000,0.2500,0.1800,1017 x 1955,2.0000,0.1076,0.0072,2774.5800,,True,0.1750,0.0750,False,6.6713,11.4202,13.4424,10.7630,6.6713,call,exit (~21 DTE),11.4410,-0.0985,-0.3000,VIX < 15,06-8 %
113,exit,2019-02-21,2019-01-29,2019-02-21,2019-03-15,profit_target,long_call,C,2995.0000,2774.8799,22,14.4600,16.1600,0.0244,0.0616,0.2659,2019-03-15,0.0000,307,2990.0000,3000.0000,False,2995.0000,0.0616,0.0600,0.1500,0.1000,411 x 150,1.0000,0.1170,0.0042,2774.5800,,True,0.1050,0.0450,False,7.9326,11.4202,13.4424,11.7030,7.9326,call,exit (~21 DTE),11.0626,0.0356,-0.3000,VIX < 15,06-8 %
114,entry,2019-03-04,2019-03-04,2019-03-28,2019-04-18,dte_exit,long_put,P,2355.0000,2792.8101,45,14.6300,16.0300,0.0245,4.0150,1.0903,2019-04-18,0.0000,296,2350.0000,2360.0000,False,2355.0000,4.0150,2.6500,2.8000,5.1800,819 x 363,10.0000,0.2535,-0.0276,2793.1900,,True,2.7250,0.0750,False,-15.6763,11.7320,15.3460,25.3510,-15.6763,put,entry (~45 DTE),27.8870,0.8688,0.8000,VIX < 15,14-16 %
114,entry,2019-03-04,2019-03-04,2019-03-28,2019-04-18,dte_exit,short_put,P,2390.0000,2792.8101,45,14.6300,16.0300,0.0245,4.8693,1.0903,2019-04-18,0.0000,296,2385.0000,2395.0000,False,2390.0000,4.8693,3.2000,3.4000,5.0000,140 x 620,2.0000,0.2428,-0.0342,2793.1900,,True,3.3000,0.1000,False,-14.4231,11.7320,15.3460,24.2820,-14.4231,put,entry (~45 DTE),26.8845,0.8701,0.8000,VIX < 15,14-16 %
114,entry,2019-03-04,2019-03-04,2019-03-28,2019-04-18,dte_exit,short_call,C,3095.0000,2792.8101,45,14.6300,16.0300,0.0245,0.3486,1.0903,2019-04-18,0.0000,296,3090.0000,3100.0000,True,3090.0000,0.4043,0.1500,0.3000,0.0000,485 x 335,,0.1153,0.0060,2793.1900,,True,0.2250,0.0750,False,10.8203,11.7320,15.3460,11.5350,10.6413,call,entry (~45 DTE),12.1536,-0.0185,-0.3000,VIX < 15,10-12 %
114,entry,2019-03-04,2019-03-04,2019-03-28,2019-04-18,dte_exit,long_call,C,3130.0000,2792.8101,45,14.6300,16.0300,0.0245,0.1127,1.0903,2019-04-18,0.0000,296,3125.0000,3150.0000,True,3125.0000,0.1338,0.0400,0.1900,0.1500,1297 x 335,25.0000,0.1185,0.0040,2793.1900,,True,0.1150,0.0750,False,12.0735,11.7320,15.3460,11.8500,11.8945,call,entry (~45 DTE),11.7776,0.0099,-0.3000,VIX < 15,10-12 %
114,exit,2019-03-28,2019-03-04,2019-03-28,2019-04-18,dte_exit,long_put,P,2355.0000,2815.4399,21,14.4300,16.3000,0.0242,0.1026,0.0527,2019-04-18,0.0000,303,2350.0000,2360.0000,False,2355.0000,0.1026,0.3400,0.4900,0.7500,2037 x 1380,0.0000,0.2958,-0.0064,2815.3200,,True,0.4150,0.0750,False,-16.3541,12.1202,13.0875,29.5750,-16.3541,put,exit (~21 DTE),26.1708,1.0673,0.8000,VIX < 15,16-18 %
114,exit,2019-03-28,2019-03-04,2019-03-28,2019-04-18,dte_exit,short_put,P,2390.0000,2815.4399,21,14.4300,16.3000,0.0242,0.1545,0.0527,2019-04-18,0.0000,303,2385.0000,2395.0000,False,2390.0000,0.1545,0.4500,0.5900,0.6500,1057 x 1395,1.0000,0.2811,-0.0083,2815.3200,,True,0.5200,0.0700,False,-15.1110,12.1202,13.0875,28.1060,-15.1110,put,exit (~21 DTE),25.1763,1.0579,0.8000,VIX < 15,14-16 %
115,entry,2019-04-02,2019-04-02,2019-04-18,2019-05-17,profit_target,long_put,P,2560.0000,2867.2400,45,13.3600,15.5400,0.0241,7.7859,3.6540,2019-05-17,0.0000,270,2555.0000,2565.0000,False,2560.0000,7.7859,4.3000,4.5100,4.3000,1199 x 432,190.0000,0.1946,-0.0513,2867.2200,,True,4.4050,0.1050,False,-10.7155,11.1578,14.4911,19.4560,-10.7155,put,entry (~45 DTE),23.0635,0.7744,0.8000,VIX < 15,10-12 %
115,entry,2019-04-02,2019-04-02,2019-04-18,2019-05-17,profit_target,short_put,P,2595.0000,2867.2400,45,13.3600,15.5400,0.0241,9.5852,3.6540,2019-05-17,0.0000,270,2590.0000,2600.0000,False,2595.0000,9.5852,5.3900,5.6000,5.7000,1230 x 399,2.0000,0.1834,-0.0655,2867.2200,,True,5.4950,0.1050,False,-9.4948,11.1578,14.4911,18.3440,-9.4948,put,entry (~45 DTE),22.0869,0.7569,0.8000,VIX < 15,08-10 %
115,entry,2019-04-02,2019-04-02,2019-04-18,2019-05-17,profit_target,short_call,C,3070.0000,2867.2400,45,13.3600,15.5400,0.0241,3.3783,3.6540,2019-05-17,0.0000,270,3065.0000,3075.0000,False,3070.0000,3.3783,0.7000,0.8000,0.7200,100 x 254,2.0000,0.0982,0.0202,2867.2200,,True,0.7500,0.0500,False,7.0716,11.1578,14.4911,9.8190,7.0716,call,entry (~45 DTE),12.3696,-0.1893,-0.3000,VIX < 15,06-8 %
115,entry,2019-04-02,2019-04-02,2019-04-18,2019-05-17,profit_target,long_call,C,3105.0000,2867.2400,45,13.3600,15.5400,0.0241,1.5235,3.6540,2019-05-17,0.0000,270,3100.0000,3110.0000,True,3100.0000,1.7198,0.3500,0.4500,0.2900,770 x 251,40.0000,0.1005,0.0111,2867.2200,,True,0.4000,0.0500,False,8.2923,11.1578,14.4911,10.0510,8.1179,call,entry (~45 DTE),12.0557,-0.1363,-0.3000,VIX < 15,08-10 %
115,exit,2019-04-18,2019-04-02,2019-04-18,2019-05-17,profit_target,long_put,P,2560.0000,2905.0300,29,12.0900,14.5700,0.0241,1.0550,1.1411,2019-05-17,0.0000,284,2555.0000,2565.0000,False,2560.0000,1.0550,1.5000,1.6100,1.7500,1792 x 214,40.0000,0.2222,-0.0217,2905.2200,,True,1.5550,0.0550,False,-11.8770,9.4637,11.9477,22.2210,-11.8770,put,exit (~21 DTE),21.4493,1.0741,0.8000,VIX < 15,10-12 %
115,exit,2019-04-18,2019-04-02,2019-04-18,2019-05-17,profit_target,short_put,P,2595.0000,2905.0300,29,12.0900,14.5700,0.0241,1.4672,1.1411,2019-05-17,0.0000,284,2590.0000,2600.0000,False,2595.0000,1.4672,1.9100,2.0100,2.4400,1024 x 702,0.0000,0.2099,-0.0283,2905.2200,,True,1.9600,0.0500,False,-10.6722,9.4637,11.9477,20.9860,-10.6722,put,exit (~21 DTE),20.4855,1.0797,0.8000,VIX < 15,10-12 %
115,exit,2019-04-18,2019-04-02,2019-04-18,2019-05-17,profit_target,short_call,C,3070.0000,2905.0300,29,12.0900,14.5700,0.0241,0.9823,1.1411,2019-05-17,0.0000,284,3065.0000,3075.0000,False,3070.0000,0.9823,0.3400,0.4400,0.5500,1583 x 300,6.0000,0.0889,0.0154,2905.2200,,True,0.3900,0.0500,False,5.6788,9.4637,11.9477,8.8940,5.6788,call,exit (~21 DTE),10.2441,-0.1003,-0.3000,VIX < 15,04-6 %
115,exit,2019-04-18,2019-04-02,2019-04-18,2019-05-17,profit_target,long_call,C,3105.0000,2905.0300,29,12.0900,14.5700,0.0241,0.2533,1.1411,2019-05-17,0.0000,284,3100.0000,3110.0000,False,3105.0000,0.2533,0.2000,0.3000,0.0000,2214 x 800,,0.0975,0.0093,2905.2200,,True,0.2500,0.0500,False,6.8836,9.4637,11.9477,9.7520,6.8836,call,exit (~21 DTE),9.8827,0.0419,-0.3000,VIX < 15,06-8 %
116,entry,2019-05-10,2019-05-10,2019-05-31,2019-06-21,dte_exit,long_put,P,2535.0000,2881.3999,42,16.0400,16.9000,0.0242,7.5923,3.3056,2019-06-21,0.0000,281,2530.0000,2540.0000,False,2535.0000,7.5923,5.3000,5.5000,8.5000,300 x 264,0.0000,0.2355,-0.0528,2880.9200,,True,5.4000,0.1000,False,-12.0219,13.6650,16.4141,23.5460,-12.0219,put,entry (~45 DTE),26.0316,0.8219,0.8000,VIX 15-25,12-14 %
116,entry,2019-05-10,2019-05-10,2019-05-31,2019-06-21,dte_exit,short_put,P,2570.0000,2881.3999,42,16.0400,16.9000,0.0242,9.2738,3.3056,2019-06-21,0.0000,281,2565.0000,2575.0000,False,2570.0000,9.2738,6.6000,6.9000,7.2600,1306 x 778,2.0000,0.2263,-0.0664,2880.9200,,True,6.7500,0.1500,False,-10.8072,13.6650,16.4141,22.6280,-10.8072,put,entry (~45 DTE),25.0599,0.8294,0.8000,VIX 15-25,10-12 %
116,entry,2019-05-10,2019-05-10,2019-05-31,2019-06-21,dte_exit,short_call,C,3115.0000,2881.3999,42,16.0400,16.9000,0.0242,3.1330,3.3056,2019-06-21,0.0000,281,3110.0000,3120.0000,False,3115.0000,3.1330,0.4900,0.6100,0.5500,1546 x 1,7.0000,0.1046,0.0155,2880.9200,,True,0.5500,0.0600,False,8.1072,13.6650,16.4141,10.4630,8.1072,call,entry (~45 DTE),13.9819,-0.3950,-0.3000,VIX 15-25,08-10 %
116,entry,2019-05-10,2019-05-10,2019-05-31,2019-06-21,dte_exit,long_call,C,3150.0000,2881.3999,42,16.0400,16.9000,0.0242,1.5089,3.3056,2019-06-21,0.0000,281,3145.0000,3155.0000,False,3150.0000,1.5089,0.3400,0.4600,0.4500,1264 x 1,4.0000,0.1129,0.0110,2880.9200,,True,0.4000,0.0600,False,9.3219,13.6650,16.4141,11.2900,9.3219,call,entry (~45 DTE),13.6175,-0.2548,-0.3000,VIX 15-25,08-10 %
116,exit,2019-05-31,2019-05-10,2019-05-31,2019-06-21,dte_exit,long_put,P,2535.0000,2752.0601,21,18.7100,18.8300,0.0234,6.0287,2.5076,2019-06-21,0.0000,281,2530.0000,2540.0000,False,2535.0000,6.0287,4.0900,4.2900,3.2000,1105 x 1469,213.0000,0.2198,-0.0637,2751.7500,,True,4.1900,0.1000,False,-7.8872,16.6603,18.6324,21.9760,-7.8872,put,exit (~21 DTE),24.9422,0.6740,0.8000,VIX 15-25,06-8 %
116,exit,2019-05-31,2019-05-10,2019-05-31,2019-06-21,dte_exit,short_put,P,2570.0000,2752.0601,21,18.7100,18.8300,0.0234,8.5314,2.5076,2019-06-21,0.0000,281,2565.0000,2575.0000,False,2570.0000,8.5314,6.0000,6.3100,6.5300,1727 x 1663,,0.2102,-0.0914,2751.7500,,True,6.1550,0.1550,False,-6.6154,16.6603,18.6324,21.0160,-6.6154,put,exit (~21 DTE),23.9248,0.6584,0.8000,VIX 15-25,06-8 %
117,entry,2019-06-04,2019-06-04,2019-06-28,2019-07-19,dte_exit,long_put,P,2435.0000,2803.2700,45,16.9700,17.5900,0.0234,8.2677,3.2146,2019-07-19,0.0000,270,2430.0000,2440.0000,False,2435.0000,8.2677,3.9000,4.2000,4.6000,2658 x 2158,119.0000,0.2326,-0.0420,2803.3100,,True,4.0500,0.1500,False,-13.1372,15.1630,17.2828,23.2620,-13.1372,put,entry (~45 DTE),27.7925,0.6165,0.8000,VIX 15-25,12-14 %
117,entry,2019-06-04,2019-06-04,2019-06-28,2019-07-19,dte_exit,short_put,P,2470.0000,2803.2700,45,16.9700,17.5900,0.0234,9.9551,3.2146,2019-07-19,0.0000,270,2465.0000,2475.0000,False,2470.0000,9.9551,5.0000,5.1900,8.4100,1149 x 1106,0.0000,0.2240,-0.0524,2803.3100,,True,5.0950,0.0950,False,-11.8886,15.1630,17.2828,22.4040,-11.8886,put,entry (~45 DTE),26.7937,0.6091,0.8000,VIX 15-25,10-12 %
117,entry,2019-06-04,2019-06-04,2019-06-28,2019-07-19,dte_exit,short_call,C,3055.0000,2803.2700,45,16.9700,17.5900,0.0234,3.0228,3.2146,2019-07-19,0.0000,270,3050.0000,3060.0000,False,3055.0000,3.0228,0.8000,0.9500,0.0000,2203 x 1877,,0.1189,0.0204,2803.3100,,True,0.8750,0.0750,False,8.9799,15.1630,17.2828,11.8920,8.9799,call,entry (~45 DTE),14.5888,-0.3643,-0.3000,VIX 15-25,08-10 %
117,entry,2019-06-04,2019-06-04,2019-06-28,2019-07-19,dte_exit,long_call,C,3090.0000,2803.2700,45,16.9700,17.5900,0.0234,1.4956,3.2146,2019-07-19,0.0000,270,3085.0000,3095.0000,False,3090.0000,1.4956,0.4400,0.5900,0.0000,2753 x 1525,,0.1231,0.0129,2803.3100,,True,0.5150,0.0750,False,10.2284,15.1630,17.2828,12.3060,10.2284,call,entry (~45 DTE),14.2143,-0.2793,-0.3000,VIX 15-25,10-12 %
117,exit,2019-06-28,2019-06-04,2019-06-28,2019-07-19,dte_exit,long_put,P,2435.0000,2941.7600,21,15.0800,16.0600,0.0211,0.1372,3.3820,2019-07-19,0.0000,287,2430.0000,2440.0000,False,2435.0000,0.1372,0.5500,0.7000,0.0000,1760 x 820,,0.3216,-0.0081,2940.9200,,True,0.6250,0.0750,False,-17.2264,12.7485,14.4149,32.1610,-17.2264,put,exit (~21 DTE),28.1960,1.1269,0.8000,VIX 15-25,16-18 %
117,exit,2019-06-28,2019-06-04,2019-06-28,2019-07-19,dte_exit,short_put,P,2470.0000,2941.7600,21,15.0800,16.0600,0.0211,0.1989,3.3820,2019-07-19,0.0000,287,2465.0000,2475.0000,False,2470.0000,0.1989,0.6500,0.8000,0.7300,2189 x 740,586.0000,0.3054,-0.0093,2940.9200,,True,0.7250,0.0750,False,-16.0367,12.7485,14.4149,30.5450,-16.0367,put,exit (~21 DTE),27.2442,1.1097,0.8000,VIX 15-25,16-18 %
117,exit,2019-06-28,2019-06-04,2019-06-28,2019-07-19,dte_exit,short_call,C,3055.0000,2941.7600,21,15.0800,16.0600,0.0211,5.6066,3.3820,2019-07-19,0.0000,287,3050.0000,3060.0000,False,3055.0000,5.6066,2.5600,2.7500,2.0500,484 x 612,356.0000,0.1100,0.0752,2940.9200,,True,2.6550,0.0950,False,3.8494,12.7485,14.4149,11.0020,3.8494,call,exit (~21 DTE),13.2600,-0.4537,-0.3000,VIX 15-25,02-4 %
117,exit,2019-06-28,2019-06-04,2019-06-28,2019-07-19,dte_exit,long_call,C,3090.0000,2941.7600,21,15.0800,16.0600,0.0211,2.2863,3.3820,2019-07-19,0.0000,287,3085.0000,3095.0000,False,3090.0000,2.2863,1.0000,1.1500,0.9500,1166 x 568,291.0000,0.1123,0.0344,2940.9200,,True,1.0750,0.0750,False,5.0392,12.7485,14.4149,11.2330,5.0392,call,exit (~21 DTE),12.9031,-0.3007,-0.3000,VIX 15-25,04-6 %
118,entry,2019-07-02,2019-07-02,2019-07-22,2019-08-16,profit_target,long_put,P,2665.0000,2973.0100,45,12.9300,14.7200,0.0219,7.6960,4.0175,2019-08-16,0.0000,272,2660.0000,2670.0000,False,2665.0000,7.6960,4.8000,5.1000,5.6800,2800 x 2876,4.0000,0.1951,-0.0551,2973.2100,,True,4.9500,0.1500,False,-10.3602,10.8722,13.8539,19.5060,-10.3602,put,entry (~45 DTE),22.1421,0.8334,0.8000,VIX < 15,10-12 %
118,entry,2019-07-02,2019-07-02,2019-07-22,2019-08-16,profit_target,short_put,P,2705.0000,2973.0100,45,12.9300,14.7200,0.0219,9.7555,4.0175,2019-08-16,0.0000,272,2700.0000,2710.0000,False,2705.0000,9.7555,6.2100,6.5000,7.0000,2969 x 1878,4.0000,0.1840,-0.0714,2973.2100,,True,6.3550,0.1450,False,-9.0148,10.8722,13.8539,18.4020,-9.0148,put,entry (~45 DTE),21.0658,0.8353,0.8000,VIX < 15,08-10 %
118,entry,2019-07-02,2019-07-02,2019-07-22,2019-08-16,profit_target,short_call,C,3175.0000,2973.0100,45,12.9300,14.7200,0.0219,3.2154,4.0175,2019-08-16,0.0000,272,3170.0000,3180.0000,False,3175.0000,3.2154,0.7100,0.8500,0.7000,1265 x 2754,13.0000,0.0919,0.0219,2973.2100,,True,0.7800,0.0700,False,6.7941,10.8722,13.8539,9.1850,6.7941,call,entry (~45 DTE),11.8157,-0.2483,-0.3000,VIX < 15,06-8 %
118,entry,2019-07-02,2019-07-02,2019-07-22,2019-08-16,profit_target,long_call,C,3215.0000,2973.0100,45,12.9300,14.7200,0.0219,1.2574,4.0175,2019-08-16,0.0000,272,3210.0000,3220.0000,True,3210.0000,1.4269,0.4100,0.5500,0.5000,1455 x 2229,3.0000,0.0975,0.0130,2973.2100,,True,0.4800,0.0700,False,8.1396,10.8722,13.8539,9.7550,7.9714,call,entry (~45 DTE),11.4625,-0.1402,-0.3000,VIX < 15,06-8 %
118,exit,2019-07-22,2019-07-02,2019-07-22,2019-08-16,profit_target,long_put,P,2665.0000,2985.0300,25,13.5300,15.4700,0.0207,1.2546,1.0565,2019-08-16,0.0000,292,2660.0000,2670.0000,False,2665.0000,1.2546,1.9000,2.0500,2.1500,300 x 422,3.0000,0.2253,-0.0284,2985.0300,,True,1.9750,0.0750,False,-10.7212,10.4755,12.8912,22.5260,-10.7212,put,exit (~21 DTE),21.4681,1.1240,0.8000,VIX < 15,10-12 %
118,exit,2019-07-22,2019-07-02,2019-07-22,2019-08-16,profit_target,short_put,P,2705.0000,2985.0300,25,13.5300,15.4700,0.0207,1.8909,1.0565,2019-08-16,0.0000,292,2700.0000,2710.0000,False,2705.0000,1.8909,2.4500,2.6100,2.6500,3282 x 2027,2.0000,0.2088,-0.0372,2985.0300,,True,2.5300,0.0800,False,-9.3811,10.4755,12.8912,20.8840,-9.3811,put,exit (~21 DTE),20.3961,1.1095,0.8000,VIX < 15,08-10 %
118,exit,2019-07-22,2019-07-02,2019-07-22,2019-08-16,profit_target,short_call,C,3175.0000,2985.0300,25,13.5300,15.4700,0.0207,0.5215,1.0565,2019-08-16,0.0000,292,3170.0000,3180.0000,False,3175.0000,0.5215,0.1000,0.2000,0.2000,4574 x 237,34.0000,0.0933,0.0059,2985.0300,,True,0.1500,0.0500,False,6.3641,10.4755,12.8912,9.3330,6.3641,call,exit (~21 DTE),10.9820,-0.1795,-0.3000,VIX < 15,06-8 %
118,exit,2019-07-22,2019-07-02,2019-07-22,2019-08-16,profit_target,long_call,C,3215.0000,2985.0300,25,13.5300,15.4700,0.0207,0.1014,1.0565,2019-08-16,0.0000,292,3210.0000,3220.0000,False,3215.0000,0.1014,0.0600,0.1500,0.2000,2469 x 2249,0.0000,0.1046,0.0041,2985.0300,,True,0.1050,0.0450,False,7.7041,10.4755,12.8912,10.4620,7.7041,call,exit (~21 DTE),10.5800,-0.0018,-0.3000,VIX < 15,06-8 %
119,entry,2019-08-07,2019-08-07,2019-08-21,2019-09-20,profit_target,long_put,P,2460.0000,2883.9800,44,19.4900,19.5000,0.0201,9.0194,3.2008,2019-09-20,0.0000,296,2455.0000,2465.0000,False,2460.0000,9.0194,5.4900,5.9000,8.0500,2667 x 3576,11.0000,0.2727,-0.0480,2884.0400,,True,5.6950,0.2050,False,-14.7012,17.0828,19.4948,27.2710,-14.7012,put,entry (~45 DTE),31.2557,0.6930,0.8000,VIX 15-25,14-16 %
119,entry,2019-08-07,2019-08-07,2019-08-21,2019-09-20,profit_target,short_put,P,2495.0000,2883.9800,44,19.4900,19.5000,0.0201,10.6851,3.2008,2019-09-20,0.0000,296,2490.0000,2500.0000,False,2495.0000,10.6851,6.8900,7.3000,0.0000,1742 x 3054,,0.2652,-0.0593,2884.0400,,True,7.0950,0.2050,False,-13.4876,17.0828,19.4948,26.5210,-13.4876,put,entry (~45 DTE),30.2849,0.6998,0.8000,VIX 15-25,12-14 %
119,entry,2019-08-07,2019-08-07,2019-08-21,2019-09-20,profit_target,short_call,C,3175.0000,2883.9800,44,19.4900,19.5000,0.0201,3.3894,3.2008,2019-09-20,0.0000,296,3170.0000,3180.0000,False,3175.0000,3.3894,0.3000,0.5000,0.3500,1384 x 666,2.0000,0.1208,0.0099,2884.0400,,True,0.4000,0.1000,False,10.0909,17.0828,19.4948,12.0800,10.0909,call,entry (~45 DTE),16.4675,-0.4958,-0.3000,VIX 15-25,10-12 %
119,entry,2019-08-07,2019-08-07,2019-08-21,2019-09-20,profit_target,long_call,C,3210.0000,2883.9800,44,19.4900,19.5000,0.0201,1.8542,3.2008,2019-09-20,0.0000,296,3205.0000,3215.0000,False,3210.0000,1.8542,0.1500,0.3500,0.0000,2354 x 1551,,0.1254,0.0067,2884.0400,,True,0.2500,0.1000,False,11.3045,17.0828,19.4948,12.5410,11.3045,call,entry (~45 DTE),16.1034,-0.4018,-0.3000,VIX 15-25,10-12 %
119,exit,2019-08-21,2019-08-07,2019-08-21,2019-09-20,profit_target,long_put,P,2460.0000,2924.4299,30,15.8000,17.7200,0.0196,1.3354,0.8175,2019-09-20,0.0000,296,2455.0000,2465.0000,False,2460.0000,1.3354,1.0000,1.1600,1.0300,3128 x 2328,6.0000,0.2711,-0.0130,2924.4600,,True,1.0800,0.0800,False,-15.8810,14.0550,15.8000,27.1080,-15.8810,put,exit (~21 DTE),28.5048,0.8219,0.8000,VIX 15-25,14-16 %
119,exit,2019-08-21,2019-08-07,2019-08-21,2019-09-20,profit_target,short_put,P,2495.0000,2924.4299,30,15.8000,17.7200,0.0196,1.7331,0.8175,2019-09-20,0.0000,296,2490.0000,2500.0000,False,2495.0000,1.7331,1.2500,1.4000,1.3000,1636 x 2380,116.0000,0.2594,-0.0166,2924.4600,,True,1.3250,0.0750,False,-14.6842,14.0550,15.8000,25.9370,-14.6842,put,exit (~21 DTE),27.5474,0.8092,0.8000,VIX 15-25,14-16 %
119,exit,2019-08-21,2019-08-07,2019-08-21,2019-09-20,profit_target,short_call,C,3175.0000,2924.4299,30,15.8000,17.7200,0.0196,0.6360,0.8175,2019-09-20,0.0000,296,3170.0000,3180.0000,False,3175.0000,0.6360,0.1500,0.3000,0.1800,3003 x 3216,12.0000,0.1145,0.0068,2924.4600,,True,0.2250,0.0750,False,8.5682,14.0550,15.8000,11.4510,8.5682,call,exit (~21 DTE),13.2295,-0.3039,-0.3000,VIX 15-25,08-10 %
119,exit,2019-08-21,2019-08-07,2019-08-21,2019-09-20,profit_target,long_call,C,3210.0000,2924.4299,30,15.8000,17.7200,0.0196,0.2161,0.8175,2019-09-20,0.0000,296,3205.0000,3215.0000,False,3210.0000,0.2161,0.0500,0.1900,0.1100,3384 x 3272,16.0000,0.1194,0.0042,2924.4600,,True,0.1200,0.0700,False,9.7650,14.0550,15.8000,11.9400,9.7650,call,exit (~21 DTE),12.8705,-0.2166,-0.3000,VIX 15-25,08-10 %
120,entry,2019-08-21,2019-08-21,2019-08-30,2019-09-20,dte_exit,long_put,P,2530.0000,2924.4299,30,15.8000,17.7200,0.0196,2.2550,1.1022,2019-09-20,0.0000,296,2525.0000,2535.0000,False,2530.0000,2.2550,1.5500,1.7100,2.7500,2026 x 1314,0.0000,0.2473,-0.0201,2924.4600,,True,1.6300,0.0800,False,-13.4874,14.0550,15.8000,24.7260,-13.4874,put,entry (~45 DTE),26.5899,0.7912,0.8000,VIX 15-25,12-14 %
120,entry,2019-08-21,2019-08-21,2019-08-30,2019-09-20,dte_exit,short_put,P,2570.0000,2924.4299,30,15.8000,17.7200,0.0196,3.0573,1.1022,2019-09-20,0.0000,296,2565.0000,2575.0000,False,2570.0000,3.0573,2.1100,2.2500,2.2500,1740 x 1980,1.0000,0.2355,-0.0280,2924.4600,,True,2.1800,0.0700,False,-12.1196,14.0550,15.8000,23.5510,-12.1196,put,entry (~45 DTE),25.4957,0.7835,0.8000,VIX 15-25,12-14 %
120,entry,2019-08-21,2019-08-21,2019-08-30,2019-09-20,dte_exit,short_call,C,3190.0000,2924.4299,30,15.8000,17.7200,0.0196,0.4082,1.1022,2019-09-20,0.0000,296,3185.0000,3195.0000,False,3190.0000,0.4082,0.1000,0.2500,0.2000,3074 x 3378,4.0000,0.1170,0.0055,2924.4600,,True,0.1750,0.0750,False,9.0811,14.0550,15.8000,11.6970,9.0811,call,entry (~45 DTE),13.0757,-0.2597,-0.3000,VIX 15-25,08-10 %
120,exit,2019-08-30,2019-08-21,2019-08-30,2019-09-20,dte_exit,long_put,P,2530.0000,2926.4600,21,18.9800,19.5400,0.0198,1.3675,0.9651,2019-09-20,0.0000,296,2525.0000,2535.0000,False,2530.0000,1.3675,1.5500,1.7500,1.5500,3022 x 1709,3.0000,0.2911,-0.0206,2924.1400,,True,1.6500,0.1000,False,-13.5474,15.5017,18.6111,29.1060,-13.5474,put,exit (~21 DTE),29.4490,1.0042,0.8000,VIX 15-25,12-14 %
120,exit,2019-08-30,2019-08-21,2019-08-30,2019-09-20,dte_exit,short_put,P,2570.0000,2926.4600,21,18.9800,19.5400,0.0198,1.9864,0.9651,2019-09-20,0.0000,296,2565.0000,2575.0000,False,2570.0000,1.9864,2.2100,2.3500,2.2400,559 x 261,364.0000,0.2787,-0.0288,2924.1400,,True,2.2800,0.0700,False,-12.1806,15.5017,18.6111,27.8690,-12.1806,put,exit (~21 DTE),28.3556,1.0153,0.8000,VIX 15-25,12-14 %
121,entry,2019-09-03,2019-09-03,2019-09-17,2019-10-18,profit_target,long_put,P,2390.0000,2906.2700,45,19.6600,20.1200,0.0197,6.6763,2.1448,2019-10-18,0.0000,267,2385.0000,2395.0000,False,2390.0000,6.6763,3.7100,3.8900,0.0000,2479 x 1997,,0.2995,-0.0310,2906.4100,,True,3.8000,0.0900,False,-17.7640,17.0113,19.8913,29.9550,-17.7640,put,entry (~45 DTE),34.1025,0.7287,0.8000,VIX 15-25,16-18 %
121,entry,2019-09-03,2019-09-03,2019-09-17,2019-10-18,profit_target,short_put,P,2430.0000,2906.2700,45,19.6600,20.1200,0.0197,8.0252,2.1448,2019-10-18,0.0000,267,2425.0000,2435.0000,False,2430.0000,8.0252,4.6900,4.8900,0.0000,2359 x 210,,0.2901,-0.0381,2906.4100,,True,4.7900,0.1000,False,-16.3877,17.0113,19.8913,29.0060,-16.3877,put,entry (~45 DTE),33.0015,0.7319,0.8000,VIX 15-25,16-18 %
121,entry,2019-09-03,2019-09-03,2019-09-17,2019-10-18,profit_target,short_call,C,3260.0000,2906.2700,45,19.6600,20.1200,0.0197,1.4706,2.1448,2019-10-18,0.0000,267,3250.0000,3270.0000,False,3260.0000,1.4706,0.0500,0.2000,0.0000,4176 x 1624,,0.1208,0.0033,2906.4100,,True,0.1250,0.0750,False,12.1713,17.0113,19.8913,12.0800,12.1713,call,entry (~45 DTE),16.2399,-0.4052,-0.3000,VIX 15-25,12-14 %
121,exit,2019-09-17,2019-09-03,2019-09-17,2019-10-18,profit_target,long_put,P,2390.0000,3005.7000,31,14.4400,17.2300,0.0198,0.4221,0.4386,2019-10-18,0.0000,267,2385.0000,2395.0000,False,2390.0000,0.4221,0.3900,0.5600,0.0000,5343 x 3080,,0.3069,-0.0050,3005.4900,,True,0.4750,0.0850,False,-20.4844,11.7963,14.5873,30.6850,-20.4844,put,exit (~21 DTE),30.9748,0.9221,0.8000,VIX < 15,20 %+
121,exit,2019-09-17,2019-09-03,2019-09-17,2019-10-18,profit_target,short_put,P,2430.0000,3005.7000,31,14.4400,17.2300,0.0198,0.5597,0.4386,2019-10-18,0.0000,267,2425.0000,2435.0000,False,2430.0000,0.5597,0.5500,0.6500,0.7900,298 x 1384,331.0000,0.2951,-0.0072,3005.4900,,True,0.6000,0.0500,False,-19.1536,11.7963,14.5873,29.5090,-19.1536,put,exit (~21 DTE),29.9102,0.9248,0.8000,VIX < 15,18-20 %
121,exit,2019-09-17,2019-09-03,2019-09-17,2019-10-18,profit_target,short_call,C,3260.0000,3005.7000,31,14.4400,17.2300,0.0198,0.4004,0.4386,2019-10-18,0.0000,267,3250.0000,3270.0000,False,3260.0000,0.4004,0.1900,0.3000,0.0000,400 x 3777,,0.1135,0.0080,3005.4900,,True,0.2450,0.0550,False,8.4606,11.7963,14.5873,11.3540,8.4606,call,exit (~21 DTE),12.0491,-0.0523,-0.3000,VIX < 15,08-10 %
121,exit,2019-09-17,2019-09-03,2019-09-17,2019-10-18,profit_target,long_call,C,3300.0000,3005.7000,31,14.4400,17.2300,0.0198,0.0995,0.4386,2019-10-18,0.0000,267,3290.0000,3310.0000,False,3300.0000,0.0995,0.1000,0.1500,0.1500,400 x 20,1.0000,0.1191,0.0040,3005.4900,,True,0.1250,0.0250,False,9.7914,11.7963,14.5873,11.9140,9.7914,call,exit (~21 DTE),11.6499,0.0120,-0.3000,VIX < 15,08-10 %
122,entry,2019-09-17,2019-09-17,2019-09-27,2019-10-18,dte_exit,long_put,P,2700.0000,3005.7000,31,14.4400,17.2300,0.0198,4.1170,2.7820,2019-10-18,0.0000,267,2695.0000,2705.0000,False,2700.0000,4.1170,3.5100,3.6900,3.7000,2571 x 710,,0.2150,-0.0450,3005.4900,,True,3.6000,0.0900,False,-10.1707,11.7963,14.5873,21.5020,-10.1707,put,entry (~45 DTE),22.7238,0.9543,0.8000,VIX < 15,10-12 %
122,entry,2019-09-17,2019-09-17,2019-09-27,2019-10-18,dte_exit,short_put,P,2740.0000,3005.7000,31,14.4400,17.2300,0.0198,5.6370,2.7820,2019-10-18,0.0000,267,2735.0000,2745.0000,False,2740.0000,5.6370,4.8100,5.0100,5.4000,1428 x 2155,5.0000,0.2039,-0.0612,3005.4900,,True,4.9100,0.1000,False,-8.8399,11.7963,14.5873,20.3850,-8.8399,put,entry (~45 DTE),21.6592,0.9716,0.8000,VIX < 15,08-10 %
122,entry,2019-09-17,2019-09-17,2019-09-27,2019-10-18,dte_exit,short_call,C,3205.0000,3005.7000,31,14.4400,17.2300,0.0198,1.8977,2.7820,2019-10-18,0.0000,267,3200.0000,3210.0000,False,3205.0000,1.8977,0.5900,0.7000,0.6500,1 x 1675,1.0000,0.1054,0.0189,3005.4900,,True,0.6450,0.0550,False,6.6307,11.7963,14.5873,10.5410,6.6307,call,entry (~45 DTE),12.5981,-0.1893,-0.3000,VIX < 15,06-8 %
122,entry,2019-09-17,2019-09-17,2019-09-27,2019-10-18,dte_exit,long_call,C,3245.0000,3005.7000,31,14.4400,17.2300,0.0198,0.6358,2.7820,2019-10-18,0.0000,267,3240.0000,3250.0000,False,3245.0000,0.6358,0.2500,0.3500,0.0000,2521 x 2314,,0.1102,0.0087,3005.4900,,True,0.3000,0.0500,False,7.9615,11.7963,14.5873,11.0230,7.9615,call,entry (~45 DTE),12.1988,-0.0971,-0.3000,VIX < 15,06-8 %
122,exit,2019-09-27,2019-09-17,2019-09-27,2019-10-18,dte_exit,long_put,P,2700.0000,2961.7900,21,17.2200,18.7500,0.0179,3.1426,1.8364,2019-10-18,0.0000,267,2695.0000,2705.0000,False,2700.0000,3.1426,3.6000,3.9000,3.9000,2127 x 2025,,0.2346,-0.0517,2962.0500,,True,3.7500,0.1500,False,-8.8389,14.4385,16.1601,23.4650,-8.8389,put,exit (~21 DTE),23.2312,1.0212,0.8000,VIX 15-25,08-10 %
122,exit,2019-09-27,2019-09-17,2019-09-27,2019-10-18,dte_exit,short_put,P,2740.0000,2961.7900,21,17.2200,18.7500,0.0179,4.7629,1.8364,2019-10-18,0.0000,267,2735.0000,2745.0000,False,2740.0000,4.7629,5.2900,5.5900,7.0500,757 x 2235,11.0000,0.2226,-0.0739,2962.0500,,True,5.4400,0.1500,False,-7.4884,14.4385,16.1601,22.2640,-7.4884,put,exit (~21 DTE),22.1508,1.0450,0.8000,VIX 15-25,06-8 %
123,entry,2019-10-01,2019-10-01,2019-10-14,2019-11-15,profit_target,long_put,P,2515.0000,2940.2500,45,18.5600,19.3500,0.0181,9.3054,3.6642,2019-11-15,0.0000,267,2510.0000,2520.0000,False,2515.0000,9.3054,5.1000,5.3000,0.0000,507 x 2964,,0.2614,-0.0451,2940.1400,,True,5.2000,0.1000,False,-14.4631,15.9660,18.9591,26.1360,-14.4631,put,entry (~45 DTE),30.5296,0.7032,0.8000,VIX 15-25,14-16 %
123,entry,2019-10-01,2019-10-01,2019-10-14,2019-11-15,profit_target,short_put,P,2555.0000,2940.2500,45,18.5600,19.3500,0.0181,11.2503,3.6642,2019-11-15,0.0000,267,2550.0000,2560.0000,False,2555.0000,11.2503,6.5100,6.8000,6.8200,960 x 2477,6.0000,0.2517,-0.0567,2940.1400,,True,6.6550,0.1450,False,-13.1026,15.9660,18.9591,25.1750,-13.1026,put,entry (~45 DTE),29.4412,0.7028,0.8000,VIX 15-25,12-14 %
123,entry,2019-10-01,2019-10-01,2019-10-14,2019-11-15,profit_target,short_call,C,3230.0000,2940.2500,45,18.5600,19.3500,0.0181,3.4314,3.6642,2019-11-15,0.0000,267,3225.0000,3235.0000,False,3230.0000,3.4314,0.3500,0.4500,2.2000,300 x 846,10.0000,0.1162,0.0099,2940.1400,,True,0.4000,0.0500,False,9.8546,15.9660,18.9591,11.6190,9.8546,call,entry (~45 DTE),16.0027,-0.4411,-0.3000,VIX 15-25,08-10 %
123,entry,2019-10-01,2019-10-01,2019-10-14,2019-11-15,profit_target,long_call,C,3270.0000,2940.2500,45,18.5600,19.3500,0.0181,1.7121,3.6642,2019-11-15,0.0000,267,3260.0000,3275.0000,False,3270.0000,1.7121,0.1400,0.2600,0.0000,1750 x 661,,0.1191,0.0048,2940.1400,,True,0.2000,0.0600,False,11.2150,15.9660,18.9591,11.9050,11.2150,call,entry (~45 DTE),15.5946,-0.3621,-0.3000,VIX 15-25,10-12 %
123,exit,2019-10-14,2019-10-01,2019-10-14,2019-11-15,profit_target,long_put,P,2515.0000,2966.1499,32,14.5700,17.1200,0.0168,1.5470,0.7724,2019-11-15,0.0000,267,2510.0000,2520.0000,False,2515.0000,1.5470,0.9600,1.1000,1.0000,1957 x 1787,3.0000,0.2483,-0.0134,2966.1300,,True,1.0300,0.0700,False,-15.2099,12.9610,14.8277,24.8280,-15.2099,put,exit (~21 DTE),26.9957,0.7802,0.8000,VIX < 15,14-16 %
123,exit,2019-10-14,2019-10-01,2019-10-14,2019-11-15,profit_target,short_put,P,2555.0000,2966.1499,32,14.5700,17.1200,0.0168,2.0639,0.7724,2019-11-15,0.0000,267,2550.0000,2560.0000,False,2555.0000,2.0639,1.2500,1.4000,2.3500,1263 x 1989,0.0000,0.2364,-0.0168,2966.1300,,True,1.3250,0.0750,False,-13.8614,12.9610,14.8277,23.6360,-13.8614,put,exit (~21 DTE),25.9168,0.7701,0.8000,VIX < 15,12-14 %
123,exit,2019-10-14,2019-10-01,2019-10-14,2019-11-15,profit_target,short_call,C,3230.0000,2966.1499,32,14.5700,17.1200,0.0168,0.3385,0.7724,2019-11-15,0.0000,267,3225.0000,3235.0000,False,3230.0000,0.3385,0.1100,0.2000,0.1500,135 x 2246,6.0000,0.1105,0.0049,2966.1300,,True,0.1550,0.0450,False,8.8954,12.9610,14.8277,11.0530,8.8954,call,exit (~21 DTE),12.1591,-0.2145,-0.3000,VIX < 15,08-10 %
124,entry,2019-10-14,2019-10-14,2019-10-25,2019-11-15,profit_target,long_put,P,2640.0000,2966.1499,32,14.5700,17.1200,0.0168,3.8661,2.3432,2019-11-15,0.0000,267,2635.0000,2645.0000,False,2640.0000,3.8661,2.4900,2.6500,2.5400,663 x 966,7.0000,0.2128,-0.0332,2966.1300,,True,2.5700,0.0800,False,-10.9957,12.9610,14.8277,21.2770,-10.9957,put,entry (~45 DTE),23.6243,0.7563,0.8000,VIX < 15,10-12 %
124,entry,2019-10-14,2019-10-14,2019-10-25,2019-11-15,profit_target,short_put,P,2680.0000,2966.1499,32,14.5700,17.1200,0.0168,5.2356,2.3432,2019-11-15,0.0000,267,2675.0000,2685.0000,False,2680.0000,5.2356,3.5100,3.7000,3.7000,1996 x 536,636.0000,0.2025,-0.0474,2966.1300,,True,3.6050,0.0950,False,-9.6472,12.9610,14.8277,20.2520,-9.6472,put,entry (~45 DTE),22.5454,0.7558,0.8000,VIX < 15,08-10 %
124,entry,2019-10-14,2019-10-14,2019-10-25,2019-11-15,profit_target,short_call,C,3180.0000,2966.1499,32,14.5700,17.1200,0.0168,1.4374,2.3432,2019-11-15,0.0000,267,3175.0000,3185.0000,False,3180.0000,1.4374,0.2500,0.4600,0.3700,125 x 125,53.0000,0.1025,0.0114,2966.1300,,True,0.3550,0.1050,False,7.2097,12.9610,14.8277,10.2500,7.2097,call,entry (~45 DTE),12.6648,-0.3760,-0.3000,VIX < 15,06-8 %
124,entry,2019-10-14,2019-10-14,2019-10-25,2019-11-15,profit_target,long_call,C,3220.0000,2966.1499,32,14.5700,17.1200,0.0168,0.4638,2.3432,2019-11-15,0.0000,267,3215.0000,3225.0000,False,3220.0000,0.4638,0.1000,0.2500,0.2800,760 x 4439,0.0000,0.1095,0.0059,2966.1300,,True,0.1750,0.0750,False,8.5582,12.9610,14.8277,10.9530,8.5582,call,entry (~45 DTE),12.2602,-0.2346,-0.3000,VIX < 15,08-10 %
124,exit,2019-10-25,2019-10-14,2019-10-25,2019-11-15,profit_target,long_put,P,2640.0000,3022.5500,21,12.6500,15.7100,0.0166,0.1134,0.2181,2019-11-15,0.0000,267,2635.0000,2645.0000,False,2640.0000,0.1134,0.4500,0.5500,1.0000,3227 x 1871,0.0000,0.2312,-0.0087,3022.1900,,True,0.5000,0.0500,False,-12.6565,9.2845,10.2095,23.1220,-12.6565,put,exit (~21 DTE),20.3347,1.0933,0.8000,VIX < 15,12-14 %
124,exit,2019-10-25,2019-10-14,2019-10-25,2019-11-15,profit_target,short_put,P,2680.0000,3022.5500,21,12.6500,15.7100,0.0166,0.1903,0.2181,2019-11-15,0.0000,267,2675.0000,2685.0000,False,2680.0000,0.1903,0.6000,0.7500,0.7500,2299 x 3109,20.0000,0.2163,-0.0122,3022.1900,,True,0.6750,0.0750,False,-11.3331,9.2845,10.2095,21.6270,-11.3331,put,exit (~21 DTE),19.2760,1.0891,0.8000,VIX < 15,10-12 %
124,exit,2019-10-25,2019-10-14,2019-10-25,2019-11-15,profit_target,short_call,C,3180.0000,3022.5500,21,12.6500,15.7100,0.0166,0.1529,0.2181,2019-11-15,0.0000,267,3175.0000,3185.0000,False,3180.0000,0.1529,0.2500,0.3600,0.2200,1943 x 3141,0.0000,0.0947,0.0122,3022.1900,,True,0.3050,0.0550,False,5.2092,9.2845,10.2095,9.4680,5.2092,call,exit (~21 DTE),8.6468,0.0352,-0.3000,VIX < 15,04-6 %
124,exit,2019-10-25,2019-10-14,2019-10-25,2019-11-15,profit_target,long_call,C,3220.0000,3022.5500,21,12.6500,15.7100,0.0166,0.0117,0.2181,2019-11-15,0.0000,267,3215.0000,3225.0000,False,3220.0000,0.0117,0.1000,0.1500,0.1000,347 x 5,0.0000,0.1031,0.0048,3022.1900,,True,0.1250,0.0250,False,6.5326,9.2845,10.2095,10.3110,6.5326,call,exit (~21 DTE),8.2498,0.1571,-0.3000,VIX < 15,06-8 %
125,entry,2019-11-05,2019-11-05,2019-11-22,2019-12-20,profit_target,long_put,P,2715.0000,3074.6201,45,13.1000,15.9100,0.0155,7.4064,3.1357,2019-12-20,0.0000,302,2710.0000,2720.0000,False,2715.0000,7.4064,4.8000,5.0000,4.7000,1425 x 2676,0.0000,0.2122,-0.0494,3074.8100,,True,4.9000,0.1000,False,-11.6964,11.2118,14.5729,21.2240,-11.6964,put,entry (~45 DTE),23.9300,0.8560,0.8000,VIX < 15,10-12 %
125,entry,2019-11-05,2019-11-05,2019-11-22,2019-12-20,profit_target,short_put,P,2755.0000,3074.6201,45,13.1000,15.9100,0.0155,9.2057,3.1357,2019-12-20,0.0000,302,2750.0000,2760.0000,False,2755.0000,9.2057,6.1000,6.3000,5.9000,167 x 1915,0.0000,0.2020,-0.0634,3074.8100,,True,6.2000,0.1000,False,-10.3954,11.2118,14.5729,20.1980,-10.3954,put,entry (~45 DTE),22.8892,0.8644,0.8000,VIX < 15,10-12 %
125,entry,2019-11-05,2019-11-05,2019-11-22,2019-12-20,profit_target,short_call,C,3315.0000,3074.6201,45,13.1000,15.9100,0.0155,2.2027,3.1357,2019-12-20,0.0000,302,3310.0000,3320.0000,True,3310.0000,2.4503,0.9500,1.1100,1.1000,360 x 474,0.0000,0.1079,0.0237,3074.8100,,True,1.0300,0.0800,False,7.8182,11.2118,14.5729,10.7860,7.6556,call,entry (~45 DTE),12.2762,-0.0556,-0.3000,VIX < 15,06-8 %
125,entry,2019-11-05,2019-11-05,2019-11-22,2019-12-20,profit_target,long_call,C,3355.0000,3074.6201,45,13.1000,15.9100,0.0155,0.8662,3.1357,2019-12-20,0.0000,302,3350.0000,3360.0000,True,3350.0000,0.9815,0.5500,0.7000,0.7500,3700 x 3981,0.0000,0.1133,0.0141,3074.8100,,True,0.6250,0.0750,False,9.1192,11.2118,14.5729,11.3320,8.9565,call,entry (~45 DTE),11.8859,0.0134,-0.3000,VIX < 15,08-10 %
125,exit,2019-11-22,2019-11-05,2019-11-22,2019-12-20,profit_target,long_put,P,2715.0000,3110.2900,28,12.3400,15.4000,0.0157,0.8252,0.6224,2019-12-20,0.0000,311,2710.0000,2720.0000,False,2715.0000,0.8252,1.1500,1.3000,1.7500,3089 x 2853,192.0000,0.2293,-0.0170,3110.3000,,True,1.2250,0.0750,False,-12.7091,9.9040,11.9658,22.9290,-12.7091,put,exit (~21 DTE),22.1331,1.0249,0.8000,VIX < 15,12-14 %
125,exit,2019-11-22,2019-11-05,2019-11-22,2019-12-20,profit_target,short_put,P,2755.0000,3110.2900,28,12.3400,15.4000,0.0157,1.1801,0.6224,2019-12-20,0.0000,311,2750.0000,2760.0000,False,2755.0000,1.1801,1.6000,1.6900,1.5800,190 x 1497,2.0000,0.2169,-0.0224,3110.3000,,True,1.6450,0.0450,False,-11.4231,9.9040,11.9658,21.6910,-11.4231,put,exit (~21 DTE),21.1043,1.0319,0.8000,VIX < 15,10-12 %
125,exit,2019-11-22,2019-11-05,2019-11-22,2019-12-20,profit_target,short_call,C,3315.0000,3110.2900,28,12.3400,15.4000,0.0157,0.3237,0.6224,2019-12-20,0.0000,311,3310.0000,3320.0000,False,3315.0000,0.3237,0.2500,0.3600,0.0000,105 x 1791,,0.0981,0.0107,3110.3000,,True,0.3050,0.0550,False,6.5817,9.9040,11.9658,9.8090,6.5817,call,exit (~21 DTE),9.9913,-0.0144,-0.3000,VIX < 15,06-8 %
125,exit,2019-11-22,2019-11-05,2019-11-22,2019-12-20,profit_target,long_call,C,3355.0000,3110.2900,28,12.3400,15.4000,0.0157,0.0562,0.6224,2019-12-20,0.0000,311,3350.0000,3360.0000,True,3350.0000,0.0714,0.1500,0.2000,0.1700,107 x 20,6.0000,0.1051,0.0058,3110.3000,,True,0.1750,0.0250,False,7.8678,9.9040,11.9658,10.5050,7.7070,call,exit (~21 DTE),9.6537,0.0780,-0.3000,VIX < 15,06-8 %
126,entry,2019-12-03,2019-12-03,2019-12-27,2020-01-17,dte_exit,long_put,P,2705.0000,3093.2000,45,15.9600,17.6300,0.0156,9.4806,3.9314,2020-01-17,0.0000,295,2700.0000,2710.0000,False,2705.0000,9.4806,5.7100,6.0100,6.0900,1969 x 1986,2.0000,0.2355,-0.0524,3093.3300,,True,5.8600,0.1500,False,-12.5501,14.1755,16.8157,23.5500,-12.5501,put,entry (~45 DTE),26.8558,0.7470,0.8000,VIX 15-25,12-14 %
126,entry,2019-12-03,2019-12-03,2019-12-27,2020-01-17,dte_exit,short_put,P,2745.0000,3093.2000,45,15.9600,17.6300,0.0156,11.5425,3.9314,2020-01-17,0.0000,295,2740.0000,2750.0000,False,2745.0000,11.5425,7.4000,7.7000,8.2700,918 x 1562,8.0000,0.2270,-0.0664,3093.3300,,True,7.5500,0.1500,False,-11.2569,14.1755,16.8157,22.7040,-11.2569,put,entry (~45 DTE),25.8213,0.7576,0.8000,VIX 15-25,10-12 %
126,entry,2019-12-03,2019-12-03,2019-12-27,2020-01-17,dte_exit,short_call,C,3355.0000,3093.2000,45,15.9600,17.6300,0.0156,3.5794,3.9314,2020-01-17,0.0000,295,3350.0000,3360.0000,False,3355.0000,3.5794,0.5500,0.6900,0.5500,1439 x 585,1.0000,0.1070,0.0153,3093.3300,,True,0.6200,0.0700,False,8.4637,14.1755,16.8157,10.7030,8.4637,call,entry (~45 DTE),14.2766,-0.4103,-0.3000,VIX 15-25,08-10 %
126,entry,2019-12-03,2019-12-03,2019-12-27,2020-01-17,dte_exit,long_call,C,3395.0000,3093.2000,45,15.9600,17.6300,0.0156,1.7099,3.9314,2020-01-17,0.0000,295,3390.0000,3400.0000,True,3390.0000,1.8858,0.2600,0.4900,0.7000,490 x 230,2.0000,0.1104,0.0094,3093.3300,,True,0.3750,0.1150,False,9.7569,14.1755,16.8157,11.0430,9.5952,call,entry (~45 DTE),13.9372,-0.3265,-0.3000,VIX 15-25,08-10 %
126,exit,2019-12-27,2019-12-03,2019-12-27,2020-01-17,dte_exit,long_put,P,2705.0000,3240.0200,21,13.4300,15.9500,0.0156,0.0576,2.3161,2020-01-17,0.0000,313,2700.0000,2710.0000,False,2705.0000,0.0576,0.6100,0.7000,0.6500,3875 x 1526,1.0000,0.3069,-0.0074,3239.9500,,True,0.6550,0.0450,False,-16.5129,9.7598,11.5226,30.6890,-16.5129,put,exit (~21 DTE),24.7328,1.2675,0.8000,VIX < 15,16-18 %
126,exit,2019-12-27,2019-12-03,2019-12-27,2020-01-17,dte_exit,short_put,P,2745.0000,3240.0200,21,13.4300,15.9500,0.0156,0.0883,2.3161,2020-01-17,0.0000,313,2740.0000,2750.0000,False,2745.0000,0.0883,0.7500,0.8500,0.8500,1181 x 2409,1.0000,0.2921,-0.0100,3239.9500,,True,0.8000,0.0500,False,-15.2783,9.7598,11.5226,29.2090,-15.2783,put,exit (~21 DTE),23.7452,1.2730,0.8000,VIX < 15,14-16 %
126,exit,2019-12-27,2019-12-03,2019-12-27,2020-01-17,dte_exit,short_call,C,3355.0000,3240.0200,21,13.4300,15.9500,0.0156,3.1060,2.3161,2020-01-17,0.0000,313,3350.0000,3360.0000,False,3355.0000,3.1060,0.9500,1.0500,1.1500,1398 x 659,11.0000,0.0841,0.0377,3239.9500,,True,1.0000,0.0500,False,3.5487,9.7598,11.5226,8.4100,3.5487,call,exit (~21 DTE),10.4579,-0.3803,-0.3000,VIX < 15,02-4 %
126,exit,2019-12-27,2019-12-03,2019-12-27,2020-01-17,dte_exit,long_call,C,3395.0000,3240.0200,21,13.4300,15.9500,0.0156,0.8206,2.3161,2020-01-17,0.0000,313,3390.0000,3400.0000,False,3395.0000,0.8206,0.3000,0.4000,0.3800,886 x 2800,2.0000,0.0899,0.0142,3239.9500,,True,0.3500,0.0500,False,4.7833,9.7598,11.5226,8.9870,4.7833,call,exit (~21 DTE),10.0876,-0.1616,-0.3000,VIX < 15,04-6 %
127,entry,2020-01-07,2020-01-07,2020-01-31,2020-02-21,dte_exit,long_put,P,2885.0000,3237.1799,45,13.7900,15.8600,0.0153,9.4018,4.2524,2020-02-21,0.0000,302,2880.0000,2890.0000,False,2885.0000,9.4018,5.7000,6.0000,7.1000,2388 x 1745,0.0000,0.2057,-0.0562,3237.1300,,True,5.8500,0.1500,False,-10.8792,11.5060,14.8611,20.5720,-10.8792,put,entry (~45 DTE),23.5645,0.8333,0.8000,VIX < 15,10-12 %
127,entry,2020-01-07,2020-01-07,2020-01-31,2020-02-21,dte_exit,short_put,P,2925.0000,3237.1799,45,13.7900,15.8600,0.0153,11.5627,4.2524,2020-02-21,0.0000,302,2920.0000,2930.0000,False,2925.0000,11.5627,7.3000,7.6000,7.3500,1262 x 1993,901.0000,0.1963,-0.0720,3237.1300,,True,7.4500,0.1500,False,-9.6436,11.5060,14.8611,19.6350,-9.6436,put,entry (~45 DTE),22.5759,0.8429,0.8000,VIX < 15,08-10 %
127,entry,2020-01-07,2020-01-07,2020-01-31,2020-02-21,dte_exit,short_call,C,3470.0000,3237.1799,45,13.7900,15.8600,0.0153,3.8426,4.2524,2020-02-21,0.0000,302,3465.0000,3475.0000,False,3470.0000,3.8426,0.3000,0.4500,1.5800,2050 x 2957,8.0000,0.0877,0.0108,3237.1300,,True,0.3750,0.0750,False,7.1921,11.5060,14.8611,8.7710,7.1921,call,entry (~45 DTE),12.7035,-0.3803,-0.3000,VIX < 15,06-8 %
127,entry,2020-01-07,2020-01-07,2020-01-31,2020-02-21,dte_exit,long_call,C,3510.0000,3237.1799,45,13.7900,15.8600,0.0153,1.7511,4.2524,2020-02-21,0.0000,302,3500.0000,3520.0000,False,3510.0000,1.7511,0.1500,0.2500,0.2700,569 x 2625,0.0000,0.0926,0.0063,3237.1300,,True,0.2000,0.0500,False,8.4277,11.5060,14.8611,9.2620,8.4277,call,entry (~45 DTE),12.3328,-0.2663,-0.3000,VIX < 15,08-10 %
127,exit,2020-01-31,2020-01-07,2020-01-31,2020-02-21,dte_exit,long_put,P,2885.0000,3225.5200,21,18.8400,18.6300,0.0154,3.6933,2.5435,2020-02-21,0.0000,321,2880.0000,2890.0000,False,2885.0000,3.6933,3.4100,3.7000,3.1000,1855 x 433,6.0000,0.2658,-0.0411,3224.9300,,True,3.5550,0.1450,False,-10.5571,16.0663,18.9738,26.5790,-10.5571,put,exit (~21 DTE),27.4194,0.9958,0.8000,VIX 15-25,10-12 %
127,exit,2020-01-31,2020-01-07,2020-01-31,2020-02-21,dte_exit,short_put,P,2925.0000,3225.5200,21,18.8400,18.6300,0.0154,5.1604,2.5435,2020-02-21,0.0000,321,2920.0000,2930.0000,False,2925.0000,5.1604,4.5100,4.8000,4.1000,245 x 337,7.0000,0.2518,-0.0534,3224.9300,,True,4.6550,0.1450,False,-9.3169,16.0663,18.9738,25.1780,-9.3169,put,exit (~21 DTE),26.4273,0.9780,0.8000,VIX 15-25,08-10 %
128,entry,2020-02-04,2020-02-04,2020-02-28,2020-03-20,dte_exit,long_put,P,2880.0000,3297.5901,45,16.0500,16.7000,0.0156,9.2713,4.0621,2020-03-20,0.0000,316,2875.0000,2885.0000,False,2880.0000,9.2713,6.0000,6.3100,5.9900,2537 x 2692,2.0000,0.2377,-0.0510,3297.8000,,True,6.1550,0.1550,False,-12.6635,13.3468,16.3782,23.7730,-12.6635,put,entry (~45 DTE),26.5090,0.8233,0.8000,VIX 15-25,12-14 %
128,entry,2020-02-04,2020-02-04,2020-02-28,2020-03-20,dte_exit,short_put,P,2925.0000,3297.5901,45,16.0500,16.7000,0.0156,11.4457,4.0621,2020-03-20,0.0000,316,2920.0000,2930.0000,False,2925.0000,11.4457,7.7000,7.9000,7.5000,107 x 1608,17.0000,0.2275,-0.0648,3297.8000,,True,7.8000,0.1000,False,-11.2989,13.3468,16.3782,22.7460,-11.2989,put,entry (~45 DTE),25.4173,0.8319,0.8000,VIX 15-25,10-12 %
128,entry,2020-02-04,2020-02-04,2020-02-28,2020-03-20,dte_exit,short_call,C,3575.0000,3297.5901,45,16.0500,16.7000,0.0156,3.3679,4.0621,2020-03-20,0.0000,316,3570.0000,3580.0000,False,3575.0000,3.3679,0.5600,0.7000,0.6000,953 x 3192,11.0000,0.1054,0.0146,3297.8000,,True,0.6300,0.0700,False,8.4125,13.3468,16.3782,10.5430,8.4125,call,entry (~45 DTE),13.8545,-0.3333,-0.3000,VIX 15-25,08-10 %
128,entry,2020-02-04,2020-02-04,2020-02-28,2020-03-20,dte_exit,long_call,C,3620.0000,3297.5901,45,16.0500,16.7000,0.0156,1.4803,4.0621,2020-03-20,0.0000,316,3610.0000,3625.0000,False,3620.0000,1.4803,0.2000,0.3500,0.0000,2467 x 500,,0.1073,0.0064,3297.8000,,True,0.2750,0.0750,False,9.7771,13.3468,16.3782,10.7290,9.7771,call,entry (~45 DTE),13.4451,-0.2677,-0.3000,VIX 15-25,08-10 %
128,exit,2020-02-28,2020-02-04,2020-02-28,2020-03-20,dte_exit,long_put,P,2880.0000,2954.2200,21,40.1100,29.8500,0.0127,98.8057,18.1993,2020-03-20,0.0000,347,2875.0000,2885.0000,False,2880.0000,98.8057,96.5000,99.9000,106.0000,30 x 30,,0.4664,-0.3866,2956.6900,,True,98.2000,1.7000,False,-2.5123,41.0538,45.5000,46.6380,-2.5123,put,exit (~21 DTE),47.5099,2.2227,0.8000,VIX > 25,02-4 %
128,exit,2020-02-28,2020-02-04,2020-02-28,2020-03-20,dte_exit,short_put,P,2925.0000,2954.2200,21,40.1100,29.8500,0.0127,116.1477,18.1993,2020-03-20,0.0000,347,2920.0000,2930.0000,False,2925.0000,116.1477,110.1000,113.7100,136.0000,23 x 23,,0.4420,-0.4386,2956.6900,,True,111.9050,1.8050,False,-0.9891,41.0538,45.5000,44.2030,-0.9891,put,exit (~21 DTE),46.2913,3.1840,0.8000,VIX > 25,00-2 %
129,entry,2020-06-12,2020-06-12,2020-06-26,2020-07-17,dte_exit,long_put,P,2050.0000,3041.3101,35,36.0900,38.0500,0.0016,3.7901,1.0950,2020-07-17,0.0000,372,2040.0000,2060.0000,False,2050.0000,3.7901,3.8000,4.3000,6.0000,245 x 366,91.0000,0.6216,-0.0179,3040.4900,,True,4.0500,0.2500,False,-32.5948,29.3530,36.5189,62.1640,-32.5948,put,entry (~45 DTE),62.5947,1.0066,0.8000,VIX > 25,20 %+
129,entry,2020-06-12,2020-06-12,2020-06-26,2020-07-17,dte_exit,short_put,P,2090.0000,3041.3101,35,36.0900,38.0500,0.0016,4.4985,1.0950,2020-07-17,0.0000,372,2080.0000,2100.0000,False,2090.0000,4.4985,4.3000,4.8000,4.7000,267 x 280,19.0000,0.6055,-0.0204,3040.4900,,True,4.5500,0.2500,False,-31.2796,29.3530,36.5189,60.5480,-31.2796,put,entry (~45 DTE),61.5425,0.9973,0.8000,VIX > 25,20 %+
129,entry,2020-06-12,2020-06-12,2020-06-26,2020-07-17,dte_exit,short_call,C,3755.0000,3041.3101,35,36.0900,38.0500,0.0016,1.0530,1.0950,2020-07-17,0.0000,372,3750.0000,3775.0000,True,3750.0000,1.1129,0.1000,0.6100,0.4500,100 x 145,23.0000,0.2571,0.0046,3040.4900,,True,0.3550,0.2550,False,23.4665,29.3530,36.5189,25.7120,23.3021,call,entry (~45 DTE),29.5282,-0.1563,-0.3000,VIX > 25,20 %+
129,entry,2020-06-12,2020-06-12,2020-06-26,2020-07-17,dte_exit,long_call,C,3795.0000,3041.3101,35,36.0900,38.0500,0.0016,0.6665,1.0950,2020-07-17,0.0000,372,3775.0000,3800.0000,True,3800.0000,0.6282,0.0500,0.4500,0.3000,100 x 102,25.0000,0.2617,0.0032,3040.4900,,True,0.2500,0.2000,False,24.7818,29.3530,36.5189,26.1660,24.9462,call,entry (~45 DTE),29.0350,-0.1278,-0.3000,VIX > 25,20 %+
129,exit,2020-06-26,2020-06-12,2020-06-26,2020-07-17,dte_exit,long_put,P,2050.0000,3009.0500,21,34.7300,35.8000,0.0014,0.3968,0.1352,2020-07-17,0.0000,372,2040.0000,2060.0000,False,2050.0000,0.3968,1.4900,1.9500,1.2300,616 x 962,10.0000,0.6918,-0.0090,3009.5600,,True,1.7200,0.2300,False,-31.8722,29.3468,34.0244,69.1770,-31.8722,put,exit (~21 DTE),59.5221,1.2497,0.8000,VIX > 25,20 %+
129,exit,2020-06-26,2020-06-12,2020-06-26,2020-07-17,dte_exit,short_put,P,2090.0000,3009.0500,21,34.7300,35.8000,0.0014,0.5240,0.1352,2020-07-17,0.0000,372,2080.0000,2100.0000,False,2090.0000,0.5240,1.7600,1.8900,2.2500,594 x 1036,2.0000,0.6660,-0.0102,3009.5600,,True,1.8250,0.0650,False,-30.5429,29.3468,34.0244,66.5980,-30.5429,put,exit (~21 DTE),58.4587,1.2196,0.8000,VIX > 25,20 %+
129,exit,2020-06-26,2020-06-12,2020-06-26,2020-07-17,dte_exit,short_call,C,3755.0000,3009.0500,21,34.7300,35.8000,0.0014,0.0133,0.1352,2020-07-17,0.0000,372,3750.0000,3775.0000,True,3750.0000,0.0148,0.0500,0.1000,0.1000,413 x 10,0.0000,0.2933,0.0016,3009.5600,,True,0.0750,0.0250,False,24.7902,29.3468,34.0244,29.3320,24.6240,call,exit (~21 DTE),26.6372,-0.0006,-0.3000,VIX > 25,20 %+
129,exit,2020-06-26,2020-06-12,2020-06-26,2020-07-17,dte_exit,long_call,C,3795.0000,3009.0500,21,34.7300,35.8000,0.0014,0.0053,0.1352,2020-07-17,0.0000,372,3775.0000,3800.0000,True,3800.0000,0.0047,0.0400,0.1000,0.1000,50 x 1113,20.0000,0.3087,0.0015,3009.5600,,True,0.0700,0.0300,False,26.1195,29.3468,34.0244,30.8660,26.2857,call,exit (~21 DTE),26.1387,0.0578,-0.3000,VIX > 25,20 %+
130,entry,2020-07-07,2020-07-07,2020-07-23,2020-08-21,profit_target,long_put,P,2455.0000,3145.3201,45,29.4300,32.0700,0.0015,15.4131,4.3843,2020-08-21,0.0000,334,2450.0000,2460.0000,False,2455.0000,15.4131,9.1900,9.5100,0.0000,1487 x 1856,,0.4287,-0.0452,3145.5600,,True,9.3500,0.1600,False,-21.9475,23.9207,30.7783,42.8680,-21.9475,put,entry (~45 DTE),48.3363,0.8633,0.8000,VIX > 25,20 %+
130,entry,2020-07-07,2020-07-07,2020-07-23,2020-08-21,profit_target,short_put,P,2495.0000,3145.3201,45,29.4300,32.0700,0.0015,17.6125,4.3843,2020-08-21,0.0000,334,2490.0000,2500.0000,False,2495.0000,17.6125,10.6100,10.9000,8.3700,1417 x 2217,6.0000,0.4174,-0.0515,3145.5600,,True,10.7550,0.1450,False,-20.6758,23.9207,30.7783,41.7390,-20.6758,put,entry (~45 DTE),47.3190,0.8618,0.8000,VIX > 25,20 %+
130,entry,2020-07-07,2020-07-07,2020-07-23,2020-08-21,profit_target,short_call,C,3635.0000,3145.3201,45,29.4300,32.0700,0.0015,7.2503,4.3843,2020-08-21,0.0000,334,3625.0000,3650.0000,True,3625.0000,7.9011,1.8100,1.9500,2.3700,2644 x 925,1.0000,0.1991,0.0229,3145.5600,,True,1.8800,0.0700,False,15.5685,23.9207,30.7783,19.9120,15.2506,call,entry (~45 DTE),26.2031,-0.2629,-0.3000,VIX > 25,14-16 %
130,entry,2020-07-07,2020-07-07,2020-07-23,2020-08-21,profit_target,long_call,C,3675.0000,3145.3201,45,29.4300,32.0700,0.0015,5.0653,4.3843,2020-08-21,0.0000,334,3650.0000,3700.0000,False,3675.0000,5.0653,1.2600,1.4000,1.6500,2150 x 1488,1.0000,0.2043,0.0163,3145.5600,,True,1.3300,0.0700,False,16.8403,23.9207,30.7783,20.4290,16.8403,call,entry (~45 DTE),25.7262,-0.2073,-0.3000,VIX > 25,16-18 %
130,exit,2020-07-23,2020-07-07,2020-07-23,2020-08-21,profit_target,long_put,P,2455.0000,3235.6599,29,26.0800,30.2500,0.0012,1.9526,1.5419,2020-08-21,0.0000,346,2450.0000,2460.0000,False,2455.0000,1.9526,2.9500,3.0900,9.4300,1984 x 721,10.0000,0.4735,-0.0184,3235.9600,,True,3.0200,0.0700,False,-24.1268,20.3893,25.8460,47.3500,-24.1268,put,exit (~21 DTE),45.1474,1.1175,0.8000,VIX > 25,20 %+
130,exit,2020-07-23,2020-07-07,2020-07-23,2020-08-21,profit_target,short_put,P,2495.0000,3235.6599,29,26.0800,30.2500,0.0012,2.4144,1.5419,2020-08-21,0.0000,346,2490.0000,2500.0000,False,2495.0000,2.4144,3.2000,3.4000,3.1000,1149 x 1482,0.0000,0.4553,-0.0207,3235.9600,,True,3.3000,0.1000,False,-22.8905,20.3893,25.8460,45.5340,-22.8905,put,exit (~21 DTE),44.1584,1.0985,0.8000,VIX > 25,20 %+
130,exit,2020-07-23,2020-07-07,2020-07-23,2020-08-21,profit_target,short_call,C,3635.0000,3235.6599,29,26.0800,30.2500,0.0012,2.4763,1.5419,2020-08-21,0.0000,346,3625.0000,3650.0000,True,3625.0000,2.8357,0.4900,0.6500,1.6300,1661 x 1342,1.0000,0.1729,0.0107,3235.9600,,True,0.5700,0.0800,False,12.3418,20.3893,25.8460,17.2950,12.0328,call,exit (~21 DTE),22.2362,-0.2572,-0.3000,VIX > 25,12-14 %
130,exit,2020-07-23,2020-07-07,2020-07-23,2020-08-21,profit_target,long_call,C,3675.0000,3235.6599,29,26.0800,30.2500,0.0012,1.3963,1.5419,2020-08-21,0.0000,346,3650.0000,3700.0000,False,3675.0000,1.3963,0.3000,0.4500,0.8000,2144 x 3674,0.0000,0.1807,0.0067,3235.9600,,True,0.3750,0.0750,False,13.5781,20.3893,25.8460,18.0660,13.5781,call,exit (~21 DTE),21.7726,-0.1711,-0.3000,VIX > 25,12-14 %
131,entry,2020-08-04,2020-08-04,2020-08-21,2020-09-18,profit_target,long_put,P,2710.0000,3306.5100,45,23.7600,29.0900,0.0009,16.8185,5.7357,2020-09-18,0.0000,347,2705.0000,2715.0000,False,2710.0000,16.8185,9.2000,9.3900,15.4000,2464 x 434,9.0000,0.3526,-0.0515,3306.8400,,True,9.2950,0.0950,False,-18.0405,19.2085,26.5590,35.2640,-18.0405,put,entry (~45 DTE),40.9914,0.8900,0.8000,VIX 15-25,18-20 %
131,entry,2020-08-04,2020-08-04,2020-08-21,2020-09-18,profit_target,short_put,P,2755.0000,3306.5100,45,23.7600,29.0900,0.0009,19.6129,5.7357,2020-09-18,0.0000,347,2750.0000,2760.0000,False,2755.0000,19.6129,10.9000,11.1000,12.7000,881 x 1316,0.0000,0.3414,-0.0608,3306.8400,,True,11.0000,0.1000,False,-16.6795,19.2085,26.5590,34.1440,-16.6795,put,entry (~45 DTE),39.9027,0.8954,0.8000,VIX 15-25,16-18 %
131,entry,2020-08-04,2020-08-04,2020-08-21,2020-09-18,profit_target,short_call,C,3720.0000,3306.5100,45,23.7600,29.0900,0.0009,8.3493,5.7357,2020-09-18,0.0000,347,3700.0000,3725.0000,True,3725.0000,7.9703,1.2600,1.4000,1.3800,3163 x 2955,16.0000,0.1625,0.0194,3306.8400,,True,1.3300,0.0700,False,12.5053,19.2085,26.5590,16.2510,12.6565,call,entry (~45 DTE),22.7621,-0.2337,-0.3000,VIX 15-25,12-14 %
131,entry,2020-08-04,2020-08-04,2020-08-21,2020-09-18,profit_target,long_call,C,3765.0000,3306.5100,45,23.7600,29.0900,0.0009,5.4079,5.7357,2020-09-18,0.0000,347,3750.0000,3775.0000,True,3775.0000,4.8853,0.8000,0.9500,0.8900,3068 x 3956,32.0000,0.1683,0.0128,3306.8400,,True,0.8750,0.0750,False,13.8663,19.2085,26.5590,16.8300,14.1687,call,entry (~45 DTE),22.3084,-0.1679,-0.3000,VIX 15-25,14-16 %
131,exit,2020-08-21,2020-08-04,2020-08-21,2020-09-18,profit_target,long_put,P,2710.0000,3397.1599,28,22.5400,28.1700,0.0010,1.8718,2.1013,2020-09-18,0.0000,368,2705.0000,2715.0000,False,2710.0000,1.8718,3.5100,3.6900,6.5000,1776 x 3356,5.0000,0.4127,-0.0233,3397.2400,,True,3.6000,0.0900,False,-20.2275,15.9800,21.8509,41.2710,-20.2275,put,exit (~21 DTE),38.0329,1.2503,0.8000,VIX 15-25,20 %+
131,exit,2020-08-21,2020-08-04,2020-08-21,2020-09-18,profit_target,short_put,P,2755.0000,3397.1599,28,22.5400,28.1700,0.0010,2.4131,2.1013,2020-09-18,0.0000,368,2750.0000,2760.0000,False,2755.0000,2.4131,4.0000,4.1900,4.3000,2927 x 944,146.0000,0.3958,-0.0275,3397.2400,,True,4.0950,0.0950,False,-18.9028,15.9800,21.8509,39.5850,-18.9028,put,exit (~21 DTE),36.9732,1.2488,0.8000,VIX 15-25,18-20 %
131,exit,2020-08-21,2020-08-04,2020-08-21,2020-09-18,profit_target,short_call,C,3720.0000,3397.1599,28,22.5400,28.1700,0.0010,3.0567,2.1013,2020-09-18,0.0000,368,3710.0000,3725.0000,True,3725.0000,2.8349,0.4100,0.5100,0.4500,2078 x 15,0.0000,0.1414,0.0103,3397.2400,,True,0.4600,0.0500,False,9.5032,15.9800,21.8509,14.1350,9.6504,call,exit (~21 DTE),18.9558,-0.1912,-0.3000,VIX 15-25,08-10 %
131,exit,2020-08-21,2020-08-04,2020-08-21,2020-09-18,profit_target,long_call,C,3765.0000,3397.1599,28,22.5400,28.1700,0.0010,1.4967,2.1013,2020-09-18,0.0000,368,3750.0000,3775.0000,True,3775.0000,1.2625,0.2500,0.3400,0.2700,681 x 4788,0.0000,0.1514,0.0065,3397.2400,,True,0.2950,0.0450,False,10.8279,15.9800,21.8509,15.1370,11.1222,call,exit (~21 DTE),18.5142,-0.0758,-0.3000,VIX 15-25,10-12 %
132,entry,2020-09-01,2020-09-01,2020-09-14,2020-10-16,profit_target,long_put,P,2835.0000,3526.6499,45,26.1200,32.1000,0.0012,19.3831,5.9486,2020-10-16,0.0000,355,2830.0000,2840.0000,False,2835.0000,19.3831,13.3000,13.7000,0.0000,1036 x 954,,0.4090,-0.0582,3527.1100,,True,13.5000,0.2000,False,-19.6121,19.5107,29.2632,40.8980,-19.6121,put,entry (~45 DTE),44.9528,1.0905,0.8000,VIX > 25,18-20 %
132,entry,2020-09-01,2020-09-01,2020-09-14,2020-10-16,profit_target,short_put,P,2880.0000,3526.6499,45,26.1200,32.1000,0.0012,22.2134,5.9486,2020-10-16,0.0000,355,2875.0000,2885.0000,False,2880.0000,22.2134,14.9000,15.2000,14.5800,354 x 852,3.0000,0.3952,-0.0655,3527.1100,,True,15.0500,0.1500,False,-18.3361,19.5107,29.2632,39.5170,-18.3361,put,entry (~45 DTE),43.9320,1.0911,0.8000,VIX > 25,18-20 %
132,entry,2020-09-01,2020-09-01,2020-09-14,2020-10-16,profit_target,short_call,C,4010.0000,3526.6499,45,26.1200,32.1000,0.0012,10.3151,5.9486,2020-10-16,0.0000,355,4000.0000,4100.0000,True,4000.0000,11.1361,1.6000,1.7400,1.5000,1545 x 1,116.0000,0.1731,0.0216,3527.1100,,True,1.6700,0.0700,False,13.7056,19.5107,29.2632,17.3080,13.4221,call,entry (~45 DTE),25.2365,-0.1641,-0.3000,VIX > 25,12-14 %
132,exit,2020-09-14,2020-09-01,2020-09-14,2020-10-16,profit_target,long_put,P,2835.0000,3383.5400,32,25.8500,30.4800,0.0011,10.2997,2.3713,2020-10-16,0.0000,379,2830.0000,2840.0000,False,2835.0000,10.2997,7.1000,7.4000,0.0000,1528 x 1428,,0.3583,-0.0459,3382.7000,,True,7.2500,0.1500,False,-16.2120,21.1763,26.3187,35.8310,-16.2120,put,exit (~21 DTE),39.2883,0.9039,0.8000,VIX > 25,16-18 %
132,exit,2020-09-14,2020-09-01,2020-09-14,2020-10-16,profit_target,short_put,P,2880.0000,3383.5400,32,25.8500,30.4800,0.0011,12.5673,2.3713,2020-10-16,0.0000,379,2875.0000,2885.0000,False,2880.0000,12.5673,8.4900,8.8000,9.0700,1910 x 646,1.0000,0.3447,-0.0560,3382.7000,,True,8.6450,0.1550,False,-14.8820,21.1763,26.3187,34.4690,-14.8820,put,exit (~21 DTE),38.2243,0.8932,0.8000,VIX > 25,14-16 %
132,exit,2020-09-14,2020-09-01,2020-09-14,2020-10-16,profit_target,short_call,C,4010.0000,3383.5400,32,25.8500,30.4800,0.0011,0.1824,2.3713,2020-10-16,0.0000,379,4000.0000,4025.0000,True,4000.0000,0.2176,0.4000,0.5100,0.4500,1716 x 5,24.0000,0.2224,0.0067,3382.7000,,True,0.4550,0.0550,False,18.5149,21.1763,26.3187,22.2390,18.2194,call,exit (~21 DTE),20.8529,0.0583,-0.3000,VIX > 25,18-20 %
132,exit,2020-09-14,2020-09-01,2020-09-14,2020-10-16,profit_target,long_call,C,4055.0000,3383.5400,32,25.8500,30.4800,0.0011,0.0788,2.3713,2020-10-16,0.0000,379,4050.0000,4075.0000,True,4050.0000,0.0868,0.3000,0.4500,0.0000,771 x 2432,,0.2312,0.0048,3382.7000,,True,0.3750,0.0750,False,19.8449,21.1763,26.3187,23.1210,19.6971,call,exit (~21 DTE),20.4095,0.0987,-0.3000,VIX > 25,18-20 %
133,entry,2020-09-14,2020-09-14,2020-09-25,2020-10-16,profit_target,long_put,P,2820.0000,3383.5400,32,25.8500,30.4800,0.0011,9.6364,4.3276,2020-10-16,0.0000,379,2815.0000,2825.0000,False,2820.0000,9.6364,6.8000,7.0000,7.1200,387 x 656,6.0000,0.3640,-0.0435,3382.7000,,True,6.9000,0.1000,False,-16.6553,21.1763,26.3187,36.4030,-16.6553,put,entry (~45 DTE),39.6430,0.9142,0.8000,VIX > 25,16-18 %
133,entry,2020-09-14,2020-09-14,2020-09-25,2020-10-16,profit_target,short_put,P,2865.0000,3383.5400,32,25.8500,30.4800,0.0011,11.7622,4.3276,2020-10-16,0.0000,379,2860.0000,2870.0000,False,2865.0000,11.7622,8.1000,8.2900,14.5000,371 x 100,14.0000,0.3496,-0.0523,3382.7000,,True,8.1950,0.0950,False,-15.3254,21.1763,26.3187,34.9640,-15.3254,put,entry (~45 DTE),38.5790,0.8997,0.8000,VIX > 25,14-16 %
133,entry,2020-09-14,2020-09-14,2020-09-25,2020-10-16,profit_target,short_call,C,3770.0000,3383.5400,32,25.8500,30.4800,0.0011,5.4431,4.3276,2020-10-16,0.0000,379,3765.0000,3775.0000,False,3770.0000,5.4431,2.2000,2.4000,2.6500,1731 x 461,10.0000,0.1923,0.0307,3382.7000,,True,2.3000,0.1000,False,11.4218,21.1763,26.3187,19.2340,11.4218,call,entry (~45 DTE),22.8922,-0.1700,-0.3000,VIX > 25,10-12 %
133,entry,2020-09-14,2020-09-14,2020-09-25,2020-10-16,profit_target,long_call,C,3815.0000,3383.5400,32,25.8500,30.4800,0.0011,3.2413,4.3276,2020-10-16,0.0000,379,3810.0000,3820.0000,False,3815.0000,3.2413,1.5500,1.7000,7.8200,2462 x 102,1.0000,0.1977,0.0221,3382.7000,,True,1.6250,0.0750,False,12.7517,21.1763,26.3187,19.7730,12.7517,call,entry (~45 DTE),22.4932,-0.1100,-0.3000,VIX > 25,12-14 %
133,exit,2020-09-25,2020-09-14,2020-09-25,2020-10-16,profit_target,long_put,P,2820.0000,3298.4600,21,26.3800,32.0300,0.0010,2.4794,0.9925,2020-10-16,0.0000,388,2815.0000,2825.0000,False,2820.0000,2.4794,3.9000,4.1100,9.2000,1131 x 1858,0.0000,0.3566,-0.0339,3298.9800,,True,4.0050,0.1050,False,-14.5056,21.3135,21.9943,35.6560,-14.5056,put,exit (~21 DTE),33.5988,0.9888,0.8000,VIX > 25,14-16 %
133,exit,2020-09-25,2020-09-14,2020-09-25,2020-10-16,profit_target,short_put,P,2865.0000,3298.4600,21,26.3800,32.0300,0.0010,3.4480,0.9925,2020-10-16,0.0000,388,2860.0000,2870.0000,False,2865.0000,3.4480,4.8000,5.0000,11.5000,1493 x 741,0.0000,0.3398,-0.0426,3298.9800,,True,4.9000,0.1000,False,-13.1413,21.3135,21.9943,33.9790,-13.1413,put,exit (~21 DTE),32.5074,0.9638,0.8000,VIX > 25,12-14 %
133,exit,2020-09-25,2020-09-14,2020-09-25,2020-10-16,profit_target,short_call,C,3770.0000,3298.4600,21,26.3800,32.0300,0.0010,0.0315,0.9925,2020-10-16,0.0000,388,3765.0000,3775.0000,False,3770.0000,0.0315,0.3000,0.4000,0.6700,2757 x 565,1.0000,0.2173,0.0064,3298.9800,,True,0.3500,0.0500,False,14.2958,21.3135,21.9943,21.7350,14.2958,call,exit (~21 DTE),17.7056,0.0295,-0.3000,VIX > 25,14-16 %
133,exit,2020-09-25,2020-09-14,2020-09-25,2020-10-16,profit_target,long_call,C,3815.0000,3298.4600,21,26.3800,32.0300,0.0010,0.0077,0.9925,2020-10-16,0.0000,388,3810.0000,3820.0000,False,3815.0000,0.0077,0.2500,0.3600,7.8200,105 x 1995,1.0000,0.2295,0.0056,3298.9800,,True,0.3050,0.0550,False,15.6600,21.3135,21.9943,22.9470,15.6600,call,exit (~21 DTE),17.2963,0.1043,-0.3000,VIX > 25,14-16 %
134,entry,2020-10-06,2020-10-06,2020-10-30,2020-11-20,dte_exit,long_put,P,2620.0000,3360.9700,45,29.4800,31.8800,0.0010,16.2060,4.8491,2020-11-20,0.0000,350,2615.0000,2625.0000,False,2620.0000,16.2060,7.8900,8.3000,8.5300,423 x 1026,0.0000,0.4124,-0.0391,3360.6300,,True,8.0950,0.2050,False,-22.0463,26.1508,30.7035,41.2420,-22.0463,put,entry (~45 DTE),48.3405,0.6845,0.8000,VIX > 25,20 %+
134,entry,2020-10-06,2020-10-06,2020-10-30,2020-11-20,dte_exit,short_put,P,2665.0000,3360.9700,45,29.4800,31.8800,0.0010,18.6545,4.8491,2020-11-20,0.0000,350,2660.0000,2670.0000,False,2665.0000,18.6545,9.3100,9.8000,11.0200,490 x 731,0.0000,0.4019,-0.0462,3360.6300,,True,9.5550,0.2450,False,-20.7074,26.1508,30.7035,40.1920,-20.7074,put,entry (~45 DTE),47.2694,0.6781,0.8000,VIX > 25,20 %+
134,entry,2020-10-06,2020-10-06,2020-10-30,2020-11-20,dte_exit,short_call,C,3885.0000,3360.9700,45,29.4800,31.8800,0.0010,7.5817,4.8491,2020-11-20,0.0000,350,3880.0000,3890.0000,True,3880.0000,7.8964,2.2400,2.5600,3.9300,413 x 441,0.0000,0.2075,0.0264,3360.6300,,True,2.4000,0.1600,False,15.5916,26.1508,30.7035,20.7470,15.4429,call,entry (~45 DTE),26.0706,-0.3499,-0.3000,VIX > 25,14-16 %
134,entry,2020-10-06,2020-10-06,2020-10-30,2020-11-20,dte_exit,long_call,C,3930.0000,3360.9700,45,29.4800,31.8800,0.0010,5.1812,4.8491,2020-11-20,0.0000,350,3925.0000,3950.0000,False,3930.0000,5.1812,1.6000,1.9000,7.9400,986 x 506,0.0000,0.2113,0.0190,3360.6300,,True,1.7500,0.1500,False,16.9305,26.1508,30.7035,21.1320,16.9305,call,entry (~45 DTE),25.6243,-0.2964,-0.3000,VIX > 25,16-18 %
134,exit,2020-10-30,2020-10-06,2020-10-30,2020-11-20,dte_exit,long_put,P,2620.0000,3269.9600,21,38.0200,36.2700,0.0009,7.5161,2.4745,2020-11-20,0.0000,362,2615.0000,2625.0000,False,2620.0000,7.5161,8.3000,9.0000,9.2000,100 x 130,1.0000,0.5556,-0.0446,3271.8700,,True,8.6500,0.3500,False,-19.8767,34.3368,39.1037,55.5620,-19.8767,put,exit (~21 DTE),55.0050,1.0678,0.8000,VIX > 25,18-20 %
134,exit,2020-10-30,2020-10-06,2020-10-30,2020-11-20,dte_exit,short_put,P,2665.0000,3269.9600,21,38.0200,36.2700,0.0009,9.3680,2.4745,2020-11-20,0.0000,362,2660.0000,2670.0000,False,2665.0000,9.3680,9.9900,10.6000,10.7000,534 x 100,1.0000,0.5406,-0.0537,3271.8700,,True,10.2950,0.3050,False,-18.5005,34.3368,39.1037,54.0590,-18.5005,put,exit (~21 DTE),53.9041,1.0660,0.8000,VIX > 25,18-20 %
134,exit,2020-10-30,2020-10-06,2020-10-30,2020-11-20,dte_exit,short_call,C,3885.0000,3269.9600,21,38.0200,36.2700,0.0009,1.5751,2.4745,2020-11-20,0.0000,362,3880.0000,3890.0000,True,3880.0000,1.6623,0.3500,0.5500,0.1000,1258 x 481,1.0000,0.2757,0.0063,3271.8700,,True,0.4500,0.1000,False,18.8088,34.3368,39.1037,27.5680,18.6559,call,exit (~21 DTE),33.5069,-0.3628,-0.3000,VIX > 25,18-20 %
134,exit,2020-10-30,2020-10-06,2020-10-30,2020-11-20,dte_exit,long_call,C,3930.0000,3269.9600,21,38.0200,36.2700,0.0009,0.9526,2.4745,2020-11-20,0.0000,362,3925.0000,3950.0000,False,3930.0000,0.9526,0.3100,0.4500,0.1000,506 x 480,1.0000,0.2881,0.0054,3271.8700,,True,0.3800,0.0700,False,20.1850,34.3368,39.1037,28.8100,20.1850,call,exit (~21 DTE),33.0482,-0.2738,-0.3000,VIX > 25,20 %+
135,entry,2020-11-04,2020-11-04,2020-11-19,2020-12-18,profit_target,long_put,P,2690.0000,3443.4399,44,29.5700,29.9800,0.0010,14.7814,4.3788,2020-12-18,0.0000,391,2685.0000,2695.0000,False,2690.0000,14.7814,10.0100,10.4900,31.4000,592 x 876,2.0000,0.4313,-0.0450,3443.7800,,True,10.2500,0.2400,False,-21.8804,24.3685,29.7664,43.1270,-21.8804,put,entry (~45 DTE),47.2707,0.8573,0.8000,VIX > 25,20 %+
135,entry,2020-11-04,2020-11-04,2020-11-19,2020-12-18,profit_target,short_put,P,2735.0000,3443.4399,44,29.5700,29.9800,0.0010,17.0450,4.3788,2020-12-18,0.0000,391,2730.0000,2740.0000,False,2735.0000,17.0450,11.4900,12.0000,26.3000,1168 x 1467,7.0000,0.4196,-0.0518,3443.7800,,True,11.7450,0.2550,False,-20.5736,24.3685,29.7664,41.9580,-20.5736,put,entry (~45 DTE),46.2253,0.8550,0.8000,VIX > 25,20 %+
135,entry,2020-11-04,2020-11-04,2020-11-19,2020-12-18,profit_target,short_call,C,3975.0000,3443.4399,44,29.5700,29.9800,0.0010,6.4279,4.3788,2020-12-18,0.0000,391,3950.0000,4000.0000,False,3975.0000,6.4279,1.2500,1.5000,2.0500,898 x 1191,500.0000,0.1920,0.0167,3443.7800,,True,1.3750,0.1250,False,15.4369,24.3685,29.7664,19.2020,15.4369,call,entry (~45 DTE),25.1353,-0.3347,-0.3000,VIX > 25,14-16 %
135,entry,2020-11-04,2020-11-04,2020-11-19,2020-12-18,profit_target,long_call,C,4020.0000,3443.4399,44,29.5700,29.9800,0.0010,4.3127,4.3788,2020-12-18,0.0000,391,4000.0000,4025.0000,True,4025.0000,4.1182,0.8000,1.0500,3.6500,862 x 2225,75.0000,0.1954,0.0117,3443.7800,,True,0.9250,0.1250,False,16.7437,24.3685,29.7664,19.5390,16.8889,call,entry (~45 DTE),24.6997,-0.2860,-0.3000,VIX > 25,16-18 %
135,exit,2020-11-19,2020-11-04,2020-11-19,2020-12-18,profit_target,long_put,P,2690.0000,3581.8701,29,23.1100,25.8000,0.0007,1.1497,1.4338,2020-12-18,0.0000,401,2685.0000,2695.0000,False,2690.0000,1.1497,2.0600,2.2000,2.3000,3647 x 475,20.0000,0.4560,-0.0125,3581.5000,,True,2.1300,0.0700,False,-24.8996,18.1555,22.9623,45.6020,-24.8996,put,exit (~21 DTE),42.8819,1.1023,0.8000,VIX 15-25,20 %+
135,exit,2020-11-19,2020-11-04,2020-11-19,2020-12-18,profit_target,short_put,P,2735.0000,3581.8701,29,23.1100,25.8000,0.0007,1.4494,1.4338,2020-12-18,0.0000,401,2730.0000,2740.0000,False,2735.0000,1.4494,2.2500,2.5000,2.4000,400 x 360,164.0000,0.4399,-0.0143,3581.5000,,True,2.3750,0.1250,False,-23.6432,18.1555,22.9623,43.9930,-23.6432,put,exit (~21 DTE),41.8769,1.0928,0.8000,VIX 15-25,20 %+
135,exit,2020-11-19,2020-11-04,2020-11-19,2020-12-18,profit_target,short_call,C,3975.0000,3581.8701,29,23.1100,25.8000,0.0007,2.3178,1.4338,2020-12-18,0.0000,401,3960.0000,4000.0000,False,3975.0000,2.3178,0.6900,0.8400,0.6700,2227 x 1629,22.0000,0.1649,0.0130,3581.5000,,True,0.7650,0.0750,False,10.9755,18.1555,22.9623,16.4920,10.9755,call,exit (~21 DTE),19.6696,-0.1516,-0.3000,VIX 15-25,10-12 %
135,exit,2020-11-19,2020-11-04,2020-11-19,2020-12-18,profit_target,long_call,C,4020.0000,3581.8701,29,23.1100,25.8000,0.0007,1.1837,1.4338,2020-12-18,0.0000,401,4000.0000,4025.0000,True,4025.0000,1.0938,0.3500,0.5000,0.5500,3450 x 2501,0.0000,0.1689,0.0079,3581.5000,,True,0.4250,0.0750,False,12.2319,18.1555,22.9623,16.8880,12.3715,call,exit (~21 DTE),19.2509,-0.1025,-0.3000,VIX 15-25,12-14 %
136,entry,2020-12-01,2020-12-01,2020-12-22,2021-01-15,profit_target,long_put,P,3065.0000,3662.4500,45,20.7700,24.4900,0.0009,15.2323,5.3972,2021-01-15,0.0000,369,3060.0000,3070.0000,False,3065.0000,15.2323,9.4900,9.9000,8.9500,732 x 520,18.0000,0.3201,-0.0529,3661.8800,,True,9.6950,0.2050,False,-16.3129,18.3523,22.7063,32.0050,-16.3128,put,entry (~45 DTE),35.7566,0.8369,0.8000,VIX 15-25,16-18 %
136,entry,2020-12-01,2020-12-01,2020-12-22,2021-01-15,profit_target,short_put,P,3115.0000,3662.4500,45,20.7700,24.4900,0.0009,18.0516,5.3972,2021-01-15,0.0000,369,3110.0000,3120.0000,False,3115.0000,18.0516,11.6000,11.8900,0.0000,200 x 1109,,0.3088,-0.0644,3661.8800,,True,11.7450,0.1450,False,-14.9476,18.3523,22.7063,30.8780,-14.9476,put,entry (~45 DTE),34.6644,0.8380,0.8000,VIX 15-25,14-16 %
136,entry,2020-12-01,2020-12-01,2020-12-22,2021-01-15,profit_target,short_call,C,4075.0000,3662.4500,45,20.7700,24.4900,0.0009,6.1066,5.3972,2021-01-15,0.0000,369,4050.0000,4100.0000,False,4075.0000,6.1066,2.5000,2.7000,2.9800,200 x 553,83.0000,0.1617,0.0327,3661.8800,,True,2.6000,0.1000,False,11.2643,18.3523,22.7063,16.1690,11.2643,call,entry (~45 DTE),19.3270,-0.1938,-0.3000,VIX 15-25,10-12 %
136,entry,2020-12-01,2020-12-01,2020-12-22,2021-01-15,profit_target,long_call,C,4125.0000,3662.4500,45,20.7700,24.4900,0.0009,3.5288,5.3972,2021-01-15,0.0000,369,4100.0000,4150.0000,False,4125.0000,3.5288,1.7000,1.9000,2.0000,494 x 907,202.0000,0.1664,0.0230,3661.8800,,True,1.8000,0.1000,False,12.6295,18.3523,22.7063,16.6440,12.6295,call,entry (~45 DTE),18.9175,-0.1353,-0.3000,VIX 15-25,12-14 %
136,exit,2020-12-22,2020-12-01,2020-12-22,2021-01-15,profit_target,long_put,P,3065.0000,3687.2600,24,24.2300,27.2500,0.0009,2.9272,1.9377,2021-01-15,0.0000,382,3060.0000,3070.0000,False,3065.0000,2.9272,4.5000,4.8000,4.8000,1023 x 2444,42.0000,0.3865,-0.0312,3687.3300,,True,4.6500,0.1500,False,-16.8759,18.4040,22.9955,38.6530,-16.8759,put,exit (~21 DTE),36.4962,1.1999,0.8000,VIX 15-25,16-18 %
136,exit,2020-12-22,2020-12-01,2020-12-22,2021-01-15,profit_target,short_put,P,3115.0000,3687.2600,24,24.2300,27.2500,0.0009,3.8929,1.9377,2021-01-15,0.0000,382,3110.0000,3120.0000,False,3115.0000,3.8929,5.2900,5.5900,5.3000,312 x 1175,1.0000,0.3690,-0.0374,3687.3300,,True,5.4400,0.1500,False,-15.5199,18.4040,22.9955,36.8980,-15.5199,put,exit (~21 DTE),35.4114,1.1916,0.8000,VIX 15-25,14-16 %
136,exit,2020-12-22,2020-12-01,2020-12-22,2021-01-15,profit_target,short_call,C,4075.0000,3687.2600,24,24.2300,27.2500,0.0009,1.7486,1.9377,2021-01-15,0.0000,382,4070.0000,4100.0000,False,4075.0000,1.7486,0.4900,0.7000,0.9000,3053 x 928,101.0000,0.1669,0.0110,3687.3300,,True,0.5950,0.1050,False,10.5157,18.4040,22.9955,16.6910,10.5157,call,exit (~21 DTE),19.8408,-0.1629,-0.3000,VIX 15-25,10-12 %
136,exit,2020-12-22,2020-12-01,2020-12-22,2021-01-15,profit_target,long_call,C,4125.0000,3687.2600,24,24.2300,27.2500,0.0009,0.7767,1.9377,2021-01-15,0.0000,382,4100.0000,4150.0000,False,4125.0000,0.7767,0.3000,0.4500,0.6000,2485 x 542,2.0000,0.1744,0.0069,3687.3300,,True,0.3750,0.0750,False,11.8717,18.4040,22.9955,17.4420,11.8717,call,exit (~21 DTE),19.4340,-0.0810,-0.3000,VIX 15-25,10-12 %
137,entry,2021-01-05,2021-01-05,2021-01-21,2021-02-19,profit_target,long_put,P,3015.0000,3726.8601,45,25.3400,27.2500,0.0009,16.3977,5.2204,2021-02-19,0.0000,354,3010.0000,3020.0000,False,3015.0000,16.3977,10.0000,10.3100,0.0000,200 x 325,,0.3701,-0.0479,3727.0500,,True,10.1550,0.1550,False,-19.1008,19.3530,26.3123,37.0140,-19.1008,put,entry (~45 DTE),41.5930,0.9246,0.8000,VIX > 25,18-20 %
137,entry,2021-01-05,2021-01-05,2021-01-21,2021-02-19,profit_target,short_put,P,3065.0000,3726.8601,45,25.3400,27.2500,0.0009,19.1065,5.2204,2021-02-19,0.0000,354,3060.0000,3070.0000,False,3065.0000,19.1065,11.6000,11.9000,10.4000,200 x 498,0.0000,0.3580,-0.0552,3727.0500,,True,11.7500,0.1500,False,-17.7592,19.3530,26.3123,35.8030,-17.7592,put,entry (~45 DTE),40.5197,0.9263,0.8000,VIX > 25,16-18 %
137,entry,2021-01-05,2021-01-05,2021-01-21,2021-02-19,profit_target,short_call,C,4225.0000,3726.8601,45,25.3400,27.2500,0.0009,6.8095,5.2204,2021-02-19,0.0000,354,4200.0000,4250.0000,False,4225.0000,6.8095,1.0000,1.2100,1.1600,1171 x 391,0.0000,0.1633,0.0143,3727.0500,,True,1.1050,0.1050,False,13.3662,19.3530,26.3123,16.3320,13.3662,call,entry (~45 DTE),22.3025,-0.2260,-0.3000,VIX > 25,12-14 %
137,entry,2021-01-05,2021-01-05,2021-01-21,2021-02-19,profit_target,long_call,C,4275.0000,3726.8601,45,25.3400,27.2500,0.0009,4.2979,5.2204,2021-02-19,0.0000,354,4250.0000,4300.0000,False,4275.0000,4.2979,0.7000,0.8500,0.9500,577 x 159,0.0000,0.1684,0.0106,3727.0500,,True,0.7750,0.0750,False,14.7078,19.3530,26.3123,16.8400,14.7078,call,entry (~45 DTE),21.9000,-0.1709,-0.3000,VIX > 25,14-16 %
137,exit,2021-01-21,2021-01-05,2021-01-21,2021-02-19,profit_target,long_put,P,3015.0000,3853.0701,29,21.3200,25.7000,0.0009,1.5550,1.9013,2021-02-19,0.0000,377,3010.0000,3020.0000,False,3015.0000,1.5550,2.8000,3.0000,3.3000,439 x 200,0.0000,0.4152,-0.0170,3853.4300,,True,2.9000,0.1000,False,-21.7507,16.2013,21.0687,41.5220,-21.7507,put,exit (~21 DTE),38.4693,1.1641,0.8000,VIX 15-25,20 %+
137,exit,2021-01-21,2021-01-05,2021-01-21,2021-02-19,profit_target,short_put,P,3065.0000,3853.0701,29,21.3200,25.7000,0.0009,1.9910,1.9013,2021-02-19,0.0000,377,3060.0000,3070.0000,False,3065.0000,1.9910,3.1000,3.3000,4.0000,3762 x 2072,0.0000,0.3970,-0.0189,3853.4300,,True,3.2000,0.1000,False,-20.4530,16.2013,21.0687,39.6960,-20.4530,put,exit (~21 DTE),37.4311,1.1487,0.8000,VIX 15-25,20 %+
137,exit,2021-01-21,2021-01-05,2021-01-21,2021-02-19,profit_target,short_call,C,4225.0000,3853.0701,29,21.3200,25.7000,0.0009,2.7971,1.9013,2021-02-19,0.0000,377,4220.0000,4230.0000,False,4225.0000,2.7971,0.4500,0.6000,0.5000,2391 x 2758,6.0000,0.1393,0.0098,3853.4300,,True,0.5250,0.0750,False,9.6528,16.2013,21.0687,13.9330,9.6528,call,exit (~21 DTE),18.1728,-0.2350,-0.3000,VIX 15-25,08-10 %
137,exit,2021-01-21,2021-01-05,2021-01-21,2021-02-19,profit_target,long_call,C,4275.0000,3853.0701,29,21.3200,25.7000,0.0009,1.3318,1.9013,2021-02-19,0.0000,377,4250.0000,4300.0000,False,4275.0000,1.3318,0.3000,0.4000,0.5000,1018 x 1745,0.0000,0.1475,0.0063,3853.4300,,True,0.3500,0.0500,False,10.9505,16.2013,21.0687,14.7490,10.9505,call,exit (~21 DTE),17.7835,-0.1326,-0.3000,VIX 15-25,10-12 %
138,entry,2021-02-02,2021-02-02,2021-02-16,2021-03-19,profit_target,long_put,P,3090.0000,3826.3101,45,25.5600,29.3600,0.0007,18.6741,5.8742,2021-03-19,0.0000,447,3085.0000,3095.0000,False,3090.0000,18.6741,13.5000,13.9000,13.1000,489 x 100,8.0000,0.3991,-0.0565,3826.4700,,True,13.7000,0.2000,False,-19.2433,20.4642,27.5257,39.9050,-19.2433,put,entry (~45 DTE),42.9203,1.0103,0.8000,VIX > 25,18-20 %
138,entry,2021-02-02,2021-02-02,2021-02-16,2021-03-19,profit_target,short_put,P,3140.0000,3826.3101,45,25.5600,29.3600,0.0007,21.5852,5.8742,2021-03-19,0.0000,447,3135.0000,3145.0000,False,3140.0000,21.5852,15.3000,15.7100,23.9000,847 x 415,0.0000,0.3849,-0.0649,3826.4700,,True,15.5050,0.2050,False,-17.9366,20.4642,27.5257,38.4940,-17.9366,put,entry (~45 DTE),41.8749,1.0052,0.8000,VIX > 25,16-18 %
138,entry,2021-02-02,2021-02-02,2021-02-16,2021-03-19,profit_target,short_call,C,4340.0000,3826.3101,45,25.5600,29.3600,0.0007,8.8069,5.8742,2021-03-19,0.0000,447,4325.0000,4350.0000,True,4350.0000,8.1340,1.1500,1.4000,1.1000,1334 x 1226,0.0000,0.1668,0.0160,3826.4700,,True,1.2750,0.1250,False,13.4252,20.4642,27.5257,16.6840,13.6866,call,entry (~45 DTE),23.4197,-0.2762,-0.3000,VIX > 25,12-14 %
138,entry,2021-02-02,2021-02-02,2021-02-16,2021-03-19,profit_target,long_call,C,4390.0000,3826.3101,45,25.5600,29.3600,0.0007,5.8439,5.8742,2021-03-19,0.0000,447,4375.0000,4400.0000,True,4400.0000,5.3625,0.8600,1.0500,1.1000,485 x 1398,43.0000,0.1731,0.0120,3826.4700,,True,0.9550,0.0950,False,14.7319,20.4642,27.5257,17.3070,14.9933,call,entry (~45 DTE),23.0277,-0.2106,-0.3000,VIX > 25,14-16 %
138,exit,2021-02-16,2021-02-02,2021-02-16,2021-03-19,profit_target,long_put,P,3090.0000,3932.5901,31,21.4600,27.5500,0.0004,2.4554,2.0792,2021-03-19,0.0000,466,3085.0000,3095.0000,False,3090.0000,2.4554,3.5000,3.7000,6.7000,128 x 2634,1.0000,0.4073,-0.0202,3932.2500,,True,3.6000,0.1000,False,-21.4258,16.1517,21.7939,40.7320,-21.4258,put,exit (~21 DTE),38.9346,1.1472,0.8000,VIX 15-25,20 %+
138,exit,2021-02-16,2021-02-02,2021-02-16,2021-03-19,profit_target,short_put,P,3140.0000,3932.5901,31,21.4600,27.5500,0.0004,3.0718,2.0792,2021-03-19,0.0000,466,3135.0000,3145.0000,False,3140.0000,3.0718,3.9000,4.2000,4.8400,4081 x 4481,45.0000,0.3909,-0.0230,3932.2500,,True,4.0500,0.1500,False,-20.1544,16.1517,21.7939,39.0890,-20.1544,put,exit (~21 DTE),37.9174,1.1381,0.8000,VIX 15-25,20 %+
138,exit,2021-02-16,2021-02-02,2021-02-16,2021-03-19,profit_target,short_call,C,4340.0000,3932.5901,31,21.4600,27.5500,0.0004,2.9520,2.0792,2021-03-19,0.0000,466,4325.0000,4350.0000,True,4350.0000,2.5896,0.3500,0.5000,0.4500,2265 x 775,0.0000,0.1431,0.0082,3932.2500,,True,0.4250,0.0750,False,10.3598,16.1517,21.7939,14.3120,10.6141,call,exit (~21 DTE),18.6097,-0.1733,-0.3000,VIX 15-25,10-12 %
138,exit,2021-02-16,2021-02-02,2021-02-16,2021-03-19,profit_target,long_call,C,4390.0000,3932.5901,31,21.4600,27.5500,0.0004,1.4892,2.0792,2021-03-19,0.0000,466,4375.0000,4400.0000,True,4400.0000,1.2870,0.2400,0.3500,0.3200,436 x 208,7.0000,0.1510,0.0059,3932.2500,,True,0.2950,0.0550,False,11.6313,16.1517,21.7939,15.0960,11.8855,call,exit (~21 DTE),18.2282,-0.0888,-0.3000,VIX 15-25,10-12 %
139,entry,2021-02-16,2021-02-16,2021-02-24,2021-03-19,profit_target,long_put,P,3390.0000,3932.5901,31,21.4600,27.5500,0.0004,9.3537,4.5906,2021-03-19,0.0000,466,3385.0000,3395.0000,False,3390.0000,9.3537,8.5100,8.8000,9.3000,682 x 1425,3.0000,0.3187,-0.0535,3932.2500,,True,8.6550,0.1450,False,-13.7973,16.1517,21.7939,31.8680,-13.7973,put,entry (~45 DTE),32.8317,1.1391,0.8000,VIX 15-25,12-14 %
139,entry,2021-02-16,2021-02-16,2021-02-24,2021-03-19,profit_target,short_put,P,3440.0000,3932.5901,31,21.4600,27.5500,0.0004,11.6840,4.5906,2021-03-19,0.0000,466,3435.0000,3445.0000,False,3440.0000,11.6840,10.2000,10.5100,10.3500,1285 x 515,4.0000,0.3049,-0.0649,3932.2500,,True,10.3550,0.1550,False,-12.5258,16.1517,21.7939,30.4890,-12.5258,put,entry (~45 DTE),31.8146,1.1446,0.8000,VIX 15-25,12-14 %
139,entry,2021-02-16,2021-02-16,2021-02-24,2021-03-19,profit_target,short_call,C,4300.0000,3932.5901,31,21.4600,27.5500,0.0004,4.8500,4.5906,2021-03-19,0.0000,466,4290.0000,4310.0000,False,4300.0000,4.8500,0.5900,0.6900,0.7500,576 x 105,11.0000,0.1363,0.0124,3932.2500,,True,0.6400,0.0500,False,9.3427,16.1517,21.7939,13.6250,9.3427,call,entry (~45 DTE),18.9911,-0.2705,-0.3000,VIX 15-25,08-10 %
139,entry,2021-02-16,2021-02-16,2021-02-24,2021-03-19,profit_target,long_call,C,4350.0000,3932.5901,31,21.4600,27.5500,0.0004,2.5896,4.5906,2021-03-19,0.0000,466,4325.0000,4375.0000,False,4350.0000,2.5896,0.3500,0.5000,0.4500,2265 x 775,0.0000,0.1431,0.0082,3932.2500,,True,0.4250,0.0750,False,10.6141,16.1517,21.7939,14.3120,10.6141,call,entry (~45 DTE),18.6097,-0.1733,-0.3000,VIX 15-25,10-12 %
139,exit,2021-02-24,2021-02-16,2021-02-24,2021-03-19,profit_target,long_put,P,3390.0000,3925.4299,23,21.3400,25.8900,0.0003,2.6656,1.4148,2021-03-19,0.0000,467,3385.0000,3395.0000,False,3390.0000,2.6656,5.0100,5.3000,9.8200,1404 x 3020,0.0000,0.3319,-0.0375,3925.2400,,True,5.1550,0.1450,False,-13.6400,15.6713,18.9021,33.1860,-13.6400,put,exit (~21 DTE),29.8142,1.2841,0.8000,VIX 15-25,12-14 %
139,exit,2021-02-24,2021-02-16,2021-02-24,2021-03-19,profit_target,short_put,P,3440.0000,3925.4299,23,21.3400,25.8900,0.0003,3.6622,1.4148,2021-03-19,0.0000,467,3435.0000,3445.0000,False,3440.0000,3.6622,6.1100,6.4100,10.2700,1682 x 2516,189.0000,0.3159,-0.0461,3925.2400,,True,6.2600,0.1500,False,-12.3663,15.6713,18.9021,31.5920,-12.3663,put,exit (~21 DTE),28.7952,1.2874,0.8000,VIX 15-25,12-14 %
139,exit,2021-02-24,2021-02-16,2021-02-24,2021-03-19,profit_target,short_call,C,4300.0000,3925.4299,23,21.3400,25.8900,0.0003,0.6295,1.4148,2021-03-19,0.0000,467,4290.0000,4310.0000,False,4300.0000,0.6295,0.4500,0.6500,0.5500,2615 x 1982,13.0000,0.1536,0.0105,3925.2400,,True,0.5500,0.1000,False,9.5421,15.6713,18.9021,15.3640,9.5421,call,exit (~21 DTE),16.0395,-0.0322,-0.3000,VIX 15-25,08-10 %
139,exit,2021-02-24,2021-02-16,2021-02-24,2021-03-19,profit_target,long_call,C,4350.0000,3925.4299,23,21.3400,25.8900,0.0003,0.2114,1.4148,2021-03-19,0.0000,467,4325.0000,4375.0000,False,4350.0000,0.2114,0.3000,0.4400,0.4000,1554 x 966,100.0000,0.1629,0.0069,3925.2400,,True,0.3700,0.0700,False,10.8159,15.6713,18.9021,16.2870,10.8159,call,exit (~21 DTE),15.6574,0.0569,-0.3000,VIX 15-25,10-12 %
140,entry,2021-03-02,2021-03-02,2021-03-15,2021-04-16,profit_target,long_put,P,3165.0000,3870.2900,45,24.1000,27.1600,0.0004,17.6717,5.6337,2021-04-16,0.0000,369,3160.0000,3170.0000,False,3165.0000,17.6717,12.2000,12.6000,0.0000,524 x 2104,,0.3704,-0.0548,3870.1400,,True,12.4000,0.2000,False,-18.2232,18.8625,25.6756,37.0370,-18.2232,put,entry (~45 DTE),40.2542,0.9973,0.8000,VIX 15-25,18-20 %
140,entry,2021-03-02,2021-03-02,2021-03-15,2021-04-16,profit_target,short_put,P,3215.0000,3870.2900,45,24.1000,27.1600,0.0004,20.5136,5.6337,2021-04-16,0.0000,369,3210.0000,3220.0000,False,3215.0000,20.5136,13.9000,14.2900,0.0000,340 x 2083,,0.3577,-0.0631,3870.1400,,True,14.0950,0.1950,False,-16.9313,18.8625,25.6756,35.7700,-16.9313,put,entry (~45 DTE),39.2207,0.9986,0.8000,VIX 15-25,16-18 %
140,entry,2021-03-02,2021-03-02,2021-03-15,2021-04-16,profit_target,short_call,C,4360.0000,3870.2900,45,24.1000,27.1600,0.0004,7.7802,5.6337,2021-04-16,0.0000,369,4350.0000,4375.0000,True,4350.0000,8.4663,1.3400,1.5500,1.6400,965 x 1468,7.0000,0.1572,0.0186,3870.1400,,True,1.4450,0.1050,False,12.6531,18.8625,25.6756,15.7210,12.3947,call,entry (~45 DTE),21.9572,-0.2535,-0.3000,VIX 15-25,12-14 %
140,entry,2021-03-02,2021-03-02,2021-03-15,2021-04-16,profit_target,long_call,C,4410.0000,3870.2900,45,24.1000,27.1600,0.0004,4.9884,5.6337,2021-04-16,0.0000,369,4400.0000,4425.0000,True,4400.0000,5.4686,0.8900,1.1500,1.1100,2091 x 2298,1.0000,0.1615,0.0130,3870.1400,,True,1.0200,0.1300,False,13.9449,18.8625,25.6756,16.1510,13.6866,call,entry (~45 DTE),21.5697,-0.1981,-0.3000,VIX 15-25,12-14 %
140,exit,2021-03-15,2021-03-02,2021-03-15,2021-04-16,profit_target,long_put,P,3165.0000,3968.9399,32,20.0300,24.8900,0.0004,2.7110,2.1382,2021-04-16,0.0000,370,3160.0000,3170.0000,False,3165.0000,2.7110,3.6000,3.8000,8.0400,1051 x 378,1.0000,0.3815,-0.0211,3968.7800,,True,3.7000,0.1000,False,-20.2558,15.3175,20.5345,38.1540,-20.2558,put,exit (~21 DTE),36.7392,1.1274,0.8000,VIX 15-25,20 %+
140,exit,2021-03-15,2021-03-02,2021-03-15,2021-04-16,profit_target,short_put,P,3215.0000,3968.9399,32,20.0300,24.8900,0.0004,3.3864,2.1382,2021-04-16,0.0000,370,3210.0000,3220.0000,False,3215.0000,3.3864,4.1000,4.3000,6.5900,425 x 1299,748.0000,0.3658,-0.0244,3968.7800,,True,4.2000,0.1000,False,-18.9960,15.3175,20.5345,36.5780,-18.9960,put,exit (~21 DTE),35.7313,1.1192,0.8000,VIX 15-25,18-20 %
140,exit,2021-03-15,2021-03-02,2021-03-15,2021-04-16,profit_target,short_call,C,4360.0000,3968.9399,32,20.0300,24.8900,0.0004,2.8621,2.1382,2021-04-16,0.0000,370,4350.0000,4375.0000,True,4350.0000,3.2711,1.0000,1.1400,0.9700,1092 x 684,38.0000,0.1454,0.0174,3968.7800,,True,1.0700,0.0700,False,9.8530,15.3175,20.5345,14.5350,9.6011,call,exit (~21 DTE),17.6542,-0.0815,-0.3000,VIX 15-25,08-10 %
140,exit,2021-03-15,2021-03-02,2021-03-15,2021-04-16,profit_target,long_call,C,4410.0000,3968.9399,32,20.0300,24.8900,0.0004,1.3994,2.1382,2021-04-16,0.0000,370,4400.0000,4425.0000,True,4400.0000,1.6253,0.5900,0.7400,0.6200,611 x 850,27.0000,0.1506,0.0107,3968.7800,,True,0.6650,0.0750,False,11.1128,15.3175,20.5345,15.0600,10.8608,call,exit (~21 DTE),17.2763,-0.0237,-0.3000,VIX 15-25,10-12 %
141,entry,2021-03-15,2021-03-15,2021-03-22,2021-04-16,profit_target,long_put,P,3450.0000,3968.9399,32,20.0300,24.8900,0.0004,9.6490,4.7243,2021-04-16,0.0000,370,3445.0000,3455.0000,False,3450.0000,9.6490,7.9000,8.2000,8.2100,530 x 344,,0.2943,-0.0526,3968.7800,,True,8.0500,0.1500,False,-13.0750,15.3175,20.5345,29.4330,-13.0750,put,entry (~45 DTE),30.9946,1.0796,0.8000,VIX 15-25,12-14 %
141,entry,2021-03-15,2021-03-15,2021-03-22,2021-04-16,profit_target,short_put,P,3500.0000,3968.9399,32,20.0300,24.8900,0.0004,12.0720,4.7243,2021-04-16,0.0000,370,3495.0000,3505.0000,False,3500.0000,12.0720,9.5000,9.8000,9.6600,338 x 573,508.0000,0.2810,-0.0642,3968.7800,,True,9.6500,0.1500,False,-11.8152,15.3175,20.5345,28.0960,-11.8152,put,entry (~45 DTE),29.9867,1.0815,0.8000,VIX 15-25,10-12 %
141,entry,2021-03-15,2021-03-15,2021-03-22,2021-04-16,profit_target,short_call,C,4320.0000,3968.9399,32,20.0300,24.8900,0.0004,4.7977,4.7243,2021-04-16,0.0000,370,4310.0000,4325.0000,False,4320.0000,4.7977,1.4000,1.5500,1.3500,250 x 1107,2.0000,0.1431,0.0235,3968.7800,,True,1.4750,0.0750,False,8.8452,15.3175,20.5345,14.3100,8.8452,call,entry (~45 DTE),17.8810,-0.1139,-0.3000,VIX 15-25,08-10 %
141,entry,2021-03-15,2021-03-15,2021-03-22,2021-04-16,profit_target,long_call,C,4370.0000,3968.9399,32,20.0300,24.8900,0.0004,2.4964,4.7243,2021-04-16,0.0000,370,4350.0000,4375.0000,True,4375.0000,2.3288,0.7100,0.9500,0.8000,100 x 257,1.0000,0.1482,0.0135,3968.7800,,True,0.8300,0.1200,False,10.1050,15.3175,20.5345,14.8250,10.2309,call,entry (~45 DTE),17.4653,-0.0481,-0.3000,VIX 15-25,10-12 %
141,exit,2021-03-22,2021-03-15,2021-03-22,2021-04-16,profit_target,long_put,P,3450.0000,3940.5901,25,18.8800,22.9400,0.0003,3.4342,1.5307,2021-04-16,0.0000,375,3445.0000,3455.0000,False,3450.0000,3.4342,4.8000,5.1000,5.4000,100 x 1820,219.0000,0.2908,-0.0394,3940.7300,,True,4.9500,0.1500,False,-12.4497,13.8350,17.4791,29.0840,-12.4497,put,exit (~21 DTE),27.4388,1.2249,0.8000,VIX 15-25,12-14 %
141,exit,2021-03-22,2021-03-15,2021-03-22,2021-04-16,profit_target,short_put,P,3500.0000,3940.5901,25,18.8800,22.9400,0.0003,4.6923,1.5307,2021-04-16,0.0000,375,3495.0000,3505.0000,False,3500.0000,4.6923,5.8000,6.0900,6.0000,588 x 538,680.0000,0.2755,-0.0485,3940.7300,,True,5.9450,0.1450,False,-11.1808,13.8350,17.4791,27.5520,-11.1808,put,exit (~21 DTE),26.4237,1.2268,0.8000,VIX 15-25,10-12 %
141,exit,2021-03-22,2021-03-15,2021-03-22,2021-04-16,profit_target,short_call,C,4320.0000,3940.5901,25,18.8800,22.9400,0.0003,0.3868,1.5307,2021-04-16,0.0000,375,4310.0000,4325.0000,False,4320.0000,0.3868,0.2600,0.4000,0.5000,238 x 3535,0.0000,0.1399,0.0069,3940.7300,,True,0.3300,0.0700,False,9.6283,13.8350,17.4791,13.9950,9.6283,call,exit (~21 DTE),14.5906,0.0166,-0.3000,VIX 15-25,08-10 %
141,exit,2021-03-22,2021-03-15,2021-03-22,2021-04-16,profit_target,long_call,C,4370.0000,3940.5901,25,18.8800,22.9400,0.0003,0.1141,1.5307,2021-04-16,0.0000,375,4350.0000,4375.0000,True,4375.0000,0.1000,0.1500,0.3000,0.2900,483 x 2044,6.0000,0.1504,0.0047,3940.7300,,True,0.2250,0.0750,False,10.8971,13.8350,17.4791,15.0390,11.0240,call,exit (~21 DTE),14.1719,0.1092,-0.3000,VIX 15-25,10-12 %
142,entry,2021-04-06,2021-04-06,2021-04-26,2021-05-21,profit_target,long_put,P,3500.0000,4073.9399,45,18.1200,21.1600,0.0002,15.7129,6.0385,2021-05-21,0.0000,375,3495.0000,3505.0000,False,3500.0000,15.7129,9.0000,9.4000,9.5000,1053 x 2083,856.0000,0.2721,-0.0532,4074.1300,,True,9.2000,0.2000,False,-14.0881,14.0435,19.6987,27.2120,-14.0881,put,entry (~45 DTE),30.9692,0.9347,0.8000,VIX 15-25,14-16 %
142,entry,2021-04-06,2021-04-06,2021-04-26,2021-05-21,profit_target,short_put,P,3555.0000,4073.9399,45,18.1200,21.1600,0.0002,18.8976,6.0385,2021-05-21,0.0000,375,3550.0000,3560.0000,False,3555.0000,18.8976,10.9000,11.2000,27.1000,100 x 950,0.0000,0.2602,-0.0652,4074.1300,,True,11.0500,0.1500,False,-12.7380,14.0435,19.6987,26.0210,-12.7380,put,entry (~45 DTE),29.8892,0.9403,0.8000,VIX 15-25,12-14 %
142,entry,2021-04-06,2021-04-06,2021-04-26,2021-05-21,profit_target,short_call,C,4465.0000,4073.9399,45,18.1200,21.1600,0.0002,6.0855,6.0385,2021-05-21,0.0000,375,4450.0000,4475.0000,True,4475.0000,5.4539,1.6600,1.8500,2.1600,505 x 236,5.0000,0.1353,0.0245,4074.1300,,True,1.7550,0.0950,False,9.5991,14.0435,19.6987,13.5300,9.8445,call,entry (~45 DTE),16.7454,-0.0522,-0.3000,VIX 15-25,08-10 %
142,entry,2021-04-06,2021-04-06,2021-04-26,2021-05-21,profit_target,long_call,C,4520.0000,4073.9399,45,18.1200,21.1600,0.0002,3.2317,6.0385,2021-05-21,0.0000,375,4500.0000,4525.0000,True,4525.0000,3.0395,1.1000,1.3000,1.5000,714 x 558,6.0000,0.1397,0.0171,4074.1300,,True,1.2000,0.1000,False,10.9491,14.0435,19.6987,13.9740,11.0718,call,entry (~45 DTE),16.3772,-0.0063,-0.3000,VIX 15-25,10-12 %
142,exit,2021-04-26,2021-04-06,2021-04-26,2021-05-21,profit_target,long_put,P,3500.0000,4187.6201,25,17.6400,21.5400,0.0003,1.0284,2.1292,2021-05-21,0.0000,389,3495.0000,3505.0000,False,3500.0000,1.0284,2.0400,2.2000,2.1000,131 x 549,55.0000,0.3201,-0.0163,4188.0000,,True,2.1200,0.0800,False,-16.4203,13.4075,16.2889,32.0100,-16.4203,put,exit (~21 DTE),29.4252,1.1329,0.8000,VIX 15-25,16-18 %
142,exit,2021-04-26,2021-04-06,2021-04-26,2021-05-21,profit_target,short_put,P,3555.0000,4187.6201,25,17.6400,21.5400,0.0003,1.4312,2.1292,2021-05-21,0.0000,389,3550.0000,3560.0000,False,3555.0000,1.4312,2.5000,2.7000,2.9900,128 x 1212,0.0000,0.3050,-0.0208,4188.0000,,True,2.6000,0.1000,False,-15.1069,13.4075,16.2889,30.5040,-15.1069,put,exit (~21 DTE),28.3745,1.1317,0.8000,VIX 15-25,14-16 %
142,exit,2021-04-26,2021-04-06,2021-04-26,2021-05-21,profit_target,short_call,C,4465.0000,4187.6201,25,17.6400,21.5400,0.0003,2.6787,2.1292,2021-05-21,0.0000,389,4460.0000,4475.0000,False,4465.0000,2.6787,0.6500,0.8600,0.7000,1556 x 121,0.0000,0.1153,0.0161,4188.0000,,True,0.7550,0.1050,False,6.6238,13.4075,16.2889,11.5290,6.6238,call,exit (~21 DTE),14.3018,-0.2836,-0.3000,VIX 15-25,06-8 %
142,exit,2021-04-26,2021-04-06,2021-04-26,2021-05-21,profit_target,long_call,C,4520.0000,4187.6201,25,17.6400,21.5400,0.0003,0.9522,2.1292,2021-05-21,0.0000,389,4500.0000,4525.0000,True,4525.0000,0.8593,0.2900,0.4500,0.4000,1140 x 202,0.0000,0.1231,0.0084,4188.0000,,True,0.3700,0.0800,False,7.9372,13.4075,16.2889,12.3090,8.0566,call,exit (~21 DTE),13.8719,-0.1363,-0.3000,VIX 15-25,08-10 %
143,entry,2021-05-04,2021-05-04,2021-05-21,2021-06-18,profit_target,long_put,P,3540.0000,4164.6602,45,19.4800,22.6700,0.0002,17.0371,6.2431,2021-06-18,0.0000,445,3535.0000,3545.0000,False,3540.0000,17.0371,10.8000,11.2900,9.7000,379 x 379,0.0000,0.2974,-0.0563,4165.8800,,True,11.0450,0.2450,False,-14.9991,15.7233,21.1353,29.7380,-14.9991,put,entry (~45 DTE),33.1345,0.9344,0.8000,VIX 15-25,14-16 %
143,entry,2021-05-04,2021-05-04,2021-05-21,2021-06-18,profit_target,short_put,P,3595.0000,4164.6602,45,19.4800,22.6700,0.0002,20.2382,6.2431,2021-06-18,0.0000,445,3590.0000,3600.0000,False,3595.0000,20.2382,12.7100,13.1000,13.6000,426 x 203,3.0000,0.2845,-0.0673,4165.8800,,True,12.9050,0.1950,False,-13.6784,15.7233,21.1353,28.4530,-13.6784,put,entry (~45 DTE),32.0780,0.9306,0.8000,VIX 15-25,12-14 %
143,entry,2021-05-04,2021-05-04,2021-05-21,2021-06-18,profit_target,short_call,C,4590.0000,4164.6602,45,19.4800,22.6700,0.0002,7.0503,6.2431,2021-06-18,0.0000,445,4575.0000,4600.0000,True,4600.0000,6.3906,0.8500,1.0400,0.9100,279 x 521,312.0000,0.1298,0.0145,4165.8800,,True,0.9450,0.0950,False,10.2131,15.7233,21.1353,12.9830,10.4532,call,entry (~45 DTE),17.9993,-0.2621,-0.3000,VIX 15-25,10-12 %
143,entry,2021-05-04,2021-05-04,2021-05-21,2021-06-18,profit_target,long_call,C,4645.0000,4164.6602,45,19.4800,22.6700,0.0002,4.0083,6.2431,2021-06-18,0.0000,445,4625.0000,4650.0000,True,4650.0000,3.7961,0.5500,0.7000,0.5900,273 x 377,7.0000,0.1336,0.0093,4165.8800,,True,0.6250,0.0750,False,11.5337,15.7233,21.1353,13.3600,11.6538,call,entry (~45 DTE),17.6391,-0.2028,-0.3000,VIX 15-25,10-12 %
143,exit,2021-05-21,2021-05-04,2021-05-21,2021-06-18,profit_target,long_put,P,3540.0000,4155.8599,28,20.1500,23.4900,0.0001,4.5671,2.0512,2021-06-18,0.0000,446,3535.0000,3545.0000,False,3540.0000,4.5671,5.9100,6.1000,5.8000,234 x 114,,0.3300,-0.0377,4156.3000,,True,6.0050,0.0950,False,-14.8191,15.0540,19.7587,33.0030,-14.8191,put,exit (~21 DTE),31.6139,1.2112,0.8000,VIX 15-25,14-16 %
143,exit,2021-05-21,2021-05-04,2021-05-21,2021-06-18,profit_target,short_put,P,3595.0000,4155.8599,28,20.1500,23.4900,0.0001,5.9809,2.0512,2021-06-18,0.0000,446,3590.0000,3600.0000,False,3595.0000,5.9809,6.9900,7.3000,6.9900,266 x 319,176.0000,0.3151,-0.0457,4156.3000,,True,7.1450,0.1550,False,-13.4956,15.0540,19.7587,31.5150,-13.4956,put,exit (~21 DTE),30.5552,1.2197,0.8000,VIX 15-25,12-14 %
143,exit,2021-05-21,2021-05-04,2021-05-21,2021-06-18,profit_target,short_call,C,4590.0000,4155.8599,28,20.1500,23.4900,0.0001,1.0314,2.0512,2021-06-18,0.0000,446,4575.0000,4600.0000,True,4600.0000,0.8737,0.1500,0.4000,0.2800,101 x 711,35.0000,0.1410,0.0056,4156.3000,,True,0.2750,0.1250,False,10.4465,15.0540,19.7587,14.0970,10.6871,call,exit (~21 DTE),16.5526,-0.0895,-0.3000,VIX 15-25,10-12 %
143,exit,2021-05-21,2021-05-04,2021-05-21,2021-06-18,profit_target,long_call,C,4645.0000,4155.8599,28,20.1500,23.4900,0.0001,0.3941,2.0512,2021-06-18,0.0000,446,4625.0000,4650.0000,True,4650.0000,0.3588,0.0400,0.2000,0.3000,1307 x 807,0.0000,0.1420,0.0027,4156.3000,,True,0.1200,0.0800,False,11.7699,15.0540,19.7587,14.1970,11.8902,call,exit (~21 DTE),16.1916,-0.0721,-0.3000,VIX 15-25,10-12 %
144,entry,2021-06-01,2021-06-01,2021-06-14,2021-07-16,profit_target,long_put,P,3620.0000,4202.0400,45,17.9000,21.3400,0.0002,16.7308,6.2976,2021-07-16,0.0000,292,3610.0000,3625.0000,False,3620.0000,16.7308,11.1000,11.3900,10.3000,618 x 305,0.0000,0.2792,-0.0610,4202.0700,,True,11.2450,0.1450,False,-13.8514,13.5763,19.6952,27.9150,-13.8514,put,entry (~45 DTE),30.7763,1.0352,0.8000,VIX 15-25,12-14 %
144,entry,2021-06-01,2021-06-01,2021-06-14,2021-07-16,profit_target,short_put,P,3675.0000,4202.0400,45,17.9000,21.3400,0.0002,20.0137,6.2976,2021-07-16,0.0000,292,3670.0000,3680.0000,False,3675.0000,20.0137,12.8900,13.2000,12.8900,230 x 100,400.0000,0.2656,-0.0715,4202.0700,,True,13.0450,0.1550,False,-12.5425,13.5763,19.6952,26.5620,-12.5425,put,entry (~45 DTE),29.7292,1.0353,0.8000,VIX 15-25,12-14 %
144,entry,2021-06-01,2021-06-01,2021-06-14,2021-07-16,profit_target,short_call,C,4600.0000,4202.0400,45,17.9000,21.3400,0.0002,6.6347,6.2976,2021-07-16,0.0000,292,4590.0000,4610.0000,False,4600.0000,6.6347,0.7600,1.1000,0.9100,582 x 317,13.0000,0.1182,0.0150,4202.0700,,True,0.9300,0.1700,False,9.4706,13.5763,19.6952,11.8160,9.4706,call,entry (~45 DTE),16.8541,-0.1859,-0.3000,VIX 15-25,08-10 %
144,entry,2021-06-01,2021-06-01,2021-06-14,2021-07-16,profit_target,long_call,C,4655.0000,4202.0400,45,17.9000,21.3400,0.0002,3.6200,6.2976,2021-07-16,0.0000,292,4650.0000,4675.0000,True,4650.0000,3.8361,0.5000,0.7000,0.6000,113 x 246,12.0000,0.1225,0.0097,4202.0700,,True,0.6000,0.1000,False,10.7795,13.5763,19.6952,12.2500,10.6605,call,entry (~45 DTE),16.4971,-0.1244,-0.3000,VIX 15-25,10-12 %
144,exit,2021-06-14,2021-06-01,2021-06-14,2021-07-16,profit_target,long_put,P,3620.0000,4255.1499,32,16.3900,20.1400,0.0003,3.8210,2.5167,2021-07-16,0.0000,292,3610.0000,3625.0000,False,3620.0000,3.8210,4.9000,5.0900,5.2000,438 x 1357,1.0000,0.2990,-0.0328,4255.5900,,True,4.9950,0.0950,False,-14.9266,11.4355,16.7772,29.9000,-14.9266,put,exit (~21 DTE),28.7185,1.2370,0.8000,VIX 15-25,14-16 %
144,exit,2021-06-14,2021-06-01,2021-06-14,2021-07-16,profit_target,short_put,P,3675.0000,4255.1499,32,16.3900,20.1400,0.0003,4.9521,2.5167,2021-07-16,0.0000,292,3670.0000,3680.0000,False,3675.0000,4.9521,5.6000,5.8000,6.8000,454 x 471,,0.2827,-0.0380,4255.5900,,True,5.7000,0.1000,False,-13.6341,11.4355,16.7772,28.2720,-13.6341,put,exit (~21 DTE),27.6845,1.2349,0.8000,VIX 15-25,12-14 %
144,exit,2021-06-14,2021-06-01,2021-06-14,2021-07-16,profit_target,short_call,C,4600.0000,4255.1499,32,16.3900,20.1400,0.0003,2.2729,2.5167,2021-07-16,0.0000,292,4590.0000,4610.0000,False,4600.0000,2.2729,0.3500,0.5500,0.4200,380 x 388,53.0000,0.1105,0.0094,4255.5900,,True,0.4500,0.1000,False,8.1043,11.4355,16.7772,11.0450,8.1043,call,exit (~21 DTE),14.3459,-0.0482,-0.3000,VIX 15-25,08-10 %
144,exit,2021-06-14,2021-06-01,2021-06-14,2021-07-16,profit_target,long_call,C,4655.0000,4255.1499,32,16.3900,20.1400,0.0003,0.8873,2.5167,2021-07-16,0.0000,292,4650.0000,4675.0000,True,4650.0000,0.9721,0.2000,0.3500,0.2700,610 x 1248,20.0000,0.1173,0.0060,4255.5900,,True,0.2750,0.0750,False,9.3969,11.4355,16.7772,11.7270,9.2793,call,exit (~21 DTE),13.9934,0.0314,-0.3000,VIX 15-25,08-10 %
145,entry,2021-06-14,2021-06-14,2021-06-23,2021-07-16,profit_target,long_put,P,3785.0000,4255.1499,32,16.3900,20.1400,0.0003,8.3822,4.7939,2021-07-16,0.0000,292,3780.0000,3790.0000,True,3780.0000,8.1821,7.6000,7.8100,8.2800,100 x 1175,3.0000,0.2523,-0.0549,4255.5900,,True,7.7050,0.1050,False,-11.0490,11.4355,16.7772,25.2330,-11.1665,put,entry (~45 DTE),25.7104,1.2356,0.8000,VIX 15-25,10-12 %
145,entry,2021-06-14,2021-06-14,2021-06-23,2021-07-16,profit_target,short_put,P,3840.0000,4255.1499,32,16.3900,20.1400,0.0003,10.9510,4.7939,2021-07-16,0.0000,292,3830.0000,3850.0000,False,3840.0000,10.9510,9.1000,9.4100,9.9000,1239 x 313,23.0000,0.2348,-0.0684,4255.5900,,True,9.2550,0.1550,False,-9.7564,11.4355,16.7772,23.4810,-9.7564,put,entry (~45 DTE),24.5823,1.2346,0.8000,VIX 15-25,08-10 %
145,entry,2021-06-14,2021-06-14,2021-06-23,2021-07-16,profit_target,short_call,C,4565.0000,4255.1499,32,16.3900,20.1400,0.0003,3.8652,4.7939,2021-07-16,0.0000,292,4560.0000,4570.0000,True,4560.0000,4.1534,0.6000,0.7600,0.6000,118 x 1557,5.0000,0.1057,0.0144,4255.5900,,True,0.6800,0.0800,False,7.2818,11.4355,16.7772,10.5720,7.1643,call,entry (~45 DTE),14.6279,-0.1205,-0.3000,VIX 15-25,06-8 %
145,entry,2021-06-14,2021-06-14,2021-06-23,2021-07-16,profit_target,long_call,C,4620.0000,4255.1499,32,16.3900,20.1400,0.0003,1.6401,4.7939,2021-07-16,0.0000,292,4610.0000,4625.0000,True,4625.0000,1.5075,0.2600,0.3600,0.3100,1445 x 3,2.0000,0.1118,0.0067,4255.5900,,True,0.3100,0.0500,False,8.5743,11.4355,16.7772,11.1820,8.6918,call,entry (~45 DTE),14.1697,-0.0292,-0.3000,VIX 15-25,08-10 %
145,exit,2021-06-23,2021-06-14,2021-06-23,2021-07-16,profit_target,long_put,P,3785.0000,4241.8398,23,16.3200,19.7000,0.0005,2.2754,1.3749,2021-07-16,0.0000,374,3780.0000,3790.0000,False,3785.0000,2.2754,4.5100,4.7100,5.4000,1473 x 405,0.0000,0.2598,-0.0399,4241.8300,,True,4.6100,0.1000,False,-10.7699,10.8935,14.5176,25.9770,-10.7699,put,exit (~21 DTE),23.1335,1.4005,0.8000,VIX 15-25,10-12 %
145,exit,2021-06-23,2021-06-14,2021-06-23,2021-07-16,profit_target,short_put,P,3840.0000,4241.8398,23,16.3200,19.7000,0.0005,3.3758,1.3749,2021-07-16,0.0000,374,3835.0000,3845.0000,False,3840.0000,3.3758,5.4000,5.7000,5.5100,1973 x 1754,13.0000,0.2414,-0.0502,4241.8300,,True,5.5500,0.1500,False,-9.4732,10.8935,14.5176,24.1370,-9.4732,put,exit (~21 DTE),22.0962,1.3980,0.8000,VIX 15-25,08-10 %
145,exit,2021-06-23,2021-06-14,2021-06-23,2021-07-16,profit_target,short_call,C,4565.0000,4241.8398,23,16.3200,19.7000,0.0005,0.3449,1.3749,2021-07-16,0.0000,374,4560.0000,4570.0000,True,4560.0000,0.3930,0.1000,0.2500,0.3200,3448 x 1571,3.0000,0.1093,0.0044,4241.8300,,True,0.1750,0.0750,False,7.6184,10.8935,14.5176,10.9300,7.5005,call,exit (~21 DTE),12.2675,0.0049,-0.3000,VIX 15-25,06-8 %
145,exit,2021-06-23,2021-06-14,2021-06-23,2021-07-16,profit_target,long_call,C,4620.0000,4241.8398,23,16.3200,19.7000,0.0005,0.0705,1.3749,2021-07-16,0.0000,374,4610.0000,4625.0000,False,4620.0000,0.0705,0.0500,0.1600,0.0000,928 x 832,,0.1191,0.0030,4241.8300,,True,0.1050,0.0550,False,8.9150,10.8935,14.5176,11.9130,8.9150,call,exit (~21 DTE),11.8431,0.1144,-0.3000,VIX 15-25,08-10 %
146,entry,2021-07-06,2021-07-06,2021-07-26,2021-08-20,profit_target,long_put,P,3785.0000,4343.5400,45,16.4400,20.2600,0.0005,16.8298,6.5655,2021-08-20,0.0000,298,3780.0000,3790.0000,True,3780.0000,16.5556,10.6000,10.9100,12.5600,148 x 1182,453.0000,0.2568,-0.0609,4343.4400,,True,10.7550,0.1550,False,-12.8591,11.9688,18.4491,25.6810,-12.9742,put,entry (~45 DTE),28.8285,1.0569,0.8000,VIX 15-25,12-14 %
146,entry,2021-07-06,2021-07-06,2021-07-26,2021-08-20,profit_target,short_put,P,3840.0000,4343.5400,45,16.4400,20.2600,0.0005,20.1828,6.5655,2021-08-20,0.0000,298,3830.0000,3850.0000,False,3840.0000,20.1828,12.5000,12.8000,13.6500,100 x 1046,48.0000,0.2427,-0.0737,4343.4400,,True,12.6500,0.1500,False,-11.5928,11.9688,18.4491,24.2720,-11.5928,put,entry (~45 DTE),27.7234,1.0613,0.8000,VIX 15-25,10-12 %
146,entry,2021-07-06,2021-07-06,2021-07-26,2021-08-20,profit_target,short_call,C,4720.0000,4343.5400,45,16.4400,20.2600,0.0005,6.9535,6.5655,2021-08-20,0.0000,298,4700.0000,4725.0000,True,4725.0000,6.5922,0.5600,0.7100,0.7000,643 x 876,0.0000,0.1058,0.0114,4343.4400,,True,0.6350,0.0750,False,8.6671,11.9688,18.4491,10.5830,8.7822,call,entry (~45 DTE),15.8145,-0.1578,-0.3000,VIX 15-25,08-10 %
146,entry,2021-07-06,2021-07-06,2021-07-26,2021-08-20,profit_target,long_call,C,4775.0000,4343.5400,45,16.4400,20.2600,0.0005,3.7411,6.5655,2021-08-20,0.0000,298,4750.0000,4800.0000,False,4775.0000,3.7411,0.3100,0.4500,0.4200,1286 x 282,0.0000,0.1099,0.0069,4343.4400,,True,0.3800,0.0700,False,9.9334,11.9688,18.4491,10.9900,9.9334,call,entry (~45 DTE),15.4691,-0.0985,-0.3000,VIX 15-25,08-10 %
146,exit,2021-07-26,2021-07-06,2021-07-26,2021-08-20,profit_target,long_put,P,3785.0000,4422.2998,25,17.5800,21.7400,0.0005,1.7287,2.2088,2021-08-20,0.0000,397,3780.0000,3790.0000,False,3785.0000,1.7287,3.5000,3.7000,7.3500,234 x 200,1.0000,0.3056,-0.0258,4422.4800,,True,3.6000,0.1000,False,-14.4110,11.6997,16.1241,30.5610,-14.4110,put,exit (~21 DTE),27.6529,1.3088,0.8000,VIX 15-25,14-16 %
146,exit,2021-07-26,2021-07-06,2021-07-26,2021-08-20,profit_target,short_put,P,3840.0000,4422.2998,25,17.5800,21.7400,0.0005,2.3774,2.2088,2021-08-20,0.0000,397,3835.0000,3845.0000,False,3840.0000,2.3774,4.1000,4.3000,5.4000,1951 x 100,3.0000,0.2894,-0.0311,4422.4800,,True,4.2000,0.1000,False,-13.1674,11.6997,16.1241,28.9390,-13.1674,put,exit (~21 DTE),26.6579,1.3092,0.8000,VIX 15-25,12-14 %
146,exit,2021-07-26,2021-07-06,2021-07-26,2021-08-20,profit_target,short_call,C,4720.0000,4422.2998,25,17.5800,21.7400,0.0005,2.4560,2.2088,2021-08-20,0.0000,397,4710.0000,4725.0000,False,4720.0000,2.4560,0.4100,0.4900,0.4000,234 x 227,0.0000,0.1074,0.0108,4422.4800,,True,0.4500,0.0400,False,6.7318,11.6997,16.1241,10.7370,6.7318,call,exit (~21 DTE),14.1045,-0.1430,-0.3000,VIX 15-25,06-8 %
146,exit,2021-07-26,2021-07-06,2021-07-26,2021-08-20,profit_target,long_call,C,4775.0000,4422.2998,25,17.5800,21.7400,0.0005,0.8958,2.2088,2021-08-20,0.0000,397,4770.0000,4780.0000,False,4775.0000,0.8958,0.2100,0.3600,0.2500,1859 x 1885,3.0000,0.1159,0.0063,4422.4800,,True,0.2850,0.0750,False,7.9755,11.6997,16.1241,11.5900,7.9755,call,exit (~21 DTE),13.7314,-0.0138,-0.3000,VIX 15-25,06-8 %
147,entry,2021-08-03,2021-08-03,2021-08-13,2021-09-17,profit_target,long_put,P,3805.0000,4423.1499,45,18.0400,22.1800,0.0005,18.4862,7.2293,2021-09-17,0.0000,415,3800.0000,3810.0000,False,3805.0000,18.4862,11.3100,11.7000,16.5000,474 x 344,4.0000,0.2760,-0.0597,4423.4700,,True,11.5050,0.1950,False,-13.9753,13.1702,20.2163,27.5990,-13.9753,put,entry (~45 DTE),31.3965,1.0324,0.8000,VIX 15-25,12-14 %
147,entry,2021-08-03,2021-08-03,2021-08-13,2021-09-17,profit_target,short_put,P,3865.0000,4423.1499,45,18.0400,22.1800,0.0005,22.1894,7.2293,2021-09-17,0.0000,415,3860.0000,3870.0000,False,3865.0000,22.1894,13.5100,13.9100,18.3500,285 x 285,17.0000,0.2630,-0.0720,4423.4700,,True,13.7100,0.2000,False,-12.6188,13.1702,20.2163,26.3040,-12.6188,put,entry (~45 DTE),30.3113,1.0408,0.8000,VIX 15-25,12-14 %
147,entry,2021-08-03,2021-08-03,2021-08-13,2021-09-17,profit_target,short_call,C,4845.0000,4423.1499,45,18.0400,22.1800,0.0005,7.8115,7.2293,2021-09-17,0.0000,415,4825.0000,4850.0000,True,4850.0000,7.4496,0.4500,0.5500,0.5000,1772 x 112,5.0000,0.1119,0.0091,4423.4700,,True,0.5000,0.0500,False,9.5373,13.1702,20.2163,11.1940,9.6504,call,entry (~45 DTE),17.3211,-0.2048,-0.3000,VIX 15-25,08-10 %
147,entry,2021-08-03,2021-08-03,2021-08-13,2021-09-17,profit_target,long_call,C,4905.0000,4423.1499,45,18.0400,22.1800,0.0005,4.2854,7.2293,2021-09-17,0.0000,415,4900.0000,4925.0000,True,4900.0000,4.5174,0.2900,0.4600,0.3500,986 x 842,1.0000,0.1183,0.0059,4423.4700,,True,0.3750,0.0850,False,10.8938,13.1702,20.2163,11.8280,10.7808,call,entry (~45 DTE),16.9820,-0.1245,-0.3000,VIX 15-25,10-12 %
147,exit,2021-08-13,2021-08-03,2021-08-13,2021-09-17,profit_target,long_put,P,3805.0000,4468.0000,35,15.4500,20.2600,0.0006,5.0994,2.8749,2021-09-17,0.0000,430,3800.0000,3810.0000,False,3805.0000,5.0994,5.6000,5.7100,6.2000,100 x 131,0.0000,0.2868,-0.0343,4468.3600,,True,5.6550,0.0550,False,-14.8389,10.8737,16.5985,28.6820,-14.8389,put,exit (~21 DTE),28.4696,1.2001,0.8000,VIX 15-25,14-16 %
147,exit,2021-08-13,2021-08-03,2021-08-13,2021-09-17,profit_target,short_put,P,3865.0000,4468.0000,35,15.4500,20.2600,0.0006,6.5526,2.8749,2021-09-17,0.0000,430,3860.0000,3870.0000,False,3865.0000,6.5526,6.5000,6.7000,6.8000,1666 x 318,1.0000,0.2717,-0.0411,4468.3600,,True,6.6000,0.1000,False,-13.4960,10.8737,16.5985,27.1670,-13.4960,put,exit (~21 DTE),27.3953,1.2073,0.8000,VIX 15-25,12-14 %
147,exit,2021-08-13,2021-08-03,2021-08-13,2021-09-17,profit_target,short_call,C,4845.0000,4468.0000,35,15.4500,20.2600,0.0006,2.2894,2.8749,2021-09-17,0.0000,430,4840.0000,4850.0000,True,4840.0000,2.4664,0.3000,0.4100,0.3500,110 x 1821,0.0000,0.1059,0.0073,4468.3600,,True,0.3550,0.0550,False,8.4378,10.8737,16.5985,10.5870,8.3259,call,exit (~21 DTE),14.1007,-0.0344,-0.3000,VIX 15-25,08-10 %
147,exit,2021-08-13,2021-08-03,2021-08-13,2021-09-17,profit_target,long_call,C,4905.0000,4468.0000,35,15.4500,20.2600,0.0006,0.8677,2.8749,2021-09-17,0.0000,430,4900.0000,4925.0000,True,4900.0000,0.9461,0.1400,0.3100,0.2300,2897 x 3031,2.0000,0.1137,0.0048,4468.3600,,True,0.2250,0.0850,False,9.7807,10.8737,16.5985,11.3670,9.6688,call,exit (~21 DTE),13.6978,0.0510,-0.3000,VIX 15-25,08-10 %
148,entry,2021-08-13,2021-08-13,2021-08-25,2021-09-17,profit_target,long_put,P,3980.0000,4468.0000,35,15.4500,20.2600,0.0006,10.6828,5.9898,2021-09-17,0.0000,430,3975.0000,3985.0000,False,3980.0000,10.6828,9.2000,9.4000,9.1900,918 x 304,1.0000,0.2430,-0.0615,4468.3600,,True,9.3000,0.1000,False,-10.9221,10.8737,16.5985,24.3010,-10.9221,put,entry (~45 DTE),25.3362,1.2294,0.8000,VIX 15-25,10-12 %
148,entry,2021-08-13,2021-08-13,2021-08-25,2021-09-17,profit_target,short_put,P,4040.0000,4468.0000,35,15.4500,20.2600,0.0006,13.8507,5.9898,2021-09-17,0.0000,430,4035.0000,4045.0000,False,4040.0000,13.8507,11.2000,11.4000,11.4800,506 x 100,1.0000,0.2280,-0.0764,4468.3600,,True,11.3000,0.1000,False,-9.5792,10.8737,16.5985,22.8000,-9.5792,put,entry (~45 DTE),24.2619,1.2450,0.8000,VIX 15-25,08-10 %
148,entry,2021-08-13,2021-08-13,2021-08-25,2021-09-17,profit_target,short_call,C,4790.0000,4468.0000,35,15.4500,20.2600,0.0006,4.9451,5.9898,2021-09-17,0.0000,430,4785.0000,4795.0000,False,4790.0000,4.9451,0.4600,0.6100,0.6000,2214 x 1413,0.0000,0.0985,0.0110,4468.3600,,True,0.5350,0.0750,False,7.2068,10.8737,16.5985,9.8510,7.2068,call,entry (~45 DTE),14.4364,-0.1419,-0.3000,VIX 15-25,06-8 %
148,entry,2021-08-13,2021-08-13,2021-08-25,2021-09-17,profit_target,long_call,C,4850.0000,4468.0000,35,15.4500,20.2600,0.0006,2.1231,5.9898,2021-09-17,0.0000,430,4840.0000,4860.0000,False,4850.0000,2.1231,0.2500,0.4100,0.3500,1796 x 3325,1.0000,0.1078,0.0065,4468.3600,,True,0.3300,0.0800,False,8.5497,10.8737,16.5985,10.7760,8.5497,call,entry (~45 DTE),14.0336,-0.0114,-0.3000,VIX 15-25,08-10 %
148,exit,2021-08-25,2021-08-13,2021-08-25,2021-09-17,profit_target,long_put,P,3980.0000,4496.1899,23,16.7900,20.7900,0.0006,1.9930,1.8673,2021-09-17,0.0000,435,3975.0000,3985.0000,False,3980.0000,1.9930,4.6000,4.7900,4.9300,2563 x 843,60.0000,0.2715,-0.0367,4496.2400,,True,4.6950,0.0950,False,-11.4806,10.1488,14.6041,27.1520,-11.4806,put,exit (~21 DTE),23.7886,1.4810,0.8000,VIX 15-25,10-12 %
148,exit,2021-08-25,2021-08-13,2021-08-25,2021-09-17,profit_target,short_put,P,4040.0000,4496.1899,23,16.7900,20.7900,0.0006,2.9780,1.8673,2021-09-17,0.0000,435,4035.0000,4045.0000,False,4040.0000,2.9780,5.7100,5.9000,5.8800,100 x 500,29.0000,0.2539,-0.0470,4496.2400,,True,5.8050,0.0950,False,-10.1461,10.1488,14.6041,25.3860,-10.1461,put,exit (~21 DTE),22.7210,1.5018,0.8000,VIX 15-25,10-12 %
148,exit,2021-08-25,2021-08-13,2021-08-25,2021-09-17,profit_target,short_call,C,4790.0000,4496.1899,23,16.7900,20.7900,0.0006,1.1750,1.8673,2021-09-17,0.0000,435,4785.0000,4795.0000,False,4790.0000,1.1750,0.1000,0.2500,0.3500,1074 x 1098,0.0000,0.0970,0.0052,4496.2400,,True,0.1750,0.0750,False,6.5346,10.1488,14.6041,9.7050,6.5346,call,exit (~21 DTE),12.6437,-0.0679,-0.3000,VIX 15-25,06-8 %
148,exit,2021-08-25,2021-08-13,2021-08-25,2021-09-17,profit_target,long_call,C,4850.0000,4496.1899,23,16.7900,20.7900,0.0006,0.2927,1.8673,2021-09-17,0.0000,435,4840.0000,4860.0000,False,4850.0000,0.2927,0.0500,0.1600,0.1500,1184 x 1705,3.0000,0.1074,0.0029,4496.2400,,True,0.1050,0.0550,False,7.8691,10.1488,14.6041,10.7410,7.8691,call,exit (~21 DTE),12.2434,0.0753,-0.3000,VIX 15-25,06-8 %
149,exit,2021-09-23,2021-08-31,2021-09-23,2021-10-15,profit_target,long_put,P,3940.0000,4448.9800,22,18.6300,21.3700,0.0003,3.1042,1.4927,2021-10-15,0.0000,404,3935.0000,3945.0000,False,3940.0000,3.1042,5.3000,5.4900,5.1800,1354 x 100,5.0000,0.2849,-0.0413,4448.2200,,True,5.3950,0.0950,False,-11.4404,13.4452,16.9498,28.4930,-11.4404,put,exit (~21 DTE),26.1021,1.3153,0.8000,VIX 15-25,10-12 %
149,exit,2021-09-23,2021-08-31,2021-09-23,2021-10-15,profit_target,short_put,P,4000.0000,4448.9800,22,18.6300,21.3700,0.0003,4.5406,1.4927,2021-10-15,0.0000,404,3995.0000,4005.0000,False,4000.0000,4.5406,6.6100,6.9000,6.6500,1955 x 1042,,0.2681,-0.0527,4448.2200,,True,6.7550,0.1450,False,-10.0918,13.4452,16.9498,26.8120,-10.0918,put,exit (~21 DTE),25.0232,1.3245,0.8000,VIX 15-25,10-12 %
149,exit,2021-09-23,2021-08-31,2021-09-23,2021-10-15,profit_target,short_call,C,4915.0000,4448.9800,22,18.6300,21.3700,0.0003,0.0685,1.4927,2021-10-15,0.0000,404,4910.0000,4920.0000,True,4910.0000,0.0781,0.0400,0.2500,0.1000,150 x 460,2.0000,0.1437,0.0034,4448.2200,,True,0.1450,0.1050,False,10.4748,13.4452,16.9498,14.3730,10.3624,call,exit (~21 DTE),13.8411,0.0895,-0.3000,VIX 15-25,10-12 %
150,entry,2021-10-05,2021-10-05,2021-10-18,2021-11-19,profit_target,long_put,P,3640.0000,4345.7202,45,21.3000,23.1100,0.0004,17.2662,5.6203,2021-11-19,0.0000,369,3630.0000,3650.0000,False,3640.0000,17.2662,11.6000,11.9000,10.7000,1092 x 1511,12.0000,0.3205,-0.0543,4345.2000,,True,11.7500,0.1500,False,-16.2394,17.4550,22.2234,32.0500,-16.2394,put,entry (~45 DTE),35.2150,0.8987,0.8000,VIX 15-25,16-18 %
150,entry,2021-10-05,2021-10-05,2021-10-18,2021-11-19,profit_target,short_put,P,3695.0000,4345.7202,45,21.3000,23.1100,0.0004,20.2523,5.6203,2021-11-19,0.0000,369,3690.0000,3700.0000,False,3695.0000,20.2523,13.7000,14.1000,12.7000,552 x 308,6.0000,0.3094,-0.0642,4345.2000,,True,13.9000,0.2000,False,-14.9738,17.4550,22.2234,30.9350,-14.9738,put,entry (~45 DTE),34.2025,0.9002,0.8000,VIX 15-25,14-16 %
150,entry,2021-10-05,2021-10-05,2021-10-18,2021-11-19,profit_target,short_call,C,4835.0000,4345.7202,45,21.3000,23.1100,0.0004,6.4102,5.6203,2021-11-19,0.0000,369,4830.0000,4840.0000,True,4830.0000,6.7094,0.5500,0.7000,0.7000,200 x 2863,2.0000,0.1279,0.0097,4345.2000,,True,0.6250,0.0750,False,11.2589,17.4550,22.2234,12.7910,11.1438,call,entry (~45 DTE),18.8803,-0.4185,-0.3000,VIX 15-25,10-12 %
150,entry,2021-10-05,2021-10-05,2021-10-18,2021-11-19,profit_target,long_call,C,4890.0000,4345.7202,45,21.3000,23.1100,0.0004,3.7760,5.6203,2021-11-19,0.0000,369,4880.0000,4900.0000,False,4890.0000,3.7760,0.3500,0.5000,0.5000,200 x 1518,9.0000,0.1344,0.0064,4345.2000,,True,0.4250,0.0750,False,12.5245,17.4550,22.2234,13.4400,12.5245,call,entry (~45 DTE),18.4661,-0.3206,-0.3000,VIX 15-25,12-14 %
150,exit,2021-10-18,2021-10-05,2021-10-18,2021-11-19,profit_target,long_put,P,3640.0000,4486.4600,32,16.3100,20.2900,0.0006,1.8264,2.1934,2021-11-19,0.0000,369,3630.0000,3650.0000,False,3640.0000,1.8264,2.6500,2.8000,2.7500,110 x 1329,49.0000,0.3326,-0.0165,4486.2600,,True,2.7250,0.0750,False,-18.8670,12.2485,16.7234,33.2620,-18.8670,put,exit (~21 DTE),31.8170,1.1138,0.8000,VIX 15-25,18-20 %
150,exit,2021-10-18,2021-10-05,2021-10-18,2021-11-19,profit_target,short_put,P,3695.0000,4486.4600,32,16.3100,20.2900,0.0006,2.3234,2.1934,2021-11-19,0.0000,369,3690.0000,3700.0000,False,3695.0000,2.3234,3.0000,3.2000,3.1000,2811 x 1484,12.0000,0.3182,-0.0192,4486.2600,,True,3.1000,0.1000,False,-17.6411,12.2485,16.7234,31.8210,-17.6411,put,exit (~21 DTE),30.8363,1.1095,0.8000,VIX 15-25,16-18 %
150,exit,2021-10-18,2021-10-05,2021-10-18,2021-11-19,profit_target,short_call,C,4835.0000,4486.4600,32,16.3100,20.2900,0.0006,2.9381,2.1934,2021-11-19,0.0000,369,4830.0000,4840.0000,True,4830.0000,3.1591,0.6000,0.7000,0.6500,100 x 958,8.0000,0.1114,0.0131,4486.2600,,True,0.6500,0.0500,False,7.7687,12.2485,16.7234,11.1430,7.6573,call,exit (~21 DTE),14.4262,-0.1444,-0.3000,VIX 15-25,06-8 %
150,exit,2021-10-18,2021-10-05,2021-10-18,2021-11-19,profit_target,long_call,C,4890.0000,4486.4600,32,16.3100,20.2900,0.0006,1.2418,2.1934,2021-11-19,0.0000,369,4880.0000,4900.0000,False,4890.0000,1.2418,0.2500,0.4000,0.3500,2346 x 110,11.0000,0.1165,0.0064,4486.2600,,True,0.3250,0.0750,False,8.9946,12.2485,16.7234,11.6470,8.9946,call,exit (~21 DTE),14.0250,-0.0669,-0.3000,VIX 15-25,08-10 %
151,entry,2021-10-18,2021-10-18,2021-10-29,2021-11-19,dte_exit,long_put,P,3995.0000,4486.4600,32,16.3100,20.2900,0.0006,8.9196,5.3145,2021-11-19,0.0000,369,3990.0000,4000.0000,False,3995.0000,8.9196,7.9000,8.1000,8.3000,100 x 657,17.0000,0.2456,-0.0557,4486.2600,,True,8.0000,0.1000,False,-10.9543,12.2485,16.7234,24.5580,-10.9543,put,entry (~45 DTE),25.4868,1.1237,0.8000,VIX 15-25,10-12 %
151,entry,2021-10-18,2021-10-18,2021-10-29,2021-11-19,dte_exit,short_put,P,4055.0000,4486.4600,32,16.3100,20.2900,0.0006,11.7719,5.3145,2021-11-19,0.0000,369,4050.0000,4060.0000,False,4055.0000,11.7719,10.0000,10.2000,10.4000,100 x 220,24.0000,0.2328,-0.0707,4486.2600,,True,10.1000,0.1000,False,-9.6169,12.2485,16.7234,23.2780,-9.6169,put,entry (~45 DTE),24.4170,1.1469,0.8000,VIX 15-25,08-10 %
151,entry,2021-10-18,2021-10-18,2021-10-29,2021-11-19,dte_exit,short_call,C,4810.0000,4486.4600,32,16.3100,20.2900,0.0006,4.1845,5.3145,2021-11-19,0.0000,369,4805.0000,4820.0000,False,4810.0000,4.1845,0.7500,0.9000,0.8000,1933 x 2328,10.0000,0.1097,0.0161,4486.2600,,True,0.8250,0.0750,False,7.2115,12.2485,16.7234,10.9720,7.2115,call,entry (~45 DTE),14.5600,-0.1770,-0.3000,VIX 15-25,06-8 %
151,entry,2021-10-18,2021-10-18,2021-10-29,2021-11-19,dte_exit,long_call,C,4870.0000,4486.4600,32,16.3100,20.2900,0.0006,1.7223,5.3145,2021-11-19,0.0000,369,4860.0000,4875.0000,False,4870.0000,1.7223,0.3500,0.5000,0.4000,3371 x 2852,9.0000,0.1158,0.0079,4486.2600,,True,0.4250,0.0750,False,8.5488,12.2485,16.7234,11.5750,8.5488,call,entry (~45 DTE),14.1588,-0.0788,-0.3000,VIX 15-25,08-10 %
151,exit,2021-10-29,2021-10-18,2021-10-29,2021-11-19,dte_exit,long_put,P,3995.0000,4605.3799,21,16.2600,20.3700,0.0005,0.4817,2.5770,2021-11-19,0.0000,382,3990.0000,4000.0000,False,3995.0000,0.4817,3.1000,3.3000,3.3500,1132 x 3444,60.0000,0.3003,-0.0244,4605.4500,,True,3.2000,0.1000,False,-13.2536,11.6542,12.9463,30.0250,-13.2536,put,exit (~21 DTE),23.5492,1.3861,0.8000,VIX 15-25,12-14 %
151,exit,2021-10-29,2021-10-18,2021-10-29,2021-11-19,dte_exit,short_put,P,4055.0000,4605.3799,21,16.2600,20.3700,0.0005,0.7540,2.5770,2021-11-19,0.0000,382,4050.0000,4060.0000,False,4055.0000,0.7540,3.6000,3.9000,4.4000,1371 x 2300,7.0000,0.2816,-0.0302,4605.4500,,True,3.7500,0.1500,False,-11.9508,11.6542,12.9463,28.1580,-11.9508,put,exit (~21 DTE),22.5069,1.3810,0.8000,VIX 15-25,10-12 %
151,exit,2021-10-29,2021-10-18,2021-10-29,2021-11-19,dte_exit,short_call,C,4810.0000,4605.3799,21,16.2600,20.3700,0.0005,3.1143,2.5770,2021-11-19,0.0000,382,4805.0000,4815.0000,False,4810.0000,3.1143,0.7000,0.9000,0.7500,904 x 619,3.0000,0.0881,0.0213,4605.4500,,True,0.8000,0.1000,False,4.4431,11.6542,12.9463,8.8060,4.4431,call,exit (~21 DTE),11.6133,-0.6411,-0.3000,VIX 15-25,04-6 %
151,exit,2021-10-29,2021-10-18,2021-10-29,2021-11-19,dte_exit,long_call,C,4870.0000,4605.3799,21,16.2600,20.3700,0.0005,0.8096,2.5770,2021-11-19,0.0000,382,4865.0000,4875.0000,False,4870.0000,0.8096,0.2500,0.4000,0.3000,3707 x 1769,7.0000,0.0965,0.0092,4605.4500,,True,0.3250,0.0750,False,5.7459,11.6542,12.9463,9.6470,5.7459,call,exit (~21 DTE),11.2225,-0.3493,-0.3000,VIX 15-25,04-6 %
152,entry,2021-11-02,2021-11-02,2021-11-24,2021-12-17,profit_target,long_put,P,4050.0000,4630.6499,45,16.0300,20.1000,0.0005,18.1054,7.3995,2021-12-17,0.0000,420,4045.0000,4055.0000,False,4050.0000,18.1054,12.0000,12.3000,12.5000,1613 x 1039,15.0000,0.2538,-0.0644,4631.0500,,True,12.1500,0.1500,False,-12.5393,12.9645,18.1793,25.3820,-12.5393,put,entry (~45 DTE),28.2107,0.9903,0.8000,VIX 15-25,12-14 %
152,entry,2021-11-02,2021-11-02,2021-11-24,2021-12-17,profit_target,short_put,P,4110.0000,4630.6499,45,16.0300,20.1000,0.0005,21.8533,7.3995,2021-12-17,0.0000,420,4105.0000,4115.0000,False,4110.0000,21.8533,14.5000,14.8000,15.1000,1941 x 1216,35.0000,0.2424,-0.0790,4631.0500,,True,14.6500,0.1500,False,-11.2436,12.9645,18.1793,24.2440,-11.2436,put,entry (~45 DTE),27.1741,1.0032,0.8000,VIX 15-25,10-12 %
152,entry,2021-11-02,2021-11-02,2021-11-24,2021-12-17,profit_target,short_call,C,5020.0000,4630.6499,45,16.0300,20.1000,0.0005,7.7400,7.3995,2021-12-17,0.0000,420,5010.0000,5025.0000,False,5020.0000,7.7400,0.7500,0.9000,0.8500,2286 x 3236,2.0000,0.1055,0.0135,4631.0500,,True,0.8250,0.0750,False,8.4081,12.9645,18.1793,10.5540,8.4081,call,entry (~45 DTE),15.6568,-0.2867,-0.3000,VIX 15-25,08-10 %
152,entry,2021-11-02,2021-11-02,2021-11-24,2021-12-17,profit_target,long_call,C,5080.0000,4630.6499,45,16.0300,20.1000,0.0005,4.0884,7.3995,2021-12-17,0.0000,420,5075.0000,5100.0000,True,5075.0000,4.3249,0.4500,0.6000,0.6000,3510 x 1646,4.0000,0.1101,0.0085,4631.0500,,True,0.5250,0.0750,False,9.7038,12.9645,18.1793,11.0070,9.5958,call,entry (~45 DTE),15.3005,-0.2040,-0.3000,VIX 15-25,08-10 %
152,exit,2021-11-24,2021-11-02,2021-11-24,2021-12-17,profit_target,long_put,P,4050.0000,4701.4600,23,18.5800,21.9000,0.0006,1.9009,2.4805,2021-12-17,0.0000,438,4045.0000,4055.0000,False,4050.0000,1.9009,5.0000,5.2000,5.9100,689 x 480,13.0000,0.3243,-0.0330,4701.6500,,True,5.1000,0.1000,False,-13.8565,13.1915,16.8482,32.4280,-13.8565,put,exit (~21 DTE),27.9335,1.3883,0.8000,VIX 15-25,12-14 %
152,exit,2021-11-24,2021-11-02,2021-11-24,2021-12-17,profit_target,short_put,P,4110.0000,4701.4600,23,18.5800,21.9000,0.0006,2.6805,2.4805,2021-12-17,0.0000,438,4105.0000,4115.0000,False,4110.0000,2.6805,5.8000,6.0000,7.0800,100 x 1397,1.0000,0.3049,-0.0394,4701.6500,,True,5.9000,0.1000,False,-12.5803,13.1915,16.8482,30.4920,-12.5803,put,exit (~21 DTE),26.9125,1.3752,0.8000,VIX 15-25,12-14 %
152,exit,2021-11-24,2021-11-02,2021-11-24,2021-12-17,profit_target,short_call,C,5020.0000,4701.4600,23,18.5800,21.9000,0.0006,2.6626,2.4805,2021-12-17,0.0000,438,5015.0000,5025.0000,False,5020.0000,2.6626,0.5500,0.6000,0.7500,336 x 1,1.0000,0.1144,0.0127,4701.6500,,True,0.5750,0.0250,False,6.7753,13.1915,16.8482,11.4360,6.7753,call,exit (~21 DTE),14.8156,-0.2591,-0.3000,VIX 15-25,06-8 %
152,exit,2021-11-24,2021-11-02,2021-11-24,2021-12-17,profit_target,long_call,C,5080.0000,4701.4600,23,18.5800,21.9000,0.0006,0.9617,2.4805,2021-12-17,0.0000,438,5075.0000,5090.0000,False,5080.0000,0.9617,0.2500,0.3500,0.4500,1315 x 1,1.0000,0.1217,0.0061,4701.6500,,True,0.3000,0.0500,False,8.0515,13.1915,16.8482,12.1670,8.0515,call,exit (~21 DTE),14.4328,-0.1272,-0.3000,VIX 15-25,08-10 %
153,entry,2021-12-07,2021-12-07,2021-12-21,2022-01-21,profit_target,long_put,P,3905.0000,4686.7500,45,21.8900,24.9600,0.0006,20.3295,6.7649,2022-01-21,0.0000,403,3900.0000,3910.0000,False,3905.0000,20.3295,14.0000,14.4000,26.7900,656 x 183,57.0000,0.3382,-0.0568,4686.8400,,True,14.2000,0.2000,False,-16.6800,16.5422,23.4752,33.8150,-16.6800,put,entry (~45 DTE),36.8192,1.0355,0.8000,VIX 15-25,16-18 %
153,entry,2021-12-07,2021-12-07,2021-12-21,2022-01-21,profit_target,short_put,P,3965.0000,4686.7500,45,21.8900,24.9600,0.0006,23.7608,6.7649,2022-01-21,0.0000,403,3960.0000,3970.0000,False,3965.0000,23.7608,14.7000,17.6000,53.8300,420 x 387,2.0000,0.3253,-0.0651,4686.8400,,True,16.1500,1.4500,False,-15.3998,16.5422,23.4752,32.5280,-15.3998,put,entry (~45 DTE),35.7951,1.0380,0.8000,VIX 15-25,14-16 %
153,entry,2021-12-07,2021-12-07,2021-12-21,2022-01-21,profit_target,short_call,C,5225.0000,4686.7500,45,21.8900,24.9600,0.0006,8.6457,6.7649,2022-01-21,0.0000,403,5200.0000,5250.0000,False,5225.0000,8.6457,1.0000,1.2500,0.9500,731 x 127,1.0000,0.1383,0.0137,4686.8400,,True,1.1250,0.1250,False,11.4845,16.5422,23.4752,13.8290,11.4845,call,entry (~45 DTE),20.0299,-0.2363,-0.3000,VIX 15-25,10-12 %
153,entry,2021-12-07,2021-12-07,2021-12-21,2022-01-21,profit_target,long_call,C,5285.0000,4686.7500,45,21.8900,24.9600,0.0006,5.3121,6.7649,2022-01-21,0.0000,403,5275.0000,5300.0000,True,5275.0000,5.7795,0.7500,0.9500,0.7000,823 x 1650,2.0000,0.1435,0.0108,4686.8400,,True,0.8500,0.1000,False,12.7647,16.5422,23.4752,14.3500,12.5513,call,entry (~45 DTE),19.7098,-0.1747,-0.3000,VIX 15-25,12-14 %
153,exit,2021-12-21,2021-12-07,2021-12-21,2022-01-21,profit_target,long_put,P,3905.0000,4649.2300,31,21.0100,25.0000,0.0007,6.8752,2.2932,2022-01-21,0.0000,403,3900.0000,3910.0000,False,3905.0000,6.8752,7.2000,7.5000,7.3000,100 x 200,5.0000,0.3418,-0.0378,4648.9800,,True,7.3500,0.1500,False,-16.0076,16.6457,21.2203,34.1780,-16.0076,put,exit (~21 DTE),34.0264,1.0952,0.8000,VIX 15-25,16-18 %
153,exit,2021-12-21,2021-12-07,2021-12-21,2022-01-21,profit_target,short_put,P,3965.0000,4649.2300,31,21.0100,25.0000,0.0007,8.6505,2.2932,2022-01-21,0.0000,403,3960.0000,3970.0000,False,3965.0000,8.6505,8.3000,8.6000,8.4000,100 x 310,6.0000,0.3256,-0.0447,4648.9800,,True,8.4500,0.1500,False,-14.7171,16.6457,21.2203,32.5580,-14.7171,put,exit (~21 DTE),32.9940,1.0812,0.8000,VIX 15-25,14-16 %
153,exit,2021-12-21,2021-12-07,2021-12-21,2022-01-21,profit_target,short_call,C,5225.0000,4649.2300,31,21.0100,25.0000,0.0007,0.8870,2.2932,2022-01-21,0.0000,403,5200.0000,5250.0000,False,5225.0000,0.8870,0.1500,0.3000,0.2000,302 x 542,6.0000,0.1474,0.0041,4648.9800,,True,0.2250,0.0750,False,12.3842,16.6457,21.2203,14.7440,12.3842,call,exit (~21 DTE),17.5051,-0.1536,-0.3000,VIX 15-25,12-14 %
153,exit,2021-12-21,2021-12-07,2021-12-21,2022-01-21,profit_target,long_call,C,5285.0000,4649.2300,31,21.0100,25.0000,0.0007,0.3691,2.2932,2022-01-21,0.0000,403,5275.0000,5300.0000,True,5275.0000,0.4302,0.0500,0.1500,0.1300,2412 x 2,4.0000,0.1460,0.0015,4648.9800,,True,0.1000,0.0500,False,13.6747,16.6457,21.2203,14.6030,13.4596,call,exit (~21 DTE),17.1824,-0.1518,-0.3000,VIX 15-25,12-14 %
154,entry,2021-12-21,2021-12-21,2021-12-29,2022-01-21,profit_target,long_put,P,4020.0000,4649.2300,31,21.0100,25.0000,0.0007,10.6796,5.3709,2022-01-21,0.0000,403,4015.0000,4025.0000,False,4020.0000,10.6796,9.4000,10.0000,10.0000,325 x 100,7.0000,0.3114,-0.0518,4648.9800,,True,9.7000,0.3000,False,-13.5341,16.6457,21.2203,31.1370,-13.5341,put,entry (~45 DTE),32.0476,1.0707,0.8000,VIX 15-25,12-14 %
154,entry,2021-12-21,2021-12-21,2021-12-29,2022-01-21,profit_target,short_put,P,4080.0000,4649.2300,31,21.0100,25.0000,0.0007,13.4433,5.3709,2022-01-21,0.0000,403,4075.0000,4085.0000,False,4080.0000,13.4433,11.5000,11.9000,11.9000,296 x 581,5.0000,0.2978,-0.0634,4648.9800,,True,11.7000,0.2000,False,-12.2435,16.6457,21.2203,29.7820,-12.2435,put,entry (~45 DTE),31.0152,1.0729,0.8000,VIX 15-25,12-14 %
154,entry,2021-12-21,2021-12-21,2021-12-29,2022-01-21,profit_target,short_call,C,5075.0000,4649.2300,31,21.0100,25.0000,0.0007,5.3894,5.3709,2022-01-21,0.0000,403,5070.0000,5080.0000,False,5075.0000,5.3894,0.9000,1.1000,0.9000,2864 x 1416,5.0000,0.1368,0.0157,4648.9800,,True,1.0000,0.1000,False,9.1579,16.6457,21.2203,13.6830,9.1579,call,entry (~45 DTE),18.4730,-0.3235,-0.3000,VIX 15-25,08-10 %
154,entry,2021-12-21,2021-12-21,2021-12-29,2022-01-21,profit_target,long_call,C,5135.0000,4649.2300,31,21.0100,25.0000,0.0007,2.7821,5.3709,2022-01-21,0.0000,403,5130.0000,5140.0000,True,5130.0000,2.9482,0.4500,0.6500,0.5500,1025 x 907,3.0000,0.1397,0.0090,4648.9800,,True,0.5500,0.1000,False,10.4484,16.6457,21.2203,13.9730,10.3409,call,entry (~45 DTE),18.1181,-0.2585,-0.3000,VIX 15-25,10-12 %
154,exit,2021-12-29,2021-12-21,2021-12-29,2022-01-21,profit_target,long_put,P,4020.0000,4793.0601,23,16.9500,21.8300,0.0005,0.4735,1.5408,2022-01-21,0.0000,414,4015.0000,4025.0000,False,4020.0000,0.4735,2.6500,2.8000,10.0000,1017 x 798,7.0000,0.3351,-0.0177,4792.9400,,True,2.7250,0.0750,False,-16.1287,11.4580,14.1742,33.5140,-16.1287,put,exit (~21 DTE),27.0772,1.3675,0.8000,VIX 15-25,16-18 %
154,exit,2021-12-29,2021-12-21,2021-12-29,2022-01-21,profit_target,short_put,P,4080.0000,4793.0601,23,16.9500,21.8300,0.0005,0.6826,1.5408,2022-01-21,0.0000,414,4075.0000,4085.0000,False,4080.0000,0.6826,3.0000,3.2000,3.0200,1577 x 1572,5.0000,0.3168,-0.0211,4792.9400,,True,3.1000,0.1000,False,-14.8769,11.4580,14.1742,31.6790,-14.8769,put,exit (~21 DTE),26.0757,1.3592,0.8000,VIX 15-25,14-16 %
154,exit,2021-12-29,2021-12-21,2021-12-29,2022-01-21,profit_target,short_call,C,5075.0000,4793.0601,23,16.9500,21.8300,0.0005,1.8620,1.5408,2022-01-21,0.0000,414,5070.0000,5080.0000,False,5075.0000,1.8620,0.9500,1.1000,1.7000,1500 x 164,1.0000,0.1099,0.0212,4792.9400,,True,1.0250,0.0750,False,5.8823,11.4580,14.1742,10.9850,5.8823,call,exit (~21 DTE),12.4095,-0.0804,-0.3000,VIX 15-25,04-6 %
154,exit,2021-12-29,2021-12-21,2021-12-29,2022-01-21,profit_target,long_call,C,5135.0000,4793.0601,23,16.9500,21.8300,0.0005,0.5304,1.5408,2022-01-21,0.0000,414,5130.0000,5140.0000,False,5135.0000,0.5304,0.4000,0.6000,0.0000,1298 x 716,,0.1164,0.0100,4792.9400,,True,0.5000,0.1000,False,7.1341,11.4580,14.1742,11.6420,7.1341,call,exit (~21 DTE),12.0340,0.0258,-0.3000,VIX 15-25,06-8 %
155,entry,2022-01-04,2022-01-04,2022-01-28,2022-02-18,dte_exit,long_put,P,4165.0000,4793.5400,45,16.9100,21.6200,0.0008,20.3284,7.7459,2022-02-18,0.0000,404,4160.0000,4170.0000,False,4165.0000,20.3284,11.8000,12.2000,12.8000,1849 x 771,4.0000,0.2604,-0.0610,4793.1900,,True,12.0000,0.2000,False,-13.1122,13.2275,19.4084,26.0390,-13.1122,put,entry (~45 DTE),29.8982,0.9771,0.8000,VIX 15-25,12-14 %
155,entry,2022-01-04,2022-01-04,2022-01-28,2022-02-18,dte_exit,short_put,P,4225.0000,4793.5400,45,16.9100,21.6200,0.0008,24.1835,7.7459,2022-02-18,0.0000,404,4220.0000,4230.0000,False,4225.0000,24.1835,14.0000,14.4000,13.5000,554 x 579,21.0000,0.2489,-0.0728,4793.1900,,True,14.2000,0.2000,False,-11.8605,13.2275,19.4084,24.8940,-11.8605,put,entry (~45 DTE),28.8968,0.9836,0.8000,VIX 15-25,10-12 %
155,entry,2022-01-04,2022-01-04,2022-01-28,2022-02-18,dte_exit,short_call,C,5220.0000,4793.5400,45,16.9100,21.6200,0.0008,9.0093,7.7459,2022-02-18,0.0000,404,5210.0000,5225.0000,False,5220.0000,9.0093,0.8500,1.0000,1.9000,627 x 999,3.0000,0.1114,0.0142,4793.1900,,True,0.9250,0.0750,False,8.8966,13.2275,19.4084,11.1370,8.8966,call,entry (~45 DTE),16.7394,-0.2350,-0.3000,VIX 15-25,08-10 %
155,entry,2022-01-04,2022-01-04,2022-01-28,2022-02-18,dte_exit,long_call,C,5280.0000,4793.5400,45,16.9100,21.6200,0.0008,5.1186,7.7459,2022-02-18,0.0000,404,5275.0000,5300.0000,True,5275.0000,5.3787,0.5000,0.6500,0.7000,961 x 363,3.0000,0.1158,0.0090,4793.1900,,True,0.5750,0.0750,False,10.1482,13.2275,19.4084,11.5830,10.0439,call,entry (~45 DTE),16.3952,-0.1637,-0.3000,VIX 15-25,10-12 %
155,exit,2022-01-28,2022-01-04,2022-01-28,2022-02-18,dte_exit,long_put,P,4165.0000,4431.8501,21,27.6600,28.8200,0.0019,38.7775,11.3773,2022-02-18,0.0000,404,4160.0000,4170.0000,False,4165.0000,38.7775,34.2000,35.0000,35.9300,150 x 98,2.0000,0.2897,-0.1924,4431.8000,,True,34.6000,0.4000,False,-6.0212,22.9390,26.8879,28.9690,-6.0212,put,exit (~21 DTE),31.7048,1.0015,0.8000,VIX > 25,06-8 %
155,exit,2022-01-28,2022-01-04,2022-01-28,2022-02-18,dte_exit,short_put,P,4225.0000,4431.8501,21,27.6600,28.8200,0.0019,50.1217,11.3773,2022-02-18,0.0000,404,4220.0000,4230.0000,False,4225.0000,50.1217,44.0000,44.8000,46.9700,131 x 120,27.0000,0.2759,-0.2431,4431.8000,,True,44.4000,0.4000,False,-4.6674,22.9390,26.8879,27.5910,-4.6674,put,exit (~21 DTE),30.6218,0.9967,0.8000,VIX > 25,04-6 %
155,exit,2022-01-28,2022-01-04,2022-01-28,2022-02-18,dte_exit,short_call,C,5220.0000,4431.8501,21,27.6600,28.8200,0.0019,0.0494,11.3773,2022-02-18,0.0000,404,5210.0000,5225.0000,False,5220.0000,0.0494,0.0500,0.2000,0.2000,363 x 553,78.0000,0.2328,0.0021,4431.8000,,True,0.1250,0.0750,False,17.7838,22.9390,26.8879,23.2840,17.7838,call,exit (~21 DTE),21.5527,0.0194,-0.3000,VIX > 25,16-18 %
156,entry,2022-02-01,2022-02-01,2022-02-25,2022-03-18,dte_exit,long_put,P,3785.0000,4546.5400,45,21.9600,24.7600,0.0020,19.3359,6.6405,2022-03-18,0.0000,418,3780.0000,3790.0000,True,3780.0000,19.0781,13.1000,13.7000,32.6400,694 x 320,1.0000,0.3398,-0.0552,4544.9500,,True,13.4000,0.3000,False,-16.7499,18.0090,23.4019,33.9810,-16.8599,put,entry (~45 DTE),36.8898,0.9473,0.8000,VIX 15-25,16-18 %
156,entry,2022-02-01,2022-02-01,2022-02-25,2022-03-18,dte_exit,short_put,P,3845.0000,4546.5400,45,21.9600,24.7600,0.0020,22.7156,6.6405,2022-03-18,0.0000,418,3840.0000,3850.0000,False,3845.0000,22.7156,15.6000,16.0000,22.5000,1136 x 1004,1.0000,0.3271,-0.0661,4544.9500,,True,15.8000,0.2000,False,-15.4302,18.0090,23.4019,32.7070,-15.4302,put,entry (~45 DTE),35.7461,0.9525,0.8000,VIX 15-25,14-16 %
156,entry,2022-02-01,2022-02-01,2022-02-25,2022-03-18,dte_exit,short_call,C,5070.0000,4546.5400,45,21.9600,24.7600,0.0020,8.2050,6.6405,2022-03-18,0.0000,418,5065.0000,5075.0000,False,5070.0000,8.2050,1.4500,1.6500,2.1800,250 x 250,1.0000,0.1457,0.0182,4544.9500,,True,1.5500,0.1000,False,11.5134,18.0090,23.4019,14.5720,11.5134,call,entry (~45 DTE),19.9479,-0.2985,-0.3000,VIX 15-25,10-12 %
156,entry,2022-02-01,2022-02-01,2022-02-25,2022-03-18,dte_exit,long_call,C,5130.0000,4546.5400,45,21.9600,24.7600,0.0020,4.9442,6.6405,2022-03-18,0.0000,418,5125.0000,5135.0000,False,5130.0000,4.9442,0.9000,1.0500,4.5000,394 x 169,25.0000,0.1495,0.0117,4544.9500,,True,0.9750,0.0750,False,12.8331,18.0090,23.4019,14.9500,12.8331,call,entry (~45 DTE),19.5520,-0.2384,-0.3000,VIX 15-25,12-14 %
156,exit,2022-02-25,2022-02-01,2022-02-25,2022-03-18,dte_exit,long_put,P,3785.0000,4384.6499,21,27.5900,28.0400,0.0033,8.7524,2.9650,2022-03-18,0.0000,430,3780.0000,3790.0000,False,3785.0000,8.7524,9.2000,9.6000,0.0000,450 x 693,,0.3815,-0.0532,4385.3400,,True,9.4000,0.2000,False,-13.6761,22.9785,27.2968,38.1490,-13.6761,put,exit (~21 DTE),38.2377,1.1093,0.8000,VIX > 25,12-14 %
156,exit,2022-02-25,2022-02-01,2022-02-25,2022-03-18,dte_exit,short_put,P,3845.0000,4384.6499,21,27.5900,28.0400,0.0033,11.5486,2.9650,2022-03-18,0.0000,430,3840.0000,3850.0000,False,3845.0000,11.5486,11.4000,11.8000,21.2900,1359 x 845,1.0000,0.3657,-0.0653,4385.3400,,True,11.6000,0.2000,False,-12.3077,22.9785,27.2968,36.5720,-12.3077,put,exit (~21 DTE),37.1430,1.1045,0.8000,VIX > 25,12-14 %
156,exit,2022-02-25,2022-02-01,2022-02-25,2022-03-18,dte_exit,short_call,C,5070.0000,4384.6499,21,27.5900,28.0400,0.0033,0.2793,2.9650,2022-03-18,0.0000,430,5065.0000,5075.0000,False,5070.0000,0.2793,0.1500,0.3500,0.3000,1964 x 2082,1.0000,0.2207,0.0037,4385.3400,,True,0.2500,0.1000,False,15.6307,22.9785,27.2968,22.0740,15.6307,call,exit (~21 DTE),22.6076,-0.0579,-0.3000,VIX > 25,14-16 %
156,exit,2022-02-25,2022-02-01,2022-02-25,2022-03-18,dte_exit,long_call,C,5130.0000,4384.6499,21,27.5900,28.0400,0.0033,0.1105,2.9650,2022-03-18,0.0000,430,5125.0000,5135.0000,False,5130.0000,0.1105,0.1000,0.2500,0.2500,1252 x 1156,1.0000,0.2282,0.0022,4385.3400,,True,0.1750,0.0750,False,16.9991,22.9785,27.2968,22.8190,16.9991,call,exit (~21 DTE),22.1971,-0.0094,-0.3000,VIX > 25,16-18 %
157,entry,2022-03-02,2022-03-02,2022-03-16,2022-04-14,profit_target,long_put,P,3405.0000,4386.5400,43,30.7400,30.9700,0.0033,18.6366,5.3924,2022-04-14,0.0000,427,3400.0000,3410.0000,True,3400.0000,18.4052,12.3000,12.6000,12.1100,380 x 347,153.0000,0.4443,-0.0431,4385.6200,,True,12.4500,0.1500,False,-22.3762,24.2973,30.8445,44.4260,-22.4902,put,entry (~45 DTE),48.8366,0.8950,0.8000,VIX > 25,20 %+
157,entry,2022-03-02,2022-03-02,2022-03-16,2022-04-14,profit_target,short_put,P,3460.0000,4386.5400,43,30.7400,30.9700,0.0033,21.3675,5.3924,2022-04-14,0.0000,427,3450.0000,3470.0000,False,3460.0000,21.3675,14.1000,14.4000,21.6000,250 x 189,4.0000,0.4311,-0.0493,4385.6200,,True,14.2500,0.1500,False,-21.1223,24.2973,30.8445,43.1060,-21.1223,put,entry (~45 DTE),47.7424,0.8905,0.8000,VIX > 25,20 %+
157,entry,2022-03-02,2022-03-02,2022-03-16,2022-04-14,profit_target,short_call,C,5080.0000,4386.5400,43,30.7400,30.9700,0.0033,8.6375,5.3924,2022-04-14,0.0000,427,5075.0000,5085.0000,False,5080.0000,8.6375,0.6000,0.8000,2.4500,1070 x 972,1.0000,0.1772,0.0085,4385.6200,,True,0.7000,0.1000,False,15.8088,24.2973,30.8445,17.7200,15.8088,call,entry (~45 DTE),26.1019,-0.4160,-0.3000,VIX > 25,14-16 %
157,entry,2022-03-02,2022-03-02,2022-03-16,2022-04-14,profit_target,long_call,C,5135.0000,4386.5400,43,30.7400,30.9700,0.0033,5.9760,5.3924,2022-04-14,0.0000,427,5130.0000,5140.0000,False,5135.0000,5.9760,0.4000,0.6000,1.6500,915 x 1486,1.0000,0.1813,0.0059,4385.6200,,True,0.5000,0.1000,False,17.0627,24.2973,30.8445,18.1260,17.0626,call,entry (~45 DTE),25.7257,-0.3617,-0.3000,VIX > 25,16-18 %
157,exit,2022-03-16,2022-03-02,2022-03-16,2022-04-14,profit_target,long_put,P,3405.0000,4357.8599,29,26.6700,28.9600,0.0044,4.2630,1.2646,2022-04-14,0.0000,435,3400.0000,3410.0000,True,3400.0000,4.1820,4.3000,4.5000,4.8000,350 x 716,386.0000,0.4396,-0.0206,4358.1300,,True,4.4000,0.1000,False,-21.8653,21.9333,26.5462,43.9590,-21.9801,put,exit (~21 DTE),44.1302,1.0021,0.8000,VIX > 25,20 %+
157,exit,2022-03-16,2022-03-02,2022-03-16,2022-04-14,profit_target,short_put,P,3460.0000,4357.8599,29,26.6700,28.9600,0.0044,5.2593,1.2646,2022-04-14,0.0000,435,3450.0000,3470.0000,False,3460.0000,5.2593,4.9000,5.1000,10.3000,963 x 541,1.0000,0.4223,-0.0241,4358.1300,,True,5.0000,0.1000,False,-20.6032,21.9333,26.5462,42.2300,-20.6032,put,exit (~21 DTE),43.0288,0.9851,0.8000,VIX > 25,20 %+
157,exit,2022-03-16,2022-03-02,2022-03-16,2022-04-14,profit_target,short_call,C,5080.0000,4357.8599,29,26.6700,28.9600,0.0044,0.5133,1.2646,2022-04-14,0.0000,435,5075.0000,5085.0000,False,5080.0000,0.5133,0.1000,0.2500,0.1500,1166 x 479,3.0000,0.1906,0.0025,4358.1300,,True,0.1750,0.0750,False,16.5710,21.9333,26.5462,19.0620,16.5710,call,exit (~21 DTE),21.5749,-0.1733,-0.3000,VIX > 25,16-18 %
157,exit,2022-03-16,2022-03-02,2022-03-16,2022-04-14,profit_target,long_call,C,5135.0000,4357.8599,29,26.6700,28.9600,0.0044,0.2450,1.2646,2022-04-14,0.0000,435,5130.0000,5140.0000,False,5135.0000,0.2450,0.0500,0.2000,0.1000,1797 x 635,2.0000,0.1965,0.0014,4358.1300,,True,0.1250,0.0750,False,17.8331,21.9333,26.5462,19.6470,17.8331,call,exit (~21 DTE),21.1963,-0.1282,-0.3000,VIX > 25,16-18 %
158,entry,2022-04-05,2022-04-05,2022-04-19,2022-05-20,profit_target,long_put,P,3780.0000,4525.1201,45,21.0300,24.9000,0.0066,18.9554,6.7305,2022-05-20,0.0000,402,3775.0000,3785.0000,False,3780.0000,18.9554,11.6000,11.8000,8.8000,868 x 100,1.0000,0.3244,-0.0513,4525.6800,,True,11.7000,0.1000,False,-16.4663,17.3850,23.0464,32.4430,-16.4663,put,entry (~45 DTE),36.2194,0.9145,0.8000,VIX 15-25,16-18 %
158,entry,2022-04-05,2022-04-05,2022-04-19,2022-05-20,profit_target,short_put,P,3840.0000,4525.1201,45,21.0300,24.9000,0.0066,22.3203,6.7305,2022-05-20,0.0000,402,3835.0000,3845.0000,False,3840.0000,22.3203,13.6000,13.9000,11.8000,848 x 2038,2327.0000,0.3125,-0.0605,4525.6800,,True,13.7500,0.1500,False,-15.1404,17.3850,23.0464,31.2550,-15.1404,put,entry (~45 DTE),35.1587,0.9161,0.8000,VIX 15-25,14-16 %
158,entry,2022-04-05,2022-04-05,2022-04-19,2022-05-20,profit_target,short_call,C,5035.0000,4525.1201,45,21.0300,24.9000,0.0066,8.3743,6.7305,2022-05-20,0.0000,402,5030.0000,5040.0000,True,5030.0000,8.7215,0.6000,0.7500,0.8500,2517 x 354,1.0000,0.1262,0.0100,4525.6800,,True,0.6750,0.0750,False,11.2678,17.3850,23.0464,12.6170,11.1573,call,entry (~45 DTE),19.6992,-0.4273,-0.3000,VIX 15-25,10-12 %
158,entry,2022-04-05,2022-04-05,2022-04-19,2022-05-20,profit_target,long_call,C,5095.0000,4525.1201,45,21.0300,24.9000,0.0066,5.0087,6.7305,2022-05-20,0.0000,402,5090.0000,5100.0000,True,5090.0000,5.2380,0.3500,0.5000,0.6000,963 x 1931,1.0000,0.1314,0.0068,4525.6800,,True,0.4250,0.0750,False,12.5937,17.3850,23.0464,13.1420,12.4832,call,entry (~45 DTE),19.3014,-0.3399,-0.3000,VIX 15-25,12-14 %
158,exit,2022-04-19,2022-04-05,2022-04-19,2022-05-20,profit_target,long_put,P,3780.0000,4462.2100,31,21.3700,25.0600,0.0083,7.7702,2.5390,2022-05-20,0.0000,402,3775.0000,3785.0000,False,3780.0000,7.7702,5.2000,5.4000,5.7000,1398 x 502,12.0000,0.3059,-0.0329,4464.5000,,True,5.3000,0.1000,False,-15.2886,17.4258,21.5631,30.5880,-15.2886,put,exit (~21 DTE),33.7940,0.8609,0.8000,VIX 15-25,14-16 %
158,exit,2022-04-19,2022-04-05,2022-04-19,2022-05-20,profit_target,short_put,P,3840.0000,4462.2100,31,21.3700,25.0600,0.0083,9.8477,2.5390,2022-05-20,0.0000,402,3835.0000,3845.0000,False,3840.0000,9.8477,6.4000,6.6000,7.0000,708 x 701,5.0000,0.2924,-0.0403,4464.5000,,True,6.5000,0.1000,False,-13.9440,17.4258,21.5631,29.2370,-13.9440,put,exit (~21 DTE),32.7183,0.8470,0.8000,VIX 15-25,12-14 %
158,exit,2022-04-19,2022-04-05,2022-04-19,2022-05-20,profit_target,short_call,C,5035.0000,4462.2100,31,21.3700,25.0600,0.0083,0.7706,2.5390,2022-05-20,0.0000,402,5030.0000,5040.0000,True,5030.0000,0.8277,0.1000,0.2000,0.1000,735 x 984,1.0000,0.1487,0.0026,4464.5000,,True,0.1500,0.0500,False,12.8365,17.4258,21.5631,14.8700,12.7244,call,exit (~21 DTE),17.7458,-0.2009,-0.3000,VIX 15-25,12-14 %
158,exit,2022-04-19,2022-04-05,2022-04-19,2022-05-20,profit_target,long_call,C,5095.0000,4462.2100,31,21.3700,25.0600,0.0083,0.3091,2.5390,2022-05-20,0.0000,402,5090.0000,5100.0000,True,5090.0000,0.3349,0.0500,0.1500,0.1000,525 x 621,1.0000,0.1555,0.0015,4464.5000,,True,0.1000,0.0500,False,14.1811,17.4258,21.5631,15.5540,14.0690,call,exit (~21 DTE),17.3424,-0.1330,-0.3000,VIX 15-25,14-16 %
159,entry,2022-04-19,2022-04-19,2022-04-29,2022-05-20,dte_exit,long_put,P,3845.0000,4462.2100,31,21.3700,25.0600,0.0083,10.0442,5.2884,2022-05-20,0.0000,402,3840.0000,3850.0000,False,3845.0000,10.0442,6.5000,6.7000,6.9000,1438 x 390,10.0000,0.2908,-0.0414,4464.5000,,True,6.6000,0.1000,False,-13.8319,17.4258,21.5631,29.0840,-13.8319,put,entry (~45 DTE),32.6286,0.8429,0.8000,VIX 15-25,12-14 %
159,entry,2022-04-19,2022-04-19,2022-04-29,2022-05-20,dte_exit,short_put,P,3905.0000,4462.2100,31,21.3700,25.0600,0.0083,12.7320,5.2884,2022-05-20,0.0000,402,3900.0000,3910.0000,False,3905.0000,12.7320,8.1000,8.4000,9.2000,1500 x 1060,9.0000,0.2774,-0.0519,4464.5000,,True,8.2500,0.1500,False,-12.4873,17.4258,21.5631,27.7370,-12.4873,put,entry (~45 DTE),31.5529,0.8257,0.8000,VIX 15-25,12-14 %
159,entry,2022-04-19,2022-04-19,2022-04-29,2022-05-20,dte_exit,short_call,C,4880.0000,4462.2100,31,21.3700,25.0600,0.0083,5.2829,5.2884,2022-05-20,0.0000,402,4875.0000,4885.0000,False,4880.0000,5.2829,0.5000,0.7000,0.5500,850 x 546,1.0000,0.1352,0.0104,4464.5000,,True,0.6000,0.1000,False,9.3628,17.4258,21.5631,13.5210,9.3629,call,entry (~45 DTE),18.7542,-0.4170,-0.3000,VIX 15-25,08-10 %
159,entry,2022-04-19,2022-04-19,2022-04-29,2022-05-20,dte_exit,long_call,C,4940.0000,4462.2100,31,21.3700,25.0600,0.0083,2.6823,5.2884,2022-05-20,0.0000,402,4930.0000,4950.0000,False,4940.0000,2.6823,0.2500,0.4000,0.1500,1860 x 1881,2.0000,0.1398,0.0053,4464.5000,,True,0.3250,0.0750,False,10.7075,17.4258,21.5631,13.9810,10.7075,call,entry (~45 DTE),18.3508,-0.3217,-0.3000,VIX 15-25,10-12 %
159,exit,2022-04-29,2022-04-19,2022-04-29,2022-05-20,dte_exit,long_put,P,3845.0000,4131.9302,21,33.4000,33.1800,0.0084,47.8372,12.4231,2022-05-20,0.0000,415,3840.0000,3850.0000,False,3845.0000,47.8372,40.4000,41.7000,23.4200,45 x 45,2.0000,0.3631,-0.1945,4132.1700,,True,41.0500,0.6500,False,-6.9442,28.7878,33.5407,36.3080,-6.9442,put,exit (~21 DTE),39.0960,1.0830,0.8000,VIX > 25,06-8 %
159,exit,2022-04-29,2022-04-19,2022-04-29,2022-05-20,dte_exit,short_put,P,3905.0000,4131.9302,21,33.4000,33.1800,0.0084,59.9238,12.4231,2022-05-20,0.0000,415,3900.0000,3910.0000,False,3905.0000,59.9238,49.8000,52.0000,44.8500,285 x 45,8.0000,0.3479,-0.2375,4132.1700,,True,50.9000,1.1000,False,-5.4921,28.7878,33.5407,34.7890,-5.4921,put,exit (~21 DTE),37.9344,1.0927,0.8000,VIX > 25,04-6 %
160,entry,2022-05-03,2022-05-03,2022-05-17,2022-06-17,profit_target,long_put,P,3265.0000,4175.4800,45,29.2500,30.8100,0.0091,19.1947,5.7448,2022-06-17,0.0000,426,3250.0000,3275.0000,True,3275.0000,19.6918,12.7000,13.1000,13.0000,378 x 549,202.0000,0.4294,-0.0470,4174.4400,,True,12.9000,0.2000,False,-21.8054,24.9125,30.0401,42.9410,-21.5659,put,entry (~45 DTE),47.2929,0.8360,0.8000,VIX > 25,20 %+
160,entry,2022-05-03,2022-05-03,2022-05-17,2022-06-17,profit_target,short_put,P,3320.0000,4175.4800,45,29.2500,30.8100,0.0091,22.0822,5.7448,2022-06-17,0.0000,426,3310.0000,3325.0000,False,3320.0000,22.0822,14.0000,14.4000,0.0000,718 x 100,,0.4180,-0.0520,4174.4400,,True,14.2000,0.2000,False,-20.4882,24.9125,30.0401,41.8040,-20.4882,put,entry (~45 DTE),46.4307,0.8245,0.8000,VIX > 25,20 %+
160,entry,2022-05-03,2022-05-03,2022-05-17,2022-06-17,profit_target,short_call,C,4820.0000,4175.4800,45,29.2500,30.8100,0.0091,8.9158,5.7448,2022-06-17,0.0000,426,4810.0000,4825.0000,False,4820.0000,8.9158,0.8000,1.0000,1.9500,730 x 562,7.0000,0.1732,0.0107,4174.4400,,True,0.9000,0.1000,False,15.4358,24.9125,30.0401,17.3240,15.4358,call,entry (~45 DTE),25.4094,-0.4916,-0.3000,VIX > 25,14-16 %
160,entry,2022-05-03,2022-05-03,2022-05-17,2022-06-17,profit_target,long_call,C,4875.0000,4175.4800,45,29.2500,30.8100,0.0091,6.0584,5.7448,2022-06-17,0.0000,426,4870.0000,4880.0000,False,4875.0000,6.0584,0.5000,0.6500,1.9000,1257 x 2248,10.0000,0.1750,0.0067,4174.4400,,True,0.5750,0.0750,False,16.7530,24.9125,30.0401,17.4960,16.7530,call,entry (~45 DTE),25.0142,-0.4427,-0.3000,VIX > 25,16-18 %
160,exit,2022-05-17,2022-05-03,2022-05-17,2022-06-17,profit_target,long_put,P,3265.0000,4088.8501,31,26.1000,28.3700,0.0108,6.0892,1.5860,2022-06-17,0.0000,452,3260.0000,3270.0000,True,3260.0000,5.9730,3.8000,4.0000,0.0000,107 x 643,,0.3904,-0.0218,4089.2200,,True,3.9000,0.1000,False,-20.1487,23.8550,26.2144,39.0370,-20.2710,put,exit (~21 DTE),42.4312,0.7490,0.8000,VIX > 25,20 %+
160,exit,2022-05-17,2022-05-03,2022-05-17,2022-06-17,profit_target,short_put,P,3320.0000,4088.8501,31,26.1000,28.3700,0.0108,7.5198,1.5860,2022-06-17,0.0000,452,3310.0000,3325.0000,False,3320.0000,7.5198,4.6000,4.8000,0.0000,543 x 543,75.0000,0.3752,-0.0265,4089.2200,,True,4.7000,0.1000,False,-18.8036,23.8550,26.2144,37.5180,-18.8036,put,exit (~21 DTE),41.2572,0.7266,0.8000,VIX > 25,18-20 %
160,exit,2022-05-17,2022-05-03,2022-05-17,2022-06-17,profit_target,short_call,C,4820.0000,4088.8501,31,26.1000,28.3700,0.0108,0.2733,1.5860,2022-06-17,0.0000,452,4810.0000,4825.0000,False,4820.0000,0.2733,0.1000,0.1500,0.1000,649 x 1,7.0000,0.1911,0.0020,4089.2200,,True,0.1250,0.0250,False,17.8816,23.8550,26.2144,19.1150,17.8816,call,exit (~21 DTE),20.8499,-0.2651,-0.3000,VIX > 25,16-18 %
160,exit,2022-05-17,2022-05-03,2022-05-17,2022-06-17,profit_target,long_call,C,4875.0000,4088.8501,31,26.1000,28.3700,0.0108,0.1179,1.5860,2022-06-17,0.0000,452,4870.0000,4880.0000,False,4875.0000,0.1179,0.0500,0.1500,0.0500,1315 x 102,6.0000,0.1990,0.0019,4089.2200,,True,0.1000,0.0500,False,19.2267,23.8550,26.2144,19.9040,19.2267,call,exit (~21 DTE),20.4464,-0.2055,-0.3000,VIX > 25,18-20 %
161,entry,2022-05-17,2022-05-17,2022-05-27,2022-06-17,dte_exit,long_put,P,3255.0000,4088.8501,31,26.1000,28.3700,0.0108,5.8590,2.2859,2022-06-17,0.0000,452,3250.0000,3260.0000,True,3250.0000,5.7471,3.6000,3.9000,3.4400,668 x 1457,350.0000,0.3930,-0.0205,4089.2200,,True,3.7500,0.1500,False,-20.3933,23.8550,26.2144,39.3000,-20.5156,put,entry (~45 DTE),42.6268,0.7528,0.8000,VIX > 25,20 %+
161,entry,2022-05-17,2022-05-17,2022-05-27,2022-06-17,dte_exit,short_put,P,3310.0000,4088.8501,31,26.1000,28.3700,0.0108,7.2375,2.2859,2022-06-17,0.0000,452,3300.0000,3320.0000,False,3310.0000,7.2375,4.4000,4.7000,23.7000,543 x 1206,25.0000,0.3779,-0.0251,4089.2200,,True,4.5500,0.1500,False,-19.0481,23.8550,26.2144,37.7870,-19.0481,put,entry (~45 DTE),41.4529,0.7314,0.8000,VIX > 25,18-20 %
161,entry,2022-05-17,2022-05-17,2022-05-27,2022-06-17,dte_exit,short_call,C,4670.0000,4088.8501,31,26.1000,28.3700,0.0108,1.8915,2.2859,2022-06-17,0.0000,452,4665.0000,4675.0000,False,4670.0000,1.8915,0.3500,0.5000,0.3500,1577 x 1014,8.0000,0.1790,0.0065,4089.2200,,True,0.4250,0.0750,False,14.2130,23.8550,26.2144,17.9010,14.2130,call,entry (~45 DTE),21.9505,-0.4189,-0.3000,VIX > 25,14-16 %
161,entry,2022-05-17,2022-05-17,2022-05-27,2022-06-17,dte_exit,long_call,C,4725.0000,4088.8501,31,26.1000,28.3700,0.0108,0.9841,2.2859,2022-06-17,0.0000,452,4720.0000,4730.0000,False,4725.0000,0.9841,0.2000,0.3000,0.2000,1128 x 102,111.0000,0.1823,0.0037,4089.2200,,True,0.2500,0.0500,False,15.5582,23.8550,26.2144,18.2300,15.5582,call,entry (~45 DTE),21.5469,-0.3615,-0.3000,VIX > 25,14-16 %
161,exit,2022-05-27,2022-05-17,2022-05-27,2022-06-17,dte_exit,long_put,P,3255.0000,4158.2402,21,25.7200,28.0200,0.0108,0.8350,0.6855,2022-06-17,0.0000,458,3250.0000,3260.0000,True,3250.0000,0.8117,1.4000,1.5500,1.4500,625 x 1414,5.0000,0.4417,-0.0093,4158.3400,,True,1.4750,0.0750,False,-21.7217,22.5373,24.1259,44.1750,-21.8419,put,exit (~21 DTE),41.5995,0.9907,0.8000,VIX > 25,20 %+
161,exit,2022-05-27,2022-05-17,2022-05-27,2022-06-17,dte_exit,short_put,P,3310.0000,4158.2402,21,25.7200,28.0200,0.0108,1.1380,0.6855,2022-06-17,0.0000,458,3300.0000,3320.0000,False,3310.0000,1.1380,1.6500,1.7500,1.8200,113 x 224,2.0000,0.4199,-0.0110,4158.3400,,True,1.7000,0.0500,False,-20.3990,22.5373,24.1259,41.9850,-20.3990,put,exit (~21 DTE),40.4451,0.9534,0.8000,VIX > 25,20 %+
161,exit,2022-05-27,2022-05-17,2022-05-27,2022-06-17,dte_exit,short_call,C,4670.0000,4158.2402,21,25.7200,28.0200,0.0108,0.6364,0.6855,2022-06-17,0.0000,458,4665.0000,4675.0000,False,4670.0000,0.6364,0.6000,0.7000,0.6000,649 x 584,1.0000,0.2005,0.0098,4158.3400,,True,0.6500,0.0500,False,12.3071,22.5373,24.1259,20.0500,12.3071,call,exit (~21 DTE),20.4338,-0.2021,-0.3000,VIX > 25,12-14 %
161,exit,2022-05-27,2022-05-17,2022-05-27,2022-06-17,dte_exit,long_call,C,4725.0000,4158.2402,21,25.7200,28.0200,0.0108,0.2539,0.6855,2022-06-17,0.0000,458,4720.0000,4730.0000,False,4725.0000,0.2539,0.4000,0.5500,0.3000,1967 x 1272,1.0000,0.2102,0.0065,4158.3400,,True,0.4750,0.0750,False,13.6298,22.5373,24.1259,21.0200,13.6298,call,exit (~21 DTE),20.0370,-0.1113,-0.3000,VIX > 25,12-14 %
162,entry,2022-05-31,2022-05-31,2022-06-24,2022-07-15,profit_target,long_put,P,3165.0000,4132.1499,45,26.1900,27.9900,0.0115,11.8376,3.2219,2022-07-15,0.0000,378,3160.0000,3170.0000,True,3160.0000,11.6745,5.6000,5.9000,15.2500,460 x 1380,2.0000,0.4020,-0.0243,4133.7200,,True,5.7500,0.1500,False,-23.4055,23.1200,27.1049,40.2030,-23.5265,put,entry (~45 DTE),45.9261,0.7261,0.8000,VIX > 25,20 %+
162,entry,2022-05-31,2022-05-31,2022-06-24,2022-07-15,profit_target,short_put,P,3220.0000,4132.1499,45,26.1900,27.9900,0.0115,13.7803,3.2219,2022-07-15,0.0000,378,3210.0000,3225.0000,False,3220.0000,13.7803,6.5000,6.8000,17.3800,228 x 228,1.0000,0.3875,-0.0294,4133.7200,,True,6.6500,0.1500,False,-22.0745,23.1200,27.1049,38.7490,-22.0745,put,entry (~45 DTE),44.7645,0.7080,0.8000,VIX > 25,20 %+
162,entry,2022-05-31,2022-05-31,2022-06-24,2022-07-15,profit_target,short_call,C,4815.0000,4132.1499,45,26.1900,27.9900,0.0115,3.1643,3.2219,2022-07-15,0.0000,378,4810.0000,4820.0000,True,4810.0000,3.3100,0.8000,1.0500,0.6500,647 x 206,1.0000,0.1821,0.0100,4133.7200,,True,0.9250,0.1250,False,16.5253,23.1200,27.1049,18.2120,16.4043,call,entry (~45 DTE),22.1837,-0.2992,-0.3000,VIX > 25,16-18 %
162,entry,2022-05-31,2022-05-31,2022-06-24,2022-07-15,profit_target,long_call,C,4870.0000,4132.1499,45,26.1900,27.9900,0.0115,1.8851,3.2219,2022-07-15,0.0000,378,4860.0000,4875.0000,False,4870.0000,1.8851,0.6000,0.8000,0.4000,205 x 746,50.0000,0.1882,0.0074,4133.7200,,True,0.7000,0.1000,False,17.8563,23.1200,27.1049,18.8230,17.8563,call,entry (~45 DTE),21.7480,-0.2406,-0.3000,VIX > 25,16-18 %
163,entry,2022-07-05,2022-07-05,2022-07-18,2022-08-19,profit_target,long_put,P,3000.0000,3831.3899,45,27.5400,28.9000,0.0189,14.7418,4.4500,2022-08-19,0.0000,410,2990.0000,3010.0000,False,3000.0000,14.7418,6.6000,6.9000,7.3300,1506 x 5409,197.0000,0.3889,-0.0315,3831.7000,,True,6.7500,0.1500,False,-21.6994,24.6715,28.2282,38.8910,-21.6994,put,entry (~45 DTE),45.5877,0.6553,0.8000,VIX > 25,20 %+
163,entry,2022-07-05,2022-07-05,2022-07-18,2022-08-19,profit_target,short_put,P,3050.0000,3831.3899,45,27.5400,28.9000,0.0189,17.0275,4.4500,2022-08-19,0.0000,410,3040.0000,3060.0000,False,3050.0000,17.0275,7.6000,7.9000,8.7000,2066 x 3558,40.0000,0.3761,-0.0367,3831.7000,,True,7.7500,0.1500,False,-20.3944,24.6715,28.2282,37.6080,-20.3944,put,entry (~45 DTE),44.5437,0.6343,0.8000,VIX > 25,20 %+
163,entry,2022-07-05,2022-07-05,2022-07-18,2022-08-19,profit_target,short_call,C,4415.0000,3831.3899,45,27.5400,28.9000,0.0189,6.2166,4.4500,2022-08-19,0.0000,410,4410.0000,4420.0000,True,4410.0000,6.4770,2.1000,2.2500,4.4400,2850 x 791,1.0000,0.1929,0.0228,3831.7000,,True,2.1750,0.0750,False,15.2323,24.6715,28.2282,19.2920,15.1018,call,entry (~45 DTE),23.6976,-0.3562,-0.3000,VIX > 25,14-16 %
163,entry,2022-07-05,2022-07-05,2022-07-18,2022-08-19,profit_target,long_call,C,4465.0000,3831.3899,45,27.5400,28.9000,0.0189,4.0523,4.4500,2022-08-19,0.0000,410,4460.0000,4470.0000,True,4460.0000,4.2358,1.4000,1.6000,1.9300,3873 x 2243,1.0000,0.1957,0.0159,3831.7000,,True,1.5000,0.1000,False,16.5373,24.6715,28.2282,19.5690,16.4068,call,entry (~45 DTE),23.3061,-0.3110,-0.3000,VIX > 25,16-18 %
163,exit,2022-07-18,2022-07-05,2022-07-18,2022-08-19,profit_target,long_put,P,3000.0000,3830.8501,32,25.3000,27.8200,0.0248,4.3695,1.4993,2022-08-19,0.0000,410,2990.0000,3010.0000,False,3000.0000,4.3695,2.8000,2.9500,2.9900,4004 x 110,114.0000,0.3998,-0.0165,3829.8900,,True,2.8750,0.0750,False,-21.6884,23.0073,25.5468,39.9760,-21.6884,put,exit (~21 DTE),42.8975,0.7824,0.8000,VIX > 25,20 %+
163,exit,2022-07-18,2022-07-05,2022-07-18,2022-08-19,profit_target,short_put,P,3050.0000,3830.8501,32,25.3000,27.8200,0.0248,5.3597,1.4993,2022-08-19,0.0000,410,3040.0000,3060.0000,False,3050.0000,5.3597,3.2000,3.4000,3.0000,3923 x 109,532.0000,0.3846,-0.0193,3829.8900,,True,3.3000,0.1000,False,-20.3832,23.0073,25.5468,38.4600,-20.3832,put,exit (~21 DTE),41.8534,0.7581,0.8000,VIX > 25,20 %+
163,exit,2022-07-18,2022-07-05,2022-07-18,2022-08-19,profit_target,short_call,C,4415.0000,3830.8501,32,25.3000,27.8200,0.0248,1.0137,1.4993,2022-08-19,0.0000,410,4410.0000,4420.0000,True,4410.0000,1.0832,0.5500,0.7000,1.0000,1853 x 4365,1.0000,0.1918,0.0082,3829.8900,,True,0.6250,0.0750,False,15.2486,23.0073,25.5468,19.1820,15.1181,call,exit (~21 DTE),21.0114,-0.2530,-0.3000,VIX > 25,14-16 %
163,exit,2022-07-18,2022-07-05,2022-07-18,2022-08-19,profit_target,long_call,C,4465.0000,3830.8501,32,25.3000,27.8200,0.0248,0.5046,1.4993,2022-08-19,0.0000,410,4460.0000,4470.0000,True,4460.0000,0.5426,0.3500,0.5000,0.4500,2729 x 3568,2.0000,0.1964,0.0058,3829.8900,,True,0.4250,0.0750,False,16.5538,23.0073,25.5468,19.6390,16.4232,call,exit (~21 DTE),20.6198,-0.2051,-0.3000,VIX > 25,16-18 %
164,entry,2022-07-18,2022-07-18,2022-07-29,2022-08-19,dte_exit,long_put,P,3135.0000,3830.8501,32,25.3000,27.8200,0.0248,7.5626,3.1906,2022-08-19,0.0000,410,3130.0000,3140.0000,True,3130.0000,7.4117,4.3000,4.5000,3.9000,103 x 1081,3.0000,0.3632,-0.0265,3829.8900,,True,4.4000,0.1000,False,-18.1644,23.0073,25.5468,36.3200,-18.2949,put,entry (~45 DTE),40.1827,0.7277,0.8000,VIX > 25,18-20 %
164,entry,2022-07-18,2022-07-18,2022-07-29,2022-08-19,dte_exit,short_put,P,3185.0000,3830.8501,32,25.3000,27.8200,0.0248,9.2468,3.1906,2022-08-19,0.0000,410,3180.0000,3190.0000,True,3180.0000,9.0632,5.0000,5.2000,4.7000,1536 x 2573,66.0000,0.3492,-0.0315,3829.8900,,True,5.1000,0.1000,False,-16.8592,23.0073,25.5468,34.9190,-16.9897,put,entry (~45 DTE),39.1386,0.7011,0.8000,VIX > 25,16-18 %
164,entry,2022-07-18,2022-07-18,2022-07-29,2022-08-19,dte_exit,short_call,C,4315.0000,3830.8501,32,25.3000,27.8200,0.0248,3.4217,3.1906,2022-08-19,0.0000,410,4310.0000,4320.0000,False,4315.0000,3.4217,1.2500,1.4000,2.2500,3032 x 3182,1.0000,0.1830,0.0180,3829.8900,,True,1.3250,0.0750,False,12.6382,23.0073,25.5468,18.3050,12.6382,call,entry (~45 DTE),21.7554,-0.3721,-0.3000,VIX > 25,12-14 %
164,entry,2022-07-18,2022-07-18,2022-07-29,2022-08-19,dte_exit,long_call,C,4365.0000,3830.8501,32,25.3000,27.8200,0.0248,1.9153,3.1906,2022-08-19,0.0000,410,4360.0000,4370.0000,False,4365.0000,1.9153,0.8000,0.9500,1.2000,2154 x 3631,1.0000,0.1875,0.0118,3829.8900,,True,0.8750,0.0750,False,13.9434,23.0073,25.5468,18.7530,13.9434,call,entry (~45 DTE),21.3638,-0.3051,-0.3000,VIX > 25,12-14 %
164,exit,2022-07-29,2022-07-18,2022-07-29,2022-08-19,dte_exit,long_put,P,3135.0000,4130.2900,21,21.3300,23.7900,0.0238,0.1456,7.0809,2022-08-19,0.0000,410,3130.0000,3140.0000,True,3130.0000,0.1410,0.5000,0.6000,1.1000,2651 x 576,121.0000,0.4373,-0.0039,4130.4800,,True,0.5500,0.0500,False,-24.0973,17.7883,19.5861,43.7250,-24.2184,put,exit (~21 DTE),38.9608,1.0710,0.8000,VIX 15-25,20 %+
164,exit,2022-07-29,2022-07-18,2022-07-29,2022-08-19,dte_exit,short_put,P,3185.0000,4130.2900,21,21.3300,23.7900,0.0238,0.2011,7.0809,2022-08-19,0.0000,410,3180.0000,3190.0000,True,3180.0000,0.1947,0.5500,0.7000,1.2200,3794 x 1775,2.0000,0.4197,-0.0047,4130.4800,,True,0.6250,0.0750,False,-22.8868,17.7883,19.5861,41.9700,-23.0078,put,exit (~21 DTE),37.9923,1.0510,0.8000,VIX 15-25,20 %+
164,exit,2022-07-29,2022-07-18,2022-07-29,2022-08-19,dte_exit,short_call,C,4315.0000,4130.2900,21,21.3300,23.7900,0.0238,15.7224,7.0809,2022-08-19,0.0000,410,4310.0000,4320.0000,False,4315.0000,15.7224,11.1000,11.4000,6.7000,300 x 450,1.0000,0.1608,0.1383,4130.4800,,True,11.2500,0.1500,False,4.4721,17.7883,19.5861,16.0770,4.4721,call,exit (~21 DTE),18.2445,-0.3827,-0.3000,VIX 15-25,04-6 %
164,exit,2022-07-29,2022-07-18,2022-07-29,2022-08-19,dte_exit,long_call,C,4365.0000,4130.2900,21,21.3300,23.7900,0.0238,8.6969,7.0809,2022-08-19,0.0000,410,4360.0000,4370.0000,False,4365.0000,8.6969,5.8000,6.1000,3.6000,860 x 1196,1.0000,0.1599,0.0820,4130.4800,,True,5.9500,0.1500,False,5.6827,17.7883,19.5861,15.9910,5.6827,call,exit (~21 DTE),17.8813,-0.3163,-0.3000,VIX 15-25,04-6 %
165,entry,2022-08-02,2022-08-02,2022-08-19,2022-09-16,profit_target,long_put,P,3255.0000,4091.1899,45,23.9300,25.6600,0.0252,12.4731,3.8170,2022-09-16,0.0000,395,3250.0000,3260.0000,True,3250.0000,12.2934,5.7000,5.9000,5.6700,1705 x 1530,10.0000,0.3554,-0.0283,4091.7900,,True,5.8000,0.1000,False,-20.4388,20.9703,24.8101,35.5420,-20.5610,put,entry (~45 DTE),41.2589,0.7087,0.8000,VIX 15-25,20 %+
165,entry,2022-08-02,2022-08-02,2022-08-19,2022-09-16,profit_target,short_put,P,3310.0000,4091.1899,45,23.9300,25.6600,0.0252,14.6263,3.8170,2022-09-16,0.0000,395,3305.0000,3315.0000,False,3310.0000,14.6263,6.9000,7.2000,6.2000,1246 x 2102,76.0000,0.3443,-0.0341,4091.7900,,True,7.0500,0.1500,False,-19.0944,20.9703,24.8101,34.4330,-19.0944,put,entry (~45 DTE),40.0856,0.7051,0.8000,VIX 15-25,18-20 %
165,entry,2022-08-02,2022-08-02,2022-08-19,2022-09-16,profit_target,short_call,C,4680.0000,4091.1899,45,23.9300,25.6600,0.0252,3.9352,3.8170,2022-09-16,0.0000,395,4675.0000,4690.0000,False,4680.0000,3.9352,0.9000,1.0500,1.2500,1437 x 1326,1.0000,0.1638,0.0126,4091.7900,,True,0.9750,0.0750,False,14.3921,20.9703,24.8101,16.3760,14.3921,call,entry (~45 DTE),20.4924,-0.3192,-0.3000,VIX 15-25,14-16 %
165,entry,2022-08-02,2022-08-02,2022-08-19,2022-09-16,profit_target,long_call,C,4735.0000,4091.1899,45,23.9300,25.6600,0.0252,2.2713,3.8170,2022-09-16,0.0000,395,4730.0000,4740.0000,True,4730.0000,2.3927,0.6000,0.7500,0.7500,1133 x 1881,1.0000,0.1672,0.0081,4091.7900,,True,0.6750,0.0750,False,15.7365,20.9703,24.8101,16.7160,15.6143,call,entry (~45 DTE),20.1258,-0.2725,-0.3000,VIX 15-25,14-16 %
165,exit,2022-08-19,2022-08-02,2022-08-19,2022-09-16,profit_target,long_put,P,3255.0000,4228.4800,28,20.6000,24.3200,0.0269,0.9037,0.9903,2022-09-16,0.0000,407,3250.0000,3260.0000,True,3250.0000,0.8824,1.3000,1.4500,1.3300,5274 x 2471,50.0000,0.4029,-0.0084,4228.6000,,True,1.3750,0.0750,False,-23.0220,17.6067,20.1608,40.2860,-23.1402,put,exit (~21 DTE),38.6729,0.9801,0.8000,VIX 15-25,20 %+
165,exit,2022-08-19,2022-08-02,2022-08-19,2022-09-16,profit_target,short_put,P,3310.0000,4228.4800,28,20.6000,24.3200,0.0269,1.1748,0.9903,2022-09-16,0.0000,407,3305.0000,3315.0000,False,3310.0000,1.1748,1.6000,1.7000,1.6500,3082 x 113,6.0000,0.3870,-0.0098,4228.6000,,True,1.6500,0.0500,False,-21.7213,17.6067,20.1608,38.6950,-21.7213,put,exit (~21 DTE),37.5378,0.9709,0.8000,VIX 15-25,20 %+
165,exit,2022-08-19,2022-08-02,2022-08-19,2022-09-16,profit_target,short_call,C,4680.0000,4228.4800,28,20.6000,24.3200,0.0269,1.2044,0.9903,2022-09-16,0.0000,407,4675.0000,4690.0000,False,4680.0000,1.2044,0.3000,0.4000,0.3000,174 x 2839,101.0000,0.1435,0.0061,4228.6000,,True,0.3500,0.0500,False,10.6781,17.6067,20.1608,14.3510,10.6781,call,exit (~21 DTE),16.9573,-0.3049,-0.3000,VIX 15-25,10-12 %
165,exit,2022-08-19,2022-08-02,2022-08-19,2022-09-16,profit_target,long_call,C,4735.0000,4228.4800,28,20.6000,24.3200,0.0269,0.4852,0.9903,2022-09-16,0.0000,407,4730.0000,4740.0000,True,4730.0000,0.5295,0.1500,0.2000,0.4500,265 x 2,1.0000,0.1459,0.0029,4228.6000,,True,0.1750,0.0250,False,11.9788,17.6067,20.1608,14.5870,11.8605,call,exit (~21 DTE),16.6026,-0.2546,-0.3000,VIX 15-25,10-12 %
166,entry,2022-09-06,2022-09-06,2022-09-30,2022-10-21,dte_exit,long_put,P,3120.0000,3908.1899,45,26.9100,27.5900,0.0301,15.8428,5.0466,2022-10-21,0.0000,365,3110.0000,3125.0000,False,3120.0000,15.8428,7.5000,7.8000,9.6000,3653 x 2423,1.0000,0.3654,-0.0363,3910.1600,,True,7.6500,0.1500,False,-20.1676,23.7690,27.2521,36.5400,-20.1676,put,entry (~45 DTE),43.3862,0.6332,0.8000,VIX > 25,20 %+
166,entry,2022-09-06,2022-09-06,2022-09-30,2022-10-21,dte_exit,short_put,P,3170.0000,3908.1899,45,26.9100,27.5900,0.0301,18.2838,5.0466,2022-10-21,0.0000,365,3160.0000,3175.0000,False,3170.0000,18.2838,8.7000,9.0000,9.9000,2463 x 2942,1.0000,0.3545,-0.0426,3910.1600,,True,8.8500,0.1500,False,-18.8883,23.7690,27.2521,35.4530,-18.8883,put,entry (~45 DTE),42.3627,0.6186,0.8000,VIX > 25,18-20 %
166,entry,2022-09-06,2022-09-06,2022-09-30,2022-10-21,dte_exit,short_call,C,4460.0000,3908.1899,45,26.9100,27.5900,0.0301,7.6115,5.0466,2022-10-21,0.0000,365,4450.0000,4470.0000,False,4460.0000,7.6115,2.7500,2.9500,5.2700,1918 x 1405,1.0000,0.1950,0.0278,3910.1600,,True,2.8500,0.1000,False,14.1193,23.7690,27.2521,19.5010,14.1193,call,entry (~45 DTE),23.0163,-0.3023,-0.3000,VIX > 25,14-16 %
166,entry,2022-09-06,2022-09-06,2022-09-30,2022-10-21,dte_exit,long_call,C,4510.0000,3908.1899,45,26.9100,27.5900,0.0301,5.0059,5.0466,2022-10-21,0.0000,365,4500.0000,4520.0000,False,4510.0000,5.0059,1.7500,1.8500,1.9200,2710 x 1,1.0000,0.1942,0.0189,3910.1600,,True,1.8000,0.0500,False,15.3987,23.7690,27.2521,19.4170,15.3987,call,entry (~45 DTE),22.6325,-0.2826,-0.3000,VIX > 25,14-16 %
166,exit,2022-09-30,2022-09-06,2022-09-30,2022-10-21,dte_exit,long_put,P,3120.0000,3585.6201,21,31.6200,31.8600,0.0328,12.3997,3.5068,2022-10-21,0.0000,396,3110.0000,3125.0000,False,3120.0000,12.3997,9.4000,9.8000,10.1000,430 x 996,5.0000,0.3912,-0.0625,3589.7000,,True,9.6000,0.2000,False,-12.9858,28.7395,31.4647,39.1230,-12.9858,put,exit (~21 DTE),41.8534,0.7996,0.8000,VIX > 25,12-14 %
166,exit,2022-09-30,2022-09-06,2022-09-30,2022-10-21,dte_exit,short_put,P,3170.0000,3585.6201,21,31.6200,31.8600,0.0328,15.9032,3.5068,2022-10-21,0.0000,396,3160.0000,3175.0000,False,3170.0000,15.9032,11.6000,12.0000,6.8000,100 x 100,1.0000,0.3748,-0.0773,3589.7000,,True,11.8000,0.2000,False,-11.5913,28.7395,31.4647,37.4750,-11.5913,put,exit (~21 DTE),40.7378,0.7536,0.8000,VIX > 25,10-12 %
166,exit,2022-09-30,2022-09-06,2022-09-30,2022-10-21,dte_exit,short_call,C,4460.0000,3585.6201,21,31.6200,31.8600,0.0328,0.0049,3.5068,2022-10-21,0.0000,396,4450.0000,4470.0000,False,4460.0000,0.0049,0.0500,0.1500,0.1700,0 x 1099,4.0000,0.2915,0.0018,3589.7000,,True,0.1000,0.0500,False,24.3857,28.7395,31.4647,29.1530,24.3857,call,exit (~21 DTE),24.1490,0.0170,-0.3000,VIX > 25,20 %+
166,exit,2022-09-30,2022-09-06,2022-09-30,2022-10-21,dte_exit,long_call,C,4510.0000,3585.6201,21,31.6200,31.8600,0.0328,0.0016,3.5068,2022-10-21,0.0000,396,4500.0000,4520.0000,False,4510.0000,0.0016,0.0500,0.3500,0.1700,0 x 153,1.0000,0.3250,0.0024,3589.7000,,True,0.2000,0.1500,False,25.7802,28.7395,31.4647,32.4980,25.7802,call,exit (~21 DTE),23.7307,0.1458,-0.3000,VIX > 25,20 %+
167,entry,2022-10-04,2022-10-04,2022-10-21,2022-11-18,profit_target,long_put,P,2965.0000,3790.9299,45,29.0700,29.6700,0.0338,15.7145,5.0437,2022-11-18,0.0000,362,2960.0000,2970.0000,True,2960.0000,15.4915,8.4000,8.6000,12.2500,2129 x 200,0.0000,0.4078,-0.0371,3790.5000,,True,8.5000,0.1000,False,-21.7870,25.4518,29.3715,40.7800,-21.9189,put,entry (~45 DTE),46.9066,0.6993,0.8000,VIX > 25,20 %+
167,entry,2022-10-04,2022-10-04,2022-10-21,2022-11-18,profit_target,short_put,P,3015.0000,3790.9299,45,29.0700,29.6700,0.0338,18.1178,5.0437,2022-11-18,0.0000,362,3010.0000,3020.0000,True,3010.0000,17.8627,9.6000,9.9000,15.3300,1715 x 2064,0.0000,0.3951,-0.0428,3790.5000,,True,9.7500,0.1500,False,-20.4681,25.4518,29.3715,39.5060,-20.6000,put,entry (~45 DTE),45.8515,0.6822,0.8000,VIX > 25,20 %+
167,entry,2022-10-04,2022-10-04,2022-10-21,2022-11-18,profit_target,short_call,C,4370.0000,3790.9299,45,29.0700,29.6700,0.0338,8.0777,5.0437,2022-11-18,0.0000,362,4360.0000,4375.0000,False,4370.0000,8.0777,4.4000,4.6000,3.9000,768 x 1284,40.0000,0.2232,0.0384,3790.5000,,True,4.5000,0.1000,False,15.2751,25.4518,29.3715,22.3230,15.2751,call,entry (~45 DTE),24.7890,-0.2048,-0.3000,VIX > 25,14-16 %
167,entry,2022-10-04,2022-10-04,2022-10-21,2022-11-18,profit_target,long_call,C,4420.0000,3790.9299,45,29.0700,29.6700,0.0338,5.4372,5.0437,2022-11-18,0.0000,362,4410.0000,4425.0000,False,4420.0000,5.4372,3.3000,3.5000,1.8100,2152 x 1106,0.0000,0.2262,0.0296,3790.5000,,True,3.4000,0.1000,False,16.5941,25.4518,29.3715,22.6240,16.5941,call,entry (~45 DTE),24.3933,-0.1704,-0.3000,VIX > 25,16-18 %
167,exit,2022-10-21,2022-10-04,2022-10-21,2022-11-18,profit_target,long_put,P,2965.0000,3752.7500,28,29.6900,30.4700,0.0397,5.3955,1.8864,2022-11-18,0.0000,364,2960.0000,2970.0000,True,2960.0000,5.2820,3.6000,3.8000,4.1000,1592 x 1644,48.0000,0.4344,-0.0209,3753.0700,,True,3.7000,0.1000,False,-20.9913,27.5613,29.6052,43.4360,-21.1245,put,exit (~21 DTE),46.5048,0.7515,0.8000,VIX > 25,20 %+
167,exit,2022-10-21,2022-10-04,2022-10-21,2022-11-18,profit_target,short_put,P,3015.0000,3752.7500,28,29.6900,30.4700,0.0397,6.6650,1.8864,2022-11-18,0.0000,364,3010.0000,3020.0000,True,3010.0000,6.5263,4.2000,4.4000,4.6000,533 x 3231,38.0000,0.4193,-0.0252,3753.0700,,True,4.3000,0.1000,False,-19.6589,27.5613,29.6052,41.9330,-19.7922,put,exit (~21 DTE),45.4389,0.7261,0.8000,VIX > 25,18-20 %
167,exit,2022-10-21,2022-10-04,2022-10-21,2022-11-18,profit_target,short_call,C,4370.0000,3752.7500,28,29.6900,30.4700,0.0397,1.3461,1.8864,2022-11-18,0.0000,364,4360.0000,4375.0000,False,4370.0000,1.3461,1.9500,2.1000,2.0000,788 x 1493,1.0000,0.2561,0.0213,3753.0700,,True,2.0250,0.0750,False,16.4479,27.5613,29.6052,25.6100,16.4479,call,exit (~21 DTE),24.6708,-0.1186,-0.3000,VIX > 25,16-18 %
167,exit,2022-10-21,2022-10-04,2022-10-21,2022-11-18,profit_target,long_call,C,4420.0000,3752.7500,28,29.6900,30.4700,0.0397,0.7292,1.8864,2022-11-18,0.0000,364,4410.0000,4425.0000,False,4420.0000,0.7292,1.3500,1.5000,1.1000,1933 x 1146,1.0000,0.2592,0.0149,3753.0700,,True,1.4250,0.0750,False,17.7803,27.5613,29.6052,25.9230,17.7803,call,exit (~21 DTE),24.2711,-0.0921,-0.3000,VIX > 25,16-18 %
168,entry,2022-11-01,2022-11-01,2022-11-21,2022-12-16,profit_target,long_put,P,3080.0000,3856.1001,45,25.8100,26.6900,0.0414,13.8511,4.5306,2022-12-16,0.0000,406,3075.0000,3090.0000,False,3080.0000,13.8511,5.4000,5.6000,9.5500,1545 x 3469,1.0000,0.3508,-0.0288,3855.6400,,True,5.5000,0.1000,False,-20.1266,24.6245,26.2537,35.0770,-20.1266,put,entry (~45 DTE),42.3549,0.5193,0.8000,VIX > 25,20 %+
168,entry,2022-11-01,2022-11-01,2022-11-21,2022-12-16,profit_target,short_put,P,3130.0000,3856.1001,45,25.8100,26.6900,0.0414,16.0686,4.5306,2022-12-16,0.0000,406,3125.0000,3140.0000,False,3130.0000,16.0686,6.4000,6.6000,20.7200,3730 x 2516,1.0000,0.3401,-0.0339,3855.6400,,True,6.5000,0.1000,False,-18.8299,24.6245,26.2537,34.0050,-18.8299,put,entry (~45 DTE),41.3176,0.4982,0.8000,VIX > 25,18-20 %
168,entry,2022-11-01,2022-11-01,2022-11-21,2022-12-16,profit_target,short_call,C,4400.0000,3856.1001,45,25.8100,26.6900,0.0414,6.3247,4.5306,2022-12-16,0.0000,406,4390.0000,4410.0000,False,4400.0000,6.3247,5.4000,5.6000,5.5700,2225 x 3744,443.0000,0.2118,0.0470,3855.6400,,True,5.5000,0.1000,False,14.1049,24.6245,26.2537,21.1760,14.1049,call,entry (~45 DTE),22.0222,-0.2445,-0.3000,VIX > 25,14-16 %
168,entry,2022-11-01,2022-11-01,2022-11-21,2022-12-16,profit_target,long_call,C,4450.0000,3856.1001,45,25.8100,26.6900,0.0414,4.0115,4.5306,2022-12-16,0.0000,406,4440.0000,4460.0000,False,4450.0000,4.0115,3.7000,3.9000,4.7000,4497 x 4188,161.0000,0.2118,0.0338,3855.6400,,True,3.8000,0.1000,False,15.4016,24.6245,26.2537,21.1790,15.4016,call,entry (~45 DTE),21.6332,-0.2237,-0.3000,VIX > 25,14-16 %
168,exit,2022-11-21,2022-11-01,2022-11-21,2022-12-16,profit_target,long_put,P,3080.0000,3949.9399,25,22.3600,24.7200,0.0431,0.8540,0.7917,2022-12-16,0.0000,410,3075.0000,3090.0000,False,3080.0000,0.8540,0.8000,0.9000,2.0500,815 x 2304,55.0000,0.3872,-0.0061,3950.2800,,True,0.8500,0.0500,False,-22.0241,21.0018,21.6018,38.7250,-22.0241,put,exit (~21 DTE),39.2211,0.8047,0.8000,VIX 15-25,20 %+
168,exit,2022-11-21,2022-11-01,2022-11-21,2022-12-16,profit_target,short_put,P,3130.0000,3949.9399,25,22.3600,24.7200,0.0431,1.1207,0.7917,2022-12-16,0.0000,410,3125.0000,3140.0000,False,3130.0000,1.1207,0.9500,1.1000,2.0500,1787 x 3253,200.0000,0.3736,-0.0073,3950.2800,,True,1.0250,0.0750,False,-20.7583,21.0018,21.6018,37.3650,-20.7583,put,exit (~21 DTE),38.2084,0.7883,0.8000,VIX 15-25,20 %+
168,exit,2022-11-21,2022-11-01,2022-11-21,2022-12-16,profit_target,short_call,C,4400.0000,3949.9399,25,22.3600,24.7200,0.0431,0.8957,0.7917,2022-12-16,0.0000,410,4390.0000,4410.0000,False,4400.0000,0.8957,1.1500,1.3000,1.2000,2725 x 2625,219.0000,0.1864,0.0178,3950.2800,,True,1.2250,0.0750,False,11.3941,21.0018,21.6018,18.6390,11.3941,call,exit (~21 DTE),18.1836,-0.2074,-0.3000,VIX 15-25,10-12 %
168,exit,2022-11-21,2022-11-01,2022-11-21,2022-12-16,profit_target,long_call,C,4450.0000,3949.9399,25,22.3600,24.7200,0.0431,0.3706,0.7917,2022-12-16,0.0000,410,4440.0000,4460.0000,False,4450.0000,0.3706,0.7500,0.8500,0.8300,1916 x 1535,47.0000,0.1913,0.0113,3950.2800,,True,0.8000,0.0500,False,12.6599,21.0018,21.6018,19.1340,12.6599,call,exit (~21 DTE),17.8038,-0.1475,-0.3000,VIX 15-25,12-14 %
169,entry,2022-12-06,2022-12-06,2022-12-21,2023-01-20,profit_target,long_put,P,3150.0000,3941.2600,45,22.1700,24.7200,0.0435,10.2979,3.0395,2023-01-20,0.0000,335,3140.0000,3160.0000,False,3150.0000,10.2979,4.5000,4.8000,4.7000,2115 x 1978,2.0000,0.3410,-0.0244,3941.5000,,True,4.6500,0.1500,False,-20.0763,21.0458,23.4796,34.0990,-20.0763,put,entry (~45 DTE),39.5407,0.6502,0.8000,VIX 15-25,20 %+
169,entry,2022-12-06,2022-12-06,2022-12-21,2023-01-20,profit_target,short_put,P,3200.0000,3941.2600,45,22.1700,24.7200,0.0435,12.0221,3.0395,2023-01-20,0.0000,335,3190.0000,3210.0000,False,3200.0000,12.0221,5.2000,5.4000,5.6000,1295 x 630,56.0000,0.3282,-0.0287,3941.5000,,True,5.3000,0.1000,False,-18.8077,21.0458,23.4796,32.8230,-18.8077,put,entry (~45 DTE),38.5258,0.6262,0.8000,VIX 15-25,18-20 %
169,entry,2022-12-06,2022-12-06,2022-12-21,2023-01-20,profit_target,short_call,C,4500.0000,3941.2600,45,22.1700,24.7200,0.0435,3.0360,3.0395,2023-01-20,0.0000,335,4490.0000,4510.0000,False,4500.0000,3.0360,1.5000,1.6500,1.4700,1610 x 826,632.0000,0.1701,0.0191,3941.5000,,True,1.5750,0.0750,False,14.1767,21.0458,23.4796,17.0050,14.1767,call,entry (~45 DTE),19.2266,-0.2850,-0.3000,VIX 15-25,14-16 %
169,entry,2022-12-06,2022-12-06,2022-12-21,2023-01-20,profit_target,long_call,C,4550.0000,3941.2600,45,22.1700,24.7200,0.0435,1.7207,3.0395,2023-01-20,0.0000,335,4540.0000,4560.0000,False,4550.0000,1.7207,0.9500,1.1500,0.9700,2571 x 2643,23.0000,0.1727,0.0131,3941.5000,,True,1.0500,0.1000,False,15.4453,21.0458,23.4796,17.2660,15.4453,call,entry (~45 DTE),18.8460,-0.2447,-0.3000,VIX 15-25,14-16 %
169,exit,2022-12-21,2022-12-06,2022-12-21,2023-01-20,profit_target,long_put,P,3150.0000,3878.4399,30,20.0700,23.3500,0.0430,2.3275,0.6578,2023-01-20,0.0000,337,3140.0000,3160.0000,False,3150.0000,2.3275,1.4000,1.5500,1.4500,2359 x 3709,680.0000,0.3265,-0.0117,3878.0600,,True,1.4750,0.0750,False,-18.7818,18.6298,20.0700,32.6450,-18.7818,put,exit (~21 DTE),35.0954,0.7462,0.8000,VIX 15-25,18-20 %
169,exit,2022-12-21,2022-12-06,2022-12-21,2023-01-20,profit_target,short_put,P,3200.0000,3878.4399,30,20.0700,23.3500,0.0430,2.9705,0.6578,2023-01-20,0.0000,337,3190.0000,3210.0000,False,3200.0000,2.9705,1.6500,1.8000,1.7500,3079 x 3178,399.0000,0.3120,-0.0140,3878.0600,,True,1.7250,0.0750,False,-17.4926,18.6298,20.0700,31.2010,-17.4926,put,exit (~21 DTE),34.0641,0.7187,0.8000,VIX 15-25,16-18 %
169,exit,2022-12-21,2022-12-06,2022-12-21,2023-01-20,profit_target,short_call,C,4500.0000,3878.4399,30,20.0700,23.3500,0.0430,0.0196,0.6578,2023-01-20,0.0000,337,4490.0000,4510.0000,False,4500.0000,0.0196,0.2500,0.4000,0.3500,3768 x 6124,20.0000,0.1916,0.0053,3878.0600,,True,0.3250,0.0750,False,16.0260,18.6298,20.0700,19.1650,16.0260,call,exit (~21 DTE),15.2622,0.0334,-0.3000,VIX 15-25,16-18 %
169,exit,2022-12-21,2022-12-06,2022-12-21,2023-01-20,profit_target,long_call,C,4550.0000,3878.4399,30,20.0700,23.3500,0.0430,0.0048,0.6578,2023-01-20,0.0000,337,4540.0000,4560.0000,False,4550.0000,0.0048,0.2000,0.3000,0.2400,441 x 4570,1.0000,0.1986,0.0032,3878.0600,,True,0.2500,0.0500,False,17.3152,18.6298,20.0700,19.8650,17.3152,call,exit (~21 DTE),14.8754,0.0713,-0.3000,VIX 15-25,16-18 %
170,entry,2022-12-21,2022-12-21,2022-12-30,2023-01-20,dte_exit,long_put,P,3260.0000,3878.4399,30,20.0700,23.3500,0.0430,3.9823,1.8003,2023-01-20,0.0000,337,3250.0000,3270.0000,False,3260.0000,3.9823,2.1000,2.2000,4.3500,954 x 1377,10.0000,0.2953,-0.0171,3878.0600,,True,2.1500,0.0500,False,-15.9456,18.6298,20.0700,29.5270,-15.9456,put,entry (~45 DTE),32.8265,0.6834,0.8000,VIX 15-25,14-16 %
170,entry,2022-12-21,2022-12-21,2022-12-30,2023-01-20,dte_exit,short_put,P,3310.0000,3878.4399,30,20.0700,23.3500,0.0430,5.0869,1.8003,2023-01-20,0.0000,337,3300.0000,3320.0000,False,3310.0000,5.0869,2.5000,2.6500,5.4000,2487 x 2075,68.0000,0.2814,-0.0216,3878.0600,,True,2.5750,0.0750,False,-14.6564,18.6298,20.0700,28.1440,-14.6564,put,entry (~45 DTE),31.7951,0.6492,0.8000,VIX 15-25,14-16 %
170,entry,2022-12-21,2022-12-21,2022-12-30,2023-01-20,dte_exit,short_call,C,4305.0000,3878.4399,30,20.0700,23.3500,0.0430,1.1914,1.8003,2023-01-20,0.0000,337,4300.0000,4310.0000,False,4305.0000,1.1914,1.4000,1.5500,1.9000,1407 x 3154,1.0000,0.1690,0.0209,3878.0600,,True,1.4750,0.0750,False,10.9982,18.6298,20.0700,16.9030,10.9982,call,entry (~45 DTE),16.7705,-0.1570,-0.3000,VIX 15-25,10-12 %
170,entry,2022-12-21,2022-12-21,2022-12-30,2023-01-20,dte_exit,long_call,C,4355.0000,3878.4399,30,20.0700,23.3500,0.0430,0.4956,1.8003,2023-01-20,0.0000,337,4350.0000,4360.0000,True,4350.0000,0.5437,0.9000,1.0500,0.9500,4005 x 4020,25.0000,0.1738,0.0144,3878.0600,,True,0.9750,0.0750,False,12.2874,18.6298,20.0700,17.3780,12.1585,call,entry (~45 DTE),16.4225,-0.1030,-0.3000,VIX 15-25,12-14 %
170,exit,2022-12-30,2022-12-21,2022-12-30,2023-01-20,dte_exit,long_put,P,3260.0000,3839.5000,21,21.6700,24.2900,0.0438,1.4709,0.6589,2023-01-20,0.0000,337,3250.0000,3270.0000,False,3260.0000,1.4709,1.5000,1.6000,1.3500,545 x 589,10.0000,0.3177,-0.0141,3839.8100,,True,1.5500,0.0500,False,-15.0931,20.0590,19.8035,31.7750,-15.0931,put,exit (~21 DTE),31.8780,0.7762,0.8000,VIX 15-25,14-16 %
170,exit,2022-12-30,2022-12-21,2022-12-30,2023-01-20,dte_exit,short_put,P,3310.0000,3839.5000,21,21.6700,24.2900,0.0438,2.0677,0.6589,2023-01-20,0.0000,337,3300.0000,3320.0000,False,3310.0000,2.0677,1.9000,2.0000,5.4000,354 x 110,68.0000,0.3019,-0.0187,3839.8100,,True,1.9500,0.0500,False,-13.7909,20.0590,19.8035,30.1940,-13.7909,put,exit (~21 DTE),30.8362,0.7349,0.8000,VIX 15-25,12-14 %
170,exit,2022-12-30,2022-12-21,2022-12-30,2023-01-20,dte_exit,short_call,C,4305.0000,3839.5000,21,21.6700,24.2900,0.0438,0.0828,0.6589,2023-01-20,0.0000,337,4300.0000,4310.0000,False,4305.0000,0.0828,0.3000,0.4000,0.4000,1349 x 125,1.0000,0.1826,0.0069,3839.8100,,True,0.3500,0.0500,False,12.1240,20.0590,19.8035,18.2570,12.1240,call,exit (~21 DTE),16.1663,-0.1486,-0.3000,VIX 15-25,12-14 %
170,exit,2022-12-30,2022-12-21,2022-12-30,2023-01-20,dte_exit,long_call,C,4355.0000,3839.5000,21,21.6700,24.2900,0.0438,0.0208,0.6589,2023-01-20,0.0000,337,4350.0000,4360.0000,True,4350.0000,0.0240,0.2000,0.3000,0.2500,250 x 2811,23.0000,0.1906,0.0043,3839.8100,,True,0.2500,0.0500,False,13.4262,20.0590,19.8035,19.0620,13.2960,call,exit (~21 DTE),15.8147,-0.0750,-0.3000,VIX 15-25,12-14 %
171,exit,2023-01-19,2023-01-03,2023-01-19,2023-02-17,profit_target,long_put,P,3120.0000,3898.8501,29,20.5200,22.4500,0.0464,1.7599,1.3551,2023-02-17,0.0000,343,3110.0000,3125.0000,False,3120.0000,1.7599,1.4500,1.5500,1.2000,2936 x 539,3.0000,0.3541,-0.0106,3899.1600,,True,1.5000,0.0500,False,-19.9764,18.7495,20.4152,35.4130,-19.9764,put,exit (~21 DTE),36.3963,0.8342,0.8000,VIX 15-25,18-20 %
171,exit,2023-01-19,2023-01-03,2023-01-19,2023-02-17,profit_target,short_put,P,3170.0000,3898.8501,29,20.5200,22.4500,0.0464,2.2546,1.3551,2023-02-17,0.0000,343,3160.0000,3175.0000,False,3170.0000,2.2546,1.7000,1.8500,1.4600,2861 x 2953,1617.0000,0.3394,-0.0129,3899.1600,,True,1.7750,0.0750,False,-18.6940,18.7495,20.4152,33.9430,-18.6940,put,exit (~21 DTE),35.3704,0.8127,0.8000,VIX 15-25,18-20 %
171,exit,2023-01-19,2023-01-03,2023-01-19,2023-02-17,profit_target,short_call,C,4315.0000,3898.8501,29,20.5200,22.4500,0.0464,1.5178,1.3551,2023-02-17,0.0000,343,4310.0000,4320.0000,True,4310.0000,1.6415,0.9500,1.0500,1.1000,1264 x 1259,1.0000,0.1567,0.0161,3899.1600,,True,1.0000,0.0500,False,10.6737,18.7495,20.4152,15.6710,10.5454,call,exit (~21 DTE),17.2516,-0.2919,-0.3000,VIX 15-25,10-12 %
171,exit,2023-01-19,2023-01-03,2023-01-19,2023-02-17,profit_target,long_call,C,4365.0000,3898.8501,29,20.5200,22.4500,0.0464,0.6575,1.3551,2023-02-17,0.0000,343,4360.0000,4370.0000,True,4360.0000,0.7182,0.5500,0.7000,0.6000,2845 x 4080,2.0000,0.1621,0.0107,3899.1600,,True,0.6250,0.0750,False,11.9561,18.7495,20.4152,16.2150,11.8278,call,exit (~21 DTE),16.8669,-0.2143,-0.3000,VIX 15-25,10-12 %
172,entry,2023-01-31,2023-01-31,2023-02-17,2023-03-17,profit_target,long_put,P,3410.0000,4076.6001,45,19.4000,20.8100,0.0467,10.9034,4.1603,2023-03-17,0.0000,335,3400.0000,3420.0000,False,3410.0000,10.9034,6.0000,6.2000,6.2900,1414 x 1890,5.0000,0.2927,-0.0349,4077.1600,,True,6.1000,0.1000,False,-16.3519,17.3027,20.1174,29.2650,-16.3519,put,entry (~45 DTE),33.1988,0.7316,0.8000,VIX 15-25,16-18 %
172,entry,2023-01-31,2023-01-31,2023-02-17,2023-03-17,profit_target,short_put,P,3465.0000,4076.6001,45,19.4000,20.8100,0.0467,13.0536,4.1603,2023-03-17,0.0000,335,3460.0000,3470.0000,True,3460.0000,12.8412,7.1000,7.3000,8.5000,360 x 2447,1.0000,0.2812,-0.0424,4077.1600,,True,7.2000,0.1000,False,-15.0027,17.3027,20.1174,28.1210,-15.1254,put,entry (~45 DTE),32.2176,0.7152,0.8000,VIX 15-25,14-16 %
172,entry,2023-01-31,2023-01-31,2023-02-17,2023-03-17,profit_target,short_call,C,4535.0000,4076.6001,45,19.4000,20.8100,0.0467,4.1119,4.1603,2023-03-17,0.0000,335,4525.0000,4550.0000,True,4525.0000,4.6077,1.8500,2.0000,1.9500,2452 x 1632,1.0000,0.1437,0.0249,4077.1600,,True,1.9250,0.0750,False,11.2447,17.3027,20.1174,14.3740,10.9994,call,entry (~45 DTE),16.8175,-0.2663,-0.3000,VIX 15-25,10-12 %
172,entry,2023-01-31,2023-01-31,2023-02-17,2023-03-17,profit_target,long_call,C,4590.0000,4076.6001,45,19.4000,20.8100,0.0467,2.1018,4.1603,2023-03-17,0.0000,335,4575.0000,4600.0000,True,4600.0000,1.8444,1.0000,1.1000,0.9000,1436 x 1774,286.0000,0.1496,0.0138,4077.1600,,True,1.0500,0.0500,False,12.5938,17.3027,20.1174,14.9600,12.8391,call,entry (~45 DTE),16.2656,-0.1825,-0.3000,VIX 15-25,12-14 %
172,exit,2023-02-17,2023-01-31,2023-02-17,2023-03-17,profit_target,long_put,P,3410.0000,4079.0901,28,20.0200,21.7700,0.0479,2.9496,1.4319,2023-03-17,0.0000,354,3400.0000,3420.0000,False,3410.0000,2.9496,2.4000,2.5000,3.0000,783 x 814,3.0000,0.3154,-0.0184,4079.4200,,True,2.4500,0.0500,False,-16.4029,17.4220,19.8233,31.5420,-16.4029,put,exit (~21 DTE),32.9457,0.8608,0.8000,VIX 15-25,16-18 %
172,exit,2023-02-17,2023-01-31,2023-02-17,2023-03-17,profit_target,short_put,P,3465.0000,4079.0901,28,20.0200,21.7700,0.0479,3.8785,1.4319,2023-03-17,0.0000,354,3460.0000,3470.0000,True,3460.0000,3.7831,2.8500,2.9500,5.0000,829 x 1343,5.0000,0.3016,-0.0219,4079.4200,,True,2.9000,0.0500,False,-15.0546,17.4220,19.8233,30.1640,-15.1772,put,exit (~21 DTE),31.9651,0.8396,0.8000,VIX 15-25,14-16 %
172,exit,2023-02-17,2023-01-31,2023-02-17,2023-03-17,profit_target,short_call,C,4535.0000,4079.0901,28,20.0200,21.7700,0.0479,0.7884,1.4319,2023-03-17,0.0000,354,4530.0000,4540.0000,True,4530.0000,0.8592,0.2000,0.3500,0.3000,3317 x 4681,1.0000,0.1429,0.0052,4079.4200,,True,0.2750,0.0750,False,11.1768,17.4220,19.8233,14.2900,11.0542,call,exit (~21 DTE),16.5071,-0.2833,-0.3000,VIX 15-25,10-12 %
172,exit,2023-02-17,2023-01-31,2023-02-17,2023-03-17,profit_target,long_call,C,4590.0000,4079.0901,28,20.0200,21.7700,0.0479,0.2855,1.4319,2023-03-17,0.0000,354,4580.0000,4600.0000,False,4590.0000,0.2855,0.1000,0.2500,0.1500,3900 x 5679,1.0000,0.1518,0.0035,4079.4200,,True,0.1750,0.0750,False,12.5251,17.4220,19.8233,15.1760,12.5251,call,exit (~21 DTE),16.0658,-0.1793,-0.3000,VIX 15-25,12-14 %
173,entry,2023-03-07,2023-03-07,2023-03-27,2023-04-21,profit_target,long_put,P,3390.0000,3986.3701,45,19.5900,20.5900,0.0497,12.7046,4.9603,2023-04-21,0.0000,306,3380.0000,3400.0000,False,3390.0000,12.7046,4.7000,4.9000,4.9000,2222 x 2706,4.0000,0.2622,-0.0319,3986.5100,,True,4.8000,0.1000,False,-14.9602,17.8150,20.0962,26.2230,-14.9602,put,entry (~45 DTE),32.0644,0.5620,0.8000,VIX 15-25,14-16 %
173,entry,2023-03-07,2023-03-07,2023-03-27,2023-04-21,profit_target,short_put,P,3440.0000,3986.3701,45,19.5900,20.5900,0.0497,15.0354,4.9603,2023-04-21,0.0000,306,3430.0000,3450.0000,False,3440.0000,15.0354,5.7000,5.9000,8.2700,2213 x 871,1.0000,0.2521,-0.0394,3986.5100,,True,5.8000,0.1000,False,-13.7060,17.8150,20.0962,25.2060,-13.7060,put,entry (~45 DTE),31.0610,0.5393,0.8000,VIX 15-25,12-14 %
173,entry,2023-03-07,2023-03-07,2023-03-27,2023-04-21,profit_target,short_call,C,4400.0000,3986.3701,45,19.5900,20.5900,0.0497,6.0037,4.9603,2023-04-21,0.0000,306,4390.0000,4410.0000,False,4400.0000,6.0037,2.8500,2.9500,2.7800,1157 x 231,327.0000,0.1449,0.0367,3986.5100,,True,2.9000,0.0500,False,10.3761,17.8150,20.0962,14.4900,10.3761,call,entry (~45 DTE),16.9834,-0.3204,-0.3000,VIX 15-25,10-12 %
173,entry,2023-03-07,2023-03-07,2023-03-27,2023-04-21,profit_target,long_call,C,4450.0000,3986.3701,45,19.5900,20.5900,0.0497,3.3742,4.9603,2023-04-21,0.0000,306,4440.0000,4460.0000,False,4450.0000,3.3742,1.6000,1.7000,1.6500,381 x 1084,67.0000,0.1446,0.0217,3986.5100,,True,1.6500,0.0500,False,11.6304,17.8150,20.0962,14.4550,11.6304,call,entry (~45 DTE),16.6071,-0.2889,-0.3000,VIX 15-25,10-12 %
173,exit,2023-03-27,2023-03-07,2023-03-27,2023-04-21,profit_target,long_put,P,3390.0000,3977.5300,25,20.6000,22.8700,0.0485,2.9056,1.4146,2023-04-21,0.0000,321,3380.0000,3395.0000,False,3390.0000,2.9056,2.6500,2.8000,4.8000,1984 x 2691,33.0000,0.3108,-0.0217,3978.6300,,True,2.7250,0.0750,False,-14.7712,18.2455,19.8685,31.0830,-14.7712,put,exit (~21 DTE),31.6855,0.8691,0.8000,VIX 15-25,14-16 %
173,exit,2023-03-27,2023-03-07,2023-03-27,2023-04-21,profit_target,short_put,P,3440.0000,3977.5300,25,20.6000,22.8700,0.0485,3.8521,1.4146,2023-04-21,0.0000,321,3435.0000,3445.0000,False,3440.0000,3.8521,3.3000,3.4000,3.8000,1204 x 228,20.0000,0.2972,-0.0274,3978.6300,,True,3.3500,0.0500,False,-13.5142,18.2455,19.8685,29.7210,-13.5142,put,exit (~21 DTE),30.6798,0.8491,0.8000,VIX 15-25,12-14 %
173,exit,2023-03-27,2023-03-07,2023-03-27,2023-04-21,profit_target,short_call,C,4400.0000,3977.5300,25,20.6000,22.8700,0.0485,0.7504,1.4146,2023-04-21,0.0000,321,4390.0000,4410.0000,False,4400.0000,0.7504,0.3500,0.4500,0.4200,630 x 2015,8.0000,0.1501,0.0077,3978.6300,,True,0.4000,0.0500,False,10.6214,18.2455,19.8685,15.0080,10.6214,call,exit (~21 DTE),16.6821,-0.3048,-0.3000,VIX 15-25,10-12 %
173,exit,2023-03-27,2023-03-07,2023-03-27,2023-04-21,profit_target,long_call,C,4450.0000,3977.5300,25,20.6000,22.8700,0.0485,0.2823,1.4146,2023-04-21,0.0000,321,4440.0000,4460.0000,False,4450.0000,0.2823,0.1500,0.2500,0.3000,1759 x 1,15.0000,0.1530,0.0042,3978.6300,,True,0.2000,0.0500,False,11.8785,18.2455,19.8685,15.3030,11.8785,call,exit (~21 DTE),16.3049,-0.2477,-0.3000,VIX 15-25,10-12 %
174,entry,2023-04-04,2023-04-04,2023-04-17,2023-05-19,profit_target,long_put,P,3500.0000,4100.6001,45,19.0000,21.3400,0.0483,13.8737,6.0706,2023-05-19,0.0000,330,3495.0000,3505.0000,False,3500.0000,13.8737,6.9000,7.1000,7.1000,1297 x 1887,356.0000,0.2750,-0.0415,4101.1500,,True,7.0000,0.1000,False,-14.6466,16.7928,20.2039,27.5020,-14.6466,put,entry (~45 DTE),31.9212,0.7312,0.8000,VIX 15-25,14-16 %
174,entry,2023-04-04,2023-04-04,2023-04-17,2023-05-19,profit_target,short_put,P,3555.0000,4100.6001,45,19.0000,21.3400,0.0483,16.6081,6.0706,2023-05-19,0.0000,330,3550.0000,3560.0000,False,3555.0000,16.6081,8.5000,8.7000,27.2400,627 x 1489,1.0000,0.2647,-0.0512,4101.1500,,True,8.6000,0.1000,False,-13.3054,16.7928,20.2039,26.4700,-13.3054,put,entry (~45 DTE),30.8482,0.7273,0.8000,VIX 15-25,12-14 %
174,entry,2023-04-04,2023-04-04,2023-04-17,2023-05-19,profit_target,short_call,C,4510.0000,4100.6001,45,19.0000,21.3400,0.0483,7.4648,6.0706,2023-05-19,0.0000,330,4500.0000,4520.0000,False,4510.0000,7.4648,2.1000,2.3000,0.0000,1893 x 1996,,0.1323,0.0298,4101.1500,,True,2.2000,0.1000,False,9.9839,16.7928,20.2039,13.2320,9.9839,call,entry (~45 DTE),17.2087,-0.3566,-0.3000,VIX 15-25,08-10 %
174,entry,2023-04-04,2023-04-04,2023-04-17,2023-05-19,profit_target,long_call,C,4565.0000,4100.6001,45,19.0000,21.3400,0.0483,4.1285,6.0706,2023-05-19,0.0000,330,4550.0000,4575.0000,True,4575.0000,3.6793,1.1000,1.2500,1.6700,580 x 4238,20.0000,0.1366,0.0165,4101.1500,,True,1.1750,0.0750,False,11.3252,16.7928,20.2039,13.6560,11.5690,call,entry (~45 DTE),16.7332,-0.2711,-0.3000,VIX 15-25,10-12 %
174,exit,2023-04-17,2023-04-04,2023-04-17,2023-05-19,profit_target,long_put,P,3500.0000,4151.3198,32,16.9500,19.6500,0.0516,3.0600,2.3755,2023-05-19,0.0000,333,3495.0000,3505.0000,False,3500.0000,3.0600,2.7000,2.8000,2.7500,1392 x 722,1638.0000,0.2905,-0.0199,4151.7200,,True,2.7500,0.0500,False,-15.6895,14.2308,17.2211,29.0550,-15.6895,put,exit (~21 DTE),29.7727,0.9449,0.8000,VIX 15-25,14-16 %
174,exit,2023-04-17,2023-04-04,2023-04-17,2023-05-19,profit_target,short_put,P,3555.0000,4151.3198,32,16.9500,19.6500,0.0516,3.9704,2.3755,2023-05-19,0.0000,333,3550.0000,3560.0000,False,3555.0000,3.9704,3.2000,3.4000,3.4000,2020 x 3770,1.0000,0.2761,-0.0250,4151.7200,,True,3.3000,0.1000,False,-14.3646,14.2308,17.2211,27.6080,-14.3646,put,exit (~21 DTE),28.7128,0.9313,0.8000,VIX 15-25,14-16 %
174,exit,2023-04-17,2023-04-04,2023-04-17,2023-05-19,profit_target,short_call,C,4510.0000,4151.3198,32,16.9500,19.6500,0.0516,2.4162,2.3755,2023-05-19,0.0000,333,4500.0000,4520.0000,False,4510.0000,2.4162,0.7500,0.8500,1.0000,1814 x 783,3.0000,0.1209,0.0150,4151.7200,,True,0.8000,0.0500,False,8.6401,14.2308,17.2211,12.0940,8.6401,call,exit (~21 DTE),14.6291,-0.2473,-0.3000,VIX 15-25,08-10 %
174,exit,2023-04-17,2023-04-04,2023-04-17,2023-05-19,profit_target,long_call,C,4565.0000,4151.3198,32,16.9500,19.6500,0.0516,0.9511,2.3755,2023-05-19,0.0000,333,4560.0000,4575.0000,True,4560.0000,1.0412,0.4000,0.5500,0.4000,2646 x 2705,1.0000,0.1268,0.0090,4151.7200,,True,0.4750,0.0750,False,9.9650,14.2308,17.2211,12.6840,9.8446,call,exit (~21 DTE),14.2677,-0.1571,-0.3000,VIX 15-25,08-10 %
175,entry,2023-04-17,2023-04-17,2023-04-27,2023-05-19,profit_target,long_put,P,3680.0000,4151.3198,32,16.9500,19.6500,0.0516,7.2427,4.8869,2023-05-19,0.0000,333,3675.0000,3685.0000,False,3680.0000,7.2427,5.1000,5.3000,5.6000,2903 x 942,2.0000,0.2441,-0.0412,4151.7200,,True,5.2000,0.1000,False,-11.3535,14.2308,17.2211,24.4110,-11.3535,put,entry (~45 DTE),26.3039,0.8967,0.8000,VIX 15-25,10-12 %
175,entry,2023-04-17,2023-04-17,2023-04-27,2023-05-19,profit_target,short_put,P,3735.0000,4151.3198,32,16.9500,19.6500,0.0516,9.4788,4.8869,2023-05-19,0.0000,333,3730.0000,3740.0000,False,3735.0000,9.4788,6.6000,6.8000,7.5000,570 x 2615,3.0000,0.2324,-0.0537,4151.7200,,True,6.7000,0.1000,False,-10.0286,14.2308,17.2211,23.2440,-10.0286,put,entry (~45 DTE),25.2440,0.8988,0.8000,VIX 15-25,10-12 %
175,entry,2023-04-17,2023-04-17,2023-04-27,2023-05-19,profit_target,short_call,C,4465.0000,4151.3198,32,16.9500,19.6500,0.0516,4.7107,4.8869,2023-05-19,0.0000,333,4460.0000,4470.0000,True,4460.0000,5.0490,1.5000,1.6000,1.8000,1657 x 427,2.0000,0.1180,0.0282,4151.7200,,True,1.5500,0.0500,False,7.5562,14.2308,17.2211,11.8020,7.4357,call,entry (~45 DTE),14.9904,-0.3266,-0.3000,VIX 15-25,06-8 %
175,entry,2023-04-17,2023-04-17,2023-04-27,2023-05-19,profit_target,long_call,C,4520.0000,4151.3198,32,16.9500,19.6500,0.0516,2.0599,4.8869,2023-05-19,0.0000,333,4510.0000,4525.0000,False,4520.0000,2.0599,0.6500,0.8000,0.8500,3953 x 2755,2.0000,0.1219,0.0138,4151.7200,,True,0.7250,0.0750,False,8.8810,14.2308,17.2211,12.1900,8.8810,call,entry (~45 DTE),14.5568,-0.2298,-0.3000,VIX 15-25,08-10 %
175,exit,2023-04-27,2023-04-17,2023-04-27,2023-05-19,profit_target,long_put,P,3680.0000,4135.3501,22,17.0300,20.3700,0.0513,1.7164,1.1438,2023-05-19,0.0000,334,3675.0000,3685.0000,False,3680.0000,1.7164,2.9000,3.1000,3.2000,1949 x 4716,1.0000,0.2569,-0.0289,4135.1500,,True,3.0000,0.1000,False,-11.0112,13.9253,14.8958,25.6860,-11.0112,put,exit (~21 DTE),23.7047,1.0681,0.8000,VIX 15-25,10-12 %
175,exit,2023-04-27,2023-04-17,2023-04-27,2023-05-19,profit_target,short_put,P,3735.0000,4135.3501,22,17.0300,20.3700,0.0513,2.5952,1.1438,2023-05-19,0.0000,334,3730.0000,3740.0000,False,3735.0000,2.5952,3.8000,4.0000,9.3000,3855 x 2555,1.0000,0.2407,-0.0384,4135.1500,,True,3.9000,0.1000,False,-9.6812,13.9253,14.8958,24.0660,-9.6812,put,exit (~21 DTE),22.6407,1.0475,0.8000,VIX 15-25,08-10 %
175,exit,2023-04-27,2023-04-17,2023-04-27,2023-05-19,profit_target,short_call,C,4465.0000,4135.3501,22,17.0300,20.3700,0.0513,0.3300,1.1438,2023-05-19,0.0000,334,4460.0000,4470.0000,True,4460.0000,0.3771,0.2500,0.3500,0.1000,6809 x 4,3.0000,0.1194,0.0080,4135.1500,,True,0.3000,0.0500,False,7.9715,13.9253,14.8958,11.9400,7.8506,call,exit (~21 DTE),12.5406,-0.2529,-0.3000,VIX 15-25,06-8 %
175,exit,2023-04-27,2023-04-17,2023-04-27,2023-05-19,profit_target,long_call,C,4520.0000,4135.3501,22,17.0300,20.3700,0.0513,0.0650,1.1438,2023-05-19,0.0000,334,4510.0000,4525.0000,False,4520.0000,0.0650,0.1500,0.2500,0.2500,4816 x 3,8.0000,0.1323,0.0052,4135.1500,,True,0.2000,0.0500,False,9.3015,13.9253,14.8958,13.2320,9.3015,call,exit (~21 DTE),12.1054,-0.0745,-0.3000,VIX 15-25,08-10 %
176,entry,2023-05-02,2023-05-02,2023-05-16,2023-06-16,profit_target,long_put,P,3550.0000,4119.5801,45,17.7800,20.7500,0.0518,13.6987,6.3828,2023-06-16,0.0000,324,3540.0000,3560.0000,False,3550.0000,13.6987,8.6000,8.7000,12.1600,514 x 100,29.0000,0.2708,-0.0502,4119.6900,,True,8.6500,0.0500,False,-13.8262,15.9155,19.3221,27.0800,-13.8262,put,entry (~45 DTE),30.3831,0.8075,0.8000,VIX 15-25,12-14 %
176,entry,2023-05-02,2023-05-02,2023-05-16,2023-06-16,profit_target,short_put,P,3605.0000,4119.5801,45,17.7800,20.7500,0.0518,16.4790,6.3828,2023-06-16,0.0000,324,3600.0000,3610.0000,False,3605.0000,16.4790,10.5000,10.7000,0.0000,545 x 647,,0.2605,-0.0617,4119.6900,,True,10.6000,0.1000,False,-12.4911,15.9155,19.3221,26.0530,-12.4911,put,entry (~45 DTE),29.3150,0.8116,0.8000,VIX 15-25,12-14 %
176,entry,2023-05-02,2023-05-02,2023-05-16,2023-06-16,profit_target,short_call,C,4505.0000,4119.5801,45,17.7800,20.7500,0.0518,7.9090,6.3828,2023-06-16,0.0000,324,4500.0000,4510.0000,True,4500.0000,8.3289,1.3000,1.4000,2.3700,668 x 656,302.0000,0.1174,0.0220,4119.6900,,True,1.3500,0.0500,False,9.3558,15.9155,19.3221,11.7410,9.2344,call,entry (~45 DTE),16.5518,-0.4521,-0.3000,VIX 15-25,08-10 %
176,entry,2023-05-02,2023-05-02,2023-05-16,2023-06-16,profit_target,long_call,C,4560.0000,4119.5801,45,17.7800,20.7500,0.0518,4.3065,6.3828,2023-06-16,0.0000,324,4550.0000,4570.0000,False,4560.0000,4.3065,0.6500,0.8000,0.0000,4441 x 1262,,0.1211,0.0120,4119.6900,,True,0.7250,0.0750,False,10.6909,15.9155,19.3221,12.1150,10.6909,call,entry (~45 DTE),16.1149,-0.3555,-0.3000,VIX 15-25,10-12 %
176,exit,2023-05-16,2023-05-02,2023-05-16,2023-06-16,profit_target,long_put,P,3550.0000,4109.8999,31,17.9900,20.9000,0.0517,4.9908,2.5342,2023-06-16,0.0000,324,3540.0000,3560.0000,False,3550.0000,4.9908,5.1000,5.2000,4.5600,200 x 2060,211.0000,0.2908,-0.0354,4110.0200,,True,5.1500,0.0500,False,-13.6232,15.0185,18.1416,29.0780,-13.6232,put,exit (~21 DTE),29.0401,1.0320,0.8000,VIX 15-25,12-14 %
176,exit,2023-05-16,2023-05-02,2023-05-16,2023-06-16,profit_target,short_put,P,3605.0000,4109.8999,31,17.9900,20.9000,0.0517,6.5092,2.5342,2023-06-16,0.0000,324,3600.0000,3610.0000,False,3605.0000,6.5092,6.2000,6.4000,6.9000,1261 x 2693,4.0000,0.2763,-0.0449,4110.0200,,True,6.3000,0.1000,False,-12.2850,15.0185,18.1416,27.6300,-12.2850,put,exit (~21 DTE),27.9695,1.0266,0.8000,VIX 15-25,12-14 %
176,exit,2023-05-16,2023-05-02,2023-05-16,2023-06-16,profit_target,short_call,C,4505.0000,4109.8999,31,17.9900,20.9000,0.0517,1.6453,2.5342,2023-06-16,0.0000,324,4500.0000,4510.0000,True,4500.0000,1.7838,0.3500,0.4500,0.4500,5381 x 657,1204.0000,0.1212,0.0084,4110.0200,,True,0.4000,0.0500,False,9.6134,15.0185,18.1416,12.1210,9.4917,call,exit (~21 DTE),15.2940,-0.3053,-0.3000,VIX 15-25,08-10 %
176,exit,2023-05-16,2023-05-02,2023-05-16,2023-06-16,profit_target,long_call,C,4560.0000,4109.8999,31,17.9900,20.9000,0.0517,0.6296,2.5342,2023-06-16,0.0000,324,4550.0000,4570.0000,False,4560.0000,0.6296,0.2000,0.3000,0.4500,1565 x 3323,8.0000,0.1299,0.0046,4110.0200,,True,0.2500,0.0500,False,10.9516,15.0185,18.1416,12.9940,10.9516,call,exit (~21 DTE),14.8561,-0.1849,-0.3000,VIX 15-25,10-12 %
177,entry,2023-05-16,2023-05-16,2023-05-26,2023-06-16,dte_exit,long_put,P,3625.0000,4109.8999,31,17.9900,20.9000,0.0517,7.1731,4.7880,2023-06-16,0.0000,324,3620.0000,3630.0000,False,3625.0000,7.1731,6.7000,6.9000,7.0000,472 x 2035,10.0000,0.2716,-0.0480,4110.0200,,True,6.8000,0.1000,False,-11.7983,15.0185,18.1416,27.1550,-11.7983,put,entry (~45 DTE),27.5802,1.0287,0.8000,VIX 15-25,10-12 %
177,entry,2023-05-16,2023-05-16,2023-05-26,2023-06-16,dte_exit,short_put,P,3680.0000,4109.8999,31,17.9900,20.9000,0.0517,9.3831,4.7880,2023-06-16,0.0000,324,3675.0000,3685.0000,False,3680.0000,9.3831,8.4000,8.6000,8.8000,100 x 1301,2.0000,0.2581,-0.0613,4110.0200,,True,8.5000,0.1000,False,-10.4601,15.0185,18.1416,25.8100,-10.4601,put,entry (~45 DTE),26.5096,1.0317,0.8000,VIX 15-25,10-12 %
177,entry,2023-05-16,2023-05-16,2023-05-26,2023-06-16,dte_exit,short_call,C,4435.0000,4109.8999,31,17.9900,20.9000,0.0517,4.6683,4.7880,2023-06-16,0.0000,324,4430.0000,4440.0000,True,4430.0000,4.9947,0.8500,0.9500,0.9100,807 x 2262,3.0000,0.1136,0.0182,4110.0200,,True,0.9000,0.0500,False,7.9102,15.0185,18.1416,11.3630,7.7885,call,entry (~45 DTE),15.8050,-0.4693,-0.3000,VIX 15-25,06-8 %
177,entry,2023-05-16,2023-05-16,2023-05-26,2023-06-16,dte_exit,long_call,C,4490.0000,4109.8999,31,17.9900,20.9000,0.0517,2.0904,4.7880,2023-06-16,0.0000,324,4480.0000,4500.0000,False,4490.0000,2.0904,0.4000,0.5000,0.4500,3321 x 903,31.0000,0.1206,0.0093,4110.0200,,True,0.4500,0.0500,False,9.2484,15.0185,18.1416,12.0630,9.2484,call,entry (~45 DTE),15.3670,-0.3196,-0.3000,VIX 15-25,08-10 %
177,exit,2023-05-26,2023-05-16,2023-05-26,2023-06-16,dte_exit,long_put,P,3625.0000,4205.4502,21,17.9500,20.4400,0.0527,0.9016,3.4389,2023-06-16,0.0000,328,3620.0000,3630.0000,False,3625.0000,0.9016,3.6000,3.8000,7.1600,866 x 2012,213.0000,0.3305,-0.0280,4205.0400,,True,3.7000,0.1000,False,-13.8023,14.1157,16.1478,33.0540,-13.8023,put,exit (~21 DTE),27.1897,1.3721,0.8000,VIX 15-25,12-14 %
177,exit,2023-05-26,2023-05-16,2023-05-26,2023-06-16,dte_exit,short_put,P,3680.0000,4205.4502,21,17.9500,20.4400,0.0527,1.3357,3.4389,2023-06-16,0.0000,328,3675.0000,3685.0000,False,3680.0000,1.3357,4.2000,4.4000,4.7700,1903 x 1060,1.0000,0.3110,-0.0337,4205.0400,,True,4.3000,0.1000,False,-12.4945,14.1157,16.1478,31.0970,-12.4945,put,exit (~21 DTE),26.1434,1.3591,0.8000,VIX 15-25,12-14 %
177,exit,2023-05-26,2023-05-16,2023-05-26,2023-06-16,dte_exit,short_call,C,4435.0000,4205.4502,21,17.9500,20.4400,0.0527,4.7619,3.4389,2023-06-16,0.0000,328,4430.0000,4440.0000,False,4435.0000,4.7619,1.7500,1.8500,0.8500,520 x 554,2.0000,0.1158,0.0387,4205.0400,,True,1.8000,0.0500,False,5.4584,14.1157,16.1478,11.5750,5.4584,call,exit (~21 DTE),14.5103,-0.4655,-0.3000,VIX 15-25,04-6 %
177,exit,2023-05-26,2023-05-16,2023-05-26,2023-06-16,dte_exit,long_call,C,4490.0000,4205.4502,21,17.9500,20.4400,0.0527,1.7570,3.4389,2023-06-16,0.0000,328,4480.0000,4500.0000,False,4490.0000,1.7570,0.7000,0.8000,0.4000,1206 x 4,4.0000,0.1207,0.0174,4205.0400,,True,0.7500,0.0500,False,6.7662,14.1157,16.1478,12.0700,6.7662,call,exit (~21 DTE),14.1179,-0.3023,-0.3000,VIX 15-25,06-8 %
178,entry,2023-06-06,2023-06-06,2023-06-23,2023-07-21,profit_target,long_put,P,3805.0000,4283.8501,45,13.9600,17.0400,0.0529,11.8395,6.3243,2023-07-21,0.0000,314,3800.0000,3810.0000,False,3805.0000,11.8395,6.9000,7.1000,7.7000,2425 x 1084,2.0000,0.2182,-0.0488,4283.4700,,True,7.0000,0.1000,False,-11.1780,11.5935,15.5763,21.8180,-11.1780,put,entry (~45 DTE),24.5187,0.9147,0.8000,VIX < 15,10-12 %
178,entry,2023-06-06,2023-06-06,2023-06-23,2023-07-21,profit_target,short_put,P,3860.0000,4283.8501,45,13.9600,17.0400,0.0529,14.5731,6.3243,2023-07-21,0.0000,314,3855.0000,3865.0000,False,3860.0000,14.5731,8.4000,8.6000,8.5700,709 x 2525,50.0000,0.2069,-0.0617,4283.4700,,True,8.5000,0.1000,False,-9.8941,11.5935,15.5763,20.6940,-9.8941,put,entry (~45 DTE),23.4916,0.9198,0.8000,VIX < 15,08-10 %
178,entry,2023-06-06,2023-06-06,2023-06-23,2023-07-21,profit_target,short_call,C,4605.0000,4283.8501,45,13.9600,17.0400,0.0529,6.8656,6.3243,2023-07-21,0.0000,314,4600.0000,4610.0000,True,4600.0000,7.3053,2.1000,2.1500,2.1500,1798 x 3,9.0000,0.1011,0.0360,4283.4700,,True,2.1250,0.0250,False,7.4968,11.5935,15.5763,10.1100,7.3800,call,entry (~45 DTE),13.3623,-0.2010,-0.3000,VIX < 15,06-8 %
178,entry,2023-06-06,2023-06-06,2023-06-23,2023-07-21,profit_target,long_call,C,4660.0000,4283.8501,45,13.9600,17.0400,0.0529,3.2749,6.3243,2023-07-21,0.0000,314,4650.0000,4670.0000,False,4660.0000,3.2749,0.9500,1.0000,0.0000,2505 x 2,,0.1042,0.0174,4283.4700,,True,0.9750,0.0250,False,8.7806,11.5935,15.5763,10.4150,8.7807,call,entry (~45 DTE),12.9421,-0.1342,-0.3000,VIX < 15,08-10 %
178,exit,2023-06-23,2023-06-06,2023-06-23,2023-07-21,profit_target,long_put,P,3805.0000,4348.3301,28,13.4400,16.8700,0.0526,1.5000,2.2068,2023-07-21,0.0000,345,3800.0000,3810.0000,False,3805.0000,1.5000,2.0000,2.1500,2.0100,825 x 911,2.0000,0.2393,-0.0190,4348.4500,,True,2.0750,0.0750,False,-12.4951,10.7860,13.0190,23.9310,-12.4951,put,exit (~21 DTE),23.0151,1.0520,0.8000,VIX < 15,12-14 %
178,exit,2023-06-23,2023-06-06,2023-06-23,2023-07-21,profit_target,short_put,P,3860.0000,4348.3301,28,13.4400,16.8700,0.0526,2.1024,2.2068,2023-07-21,0.0000,345,3855.0000,3865.0000,False,3860.0000,2.1024,2.4500,2.5500,2.7000,495 x 1893,3.0000,0.2242,-0.0240,4348.4500,,True,2.5000,0.0500,False,-11.2303,10.7860,13.0190,22.4200,-11.2303,put,exit (~21 DTE),22.0032,1.0359,0.8000,VIX < 15,10-12 %
178,exit,2023-06-23,2023-06-06,2023-06-23,2023-07-21,profit_target,short_call,C,4605.0000,4348.3301,28,13.4400,16.8700,0.0526,2.2577,2.2068,2023-07-21,0.0000,345,4600.0000,4610.0000,False,4605.0000,2.2577,0.7500,0.8500,1.9500,819 x 2,5.0000,0.0929,0.0199,4348.4500,,True,0.8000,0.0500,False,5.9027,10.7860,13.0190,9.2900,5.9027,call,exit (~21 DTE),11.2482,-0.2534,-0.3000,VIX < 15,04-6 %
178,exit,2023-06-23,2023-06-06,2023-06-23,2023-07-21,profit_target,long_call,C,4660.0000,4348.3301,28,13.4400,16.8700,0.0526,0.6533,2.2068,2023-07-21,0.0000,345,4655.0000,4665.0000,False,4660.0000,0.6533,0.3000,0.4000,0.4000,961 x 1073,40.0000,0.0985,0.0090,4348.4500,,True,0.3500,0.0500,False,7.1676,10.7860,13.0190,9.8520,7.1676,call,exit (~21 DTE),10.8687,-0.1303,-0.3000,VIX < 15,06-8 %
179,entry,2023-07-05,2023-07-05,2023-07-26,2023-08-18,profit_target,long_put,P,3950.0000,4446.8198,44,14.1800,16.5100,0.0532,11.2715,6.5450,2023-08-18,0.0000,339,3945.0000,3955.0000,False,3950.0000,11.2715,6.6000,6.8000,6.5300,2599 x 1676,13867.0000,0.2159,-0.0468,4446.6500,,True,6.7000,0.1000,False,-11.1725,11.7800,15.3363,21.5910,-11.1725,put,entry (~45 DTE),24.2742,0.8781,0.8000,VIX < 15,10-12 %
179,entry,2023-07-05,2023-07-05,2023-07-26,2023-08-18,profit_target,short_put,P,4010.0000,4446.8198,44,14.1800,16.5100,0.0532,14.1128,6.5450,2023-08-18,0.0000,339,4005.0000,4015.0000,False,4010.0000,14.1128,8.1000,8.3000,13.6500,1944 x 337,16.0000,0.2029,-0.0592,4446.6500,,True,8.2000,0.1000,False,-9.8232,11.7800,15.3363,20.2930,-9.8232,put,entry (~45 DTE),23.1948,0.8666,0.8000,VIX < 15,08-10 %
179,entry,2023-07-05,2023-07-05,2023-07-26,2023-08-18,profit_target,short_call,C,4775.0000,4446.8198,44,14.1800,16.5100,0.0532,6.6791,6.5450,2023-08-18,0.0000,339,4770.0000,4780.0000,False,4775.0000,6.6791,1.8000,1.9500,2.4200,1646 x 2184,1.0000,0.1004,0.0307,4446.6500,,True,1.8750,0.0750,False,7.3801,11.7800,15.3363,10.0420,7.3801,call,entry (~45 DTE),13.1222,-0.2355,-0.3000,VIX < 15,06-8 %
179,entry,2023-07-05,2023-07-05,2023-07-26,2023-08-18,profit_target,long_call,C,4835.0000,4446.8198,44,14.1800,16.5100,0.0532,2.9754,6.5450,2023-08-18,0.0000,339,4830.0000,4840.0000,True,4830.0000,3.1987,0.9000,1.0000,1.0500,493 x 2353,59.0000,0.1035,0.0171,4446.6500,,True,0.9500,0.0500,False,8.7294,11.7800,15.3363,10.3490,8.6169,call,entry (~45 DTE),12.7512,-0.1661,-0.3000,VIX < 15,08-10 %
179,exit,2023-07-26,2023-07-05,2023-07-26,2023-08-18,profit_target,long_put,P,3950.0000,4566.7500,23,13.1900,15.7900,0.0539,0.3538,2.3463,2023-08-18,0.0000,364,3945.0000,3955.0000,False,3950.0000,0.3538,1.4500,1.6000,1.9800,2965 x 2029,1.0000,0.2678,-0.0139,4567.7200,,True,1.5250,0.0750,False,-13.5052,10.2622,11.8143,26.7850,-13.5052,put,exit (~21 DTE),22.6185,1.2234,0.8000,VIX < 15,12-14 %
179,exit,2023-07-26,2023-07-05,2023-07-26,2023-08-18,profit_target,short_put,P,4010.0000,4566.7500,23,13.1900,15.7900,0.0539,0.5457,2.3463,2023-08-18,0.0000,364,4005.0000,4015.0000,False,4010.0000,0.5457,1.6500,1.8000,2.5000,1946 x 627,3.0000,0.2489,-0.0160,4567.7200,,True,1.7250,0.0750,False,-12.1914,10.2622,11.8143,24.8920,-12.1914,put,exit (~21 DTE),21.5674,1.2000,0.8000,VIX < 15,12-14 %
179,exit,2023-07-26,2023-07-05,2023-07-26,2023-08-18,profit_target,short_call,C,4775.0000,4566.7500,23,13.1900,15.7900,0.0539,2.7928,2.3463,2023-08-18,0.0000,364,4770.0000,4780.0000,False,4775.0000,2.7928,1.5500,1.6500,2.4000,842 x 1,88.0000,0.0905,0.0379,4567.7200,,True,1.6000,0.0500,False,4.5601,10.2622,11.8143,9.0530,4.5601,call,exit (~21 DTE),10.4463,-0.2652,-0.3000,VIX < 15,04-6 %
179,exit,2023-07-26,2023-07-05,2023-07-26,2023-08-18,profit_target,long_call,C,4835.0000,4566.7500,23,13.1900,15.7900,0.0539,0.6385,2.3463,2023-08-18,0.0000,364,4830.0000,4840.0000,False,4835.0000,0.6385,0.4500,0.5500,0.6500,799 x 1085,2.0000,0.0943,0.0127,4567.7200,,True,0.5000,0.0500,False,5.8740,10.2622,11.8143,9.4300,5.8740,call,exit (~21 DTE),10.0521,-0.1417,-0.3000,VIX < 15,04-6 %
180,entry,2023-08-01,2023-08-01,2023-08-23,2023-09-15,profit_target,long_put,P,4070.0000,4576.7300,45,13.9300,16.3400,0.0538,11.9824,6.6290,2023-09-15,0.0000,367,4065.0000,4075.0000,False,4070.0000,11.9824,6.9000,7.1000,6.8000,355 x 2794,26.0000,0.2120,-0.0481,4576.9400,,True,7.0000,0.1000,False,-11.0719,11.6780,15.1829,21.1980,-11.0719,put,entry (~45 DTE),24.0404,0.8598,0.8000,VIX < 15,10-12 %
180,entry,2023-08-01,2023-08-01,2023-08-23,2023-09-15,profit_target,short_put,P,4130.0000,4576.7300,45,13.9300,16.3400,0.0538,14.8673,6.6290,2023-09-15,0.0000,367,4125.0000,4135.0000,False,4130.0000,14.8673,8.3000,8.5000,9.3000,1940 x 1002,36.0000,0.1989,-0.0595,4576.9400,,True,8.4000,0.1000,False,-9.7609,11.6780,15.1829,19.8920,-9.7609,put,entry (~45 DTE),22.9916,0.8415,0.8000,VIX < 15,08-10 %
180,entry,2023-08-01,2023-08-01,2023-08-23,2023-09-15,profit_target,short_call,C,4915.0000,4576.7300,45,13.9300,16.3400,0.0538,6.8774,6.6290,2023-09-15,0.0000,367,4910.0000,4920.0000,True,4910.0000,7.3043,2.0000,2.1500,0.0000,2152 x 1570,,0.0992,0.0326,4576.9400,,True,2.0750,0.0750,False,7.3911,11.6780,15.1829,9.9190,7.2818,call,entry (~45 DTE),12.9983,-0.2416,-0.3000,VIX < 15,06-8 %
180,entry,2023-08-01,2023-08-01,2023-08-23,2023-09-15,profit_target,long_call,C,4975.0000,4576.7300,45,13.9300,16.3400,0.0538,3.1333,6.6290,2023-09-15,0.0000,367,4970.0000,4980.0000,False,4975.0000,3.1333,0.9000,1.0000,1.2500,2177 x 125,2.0000,0.1031,0.0156,4576.9400,,True,0.9500,0.0500,False,8.7021,11.6780,15.1829,10.3100,8.7021,call,entry (~45 DTE),12.5723,-0.1572,-0.3000,VIX < 15,08-10 %
180,exit,2023-08-23,2023-08-01,2023-08-23,2023-09-15,profit_target,long_put,P,4070.0000,4436.0098,23,15.9800,17.9400,0.0541,4.9338,2.5312,2023-09-15,0.0000,369,4065.0000,4075.0000,False,4070.0000,4.9338,4.6000,4.8000,5.2500,2504 x 1630,9.0000,0.2131,-0.0460,4436.3900,,True,4.7000,0.1000,False,-8.2509,12.8697,15.0003,21.3100,-8.2509,put,exit (~21 DTE),21.6010,1.0230,0.8000,VIX 15-25,08-10 %
180,exit,2023-08-23,2023-08-01,2023-08-23,2023-09-15,profit_target,short_put,P,4130.0000,4436.0098,23,15.9800,17.9400,0.0541,7.4538,2.5312,2023-09-15,0.0000,369,4125.0000,4135.0000,False,4130.0000,7.4538,6.5000,6.7000,7.1000,449 x 2051,2.0000,0.1981,-0.0662,4436.3900,,True,6.6000,0.1000,False,-6.8983,12.8697,15.0003,19.8140,-6.8983,put,exit (~21 DTE),20.5190,1.0067,0.8000,VIX 15-25,06-8 %
180,exit,2023-08-23,2023-08-01,2023-08-23,2023-09-15,profit_target,short_call,C,4915.0000,4436.0098,23,15.9800,17.9400,0.0541,0.0124,2.5312,2023-09-15,0.0000,369,4910.0000,4920.0000,True,4910.0000,0.0147,0.0500,0.1500,0.1500,4821 x 100,1.0000,0.1345,0.0020,4436.3900,,True,0.1000,0.0500,False,10.7978,12.8697,15.0003,13.4460,10.6851,call,exit (~21 DTE),11.7948,0.0539,-0.3000,VIX 15-25,10-12 %
180,exit,2023-08-23,2023-08-01,2023-08-23,2023-09-15,profit_target,long_call,C,4975.0000,4436.0098,23,15.9800,17.9400,0.0541,0.0013,2.5312,2023-09-15,0.0000,369,4970.0000,4980.0000,False,4975.0000,0.0013,0.0500,0.1500,0.1000,2245 x 4256,1.0000,0.1507,0.0017,4436.3900,,True,0.1000,0.0500,False,12.1503,12.8697,15.0003,15.0730,12.1503,call,exit (~21 DTE),11.3552,0.1813,-0.3000,VIX 15-25,12-14 %
181,entry,2023-09-05,2023-09-05,2023-09-18,2023-10-20,profit_target,long_put,P,3995.0000,4496.8301,45,14.0100,16.2400,0.0543,11.5520,6.5221,2023-10-20,0.0000,331,3990.0000,4000.0000,False,3995.0000,11.5520,6.6000,6.8000,8.7100,1917 x 528,2.0000,0.2131,-0.0467,4496.3800,,True,6.7000,0.1000,False,-11.1596,11.9805,15.1660,21.3100,-11.1596,put,entry (~45 DTE),24.0938,0.8360,0.8000,VIX < 15,10-12 %
181,entry,2023-09-05,2023-09-05,2023-09-18,2023-10-20,profit_target,short_put,P,4055.0000,4496.8301,45,14.0100,16.2400,0.0543,14.3862,6.5221,2023-10-20,0.0000,331,4050.0000,4060.0000,False,4055.0000,14.3862,8.2000,8.4000,10.0400,722 x 694,1.0000,0.2012,-0.0585,4496.3800,,True,8.3000,0.1000,False,-9.8254,11.9805,15.1660,20.1170,-9.8254,put,entry (~45 DTE),23.0263,0.8281,0.8000,VIX < 15,08-10 %
181,entry,2023-09-05,2023-09-05,2023-09-18,2023-10-20,profit_target,short_call,C,4830.0000,4496.8301,45,14.0100,16.2400,0.0543,6.6739,6.5221,2023-10-20,0.0000,331,4825.0000,4840.0000,False,4830.0000,6.6739,1.8000,1.9500,1.9000,2726 x 595,2.0000,0.0995,0.0309,4496.3800,,True,1.8750,0.0750,False,7.4090,11.9805,15.1660,9.9510,7.4090,call,entry (~45 DTE),12.9433,-0.2739,-0.3000,VIX < 15,06-8 %
181,entry,2023-09-05,2023-09-05,2023-09-18,2023-10-20,profit_target,long_call,C,4890.0000,4496.8301,45,14.0100,16.2400,0.0543,2.9860,6.5221,2023-10-20,0.0000,331,4880.0000,4900.0000,False,4890.0000,2.9860,0.8500,0.9500,1.3700,1950 x 773,12.0000,0.1019,0.0157,4496.3800,,True,0.9000,0.0500,False,8.7433,11.9805,15.1660,10.1950,8.7433,call,entry (~45 DTE),12.5431,-0.2042,-0.3000,VIX < 15,08-10 %
181,exit,2023-09-18,2023-09-05,2023-09-18,2023-10-20,profit_target,long_put,P,3995.0000,4453.5298,32,14.0000,16.1300,0.0542,5.2836,2.4689,2023-10-20,0.0000,331,3990.0000,4000.0000,False,3995.0000,5.2836,4.2000,4.4000,8.1000,1231 x 3847,99.0000,0.2159,-0.0362,4453.6600,,True,4.3000,0.1000,False,-10.2959,11.8275,14.2133,21.5890,-10.2959,put,exit (~21 DTE),22.4500,0.9481,0.8000,VIX < 15,10-12 %
181,exit,2023-09-18,2023-09-05,2023-09-18,2023-10-20,profit_target,short_put,P,4055.0000,4453.5298,32,14.0000,16.1300,0.0542,7.2365,2.4689,2023-10-20,0.0000,331,4050.0000,4060.0000,False,4055.0000,7.2365,5.3000,5.5000,5.8300,1816 x 2258,54.0000,0.2009,-0.0472,4453.6600,,True,5.4000,0.1000,False,-8.9486,11.8275,14.2133,20.0900,-8.9486,put,exit (~21 DTE),21.3722,0.9233,0.8000,VIX < 15,08-10 %
181,exit,2023-09-18,2023-09-05,2023-09-18,2023-10-20,profit_target,short_call,C,4830.0000,4453.5298,32,14.0000,16.1300,0.0542,0.6816,2.4689,2023-10-20,0.0000,331,4825.0000,4840.0000,False,4830.0000,0.6816,0.3000,0.3500,0.3500,358 x 283,9.0000,0.1035,0.0073,4453.6600,,True,0.3250,0.0250,False,8.4533,11.8275,14.2133,10.3530,8.4533,call,exit (~21 DTE),11.6773,-0.1744,-0.3000,VIX < 15,08-10 %
181,exit,2023-09-18,2023-09-05,2023-09-18,2023-10-20,profit_target,long_call,C,4890.0000,4453.5298,32,14.0000,16.1300,0.0542,0.1657,2.4689,2023-10-20,0.0000,331,4880.0000,4900.0000,False,4890.0000,0.1657,0.1500,0.2500,0.1500,2692 x 5222,3.0000,0.1124,0.0048,4453.6600,,True,0.2000,0.0500,False,9.8005,11.8275,14.2133,11.2420,9.8005,call,exit (~21 DTE),11.2731,-0.0597,-0.3000,VIX < 15,08-10 %
182,entry,2023-09-18,2023-09-18,2023-09-29,2023-10-20,dte_exit,long_put,P,4025.0000,4453.5298,32,14.0000,16.1300,0.0542,6.1784,5.1221,2023-10-20,0.0000,331,4020.0000,4030.0000,False,4025.0000,6.1784,4.7000,4.9000,5.4700,1465 x 3564,155.0000,0.2079,-0.0422,4453.6600,,True,4.8000,0.1000,False,-9.6222,11.8275,14.2133,20.7870,-9.6223,put,entry (~45 DTE),21.9111,0.9311,0.8000,VIX < 15,08-10 %
182,entry,2023-09-18,2023-09-18,2023-09-29,2023-10-20,dte_exit,short_put,P,4085.0000,4453.5298,32,14.0000,16.1300,0.0542,8.4901,5.1221,2023-10-20,0.0000,331,4080.0000,4090.0000,False,4085.0000,8.4901,6.1000,6.3000,5.2200,439 x 4078,109.0000,0.1945,-0.0556,4453.6600,,True,6.2000,0.1000,False,-8.2750,11.8275,14.2133,19.4480,-8.2750,put,entry (~45 DTE),20.8333,0.9209,0.8000,VIX < 15,08-10 %
182,entry,2023-09-18,2023-09-18,2023-09-29,2023-10-20,dte_exit,short_call,C,4730.0000,4453.5298,32,14.0000,16.1300,0.0542,4.3413,5.1221,2023-10-20,0.0000,331,4725.0000,4735.0000,False,4730.0000,4.3413,1.2500,1.4000,1.3900,4418 x 1561,200.0000,0.0956,0.0279,4453.6600,,True,1.3250,0.0750,False,6.2079,11.8275,14.2133,9.5640,6.2079,call,entry (~45 DTE),12.3509,-0.3646,-0.3000,VIX < 15,06-8 %
182,entry,2023-09-18,2023-09-18,2023-09-29,2023-10-20,dte_exit,long_call,C,4790.0000,4453.5298,32,14.0000,16.1300,0.0542,1.5308,5.1221,2023-10-20,0.0000,331,4785.0000,4800.0000,False,4790.0000,1.5308,0.4500,0.5500,0.5000,2854 x 275,100.0000,0.0989,0.0115,4453.6600,,True,0.5000,0.0500,False,7.5551,11.8275,14.2133,9.8880,7.5551,call,entry (~45 DTE),11.9467,-0.2567,-0.3000,VIX < 15,06-8 %
182,exit,2023-09-29,2023-09-18,2023-09-29,2023-10-20,dte_exit,long_put,P,4025.0000,4288.0498,21,17.5200,18.5100,0.0543,10.8037,5.6695,2023-10-20,0.0000,341,4020.0000,4030.0000,False,4025.0000,10.8037,8.3000,8.5000,8.3700,291 x 507,3.0000,0.2016,-0.0855,4286.6000,,True,8.4000,0.1000,False,-6.1345,15.1990,16.8529,20.1620,-6.1345,put,exit (~21 DTE),21.7605,0.8090,0.8000,VIX 15-25,06-8 %
182,exit,2023-09-29,2023-09-18,2023-09-29,2023-10-20,dte_exit,short_put,P,4085.0000,4288.0498,21,17.5200,18.5100,0.0543,16.4068,5.6695,2023-10-20,0.0000,341,4080.0000,4090.0000,False,4085.0000,16.4068,12.7000,13.1000,7.8000,450 x 1169,62.0000,0.1889,-0.1278,4286.6000,,True,12.9000,0.2000,False,-4.7352,15.1990,16.8529,18.8890,-4.7352,put,exit (~21 DTE),20.6411,0.7793,0.8000,VIX 15-25,04-6 %
182,exit,2023-09-29,2023-09-18,2023-09-29,2023-10-20,dte_exit,short_call,C,4730.0000,4288.0498,21,17.5200,18.5100,0.0543,0.0794,5.6695,2023-10-20,0.0000,341,4725.0000,4735.0000,False,4730.0000,0.0794,0.0500,0.1500,0.1000,244 x 1985,1.0000,0.1378,0.0023,4286.6000,,True,0.1000,0.0500,False,10.3066,15.1990,16.8529,13.7790,10.3066,call,exit (~21 DTE),13.7609,-0.1378,-0.3000,VIX 15-25,10-12 %
183,entry,2023-10-03,2023-10-03,2023-10-23,2023-11-17,profit_target,long_put,P,3585.0000,4229.4502,45,19.7800,20.4100,0.0546,12.8295,5.3302,2023-11-17,0.0000,336,3580.0000,3590.0000,True,3580.0000,12.6283,7.4000,7.7000,5.3000,1731 x 3233,1.0000,0.2890,-0.0419,4230.2900,,True,7.5500,0.1500,False,-15.2372,17.3015,20.0975,28.8960,-15.3554,put,entry (~45 DTE),32.3818,0.7551,0.8000,VIX 15-25,14-16 %
183,entry,2023-10-03,2023-10-03,2023-10-23,2023-11-17,profit_target,short_put,P,3640.0000,4229.4502,45,19.7800,20.4100,0.0546,15.2737,5.3302,2023-11-17,0.0000,336,3630.0000,3650.0000,False,3640.0000,15.2737,8.8000,9.1000,8.3000,1788 x 1904,20.0000,0.2753,-0.0496,4230.2900,,True,8.9500,0.1500,False,-13.9368,17.3015,20.0975,27.5310,-13.9368,put,entry (~45 DTE),31.2469,0.7340,0.8000,VIX 15-25,12-14 %
183,entry,2023-10-03,2023-10-03,2023-10-23,2023-11-17,profit_target,short_call,C,4670.0000,4229.4502,45,19.7800,20.4100,0.0546,6.4113,5.3302,2023-11-17,0.0000,336,4665.0000,4675.0000,False,4670.0000,6.4113,1.4500,1.6000,3.3000,1877 x 1749,11.0000,0.1299,0.0217,4230.2900,,True,1.5250,0.0750,False,10.4162,17.3015,20.0975,12.9930,10.4162,call,entry (~45 DTE),16.9726,-0.4136,-0.3000,VIX 15-25,10-12 %
183,entry,2023-10-03,2023-10-03,2023-10-23,2023-11-17,profit_target,long_call,C,4725.0000,4229.4502,45,19.7800,20.4100,0.0546,3.5253,5.3302,2023-11-17,0.0000,336,4720.0000,4730.0000,False,4725.0000,3.5253,0.7000,0.8500,0.8100,2839 x 1256,3.0000,0.1305,0.0120,4230.2900,,True,0.7750,0.0750,False,11.7166,17.3015,20.0975,13.0540,11.7166,call,entry (~45 DTE),16.5825,-0.3625,-0.3000,VIX 15-25,10-12 %
183,exit,2023-10-23,2023-10-03,2023-10-23,2023-11-17,profit_target,long_put,P,3585.0000,4217.0400,25,20.3700,21.3300,0.0543,3.0149,1.5360,2023-11-17,0.0000,342,3580.0000,3590.0000,True,3580.0000,2.9364,3.9000,4.1000,4.2000,1093 x 1530,10.0000,0.3357,-0.0266,4216.8500,,True,4.0000,0.1000,False,-14.9878,17.8545,20.0731,33.5700,-15.1063,put,exit (~21 DTE),32.1581,1.0403,0.8000,VIX 15-25,14-16 %
183,exit,2023-10-23,2023-10-03,2023-10-23,2023-11-17,profit_target,short_put,P,3640.0000,4217.0400,25,20.3700,21.3300,0.0543,4.0313,1.5360,2023-11-17,0.0000,342,3630.0000,3650.0000,False,3640.0000,4.0313,4.7000,4.9000,5.5000,1484 x 1999,190.0000,0.3173,-0.0336,4216.8500,,True,4.8000,0.1000,False,-13.6835,17.8545,20.0731,31.7270,-13.6835,put,exit (~21 DTE),31.0199,1.0138,0.8000,VIX 15-25,12-14 %
183,exit,2023-10-23,2023-10-03,2023-10-23,2023-11-17,profit_target,short_call,C,4670.0000,4217.0400,25,20.3700,21.3300,0.0543,0.8208,1.5360,2023-11-17,0.0000,342,4665.0000,4675.0000,False,4670.0000,0.8208,0.2500,0.3500,1.3700,321 x 1163,3.0000,0.1454,0.0063,4216.8500,,True,0.3000,0.0500,False,10.7412,17.8545,20.0731,14.5440,10.7412,call,exit (~21 DTE),16.8507,-0.3082,-0.3000,VIX 15-25,10-12 %
183,exit,2023-10-23,2023-10-03,2023-10-23,2023-11-17,profit_target,long_call,C,4725.0000,4217.0400,25,20.3700,21.3300,0.0543,0.3013,1.5360,2023-11-17,0.0000,342,4720.0000,4730.0000,False,4725.0000,0.3013,0.1000,0.2500,0.2500,2411 x 3235,5.0000,0.1521,0.0031,4216.8500,,True,0.1750,0.0750,False,12.0454,17.8545,20.0731,15.2130,12.0454,call,exit (~21 DTE),16.4594,-0.2193,-0.3000,VIX 15-25,12-14 %
184,entry,2023-10-31,2023-10-31,2023-11-24,2023-12-15,dte_exit,long_put,P,3605.0000,4193.7998,45,18.1400,19.4900,0.0544,12.5362,5.5962,2023-12-15,0.0000,373,3600.0000,3610.0000,True,3600.0000,12.3293,6.2000,6.5000,7.4500,2780 x 3940,350.0000,0.2565,-0.0400,4193.4700,,True,6.3500,0.1500,False,-14.0398,16.2488,18.8271,25.6470,-14.1590,put,entry (~45 DTE),30.1543,0.6638,0.8000,VIX 15-25,14-16 %
184,entry,2023-10-31,2023-10-31,2023-11-24,2023-12-15,dte_exit,short_put,P,3660.0000,4193.7998,45,18.1400,19.4900,0.0544,15.0688,5.5962,2023-12-15,0.0000,373,3655.0000,3665.0000,False,3660.0000,15.0688,7.8000,8.0000,15.2000,634 x 928,1.0000,0.2443,-0.0503,4193.4700,,True,7.9000,0.1000,False,-12.7283,16.2488,18.8271,24.4310,-12.7283,put,entry (~45 DTE),29.0098,0.6428,0.8000,VIX 15-25,12-14 %
184,entry,2023-10-31,2023-10-31,2023-11-24,2023-12-15,dte_exit,short_call,C,4595.0000,4193.7998,45,18.1400,19.4900,0.0544,6.4874,5.5962,2023-12-15,0.0000,373,4590.0000,4600.0000,False,4595.0000,6.4874,2.0000,2.1000,22.7000,450 x 492,442.0000,0.1309,0.0278,4193.4700,,True,2.0500,0.0500,False,9.5665,16.2488,18.8271,13.0920,9.5665,call,entry (~45 DTE),15.9572,-0.3300,-0.3000,VIX 15-25,08-10 %
184,entry,2023-10-31,2023-10-31,2023-11-24,2023-12-15,dte_exit,long_call,C,4650.0000,4193.7998,45,18.1400,19.4900,0.0544,3.4238,5.5962,2023-12-15,0.0000,373,4640.0000,4660.0000,False,4650.0000,3.4238,1.1500,1.2000,1.4000,710 x 2,1.0000,0.1333,0.0169,4193.4700,,True,1.1750,0.0250,False,10.8780,16.2488,18.8271,13.3250,10.8780,call,entry (~45 DTE),15.5637,-0.2688,-0.3000,VIX 15-25,10-12 %
184,exit,2023-11-24,2023-10-31,2023-11-24,2023-12-15,dte_exit,long_put,P,3605.0000,4559.3398,21,12.4600,15.1200,0.0539,0.0087,18.5331,2023-12-15,0.0000,397,3600.0000,3610.0000,True,3600.0000,0.0084,0.5000,0.6000,0.6000,1582 x 2493,950.0000,0.3767,-0.0044,4559.3400,,True,0.5500,0.0500,False,-20.9315,9.8935,10.3966,37.6750,-21.0412,put,exit (~21 DTE),27.2296,1.3203,0.8000,VIX < 15,20 %+
184,exit,2023-11-24,2023-10-31,2023-11-24,2023-12-15,dte_exit,short_put,P,3660.0000,4559.3398,21,12.4600,15.1200,0.0539,0.0130,18.5331,2023-12-15,0.0000,397,3655.0000,3665.0000,False,3660.0000,0.0130,0.6000,0.6500,4.4200,100 x 185,1.0000,0.3582,-0.0046,4559.3400,,True,0.6250,0.0250,False,-19.7252,9.8935,10.3966,35.8160,-19.7252,put,exit (~21 DTE),26.1768,1.3142,0.8000,VIX < 15,18-20 %
184,exit,2023-11-24,2023-10-31,2023-11-24,2023-12-15,dte_exit,short_call,C,4595.0000,4559.3398,21,12.4600,15.1200,0.0539,32.8838,18.5331,2023-12-15,0.0000,397,4590.0000,4600.0000,False,4595.0000,32.8838,30.1000,30.8000,30.6000,221 x 205,4.0000,0.0947,0.4080,4559.3400,,True,30.4500,0.3500,False,0.7821,9.8935,10.3966,9.4730,0.7821,call,exit (~21 DTE),10.1620,-0.5376,-0.3000,VIX < 15,00-2 %
184,exit,2023-11-24,2023-10-31,2023-11-24,2023-12-15,dte_exit,long_call,C,4650.0000,4559.3398,21,12.4600,15.1200,0.0539,14.3550,18.5331,2023-12-15,0.0000,397,4645.0000,4655.0000,False,4650.0000,14.3550,12.4000,12.7000,12.7000,334 x 100,266.0000,0.0912,0.2186,4559.3400,,True,12.5500,0.1500,False,1.9884,9.8935,10.3966,9.1160,1.9884,call,exit (~21 DTE),9.8001,-0.3910,-0.3000,VIX < 15,00-2 %
185,entry,2023-12-05,2023-12-05,2023-12-29,2024-01-19,dte_exit,long_put,P,4095.0000,4567.1802,45,12.8500,15.5700,0.0536,11.4682,7.0302,2024-01-19,0.0000,346,4090.0000,4100.0000,False,4095.0000,11.4682,5.6000,5.9000,7.9000,3654 x 3374,1.0000,0.1950,-0.0436,4567.9500,,True,5.7500,0.1500,False,-10.3385,11.4505,14.2749,19.4970,-10.3385,put,entry (~45 DTE),22.5458,0.7783,0.8000,VIX < 15,10-12 %
185,entry,2023-12-05,2023-12-05,2023-12-29,2024-01-19,dte_exit,short_put,P,4155.0000,4567.1802,45,12.8500,15.5700,0.0536,14.3911,7.0302,2024-01-19,0.0000,346,4150.0000,4160.0000,False,4155.0000,14.3911,7.1000,7.3000,18.9700,715 x 1597,1.0000,0.1827,-0.0557,4567.9500,,True,7.2000,0.1000,False,-9.0248,11.4505,14.2749,18.2680,-9.0248,put,entry (~45 DTE),21.4948,0.7554,0.8000,VIX < 15,08-10 %
185,entry,2023-12-05,2023-12-05,2023-12-29,2024-01-19,dte_exit,short_call,C,4875.0000,4567.1802,45,12.8500,15.5700,0.0536,7.3227,7.0302,2024-01-19,0.0000,346,4870.0000,4880.0000,False,4875.0000,7.3227,3.2000,3.4000,3.2800,3079 x 1048,1.0000,0.0994,0.0500,4567.9500,,True,3.3000,0.1000,False,6.7398,11.4505,14.2749,9.9380,6.7398,call,entry (~45 DTE),12.2530,-0.2244,-0.3000,VIX < 15,06-8 %
185,entry,2023-12-05,2023-12-05,2023-12-29,2024-01-19,dte_exit,long_call,C,4935.0000,4567.1802,45,12.8500,15.5700,0.0536,3.2155,7.0302,2024-01-19,0.0000,346,4930.0000,4940.0000,True,4930.0000,3.4621,1.5000,1.6500,2.4000,701 x 576,100.0000,0.1005,0.0256,4567.9500,,True,1.5750,0.0750,False,8.0535,11.4505,14.2749,10.0460,7.9441,call,entry (~45 DTE),11.8917,-0.1768,-0.3000,VIX < 15,06-8 %
185,exit,2023-12-29,2023-12-05,2023-12-29,2024-01-19,dte_exit,long_put,P,4095.0000,4769.8301,21,12.4500,15.2600,0.0531,0.0897,8.5749,2024-01-19,0.0000,386,4090.0000,4100.0000,False,4095.0000,0.0897,1.0000,1.1000,1.4800,1017 x 200,1.0000,0.2762,-0.0092,4772.1700,,True,1.0500,0.0500,False,-14.1479,9.8758,10.2443,27.6230,-14.1479,put,exit (~21 DTE),21.5626,1.2544,0.8000,VIX < 15,14-16 %
185,exit,2023-12-29,2023-12-05,2023-12-29,2024-01-19,dte_exit,short_put,P,4155.0000,4769.8301,21,12.4500,15.2600,0.0531,0.1441,8.5749,2024-01-19,0.0000,386,4150.0000,4160.0000,False,4155.0000,0.1441,1.1500,1.2500,2.0000,523 x 433,86.0000,0.2576,-0.0111,4772.1700,,True,1.2000,0.0500,False,-12.8900,9.8758,10.2443,25.7610,-12.8900,put,exit (~21 DTE),20.5563,1.2324,0.8000,VIX < 15,12-14 %
185,exit,2023-12-29,2023-12-05,2023-12-29,2024-01-19,dte_exit,short_call,C,4875.0000,4769.8301,21,12.4500,15.2600,0.0531,12.0880,8.5749,2024-01-19,0.0000,386,4870.0000,4880.0000,False,4875.0000,12.0880,12.4000,12.7000,12.0500,920 x 138,117.0000,0.0922,0.2086,4772.1700,,True,12.5500,0.1500,False,2.2049,9.8758,10.2443,9.2160,2.2049,call,exit (~21 DTE),9.5829,-0.2992,-0.3000,VIX < 15,02-4 %
185,exit,2023-12-29,2023-12-05,2023-12-29,2024-01-19,dte_exit,long_call,C,4935.0000,4769.8301,21,12.4500,15.2600,0.0531,3.5675,8.5749,2024-01-19,0.0000,386,4930.0000,4940.0000,False,4935.0000,3.5675,4.0000,4.3000,6.4000,1662 x 684,13.0000,0.0918,0.0855,4772.1700,,True,4.1500,0.1500,False,3.4628,9.8758,10.2443,9.1800,3.4628,call,exit (~21 DTE),9.2055,-0.2009,-0.3000,VIX < 15,02-4 %
