entry_date,expiry,nominal_expiry,entry_spot,entry_dte,sigma_h,rv21,rv63,vix_entry,vix3m_entry,long_put,short_put,short_call,long_call,width,credit_mid,credit_net,credit_usd,max_loss_usd,contracts,equity_at_entry,exit_date,exit_dte,exit_spot,exit_debit_net,exit_reason,days_held,pnl_usd,mae_usd,mfe_usd,min_low,max_high,put_touch,call_touch,put_finish,call_finish,same_expiry_reentry
2005-01-04,2005-02-18,2005-02-18,1188.050048828125,45,0.049087055526741606,0.09438099623478312,0.10542199867817534,13.979999542236328,,1055.0,1070.0,1275.0,1290.0,15.0,1.242358354292012,0.842358354292012,168.4716708584024,2831.5283291415976,2,400025.5191878801,2005-01-28,21,1171.3599853515625,0.6316025241714999,dte_exit,17,22.151166024102423,-141.26017500656815,42.15116602410242,1163.75,1195.97998046875,False,False,False,False,False
2005-02-01,2005-03-18,2005-03-18,1189.4100341796875,45,0.04224014908548278,0.10376449809482914,0.09889238901402998,12.029999732971191,,1075.0,1090.0,1265.0,1280.0,15.0,1.1991778024285686,0.7991778024285686,159.83556048571373,2840.164439514286,2,400776.7825181407,2005-02-25,21,1211.3699951171875,0.8678093572616149,dte_exit,17,-33.726310966609255,-161.02840785489704,23.328920595243787,1184.1600341796875,1212.43994140625,False,False,False,False,False
2005-03-01,2005-04-15,2005-04-15,1210.4100341796875,45,0.0422752622332994,0.10571540200210226,0.09919450667239377,12.039999961853027,,1095.0,1110.0,1285.0,1300.0,15.0,1.2982131949391515,0.8982131949391515,179.6426389878303,2820.35736101217,2,401538.84757788817,2005-03-28,18,1174.280029296875,1.0579012653772955,dte_exit,18,-51.93761408762879,-226.40082729166463,0.0,1168.699951171875,1229.1099853515625,False,False,False,False,False
2005-04-05,2005-05-20,2005-05-20,1181.3900146484375,45,0.04803368788083569,0.0973194815491045,0.10117279150221864,13.68000030517578,,1055.0,1070.0,1265.0,1280.0,15.0,1.3089539788432774,0.9089539788432773,181.79079576865547,2818.2092042313448,2,402561.59017907357,2005-04-29,21,1156.8499755859375,0.9297033380804466,dte_exit,18,-24.14987184743385,-245.31215759027526,0.0,1136.1500244140625,1191.8800048828125,False,False,False,False,False
2005-05-03,2005-06-17,2005-06-17,1161.1700439453125,45,0.0527367069959528,0.15019420736304465,0.11905584438688213,14.529999732971191,,1025.0,1040.0,1255.0,1270.0,15.0,1.097319832124576,0.697319832124576,139.4639664249152,2860.5360335750847,2,403415.47597928555,2005-05-27,21,1198.780029296875,0.828471601908488,dte_exit,18,-46.230353956782395,-183.9991041303739,0.0,1146.1800537109375,1199.56005859375,False,False,False,False,False
2005-05-31,2005-07-15,2005-07-15,1191.5,45,0.04666430525315429,0.10136514136006747,0.11940412276863217,13.289999961853027,,1065.0,1080.0,1275.0,1290.0,15.0,1.2284069172938885,0.8284069172938885,165.6813834587777,2834.3186165412226,2,404262.74612672906,2005-06-24,21,1191.5699462890625,0.5509156474363301,dte_exit,18,35.498253971511666,-152.0012872858713,55.498253971511666,1191.030029296875,1219.5899658203125,False,False,False,False,False
2005-07-05,2005-08-19,2005-08-19,1204.989990234375,45,0.04101121904906785,0.0788088336030047,0.11463996959862205,11.68000030517578,,1090.0,1105.0,1280.0,1295.0,15.0,1.154539741154231,0.7545397411542311,150.90794823084622,2849.092051769154,2,405476.7651628841,2005-07-29,21,1234.1800537109375,1.2944219464535798,dte_exit,18,-127.97644105986974,-195.85882733343072,0.0,1183.550048828125,1245.1500244140625,False,False,False,False,False
2005-08-02,2005-09-16,2005-09-16,1244.1199951171875,45,0.04125700438663602,0.08789335507523857,0.09017876359207898,11.75,,1125.0,1140.0,1320.0,1335.0,15.0,1.2355329734132674,0.8355329734132674,167.10659468265348,2832.8934053173466,2,406373.3957019495,2005-08-26,21,1205.0999755859375,1.2114103376772947,dte_exit,18,-95.17547285280546,-161.4260930200379,0.0,1204.22998046875,1245.8599853515625,False,False,False,False,False
2005-09-06,2005-10-21,2005-10-21,1233.3900146484375,45,0.045400262068922746,0.09377797810380967,0.0880726694873506,12.93000030517578,,1105.0,1120.0,1315.0,1330.0,15.0,1.3069912403095394,0.9069912403095394,181.39824806190788,2818.601751938092,2,407643.87269445445,2005-09-30,21,1228.81005859375,0.5614335732638216,dte_exit,18,49.11153340914356,-139.8340363600481,69.11153340914356,1205.3499755859375,1243.1300048828125,False,False,False,False,False
2005-10-04,2005-11-18,2005-11-18,1214.469970703125,45,0.046348293619952886,0.09730071047061899,0.08899691990315768,13.199999809265137,,1085.0,1100.0,1300.0,1315.0,15.0,1.1943412039559647,0.7943412039559646,158.86824079119293,2841.131759208807,2,408786.30515209,2005-10-28,21,1198.4100341796875,0.7442483140937687,dte_exit,18,-9.981422027560809,-217.47179333046506,10.018577972439191,1168.199951171875,1214.469970703125,False,False,False,False,False
2005-11-01,2005-12-16,2005-12-16,1202.760009765625,45,0.05297107396450604,0.15086168478207718,0.11248548047116858,14.850000381469728,,1060.0,1075.0,1300.0,1315.0,15.0,1.1785028324362692,0.7785028324362692,155.70056648725384,2844.2994335127464,2,409962.404527618,2005-11-25,21,1268.25,2.288113575729975,dte_exit,17,-321.9221486587411,-301.9221486587411,0.0,1201.0699462890625,1270.6400146484375,False,False,False,False,False
2005-12-06,2006-01-20,2006-01-20,1263.699951171875,45,0.04044942207829828,0.07965738945207644,0.11013749433834888,11.520000457763672,,1145.0,1160.0,1340.0,1355.0,15.0,1.219460546239457,0.819460546239457,163.8921092478914,2836.1078907521087,2,411199.8397701226,2005-12-30,21,1248.2900390625,0.7137555414394534,dte_exit,17,1.14100096000071,-166.47095959408617,31.46994424513132,1246.5899658203125,1275.800048828125,False,False,False,False,False
2006-01-03,2006-02-17,2006-02-17,1268.800048828125,45,0.039115152598433504,0.08334616140729625,0.11097670647124898,11.140000343322754,,1155.0,1170.0,1345.0,1360.0,15.0,1.1596134664236288,0.7596134664236288,151.92269328472577,2848.0773067152745,2,412453.6659306991,2006-01-27,21,1283.719970703125,0.9213977382758621,dte_exit,17,-52.35685437044666,-291.52971222621085,0.0,1259.4200439453125,1294.9000244140625,False,False,False,False,False
2006-01-31,2006-03-17,2006-03-17,1280.0799560546875,45,0.04547048501598191,0.11112907756594692,0.08852393488921464,12.949999809265137,,1150.0,1165.0,1365.0,1380.0,15.0,1.3649807520335102,0.9649807520335102,192.99615040670204,2807.003849593298,2,413768.45850504143,2006-02-24,21,1289.4300537109375,0.564711994285597,dte_exit,17,60.05375154958263,-123.76922204809146,80.05375154958263,1253.6099853515625,1294.1700439453125,False,False,False,False,False
2006-03-07,2006-04-21,2006-04-21,1275.8800048828125,45,0.044452227169318535,0.0907951032674699,0.09092916190062912,12.65999984741211,,1145.0,1160.0,1360.0,1375.0,15.0,1.274360052450632,0.874360052450632,174.8720104901264,2825.1279895098737,2,415629.59343371127,2006-03-31,21,1294.8699951171875,0.6799120939148638,dte_exit,18,18.889591707153627,-301.5192008675795,38.88959170715363,1268.4200439453125,1310.8800048828125,False,False,False,False,False
2006-04-04,2006-05-19,2006-05-19,1305.9300537109375,45,0.039115152598433504,0.07468813831459782,0.08860442261899401,11.140000343322754,,1190.0,1205.0,1385.0,1400.0,15.0,1.1646393937648973,0.7646393937648973,152.92787875297947,2847.0721212470207,2,417120.5886926082,2006-04-28,21,1310.6099853515625,0.6853745143058504,dte_exit,17,-4.147024108190616,-182.9073275872004,15.852975891809384,1280.739990234375,1318.1600341796875,False,False,False,False,False
2006-05-02,2006-06-16,2006-06-16,1313.2099609375,45,0.04209969984279038,0.08929373612769503,0.08606694759363417,11.989999771118164,,1190.0,1205.0,1395.0,1410.0,15.0,1.3272345326731312,0.9272345326731312,185.44690653462624,2814.553093465374,2,418623.75438228843,2006-05-26,21,1280.1600341796875,1.141254195461205,dte_exit,18,-62.803932557614765,-323.81939257147377,0.0,1245.3399658203125,1326.699951171875,False,False,False,False,False
2006-06-06,2006-07-21,2006-07-21,1263.8499755859375,45,0.06088480530719897,0.1394794769341674,0.10745252683902586,17.34000015258789,,1095.0,1110.0,1380.0,1395.0,15.0,1.3426063780515278,0.9426063780515278,188.52127561030557,2811.4787243896944,2,420495.4975002059,2006-06-29,22,1272.8699951171875,0.4624408632144391,profit_target,17,76.03310296741773,-294.3768934359857,96.03310296741773,1219.2900390625,1272.8800048828125,False,False,False,False,False
2006-07-05,2006-08-18,2006-08-18,1270.9100341796875,44,0.05120766874986312,0.14748746084301181,0.12901759889975342,14.149999618530272,,1125.0,1140.0,1370.0,1385.0,15.0,1.0975394032154817,0.6975394032154817,139.50788064309634,2860.492119356904,2,422216.1783796256,2006-07-28,21,1278.550048828125,0.6226456027113066,dte_exit,17,-5.021239899164991,-213.2825802936603,14.978760100835009,1224.5400390625,1280.4200439453125,False,False,False,False,False
2006-08-01,2006-09-15,2006-09-15,1270.9200439453125,45,0.05284407862876777,0.1357218475130544,0.14025090952083943,15.050000190734863,15.390000343322754,1120.0,1135.0,1370.0,1385.0,15.0,1.4127134952177514,1.0127134952177514,202.5426990435503,2797.4573009564497,2,423789.0228021343,2006-08-25,21,1295.0899658203125,0.5201336409423388,dte_exit,18,78.51597085508253,-163.96537912619974,98.51597085508253,1261.300048828125,1302.489990234375,False,False,False,False,False
2006-09-05,2006-10-20,2006-10-20,1313.25,45,0.04434689107444276,0.07190380412861966,0.11969173340801162,12.630000114440918,13.359999656677246,1180.0,1195.0,1400.0,1415.0,15.0,1.4140795401110466,1.0140795401110467,202.81590802220936,2797.1840919777906,2,425926.8286651189,2006-09-29,21,1335.8499755859375,0.6768985765931582,dte_exit,18,47.4361927035777,-159.072791011487,67.4361927035777,1290.9300537109375,1340.280029296875,False,False,False,False,False
2006-10-03,2006-11-17,2006-11-17,1334.1099853515625,45,0.04297750844676136,0.07841397541825672,0.09635452016320116,12.239999771118164,13.5,1205.0,1220.0,1420.0,1435.0,15.0,1.51711225118612,1.11711225118612,223.422450237224,2776.577549762776,2,427577.53356915654,2006-10-27,21,1377.3399658203125,1.5639288890425598,dte_exit,18,-109.36332757128795,-318.24310489744835,0.0,1331.47998046875,1389.449951171875,False,False,False,False,False
2006-10-31,2006-12-15,2006-12-15,1377.93994140625,45,0.03897470335574112,0.06918933800194987,0.0723783293098819,11.100000381469728,11.399999618530272,1250.0,1270.0,1460.0,1480.0,20.0,1.5511094046917968,1.151109404691797,230.2218809383594,3769.77811906164,2,429118.08398077835,2006-11-24,21,1400.949951171875,0.7041950541226615,dte_exit,17,69.38287011382708,-145.7857528782549,89.38287011382708,1360.97998046875,1407.8900146484375,False,False,False,False,False
2006-12-05,2007-01-19,2007-01-19,1414.760009765625,45,0.039571613474327305,0.08482066153886066,0.07578415464505249,11.270000457763672,12.4399995803833,1285.0,1305.0,1500.0,1520.0,20.0,1.8348990236402472,1.4348990236402472,286.97980472804943,3713.0201952719503,2,431266.77561618586,2006-12-26,24,1416.9000244140625,0.6932436212355978,profit_target,14,128.3310804809299,-200.36793630209982,148.3310804809299,1403.6700439453125,1431.81005859375,False,False,False,False,False
2007-01-03,2007-02-16,2007-02-16,1416.5999755859375,44,0.041802898108822324,0.0665408351246023,0.07335647836994885,12.039999961853027,13.380000114440918,1280.0,1300.0,1505.0,1525.0,20.0,1.9458119899579387,1.5458119899579388,309.16239799158774,3690.837602008412,2,433093.74667262787,2007-01-22,25,1422.949951171875,0.6587901854914441,profit_target,12,157.40436089329893,-118.18457571008364,177.40436089329893,1403.969970703125,1435.27001953125,False,False,False,False,False
2007-01-30,2007-03-16,2007-03-16,1428.8199462890625,45,0.03848312933203069,0.07362180487204713,0.07582526016128353,10.960000038146973,11.600000381469728,1300.0,1320.0,1510.0,1530.0,20.0,1.8028437341606462,1.4028437341606463,280.56874683212925,3719.4312531678706,2,434880.9749701749,2007-02-23,21,1451.18994140625,0.7768550898902827,dte_exit,17,105.19772885407272,-259.7047888059995,125.19772885407272,1424.780029296875,1461.5699462890625,False,False,False,False,False
2007-03-08,2007-04-20,2007-04-20,1401.8900146484375,43,0.0538997481032816,0.1570358971436061,0.10591898150255614,14.289999961853027,14.300000190734863,1230.0,1250.0,1515.0,1535.0,20.0,1.2196299405435127,0.8196299405435127,163.92598810870254,3836.0740118912972,2,437250.1474003351,2007-03-30,21,1420.8599853515625,0.7398635679905216,dte_exit,16,-4.046725489401775,-239.32074365584467,15.953274510598225,1363.97998046875,1438.8900146484375,False,False,False,False,False
2007-04-03,2007-05-18,2007-05-18,1437.77001953125,45,0.04726121537174048,0.13067674168525423,0.12176219401207679,13.460000038146973,14.239999771118164,1280.0,1300.0,1540.0,1560.0,20.0,1.7913482822177542,1.3913482822177543,278.26965644355084,3721.730343556449,2,438814.53046563733,2007-04-27,21,1494.0699462890625,2.6881756975561495,dte_exit,17,-279.36548306767907,-418.38470108152313,0.0,1433.9100341796875,1498.02001953125,False,False,False,False,False
2007-05-02,2007-06-15,2007-06-15,1495.9200439453125,44,0.04541377955203374,0.07978486752263686,0.12278094284179077,13.079999923706056,13.25,1340.0,1360.0,1600.0,1620.0,20.0,1.6108988013947751,1.2108988013947752,242.17976027895506,3757.820239721045,2,440268.2371696835,2007-05-25,21,1515.72998046875,0.8556227106103315,dte_exit,17,51.055218156888756,-186.43551353173305,71.05521815688876,1491.4200439453125,1532.4300537109375,False,False,False,False,False
2007-06-05,2007-07-20,2007-07-20,1530.949951171875,45,0.04785812549032668,0.09107386226599584,0.09686719208443788,13.630000114440918,14.260000228881836,1365.0,1385.0,1640.0,1660.0,20.0,1.8535119092482333,1.4535119092482334,290.70238184964666,3709.297618150353,2,442301.0436834101,2007-06-29,21,1503.3499755859375,1.1169698365765774,dte_exit,18,47.30841453433118,-243.04059472355615,83.56643876837673,1484.1800537109375,1538.7099609375,False,False,False,False,False
2007-07-03,2007-08-17,2007-08-17,1524.8699951171875,45,0.05238761775287396,0.1412294180345566,0.10537593145682313,14.920000076293944,15.609999656677246,1345.0,1365.0,1645.0,1665.0,20.0,1.8467103077258145,1.4467103077258145,289.3420615451629,3710.6579384548368,2,443946.0862243967,2007-07-27,21,1458.949951171875,3.0753191118599967,dte_exit,17,-345.72176082683643,-325.72176082683643,27.043604541837674,1458.949951171875,1555.9000244140625,False,False,False,False,False
2007-09-18,2007-10-19,2007-10-19,1519.780029296875,31,0.05930602774072514,0.19643143917617772,0.19920010809606933,20.350000381469727,20.6299991607666,1320.0,1340.0,1655.0,1675.0,20.0,1.7553558022465268,1.3553558022465269,271.07116044930535,3728.928839550694,2,447811.19638996245,2007-09-28,21,1526.75,0.8426951488121356,dte_exit,8,82.53213068687825,-163.03700819284384,118.05058516337536,1507.1300048828125,1538.739990234375,False,False,False,False,False
2007-10-02,2007-11-16,2007-11-16,1546.6300048828125,45,0.06898257995262261,0.1551565554651959,0.1964624738256245,18.489999771118164,19.219999313354492,1315.0,1335.0,1705.0,1725.0,20.0,1.6360751720532818,1.2360751720532819,247.2150344106564,3752.7849655893433,2,448545.15541536704,2007-10-26,21,1535.280029296875,0.694924813416013,dte_exit,18,88.23007172745378,-142.45016865744216,108.23007172745378,1489.56005859375,1576.0899658203125,False,False,False,False,False
2007-11-06,2007-12-21,2007-12-21,1520.27001953125,45,0.07510530201266959,0.16863229842701946,0.1800731433275222,21.38999938964844,22.170000076293945,1270.0,1290.0,1690.0,1710.0,20.0,1.9728227400826768,1.5728227400826769,314.56454801653535,3685.435451983464,2,450326.6008395661,2007-11-30,21,1481.1400146484375,0.8580040879125929,dte_exit,17,122.96373043401681,-362.7252084661611,142.9637304340168,1406.0999755859375,1515.4599609375,False,False,False,False,False
2007-12-04,2008-01-18,2008-01-18,1462.7900390625,45,0.08783610856402059,0.2501573468483697,0.19155563900181874,23.790000915527344,24.649999618530273,1185.0,1205.0,1655.0,1675.0,20.0,1.6983643174416656,1.2983643174416657,259.6728634883331,3740.3271365116666,2,451573.13202008844,2007-12-21,28,1484.4599609375,0.5755950000959006,profit_target,13,124.55386346915301,-190.23616506311552,144.55386346915301,1435.6500244140625,1523.5699462890625,False,False,False,False,False
2008-01-02,2008-02-15,2008-02-15,1447.1600341796875,44,0.08044627536872949,0.17913346458298168,0.19829536282820323,23.170000076293945,23.600000381469727,1195.0,1215.0,1620.0,1640.0,20.0,1.9460189932042127,1.5460189932042128,309.20379864084254,3690.7962013591573,2,452797.6248992062,2008-01-25,21,1330.6099853515625,2.5522583751877153,dte_exit,16,-221.2478763967005,-399.7745508126692,48.90283721788915,1270.050048828125,1456.800048828125,False,False,False,False,False
2008-02-13,2008-03-20,2008-03-21,1367.2099609375,36,0.07813672052861807,0.24623336479781005,0.22535074870365926,24.8799991607666,25.290000915527344,1135.0,1155.0,1525.0,1545.0,20.0,1.8988443341182943,1.4988443341182944,299.76886682365887,3700.231133176341,2,453950.8480123764,2008-02-28,21,1367.6800537109375,0.8274210435185442,dte_exit,10,114.28465811995005,-118.70599697290967,134.28465811995005,1327.0400390625,1388.3399658203125,False,False,False,False,False
2008-03-04,2008-04-18,2008-04-18,1326.75,45,0.08960670390067312,0.19508265463692953,0.20499226193032175,25.520000457763672,25.760000228881836,1075.0,1090.0,1505.0,1520.0,15.0,1.4670470336253914,1.0670470336253914,213.4094067250783,2786.590593274922,2,454587.7517610032,2008-03-28,21,1315.219970703125,0.6566739958373305,dte_exit,17,62.07460755761218,-154.73071645032857,82.07460755761218,1256.97998046875,1359.6800537109375,False,False,False,False,False
2008-04-01,2008-05-16,2008-05-16,1370.1800537109375,45,0.1075307010796799,0.3062475709204683,0.25178748201573076,22.68000030517578,23.61000061035156,1055.0,1075.0,1590.0,1610.0,20.0,0.6895794982828845,0.28957949828288443,57.91589965657688,3942.0841003434234,2,455070.341564258,2008-04-25,21,1397.8399658203125,0.4190799466873276,dte_exit,18,-45.90008968088864,-167.9058122092336,0.0,1324.3499755859375,1399.1099853515625,False,False,False,False,False
2008-05-06,2008-06-20,2008-06-20,1418.260009765625,45,0.07549953667911805,0.15576668356565407,0.21502277471870762,18.209999084472656,19.75,1185.0,1205.0,1580.0,1600.0,20.0,1.1611116242834996,0.7611116242834995,152.2223248566999,3847.7776751433,2,455608.051043301,2008-05-30,21,1400.3800048828125,0.5008021252697383,dte_exit,17,32.061899802752244,-178.3075331241497,52.061899802752244,1373.0699462890625,1440.239990234375,False,False,False,False,False
2008-06-03,2008-07-18,2008-07-18,1377.6500244140625,45,0.07372875363358532,0.1356145257233169,0.2099795823943155,20.239999771118164,22.11000061035156,1155.0,1175.0,1530.0,1550.0,20.0,1.8398747928584172,1.4398747928584172,287.97495857168343,3712.0250414283164,2,456274.0629010598,2008-06-27,21,1278.3800048828125,1.8896973472850092,dte_exit,18,-109.96451088531839,-208.84510067068246,78.43932025294494,1272.0,1404.050048828125,False,False,False,False,False
2008-07-01,2008-08-15,2008-08-15,1284.9100341796875,45,0.083040692596225,0.19816057804435788,0.16486289416243063,23.649999618530273,23.670000076293945,1055.0,1070.0,1445.0,1460.0,15.0,1.4050100685626248,1.0050100685626249,201.00201371252498,2798.997986287475,2,456820.6764581532,2008-07-25,21,1257.760009765625,0.6389739308599696,dte_exit,17,53.207227540531065,-168.09108582482378,84.96759099538076,1200.43994140625,1292.1700439453125,False,False,False,False,False
2008-08-05,2008-09-19,2008-09-19,1284.8800048828125,45,0.08747635096125538,0.2491327567465589,0.20139783531639444,21.13999938964844,21.5,1045.0,1060.0,1455.0,1470.0,15.0,0.814245354318313,0.414245354318313,82.8490708636626,2917.1509291363373,2,457603.1979160609,2008-08-29,21,1282.8299560546875,0.47170334169230455,dte_exit,18,-31.49159747479831,-151.09966225791553,0.0,1261.1600341796875,1313.1500244140625,False,False,False,False,False
2008-09-02,2008-10-17,2008-10-17,1277.5799560546875,45,0.07721204400162955,0.20713739927158292,0.21299921660345958,21.989999771118164,23.11000061035156,1065.0,1080.0,1425.0,1440.0,15.0,1.5153820231605408,1.115382023160541,223.0764046321082,2776.9235953678917,2,458185.95981565304,2008-09-26,21,1213.27001953125,2.313823363579187,dte_exit,18,-259.6882680837292,-524.6795129896839,0.0,1133.5,1280.5999755859375,False,False,False,False,False
2009-01-14,2009-02-20,2009-02-20,842.6199951171875,37,0.19523088800334124,0.32862924470345023,0.6131886391368199,49.13999938964844,50.68000030517578,505.0,515.0,1090.0,1100.0,10.0,0.4650764507146121,0.0650764507146121,13.01529014292242,1986.9847098570776,2,458709.2197576567,2009-01-30,21,825.8800048828125,0.4388948563759945,dte_exit,11,-94.76368113227649,-168.2770696863058,0.0,804.2999877929688,877.8599853515625,False,False,False,False,False
2009-02-06,2009-03-20,2009-03-20,868.5999755859375,42,0.1753691894874695,0.37771383287947496,0.5169815946536057,43.369998931884766,43.380001068115234,555.0,565.0,1095.0,1105.0,10.0,0.5697766357799168,0.16977663577991675,33.95532715598335,1966.0446728440168,2,458665.1799546268,2009-02-27,21,735.0900268554688,0.7601729589623474,dte_exit,14,-138.07926463648613,-164.5917289222747,0.0,734.52001953125,875.010009765625,False,False,False,False,False
2009-03-31,2009-05-15,2009-05-15,797.8699951171875,45,0.1616931785450076,0.46050237436028035,0.41733661790465526,44.13999938964844,44.59000015258789,530.0,540.0,990.0,1000.0,10.0,0.9286153784565379,0.5286153784565378,105.72307569130757,1894.2769243086925,2,458691.2612288076,2009-04-24,21,866.22998046875,0.7761933516641882,dte_exit,17,-69.51559464153007,-200.34724889722835,0.0,783.3200073242188,875.6300048828125,False,False,False,False,False
2009-05-05,2009-06-19,2009-06-19,903.7999877929688,45,0.1387716988605681,0.30317759828167273,0.39522197160292344,33.36000061035156,34.18000030517578,645.0,655.0,1090.0,1100.0,10.0,0.6131655634904938,0.21316556349049376,42.63311269809875,1957.3668873019012,2,458693.25408953073,2009-05-29,21,919.1400146484376,0.4234485714458863,dte_exit,17,-62.05660159107851,-165.10395790892701,0.0,878.9400024414062,930.1699829101562,False,False,False,False,False
2009-06-02,2009-07-17,2009-07-17,944.739990234375,45,0.12388444632175957,0.2901900197203751,0.3528230577865675,29.6299991607666,30.579999923706055,700.0,710.0,1120.0,1130.0,10.0,0.5830060997681272,0.1830060997681272,36.60121995362544,1963.3987800463747,2,458692.759448038,2009-06-26,21,918.9000244140624,0.4299609036781495,dte_exit,18,-69.39096078200446,-163.63589723738258,0.0,888.8599853515625,956.22998046875,False,False,False,False,False
2009-07-07,2009-08-21,2009-08-21,881.030029296875,45,0.10832158306944847,0.21311302530451906,0.265686550079415,30.850000381469727,32.09000015258789,680.0,690.0,1025.0,1035.0,10.0,1.0340813160294218,0.6340813160294217,126.81626320588435,1873.1837367941157,2,458703.4094614648,2009-07-31,21,987.47998046875,2.7177743705672426,dte_exit,18,-436.7386109075641,-416.7386109075641,0.0,869.3200073242188,996.6799926757812,False,False,False,False,False
2009-08-04,2009-09-18,2009-09-18,1005.6500244140624,45,0.0873946224682633,0.17698906185376578,0.22507639610590557,24.88999938964844,27.219999313354492,815.0,830.0,1135.0,1150.0,15.0,1.6388475447652695,1.2388475447652696,247.76950895305393,2752.230491046946,2,458331.9338023362,2009-08-28,21,1028.9300537109375,0.6381114604868158,dte_exit,18,100.14721685569076,-136.80187063491528,120.14721685569076,978.510009765625,1039.469970703125,False,False,False,False,False
2009-09-01,2009-10-16,2009-10-16,998.0399780273438,45,0.10235248188358656,0.17557738351478538,0.19124007740530297,29.149999618530273,30.8799991607666,780.0,795.0,1150.0,1165.0,15.0,1.5855237568991,1.1855237568991002,237.10475137982004,2762.89524862018,2,458492.8563870568,2009-09-25,21,1044.3800048828125,0.8017791732410396,dte_exit,17,56.7489167316121,-165.8245805568672,76.7489167316121,991.969970703125,1080.1500244140625,False,False,False,False,False
2009-10-06,2009-11-20,2009-11-20,1054.719970703125,45,0.09023872716707593,0.16638793010419348,0.17012035527009664,25.700000762939453,26.729999542236328,850.0,865.0,1195.0,1210.0,15.0,1.5316064818463175,1.1316064818463176,226.32129636926354,2773.6787036307364,2,458602.23633652006,2009-10-30,21,1036.18994140625,1.0469334301162454,dte_exit,18,-3.065389653985555,-137.85948622710987,91.34246143792042,1033.3800048828125,1101.3599853515625,False,False,False,False,False
2009-11-03,2009-12-18,2009-12-18,1045.4100341796875,45,0.10115866164641416,0.19611621776850935,0.17789593092902892,28.809999465942383,28.8700008392334,820.0,835.0,1205.0,1220.0,15.0,1.41632135744225,1.01632135744225,203.26427148845002,2796.73572851155,2,458623.77028210566,2009-11-27,21,1091.489990234375,0.7045460298596723,dte_exit,17,42.35506551651555,-129.9214634992067,75.21610286278653,1045.1500244140625,1113.68994140625,False,False,False,False,False
2009-12-01,2010-01-15,2010-01-15,1108.8599853515625,45,0.07696625866406138,0.15518774546476294,0.17214125140430314,21.920000076293945,24.940000534057617,925.0,940.0,1235.0,1250.0,15.0,1.725536503793741,1.325536503793741,265.1073007587482,2734.892699241252,2,458683.84173519845,2009-12-21,25,1114.050048828125,0.6616498920161217,profit_target,14,112.77732235552386,-128.60388144775126,132.77732235552386,1085.8900146484375,1119.1300048828125,False,False,False,False,False
2010-01-05,2010-02-19,2010-02-19,1136.52001953125,45,0.06794238728678342,0.10827936824517713,0.15701374510895935,19.350000381469727,22.38999938964844,965.0,980.0,1250.0,1265.0,15.0,1.7102344602336643,1.3102344602336644,262.04689204673286,2737.953107953267,2,458820.71184292505,2010-01-29,21,1073.8699951171875,1.5032091188566867,dte_exit,17,-58.594931724604464,-142.28683707556672,70.45556762828207,1071.5899658203125,1150.449951171875,False,False,False,False,False
2010-02-02,2010-03-19,2010-03-19,1103.3199462890625,45,0.07542131364587097,0.17281416681770945,0.145841521365,21.479999542236328,22.93000030517578,920.0,935.0,1230.0,1245.0,15.0,1.4354874909708144,1.0354874909708145,207.0974981941629,2792.9025018058373,2,458784.4323955899,2010-02-26,21,1104.489990234375,0.49757082928727714,profit_target,17,87.58333233670747,-224.83518030370445,107.58333233670747,1044.5,1112.4200439453125,False,False,False,False,False
2010-03-02,2010-04-16,2010-04-16,1118.31005859375,45,0.06692412609154597,0.17466105160033063,0.14879503575321626,19.059999465942383,21.18000030517578,955.0,970.0,1230.0,1245.0,15.0,1.5826152507492282,1.1826152507492282,236.52305014984566,2763.4769498501546,2,458911.28977080586,2010-03-26,21,1166.5899658203125,1.1365991665929287,dte_exit,18,-10.796783168740092,-172.25536616786226,9.203216831259908,1116.5799560546875,1180.68994140625,False,False,False,False,False
2010-04-06,2010-05-21,2010-05-21,1189.43994140625,45,0.056987332962480416,0.06569316082970025,0.14051824863104403,16.229999542236328,18.84000015258789,1040.0,1055.0,1290.0,1305.0,15.0,1.669788707526962,1.269788707526962,253.95774150539242,2746.0422584946077,2,458968.7330043695,2010-04-30,21,1186.68994140625,1.19702820613155,dte_exit,18,-5.447899720917597,-141.42904523599196,65.43741748019885,1175.1199951171875,1219.800048828125,False,False,False,False,False
2010-05-04,2010-06-18,2010-06-18,1173.5999755859375,45,0.08370782901044443,0.17529286794581725,0.14475190107903205,23.84000015258789,25.06999969482422,960.0,975.0,1320.0,1335.0,15.0,1.50386479019339,1.10386479019339,220.772958038678,2779.227041961322,2,459020.95270174847,2010-05-28,21,1089.4100341796875,1.7686805591278554,dte_exit,18,-152.9631537868931,-568.3335661951949,0.0,1040.780029296875,1175.949951171875,False,False,False,False,False
2010-06-02,2010-07-16,2010-07-16,1098.3800048828125,44,0.11365320937057678,0.3273420500473451,0.21514702163844768,30.170000076293945,30.59000015258789,835.0,850.0,1285.0,1300.0,15.0,1.153493041384909,0.7534930413849089,150.6986082769818,2849.3013917230182,2,458926.54905890836,2010-06-25,21,1076.760009765625,0.5179583984030688,dte_exit,17,27.10692859636802,-210.09685863851698,50.86038386628924,1042.1700439453125,1131.22998046875,False,False,False,False,False
2010-07-06,2010-08-20,2010-08-20,1028.06005859375,45,0.10410809909152852,0.20804569397601955,0.2481690443125961,29.649999618530273,32.0099983215332,800.0,815.0,1190.0,1205.0,15.0,1.59438315562101,1.19438315562101,238.87663112420202,2761.123368875798,2,459008.8788127404,2010-07-30,21,1101.5999755859375,0.8723671341453108,dte_exit,18,44.40320429513986,-257.27896646426683,64.40320429513986,1028.5400390625,1120.949951171875,False,False,False,False,False
2010-08-03,2010-09-17,2010-09-17,1120.4599609375,45,0.09168890004678594,0.2067883581739514,0.2611301018012613,22.6299991607666,26.010000228881836,900.0,915.0,1275.0,1290.0,15.0,1.1127959890069867,0.7127959890069867,142.55919780139735,2857.440802198603,2,459109.03965292394,2010-08-27,21,1064.5899658203125,0.6406200560712328,dte_exit,18,-5.564813412849228,-157.6865978613354,14.435186587150772,1039.699951171875,1129.239990234375,False,False,False,False,False
2010-08-31,2010-10-15,2010-10-15,1049.3299560546875,45,0.09146765385491677,0.1592337330254306,0.2084639183478905,26.049999237060547,29.040000915527344,840.0,855.0,1195.0,1210.0,15.0,1.6044501909038402,1.2044501909038403,240.89003818076807,2759.109961819232,2,459158.46800935117,2010-09-24,21,1148.6700439453125,2.7222602245852587,dte_exit,17,-323.5620067362837,-326.5373646771838,0.0,1049.719970703125,1148.9000244140625,False,False,False,False,False
2010-10-05,2010-11-19,2010-11-19,1160.75,45,0.07640446169329182,0.14156122354859862,0.17707003823178882,21.760000228881836,25.079999923706055,970.0,985.0,1295.0,1310.0,15.0,1.6973383122447316,1.2973383122447317,259.4676624489463,2740.532337551054,2,458902.01942847145,2010-10-29,21,1183.260009765625,0.6487020669764535,dte_exit,18,109.72724905365564,-134.85962173583258,129.72724905365564,1151.4100341796875,1196.1400146484375,False,False,False,False,False
2010-11-02,2010-12-17,2010-12-17,1193.5699462890625,45,0.07573732527907238,0.10868563968240942,0.15043492018078583,21.56999969482422,23.020000457763672,1000.0,1015.0,1330.0,1345.0,15.0,1.5123725503611922,1.1123725503611923,222.47451007223847,2777.5254899277616,2,459058.56289450196,2010-11-22,25,1197.8399658203125,0.5556866616880134,profit_target,14,91.33717773463579,-137.94126547497908,111.33717773463579,1173.0,1227.0799560546875,False,False,False,False,False
2010-12-07,2011-01-21,2011-01-21,1223.75,45,0.06316710633809389,0.15503275110114045,0.1318071076496427,17.989999771118164,20.969999313354492,1055.0,1070.0,1340.0,1355.0,15.0,1.6850515862350974,1.2850515862350975,257.0103172470195,2742.9896827529806,2,459214.07881674095,2010-12-31,21,1257.6400146484375,0.7035475757915594,dte_exit,17,96.30080208870763,-156.07499569029724,116.30080208870763,1219.5,1262.5999755859375,False,False,False,False,False
2011-01-04,2011-02-18,2011-02-18,1270.199951171875,45,0.061025251201317285,0.0570203307116495,0.11252443155807235,17.3799991607666,20.61000061035156,1100.0,1115.0,1385.0,1400.0,15.0,1.7651621529063206,1.3651621529063207,273.0324305812641,2726.967569418736,2,459358.6317537015,2011-01-27,22,1299.5400390625,0.6782986761597837,profit_target,16,117.3726953493074,-148.04939487473573,137.3726953493074,1261.699951171875,1301.2900390625,False,False,False,False,False
2011-02-01,2011-03-18,2011-03-18,1307.5899658203125,45,0.06190305980528827,0.11602857406964098,0.11990699244005773,17.6299991607666,18.969999313354492,1130.0,1145.0,1430.0,1445.0,15.0,1.4552008005362538,1.0552008005362539,211.04016010725078,2788.959839892749,2,459530.14820611157,2011-02-25,21,1319.8800048828125,0.7652562940478532,dte_exit,17,37.98890129768013,-134.090189594321,57.98890129768013,1294.260009765625,1344.0699462890625,False,False,False,False,False
2011-03-01,2011-04-15,2011-04-15,1306.3299560546875,45,0.07377103588137889,0.130528856118814,0.10855021659338628,21.010000228881836,21.899999618530273,1100.0,1115.0,1450.0,1465.0,15.0,1.490744287430367,1.090744287430367,218.1488574860734,2781.851142513927,2,459614.24547509674,2011-03-24,22,1309.6600341796875,0.5010531529984404,profit_target,17,97.93822688638531,-213.00937433319885,117.93822688638531,1249.050048828125,1332.280029296875,False,False,False,False,False
2011-04-05,2011-05-20,2011-05-20,1332.6300048828125,45,0.06056879367399756,0.14613402872137546,0.12986186371352412,17.25,19.399999618530273,1155.0,1170.0,1455.0,1470.0,15.0,1.550136737898356,1.150136737898356,230.02734757967121,2769.972652420329,2,459754.338107988,2011-04-26,24,1347.239990234375,0.5743807025616926,profit_target,14,95.15120706733268,-148.13745612056746,115.15120706733268,1294.699951171875,1349.550048828125,False,False,False,False,False
2011-05-03,2011-06-17,2011-06-17,1356.6199951171875,45,0.058637617424120686,0.08760179724233932,0.12388707714828649,16.700000762939453,19.11000061035156,1180.0,1200.0,1475.0,1495.0,20.0,2.1302492720694275,1.7302492720694276,346.0498544138855,3653.950145586114,2,459869.5500504636,2011-05-26,22,1325.68994140625,0.7762259467888635,profit_target,17,170.8046650561128,-141.52392457507386,190.8046650561128,1311.800048828125,1359.43994140625,False,False,False,False,False
2011-05-31,2011-07-15,2011-07-15,1345.199951171875,45,0.0542485710556917,0.10813573608639536,0.12197999697771454,15.449999809265137,17.559999465942383,1185.0,1200.0,1455.0,1470.0,15.0,1.5810729603531328,1.181072960353133,236.2145920706266,2763.7854079293734,2,460054.4163993668,2011-06-24,21,1268.449951171875,2.219537160135391,dte_exit,18,-227.69283995645162,-352.85842816126865,0.0,1258.0699462890625,1345.199951171875,False,False,False,False,False
2011-07-05,2011-08-19,2011-08-19,1337.8800048828125,45,0.05639042284389422,0.15262775733064127,0.1285015017791147,16.059999465942383,18.11000061035156,1170.0,1185.0,1450.0,1465.0,15.0,1.579013347645244,1.179013347645244,235.8026695290488,2764.1973304709513,2,459842.8314711984,2011-07-29,21,1292.280029296875,2.0996986559927016,dte_exit,18,-204.13706166949152,-193.81730648505933,0.0,1282.8599853515625,1356.47998046875,False,False,False,False,False
2011-09-14,2011-10-21,2011-10-21,1188.6800537109375,37,0.11016166960506395,0.31332218510350035,0.31872676370123526,34.599998474121094,34.959999084472656,910.0,925.0,1385.0,1400.0,15.0,1.4590066331665241,1.0590066331665242,211.80132663330485,2788.1986733666954,2,459664.4974435863,2011-09-30,21,1131.4200439453125,1.4217041249616957,dte_exit,12,-92.5394983590343,-149.50798258752602,0.0,1114.219970703125,1220.3900146484375,False,False,False,False,False
2011-10-05,2011-11-18,2011-11-18,1144.030029296875,44,0.13127638205231834,0.3128077993020048,0.3450557904815925,37.810001373291016,38.310001373291016,830.0,845.0,1370.0,1385.0,15.0,1.5272479639302645,1.1272479639302646,225.44959278605293,2774.550407213947,2,459575.40628572827,2011-10-28,21,1285.0899658203125,1.7436624705880677,dte_exit,17,-143.2829013315606,-179.88246822233194,0.0,1134.949951171875,1292.6600341796875,False,False,False,False,False
2011-11-02,2011-12-16,2011-12-16,1237.9000244140625,44,0.12490683915026767,0.2888132854531973,0.35975456407100587,32.7400016784668,32.880001068115234,915.0,930.0,1470.0,1485.0,15.0,1.105813212343456,0.7058132123434561,141.16264246869122,2858.837357531309,2,459438.381369131,2011-11-25,21,1158.6700439453125,0.7139203538159071,dte_exit,16,-21.62142829449021,-152.2262662267471,11.509571264710438,1158.6600341796875,1277.550048828125,False,False,False,False,False
2011-12-06,2012-01-20,2012-01-20,1258.469970703125,45,0.1011227428585111,0.282252893847464,0.2879976979066335,28.1299991607666,30.15999984741211,990.0,1005.0,1450.0,1465.0,15.0,1.5038363525549485,1.1038363525549486,220.76727051098973,2779.2327294890106,2,459422.88685263897,2011-12-23,28,1265.3299560546875,0.509956924090673,profit_target,13,98.77588569285513,-170.05224889909468,118.77588569285513,1202.3699951171875,1267.06005859375,False,False,False,False,False
2012-01-03,2012-02-17,2012-02-17,1277.06005859375,45,0.09171485476308358,0.192769762454317,0.26120402086567984,22.969999313354492,26.049999237060547,1030.0,1045.0,1455.0,1470.0,15.0,1.149530357903032,0.749530357903032,149.9060715806064,2850.0939284193937,2,459525.62025559694,2012-01-27,21,1316.3299560546875,0.42059589639425654,dte_exit,17,45.7868923017551,-127.16228655565784,65.7868923017551,1265.260009765625,1333.469970703125,False,False,False,False,False
2012-01-31,2012-03-16,2012-03-16,1312.4100341796875,45,0.0764697861364838,0.0862617218452772,0.2177860463845827,19.440000534057617,22.09000015258789,1095.0,1110.0,1465.0,1480.0,15.0,1.1471740612970542,0.7471740612970542,149.43481225941085,2850.5651877405894,2,459583.9204827736,2012-02-24,21,1365.739990234375,0.4851312322626272,dte_exit,17,32.4085658068854,-177.85358111161415,53.202208021471044,1312.449951171875,1368.9200439453125,False,False,False,False,False
2012-03-06,2012-04-20,2012-04-20,1343.3599853515625,45,0.07327946520624254,0.08923444728244578,0.13090314805809355,20.8700008392334,23.899999618530273,1130.0,1145.0,1490.0,1505.0,15.0,1.716204669146208,1.3162046691462082,263.2409338292416,2736.7590661707586,2,459655.664222088,2012-03-29,22,1403.280029296875,0.5708759780742317,profit_target,17,129.06573821439528,-112.47029739430783,149.06573821439528,1343.3900146484375,1419.1500244140625,False,False,False,False,False
2012-04-03,2012-05-18,2012-05-18,1413.3800048828125,45,0.05498593041697029,0.11764126990968096,0.09201055517104757,15.65999984741211,18.809999465942383,1240.0,1260.0,1530.0,1550.0,20.0,2.253418000606196,1.853418000606196,370.6836001212392,3629.3163998787604,2,459814.8825333692,2012-04-25,23,1390.68994140625,0.8945079287363245,profit_target,15,171.7820143739743,-265.985566131314,191.7820143739743,1357.3800048828125,1413.0899658203125,False,False,False,False,False
2012-05-01,2012-06-15,2012-06-15,1405.8199462890625,45,0.05828649264310266,0.14461703422411185,0.11673924655083866,16.600000381469727,19.1299991607666,1220.0,1240.0,1530.0,1550.0,20.0,2.045190887362331,1.645190887362331,329.0381774724662,3670.9618225275335,2,460016.96081260894,2012-05-25,21,1317.8199462890625,2.2858767011318717,dte_exit,18,-148.13716275390811,-579.6987083162178,0.0,1291.97998046875,1405.5,False,False,False,False,False
2012-06-05,2012-07-20,2012-07-20,1285.5,45,0.08665726645555878,0.14234615364197156,0.13677715576497196,24.68000030517578,26.8700008392334,1050.0,1065.0,1455.0,1470.0,15.0,1.5925761110070482,1.1925761110070483,238.51522220140967,2761.4847777985906,2,459907.5631138937,2012-06-25,25,1313.719970703125,0.5816415643253695,profit_target,14,102.18690933633576,-158.15128335392697,122.18690933633576,1285.6099853515625,1363.4599609375,False,False,False,False,False
2012-07-03,2012-08-17,2012-08-17,1374.02001953125,45,0.06366882024548065,0.18132887954577845,0.16290102930138792,16.65999984741211,19.31999969482422,1180.0,1200.0,1505.0,1525.0,20.0,1.6850665530618798,1.28506655306188,257.01331061237596,3742.9866893876238,2,460042.8567024763,2012-07-26,22,1360.02001953125,0.637780270549187,profit_target,16,109.4572565025386,-157.28928993899044,129.4572565025386,1325.4100341796875,1380.3900146484375,False,False,False,False,False
2012-08-07,2012-09-21,2012-09-21,1401.3499755859375,45,0.05725036789848792,0.14948026599227734,0.16304911924849577,15.989999771118164,18.809999465942383,1220.0,1240.0,1520.0,1540.0,20.0,2.088150826594628,1.6881508265946281,337.6301653189256,3662.3698346810743,2,460195.1490482717,2012-08-27,25,1410.43994140625,0.8044685200687202,profit_target,14,156.7364613051816,-115.47642909251917,176.7364613051816,1395.6199951171875,1426.6800537109375,False,False,False,False,False
2012-09-04,2012-10-19,2012-10-19,1404.93994140625,45,0.06313199319027726,0.061255275899285186,0.14140852249789382,17.979999542236328,20.68000030517578,1210.0,1230.0,1540.0,1560.0,20.0,2.1159045382617734,1.7159045382617735,343.1809076523547,3656.819092347645,2,460388.0900516666,2012-09-25,24,1441.5899658203125,0.7363306193343379,profit_target,15,175.91478378548712,-162.1690596692373,195.91478378548712,1401.25,1474.510009765625,False,False,False,False,False
2012-10-02,2012-11-16,2012-11-16,1445.75,45,0.055161492807479305,0.11250222441184764,0.11435076020357744,15.710000038146973,17.739999771118164,1265.0,1285.0,1565.0,1585.0,20.0,2.01231374351665,1.61231374351665,322.46274870332996,3677.5372512966696,2,460601.76191886555,2012-10-26,21,1411.93994140625,1.0121585606840875,dte_exit,18,100.03103656651248,-151.763802867797,127.59281978736172,1403.280029296875,1470.9599609375,False,False,False,False,False
2012-11-06,2012-12-21,2012-12-21,1428.3900146484375,45,0.061727500763353337,0.11817462590662796,0.10129184441397042,17.579999923706055,18.239999771118164,1230.0,1250.0,1560.0,1580.0,20.0,1.794669507895705,1.394669507895705,278.933901579141,3721.066098420859,2,460748.7823129569,2012-11-28,23,1409.9300537109375,0.6294822903918623,profit_target,15,133.03744350076855,-179.44940060749835,153.03744350076855,1343.3499755859375,1428.27001953125,False,False,False,False,False
2012-12-04,2013-01-18,2013-01-18,1407.050048828125,45,0.06011233614667785,0.1475101592953427,0.12590505141160527,17.1200008392334,18.190000534057617,1220.0,1240.0,1535.0,1555.0,20.0,1.8506520728963451,1.4506520728963452,290.13041457926903,3709.869585420731,2,460914.22197479283,2012-12-28,21,1402.4300537109375,1.6211362899005777,dte_exit,17,-54.09684340084649,-129.07886079289509,61.21509141623864,1398.22998046875,1448.0,False,False,False,False,False
2013-01-02,2013-02-15,2013-02-15,1462.4200439453125,44,0.05096898330058606,0.14245572937506126,0.13521325600524667,14.68000030517578,16.690000534057617,1295.0,1315.0,1575.0,1595.0,20.0,1.9847998947053824,1.5847998947053825,316.9599789410765,3683.0400210589232,2,460883.31447378936,2013-01-22,24,1492.56005859375,0.6586898271549996,profit_target,13,165.22201351007658,-129.42177943003853,185.22201351007658,1451.6400146484375,1492.56005859375,False,False,False,False,False
2013-01-29,2013-03-15,2013-03-15,1507.8399658203125,45,0.04673453154878753,0.11742473934959013,0.12335978404231963,13.3100004196167,14.739999771118164,1345.0,1365.0,1615.0,1635.0,20.0,1.8106243156038566,1.4106243156038567,282.12486312077135,3717.875136879228,2,461074.5435543381,2013-02-22,21,1515.5999755859375,0.7564377256713978,dte_exit,17,110.8373179864918,-189.99589152985035,135.1088726925331,1495.02001953125,1530.93994140625,False,False,False,False,False
2013-03-05,2013-04-19,2013-04-19,1539.7900390625,45,0.04733143831879964,0.12548645595580135,0.11356986544012632,13.479999542236328,14.949999809265137,1375.0,1395.0,1650.0,1670.0,20.0,1.8870368686188854,1.4870368686188855,297.4073737237771,3702.5926262762227,2,461228.3133966246,2013-03-28,22,1569.18994140625,0.7093320756493627,profit_target,17,135.54095859390455,-156.9923222483629,155.54095859390455,1538.1099853515625,1570.280029296875,False,False,False,False,False
2013-04-02,2013-05-17,2013-05-17,1570.25,45,0.04487357489739572,0.07695967534942816,0.10564408548021424,12.779999732971191,14.710000038146973,1410.0,1430.0,1675.0,1695.0,20.0,2.0431888623443157,1.6431888623443158,328.63777246886315,3671.3622275311363,2,461393.7273430622,2013-04-26,21,1582.239990234375,0.771814319640011,profit_target,18,154.27490854086096,-181.83206659309602,174.27490854086096,1536.030029296875,1597.3499755859375,False,False,False,False,False
2013-05-07,2013-06-21,2013-06-21,1625.9599609375,45,0.05139589711954282,0.14637557916110946,0.1160054230742261,12.829999923706056,14.350000381469728,1440.0,1460.0,1750.0,1770.0,20.0,1.3401881404180251,0.9401881404180251,188.03762808360503,3811.9623719163947,2,461573.65303340857,2013-05-31,21,1630.739990234375,0.9092353123254103,dte_exit,17,-13.809434381477041,-230.9052789517649,8.652801857626846,1622.699951171875,1687.1800537109375,False,False,False,False,False
2013-06-04,2013-07-19,2013-07-19,1631.3800048828125,45,0.05712778555374689,0.09983486749268136,0.11199693535000507,16.270000457763672,17.260000228881836,1425.0,1445.0,1770.0,1790.0,20.0,1.9037719066880854,1.5037719066880855,300.7543813376171,3699.2456186623826,2,461574.9789525182,2013-06-28,21,1606.280029296875,0.7698665055275584,dte_exit,18,126.78108023210541,-158.67523991003463,146.7810802321054,1560.3299560546875,1654.18994140625,False,False,False,False,False
2013-07-02,2013-08-16,2013-08-16,1614.0799560546875,45,0.059065168328337796,0.16821767313837618,0.13995230925528784,16.440000534057617,18.020000457763672,1405.0,1425.0,1755.0,1775.0,20.0,1.9219191082600986,1.5219191082600987,304.3838216520197,3695.61617834798,2,461719.20898435515,2013-07-26,21,1691.6500244140625,1.2158207156355916,dte_exit,17,41.219678524901425,-275.41223904842604,61.219678524901425,1604.5699462890625,1698.780029296875,False,False,False,False,False
2013-08-06,2013-09-20,2013-09-20,1697.3699951171875,45,0.04466290270764416,0.0773717577777649,0.12139053055313663,12.720000267028809,14.5600004196167,1525.0,1545.0,1810.0,1830.0,20.0,2.0369760512402593,1.6369760512402594,327.39521024805185,3672.604789751948,2,461776.85401310946,2013-08-30,21,1632.969970703125,2.076933556966837,dte_exit,18,-107.99150114531554,-151.5202830711588,40.435175929617,1627.469970703125,1700.1800537109375,False,False,False,False,False
2013-09-03,2013-10-18,2013-10-18,1639.77001953125,45,0.05832160579091928,0.0960292894349445,0.12211230259768718,16.610000610351562,17.639999389648438,1430.0,1450.0,1785.0,1805.0,20.0,1.863037522900079,1.4630375229000792,292.6075045800158,3707.392495419984,2,461684.00862797396,2013-09-27,21,1691.75,1.1604036203603552,dte_exit,18,40.5267805079448,-374.0996472151304,109.25140455514446,1637.4100341796875,1729.8599853515625,False,False,False,False,False
2013-10-01,2013-11-15,2013-11-15,1695.0,45,0.0545645826888931,0.08811666894424394,0.09169263371657324,15.539999961853027,16.1299991607666,1490.0,1510.0,1835.0,1855.0,20.0,1.7709140251709528,1.3709140251709528,274.18280503419055,3725.817194965809,2,461730.18129016896,2013-10-25,21,1759.77001953125,1.0528704975700185,dte_exit,18,43.608705520186874,-284.68374511091935,83.1694900459192,1646.469970703125,1759.8199462890625,False,False,False,False,False
2013-11-05,2013-12-20,2013-12-20,1762.969970703125,45,0.046594082306095144,0.1159504197613672,0.10659291334045626,13.270000457763672,14.920000076293944,1575.0,1600.0,1885.0,1910.0,25.0,2.4332113287886656,2.0332113287886657,406.6422657577331,4593.357734242267,2,461795.2207548171,2013-11-29,21,1805.81005859375,1.4523646376653327,dte_exit,17,96.1693382246666,-134.6750295889967,132.67198103933157,1746.199951171875,1813.550048828125,False,False,False,False,False
2013-12-03,2014-01-17,2014-01-17,1795.1500244140625,45,0.051088461420825806,0.08946711789684116,0.10112955300037457,14.550000190734863,15.489999771118164,1585.0,1610.0,1935.0,1960.0,25.0,2.146677964599199,1.7466779645991992,349.3355929198398,4650.664407080159,2,461916.0412574788,2013-12-24,24,1833.3199462890625,0.7591206126386943,profit_target,15,177.51147039210096,-145.58026518465593,197.51147039210096,1767.989990234375,1833.3199462890625,False,False,False,False,False
2014-01-07,2014-02-21,2014-02-21,1837.8800048828125,45,0.04536514892110613,0.0994038017335489,0.10142163544725286,12.920000076293944,14.40999984741211,1645.0,1670.0,1965.0,1990.0,25.0,2.263678685080521,1.863678685080521,372.73573701610417,4627.264262983896,2,462123.855410553,2014-01-31,21,1782.5899658203125,2.459839825956922,dte_exit,17,-139.23222817528023,-211.36222228080132,108.79701887910062,1770.449951171875,1850.8399658203125,False,False,False,False,False
2014-02-06,2014-03-21,2014-03-21,1773.4300537109375,43,0.059138875380635114,0.1539000292244782,0.1178467352585244,17.229999542236328,17.790000915527344,1540.0,1565.0,1930.0,1955.0,25.0,2.2321038525052543,1.8321038525052544,366.42077050105087,4633.579229498949,2,462000.9365596593,2014-02-28,21,1859.449951171875,1.914726643794701,dte_exit,15,-36.524558257889325,-167.33930237758213,62.44441911555718,1776.010009765625,1867.9200439453125,False,False,False,False,False
2014-03-03,2014-04-17,2014-04-18,1845.72998046875,45,0.05617975065414267,0.12885867697777287,0.1169076873041136,16.0,16.920000076293945,1615.0,1640.0,2000.0,2025.0,25.0,2.332716723912938,1.9327167239129381,386.5433447825876,4613.456655217412,2,461980.33740404714,2014-03-24,24,1857.43994140625,0.8379761058436778,profit_target,15,198.9481236138521,-145.59871668656453,218.9481236138521,1839.5699462890625,1883.969970703125,False,False,False,False,False
2014-04-01,2014-05-16,2014-05-16,1885.52001953125,45,0.045997172187508956,0.1028151492886375,0.11919847035080555,13.100000381469728,14.399999618530272,1685.0,1710.0,2015.0,2040.0,25.0,2.302013285720932,1.902013285720932,380.4026571441864,4619.597342855814,2,462198.8071643569,2014-04-22,24,1879.550048828125,0.8710978235912282,profit_target,14,186.18309242594074,-311.6083228389243,206.18309242594074,1814.3599853515625,1897.280029296875,False,False,False,False,False
2014-05-06,2014-06-20,2014-06-20,1867.719970703125,45,0.048455035608912865,0.1250778923012833,0.10916907599403626,13.800000190734863,15.119999885559082,1660.0,1685.0,2005.0,2030.0,25.0,2.259561199716096,1.859561199716096,371.91223994321916,4628.08776005678,2,462398.6093150631,2014-05-23,28,1900.530029296875,0.8686071486312331,profit_target,13,178.19081021697255,-145.4026924241438,198.19081021697255,1859.7900390625,1902.1700439453125,False,False,False,False,False
2014-06-03,2014-07-18,2014-07-18,1924.239990234375,45,0.041678352114713206,0.08166981016427002,0.10078205166566839,11.869999885559082,13.81999969482422,1740.0,1765.0,2045.0,2070.0,25.0,2.489086394553368,2.089086394553368,417.8172789106736,4582.182721089326,2,462589.1388707158,2014-06-26,22,1957.219970703125,0.9339768974020292,profit_target,17,211.02189943026784,-189.2794404354424,231.02189943026784,1918.5999755859375,1968.1700439453125,False,False,False,False,False
2014-07-01,2014-08-15,2014-08-15,1973.3199462890625,45,0.039150262397676036,0.061083230297674415,0.09394663091058734,11.149999618530272,12.739999771118164,1795.0,1820.0,2090.0,2115.0,25.0,2.369058236691359,1.969058236691359,393.81164733827177,4606.188352661728,2,462812.635775223,2014-07-23,23,1987.010009765625,0.8234210640278584,profit_target,15,209.12743453270014,-112.66073891536107,229.12743453270014,1952.8599853515625,1989.22998046875,False,False,False,False,False
2014-08-05,2014-09-19,2014-09-19,1920.2099609375,45,0.059234527542706875,0.11115109875895059,0.08670275241513097,16.8700008392334,17.139999389648438,1670.0,1695.0,2090.0,2115.0,25.0,2.2241377083122345,1.8241377083122345,364.8275416624469,4635.172458337553,2,463033.0843384911,2014-08-27,23,2000.1199951171875,0.8390607206330666,profit_target,16,177.01539753583359,-115.68154819561639,197.01539753583359,1904.780029296875,2005.0400390625,False,False,False,False,False
2014-09-02,2014-10-17,2014-10-17,2002.280029296875,45,0.043012621594577985,0.07635708831444372,0.08453087132403593,12.25,14.460000038146973,1805.0,1830.0,2130.0,2155.0,25.0,2.642816417252014,2.242816417252014,448.5632834504028,4551.436716549597,2,463221.55538827734,2014-09-24,23,1998.300048828125,0.9202025376525228,profit_target,16,244.52277591989832,-132.65046299369257,264.5227759198983,1978.47998046875,2019.260009765625,False,False,False,False,False
2014-10-07,2014-11-21,2014-11-21,1935.0999755859375,45,0.060393234632062635,0.12133747665515938,0.10270166279604695,17.200000762939453,17.68000030517578,1675.0,1700.0,2110.0,2135.0,25.0,2.2312251185671315,1.8312251185671315,366.2450237134263,4633.754976286574,2,463474.5779353112,2014-10-28,24,1985.050048828125,0.8177076970236993,profit_target,15,182.70348430868648,-451.6799873191359,202.70348430868648,1820.6600341796875,1985.050048828125,False,False,False,False,False
2014-11-04,2014-12-19,2014-12-19,2012.0999755859375,45,0.06380567547576721,0.18171864341249,0.12800520453978098,14.890000343322754,16.93000030517578,1730.0,1755.0,2205.0,2230.0,25.0,1.3925984072916968,0.9925984072916968,198.51968145833936,4801.48031854166,2,463662.9500976563,2014-11-25,24,2067.030029296875,0.45379955187878307,profit_target,15,87.75977108258274,-134.55592933635415,107.75977108258274,2014.4200439453125,2074.2099609375,False,False,False,False,False
2014-12-02,2015-01-16,2015-01-16,2066.550048828125,45,0.04511936358353797,0.05147662196501708,0.12570403969199279,12.850000381469728,15.960000038146973,1855.0,1880.0,2205.0,2230.0,25.0,2.9317174029871182,2.5317174029871183,506.34348059742365,4493.656519402576,2,463758.4405991493,2014-12-23,24,2082.169921875,1.2597619803410267,profit_target,15,234.39108452921832,-668.3692203768692,254.39108452921832,1972.56005859375,2086.72998046875,False,False,False,False,False
2015-01-06,2015-02-20,2015-02-20,2002.6099853515625,45,0.07415727381021352,0.16815517995364385,0.14518165329593685,21.1200008392334,21.420000076293945,1680.0,1705.0,2225.0,2250.0,25.0,2.3104203282511477,1.9104203282511478,382.08406565022955,4617.91593434977,2,464004.82330247515,2015-01-23,28,2051.820068359375,0.8816283210676726,profit_target,12,185.75840143669507,-133.67087724155678,205.75840143669507,1988.1199951171875,2064.6201171875,False,False,False,False,False
2015-02-03,2015-03-20,2015-03-20,2050.030029296875,45,0.06354564456290913,0.1809780750480374,0.1386266385345895,17.329999923706055,19.489999771118164,1765.0,1790.0,2245.0,2270.0,25.0,2.33485420551731,1.93485420551731,386.97084110346196,4613.029158896537,2,464199.997413367,2015-02-23,25,2109.659912109375,0.8218098829003125,profit_target,13,202.6088645233995,-190.1666545122657,222.6088645233995,2036.719970703125,2110.610107421875,False,False,False,False,False
2015-03-03,2015-04-17,2015-04-17,2107.780029296875,45,0.05039508253540531,0.0951870904282066,0.1435252579760297,13.859999656677246,16.780000686645508,1870.0,1895.0,2265.0,2290.0,25.0,2.6309203505212366,2.2309203505212367,446.1840701042473,4553.815929895753,2,464408.92905795266,2015-03-20,28,2108.10009765625,0.8971082527199515,profit_target,13,246.76241956025706,-165.47080198346134,266.76241956025706,2039.68994140625,2113.919921875,False,False,False,False,False
2015-03-31,2015-05-15,2015-05-15,2067.889892578125,45,0.053686774084922124,0.14461772921118646,0.14094303283886925,15.289999961853027,17.540000915527344,1820.0,1845.0,2235.0,2260.0,25.0,2.6084425873471915,2.2084425873471916,441.6885174694383,4558.311482530561,2,464665.24548250216,2015-04-16,29,2104.989990234375,0.9867455940138697,profit_target,11,224.33939866666438,-95.426319093834,244.33939866666438,2048.3798828125,2111.909912109375,False,False,False,False,False
2015-05-05,2015-06-19,2015-06-19,2089.4599609375,45,0.05024576596467145,0.09859286882511582,0.110345196213691,14.3100004196167,16.31999969482422,1855.0,1880.0,2245.0,2270.0,25.0,2.632390745229266,2.232390745229266,446.4781490458532,4553.521850954146,2,464899.27266596555,2015-05-22,28,2126.06005859375,1.043562633152804,profit_target,13,217.76562241529237,-172.98567360718292,237.76562241529237,2067.929931640625,2134.719970703125,False,False,False,False,False
2015-06-02,2015-07-17,2015-07-17,2109.60009765625,45,0.0499999772785292,0.09860610151648773,0.11280959107363782,14.239999771118164,15.710000038146973,1875.0,1900.0,2270.0,2295.0,25.0,2.390707798207231,1.990707798207231,398.1415596414462,4601.858440358554,2,465122.9833875885,2015-06-22,25,2122.85009765625,0.703698898977913,profit_target,14,237.4017798458636,-133.5059833036203,257.4017798458636,2072.139892578125,2129.8701171875,False,False,False,False,False
2015-07-07,2015-08-21,2015-08-21,2081.340087890625,45,0.05649576228734408,0.11619727936679934,0.10168277141449987,16.09000015258789,17.020000457763672,1820.0,1845.0,2260.0,2285.0,25.0,2.2685300158133046,1.8685300158133047,373.7060031626609,4626.293996837338,2,465367.1087041053,2015-07-21,31,2119.2099609375,0.8893552292256445,profit_target,10,175.83495731753203,-329.166228253583,195.83495731753203,2044.6600341796875,2132.820068359375,False,False,False,False,False
2015-07-21,2015-08-21,2015-08-21,2119.2099609375,31,0.03749722791096115,0.12866628087588497,0.10827142091759354,12.220000267028809,14.75,1930.0,1960.0,2240.0,2270.0,30.0,1.862924012372229,1.4629240123722291,292.58480247444584,5707.415197525554,2,465546.8248919904,2015-07-31,21,2103.840087890625,0.7984358047230982,dte_exit,8,112.89764152982619,-351.392272920761,132.8976415298262,2063.52001953125,2118.510009765625,False,False,False,False,True
2015-08-04,2015-09-18,2015-09-18,2093.320068359375,45,0.045646047406490926,0.1178799386295857,0.10760000655191788,13.0,15.130000114440918,1875.0,1900.0,2235.0,2260.0,25.0,2.620454842788533,2.220454842788533,444.09096855770656,4555.909031442293,2,465669.685478736,2015-08-28,21,1988.8699951171875,5.606877851263439,dte_exit,18,-697.2846016949812,-2381.37286317562,103.1054033137062,1867.010009765625,2112.659912109375,True,False,False,False,False
2015-09-02,2015-10-16,2015-10-16,1948.8599853515625,44,0.10206537244693317,0.2939669582641313,0.19301455786541186,26.09000015258789,26.190000534057617,1525.0,1550.0,2245.0,2270.0,25.0,1.6298207748242675,1.2298207748242675,245.96415496485352,4754.035845035146,2,464997.5126794585,2015-09-21,25,1966.969970703125,0.49910259136688606,profit_target,12,126.1436366914763,-171.08249310548925,146.1436366914763,1911.2099609375,2020.8599853515625,False,False,False,False,False
2015-10-06,2015-11-20,2015-11-20,1979.9200439453125,45,0.0751538695458945,0.19804912857518137,0.21403831429174255,19.399999618530273,21.59000015258789,1655.0,1680.0,2205.0,2230.0,25.0,1.9214479635633097,1.5214479635633098,304.28959271266194,4695.710407287338,2,465130.5061234475,2015-10-27,24,2065.889892578125,0.74858374317812,profit_target,15,134.57284407703796,-125.89731763474728,154.57284407703796,1976.43994140625,2079.739990234375,False,False,False,False,False
2015-11-03,2015-12-18,2015-12-18,2109.7900390625,45,0.07652461654637197,0.11447467726636154,0.21794220346039664,14.539999961853027,17.469999313354492,1760.0,1785.0,2350.0,2375.0,25.0,0.775053854243966,0.375053854243966,75.0107708487932,4924.989229151207,2,465273.35180042975,2015-11-27,21,2090.110107421875,0.45498072246335497,dte_exit,17,-35.9853736438778,-278.84415717524547,0.0,2019.3900146484375,2114.590087890625,False,False,False,False,False
2015-12-01,2016-01-15,2016-01-15,2102.6298828125,45,0.05420535558227038,0.12408056805900869,0.15437692037039555,14.670000076293944,17.579999923706055,1850.0,1875.0,2275.0,2300.0,25.0,2.422527769638691,2.022527769638691,404.5055539277382,4595.494446072262,2,465283.7795846915,2015-12-23,23,2064.2900390625,0.8478948556805046,profit_target,16,214.92658279163732,-563.3285827934805,234.92658279163732,1993.260009765625,2104.27001953125,False,False,False,False,False
2016-01-05,2016-02-19,2016-02-19,2016.7099609375,45,0.06790727413896681,0.18197709965756367,0.14623389666352019,19.34000015258789,20.520000457763672,1720.0,1745.0,2220.0,2245.0,25.0,2.506464840625071,2.106464840625071,421.2929681250142,4578.707031874986,2,465596.6529780946,2016-01-29,21,1940.239990234375,1.106932611464837,dte_exit,17,179.90644583204684,-561.4417941350888,199.90644583204684,1812.2900390625,2011.7099609375,False,False,False,False,False
2016-02-02,2016-03-18,2016-03-18,1903.030029296875,45,0.083041425878205,0.2365020845732972,0.18604644155877048,21.979999542236328,23.40999984741211,1560.0,1585.0,2140.0,2165.0,25.0,2.001229983806269,1.601229983806269,320.24599676125376,4679.754003238746,2,465871.21849856875,2016-02-22,25,1945.5,0.712174478160201,profit_target,13,157.8111011292136,-223.75572856770827,177.8111011292136,1810.0999755859375,1946.699951171875,False,False,False,False,False
2016-03-01,2016-04-15,2016-04-15,1978.3499755859375,45,0.07183860258555849,0.19889504583853557,0.20459642984979648,17.700000762939453,20.280000686645508,1670.0,1695.0,2190.0,2215.0,25.0,1.7952976062583161,1.3952976062583162,279.0595212516632,4720.940478748336,2,466140.3112657433,2016-03-21,25,2051.60009765625,0.5508167378905814,profit_target,14,148.89617367354697,-132.04800375635327,168.89617367354697,1968.800048828125,2053.909912109375,False,False,False,False,False
2016-04-05,2016-05-20,2016-05-20,2045.1700439453125,45,0.06368624454147404,0.0998199408934712,0.18137850396252075,15.420000076293944,18.3799991607666,1760.0,1785.0,2240.0,2265.0,25.0,1.7673430728885648,1.367343072888565,273.46861457771297,4726.531385422287,2,466419.33686687733,2016-04-22,28,2091.580078125,0.676513618757952,profit_target,13,118.16589082612259,-158.31680540387137,138.1658908261226,2033.800048828125,2111.050048828125,False,False,False,False,False
2016-05-03,2016-06-17,2016-06-17,2063.3701171875,45,0.054775258227218744,0.10674112489794876,0.13297310501233725,15.600000381469728,18.56999969482422,1810.0,1835.0,2235.0,2260.0,25.0,2.73418976147002,2.33418976147002,466.837952294004,4533.162047705996,2,466619.84114287863,2016-05-20,28,2052.320068359375,1.0679011705249115,profit_target,13,233.25771818902174,-131.00531468308586,253.25771818902174,2025.9100341796875,2084.8701171875,False,False,False,False,False
2016-05-31,2016-07-15,2016-07-15,2096.949951171875,45,0.04982441488802018,0.11119553987547774,0.09992798358607866,14.1899995803833,16.6299991607666,1865.0,1890.0,2255.0,2280.0,25.0,2.679458627618814,2.2794586276188142,455.89172552376283,4544.108274476237,2,466953.15586096933,2016-06-24,21,2037.4100341796875,4.188639007285163,dte_exit,18,-401.83607593326974,-381.83607593326974,148.2736459360483,2032.5699462890625,2120.550048828125,False,False,False,False,False
2016-07-05,2016-08-19,2016-08-19,2088.550048828125,45,0.06753610106222353,0.19234290013992705,0.13680120256068173,15.579999923706056,18.239999771118164,1780.0,1805.0,2300.0,2325.0,25.0,1.444983328427817,1.0449833284278172,208.99666568556344,4791.003334314436,2,466674.2615939695,2016-07-27,23,2166.580078125,0.47574157208206824,profit_target,16,93.84835126914979,-132.46057638236675,113.84835126914979,2074.02001953125,2175.6298828125,False,False,False,False,False
2016-08-02,2016-09-16,2016-09-16,2157.030029296875,45,0.046945203738539075,0.07789355509669563,0.13134998333799283,13.369999885559082,16.389999389648438,1925.0,1955.0,2310.0,2340.0,30.0,3.2995367829765883,2.8995367829765883,579.9073565953177,5420.092643404682,2,466875.92810633365,2016-08-17,30,2182.219970703125,1.3927889197938206,profit_target,11,281.34957263655355,-115.97935648472966,301.34957263655355,2152.56005859375,2193.81005859375,False,False,False,False,False
2016-08-17,2016-09-16,2016-09-16,2182.219970703125,30,0.03571920179054915,0.05762140557965665,0.12459125202600155,12.1899995803833,15.520000457763672,1995.0,2025.0,2300.0,2330.0,30.0,1.979609106260913,1.579609106260913,315.9218212521826,5684.078178747817,2,467212.09547110327,2016-08-26,21,2169.0400390625,1.2080511647472703,dte_exit,7,54.31158830272855,-49.045051908858106,74.31158830272855,2160.389892578125,2193.419921875,False,False,False,False,True
2016-09-06,2016-10-21,2016-10-21,2186.47998046875,45,0.04259591759568294,0.04756736522802931,0.1213132264909173,12.020000457763672,15.5600004196167,1970.0,2000.0,2325.0,2355.0,30.0,3.5270440564435717,3.1270440564435718,625.4088112887143,5374.591188711285,2,467347.97747062665,2016-09-22,29,2177.179931640625,1.307686804073617,profit_target,12,343.871450473991,-479.3853405784069,363.871450473991,2119.1201171875,2187.8701171875,False,False,False,False,False
2016-10-04,2016-11-18,2016-11-18,2150.489990234375,45,0.051319825856214266,0.14615892810817938,0.09847401037751376,13.630000114440918,16.469999313354492,1900.0,1930.0,2315.0,2345.0,30.0,2.732509576760073,2.332509576760073,466.5019153520146,5533.498084647985,2,467795.6090454858,2016-10-21,28,2141.159912109375,1.025621873004562,profit_target,13,241.37754075110217,-127.51586064692529,261.3775407511022,2114.719970703125,2169.60009765625,False,False,False,False,False
2016-11-01,2016-12-16,2016-12-16,2111.719970703125,45,0.06516850888360402,0.06883111417639559,0.09702268682161251,18.559999465942383,18.739999771118164,1810.0,1835.0,2320.0,2345.0,25.0,2.1982299735221815,1.7982299735221816,359.6459947044363,4640.354005295563,2,468154.48177060956,2016-11-18,28,2181.89990234375,0.7859170679677746,profit_target,13,182.46258111088142,-286.87286701874564,202.46258111088142,2083.7900390625,2189.889892578125,False,False,False,False,False
2016-12-06,2017-01-20,2017-01-20,2212.22998046875,45,0.041397453629328416,0.09482749403107558,0.11071061520453887,11.789999961853027,15.479999542236328,2000.0,2030.0,2350.0,2380.0,30.0,3.6461007787810047,3.246100778781005,649.2201557562009,5350.779844243799,2,468542.5595508862,2016-12-28,23,2249.919921875,1.37306055047218,profit_target,15,354.60804566176495,-652.6327581979876,374.60804566176495,2208.929931640625,2277.530029296875,False,False,False,False,False
2017-01-03,2017-02-17,2017-02-17,2257.830078125,45,0.04511936358353797,0.08235919467160767,0.08677305330318479,12.850000381469728,15.5600004196167,2025.0,2055.0,2410.0,2440.0,30.0,3.301097970670398,2.901097970670398,580.2195941340796,5419.78040586592,2,469083.1488461298,2017-01-17,31,2267.889892578125,1.408121874997844,profit_target,9,278.5952191345108,-92.29354115533167,298.5952191345108,2254.25,2282.10009765625,False,False,False,False,False
2017-01-17,2017-02-17,2017-02-17,2267.889892578125,31,0.034592753282520046,0.06104976905597323,0.08222106024431326,11.869999885559082,14.890000343322754,2080.0,2110.0,2385.0,2415.0,30.0,2.299225830306142,1.899225830306142,379.8451660612284,5620.154833938771,2,469456.13723162864,2017-01-26,22,2296.679931640625,0.7920790278931845,profit_target,7,201.4293604825915,-213.09209624328017,221.4293604825915,2257.02001953125,2300.989990234375,False,False,False,False,True
2017-01-31,2017-03-17,2017-03-17,2278.8701171875,45,0.04209969984279038,0.06618884224817,0.08347657085293377,11.989999771118164,14.479999542236328,2055.0,2085.0,2425.0,2455.0,30.0,3.0795778962633165,2.6795778962633165,535.9155792526633,5464.0844207473365,2,469750.02206026413,2017-02-24,21,2367.340087890625,2.228916689909428,dte_exit,17,70.13224127077768,-338.0726158638942,90.13224127077768,2271.64990234375,2368.260009765625,False,False,False,False,False
2017-03-07,2017-04-21,2017-04-21,2368.389892578125,45,0.04020363339215603,0.06776101685907687,0.07013017310383343,11.449999809265137,14.40999984741211,2150.0,2180.0,2510.0,2540.0,30.0,3.5035014378921687,3.103501437892169,620.7002875784337,5379.299712421566,2,470070.9962250831,2017-03-27,25,2341.590087890625,1.3845068507427327,profit_target,14,323.79891742988724,-166.95505840191683,343.79891742988724,2322.25,2390.010009765625,False,False,False,False,False
2017-04-04,2017-05-19,2017-05-19,2360.159912109375,45,0.041397453629328416,0.06593843590316693,0.0647479613614195,11.789999961853027,13.369999885559082,2135.0,2165.0,2505.0,2535.0,30.0,2.944703279411243,2.544703279411243,508.9406558822486,5491.059344117751,2,470669.25856485375,2017-04-24,25,2374.14990234375,0.800486786023857,profit_target,13,328.84329867747726,-321.3551101656612,348.84329867747726,2328.949951171875,2378.360107421875,False,False,False,False,False
2017-05-02,2017-06-16,2017-06-16,2391.169921875,45,0.03718397299998254,0.0697442193371805,0.06845521863998025,10.59000015258789,12.829999923706056,2185.0,2215.0,2525.0,2555.0,30.0,3.1472846497500555,2.7472846497500556,549.4569299500112,5450.543070049988,2,471291.2374589428,2017-05-22,25,2394.02001953125,1.028238146525239,profit_target,14,323.8093006449633,-226.0685591920682,343.8093006449633,2352.719970703125,2405.77001953125,False,False,False,False,False
2017-06-06,2017-07-21,2017-07-21,2429.330078125,45,0.03669239897627212,0.08383984533236896,0.07274522711328192,10.449999809265137,13.079999923706056,2220.0,2250.0,2565.0,2595.0,30.0,3.22971389617679,2.82971389617679,565.942779235358,5434.057220764642,2,472029.38706015795,2017-06-22,29,2434.5,1.3563753239410459,profit_target,12,274.66771444714885,-149.51954380475794,294.66771444714885,2415.699951171875,2453.820068359375,False,False,False,False,False
2017-07-05,2017-08-18,2017-08-18,2432.5400390625,44,0.038435055712094025,0.06942229847097055,0.0736367722725724,11.06999969482422,13.3100004196167,2215.0,2245.0,2575.0,2605.0,30.0,3.0217823552323964,2.6217823552323964,524.3564710464793,5475.64352895352,2,472681.99092360085,2017-07-21,28,2472.5400390625,1.1355767538956463,profit_target,12,277.24112026735,-210.74663887863264,297.24112026735,2407.699951171875,2477.6201171875,False,False,False,False,False
2017-08-01,2017-09-15,2017-09-15,2476.35009765625,45,0.03542835579204058,0.055273356537914584,0.06973731577029223,10.09000015258789,12.399999618530272,2270.0,2300.0,2610.0,2640.0,30.0,3.109684130458028,2.709684130458028,541.9368260916057,5458.063173908394,2,473338.3730362547,2017-08-22,24,2452.510009765625,1.2069879550264526,profit_target,15,280.5392350863151,-523.9988584874218,300.5392350863151,2417.35009765625,2490.8701171875,False,False,False,False,False
2017-09-05,2017-10-20,2017-10-20,2457.85009765625,45,0.042942395298944745,0.10052145577948786,0.07659228501401766,12.229999542236328,14.579999923706056,2215.0,2245.0,2615.0,2645.0,30.0,3.225344544191927,2.825344544191927,565.0689088383854,5434.931091161614,2,474086.8026852174,2017-09-21,29,2500.60009765625,1.0501766261763552,profit_target,12,335.0335836031143,-122.4179226534437,355.0335836031143,2459.199951171875,2508.85009765625,False,False,False,False,False
2017-10-03,2017-11-17,2017-11-17,2534.580078125,45,0.03339184009871383,0.05571799866017578,0.07151510261567973,9.510000228881836,12.3100004196167,2330.0,2365.0,2660.0,2695.0,35.0,3.961359791136374,3.561359791136374,712.2719582272748,6287.728041772725,2,474801.98876663356,2017-10-25,23,2557.14990234375,1.7346503675743086,profit_target,16,345.3418847124131,-202.8160595739826,365.3418847124131,2531.800048828125,2578.2900390625,False,False,False,False,False
2017-10-31,2017-12-15,2017-12-15,2575.260009765625,45,0.03574436742524197,0.048529223176209405,0.06988740706188076,10.18000030517578,12.380000114440918,2355.0,2390.0,2715.0,2750.0,35.0,3.4846412731965017,3.084641273196502,616.9282546393003,6383.071745360699,2,475545.15053361084,2017-11-20,25,2582.139892578125,1.0387566110740791,profit_target,14,389.17693242448456,-174.7765433415145,409.17693242448456,2557.449951171875,2597.02001953125,False,False,False,False,False
2017-12-05,2018-01-19,2018-01-19,2629.570068359375,45,0.03978228566407886,0.06623294424305103,0.05368851700120151,11.329999923706056,13.539999961853027,2385.0,2420.0,2785.0,2820.0,35.0,3.670032049940474,3.270032049940474,654.0064099880948,6345.993590011905,2,476504.57518736337,2017-12-26,24,2680.5,1.1504795239307213,profit_target,14,403.91050520195057,-93.73632314860086,423.91050520195057,2624.75,2694.969970703125,False,False,False,False,False
2018-01-02,2018-02-16,2018-02-16,2695.81005859375,45,0.03430476185050143,0.06108740630148562,0.057119661330259794,9.770000457763672,12.609999656677246,2475.0,2510.0,2835.0,2870.0,35.0,3.9502140960583176,3.5502140960583177,710.0428192116635,6289.957180788336,2,477400.5639772654,2018-01-26,21,2872.8701171875,24.325461944691156,dte_exit,17,-4175.049569726568,-4155.049569726568,0.0,2697.77001953125,2872.8701171875,False,True,False,True,False
2018-01-30,2018-03-16,2018-03-16,2822.429931640625,45,0.051931156876980175,0.09280196730476928,0.07132150716276153,14.789999961853027,15.829999923706056,2495.0,2530.0,3040.0,3075.0,35.0,3.3514112558808478,2.951411255880848,590.2822511761696,6409.71774882383,2,473749.3630653597,2018-02-23,21,2747.300048828125,1.5992709297944216,dte_exit,17,250.42806521728522,-1938.6246586592144,270.4280652172852,2532.68994140625,2839.260009765625,False,False,False,False,False
2018-03-06,2018-04-20,2018-04-20,2728.1201171875,45,0.0911315748218915,0.25954283886497526,0.1663392018238421,18.36000061035156,19.239999771118164,2195.0,2230.0,3100.0,3135.0,35.0,1.0098150061699585,0.6098150061699584,121.96300123399169,6878.036998766008,2,474722.98688555165,2018-04-02,18,2581.8798828125,1.076044744609376,dte_exit,18,-113.2459476878835,-259.74044493270367,0.0,2553.800048828125,2801.89990234375,False,False,False,False,False
2018-04-04,2018-05-18,2018-05-18,2644.68994140625,44,0.07486468435026963,0.21562399678005936,0.20392910428780783,20.059999465942383,20.420000076293945,2215.0,2250.0,2940.0,2975.0,35.0,2.6043637517663356,2.2043637517663357,440.8727503532671,6559.127249646733,2,475264.48169744393,2018-04-17,31,2706.389892578125,0.978968296258708,profit_target,9,225.07909110152556,-141.52882133722412,245.07909110152556,2586.27001953125,2713.340087890625,False,False,False,False,False
2018-04-17,2018-05-18,2018-05-18,2706.389892578125,31,0.06878279127470929,0.23601813879665717,0.21257060886232554,15.25,16.799999237060547,2300.0,2335.0,2985.0,3020.0,35.0,0.5556299126421553,0.1556299126421553,31.125982528431063,6968.8740174715695,2,475784.6945270066,2018-04-27,21,2669.909912109375,0.5809995588494214,dte_exit,8,-105.07392924145323,-209.12632938061594,0.0,2612.669921875,2717.489990234375,False,False,False,False,True
2018-05-01,2018-06-15,2018-06-15,2654.800048828125,45,0.07444389599346093,0.15210114776281797,0.21201630872805297,15.489999771118164,16.90999984741211,2225.0,2260.0,2950.0,2985.0,35.0,1.2081162079076808,0.8081162079076808,161.62324158153615,6838.376758418464,2,476012.87242800783,2018-05-25,21,2721.330078125,0.4219989028547584,dte_exit,18,57.22346101058449,-161.89461152169395,77.87357077039874,2594.6201171875,2742.239990234375,False,False,False,False,False
2018-06-05,2018-07-20,2018-07-20,2748.800048828125,45,0.05642560193774629,0.09930028503268733,0.16070018476263348,12.399999618530272,14.720000267028809,2405.0,2440.0,2980.0,3015.0,35.0,1.6950658030950407,1.2950658030950408,259.01316061900815,6740.986839380992,2,476935.78341575403,2018-06-29,21,2718.3701171875,0.9374255072007274,dte_exit,18,51.52805917886269,-166.02304059741525,71.52805917886269,2691.989990234375,2791.469970703125,False,False,False,False,False
2018-07-03,2018-08-17,2018-08-17,2713.219970703125,45,0.05667132132927901,0.0805204510543734,0.11304319349022761,16.139999389648438,17.350000381469727,2370.0,2405.0,2945.0,2980.0,35.0,3.3269068314414767,2.926906831441477,585.3813662882953,6414.618633711704,2,477694.3986041823,2018-07-23,25,2806.97998046875,1.4376880037680624,profit_target,13,277.84376553468286,-91.92278738515026,297.84376553468286,2716.02001953125,2816.760009765625,False,False,False,False,False
2018-08-07,2018-09-21,2018-09-21,2858.449951171875,45,0.038377793237154914,0.07358425406229066,0.08907151839878491,10.93000030517578,13.93000030517578,2605.0,2640.0,3025.0,3060.0,35.0,4.051427503489478,3.651427503489478,730.2855006978956,6269.714499302104,2,478885.83613892156,2018-08-31,21,2901.52001953125,1.5630937337411743,profit_target,18,397.66675394966074,-316.35474664512975,417.66675394966074,2802.489990234375,2916.5,False,False,False,False,False
2018-09-04,2018-10-19,2018-10-19,2896.719970703125,45,0.0462078443772605,0.07169231038883833,0.07984482587063925,13.15999984741211,15.449999809265137,2590.0,2630.0,3095.0,3135.0,40.0,4.294230228961609,3.8942302289616095,778.8460457923219,7221.153954207678,2,480047.6504628629,2018-09-19,30,2907.949951171875,1.4086429726630736,profit_target,11,477.1174512597072,-195.46178295799228,497.1174512597072,2864.1201171875,2912.360107421875,False,False,False,False,False
2018-09-19,2018-10-19,2018-10-19,2907.949951171875,30,0.033686203021008505,0.0590770017196546,0.07993111067020989,11.75,14.649999618530272,2670.0,2710.0,3055.0,3095.0,40.0,2.853229625693068,2.453229625693068,490.64592513861356,7509.354074861386,2,480948.8039929891,2018-09-28,21,2913.97998046875,1.0968846721531604,profit_target,7,251.26899070798152,-276.6062175408214,271.2689907079815,2903.280029296875,2940.909912109375,False,False,False,False,True
2018-10-02,2018-11-16,2018-11-16,2923.429931640625,45,0.04231037538111602,0.05501683941434678,0.07106715481443095,12.050000190734863,14.84000015258789,2635.0,2675.0,3110.0,3150.0,40.0,4.391913762978206,3.9919137629782058,798.3827525956411,7201.617247404359,2,481575.09420675517,2018-10-26,21,2658.68994140625,18.129396753685747,dte_exit,18,-2847.4965981415085,-2898.0597065170064,0.0,2628.159912109375,2939.860107421875,True,False,True,False,False
2018-11-07,2018-12-21,2018-12-21,2813.889892578125,44,0.08853076911761226,0.254984822828328,0.15521775292187692,16.360000610351562,17.6200008392334,2280.0,2315.0,3190.0,3225.0,35.0,0.7110472540099604,0.31104725400996036,62.20945080199207,6937.790549198007,2,479815.9467403719,2018-11-30,21,2760.169921875,0.542973533064367,dte_exit,16,-66.38525581088133,-358.47595121656155,0.0,2631.090087890625,2814.75,False,False,False,False,False
2018-12-04,2019-01-18,2019-01-18,2700.06005859375,45,0.0775988821707071,0.2210017132996584,0.1892943255410211,20.739999771118164,20.75,2245.0,2280.0,3015.0,3050.0,35.0,2.5893048747210656,2.1893048747210657,437.8609749442131,6562.139025055787,2,480591.9888517457,2018-12-28,21,2485.739990234375,4.399018992257751,dte_exit,16,-461.94282350733715,-1754.3440291308923,45.873172269936724,2346.580078125,2708.5400390625,False,False,False,False,False
2019-01-04,2019-02-15,2019-02-15,2531.93994140625,42,0.10753912686773408,0.31702119088433156,0.25235296798269585,21.3799991607666,21.86000061035156,1950.0,1985.0,2940.0,2975.0,35.0,0.7626019576053276,0.36260195760532754,72.5203915210655,6927.479608478934,2,481113.6608997685,2019-01-25,21,2664.760009765625,0.43096501540192,dte_exit,14,-33.6726115593185,-135.81553017985578,0.0,2524.56005859375,2675.469970703125,False,False,False,False,False
2019-01-29,2019-03-15,2019-03-15,2640.0,45,0.08062212884837322,0.1801957339198397,0.22961192361199112,19.1299991607666,19.600000381469727,2180.0,2215.0,2960.0,2995.0,35.0,1.7676303628954244,1.3676303628954245,273.5260725790849,6726.473927420915,2,481875.4755570419,2019-02-21,22,2774.8798828125,0.6659118802695262,profit_target,16,120.34369652517967,-150.7378908761984,140.34369652517967,2648.340087890625,2789.8798828125,False,False,False,False,False
2019-03-04,2019-04-18,2019-04-19,2792.81005859375,45,0.0722369226717827,0.08263448414534849,0.2057308459526414,14.630000114440918,16.030000686645508,2355.0,2390.0,3095.0,3130.0,35.0,1.0902764810376606,0.6902764810376606,138.0552962075321,6861.944703792467,2,483085.9803694101,2019-03-28,21,2815.43994140625,0.4526603312599752,dte_exit,18,27.523229955537083,-206.86603074064715,47.52322995553708,2722.27001953125,2860.31005859375,False,False,False,False,False
2019-04-02,2019-05-17,2019-05-17,2867.239990234375,45,0.047302050792559246,0.12017008370900639,0.1347162997109421,13.359999656677246,15.539999961853027,2560.0,2595.0,3070.0,3105.0,35.0,3.654023511746786,3.254023511746786,650.8047023493572,6349.195297650643,2,484051.1683605218,2019-04-18,29,2905.030029296875,1.5411169912841607,profit_target,12,322.58130409252504,-197.49125611854544,342.58130409252504,2865.169921875,2918.0,False,False,False,False,False
2019-05-10,2019-06-21,2019-06-21,2881.39990234375,42,0.054410485576745674,0.08943882339401833,0.09590080742590007,16.040000915527344,16.899999618530273,2535.0,2570.0,3115.0,3150.0,35.0,3.305606196368018,2.905606196368018,581.1212392736036,6418.878760726396,2,485597.3786412357,2019-05-31,21,2752.06005859375,2.9075745641522386,dte_exit,14,-20.39367355684412,-379.2120388372246,276.09543375061014,2750.52001953125,2892.14990234375,False,False,False,False,False
2019-06-04,2019-07-19,2019-07-19,2803.27001953125,45,0.059585645626576735,0.16036044810479985,0.12309562896376884,16.969999313354492,17.59000015258789,2435.0,2470.0,3055.0,3090.0,35.0,3.2145809487051906,2.8145809487051907,562.9161897410381,6437.083810258961,2,486367.1278957347,2019-06-28,21,2941.760009765625,3.7820365407156573,dte_exit,18,-213.49111840209332,-746.4579956993972,0.0,2800.919921875,2964.14990234375,False,False,False,False,False
2019-07-02,2019-08-16,2019-08-16,2973.010009765625,45,0.045400262068922746,0.10080853418523844,0.11389168937834634,12.93000030517578,14.720000267028809,2665.0,2705.0,3175.0,3215.0,40.0,4.01752387778366,3.61752387778366,723.5047755567319,7276.495224443268,2,486972.3750350891,2019-07-22,25,2985.030029296875,1.4564856042664753,profit_target,13,412.2076547034369,-229.36320037548575,432.2076547034369,2963.43994140625,3017.800048828125,False,False,False,False,False
2019-08-07,2019-09-20,2019-09-20,2883.97998046875,44,0.06766930873375433,0.14225909009797444,0.1316321128456476,19.489999771118164,19.5,2460.0,2495.0,3175.0,3210.0,35.0,3.200845827986498,2.8008458279864983,560.1691655972996,6439.8308344027,2,488404.4819849689,2019-08-21,30,2924.429931640625,1.2175412834739432,profit_target,10,296.66090890251104,-174.47831937289263,316.66090890251104,2825.510009765625,2943.31005859375,False,False,False,False,False
2019-08-21,2019-09-20,2019-09-20,2924.429931640625,30,0.06066353932017025,0.2115989702275031,0.14867141030937753,15.800000190734863,17.719999313354492,2530.0,2570.0,3190.0,3230.0,40.0,1.102223836661631,0.702223836661631,140.4447673323262,7859.555232667673,2,489066.70925161487,2019-08-30,21,2926.4599609375,1.3650868985293338,dte_exit,7,-152.57261237354058,-402.34673106500907,0.0,2834.969970703125,2940.429931640625,False,False,False,False,True
2019-09-03,2019-10-18,2019-10-18,2906.27001953125,45,0.0816162063747301,0.23244305764810086,0.15079482623133897,19.65999984741211,20.1200008392334,2390.0,2430.0,3260.0,3300.0,40.0,2.1447641604324588,1.7447641604324589,348.95283208649175,7651.047167913508,2,489258.5686245062,2019-09-17,31,3005.699951171875,0.8385871045383283,profit_target,10,161.2354111788261,-78.61889575885127,181.2354111788261,2921.860107421875,3020.739990234375,False,False,False,False,False
2019-09-17,2019-10-18,2019-10-18,3005.699951171875,31,0.044009025568963266,0.14342629290584333,0.1510105669244681,14.4399995803833,17.229999542236328,2700.0,2740.0,3205.0,3245.0,40.0,2.7820384334656367,2.382038433465637,476.40768669312735,7523.592313306873,2,489787.0812051372,2019-09-27,21,2961.7900390625,2.236362040063067,dte_exit,8,9.135278680513998,-84.35903434611288,114.23787343061242,2945.530029296875,3021.989990234375,False,False,False,False,True
2019-10-01,2019-11-15,2019-11-15,2940.25,45,0.06516850888360402,0.09743979226316152,0.1516523878312435,18.559999465942383,19.350000381469727,2515.0,2555.0,3230.0,3270.0,40.0,3.6641735481007203,3.2641735481007204,652.834709620144,7347.165290379856,2,490149.7916016257,2019-10-14,32,2966.14990234375,1.1724104221483418,profit_target,9,398.3526251904757,-200.5883466620154,418.3526251904757,2855.93994140625,2993.280029296875,False,False,False,False,False
2019-10-14,2019-11-15,2019-11-15,2966.14990234375,32,0.04853553709377044,0.1351999860713867,0.16391974996911404,14.56999969482422,17.1200008392334,2640.0,2680.0,3180.0,3220.0,40.0,2.3431557707064172,1.9431557707064173,388.63115414128345,7611.368845858717,2,490847.301812868,2019-10-25,21,3022.550048828125,0.6180935530465722,profit_target,9,245.01244353196904,-114.58843039321121,265.01244353196904,2973.610107421875,3027.389892578125,False,False,False,False,True
2019-11-05,2019-12-20,2019-12-20,3074.6201171875,45,0.05164134720440455,0.09812379256999357,0.14707462130922516,13.100000381469728,15.90999984741211,2715.0,2755.0,3315.0,3355.0,40.0,3.1357495125968384,2.7357495125968385,547.1499025193677,7452.850097480632,2,491572.94830032816,2019-11-22,28,3110.2900390625,1.0223684936844761,profit_target,13,322.6762037824725,-102.33563478863826,342.6762037824725,3065.889892578125,3127.639892578125,False,False,False,False,False
2019-12-03,2020-01-17,2020-01-17,3093.199951171875,45,0.05603930141145028,0.06429720185372188,0.09741751263137496,15.960000038146973,17.6299991607666,2705.0,2745.0,3355.0,3395.0,40.0,3.931353418874764,3.531353418874764,706.2706837749528,7293.729316225047,2,492489.3505020845,2019-12-27,21,3240.02001953125,2.716087047674284,dte_exit,17,143.053274240096,-154.57285724712682,264.024379230996,3102.530029296875,3247.929931640625,False,False,False,False,False
2020-01-07,2020-02-21,2020-02-21,3237.179931640625,45,0.048419922461096256,0.07206267808748694,0.0794034734262104,13.789999961853027,15.859999656677246,2885.0,2925.0,3470.0,3510.0,40.0,4.252370453403628,3.8523704534036285,770.4740906807257,7229.525909319274,2,493367.17965966143,2020-01-31,21,3225.52001953125,2.9434793299919035,dte_exit,17,161.77822468234498,-234.4439129200942,333.7818564028675,3214.679931640625,3337.77001953125,False,False,False,False,False
2020-02-04,2020-03-20,2020-03-20,3297.590087890625,45,0.056355309696077605,0.12613401516727057,0.09083062105179995,16.049999237060547,16.700000762939453,2880.0,2925.0,3575.0,3620.0,45.0,4.062075481745211,3.662075481745211,732.4150963490422,8267.584903650957,2,494115.7384631038,2020-02-28,21,2954.219970703125,18.599326422881802,dte_exit,17,-3007.4501882273184,-2987.4501882273184,120.45143156115844,2855.840087890625,3393.52001953125,True,False,False,False,False
2020-06-12,2020-07-17,2020-07-17,3041.31005859375,35,0.15623144180100387,0.29094332807571477,0.5045228621079374,36.09000015258789,38.04999923706055,2050.0,2090.0,3755.0,3795.0,40.0,1.0950204345143,0.6950204345143,139.00408690286,7860.99591309714,2,491910.73966516845,2020-06-26,21,3009.050048828125,0.5351538305584497,dte_exit,10,11.973320791170057,-85.8141059797694,41.23480524695453,2965.659912109375,3155.530029296875,False,False,False,False,False
2020-07-07,2020-08-21,2020-08-21,3145.320068359375,45,0.10333562993100738,0.2942866154939101,0.27077290865856063,29.43000030517578,32.06999969482422,2455.0,2495.0,3635.0,3675.0,40.0,4.384298556503609,3.984298556503609,796.8597113007218,7203.140288699278,2,491974.79493328277,2020-07-23,29,3235.659912109375,1.9419170383009656,profit_target,12,388.47630364052867,-181.94241475592668,408.47630364052867,3115.699951171875,3279.989990234375,False,False,False,False,False
2020-08-04,2020-09-18,2020-09-18,3306.510009765625,45,0.08342693052505964,0.12787422703522242,0.22004787737628956,23.760000228881836,29.09000015258789,2710.0,2755.0,3720.0,3765.0,45.0,5.735745039534322,5.335745039534322,1067.1490079068644,7932.850992093136,2,492408.98403926176,2020-08-21,28,3397.159912109375,2.501305775190873,profit_target,13,546.8878528686897,-119.63224779902148,566.8878528686897,3317.3701171875,3399.9599609375,False,False,False,False,False
2020-09-01,2020-10-16,2020-10-16,3526.64990234375,45,0.09171344588963311,0.08111889513470025,0.19455612061861502,26.1200008392334,32.099998474121094,2835.0,2880.0,4010.0,4055.0,45.0,5.94863674481519,5.548636744815189,1109.727348963038,7890.272651036962,2,492995.47659265675,2020-09-14,32,3383.5400390625,2.771309552312825,profit_target,8,535.4654385004728,-540.1164547275733,555.4654385004728,3310.469970703125,3588.110107421875,False,False,False,False,False
2020-09-14,2020-10-16,2020-10-16,3383.5400390625,32,0.07654011506393864,0.21360750424908106,0.17800455068942114,25.850000381469727,30.479999542236328,2820.0,2865.0,3770.0,3815.0,45.0,4.327595551158055,3.927595551158055,785.519110231611,8214.480889768389,2,493551.3954780536,2020-09-25,21,3298.4599609375,1.3924621893024638,profit_target,9,487.0266723711182,-125.76188410835476,507.0266723711182,3209.449951171875,3428.919921875,False,False,False,False,True
2020-10-06,2020-11-20,2020-11-20,3360.969970703125,45,0.10351118897294231,0.22329964492690726,0.17366399632123627,29.479999542236328,31.8799991607666,2620.0,2665.0,3885.0,3930.0,45.0,4.849068576410303,4.449068576410303,889.8137152820606,8110.186284717939,2,494068.6272880839,2020-10-30,21,3269.9599609375,2.8744519111395745,dte_exit,18,294.9233330541457,-240.14108349682388,374.81236994044247,3233.93994140625,3549.85009765625,False,False,False,False,False
2020-11-04,2020-12-18,2020-12-18,3443.43994140625,44,0.10266708374062146,0.22385803310650218,0.20355079374436483,29.56999969482422,29.979999542236328,2690.0,2735.0,3975.0,4020.0,45.0,4.378768576493499,3.9787685764934992,795.7537152986998,8204.2462847013,2,494403.6957341099,2020-11-19,29,3581.8701171875,1.8338426574063091,profit_target,11,408.98518381743804,-191.32864783404733,428.98518381743804,3484.340087890625,3645.989990234375,False,False,False,False,False
2020-12-01,2021-01-15,2021-01-15,3662.449951171875,45,0.07486249428729311,0.157679567030647,0.2132084771914815,20.770000457763672,24.489999771118164,3065.0,3115.0,4075.0,4125.0,50.0,5.397162666248249,4.997162666248249,999.4325332496497,9000.56746675035,2,494846.10093134845,2020-12-22,24,3687.260009765625,2.337668939600826,profit_target,15,511.89874532948465,-167.1242369808148,531.8987453294847,3633.39990234375,3726.699951171875,False,False,False,False,False
2021-01-05,2021-02-19,2021-02-19,3726.860107421875,45,0.0889746806342703,0.10055155935996948,0.16308598820789305,25.34000015258789,27.25,3015.0,3065.0,4225.0,4275.0,50.0,5.220445972320363,4.820445972320362,964.0891944640724,9035.910805535927,2,495399.99741743767,2021-01-21,29,3853.070068359375,2.301337105817973,profit_target,11,483.8217733004779,-143.36802574197023,503.8217733004779,3705.340087890625,3861.449951171875,False,False,False,False,False
2021-02-02,2021-03-19,2021-03-19,3826.31005859375,45,0.08974714979479144,0.17839890681475976,0.1465407118629802,25.559999465942383,29.36000061035156,3090.0,3140.0,4340.0,4390.0,50.0,5.874188337123655,5.474188337123655,1094.837667424731,8905.162332575268,2,495915.24760146457,2021-02-16,31,3932.590087890625,2.4792314395662003,profit_target,9,578.991379511491,0.0,598.991379511491,3816.679931640625,3950.429931640625,False,False,False,False,False
2021-02-16,2021-03-19,2021-03-19,3932.590087890625,31,0.06254089814064924,0.1619956755962971,0.12918775807433294,21.459999084472656,27.549999237060547,3390.0,3440.0,4300.0,4350.0,50.0,4.590634588075517,4.1906345880755165,838.1269176151033,9161.873082384896,2,496502.3847858424,2021-02-24,23,3925.429931640625,1.8148039176415103,profit_target,6,455.16613408680126,-70.06150362717065,475.16613408680126,3805.590087890625,3933.610107421875,False,False,False,False,True
2021-03-02,2021-04-16,2021-04-16,3870.2900390625,45,0.08462075076223204,0.1605180873086108,0.14051538935276658,24.100000381469727,27.15999984741211,3165.0,3215.0,4360.0,4410.0,50.0,5.6337001440031145,5.233700144003114,1046.740028800623,8953.259971199377,2,496965.0088172015,2021-03-15,32,3968.93994140625,2.5381784366873403,profit_target,9,519.1043414631548,-296.2955919922372,539.1043414631548,3723.340087890625,3970.080078125,False,False,False,False,False
2021-03-15,2021-04-16,2021-04-16,3968.93994140625,32,0.05930748683414337,0.18178137715692833,0.15161834711945427,20.030000686645508,24.88999938964844,3450.0,3500.0,4320.0,4370.0,50.0,4.724334286603465,4.324334286603465,864.8668573206929,9135.133142679306,2,497491.7219877429,2021-03-22,25,3940.590087890625,1.9306963155177015,profit_target,5,458.72759421715267,-27.97755865330842,478.72759421715267,3886.75,3983.8701171875,False,False,False,False,True
2021-04-06,2021-05-21,2021-05-21,4073.93994140625,45,0.06362357056256177,0.12732084182099965,0.15661445214642775,18.1200008392334,21.15999984741211,3500.0,3555.0,4465.0,4520.0,55.0,6.038495976265324,5.6384959762653235,1127.6991952530648,9872.300804746936,2,497956.6755055718,2021-04-26,25,4187.6201171875,2.529207959441132,profit_target,14,601.8576033648384,-95.76059036113307,621.8576033648384,4068.31005859375,4194.18994140625,False,False,False,False,False
2021-05-04,2021-06-18,2021-06-18,4164.66015625,45,0.06839884481410315,0.09653749930099918,0.13532947205546503,19.479999542236328,22.670000076293945,3540.0,3595.0,4590.0,4645.0,55.0,6.243070747883422,5.843070747883422,1168.6141495766844,9831.385850423316,2,498566.71083818836,2021-05-21,28,4155.85986328125,2.451244282120571,profit_target,13,658.3652931525702,-568.6025740643778,678.3652931525702,4056.8798828125,4238.0400390625,False,False,False,False,False
2021-06-01,2021-07-16,2021-07-16,4202.0400390625,45,0.06285109470489249,0.1374880115510565,0.13189354747465287,17.899999618530273,21.34000015258789,3620.0,3675.0,4600.0,4655.0,55.0,6.29762090960952,5.89762090960952,1179.524181921904,9820.475818078095,2,499231.04315203516,2021-06-14,32,4255.14990234375,2.9166721434613847,profit_target,9,576.1897532296271,-102.67019342522659,596.1897532296271,4167.93017578125,4255.58984375,False,False,False,False,False
2021-06-14,2021-07-16,2021-07-16,4255.14990234375,32,0.048529687453345016,0.08664431071677119,0.11572507758183082,16.389999389648438,20.13999938964844,3785.0,3840.0,4565.0,4620.0,55.0,4.793889629992009,4.3938896299920085,878.7779259984017,10121.222074001598,2,499811.5420639841,2021-06-23,23,4241.83984375,1.7748761914235014,profit_target,7,503.8026877137014,-429.0534713685197,523.8026877137014,4164.39990234375,4257.16015625,False,False,False,False,True
2021-07-06,2021-08-20,2021-08-20,4343.5400390625,45,0.05772469567233308,0.08449831937203012,0.10737134392197918,16.440000534057617,20.260000228881836,3785.0,3840.0,4720.0,4775.0,55.0,6.565487902333132,6.1654879023331315,1233.0975804666264,9766.902419533373,2,500329.9422529218,2021-07-26,25,4422.2998046875,2.608848777434099,profit_target,14,691.3278249798066,-367.41109335904196,711.3278249798066,4233.1298828125,4422.72998046875,False,False,False,False,False
2021-08-03,2021-09-17,2021-09-17,4423.14990234375,45,0.06334267207717698,0.11757130744575012,0.11386033902932467,18.040000915527344,22.18000030517578,3805.0,3865.0,4845.0,4905.0,60.0,7.229319894375635,6.829319894375635,1365.863978875127,10634.136021124872,2,501042.0241377401,2021-08-13,35,4468.0,3.274943838996785,profit_target,8,690.87521107577,-16.239899216189002,710.87521107577,4400.22998046875,4468.3701171875,False,False,False,False,False
2021-08-13,2021-09-17,2021-09-17,4468.0,35,0.04784274266465897,0.10725735288298059,0.09270803870595487,15.449999809265137,20.260000228881836,3980.0,4040.0,4790.0,4850.0,60.0,5.989802497644433,5.589802497644433,1117.9604995288867,10882.039500471114,2,501740.575468763,2021-08-25,23,4496.18994140625,2.2673359977969425,profit_target,8,644.4932999694981,-685.087783618102,664.4932999694981,4367.72998046875,4501.7099609375,False,False,False,False,True
2021-08-31,2021-10-15,2021-10-15,4522.68017578125,45,0.057865141566451395,0.08383158423597772,0.09560218337782443,16.479999542236328,20.420000076293945,3940.0,4000.0,4915.0,4975.0,60.0,7.2311175206903044,6.831117520690304,1366.223504138061,10633.77649586194,2,502399.033982186,2021-09-23,22,4448.97998046875,1.89266581861271,profit_target,16,967.6903404155188,-143.62054290219604,987.6903404155188,4305.91015625,4545.85009765625,False,False,False,False,False
2021-10-05,2021-11-19,2021-11-19,4345.72021484375,45,0.07478929037946816,0.14733604272528897,0.11836778890111999,21.299999237060547,23.11000061035156,3640.0,3695.0,4835.0,4890.0,55.0,5.620300143175513,5.220300143175512,1044.0600286351025,9955.939971364896,2,503387.2911266534,2021-10-18,32,4486.4599609375,2.5933522397763524,profit_target,9,505.38958067983197,-131.47370739309068,525.389580679832,4290.490234375,4488.75,False,False,False,False,False
2021-10-18,2021-11-19,2021-11-19,4486.4599609375,32,0.048292813051983026,0.15939688535136612,0.11321925713968747,16.309999465942383,20.290000915527344,3995.0,4055.0,4810.0,4870.0,60.0,5.314537824973385,4.914537824973385,982.9075649946769,11017.092435005323,2,503901.6488409432,2021-10-29,21,4605.3798828125,2.9770424769467474,dte_exit,9,367.4990696053275,-103.1545429693729,387.4990696053275,4496.41015625,4608.080078125,False,False,False,False,True
2021-11-02,2021-12-17,2021-12-17,4630.64990234375,45,0.05628509009759253,0.08682892794426178,0.11116632213404083,16.030000686645508,20.100000381469727,4050.0,4110.0,5020.0,5080.0,60.0,7.399473912967721,6.999473912967721,1399.8947825935443,10600.105217406455,2,504280.92593097314,2021-11-24,23,4701.4599609375,2.880508841853677,profit_target,16,803.7930142228088,-457.1677114755495,823.7930142228088,4621.18994140625,4743.830078125,False,False,False,False,False
2021-12-07,2022-01-21,2022-01-21,4686.75,45,0.07686091922061154,0.167296305796158,0.1399349712889988,21.88999938964844,24.959999084472656,3905.0,3965.0,5225.0,5285.0,60.0,6.764934168383263,6.364934168383263,1272.9868336766526,10727.013166323348,2,505110.8353471307,2021-12-21,31,4649.22998046875,2.693163439260592,profit_target,10,714.3541458245342,0.0,734.3541458245342,4531.10009765625,4731.990234375,False,False,False,False,False
2021-12-21,2022-01-21,2022-01-21,4649.22998046875,31,0.06122946599751941,0.20170191294949175,0.14691452990010795,21.010000228881836,25.0,4020.0,4080.0,5075.0,5135.0,60.0,5.370933090345829,4.970933090345829,994.1866180691658,11005.813381930833,2,505836.4431945799,2021-12-29,23,4793.06005859375,1.9407819332038598,profit_target,5,586.0302314283939,0.0,606.0302314283939,4645.52978515625,4807.02001953125,False,False,False,False,True
2022-01-04,2022-02-18,2022-02-18,4793.5400390625,45,0.05937497343682519,0.15811826567760018,0.13466219603226096,16.90999984741211,21.6200008392334,4165.0,4225.0,5220.0,5280.0,60.0,7.745868263934369,7.345868263934369,1469.1736527868738,10530.826347213126,2,506435.9859406269,2022-01-28,21,4431.85009765625,11.77731120470113,dte_exit,17,-906.2885881533522,-2187.295774615722,445.40955358796236,4222.6201171875,4797.7001953125,True,False,False,False,False
2022-02-01,2022-03-18,2022-03-18,4546.5400390625,45,0.0771067045581797,0.1853630618476129,0.1646166148318578,21.959999084472656,24.760000228881836,3785.0,3845.0,5070.0,5130.0,60.0,6.640452331901088,6.240452331901087,1248.0904663802175,10751.909533619782,2,505589.05525535706,2022-02-25,21,4384.64990234375,3.3650033493826625,dte_exit,17,555.089796503685,-323.48692017608084,575.089796503685,4114.64990234375,4595.31005859375,False,False,False,False,False
2022-03-02,2022-04-14,2022-04-15,4386.5400390625,43,0.10550952199438973,0.23121965143756773,0.19692750349597768,30.739999771118164,30.969999313354492,3405.0,3460.0,5080.0,5135.0,55.0,5.392394568782237,4.992394568782236,998.4789137564472,10001.521086243552,2,506276.80713250086,2022-03-16,29,4357.85986328125,1.6645933611175674,profit_target,10,645.5602415329338,-250.7351725100797,665.5602415329338,4157.8701171875,4416.77978515625,False,False,False,False,False
2022-04-05,2022-05-20,2022-05-20,4525.1201171875,45,0.07545078092764991,0.1986835287864721,0.2148839182776578,21.030000686645508,24.899999618530273,3780.0,3840.0,5035.0,5095.0,60.0,6.730517539185598,6.330517539185598,1266.1035078371197,10733.89649216288,2,507139.86604971794,2022-04-19,31,4462.2099609375,2.939006623408184,profit_target,9,658.3021831554828,-128.28220678097537,678.3021831554828,4370.2998046875,4521.16015625,False,False,False,False,False
2022-04-19,2022-05-20,2022-05-20,4462.2099609375,31,0.06247441863008555,0.1657255481238644,0.21437187607850997,21.3700008392334,25.059999465942383,3845.0,3905.0,4880.0,4940.0,60.0,5.288413177939134,4.8884131779391335,977.6826355878267,11022.317364412173,2,507943.4998759408,2022-04-29,21,4131.93017578125,12.823092943917237,dte_exit,8,-1606.9359531956206,-1586.9359531956206,90.46492092937157,4124.27978515625,4512.93994140625,False,False,False,False,True
2022-05-03,2022-06-17,2022-06-17,4175.47998046875,45,0.10270360666460457,0.2436707632463831,0.23283433017839866,29.25,30.809999465942383,3265.0,3320.0,4820.0,4875.0,55.0,5.7448484583056825,5.344848458305682,1068.9696916611365,9931.030308338863,2,506502.06121309084,2022-05-17,31,4088.85009765625,1.986011227436817,profit_target,10,651.767446173773,-216.69862863302924,671.767446173773,3858.8701171875,4307.66015625,False,False,False,False,False
2022-05-17,2022-06-17,2022-06-17,4088.85009765625,31,0.09494852523887444,0.3258020471845309,0.25405822035892045,26.100000381469727,28.3700008392334,3255.0,3310.0,4670.0,4725.0,55.0,2.285938720023843,1.885938720023843,377.1877440047686,10622.812255995232,2,507335.9508721246,2022-05-27,21,4158.240234375,1.0855377659580028,dte_exit,8,140.08019081316806,-419.7658388189543,160.08019081316806,3810.320068359375,4158.490234375,False,False,False,False,True
2022-05-31,2022-07-15,2022-07-15,4132.14990234375,45,0.11034174251400818,0.3142534204348495,0.2652725798821089,26.190000534057617,27.989999771118164,3165.0,3220.0,4815.0,4870.0,55.0,3.2218891247084116,2.8218891247084117,564.3778249416823,10435.622175058317,2,507682.5028738816,2022-06-24,21,3911.739990234375,1.1296974537230133,profit_target,17,318.43833419707966,-585.396478158495,338.43833419707966,3636.8701171875,4177.509765625,False,False,False,False,False
2022-07-05,2022-08-19,2022-08-19,3831.389892578125,45,0.10177874828111066,0.2898660021691799,0.2835982651328444,27.540000915527344,28.899999618530273,3000.0,3050.0,4415.0,4465.0,50.0,4.449949701545421,4.049949701545421,809.9899403090841,9190.010059690916,2,508740.29019007646,2022-07-18,32,3830.85009765625,1.8993001945089225,profit_target,9,410.12990140729966,-181.27036518521678,430.12990140729966,3721.56005859375,3918.5,False,False,False,False,False
2022-07-18,2022-08-19,2022-08-19,3830.85009765625,32,0.08431825138177042,0.2301577331090569,0.28476921266225563,25.299999237060547,27.81999969482422,3135.0,3185.0,4315.0,4365.0,50.0,3.1906132981087296,2.7906132981087297,558.1226596217459,9441.877340378254,2,509535.8708693663,2022-07-29,21,4130.2900390625,7.480941233400658,dte_exit,9,-958.0655870583859,-938.0655870583859,34.49284017964889,3860.72998046875,4140.14990234375,False,False,False,False,True
2022-08-02,2022-09-16,2022-09-16,4091.18994140625,45,0.09574272148162148,0.19000957196796384,0.27267539030862237,23.93000030517578,25.65999984741211,3255.0,3310.0,4680.0,4735.0,55.0,3.817015239443066,3.417015239443066,683.4030478886132,10316.596952111386,2,509092.44117338245,2022-08-19,28,4228.47998046875,1.390310116923041,profit_target,13,385.341024504005,-110.28906644947423,405.341024504005,4107.31005859375,4325.27978515625,False,False,False,False,False
2022-09-06,2022-10-21,2022-10-21,3908.18994140625,45,0.09448731759566435,0.1964462518054527,0.232037774538305,26.90999984741211,27.59000015258789,3120.0,3170.0,4460.0,4510.0,50.0,5.046574116237878,4.646574116237877,929.3148232475754,9070.685176752424,2,510802.87440930307,2022-09-30,21,3585.6201171875,3.9068239567119796,dte_exit,18,127.95003190517954,-599.9404015984261,422.86084913776716,3584.1298828125,4119.27978515625,False,False,False,False,False
2022-10-04,2022-11-18,2022-11-18,3790.929931640625,45,0.10207158339820176,0.2841241245593663,0.22969641244313713,29.06999969482422,29.670000076293945,2965.0,3015.0,4370.0,4420.0,50.0,5.043735189680461,4.643735189680461,928.7470379360922,9071.252962063907,2,512189.53796091606,2022-10-21,28,3752.75,2.286445256074026,profit_target,13,451.457986721287,-105.09965550634561,471.457986721287,3491.580078125,3806.909912109375,False,False,False,False,False
2022-11-01,2022-12-16,2022-12-16,3856.10009765625,45,0.09398755079868432,0.2676766620123935,0.242552293548961,25.809999465942383,26.690000534057617,3080.0,3130.0,4400.0,4450.0,50.0,4.5305717755752255,4.130571775575225,826.114355115045,9173.885644884955,2,514132.08707184094,2022-11-21,25,3949.93994140625,1.1917162092780749,profit_target,14,567.7711132594301,-2.483074968930765,587.7711132594301,3698.14990234375,4028.840087890625,False,False,False,False,False
2022-12-06,2023-01-20,2023-01-20,3941.260009765625,45,0.09417120917503492,0.2672051457161695,0.26819972129752634,22.170000076293945,24.719999313354492,3150.0,3200.0,4500.0,4550.0,50.0,3.039529821874879,2.6395298218748793,527.9059643749758,9472.094035625023,2,516795.06808690925,2022-12-21,30,3878.43994140625,1.0578113537376739,profit_target,11,296.3436936274411,-286.7734633628266,316.3436936274411,3795.6201171875,4100.9599609375,False,False,False,False,False
2022-12-21,2023-01-20,2023-01-20,3878.43994140625,30,0.07328254383396236,0.20640061449013297,0.25561500342203863,20.06999969482422,23.350000381469727,3260.0,3310.0,4305.0,4355.0,50.0,1.8003117383504907,1.4003117383504908,280.0623476700982,9719.937652329902,2,518007.2978912624,2022-12-30,21,3839.5,1.0588683433142294,dte_exit,6,48.288679007252284,-219.3345850163686,68.28867900725228,3764.489990234375,3858.18994140625,False,False,False,False,True
2023-01-03,2023-02-17,2023-02-17,3824.139892578125,45,0.0857236956672196,0.1789714536986624,0.2441411922810615,22.899999618530273,24.579999923706055,3120.0,3170.0,4315.0,4365.0,50.0,4.38188807421507,3.9818880742150697,796.3776148430139,9203.622385156987,2,518861.20620905055,2023-01-19,29,3898.85009765625,1.7550659089036045,profit_target,11,425.3644330622931,-296.7679343816804,445.3644330622931,3802.419921875,4015.389892578125,False,False,False,False,False
2023-01-31,2023-03-17,2023-03-17,4076.60009765625,45,0.07488034546658089,0.16331952184194834,0.21325931737237924,19.399999618530273,20.809999465942383,3410.0,3465.0,4535.0,4590.0,55.0,4.16034479442537,3.7603447944253703,752.068958885074,10247.931041114925,2,521133.08457019296,2023-02-17,28,4079.090087890625,1.831924206737495,profit_target,13,365.68411753757505,-560.2457634384172,385.68411753757505,4037.199951171875,4195.43994140625,False,False,False,False,False
2023-03-07,2023-04-21,2023-04-21,3986.3701171875,45,0.06878508274293779,0.15178571327658466,0.17227916993235753,19.59000015258789,20.59000015258789,3390.0,3440.0,4400.0,4450.0,50.0,4.960346364350158,4.560346364350158,912.0692728700316,9087.930727129968,2,523887.17717423965,2023-03-27,25,3977.530029296875,1.8145740602257283,profit_target,14,529.154460824886,-536.5427906767458,549.154460824886,3808.860107421875,4039.489990234375,False,False,False,False,False
2023-04-04,2023-05-19,2023-05-19,4100.60009765625,45,0.06671345390179442,0.18059932485104446,0.1669149189596564,19.0,21.34000015258789,3500.0,3555.0,4510.0,4565.0,55.0,6.0706091125353225,5.670609112535322,1134.1218225070645,9865.878177492936,2,526334.4321070857,2023-04-17,32,4151.31982421875,2.7755008381820416,profit_target,8,559.0216548706561,-84.0839680097396,579.0216548706561,4069.840087890625,4163.18994140625,False,False,False,False,False
2023-04-17,2023-05-19,2023-05-19,4151.31982421875,32,0.05018781391041013,0.12772348601906638,0.15864965880540938,16.950000762939453,19.649999618530273,3680.0,3735.0,4465.0,4520.0,55.0,4.886942987183872,4.4869429871838715,897.3885974367743,10102.611402563225,2,527824.9588206243,2023-04-27,22,4135.35009765625,1.5437744623211747,profit_target,8,568.6337049725394,-83.28901823893844,588.6337049725394,4049.35009765625,4169.47998046875,False,False,False,False,True
2023-05-02,2023-06-16,2023-06-16,4119.580078125,45,0.06242975032538939,0.12083369363661328,0.15341548930221988,17.780000686645508,20.75,3550.0,3605.0,4505.0,4560.0,55.0,6.382801035040615,5.982801035040614,1196.560207008123,9803.439792991876,2,529503.1863557127,2023-05-16,31,4109.89990234375,2.9341512930296516,profit_target,10,589.7299484021926,-202.59027215420602,609.7299484021926,4048.280029296875,4154.27978515625,False,False,False,False,False
2023-05-16,2023-06-16,2023-06-16,4109.89990234375,31,0.052428275453649774,0.1334877141693363,0.1475565796971025,17.989999771118164,20.899999618530273,3625.0,3680.0,4435.0,4490.0,55.0,4.787971184802728,4.387971184802728,877.5942369605456,10122.405763039455,2,531151.4073153014,2023-05-26,21,4205.4501953125,3.838943937834068,dte_exit,8,89.80544939373198,-261.85528043799945,185.71406408276738,4103.97998046875,4212.91015625,False,False,False,False,True
2023-06-06,2023-07-21,2023-07-21,4283.85009765625,45,0.04969177238065779,0.11474355776103853,0.1415222297772688,13.960000038146973,17.040000915527344,3805.0,3860.0,4605.0,4660.0,55.0,6.324300151941799,5.924300151941798,1184.8600303883597,9815.13996961164,2,532861.2325176767,2023-06-23,28,4348.330078125,2.606826073220121,profit_target,12,643.4948157443355,-1151.3707485387706,663.4948157443355,4261.06982421875,4448.47021484375,False,False,False,False,False
2023-07-05,2023-08-18,2023-08-18,4446.81982421875,44,0.04923298254305829,0.09639229689770946,0.11740830789345598,14.18000030517578,16.510000228881836,3950.0,4010.0,4775.0,4835.0,60.0,6.544965181289086,6.144965181289086,1228.9930362578173,10771.006963742182,2,535736.2575685414,2023-07-26,23,4566.75,2.7462538533442795,profit_target,15,659.7422655889613,-187.60607491671308,679.7422655889613,4385.0498046875,4582.47021484375,False,False,False,False,False
2023-08-01,2023-09-15,2023-09-15,4576.72998046875,45,0.048911496484806666,0.07979654397373691,0.10800761491913624,13.93000030517578,16.34000015258789,4070.0,4130.0,4915.0,4975.0,60.0,6.628952148070283,6.228952148070283,1245.7904296140566,10754.209570385943,2,538530.5722208373,2023-08-23,23,4436.009765625,2.9311915026883937,profit_target,16,639.5521290763778,-267.1067184837774,659.5521290763778,4335.31005859375,4550.93017578125,False,False,False,False,False
2023-09-05,2023-10-20,2023-10-20,4496.830078125,45,0.049192394970191455,0.11892989415606374,0.10377798347703814,14.010000228881836,16.239999771118164,3995.0,4055.0,4830.0,4890.0,60.0,6.522112814619987,6.122112814619987,1224.4225629239975,10775.577437076003,2,541974.5080333139,2023-09-18,32,4453.52978515625,2.8688759563769763,profit_target,9,630.6473716486022,-36.51669375666202,650.6473716486022,4430.4599609375,4511.990234375,False,False,False,False,False
2023-09-18,2023-10-20,2023-10-20,4453.52978515625,32,0.0414530597710659,0.11406070737672469,0.10468555261774118,14.0,16.1299991607666,4025.0,4085.0,4730.0,4790.0,60.0,5.122147067584976,4.7221470675849755,944.429413516995,11055.570586483005,2,543655.5525757913,2023-09-29,21,4288.0498046875,6.069451888570887,dte_exit,9,-289.4609641971823,-734.7890423141639,0.0,4238.6298828125,4461.02978515625,False,False,False,False,True
2023-10-03,2023-11-17,2023-11-17,4229.4501953125,45,0.06945221915715721,0.11319052365726358,0.11140309316222957,19.780000686645508,20.40999984741211,3585.0,3640.0,4670.0,4725.0,55.0,5.330194910949018,4.930194910949018,986.0389821898035,10013.961017810196,2,544583.620910769,2023-10-23,25,4217.0400390625,1.9359626032333401,profit_target,14,578.8464615431355,-194.50005793267522,598.8464615431355,4189.22021484375,4393.56982421875,False,False,False,False,False
2023-10-31,2023-12-15,2023-12-15,4193.7998046875,45,0.06369379016104686,0.1446705068042486,0.12377489553132638,18.13999938964844,19.489999771118164,3605.0,3660.0,4595.0,4650.0,55.0,5.596214281269795,5.1962142812697945,1039.242856253959,9960.757143746041,2,547446.2428574432,2023-11-24,21,4559.33984375,18.933068587087213,dte_exit,17,-2767.370861163484,-2955.9671953896545,0.0,4197.740234375,4568.43017578125,False,False,False,False,False
2023-12-05,2024-01-19,2024-01-19,4567.18017578125,45,0.04511936358353797,0.0963132367755243,0.12792019194522683,12.850000381469728,15.56999969482422,4095.0,4155.0,4875.0,4935.0,60.0,7.0301774628022144,6.630177462802214,1326.035492560443,10673.964507439558,2,547507.388702706,2023-12-29,21,4769.830078125,8.974879550264916,dte_exit,17,-488.94041749254035,-1927.7693793121432,0.0,4546.5,4793.2998046875,False,False,False,False,False
2024-01-02,2024-02-16,2024-02-16,4742.830078125,45,0.046348293619952886,0.0978853020448142,0.12219573272897043,13.199999809265137,15.479999542236328,4245.0,4305.0,5075.0,5135.0,60.0,6.605771218417658,6.205771218417658,1241.1542436835316,10758.845756316468,2,549272.1785426236,2024-01-26,21,4890.97021484375,4.454181587571233,dte_exit,17,330.317926169285,-84.67813068339254,528.8918760963243,4682.10986328125,4906.68994140625,False,False,False,False,False
2024-01-30,2024-03-15,2024-03-15,4924.97021484375,45,0.04673453154878753,0.09273118298487391,0.1009591029741681,13.3100004196167,15.140000343322754,4400.0,4465.0,5270.0,5335.0,65.0,6.829329822877327,6.429329822877326,1285.8659645754653,11714.134035424535,2,551858.5182174535,2024-02-23,21,5088.7998046875,6.352728785781819,dte_exit,17,-4.67979258089855,-382.6697034542725,522.8091803508357,4845.14990234375,5111.06005859375,False,False,False,False,False
2024-03-05,2024-04-19,2024-04-19,5078.64990234375,45,0.0507724497876244,0.11875092299746813,0.11031747147895954,14.460000038146973,15.90999984741211,4500.0,4565.0,5465.0,5530.0,65.0,6.640903840678931,6.24090384067893,1248.1807681357861,11751.819231864214,2,554694.389533306,2024-03-26,24,5203.580078125,2.8477704160234025,profit_target,15,658.6266849311056,-674.3759998665702,678.6266849311056,5091.14013671875,5261.10009765625,False,False,False,False,False
2024-04-02,2024-05-17,2024-05-17,5205.81005859375,45,0.05129913361057736,0.09807964572681827,0.109244398887738,14.609999656677246,16.09000015258789,4600.0,4670.0,5605.0,5675.0,70.0,7.096062375718844,6.696062375718844,1339.2124751437689,12660.78752485623,2,557637.5102946698,2024-04-23,24,5070.5498046875,2.8454431192845298,profit_target,15,750.1238512868629,-324.93661473996906,770.1238512868629,4953.56005859375,5256.58984375,False,False,False,False,False
2024-05-07,2024-06-21,2024-06-21,5187.7001953125,45,0.04967472847836389,0.1414736887222575,0.12144683048807486,13.229999542236328,14.949999809265137,4605.0,4670.0,5575.0,5640.0,65.0,5.534192236341596,5.134192236341596,1026.8384472683192,11973.16155273168,2,561262.8304482651,2024-05-29,23,5266.9501953125,2.5218426782944703,profit_target,15,502.46991160942514,-422.69966648657726,522.4699116094251,5165.85986328125,5341.8798828125,False,False,False,False,False
2024-06-04,2024-07-19,2024-07-19,5291.33984375,45,0.0462078443772605,0.08169495278894948,0.10994688375035302,13.15999984741211,14.880000114440918,4730.0,4800.0,5660.0,5730.0,70.0,7.143361247517021,6.74336124751702,1348.6722495034041,12651.327750496595,2,564082.6983405764,2024-06-28,21,5460.47998046875,3.9885223175516997,dte_exit,17,530.9677859930641,-1213.2728425284831,550.9677859930641,5297.64013671875,5523.64013671875,False,False,False,False,False
2024-07-02,2024-08-16,2024-08-16,5509.009765625,45,0.04224014908548278,0.06256745415978701,0.10435803786395659,12.029999732971191,14.010000228881836,4975.0,5045.0,5860.0,5930.0,70.0,7.477141682937486,7.077141682937485,1415.4283365874971,12584.571663412502,2,566938.722217989,2024-07-26,21,5459.10009765625,3.6774530008456963,dte_exit,17,659.9377364183579,-1251.261500040335,679.9377364183579,5390.9501953125,5669.669921875,False,False,False,False,False
2024-08-08,2024-09-20,2024-09-20,5319.31005859375,43,0.08165490057035484,0.21118373997329862,0.13837674360829952,23.790000915527344,24.1299991607666,4380.0,4450.0,5970.0,6040.0,70.0,6.785568451354607,6.385568451354606,1277.1136902709213,12722.886309729078,2,570649.1464336946,2024-08-14,37,5455.2099609375,2.631676400544643,profit_target,4,730.7784101619927,0.0,750.7784101619927,5300.83984375,5463.22021484375,False,False,False,False,False
2024-08-14,2024-09-20,2024-09-20,5455.2099609375,37,0.06954597368785348,0.21843265376311827,0.14199264696825412,16.190000534057617,18.450000762939453,4625.0,4695.0,6025.0,6095.0,70.0,2.368125387485456,1.9681253874854563,393.62507749709124,13606.374922502908,2,571867.6519266637,2024-08-29,22,5591.9599609375,0.8137064701343345,profit_target,11,210.8837834702244,-369.035598303501,230.8837834702244,5501.1298828125,5651.6201171875,False,False,False,False,True
2024-09-03,2024-10-18,2024-10-18,5528.93017578125,45,0.07275277468614143,0.19654230376574833,0.15260157296621746,20.719999313354492,21.700000762939453,4655.0,4725.0,6130.0,6200.0,70.0,7.091979428549934,6.691979428549933,1338.3958857099867,12661.604114290012,2,573686.991303625,2024-09-16,32,5633.08984375,3.046976395387284,profit_target,9,709.0006066325299,-171.01913033124916,729.0006066325299,5402.6201171875,5636.27001953125,False,False,False,False,False
2024-09-16,2024-10-18,2024-10-18,5633.08984375,32,0.05075038708393784,0.141567418333917,0.1584094629985665,17.139999389648438,19.809999465942383,4985.0,5060.0,6060.0,6135.0,75.0,6.737813500628562,6.337813500628561,1267.5627001257124,13732.43729987429,2,575417.1522566755,2024-09-25,23,5722.259765625,2.626184044088441,profit_target,7,722.3258913080241,-179.8128902336181,742.3258913080241,5614.0498046875,5741.02978515625,False,False,False,False,True
2024-10-01,2024-11-15,2024-11-15,5708.75,45,0.06762637565358202,0.13995983884148086,0.16188677244337804,19.260000228881836,20.88999938964844,4860.0,4935.0,6290.0,6365.0,75.0,7.714770234445126,7.314770234445126,1462.9540468890252,13537.045953110975,2,577243.7990518099,2024-10-22,24,5851.2001953125,3.2498379176874237,profit_target,15,792.9864633515404,-335.08183441498784,812.9864633515404,5674.0,5878.4599609375,False,False,False,False,False
2024-11-06,2024-12-20,2024-12-20,5929.0400390625,44,0.056489466239309755,0.13590952263223444,0.1306997109493625,16.270000457763672,17.670000076293945,5185.0,5260.0,6430.0,6505.0,75.0,7.570055474803411,7.17005547480341,1434.0110949606822,13565.98890503932,2,580661.8508103496,2024-11-18,32,5893.6201171875,3.3450495564456246,profit_target,8,745.0011836715572,-109.35390572621841,765.0011836715572,5853.009765625,6017.31005859375,False,False,False,False,False
2024-11-18,2024-12-20,2024-12-20,5893.6201171875,32,0.04613133343361352,0.14066133429918595,0.12721044153413041,15.579999923706056,17.190000534057617,5275.0,5350.0,6300.0,6375.0,75.0,6.516342726248666,6.116342726248666,1223.2685452497333,13776.731454750268,2,582270.2521827106,2024-11-29,21,6032.3798828125,2.638148553421322,profit_target,8,675.6388345654689,-602.0560678220853,695.6388345654689,5855.2900390625,6044.169921875,False,False,False,False,True
2024-12-03,2025-01-17,2025-01-17,6049.8798828125,45,0.04669941840097091,0.1174957428116071,0.11408721055361033,13.300000190734863,16.239999771118164,5385.0,5485.0,6475.0,6575.0,100.0,11.008625396012036,10.608625396012036,2121.725079202407,17878.274920797594,2,584024.6316781476,2024-12-23,25,5974.06982421875,5.113468341482461,profit_target,14,1079.031410905915,-2602.1990845700575,1099.031410905915,5832.2998046875,6099.97021484375,False,False,False,False,False
2025-01-07,2025-02-21,2025-02-21,5909.02978515625,45,0.0625701962195077,0.1548611113662608,0.12779716512337616,17.81999969482422,19.190000534057617,5095.0,5170.0,6465.0,6540.0,75.0,7.559113220281063,7.159113220281062,1431.8226440562125,13568.177355943788,2,587542.0526741057,2025-01-27,25,6012.27978515625,3.5792147088801385,profit_target,12,695.9797022801848,-144.95170203279955,715.9797022801848,5773.31005859375,6128.18017578125,False,False,False,False,False
2025-02-04,2025-03-21,2025-03-21,6037.8798828125,45,0.060428341082731096,0.14148351613774987,0.1352149497991158,17.209999084472656,18.63999938964844,5210.0,5310.0,6585.0,6685.0,100.0,9.650204384750623,9.250204384750623,1850.0408769501246,18149.959123049877,2,590179.0784189741,2025-02-18,31,6129.580078125,4.366646399078741,profit_target,9,956.7115971343763,0.0,976.7115971343763,6003.0,6129.6298828125,False,False,False,False,False
2025-02-18,2025-03-21,2025-03-21,6129.580078125,31,0.04473452242647268,0.11058281325401337,0.12669688504634846,15.350000381469728,17.81999969482422,5480.0,5580.0,6540.0,6640.0,100.0,7.93679451724654,7.536794517246539,1507.358903449308,18492.641096550695,2,592114.8830598337,2025-02-28,21,5954.5,8.61012718567574,dte_exit,8,-234.66653368584014,-1264.9731487819274,61.44785775424495,5837.66015625,6147.43017578125,False,False,False,False,True
2025-03-14,2025-04-17,2025-04-18,5638.93994140625,34,0.06644334135424293,0.1994582289075256,0.1649694699994807,21.770000457763672,22.170000076293945,4815.0,4890.0,6200.0,6275.0,75.0,6.830174185054602,6.430174185054602,1286.0348370109205,13713.965162989081,2,593552.2277498048,2025-03-24,24,5767.56982421875,2.584144952896929,profit_target,6,749.2058464315346,0.0,769.2058464315346,5597.759765625,5775.14013671875,False,False,False,False,False
2025-04-01,2025-05-16,2025-05-16,5633.06982421875,45,0.07643957484110843,0.20054608403527283,0.16182635542303692,21.770000457763672,21.81999969482422,4695.0,4770.0,6280.0,6355.0,75.0,6.942360355438922,6.542360355438921,1308.4720710877843,13691.527928912217,2,595557.2465112024,2025-04-25,21,5525.2099609375,2.5310945887574134,profit_target,17,782.2531533363015,-4088.0126860233163,802.2531533363015,4835.0400390625,5695.31005859375,False,False,False,False,False
2025-05-06,2025-06-20,2025-06-20,5606.91015625,45,0.1392878706152307,0.39669202940461157,0.31173375507634127,24.760000228881836,25.40999984741211,3970.0,4045.0,6780.0,6855.0,75.0,1.2242040281118323,0.8242040281118322,164.84080562236645,14835.159194377633,2,598800.452461118,2025-05-28,23,5888.5498046875,0.41052297526148684,profit_target,15,62.736210570069076,-111.21188558091097,82.73621057006908,5578.64013671875,5968.60986328125,False,False,False,False,False
2025-06-03,2025-07-18,2025-07-18,5970.3701171875,45,0.11054964278311813,0.15952261186690697,0.3148455206608255,17.690000534057617,20.719999313354492,4570.0,4650.0,6960.0,7040.0,80.0,1.1701022209259233,0.7701022209259233,154.02044418518466,15845.979555814816,2,600856.3516437911,2025-06-27,21,6173.06982421875,0.4074257851168462,dte_exit,17,52.53528716181542,-158.55868206725648,72.53528716181542,5921.2001953125,6187.68017578125,False,False,False,False,False
2025-07-01,2025-08-15,2025-08-15,6198.009765625,45,0.10491184433057774,0.09742144205787417,0.298789063629542,16.829999923706055,19.510000228881836,4800.0,4900.0,7175.0,7275.0,100.0,1.4178128301687936,1.0178128301687934,203.56256603375869,19796.437433966243,2,602900.9205008538,2025-07-21,25,6305.60009765625,0.4875943278946505,profit_target,13,86.04370045482858,-128.59977154545962,106.04370045482858,6188.2900390625,6336.080078125,False,False,False,False,False
2025-08-05,2025-09-19,2025-09-19,6299.18994140625,45,0.06267553566295755,0.09438998705847765,0.12062953341766136,17.850000381469727,20.030000686645508,5410.0,5510.0,6890.0,6990.0,100.0,10.455408056911978,10.055408056911977,2011.0816113823955,17988.918388617607,2,605492.1489999521,2025-08-19,31,6411.3701171875,4.474159030670473,profit_target,10,1096.2498052483008,-78.00728117141844,1116.2498052483008,6301.10986328125,6481.33984375,False,False,False,False,False
2025-08-19,2025-09-19,2025-09-19,6411.3701171875,31,0.04537566665920806,0.10567952246118666,0.10526945668689126,15.56999969482422,18.899999618530273,5730.0,5830.0,6850.0,6950.0,100.0,8.056788869654923,7.656788869654923,1531.3577739309846,18468.642226069016,2,607571.0462996888,2025-08-25,25,6439.31982421875,3.6984623305756243,profit_target,4,771.6653078158597,-35.66617330659838,791.6653078158597,6343.85986328125,6478.89013671875,False,False,False,False,True
2025-09-02,2025-10-17,2025-10-17,6415.5400390625,45,0.06028789518861278,0.10592408710032607,0.09677127964883668,17.170000076293945,19.3799991607666,5540.0,5640.0,6995.0,7095.0,100.0,10.43623352897572,10.03623352897572,2007.246705795144,17992.753294204857,2,609316.3045242107,2025-09-24,23,6637.97021484375,4.900754794926906,profit_target,16,1007.0957468097627,-60.112954407427566,1027.0957468097627,6416.169921875,6699.52001953125,False,False,False,False,False
2025-10-07,2025-11-21,2025-11-21,6714.58984375,45,0.06053368052618095,0.060185358838908486,0.08406644838943689,17.239999771118164,19.709999084472656,5800.0,5900.0,7325.0,7425.0,100.0,10.707009459613062,10.307009459613061,2061.4018919226123,17938.59810807739,2,612659.1245489037,2025-10-23,29,6738.43994140625,4.216413987980959,profit_target,12,1198.1190943264205,-1154.619612146823,1218.1190943264205,6550.77978515625,6764.580078125,False,False,False,False,False
2025-11-04,2025-12-19,2025-12-19,6771.5498046875,45,0.06671345390179442,0.1495852144306225,0.10634047868436937,19.0,21.290000915527344,5770.0,5870.0,7450.0,7550.0,100.0,10.634336821469986,10.234336821469986,2046.8673642939973,17953.132635706002,2,615688.4540900944,2025-11-24,25,6705.1201171875,3.537447577854541,profit_target,14,1319.3778487230888,-77.99762213472619,1339.3778487230888,6521.919921875,6869.91015625,False,False,False,False,False
2025-12-02,2026-01-16,2026-01-16,6829.3701171875,45,0.05825137949528604,0.14795429055637588,0.1231068665500032,16.59000015258789,19.84000015258789,5935.0,6035.0,7425.0,7525.0,100.0,11.572416861577665,11.172416861577664,2234.483372315533,17765.51662768447,2,618829.9106811057,2025-12-15,32,6816.509765625,5.044239895004276,profit_target,9,1205.6353933146777,-66.010220641963,1225.6353933146777,6801.490234375,6903.4599609375,False,False,False,False,False
2025-12-15,2026-01-16,2026-01-16,6816.509765625,32,0.04885539187304195,0.1190104981769646,0.12369255434004196,16.5,19.68000030517578,6050.0,6150.0,7315.0,7415.0,100.0,8.674449458116612,8.274449458116612,1654.8898916233225,18345.110108376677,2,620848.7120892253,2025-12-22,25,6878.490234375,2.417893572351916,profit_target,5,1151.311177152939,0.0,1171.311177152939,6720.43017578125,6882.02978515625,False,False,False,False,True
2026-01-06,2026-02-20,2026-02-20,6944.81982421875,45,0.05179070763428777,0.09255954436432558,0.12838791139506,14.75,18.149999618530273,6125.0,6225.0,7485.0,7585.0,100.0,11.748254928268466,11.348254928268465,2269.650985653693,17730.34901434631,2,623359.7754906946,2026-01-22,29,6913.35009765625,4.403440619933663,profit_target,11,1368.9628616669604,-126.40849068548974,1388.9628616669604,6789.0498046875,6986.330078125,False,False,False,False,False
2026-02-03,2026-03-20,2026-03-20,6917.81005859375,45,0.06320221948591051,0.10821024688086803,0.11559740337651055,18.0,20.350000381469727,5945.0,6045.0,7575.0,7675.0,100.0,10.663004783914175,10.263004783914175,2052.600956782835,17947.399043217167,2,626474.422627223,2026-02-20,28,6909.509765625,4.511973141137007,profit_target,12,1130.2063285554336,-479.0175848006335,1150.2063285554336,6775.5,6993.47998046875,False,False,False,False,False
2026-03-04,2026-04-17,2026-04-17,6869.5,44,0.07343283071896115,0.13369285388581006,0.10886455323576205,21.149999618530273,22.290000915527344,5760.0,5860.0,7625.0,7725.0,100.0,9.810216326702715,9.410216326702715,1882.043265340543,18117.95673465946,2,629437.5954204255,2026-03-27,21,6368.85009765625,13.359960220051493,dte_exit,17,-809.9487786697556,-1465.5054597612807,766.492282390481,6356.080078125,6870.43017578125,False,False,False,False,False
2026-03-31,2026-05-15,2026-05-15,6528.52001953125,45,0.0886586690010689,0.18499094662973542,0.1425554252414862,25.25,25.549999237060547,5270.0,5370.0,7395.0,7495.0,100.0,9.527742559515303,9.127742559515303,1825.5485119030607,18174.45148809694,2,630347.2598193816,2026-04-24,21,7165.080078125,18.04739938001972,dte_exit,17,-1803.9313641008832,-1959.802329760014,367.6319554358337,6474.93994140625,7168.58984375,False,False,False,False,False
2026-05-04,2026-06-18,2026-06-19,7200.75,45,0.06422048068114795,0.11940380881245806,0.1519385442719216,18.290000915527344,21.049999237060547,6175.0,6275.0,7895.0,7995.0,100.0,11.105944766735433,10.705944766735433,2141.1889533470867,17858.811046652914,2,630706.491287868,2026-05-27,22,7520.35986328125,5.346610565286854,profit_target,16,1051.8668402897158,-1306.6754161243214,1071.8668402897158,7233.6201171875,7539.08984375,False,False,False,False,False
2026-06-02,2026-07-17,2026-07-17,7609.77978515625,45,0.05537216834580493,0.09822186426475414,0.14265597427020582,15.770000457763672,19.489999771118164,6665.0,6765.0,8240.0,8340.0,100.0,12.321997395173014,11.921997395173014,2384.399479034603,17615.6005209654,2,633604.0255256941,2026-06-15,32,7554.2900390625,5.360205429067479,profit_target,9,1292.358393221107,-639.3431834984291,1312.358393221107,7237.85009765625,7605.35009765625,False,False,False,False,False
2026-06-15,2026-07-17,2026-07-17,7554.2900390625,32,0.047967114279817306,0.16189966182283633,0.1551108342458886,16.200000762939453,19.36000061035156,6730.0,6830.0,8100.0,8200.0,100.0,8.768864704569296,8.368864704569296,1673.7729409138592,18326.22705908614,2,635735.1598021014,2026-06-26,21,7354.02001953125,5.580527530981559,dte_exit,8,537.6674347175473,-261.38844518344297,619.0190004166446,7294.18017578125,7564.9599609375,False,False,False,False,True
2026-07-07,2026-08-21,2026-08-21,7503.85009765625,45,0.06091247865338522,0.17347881525036582,0.1364409137378865,16.1299991607666,19.010000228881836,6490.0,6590.0,8190.0,8290.0,100.0,9.238624648235714,8.838624648235713,1767.7249296471427,18232.275070352858,2,637715.6539059164,2026-07-22,30,7498.9599609375,3.750327759766827,profit_target,11,997.6593776937772,-184.77374942520228,1017.6593776937772,7421.81982421875,7581.5,False,False,False,False,False
2026-07-22,2026-08-21,2026-08-21,7498.9599609375,30,0.04770539554971531,0.10536429023164892,0.1278440169850872,16.639999389648438,19.54,6685.0,6785.0,8035.0,8135.0,100.0,8.28319077877157,7.883190778771569,1576.6381557543139,18423.361844245686,2,639709.0646371105,2026-07-30,22,7437.6298828125,3.5806041554976757,profit_target,6,840.5173246547786,-397.5988935825093,860.5173246547786,7313.919921875,7480.56982421875,False,False,False,False,True
2026-08-04,2026-09-18,2026-09-18,7736.52001953125,45,0.057935367862084634,0.1428515823841731,0.14096756484369097,16.5,19.34,6740.0,6840.0,8410.0,8510.0,100.0,11.347881668164746,10.947881668164746,2189.576333632949,17810.423666367053,2,641423.05799846,2026-08-14,35,7785.759765625,5.059819393215983,profit_target,8,1157.6124549897525,0.0,1177.6124549897525,7698.14990234375,7816.7001953125,False,False,False,False,False
2026-08-14,2026-09-18,2026-09-18,7785.759765625,35,0.04412680203157992,0.13644469337896703,0.13669274618068836,14.25,18.46,7000.0,7100.0,8300.0,8400.0,100.0,10.224328422431483,9.824328422431483,1964.8656844862967,18035.134315513704,2,643250.8461316135,2026-08-25,24,7677.27978515625,4.19059904364172,profit_target,7,1106.7458757579525,0.0,1126.7458757579525,7638.169921875,7790.68017578125,False,False,False,False,True
