entry_date,expiry,nominal_expiry,entry_spot,entry_dte,sigma_h,rv21,rv63,vix_entry,vix3m_entry,long_put,short_put,short_call,long_call,width,credit_mid,credit_net,credit_usd,max_loss_usd,contracts,equity_at_entry,exit_date,exit_dte,exit_spot,exit_debit_net,exit_reason,days_held,pnl_usd,mae_usd,mfe_usd,min_low,max_high,put_touch,call_touch,put_finish,call_finish,same_expiry_reentry
2005-01-04,2005-02-18,2005-02-18,1202.0799560546875,45,0.049438180307759635,0.08440171555458065,0.10237592481636551,14.079999923706056,,1070.0,1085.0,1290.0,1305.0,15.0,1.302248217047854,0.902248217047854,812.0233953430686,12687.976604656931,9,400024.2899448417,2005-01-28,21,1174.550048828125,0.7346650890124977,dte_exit,17,60.82481523182062,-504.4353179816568,150.82481523182062,1163.75,1205.8399658203125,False,False,False,False,False
2005-02-01,2005-03-18,2005-03-18,1181.27001953125,45,0.04501402414008812,0.09985203761263445,0.09812610355722215,12.81999969482422,,1060.0,1075.0,1260.0,1275.0,15.0,1.2469532997699595,0.8469532997699595,762.2579697929635,12737.742030207037,9,400812.2639130765,2005-02-25,21,1200.199951171875,0.6866470910462322,dte_exit,17,54.275587851354544,-737.5844784005288,144.27558785135454,1180.949951171875,1212.43994140625,False,False,False,False,False
2005-03-01,2005-04-15,2005-04-15,1203.5999755859375,45,0.042415711475991796,0.10561698144691602,0.0989174385045794,12.079999923706056,,1085.0,1100.0,1280.0,1295.0,15.0,1.190291913867437,0.790291913867437,711.2627224806934,12788.737277519307,9,401658.09952505445,2005-03-28,18,1171.4200439453125,0.8774763630440063,dte_exit,18,-168.4660042589124,-1259.3795616666355,0.0,1168.699951171875,1229.1099853515625,False,False,False,False,False
2005-04-05,2005-05-20,2005-05-20,1176.1199951171875,45,0.0495435164026354,0.10279741046155953,0.10191307945307404,14.109999656677246,,1045.0,1060.0,1265.0,1280.0,15.0,1.211216118052473,0.811216118052473,730.0945062472257,12769.905493752774,9,402564.00480900396,2005-04-29,21,1143.219970703125,1.113758162740774,dte_exit,18,-362.2878402194709,-847.6480954226635,5.926926262252852,1136.1500244140625,1191.8800048828125,False,False,False,False,False
2005-05-03,2005-06-17,2005-06-17,1162.1600341796875,45,0.053089863966335936,0.1506316932856506,0.11992961354057144,15.119999885559082,,1025.0,1040.0,1255.0,1270.0,15.0,1.2746101795601916,0.8746101795601916,787.1491616041725,12712.850838395829,9,403076.87839033944,2005-05-27,21,1197.6199951171875,0.8060708593534677,dte_exit,18,-28.31461181394846,-625.146064079073,154.71595779583643,1146.1800537109375,1198.949951171875,False,False,False,False,False
2005-05-31,2005-07-15,2005-07-15,1198.780029296875,45,0.042661496813559956,0.10367565807722783,0.1193770357788619,12.149999618530272,,1080.0,1095.0,1275.0,1290.0,15.0,1.2043916776867825,0.8043916776867824,723.9525099181042,12776.047490081895,9,403941.3481156886,2005-06-24,21,1200.72998046875,0.6281707542536671,dte_exit,18,68.59883108980381,-870.946258278266,158.5988310898038,1191.030029296875,1219.5899658203125,False,False,False,False,False
2005-07-05,2005-08-19,2005-08-19,1194.43994140625,45,0.040028071001647014,0.07633982558434853,0.11366211717732856,11.399999618530272,,1085.0,1100.0,1265.0,1280.0,15.0,1.2409397586757116,0.8409397586757116,840.9397586757116,14159.060241324289,10,405183.37409284903,2005-07-29,21,1243.719970703125,3.362097064884853,dte_exit,18,-2621.157306209141,-2521.157306209141,0.0,1183.550048828125,1245.1500244140625,False,False,False,False,False
2005-08-02,2005-09-16,2005-09-16,1235.3499755859375,45,0.042415711475991796,0.08594654105583369,0.08943308171504018,12.079999923706056,,1115.0,1130.0,1315.0,1330.0,15.0,1.180837651883568,0.7808376518835679,702.7538866952111,12797.246113304791,9,403581.1990232062,2005-08-26,21,1212.3699951171875,0.9018497256033244,dte_exit,18,-198.91086634778088,-820.632327647887,0.0,1209.3699951171875,1245.8599853515625,False,False,False,False,False
2005-09-06,2005-10-21,2005-10-21,1218.02001953125,45,0.04764744995200105,0.08629128873759616,0.08459464458277248,13.56999969482422,,1085.0,1100.0,1305.0,1320.0,15.0,1.2369591963373594,0.8369591963373594,836.9591963373593,14163.040803662641,10,404738.57931608614,2005-09-30,21,1227.6800537109375,0.5563003302395718,dte_exit,18,180.6588660977876,-1049.5845530037,280.6588660977876,1205.3499755859375,1243.1300048828125,False,False,False,False,False
2005-10-04,2005-11-18,2005-11-18,1226.699951171875,45,0.043749980955856575,0.091131772057874,0.08828295706381331,12.460000038146973,,1105.0,1120.0,1305.0,1320.0,15.0,1.3132537534615025,0.9132537534615025,913.2537534615026,14086.746246538498,10,406002.58756730537,2005-10-28,21,1178.9000244140625,1.6535916844241432,dte_exit,18,-840.3379309626406,-1477.9440189681497,0.0,1168.199951171875,1229.8800048828125,False,False,False,False,False
2005-11-01,2005-12-16,2005-12-16,1207.010009765625,45,0.05379211017979791,0.15060049912029855,0.11234980882668975,15.31999969482422,,1060.0,1075.0,1305.0,1320.0,15.0,1.262089576601383,0.8620895766013831,862.0895766013831,14137.910423398616,10,406335.38040801906,2005-11-25,21,1265.6099853515625,1.6034901872836866,dte_exit,17,-841.4006106823035,-741.4006106823035,74.37369154714335,1201.0699462890625,1270.6400146484375,False,False,False,False,False
2005-12-06,2006-01-20,2006-01-20,1262.0899658203125,45,0.04073032056368308,0.07981967463806582,0.11019936729943439,11.600000381469728,,1145.0,1160.0,1340.0,1355.0,15.0,1.2049784893565025,0.8049784893565025,804.9784893565026,14195.021510643499,10,407038.83149038494,2005-12-30,21,1254.4200439453125,0.6403394241928531,dte_exit,17,64.63906516364946,-802.0661609805188,208.88549711035085,1250.9100341796875,1275.800048828125,False,False,False,False,False
2006-01-03,2006-02-17,2006-02-17,1248.2900390625,45,0.04238059832817518,0.0737956609195917,0.10632891376362281,12.06999969482422,,1125.0,1140.0,1330.0,1345.0,15.0,1.1324712867167293,0.7324712867167292,732.4712867167293,14267.528713283271,10,408341.8665493498,2006-01-27,21,1273.8299560546875,1.1198232736223672,dte_exit,17,-487.351986905638,-2623.1951344329927,0.0,1245.739990234375,1294.9000244140625,False,False,False,False,False
2006-01-31,2006-03-17,2006-03-17,1285.18994140625,45,0.0435041956182884,0.1106213190253795,0.0930948826693082,12.390000343322754,,1160.0,1175.0,1370.0,1385.0,15.0,1.2460082818706546,0.8460082818706546,846.0082818706546,14153.991718129346,10,409204.0570691048,2006-02-24,21,1287.7900390625,0.5939222076258158,dte_exit,17,152.08607424483876,-826.0655913434889,252.08607424483876,1253.6099853515625,1294.1700439453125,False,False,False,False,False
2006-03-07,2006-04-21,2006-04-21,1278.260009765625,45,0.04473312565470332,0.09271272056556913,0.09083894614868367,12.739999771118164,,1150.0,1165.0,1365.0,1380.0,15.0,1.249140250953534,0.8491402509535341,849.1402509535341,14150.859749046467,10,411137.9222494603,2006-03-31,21,1300.25,0.7218429600384472,dte_exit,18,27.297290915086904,-1046.3163621675048,168.45040522607115,1268.4200439453125,1310.8800048828125,False,False,False,False,False
2006-04-04,2006-05-19,2006-05-19,1297.81005859375,45,0.040624981120233224,0.07706656248384892,0.09342458513942682,11.56999969482422,,1175.0,1190.0,1375.0,1390.0,15.0,1.2904043758314145,0.8904043758314145,890.4043758314145,14109.595624168585,10,412621.4942672674,2006-04-28,21,1309.719970703125,0.8156767498035965,dte_exit,17,-25.27237397218198,-1091.8226424688867,129.0926505126595,1280.739990234375,1318.1600341796875,False,False,False,False,False
2006-05-02,2006-06-16,2006-06-16,1305.18994140625,45,0.04403087944124135,0.08847145657278772,0.08571022075913348,12.539999961853027,,1175.0,1190.0,1390.0,1405.0,15.0,1.3195706093585287,0.9195706093585286,919.5706093585286,14080.429390641473,10,414087.2110534465,2006-05-26,21,1272.8800048828125,1.1377614423436189,dte_exit,18,-318.19083298509025,-1052.0976615536727,0.0,1245.3399658203125,1326.699951171875,False,False,False,False,False
2006-06-06,2006-07-21,2006-07-21,1265.2900390625,45,0.05846205168503758,0.1460668127408395,0.10748940135208272,16.649999618530273,,1100.0,1115.0,1375.0,1390.0,15.0,1.3630678708245867,0.9630678708245867,963.0678708245866,14036.932129175413,10,415683.15070351015,2006-06-30,21,1272.8699951171875,0.4652417724735807,profit_target,18,397.826098351006,-1560.6600208004897,497.826098351006,1219.2900390625,1272.8800048828125,False,False,False,False,False
2006-07-05,2006-08-18,2006-08-18,1280.18994140625,44,0.05504874902502148,0.15855047524119797,0.12893464587876274,13.050000190734863,,1125.0,1140.0,1385.0,1400.0,15.0,0.6688877943795397,0.2688877943795397,241.9990149415857,13258.000985058416,9,417703.769186635,2006-07-28,21,1263.199951171875,0.6191317440909131,dte_exit,17,-405.21955474023605,-1206.9444740237395,0.0,1224.5400390625,1280.050048828125,False,False,False,False,False
2006-08-01,2006-09-15,2006-09-15,1276.6600341796875,45,0.05249295384774974,0.1349629938486833,0.14063400989686634,14.949999809265137,15.25,1130.0,1145.0,1375.0,1390.0,15.0,1.4580804408672279,1.058080440867228,1058.080440867228,13941.919559132773,10,418859.19479587843,2006-08-24,22,1292.989990234375,0.5152675994136825,profit_target,17,442.8128414535455,-654.9545850441972,542.8128414535455,1261.300048828125,1302.489990234375,False,False,False,False,False
2006-09-05,2006-10-20,2006-10-20,1311.010009765625,45,0.04203681459034748,0.0721953432453479,0.11972090043371583,11.960000038146973,13.1899995803833,1185.0,1200.0,1395.0,1410.0,15.0,1.4340343913933964,1.0340343913933965,1034.0343913933966,13965.965608606604,10,421341.85277419956,2006-09-29,21,1338.8800048828125,0.8365390560786846,dte_exit,18,97.49533531471187,-962.0406411713942,233.65649901541985,1290.9300537109375,1340.280029296875,False,False,False,False,False
2006-10-03,2006-11-17,2006-11-17,1331.3199462890625,45,0.04413621553611714,0.07997659522655261,0.09764485112878973,12.56999969482422,13.59000015258789,1200.0,1215.0,1420.0,1435.0,15.0,1.4570454828458779,1.057045482845878,1057.045482845878,13942.954517154123,10,423029.4981175812,2006-10-27,21,1389.0799560546875,2.5669701211397906,dte_exit,18,-1609.9246382939125,-1509.9246382939125,0.0,1327.0999755859375,1389.449951171875,False,False,False,False,False
2006-10-31,2006-12-15,2006-12-15,1377.9300537109375,45,0.039325824788185054,0.07117721823754104,0.07275084282236133,11.199999809265137,12.039999961853027,1250.0,1270.0,1460.0,1480.0,20.0,1.7340772352189582,1.3340772352189583,933.8540646532708,13066.145935346727,7,423051.6904375672,2006-11-24,21,1406.0899658203125,0.7526829023831457,dte_exit,17,336.9760329850688,-388.21678104082423,406.9760329850688,1360.97998046875,1407.8900146484375,False,False,False,False,False
2006-12-05,2007-01-19,2007-01-19,1409.1199951171875,45,0.03943116088306083,0.08546221432208882,0.07886225157571441,11.229999542236328,12.399999618530272,1280.0,1300.0,1490.0,1510.0,20.0,2.010138761602171,1.6101387616021712,1288.1110092817369,14711.888990718262,8,425442.09662875725,2006-12-26,24,1410.760009765625,0.7394536981955294,profit_target,14,616.5480507253134,-896.9837613533763,696.5480507253134,1403.6700439453125,1431.81005859375,False,False,False,False,False
2007-01-03,2007-02-16,2007-02-16,1418.300048828125,44,0.040136338970951826,0.06624285283571761,0.07375309675702857,11.5600004196167,13.289999961853027,1285.0,1305.0,1505.0,1525.0,20.0,1.9381985810898357,1.5381985810898358,1230.5588648718685,14769.44113512813,8,427737.0505131199,2007-01-22,25,1430.5,0.6978125488523733,profit_target,12,592.30882578997,-634.0799885615376,672.30882578997,1403.969970703125,1435.27001953125,False,False,False,False,False
2007-01-30,2007-03-16,2007-03-16,1420.6199951171875,45,0.04020363339215603,0.07493723545518906,0.0756130801632631,11.449999809265137,12.170000076293944,1285.0,1305.0,1505.0,1525.0,20.0,1.7998539615477114,1.3998539615477115,1119.883169238169,14880.11683076183,8,429940.66684461606,2007-02-23,21,1456.3800048828125,1.134822701734222,dte_exit,17,132.02500785079152,-1192.7678126447368,212.02500785079152,1420.6099853515625,1461.5699462890625,False,False,False,False,False
2007-03-09,2007-04-20,2007-04-20,1401.8900146484375,42,0.05326932000541338,0.1570358971436061,0.10591898150255614,14.289999961853027,14.300000190734863,1235.0,1255.0,1515.0,1535.0,20.0,1.2118118507384246,0.8118118507384245,568.2682955168972,13431.731704483102,7,432374.41844801966,2007-03-30,21,1422.530029296875,0.9030304507140127,dte_exit,15,-133.8530199829117,-867.5382367790672,6.004916894898504,1363.97998046875,1438.8900146484375,False,False,False,False,False
2007-04-03,2007-05-18,2007-05-18,1424.550048828125,45,0.051018235125192574,0.13391395691988675,0.12072435024965156,14.529999732971191,15.039999961853027,1260.0,1280.0,1535.0,1555.0,20.0,1.7470125314606406,1.3470125314606407,1077.6100251685125,14922.389974831487,8,433732.72514225065,2007-04-27,21,1494.25,3.4288093342010355,dte_exit,17,-1745.4374421923158,-2022.893783021142,31.215241080813172,1424.27001953125,1498.02001953125,False,False,False,False,False
2007-05-03,2007-06-15,2007-06-15,1495.9200439453125,43,0.044894747882643866,0.07978486752263686,0.12278094284179077,13.079999923706056,13.25,1340.0,1360.0,1595.0,1615.0,20.0,1.7254482890442304,1.3254482890442305,1060.3586312353843,14939.641368764615,8,433762.5958467605,2007-05-25,21,1507.510009765625,1.0313712103547128,dte_exit,16,155.26166295161417,-776.4074749143866,235.26166295161417,1491.4200439453125,1532.4300537109375,False,False,False,False,False
2007-06-05,2007-07-20,2007-07-20,1539.1800537109375,45,0.04666430525315429,0.08835277437677798,0.09975686488092107,13.289999961853027,14.079999923706056,1375.0,1395.0,1645.0,1665.0,20.0,1.912137507085383,1.512137507085383,1209.7100056683064,14790.289994331692,8,435814.555085436,2007-06-29,21,1505.7099609375,1.0992441478767985,dte_exit,18,250.3146873668677,-1012.7925679849916,378.55417043475654,1484.1800537109375,1539.1199951171875,False,False,False,False,False
2007-07-03,2007-08-17,2007-08-17,1519.4300537109375,45,0.054073008665182686,0.1407360936699503,0.10655486573919487,15.399999618530272,16.100000381469727,1335.0,1355.0,1645.0,1665.0,20.0,1.7937840890174215,1.3937840890174216,1115.0272712139372,14884.972728786062,8,437641.91569373576,2007-07-27,21,1482.6600341796875,1.6963419146592078,dte_exit,17,-322.046260513429,-776.1905739032408,200.74724390197147,1465.300048828125,1555.9000244140625,False,False,False,False,False
2007-09-19,2007-10-19,2007-10-19,1519.780029296875,30,0.05834163781513105,0.19643143917617772,0.19920010809606933,20.350000381469727,20.6299991607666,1320.0,1340.0,1655.0,1675.0,20.0,1.6563845473639915,1.2563845473639916,1005.1076378911933,14994.892362108805,8,441534.6125079006,2007-09-28,21,1531.3800048828125,0.702483398328274,dte_exit,7,363.1209192285741,-647.9116429227269,443.1209192285741,1507.1300048828125,1538.739990234375,False,False,False,False,False
2007-10-02,2007-11-16,2007-11-16,1547.0400390625,45,0.06902158304552262,0.1578065349116532,0.19657355468289678,17.84000015258789,18.61000061035156,1315.0,1335.0,1705.0,1725.0,20.0,1.461168765664297,1.0611687656642972,848.9350125314378,15151.06498746856,8,442492.2724752194,2007-10-26,21,1514.4000244140625,0.914559040716768,dte_exit,18,37.28777995802338,-727.0005463936535,121.86978128342743,1489.56005859375,1576.0899658203125,False,False,False,False,False
2007-11-07,2007-12-21,2007-12-21,1520.27001953125,44,0.0742661102878964,0.16863229842701946,0.1800731433275222,21.38999938964844,22.170000076293945,1275.0,1295.0,1690.0,1710.0,20.0,1.9392202660213158,1.539220266021316,1231.3762128170526,14768.623787182947,8,444247.8608309991,2007-11-30,21,1469.719970703125,1.0913469985949664,dte_exit,16,278.29861394107957,-1520.520170300093,358.29861394107957,1406.0999755859375,1515.4599609375,False,False,False,False,False
2007-12-04,2008-01-18,2008-01-18,1472.4200439453125,45,0.08763353586725256,0.24958041955507468,0.1925010332567235,23.61000061035156,24.299999237060547,1195.0,1215.0,1665.0,1685.0,20.0,1.66812587952883,1.2681258795288302,1014.5007036230642,14985.499296376935,8,445594.1893751386,2007-12-24,25,1484.4599609375,0.4932953392158262,profit_target,14,539.8644322504032,-537.7246681799953,619.8644322504032,1435.6500244140625,1523.5699462890625,False,False,False,False,False
2008-01-02,2008-02-15,2008-02-15,1468.3599853515625,44,0.0781200340887496,0.17464660127501697,0.19639501755013933,22.5,23.309999465942383,1220.0,1240.0,1640.0,1660.0,20.0,1.9643401089608048,1.5643401089608049,1251.4720871686438,14748.527912831356,8,447207.83493963827,2008-01-25,21,1352.0699462890625,2.5189669890974264,dte_exit,16,-843.7015041092973,-2299.5341622909873,105.70366101838147,1270.050048828125,1471.77001953125,False,False,False,False,False
2008-02-04,2008-03-20,2008-03-21,1395.4200439453125,45,0.08593470283548107,0.24474214095969976,0.22870774377713626,24.020000457763672,24.11000061035156,1135.0,1155.0,1575.0,1595.0,20.0,1.7527903956948236,1.3527903956948237,1082.232316555859,14917.76768344414,8,447504.8162081234,2008-02-27,22,1381.2900390625,0.5980304430151433,profit_target,16,523.8079621437444,-946.8416529597057,603.8079621437444,1316.75,1395.3800048828125,False,False,False,False,False
2008-03-05,2008-04-18,2008-04-18,1326.75,44,0.08860548025357347,0.19508265463692953,0.20499226193032175,25.520000457763672,25.760000228881836,1075.0,1090.0,1505.0,1520.0,15.0,1.4149965081675404,1.0149965081675405,1116.4961589842947,15383.503841015707,11,448818.69502373075,2008-03-28,21,1325.760009765625,0.6785330729918725,dte_exit,16,260.1097786932348,-846.0342160807004,370.1097786932348,1256.97998046875,1359.6800537109375,False,False,False,False,False
2008-04-01,2008-05-16,2008-05-16,1322.699951171875,45,0.10384190448007886,0.2957418735995664,0.2407193265682006,25.61000061035156,25.63999938964844,1035.0,1050.0,1530.0,1545.0,15.0,0.896928514933073,0.496928514933073,496.928514933073,14503.071485066928,10,449479.15102680033,2008-04-25,21,1388.8199462890625,0.48578993568727846,dte_exit,18,-88.86142075420547,-992.9333010680381,25.465227928195944,1324.3499755859375,1397.719970703125,False,False,False,False,False
2008-05-06,2008-06-20,2008-06-20,1407.489990234375,45,0.07890493465380478,0.15420155011890488,0.2247213524020477,18.899999618530273,20.020000457763672,1165.0,1185.0,1575.0,1595.0,20.0,1.0843420715153052,0.6843420715153051,547.4736572122441,15452.526342787754,8,449962.66175912204,2008-05-30,21,1398.260009765625,0.47464694549212294,dte_exit,17,87.75610081854575,-621.4016398167411,167.75610081854575,1373.0699462890625,1440.239990234375,False,False,False,False,False
2008-06-03,2008-07-18,2008-07-18,1385.6700439453125,45,0.07364488963656993,0.1353915045117943,0.20974073762611656,19.829999923706055,21.719999313354492,1160.0,1180.0,1540.0,1560.0,20.0,1.69169248494417,1.29169248494417,1033.353987955336,14966.646012044663,8,450672.93195939594,2008-06-27,21,1283.1500244140625,1.9757035353291377,dte_exit,18,-627.2088403079741,-692.0591528746279,195.36651286878666,1283.1500244140625,1404.050048828125,False,False,False,False,False
2008-07-02,2008-08-15,2008-08-15,1284.9100341796875,44,0.0821128345066,0.19816057804435788,0.16486289416243063,23.649999618530273,23.670000076293945,1060.0,1075.0,1445.0,1460.0,15.0,1.3894205188796676,0.9894205188796675,1088.3625707676342,15411.637429232365,11,450720.90849368897,2008-07-25,21,1252.5400390625,0.7061892403157547,dte_exit,16,201.55440642030413,-943.6138613238543,464.52901367571883,1200.43994140625,1292.1700439453125,False,False,False,False,False
2008-08-06,2008-09-19,2008-09-19,1284.8800048828125,44,0.08649893088740152,0.2491327567465589,0.20139783531639444,21.13999938964844,21.5,1050.0,1065.0,1450.0,1465.0,15.0,0.8567752272594014,0.45677522725940134,456.7752272594014,14543.224772740597,10,451640.7238978087,2008-08-29,21,1300.6800537109375,0.4491923071316944,dte_exit,17,-92.41707987229304,-703.1359508140753,7.582920127706949,1261.1600341796875,1313.1500244140625,False,False,False,False,False
2008-09-02,2008-10-17,2008-10-17,1282.8299560546875,45,0.07483172508188317,0.20763270675975568,0.21312084645606053,20.649999618530273,22.520000457763672,1075.0,1090.0,1425.0,1440.0,15.0,1.473934836284677,1.073934836284677,1181.3283199131447,15318.671680086854,11,452134.89905497804,2008-09-26,21,1209.1800537109375,2.272949557013811,dte_exit,18,-1428.9161928020476,-3244.2410136333183,0.0,1133.5,1303.0400390625,False,False,False,False,False
2009-01-15,2009-02-20,2009-02-20,842.6199951171875,36,0.19257456167084955,0.32862924470345023,0.6131886391368199,49.13999938964844,50.68000030517578,510.0,520.0,1085.0,1095.0,10.0,0.4708555728535142,0.07085557285351418,106.28335928027128,14893.71664071973,15,451489.46143037395,2009-01-30,21,845.1400146484375,0.42904517371149786,dte_exit,10,-687.2844012869755,-1263.4631057592205,0.0,804.2999877929688,877.8599853515625,False,False,False,False,False
2009-02-09,2009-03-20,2009-03-20,868.5999755859375,39,0.16898997943229732,0.37771383287947496,0.5169815946536057,43.369998931884766,43.380001068115234,565.0,575.0,1090.0,1100.0,10.0,0.541464352906555,0.141464352906555,226.34296465048803,15773.657035349512,16,450858.456687795,2009-02-27,21,752.8300170898438,0.6958769391976358,dte_exit,13,-1047.0601380657295,-1448.1374002279322,0.0,742.3699951171875,875.010009765625,False,False,False,False,False
2009-04-01,2009-05-15,2009-05-15,797.8699951171875,44,0.15988649414655656,0.46050237436028035,0.41733661790465526,44.13999938964844,44.59000015258789,535.0,545.0,990.0,1000.0,10.0,0.9148422637191942,0.5148422637191942,823.7476219507107,15176.25237804929,16,449967.3368915135,2009-04-24,21,851.9199829101562,0.6331556506507444,dte_exit,16,-349.3014190904804,-1585.3469801523136,0.0,783.3200073242188,875.6300048828125,False,False,False,False,False
2009-05-05,2009-06-19,2009-06-19,907.239990234375,45,0.13909611263049557,0.3027723764877855,0.3961459024246877,34.529998779296875,34.79999923706055,645.0,655.0,1095.0,1105.0,10.0,0.6599854173968716,0.25998541739687153,415.97666783499443,15584.023332165007,16,449685.62086820154,2009-05-29,21,906.8300170898438,0.44593687143528626,dte_exit,17,-457.5223264614636,-1128.5967490636824,0.0,878.9400024414062,930.1699829101562,False,False,False,False,False
2009-06-02,2009-07-17,2009-07-17,942.8699951171876,45,0.12412227034893983,0.29020270007892324,0.35350038091288566,30.040000915527344,30.600000381469727,700.0,710.0,1120.0,1130.0,10.0,0.5880623596238088,0.1880623596238088,300.89977539809405,15699.100224601907,16,449289.60645330005,2009-06-26,21,920.260009765625,0.4332263240424747,dte_exit,18,-552.2623430698654,-1257.3077790345583,0.0,888.8599853515625,956.22998046875,False,False,False,False,False
2009-07-07,2009-08-21,2009-08-21,898.719970703125,45,0.10182579806063359,0.20417736641982548,0.2630212463825093,29.0,30.790000915527344,705.0,715.0,1035.0,1045.0,10.0,1.0811550967023464,0.6811550967023464,1089.8481547237543,14910.151845276247,16,448813.742165191,2009-07-31,21,986.75,2.0676614178596817,dte_exit,18,-2378.4101138517362,-2218.4101138517362,0.0,869.3200073242188,996.6799926757812,False,False,False,False,False
2009-08-04,2009-09-18,2009-09-18,1002.6300048828124,45,0.08974714979479144,0.17707008822080034,0.22532658466111993,25.559999465942383,27.709999084472656,810.0,825.0,1140.0,1155.0,15.0,1.5415676806563638,1.141567680656364,1255.7244487220005,15244.275551278002,11,446500.2587534513,2009-08-28,21,1030.97998046875,0.5978525012316288,dte_exit,18,488.08669736720856,-754.5860574158241,598.0866973672086,978.510009765625,1037.75,False,False,False,False,False
2009-09-01,2009-10-16,2009-10-16,1020.6199951171876,45,0.09132720796079846,0.16370917345019148,0.18771233749005756,26.010000228881836,29.170000076293945,820.0,835.0,1160.0,1175.0,15.0,1.6844918413122727,1.2844918413122728,1412.9410254435,15087.058974556501,11,447047.6707143852,2009-09-25,21,1050.780029296875,0.7123623902277268,dte_exit,17,519.3423961930005,-950.7605811012633,629.3423961930005,991.969970703125,1080.1500244140625,False,False,False,False,False
2009-10-06,2009-11-20,2009-11-20,1040.4599609375,45,0.09424153225809619,0.16587866007856472,0.16894429033649333,26.84000015258789,27.61000061035156,830.0,845.0,1190.0,1205.0,15.0,1.4241272216721939,1.024127221672194,1126.5399438394134,15373.460056160588,11,447620.18311303516,2009-10-30,21,1066.1099853515625,0.6276340465198974,dte_exit,18,326.1424926675262,-901.2305750654407,436.1424926675262,1042.02001953125,1101.3599853515625,False,False,False,False,False
2009-11-04,2009-12-18,2009-12-18,1045.4100341796875,44,0.10002836179450117,0.19611621776850935,0.17789593092902892,28.809999465942383,28.8700008392334,820.0,835.0,1200.0,1215.0,15.0,1.4501143927460092,1.0501143927460093,1155.1258320206102,15344.87416797939,11,447971.12515596475,2009-11-27,21,1110.6300048828125,0.614847218293597,dte_exit,16,368.79389189765345,-771.8419989090661,478.79389189765345,1045.1500244140625,1113.68994140625,False,False,False,False,False
2009-12-01,2010-01-15,2010-01-15,1095.6300048828125,45,0.0860603563369726,0.1865126290707567,0.17740403672286525,24.510000228881836,26.239999771118164,890.0,905.0,1235.0,1250.0,15.0,1.5653429359761546,1.1653429359761547,1281.8772295737701,15218.12277042623,11,448356.7570628366,2009-12-22,24,1114.050048828125,0.5345663979000898,profit_target,15,583.8541918836714,-680.0843932095888,693.8541918836714,1085.8900146484375,1119.1300048828125,False,False,False,False,False
2010-01-05,2010-02-19,2010-02-19,1132.989990234375,45,0.07036514090894481,0.11345979509089331,0.15924371271946658,20.040000915527344,22.770000457763672,960.0,975.0,1255.0,1270.0,15.0,1.59202191180146,1.19202191180146,1311.2241029816062,15188.775897018395,11,448963.82498051383,2010-01-29,21,1084.530029296875,1.1504233402504291,dte_exit,17,-64.24157129386593,-747.4244022688241,405.0872532028652,1078.4599609375,1150.449951171875,False,False,False,False,False
2010-02-02,2010-03-19,2010-03-19,1089.18994140625,45,0.07931878599058954,0.16866148769044217,0.15528244981020264,22.59000015258789,23.63999938964844,900.0,915.0,1220.0,1235.0,15.0,1.4212155468502559,1.021215546850256,1123.3371015352816,15376.66289846472,11,448920.8342584102,2010-02-26,21,1102.93994140625,0.49784204698857226,profit_target,17,465.71084984785205,-1012.9876021749444,575.710849847852,1044.5,1112.4200439453125,False,False,False,False,False
2010-03-02,2010-04-16,2010-04-16,1115.7099609375,45,0.06762637565358202,0.17936593215444754,0.1529146239099139,19.260000228881836,21.440000534057617,950.0,965.0,1230.0,1245.0,15.0,1.5370403475594685,1.1370403475594686,1250.7443823154156,15249.255617684585,11,449424.54237340164,2010-03-26,21,1165.72998046875,1.2305305410436564,dte_exit,18,-212.83921283260665,-871.7712988673736,45.63437815189655,1116.510009765625,1180.68994140625,False,False,False,False,False
2010-04-06,2010-05-21,2010-05-21,1187.43994140625,45,0.05976121136565983,0.07738592437973509,0.143739800052313,17.020000457763672,19.350000381469727,1030.0,1045.0,1295.0,1310.0,15.0,1.5532225025535737,1.1532225025535738,1268.5447528089312,15231.455247191068,11,449277.9967639213,2010-04-30,21,1206.780029296875,0.7297335890086508,dte_exit,18,355.83780489941535,-673.5444789474163,465.83780489941535,1175.1199951171875,1219.800048828125,False,False,False,False,False
2010-05-04,2010-06-18,2010-06-18,1202.260009765625,45,0.07089182473189777,0.15496380130956203,0.13740085420825437,20.190000534057617,22.579999923706055,1015.0,1030.0,1330.0,1345.0,15.0,1.594848677868157,1.194848677868157,1314.3335456549728,15185.666454345028,11,449691.02144847036,2010-05-28,21,1103.06005859375,2.612160969100599,dte_exit,18,-1669.0435203556865,-4675.448022575124,0.0,1040.780029296875,1197.5,False,False,False,False,False
2010-06-03,2010-07-16,2010-07-16,1098.3800048828125,43,0.11235427288977719,0.3273420500473451,0.21514702163844768,30.170000076293945,30.59000015258789,835.0,850.0,1285.0,1300.0,15.0,1.1058612514380997,0.7058612514380996,705.8612514380997,14294.1387485619,10,448081.41295289894,2010-06-25,21,1073.68994140625,0.5565841778687537,dte_exit,16,49.27707356934593,-1006.3264530715701,235.23290995653133,1042.1700439453125,1131.22998046875,False,False,False,False,False
2010-07-06,2010-08-20,2010-08-20,1022.5800170898438,45,0.10575838355316877,0.2359908057386841,0.24781751133688387,30.1200008392334,33.290000915527344,790.0,805.0,1185.0,1200.0,15.0,1.6641565595280525,1.2641565595280526,1390.572215480858,15109.427784519141,11,448182.52718478127,2010-07-30,21,1101.530029296875,1.1442083200592412,dte_exit,18,21.943063415692535,-1434.8126896200863,131.94306341569254,1018.3499755859376,1120.949951171875,False,False,False,False,False
2010-08-03,2010-09-17,2010-09-17,1125.8599853515625,45,0.09311157491965581,0.20671372636545832,0.2651818816153177,22.010000228881836,25.399999618530273,900.0,915.0,1285.0,1300.0,15.0,0.942710530519598,0.542710530519598,542.710530519598,14457.289469480402,10,448258.90402223886,2010-08-27,21,1047.219970703125,0.9355000277337903,dte_exit,18,-492.7894972141923,-794.3186243362377,0.0,1039.8299560546875,1129.239990234375,False,False,False,False,False
2010-08-31,2010-10-15,2010-10-15,1048.9200439453125,45,0.09554068524157028,0.18128704009836677,0.2149648905015196,27.209999084472656,30.010000228881836,835.0,850.0,1200.0,1215.0,15.0,1.6418153478042399,1.24181534780424,1365.996882584664,15134.003117415336,11,447820.83423904167,2010-09-24,21,1124.8299560546875,1.5555503766707912,dte_exit,17,-455.10853175320636,-1253.6419643440217,0.0,1040.8800048828125,1148.5899658203125,False,False,False,False,False
2010-10-05,2010-11-19,2010-11-19,1137.030029296875,45,0.08261934821672191,0.13135947139575985,0.18265684650819786,23.530000686645508,26.31999969482422,935.0,950.0,1280.0,1295.0,15.0,1.6153085872113166,1.2153085872113167,1336.8394459324484,15163.160554067552,11,447431.6547870184,2010-10-29,21,1183.780029296875,0.7575434962237254,dte_exit,18,393.5416000863505,-1003.3908372927692,534.6012878927866,1140.6800537109375,1196.1400146484375,False,False,False,False,False
2010-11-02,2010-12-17,2010-12-17,1184.3800048828125,45,0.07665024703085999,0.11247245562041534,0.15016025118835483,21.829999923706055,23.290000915527344,990.0,1005.0,1320.0,1335.0,15.0,1.541378649914094,1.141378649914094,1255.5165149055035,15244.483485094497,11,447871.43637261936,2010-11-22,25,1199.72998046875,0.5372830153629481,profit_target,14,554.5051980062606,-931.799732643436,664.5051980062606,1173.0,1227.0799560546875,False,False,False,False,False
2010-12-07,2011-01-21,2011-01-21,1223.1199951171875,45,0.06327244578154374,0.15564383275903038,0.13211822163007889,18.020000457763672,21.040000915527344,1055.0,1070.0,1340.0,1355.0,15.0,1.6864237455159596,1.2864237455159597,1415.0661200675556,15084.933879932447,11,448489.0348544006,2010-12-31,21,1257.8800048828125,0.6481134149836173,dte_exit,17,592.1413635855766,-802.3512341327192,702.1413635855766,1219.5,1262.5999755859375,False,False,False,False,False
2011-01-04,2011-02-18,2011-02-18,1271.8699951171875,45,0.061832840206803186,0.055984438996443044,0.11874735650231838,17.610000610351562,20.6200008392334,1100.0,1115.0,1390.0,1405.0,15.0,1.6983724363446697,1.2983724363446698,1428.2096799791366,15071.790320020864,11,449129.16082665796,2011-01-27,22,1296.6300048828125,0.6407799344323598,profit_target,16,613.351752103541,-740.2286491275349,723.351752103541,1261.699951171875,1299.739990234375,False,False,False,False,False
2011-02-01,2011-03-18,2011-03-18,1286.1199951171875,45,0.06857441055318624,0.10307251470225959,0.1159779191831247,19.530000686645508,20.149999618530273,1095.0,1110.0,1420.0,1435.0,15.0,1.3854611260716467,0.9854611260716467,1084.0072386788115,15415.99276132119,11,449795.81940727105,2011-02-25,21,1306.0999755859375,0.8879171506664051,dte_exit,17,-2.7016270542342085,-871.611372101346,107.29837294576579,1289.1400146484375,1344.0699462890625,False,False,False,False,False
2011-03-01,2011-04-15,2011-04-15,1327.219970703125,45,0.06443115287089951,0.13420963040381187,0.10284208273764193,18.350000381469727,20.0,1140.0,1155.0,1455.0,1470.0,15.0,1.5316969128528157,1.1316969128528158,1244.8666041380975,15255.133395861903,11,449837.6939953072,2011-03-25,21,1309.6600341796875,0.588981073286245,dte_exit,18,486.9874235232278,-1882.9195992708896,596.9874235232278,1249.050048828125,1332.280029296875,False,False,False,False,False
2011-04-05,2011-05-20,2011-05-20,1332.8699951171875,45,0.06144660227796855,0.14955248393738288,0.1299150705096206,17.5,19.38999938964844,1155.0,1170.0,1455.0,1470.0,15.0,1.5825622954368654,1.1825622954368655,1300.8185249805522,15199.18147501945,11,450368.1435060817,2011-04-25,25,1337.3800048828125,0.5244875201334097,profit_target,13,613.8822528338014,-775.7697444277235,723.8822528338014,1294.699951171875,1339.4599609375,False,False,False,False,False
2011-05-03,2011-06-17,2011-06-17,1361.219970703125,45,0.05614463750632605,0.0872737486989708,0.12765237004514352,15.989999771118164,18.38999938964844,1190.0,1210.0,1475.0,1495.0,20.0,2.113410572614434,1.7134105726144342,1370.7284580915473,14629.271541908452,8,451001.84113048355,2011-05-27,21,1325.68994140625,0.8162995746506209,profit_target,18,637.6887983710507,-694.800450021679,717.6887983710507,1311.800048828125,1360.8399658203125,False,False,False,False,False
2011-05-31,2011-07-15,2011-07-15,1331.0999755859375,45,0.05610952435850944,0.1009247059826256,0.12452217330205372,15.979999542236328,18.1299991607666,1165.0,1180.0,1445.0,1460.0,15.0,1.5235335295774988,1.1235335295774989,1235.8868825352488,15264.113117464753,11,451653.0970086619,2011-06-24,21,1283.5,1.1273459004756177,dte_exit,18,-114.19360798793069,-1322.859981129032,96.85863955298433,1258.0699462890625,1345.199951171875,False,False,False,False,False
2011-07-05,2011-08-19,2011-08-19,1339.6700439453125,45,0.05572328977824888,0.15724268124449503,0.12847122959466176,15.869999885559082,17.93000030517578,1175.0,1190.0,1450.0,1465.0,15.0,1.6118973113651691,1.2118973113651692,1333.0870425016863,15166.912957498314,11,451555.4998804087,2011-07-29,21,1300.6700439453125,1.7702700906049773,dte_exit,18,-724.2100571637889,-1031.38906553734,225.834372485586,1295.9200439453125,1356.47998046875,False,False,False,False,False
2011-09-15,2011-10-21,2011-10-21,1188.6800537109375,36,0.10866280153763923,0.31332218510350035,0.31872676370123526,34.599998474121094,34.959999084472656,915.0,930.0,1380.0,1395.0,15.0,1.4954561332721212,1.0954561332721213,1205.0017465993335,15294.998253400667,11,450856.380366566,2011-09-30,21,1160.4000244140625,1.1217635168447386,dte_exit,11,-138.93812192987903,-809.9515495626599,0.0,1114.219970703125,1220.3900146484375,False,False,False,False,False
2011-10-06,2011-11-18,2011-11-18,1144.030029296875,43,0.1297760312689177,0.3128077993020048,0.3450557904815925,37.810001373291016,38.310001373291016,830.0,845.0,1365.0,1380.0,15.0,1.5329595117015629,1.132959511701563,1246.2554628717194,15253.744537128281,11,450720.5773121076,2011-10-28,21,1284.5899658203125,2.123451837916756,dte_exit,16,-1199.5415588367125,-1089.5415588367125,0.0,1134.949951171875,1292.6600341796875,False,False,False,False,False
2011-11-01,2011-12-16,2011-12-16,1253.300048828125,45,0.1290324311950687,0.2934643634764051,0.3674845251326978,29.959999084472656,30.3700008392334,915.0,930.0,1495.0,1510.0,15.0,0.7545034345668,0.3545034345668,354.5034345668,14645.4965654332,10,449527.4334291917,2011-11-25,21,1161.7900390625,0.6894467778044493,dte_exit,17,-434.9433432376493,-1043.0434898803353,0.0,1161.7900390625,1277.550048828125,False,False,False,False,False
2011-12-06,2012-01-20,2012-01-20,1257.0799560546875,45,0.10294678650829515,0.28311755333968375,0.293192576498426,27.84000015258789,29.899999618530273,985.0,1000.0,1450.0,1465.0,15.0,1.4136203238658922,1.0136203238658923,1114.9823562524816,15385.01764374752,11,449098.6090621228,2011-12-27,24,1265.3299560546875,0.4416328929492809,profit_target,14,519.1861740082726,-933.0790176706381,629.1861740082726,1202.3699951171875,1267.06005859375,False,False,False,False,False
2012-01-03,2012-02-17,2012-02-17,1257.5999755859375,45,0.0938129069766423,0.1859841777013543,0.26717927618918563,23.399999618530273,26.86000061035156,1005.0,1020.0,1435.0,1450.0,15.0,1.1631910586171337,0.7631910586171337,839.5101644788471,15660.489835521154,11,449621.5448370382,2012-01-27,21,1318.4300537109375,0.4525356996984442,dte_exit,17,231.72089481055838,-979.8450483588282,341.7208948105584,1258.8599853515625,1333.469970703125,False,False,False,False,False
2012-01-31,2012-03-16,2012-03-16,1313.010009765625,45,0.07646770902215445,0.09100724918457644,0.21778013076037958,19.399999618530273,21.920000076293945,1095.0,1110.0,1465.0,1480.0,15.0,1.133303192824993,0.733303192824993,806.6335121074924,15693.366487892508,11,449864.8987148048,2012-02-24,21,1363.4599609375,0.44753273947616135,dte_exit,17,204.34749868371483,-836.1560770055589,314.34749868371483,1306.68994140625,1367.760009765625,False,False,False,False,False
2012-03-06,2012-04-20,2012-04-20,1364.3299560546875,45,0.06337777852784543,0.08420453547829787,0.12647111810083575,18.049999237060547,21.989999771118164,1170.0,1190.0,1495.0,1515.0,20.0,2.303903727968823,1.9039037279688231,1523.1229823750584,14476.87701762494,8,450107.79012515605,2012-03-23,28,1392.780029296875,0.8815153457639454,profit_target,13,737.9107057639022,-861.4098744471584,817.9107057639022,1340.030029296875,1414.0,False,False,False,False,False
2012-04-03,2012-05-18,2012-05-18,1419.0400390625,45,0.05491570746991113,0.11756934897636363,0.09529940029246459,15.640000343322754,18.459999084472656,1245.0,1265.0,1535.0,1555.0,20.0,2.216715936844146,1.8167159368441461,1453.3727494753168,14546.627250524682,8,450874.7893592688,2012-04-26,22,1390.68994140625,0.8739038399570302,profit_target,16,674.2496775096927,-1116.1279942042377,754.2496775096927,1357.3800048828125,1419.0,False,False,False,False,False
2012-05-01,2012-06-15,2012-06-15,1397.9100341796875,45,0.060217668892979546,0.1437983316661701,0.11640966841129424,17.149999618530273,19.31999969482422,1210.0,1230.0,1525.0,1545.0,20.0,2.0246320284600188,1.6246320284600189,1299.705622768015,14700.294377231983,8,451578.30694069806,2012-05-25,21,1320.6800537109375,1.833175242976226,dte_exit,18,-246.83457161296573,-1751.2865884953512,0.0,1291.97998046875,1415.3199462890625,False,False,False,False,False
2012-06-05,2012-07-20,2012-07-20,1278.1800537109375,45,0.09171344588963311,0.1457323910033845,0.13928817456635184,26.1200008392334,28.1200008392334,1030.0,1045.0,1455.0,1470.0,15.0,1.5963786609892665,1.1963786609892666,1316.0165270881932,15183.983472911807,11,451371.18890646624,2012-06-25,25,1335.02001953125,0.5392109125066163,profit_target,14,612.8845233309152,-693.9586422810188,722.8845233309152,1274.1600341796875,1363.4599609375,False,False,False,False,False
2012-07-03,2012-08-17,2012-08-17,1365.510009765625,45,0.06368915068594863,0.18138678066561256,0.16248339169391218,16.799999237060547,19.790000915527344,1170.0,1190.0,1495.0,1515.0,20.0,1.7683753097921269,1.368375309792127,1094.7002478337015,14905.299752166298,8,452016.881022496,2012-07-23,25,1362.6600341796875,0.6293317040897071,profit_target,13,511.2348845619359,-593.0797735735119,591.2348845619359,1325.4100341796875,1380.3900146484375,False,False,False,False,False
2012-08-07,2012-09-21,2012-09-21,1394.22998046875,45,0.057246643674565334,0.1493688980509555,0.1630385126541148,15.949999809265137,18.739999771118164,1215.0,1235.0,1515.0,1535.0,20.0,2.0010704681468425,1.6010704681468426,1280.856374517474,14719.143625482524,8,452570.3869399576,2012-08-27,25,1411.1300048828125,0.6632212307096809,profit_target,14,670.2793899497294,-717.6388460025088,750.2793899497294,1394.4599609375,1426.6800537109375,False,False,False,False,False
2012-09-04,2012-10-19,2012-10-19,1406.5799560546875,45,0.06134126283451869,0.08796015899464771,0.14156797059352694,17.469999313354492,20.6200008392334,1215.0,1235.0,1535.0,1555.0,20.0,2.2633282822582856,1.8633282822582857,1490.6626258066285,14509.33737419337,8,453277.3425806883,2012-09-26,23,1441.5899658203125,0.7524121419210422,profit_target,16,808.732912269795,-610.8623755714142,888.732912269795,1396.56005859375,1474.510009765625,False,False,False,False,False
2012-10-02,2012-11-16,2012-11-16,1444.489990234375,45,0.05730334459568182,0.11323097503112858,0.11486070559209166,16.31999969482422,17.920000076293945,1260.0,1280.0,1570.0,1590.0,20.0,1.919168379072154,1.5191683790721542,1215.3347032577233,14784.665296742276,8,454122.82848999527,2012-10-26,21,1412.969970703125,0.9848157991768214,dte_exit,18,347.48206391626627,-493.0176178702816,533.4663971101254,1405.1400146484375,1470.9599609375,False,False,False,False,False
2012-11-06,2012-12-21,2012-12-21,1417.260009765625,45,0.06467693820846768,0.11755601342355163,0.10024241059308876,18.420000076293945,18.969999313354492,1215.0,1235.0,1555.0,1575.0,20.0,1.8032926364772663,1.4032926364772664,1122.634109181813,14877.365890818186,8,454515.4428346212,2012-11-26,25,1409.1500244140625,0.5956914757992209,profit_target,13,566.0809285424365,-567.8183194079417,646.0809285424365,1343.3499755859375,1433.3800048828125,False,False,False,False,False
2012-12-04,2013-01-18,2013-01-18,1409.4599609375,45,0.058426938537220974,0.15085990568703778,0.12625772960956122,16.639999389648438,17.81999969482422,1225.0,1245.0,1535.0,1555.0,20.0,1.8146267694513867,1.4146267694513868,1131.7014155611093,14868.29858443889,8,455114.4224105656,2012-12-28,21,1418.0999755859375,1.0891566474545527,dte_exit,17,180.37609759746726,-660.8026571292207,302.38331528509764,1398.22998046875,1448.0,False,False,False,False,False
2013-01-02,2013-02-15,2013-02-15,1426.18994140625,44,0.06256546889065694,0.11381058214318827,0.12572742365211567,18.020000457763672,18.729999542236328,1230.0,1250.0,1560.0,1580.0,20.0,1.8332521534902426,1.4332521534902427,1146.601722792194,14853.398277207805,8,455320.393401108,2013-01-22,24,1485.97998046875,0.7018123732754394,profit_target,13,505.1518241718426,-654.1643110996482,585.1518241718426,1426.18994140625,1485.97998046875,False,False,False,False,False
2013-01-29,2013-03-15,2013-03-15,1500.1800537109375,45,0.04764744995200105,0.11798875019640571,0.12336318192398477,13.56999969482422,15.06999969482422,1335.0,1355.0,1605.0,1625.0,20.0,1.945253234128515,1.545253234128515,1236.202587302812,14763.797412697188,8,455850.64240586874,2013-02-19,24,1519.7900390625,0.7231246486112207,profit_target,14,577.7028684138354,-731.9689372921197,657.7028684138354,1495.02001953125,1524.68994140625,False,False,False,False,False
2013-03-05,2013-04-19,2013-04-19,1525.199951171875,45,0.049192394970191455,0.1259173664498045,0.11236194525728002,14.010000228881836,15.420000076293944,1355.0,1375.0,1640.0,1660.0,20.0,1.8265081194921038,1.4265081194921039,1141.206495593683,14858.793504406316,8,456470.981776109,2013-04-01,18,1569.18994140625,0.5450407324794776,profit_target,18,625.1739096101011,-707.592010635252,705.1739096101011,1525.199951171875,1570.280029296875,False,False,False,False,False
2013-04-02,2013-05-17,2013-05-17,1562.1700439453125,45,0.04768256309981767,0.07592953136390998,0.10851051921858891,13.579999923706056,15.279999732971191,1395.0,1415.0,1675.0,1695.0,20.0,1.9485355129982196,1.5485355129982197,1238.8284103985757,14761.171589601423,8,457127.1725335382,2013-04-25,22,1578.7900390625,0.7380911682209913,profit_target,17,568.3554758217826,-542.4203157015534,648.3554758217826,1536.030029296875,1597.3499755859375,False,False,False,False,False
2013-05-07,2013-06-21,2013-06-21,1617.5,45,0.05151970145137511,0.14672817405273,0.1171872172822879,12.65999984741211,14.3100004196167,1430.0,1450.0,1740.0,1760.0,20.0,1.298956263336386,0.898956263336386,719.1650106691088,15280.83498933089,8,457721.7463318809,2013-05-31,21,1654.4100341796875,1.0091875414696179,dte_exit,17,-168.18502250658548,-1194.3559392886805,0.0,1616.6400146484375,1687.1800537109375,False,False,False,False,False
2013-06-04,2013-07-19,2013-07-19,1640.4200439453125,45,0.057162898701563505,0.10301238817992583,0.11252030672721514,16.280000686645508,17.219999313354492,1435.0,1455.0,1780.0,1800.0,20.0,1.916530310330451,1.516530310330451,1213.2242482643608,14786.775751735639,8,457568.5839702717,2013-06-28,21,1613.199951171875,0.7856422490443282,dte_exit,18,504.7104490288982,-581.8232044625966,584.7104490288982,1560.3299560546875,1654.18994140625,False,False,False,False,False
2013-07-02,2013-08-16,2013-08-16,1614.9599609375,45,0.059624109614050846,0.16980953861789114,0.14172252000336139,16.3700008392334,17.920000076293945,1400.0,1420.0,1760.0,1780.0,20.0,1.7406943147367215,1.3406943147367216,1072.5554517893772,14927.444548210622,8,458091.51412995195,2013-07-26,21,1690.25,1.0322092247341708,dte_exit,17,166.78807200204068,-804.1834198731714,246.78807200204068,1604.5699462890625,1698.780029296875,False,False,False,False,False
2013-08-06,2013-09-20,2013-09-20,1707.1400146484375,45,0.04249010243748873,0.07345384264782452,0.12101186478827641,11.84000015258789,13.859999656677246,1540.0,1560.0,1815.0,1835.0,20.0,1.9379884559907197,1.5379884559907198,1230.3907647925757,14769.609235207423,8,458274.2363878747,2013-08-30,21,1638.1700439453125,2.372293549359396,dte_exit,18,-747.4440746949412,-1061.6686775614153,39.103833052001846,1627.469970703125,1705.7900390625,False,False,False,False,False
2013-09-03,2013-10-18,2013-10-18,1632.969970703125,45,0.05972609821784321,0.09438237395656483,0.12233439821095533,17.010000228881836,18.049999237060547,1420.0,1440.0,1780.0,1800.0,20.0,1.900446257305532,1.5004462573055322,1200.3570058444257,14799.642994155573,8,457541.72170968057,2013-09-27,21,1698.6700439453125,1.0655692584790444,dte_exit,18,267.9015990611902,-1668.6600194215152,446.2433643548187,1633.4100341796875,1729.8599853515625,False,False,False,False,False
2013-10-01,2013-11-15,2013-11-15,1681.550048828125,45,0.05828649264310266,0.086696762098288,0.09055290590908088,16.600000381469727,16.799999237060547,1465.0,1485.0,1830.0,1850.0,20.0,1.7180982152362958,1.318098215236296,1054.4785721890366,14945.521427810962,8,457814.847070463,2013-10-25,21,1752.0699462890625,0.9862641835538773,dte_exit,18,185.46722534593482,-861.4624726270073,278.05850611425444,1646.469970703125,1759.3299560546875,False,False,False,False,False
2013-11-05,2013-12-20,2013-12-20,1767.9300537109375,45,0.045400262068922746,0.12079904197605375,0.10674456948311277,12.93000030517578,14.68000030517578,1580.0,1605.0,1890.0,1915.0,25.0,2.3044409453764345,1.9044409453764346,1142.6645672258608,13857.335432774138,6,458020.44425501185,2013-11-29,21,1807.22998046875,1.0228593899888234,dte_exit,17,468.9489332325668,-450.0928575380849,528.9489332325668,1746.199951171875,1808.4200439453125,False,False,False,False,False
2013-12-03,2014-01-17,2014-01-17,1800.9000244140625,45,0.04996486413071258,0.08843777242402466,0.10160223708832353,14.229999542236328,15.1899995803833,1595.0,1620.0,1935.0,1960.0,25.0,2.2440640972777217,1.8440640972777218,1106.438458366633,13893.561541633366,6,458513.8782982382,2013-12-24,24,1827.989990234375,0.8437117468994529,profit_target,15,540.2114102269613,-451.28584039382974,600.2114102269613,1767.989990234375,1829.75,False,False,False,False,False
2014-01-07,2014-02-21,2014-02-21,1826.77001953125,45,0.04757722700494189,0.09977835767932407,0.1029243116836536,13.550000190734863,14.81999969482422,1630.0,1655.0,1955.0,1980.0,25.0,2.394242219443548,1.994242219443548,1196.5453316661287,13803.45466833387,6,459083.9519913293,2014-01-31,21,1794.18994140625,1.6379131323308362,dte_exit,17,153.7974522676271,-434.75338216897956,427.05911704158746,1770.449951171875,1850.8399658203125,False,False,False,False,False
2014-02-07,2014-03-21,2014-03-21,1773.4300537109375,42,0.058447168832306926,0.1539000292244782,0.1178467352585244,17.229999542236328,17.790000915527344,1540.0,1565.0,1930.0,1955.0,25.0,2.145918976294915,1.7459189762949152,1047.551385776949,13952.44861422305,6,459253.97993012756,2014-02-28,21,1854.2900390625,1.6877613243405505,dte_exit,14,-25.10540882738116,-420.63598313387183,225.4047729804391,1776.010009765625,1858.7099609375,False,False,False,False,False
2014-03-03,2014-04-17,2014-04-18,1859.449951171875,45,0.049157281822374846,0.1290539045545425,0.11591513253380652,14.0,15.800000190734863,1650.0,1675.0,1995.0,2020.0,25.0,2.481970500734292,2.081970500734292,1457.3793505140043,16042.620649485996,7,459243.9589954515,2014-03-25,23,1857.43994140625,1.0140089885707648,profit_target,16,677.573058514469,-833.5950335833058,747.573058514469,1834.43994140625,1883.969970703125,False,False,False,False,False
2014-04-01,2014-05-16,2014-05-16,1872.3399658203125,45,0.04873593409429766,0.10433766315592981,0.11843654076923693,13.880000114440918,15.079999923706056,1665.0,1690.0,2010.0,2035.0,25.0,2.2791844226002382,1.8791844226002383,1127.510653560143,13872.489346439857,6,459940.7215383041,2014-04-21,25,1864.8499755859375,0.8669575650849832,profit_target,13,547.336114509153,-489.8637764237715,607.336114509153,1814.3599853515625,1897.280029296875,False,False,False,False,False
2014-05-06,2014-06-20,2014-06-20,1884.6600341796875,45,0.04666430525315429,0.12892346769200536,0.10803128736531463,13.289999961853027,14.75,1685.0,1710.0,2015.0,2040.0,25.0,2.4251653692643487,2.0251653692643488,1417.6157584850441,16082.384241514956,7,460501.7558700591,2014-05-22,29,1888.030029296875,0.9645337179205759,profit_target,12,672.4421559406411,-465.93991366150266,742.4421559406411,1859.7900390625,1902.1700439453125,False,False,False,False,False
2014-06-03,2014-07-18,2014-07-18,1924.969970703125,45,0.04066009426804984,0.08195664840703581,0.10498067436817057,11.579999923706056,13.880000114440918,1745.0,1770.0,2040.0,2065.0,25.0,2.7117077851322904,2.3117077851322905,1618.1954495926034,15881.804550407394,7,461185.993707674,2014-06-26,22,1959.530029296875,1.1260936249244202,profit_target,17,759.9299121455092,-635.7611394207472,829.9299121455092,1918.5999755859375,1968.1700439453125,False,False,False,False,False
2014-07-01,2014-08-15,2014-08-15,1960.22998046875,45,0.040624981120233224,0.05775011398038109,0.09404151032124318,11.56999969482422,13.010000228881836,1775.0,1800.0,2080.0,2105.0,25.0,2.3113303688951987,1.9113303688951988,1337.931258226639,16162.068741773359,7,461958.6464240452,2014-07-24,22,1987.010009765625,0.7836815375324943,profit_target,16,719.3541819538933,-604.1793971438442,789.3541819538933,1952.8599853515625,1989.22998046875,False,False,False,False,False
2014-08-05,2014-09-19,2014-09-19,1938.989990234375,45,0.053089863966335936,0.10742793319665948,0.08637801015043965,15.119999885559082,15.8100004196167,1710.0,1735.0,2095.0,2120.0,25.0,2.2066514059641307,1.8066514059641308,1083.9908435784785,13916.009156421522,6,462689.7053938407,2014-08-25,25,1988.4000244140625,0.6698765410587756,profit_target,14,622.0649189432131,-684.3260813685819,682.0649189432131,1904.780029296875,1994.760009765625,False,False,False,False,False
2014-09-02,2014-10-17,2014-10-17,2003.3699951171875,45,0.042450824623808406,0.07769206701298423,0.0845221944948251,12.09000015258789,14.260000228881836,1810.0,1835.0,2130.0,2155.0,25.0,2.637821668817466,2.237821668817466,1566.4751681722262,15933.524831827772,7,463323.36141897883,2014-09-22,25,2010.4000244140625,0.9012584740746777,profit_target,14,865.594236319952,-537.5241390818521,935.594236319952,1978.47998046875,2019.260009765625,False,False,False,False,False
2014-10-07,2014-11-21,2014-11-21,1964.8199462890625,45,0.05428368420350832,0.11099122119305223,0.09856325536963544,15.460000038146973,16.549999237060547,1725.0,1750.0,2125.0,2150.0,25.0,2.3102465892882904,1.9102465892882905,1337.1726125018033,16162.827387498197,7,464197.6037380573,2014-10-28,24,1961.6300048828125,0.9490744356948403,profit_target,15,602.8205075154152,-2319.2974742998954,672.8205075154152,1820.6600341796875,1970.3599853515625,False,False,False,False,False
2014-11-04,2014-12-19,2014-12-19,2017.81005859375,45,0.06370182792602333,0.18142288546117205,0.12780840139519617,14.729999542236328,16.809999465942383,1735.0,1760.0,2210.0,2235.0,25.0,1.3675595011471948,0.9675595011471948,580.5357006883169,14419.464299311681,6,464806.37034640054,2014-11-25,24,2069.409912109375,0.4727173464607657,profit_target,15,236.90529281185746,-440.16779082584594,296.90529281185746,2001.010009765625,2071.4599609375,False,False,False,False,False
2014-12-02,2015-01-16,2015-01-16,2053.43994140625,45,0.04971907879314441,0.060709186748503556,0.12516349108046496,14.15999984741211,16.65999984741211,1825.0,1850.0,2205.0,2230.0,25.0,2.7510425881533536,2.3510425881533537,1645.7298117073474,15854.270188292652,7,465051.1599309283,2014-12-24,23,2082.169921875,0.9583897036609997,profit_target,16,904.8570191446479,-1664.435671089096,974.8570191446479,1972.56005859375,2086.72998046875,False,False,False,False,False
2015-01-06,2015-02-20,2015-02-20,2020.5799560546875,45,0.06994378983229356,0.16603829954953828,0.14401983895966372,19.920000076293945,20.790000915527344,1715.0,1740.0,2235.0,2260.0,25.0,2.358273062342576,1.9582730623425761,1370.7911436398033,16129.208856360196,7,465968.9740204781,2015-01-23,28,2063.14990234375,0.920968592334734,profit_target,12,656.1131290054896,-575.1914852016055,726.1131290054896,1988.1199951171875,2064.6201171875,False,False,False,False,False
2015-02-03,2015-03-20,2015-03-20,2020.8499755859375,45,0.06822328577216821,0.1731057139797269,0.13762203720102034,19.43000030517578,20.90999984741211,1720.0,1745.0,2230.0,2255.0,25.0,2.44580482338381,2.04580482338381,1432.063376368667,16067.936623631333,7,466635.4667237427,2015-02-23,25,2110.300048828125,1.0205505202654854,profit_target,13,647.6780121828272,-475.83368980777766,717.6780121828272,2022.7099609375,2110.610107421875,False,False,False,False,False
2015-03-03,2015-04-17,2015-04-17,2117.389892578125,45,0.050317957553629986,0.1071157250960988,0.1433056059316477,13.039999961853027,16.459999084472656,1875.0,1905.0,2275.0,2305.0,30.0,2.7609409442630692,2.3609409442630693,1180.4704721315347,13819.529527868464,5,467290.161505352,2015-03-23,25,2108.10009765625,0.7497291615857615,profit_target,14,755.6058913386539,-638.3670876585223,805.6058913386539,2039.68994140625,2115.760009765625,False,False,False,False,False
2015-03-31,2015-05-15,2015-05-15,2086.239990234375,45,0.05094801217813342,0.14384305338696954,0.1398509702629886,14.510000228881836,16.920000076293945,1850.0,1875.0,2245.0,2270.0,25.0,2.7131048265876956,2.3131048265876957,1619.1733786113869,15880.826621388613,7,468055.654738936,2015-04-16,29,2106.6298828125,1.0313113155029856,profit_target,11,827.255457759297,-513.4441262490687,897.255457759297,2048.3798828125,2111.909912109375,False,False,False,False,False
2015-05-05,2015-06-19,2015-06-19,2114.489990234375,45,0.04511936358353797,0.09045020119255756,0.11102311599157225,12.850000381469728,15.43000030517578,1900.0,1925.0,2260.0,2285.0,25.0,2.6764711774222008,2.276471177422201,1593.5298241955406,15906.470175804458,7,468893.8607563236,2015-05-22,28,2130.820068359375,1.0450695163027421,profit_target,13,791.9811627836211,-769.2036968281909,861.9811627836211,2067.929931640625,2134.719970703125,False,False,False,False,False
2015-06-02,2015-07-17,2015-07-17,2111.72998046875,45,0.04905194572749907,0.10537540438592244,0.11316163115000119,13.970000267028809,15.40999984741211,1880.0,1905.0,2265.0,2290.0,25.0,2.4852352586554076,2.0852352586554077,1459.6646810587854,16040.335318941216,7,469691.5884368448,2015-06-22,25,2109.989990234375,0.9427920954618579,profit_target,14,729.710214235485,-562.9109602635059,799.710214235485,2072.139892578125,2126.64990234375,False,False,False,False,False
2015-07-07,2015-08-21,2015-08-21,2068.760009765625,45,0.05972609821784321,0.1139360851662519,0.10102266242974495,17.010000228881836,18.040000915527344,1795.0,1820.0,2255.0,2280.0,25.0,2.3360865790767633,1.9360865790767634,1355.2606053537343,16144.739394646265,7,470427.5772799713,2015-07-22,30,2119.2099609375,0.8249908816242574,profit_target,11,707.7669882167543,-873.2185045036044,777.7669882167543,2044.02001953125,2132.820068359375,False,False,False,False,False
2015-07-22,2015-08-21,2015-08-21,2119.2099609375,30,0.0368874762514312,0.12866628087588497,0.10827142091759354,12.220000267028809,14.75,1935.0,1965.0,2235.0,2265.0,30.0,1.906855394842232,1.506855394842232,753.427697421116,14246.572302578883,5,471139.79982791655,2015-07-31,21,2108.6298828125,0.844841672070167,dte_exit,7,281.0068613860325,-891.2757161569796,331.0068613860325,2063.52001953125,2118.510009765625,False,False,False,False,True
2015-08-04,2015-09-18,2015-09-18,2098.0400390625,45,0.04410110573687459,0.11849781073140195,0.11013527555621555,12.5600004196167,14.84000015258789,1890.0,1915.0,2235.0,2260.0,25.0,2.729455479067198,2.329455479067198,1630.6188353470386,15869.38116465296,7,471429.3236093916,2015-08-28,21,1987.6600341796875,6.4270455783946385,dte_exit,18,-2938.313069529209,-8834.929862003659,450.31045778680567,1867.010009765625,2112.659912109375,True,False,False,False,False
2015-09-03,2015-10-16,2015-10-16,1948.8599853515625,43,0.100898872737581,0.2939669582641313,0.19301455786541186,26.09000015258789,26.190000534057617,1530.0,1555.0,2245.0,2270.0,25.0,1.5884719730910817,1.1884719730910818,713.0831838546491,14286.91681614535,6,468516.9860916141,2015-09-21,25,1958.030029296875,0.5880514910778751,profit_target,11,300.252289207924,-414.61303837788125,360.252289207924,1911.2099609375,2020.8599853515625,False,False,False,False,False
2015-10-06,2015-11-20,2015-11-20,1987.050048828125,45,0.07599074928401879,0.20594035002752437,0.216421748830714,19.540000915527344,21.329999923706055,1660.0,1685.0,2215.0,2240.0,25.0,1.8597377279840401,1.4597377279840402,875.8426367904241,14124.157363209575,6,468824.0165147247,2015-10-20,31,2033.6600341796875,0.7197492928022072,profit_target,10,383.99306110909976,-400.52881277640347,443.99306110909976,1971.989990234375,2034.449951171875,False,False,False,False,False
2015-10-20,2015-11-20,2015-11-20,2033.6600341796875,31,0.06254473528434305,0.16476358688444162,0.2146131574449201,14.979999542236328,17.860000610351562,1755.0,1780.0,2225.0,2250.0,25.0,0.5677307459061289,0.1677307459061289,100.63844754367733,14899.361552456323,6,469208.66191367403,2015-10-30,21,2089.409912109375,0.4948616795862587,dte_exit,8,-256.27856020807786,-558.9761499437842,0.0,2017.219970703125,2092.52001953125,False,False,False,False,True
2015-11-03,2015-12-18,2015-12-18,2104.050048828125,45,0.07653178260340408,0.12609554216789653,0.2179626123997705,14.149999618530272,17.420000076293945,1755.0,1780.0,2345.0,2370.0,25.0,0.7321878348420201,0.3321878348420201,199.31270090521204,14800.687299094789,6,468958.1168025974,2015-11-27,21,2088.8701171875,0.4417745938557283,dte_exit,17,-125.75205540822493,-725.4507348604913,0.0,2019.3900146484375,2116.47998046875,False,False,False,False,False
2015-12-01,2016-01-15,2016-01-15,2080.409912109375,45,0.058146573000915906,0.11970750097862663,0.16560151249906824,16.1299991607666,18.489999771118164,1815.0,1840.0,2260.0,2285.0,25.0,2.5470162236394387,2.147016223639439,1502.911356547607,15997.088643452393,7,468876.93562055094,2015-12-23,23,2038.969970703125,0.8994612774071014,profit_target,16,803.2884623626362,-1200.738414213109,873.2884623626362,1993.260009765625,2104.27001953125,False,False,False,False,False
2016-01-05,2016-02-19,2016-02-19,2012.6600341796875,45,0.07268255508765635,0.1876763695015231,0.15051765678196832,20.700000762939453,22.010000228881836,1695.0,1720.0,2230.0,2255.0,25.0,2.527422626147356,2.127422626147356,1489.195838303149,16010.80416169685,7,469782.38447780145,2016-01-29,21,1893.3599853515625,1.6887705583241144,dte_exit,17,237.05644747626906,-1355.6957361223538,307.05644747626906,1812.2900390625,2021.93994140625,False,False,False,False,False
2016-02-02,2016-03-18,2016-03-18,1939.3800048828125,45,0.08106822658751144,0.23088241052998265,0.18275952110990493,19.979999542236328,22.010000228881836,1600.0,1625.0,2175.0,2200.0,25.0,1.678456194679903,1.2784561946799031,767.0737168079419,14232.926283192059,6,470114.2080974559,2016-02-23,24,1945.5,0.6125617693731735,profit_target,14,339.5366551840377,-1094.7358783780433,399.5366551840377,1810.0999755859375,1946.699951171875,False,False,False,False,False
2016-03-01,2016-04-15,2016-04-15,1932.22998046875,45,0.07215586456755523,0.2001632426255354,0.1985004257048962,20.549999237060547,22.38999938964844,1630.0,1655.0,2140.0,2165.0,25.0,2.6134147691692533,2.2134147691692534,1549.3903384184773,15950.609661581522,7,470565.99637871166,2016-03-24,22,2036.7099609375,0.9953913792259331,profit_target,17,782.6163729603243,-599.5123595110774,852.6163729603243,1937.0899658203125,2056.60009765625,False,False,False,False,False
2016-04-05,2016-05-20,2016-05-20,2066.1298828125,45,0.0642194513958653,0.09121524433304884,0.18289707774950342,14.119999885559082,17.229999542236328,1775.0,1800.0,2265.0,2290.0,25.0,1.3143261754808826,0.9143261754808826,548.5957052885295,14451.40429471147,6,471480.93161845155,2016-04-28,22,2095.14990234375,0.4467047149260896,profit_target,17,220.5728763328758,-590.1410367050231,280.5728763328758,2033.800048828125,2111.050048828125,False,False,False,False,False
2016-05-03,2016-06-17,2016-06-17,2081.429931640625,45,0.05154492229671961,0.10275004673720836,0.1375794281762543,14.68000030517578,17.780000686645508,1840.0,1865.0,2240.0,2265.0,25.0,2.915528360498982,2.515528360498982,1760.8698523492874,15739.13014765071,7,471784.9131512895,2016-05-23,25,2052.320068359375,1.045680248003353,profit_target,14,958.8936787469404,-528.9914305731938,1028.8936787469404,2025.9100341796875,2084.8701171875,False,False,False,False,False
2016-05-31,2016-07-15,2016-07-15,2099.06005859375,45,0.046067395134568104,0.11287464604880215,0.10963234751131763,13.119999885559082,16.309999465942383,1880.0,1905.0,2245.0,2270.0,25.0,2.8811510918433356,2.4811510918433357,1736.805764290335,15763.194235709665,7,472843.1035226455,2016-06-24,21,2113.320068359375,1.720933462630208,dte_exit,18,462.1523404491894,-1337.9621402994183,532.1523404491894,2050.3701171875,2120.550048828125,False,False,False,False,False
2016-07-05,2016-08-19,2016-08-19,2102.949951171875,45,0.06710286899620956,0.19110905467505535,0.13767184442039715,14.770000457763672,17.649999618530273,1795.0,1820.0,2315.0,2340.0,25.0,1.2717490999046497,0.8717490999046497,523.0494599427898,14476.950540057209,6,473431.23140611197,2016-07-28,22,2166.580078125,0.4219087695459707,profit_target,17,209.90419821520737,-508.20624608856406,269.9041982152074,2074.02001953125,2175.6298828125,False,False,False,False,False
2016-08-02,2016-09-16,2016-09-16,2170.840087890625,45,0.04632827732487743,0.07284627128901269,0.13194299165928733,12.4399995803833,15.699999809265137,1940.0,1970.0,2320.0,2350.0,30.0,3.00667542451707,2.60667542451707,1564.0052547102418,16435.994745289758,6,473750.04949079955,2016-08-18,29,2182.219970703125,1.1707113633260744,profit_target,12,801.5784367145973,-521.2295900812579,861.5784367145973,2147.580078125,2193.81005859375,False,False,False,False,False
2016-09-06,2016-10-21,2016-10-21,2179.97998046875,45,0.04256417724475358,0.055189062865431245,0.1212228299318446,11.979999542236328,15.649999618530272,1965.0,1995.0,2320.0,2350.0,30.0,3.4851824351347034,3.0851824351347035,1851.109461080822,16148.890538919175,6,474689.939348883,2016-09-23,28,2177.179931640625,1.1609922051265609,profit_target,13,1094.5141380048856,-1211.4676689430728,1154.5141380048856,2119.1201171875,2187.8701171875,False,False,False,False,False
2016-10-04,2016-11-18,2016-11-18,2161.199951171875,45,0.051331650697903845,0.1461926052720739,0.09835671895486033,13.56999969482422,16.399999618530273,1910.0,1940.0,2330.0,2360.0,30.0,2.6043688617911656,2.2043688617911656,1102.1844308955829,13897.815569104416,5,475889.5496720013,2016-10-24,25,2141.159912109375,0.8494846702534248,profit_target,14,627.4420957688704,-279.57248730026896,677.4420957688704,2114.719970703125,2169.60009765625,False,False,False,False,False
2016-11-01,2016-12-16,2016-12-16,2126.14990234375,45,0.05990165725977814,0.06617209008316956,0.09638239076982544,17.059999465942383,17.850000381469727,1840.0,1870.0,2315.0,2345.0,30.0,2.759068760978927,2.359068760978927,1415.4412565873563,16584.558743412643,6,476636.1332883748,2016-11-21,25,2181.89990234375,0.6847903509818384,profit_target,14,944.5670459982532,-1118.3672395148765,1004.5670459982532,2083.7900390625,2189.889892578125,False,False,False,False,False
2016-12-06,2017-01-20,2017-01-20,2204.7099609375,45,0.042626387014317424,0.09605096171234626,0.11051886553939042,12.140000343322754,15.770000457763672,1985.0,2015.0,2345.0,2375.0,30.0,3.6072051638851264,3.2072051638851264,1924.323098331076,16075.676901668923,6,477788.45040833886,2016-12-27,24,2263.7900390625,1.400175916805535,profit_target,14,1024.2175482477548,-2049.286367831597,1084.2175482477548,2202.2099609375,2277.530029296875,False,False,False,False,False
2017-01-03,2017-02-17,2017-02-17,2238.830078125,45,0.049297731065067234,0.07990380053642301,0.08567334069678513,14.039999961853027,16.540000915527344,1990.0,2020.0,2405.0,2435.0,30.0,3.189756925955834,2.789756925955834,1673.8541555735003,16326.145844426499,6,478999.8178903822,2017-01-17,31,2274.639892578125,1.1720290890108465,profit_target,9,910.6367021669924,-311.91853533799633,970.6367021669924,2245.1298828125,2282.10009765625,False,False,False,False,False
2017-01-17,2017-02-17,2017-02-17,2274.639892578125,31,0.03272759960174987,0.06690921617697217,0.08184623200803104,11.229999542236328,14.539999961853027,2095.0,2125.0,2385.0,2415.0,30.0,2.3076517428186207,1.9076517428186208,953.8258714093104,14046.17412859069,5,480006.1206554332,2017-01-27,21,2296.679931640625,0.6806225871609649,profit_target,8,563.514577828828,-546.8957409345783,613.514577828828,2257.02001953125,2300.989990234375,False,False,False,False,True
2017-01-31,2017-03-17,2017-03-17,2280.89990234375,45,0.04171346526252982,0.06604905273717625,0.08380960486775667,11.880000114440918,14.40999984741211,2060.0,2090.0,2425.0,2455.0,30.0,3.1464798823444795,2.7464798823444796,1647.8879294066878,16352.112070593314,6,480664.66992588335,2017-02-24,21,2363.81005859375,2.3010464439802707,dte_exit,17,207.26006301852533,-858.236813696637,434.28546049211275,2267.2099609375,2368.260009765625,False,False,False,False,False
2017-03-07,2017-04-21,2017-04-21,2375.31005859375,45,0.03946627403087745,0.0686426503198793,0.06964526246400352,11.239999771118164,14.34000015258789,2160.0,2190.0,2515.0,2545.0,30.0,3.56087528457239,3.16087528457239,1896.525170743434,16103.474829256567,6,481124.9853834419,2017-03-28,24,2341.590087890625,1.4136354824619741,profit_target,15,988.3438812662494,-370.40784419247666,1048.3438812662494,2322.25,2390.010009765625,False,False,False,False,False
2017-04-04,2017-05-19,2017-05-19,2358.840087890625,45,0.043469082470471786,0.06664346224256848,0.06657435283484169,12.380000114440918,13.670000076293944,2125.0,2155.0,2515.0,2545.0,30.0,2.7325628199866543,2.3325628199866544,1399.5376919919927,16600.462308008005,6,482393.94818691013,2017-04-25,24,2374.14990234375,0.6409483578896443,profit_target,14,954.9686772582058,-721.2280360604881,1014.9686772582058,2328.949951171875,2378.360107421875,False,False,False,False,False
2017-05-02,2017-06-16,2017-06-16,2388.330078125,45,0.03549857873909973,0.07037791869490925,0.0685289862095744,10.109999656677246,12.630000114440918,2190.0,2220.0,2515.0,2545.0,30.0,3.308341157369725,2.908341157369725,1745.0046944218348,16254.995305578163,6,483648.77709086856,2017-05-23,24,2394.02001953125,1.052599568806023,profit_target,15,1053.444953138221,-733.1977557404107,1113.444953138221,2352.719970703125,2405.77001953125,False,False,False,False,False
2017-06-06,2017-07-21,2017-07-21,2436.10009765625,45,0.03535812949640735,0.08372920723393962,0.07276970453844696,10.06999969482422,12.850000381469728,2235.0,2265.0,2565.0,2595.0,30.0,3.4407631708608193,3.0407631708608194,1824.4579025164917,16175.542097483509,6,485125.9934095519,2017-06-23,28,2434.5,1.382436759705827,profit_target,13,934.9958466929955,-421.9803900305708,994.9958466929955,2415.699951171875,2453.820068359375,False,False,False,False,False
2017-07-05,2017-08-18,2017-08-18,2429.010009765625,44,0.038955857926047555,0.06930094843126705,0.07361047951939959,11.220000267028809,13.3100004196167,2210.0,2240.0,2570.0,2600.0,30.0,3.0959045228878352,2.6959045228878353,1617.542713732701,16382.457286267298,6,486448.3109635334,2017-07-24,25,2472.5400390625,0.8159092391005706,profit_target,13,1067.997170272359,-539.0992269993164,1127.997170272359,2407.699951171875,2477.6201171875,False,False,False,False,False
2017-08-01,2017-09-15,2017-09-15,2470.300048828125,45,0.03602526591062677,0.055068401230789286,0.06964403494978827,10.260000228881836,12.470000267028809,2260.0,2290.0,2605.0,2635.0,30.0,3.0745487764950994,2.6745487764950995,1604.7292658970598,16395.270734102938,6,487907.7013818156,2017-08-23,23,2452.510009765625,0.9919532651269004,profit_target,16,949.5573068209194,-1436.9085386776055,1009.5573068209194,2417.35009765625,2490.8701171875,False,False,False,False,False
2017-09-05,2017-10-20,2017-10-20,2476.550048828125,45,0.03556880503473297,0.09725848548473356,0.0752040496175114,10.130000114440918,13.59000015258789,2270.0,2300.0,2610.0,2640.0,30.0,3.6768019626103836,3.2768019626103837,1966.08117756623,16033.91882243377,6,489340.4404216766,2017-09-22,28,2500.60009765625,1.2367051204532724,profit_target,13,1164.0581052942669,-815.3719754970714,1224.0581052942669,2446.550048828125,2508.85009765625,False,False,False,False,False
2017-10-03,2017-11-17,2017-11-17,2529.1201171875,45,0.0331811645603882,0.055679401289835125,0.07146874735869323,9.449999809265137,12.359999656677246,2325.0,2360.0,2655.0,2690.0,35.0,3.9224708625160076,3.5224708625160077,1761.2354312580037,15738.764568741994,5,490898.355899613,2017-10-26,22,2557.14990234375,1.6567606385445983,profit_target,17,882.8551119857048,-543.978815547179,932.8551119857048,2528.85009765625,2578.2900390625,False,False,False,False,False
2017-10-31,2017-12-15,2017-12-15,2572.830078125,45,0.03686796136678113,0.049635657807845464,0.06988457097150255,10.5,12.56999969482422,2350.0,2385.0,2715.0,2750.0,35.0,3.550769607877669,3.150769607877669,1575.3848039388345,15924.615196061166,5,492191.92717378325,2017-11-20,25,2578.85009765625,1.2875153909102433,profit_target,14,881.6271084837128,-279.315352420491,931.6271084837128,2557.449951171875,2597.02001953125,False,False,False,False,False
2017-12-05,2018-01-19,2018-01-19,2639.43994140625,45,0.04101121904906785,0.06458408477303854,0.0529615871570036,11.68000030517578,13.550000190734863,2390.0,2425.0,2800.0,2835.0,35.0,3.568236509652124,3.168236509652124,1584.118254826062,15915.881745173938,5,493662.293134325,2017-12-18,32,2675.81005859375,1.5166752299016557,profit_target,9,775.7806398752341,-145.8119902168149,825.7806398752341,2624.75,2679.6298828125,False,False,False,False,False
2017-12-18,2018-01-19,2018-01-19,2675.81005859375,32,0.027891987586147013,0.0679875745832629,0.05394564940435623,9.420000076293944,12.079999923706056,2490.0,2525.0,2790.0,2825.0,35.0,2.5087532018604826,2.1087532018604827,1054.3766009302412,16445.62339906976,5,494668.5049648724,2017-12-29,21,2687.5400390625,0.9153574669643244,profit_target,8,546.6978674480791,-565.9326533411285,596.6978674480791,2676.110107421875,2694.969970703125,False,False,False,False,True
2018-01-02,2018-02-16,2018-02-16,2673.610107421875,45,0.03876402781741548,0.060918001806397795,0.055502306524494754,11.039999961853027,13.09000015258789,2430.0,2465.0,2830.0,2865.0,35.0,3.497281285458911,3.097281285458911,1548.6406427294555,15951.359357270543,5,495495.75942879723,2018-01-26,21,2839.25,17.45287092952885,dte_exit,17,-7227.79482203497,-7238.165215617059,0.0,2682.360107421875,2852.969970703125,False,True,False,True,False
2018-01-30,2018-03-16,2018-03-16,2853.530029296875,45,0.04859548485160527,0.07931902975312018,0.06796307195172074,13.84000015258789,14.989999771118164,2540.0,2575.0,3060.0,3095.0,35.0,3.326858962161083,2.926858962161083,1463.4294810805413,16036.570518919456,5,488812.2481353819,2018-02-23,21,2703.9599609375,4.498128382736875,dte_exit,17,-835.6347102878963,-5818.900171360619,66.7935185982107,2532.68994140625,2839.260009765625,True,False,False,False,False
2018-03-06,2018-04-20,2018-04-20,2720.93994140625,45,0.09445123148286518,0.2689972251798177,0.1663581597867261,18.729999542236328,19.209999084472656,2170.0,2205.0,3105.0,3140.0,35.0,0.9097820158348151,0.5097820158348151,203.91280633392603,13796.087193666073,4,488718.0611322968,2018-04-02,18,2640.8701171875,0.517785280835948,dte_exit,18,-43.201306000453165,-397.28359239790944,0.0,2585.889892578125,2801.89990234375,False,False,False,False,False
2018-04-05,2018-05-18,2018-05-18,2644.68994140625,43,0.07400905985744043,0.21562399678005936,0.20392910428780783,20.059999465942383,20.420000076293945,2220.0,2255.0,2940.0,2975.0,35.0,2.5372968316799884,2.1372968316799885,1068.6484158399942,16431.351584160006,5,489370.9269867407,2018-04-17,31,2677.840087890625,1.0523348115609816,profit_target,8,492.48101005950343,-278.0945027287927,542.4810100595034,2586.27001953125,2686.489990234375,False,False,False,False,False
2018-04-17,2018-05-18,2018-05-18,2677.840087890625,31,0.0677835501587941,0.23258938831973208,0.21147178889908963,16.559999465942383,17.81999969482422,2280.0,2315.0,2950.0,2985.0,35.0,0.8273628699039106,0.4273628699039106,170.94514796156423,13829.054852038436,4,490143.0827040775,2018-04-27,21,2666.93994140625,0.6147429064915807,dte_exit,8,-114.95201463506804,-235.90157110709674,0.0,2612.669921875,2717.489990234375,False,False,False,False,True
2018-05-01,2018-06-15,2018-06-15,2648.050048828125,45,0.0747276399031472,0.17304441814347235,0.21282441173707645,15.93000030517578,17.34000015258789,2215.0,2250.0,2945.0,2980.0,35.0,1.2914129567008512,0.8914129567008512,445.7064783504256,17054.29352164957,5,490370.95537974586,2018-05-23,23,2724.43994140625,0.44546938157043364,profit_target,16,172.97178756520879,-318.92361107573345,222.97178756520879,2594.6201171875,2742.239990234375,False,False,False,False,False
2018-06-05,2018-07-20,2018-07-20,2746.8701171875,45,0.05645192392766109,0.10655482480036416,0.16077514982277222,12.739999771118164,14.899999618530272,2400.0,2435.0,2980.0,3015.0,35.0,1.7553194951152946,1.3553194951152947,677.6597475576473,16822.34025244235,5,491435.54579010897,2018-06-29,21,2716.31005859375,1.0611369879508459,dte_exit,18,97.0912535822244,-303.5743577341328,297.6427622108242,2691.989990234375,2791.469970703125,False,False,False,False,False
2018-07-03,2018-08-17,2018-08-17,2726.7099609375,45,0.054775258227218744,0.08069353417210497,0.1146495325344909,15.600000381469728,16.950000762939453,2395.0,2430.0,2950.0,2985.0,35.0,3.4446752837964993,3.0446752837964994,1522.3376418982498,15977.66235810175,5,492261.73408380814,2018-07-23,25,2801.830078125,1.2772801903178492,profit_target,13,833.697546739325,-287.8905106842402,883.697546739325,2711.159912109375,2816.760009765625,False,False,False,False,False
2018-08-07,2018-09-21,2018-09-21,2850.39990234375,45,0.039571613474327305,0.0779545360063861,0.08903903951022982,11.270000457763672,14.229999542236328,2590.0,2625.0,3020.0,3055.0,35.0,4.072901392263418,3.672901392263418,1836.450696131709,15663.54930386829,5,494037.4914466628,2018-08-27,25,2874.68994140625,1.3760532860442622,profit_target,14,1098.424053109578,-603.3341879124679,1148.424053109578,2802.489990234375,2876.159912109375,False,False,False,False,False
2018-09-04,2018-10-19,2018-10-19,2901.52001953125,45,0.0451544733827805,0.07213674397856068,0.0796853344763846,12.859999656677246,15.149999618530272,2600.0,2640.0,3100.0,3140.0,40.0,4.114902058611449,3.714902058611449,1485.9608234445795,14514.03917655542,4,495925.55112576444,2018-09-17,32,2904.97998046875,1.8140127735143543,profit_target,9,720.3557140388378,-399.1034644751961,760.3557140388378,2864.1201171875,2908.300048828125,False,False,False,False,False
2018-09-17,2018-10-19,2018-10-19,2904.97998046875,32,0.0357384584847354,0.057881015490171356,0.07917514017447509,12.06999969482422,14.369999885559082,2655.0,2695.0,3060.0,3100.0,40.0,3.141669569311553,2.741669569311553,1096.6678277246212,14903.332172275379,4,497024.2439368968,2018-09-28,21,2914.0,1.0872379900024387,profit_target,9,621.7726317236456,-596.3464608407021,661.7726317236456,2886.159912109375,2940.909912109375,False,False,False,False,True
2018-10-02,2018-11-16,2018-11-16,2924.590087890625,45,0.042134812990607,0.054955726522987795,0.07205879489385382,12.0,14.739999771118164,2640.0,2680.0,3110.0,3150.0,40.0,4.430590970472053,4.030590970472053,1612.2363881888211,14387.763611811179,4,498091.59203843016,2018-10-26,21,2705.570068359375,13.747624647938922,dte_exit,18,-3926.8134709867477,-6074.55865874932,0.0,2651.889892578125,2939.860107421875,True,False,False,False,False
2018-11-06,2018-12-21,2018-12-21,2738.31005859375,45,0.08433165372805311,0.24017665510043562,0.148480638166219,19.959999084472656,20.200000762939453,2240.0,2275.0,3085.0,3120.0,35.0,1.7287546713355226,1.3287546713355227,664.3773356677614,16835.622664332237,5,495257.17871799413,2018-11-29,22,2743.7900390625,0.5553732436509213,profit_target,16,336.69071384230074,-381.6136480214971,386.69071384230074,2631.090087890625,2815.14990234375,False,False,False,False,False
2018-12-04,2019-01-18,2019-01-18,2790.3701171875,45,0.06620902685528272,0.1885633911417882,0.17795646243615448,16.440000534057617,17.950000762939453,2385.0,2420.0,3065.0,3100.0,35.0,2.327879571525223,1.927879571525223,963.9397857626115,16536.06021423739,5,496495.7840253892,2018-12-28,21,2488.830078125,10.275289218229428,dte_exit,16,-4223.704823352103,-9295.684063252547,0.0,2346.580078125,2785.929931640625,True,False,False,False,False
2019-01-07,2019-02-15,2019-02-15,2531.93994140625,39,0.10362729559655116,0.31702119088433156,0.25235296798269585,21.3799991607666,21.86000061035156,1970.0,2005.0,2925.0,2960.0,35.0,0.7356845843372009,0.33568458433720083,134.27383373488033,13865.72616626512,4,493382.9456189165,2019-01-25,21,2642.330078125,0.4825845941781707,dte_exit,13,-98.76000393638793,-309.9959682482265,0.0,2524.56005859375,2675.469970703125,False,False,False,False,False
2019-01-29,2019-03-15,2019-03-15,2643.85009765625,45,0.0816953309029172,0.18053666819209604,0.23266840440315983,18.8700008392334,19.579999923706055,2175.0,2210.0,2970.0,3005.0,35.0,1.609938782894801,1.2099387828948012,604.9693914474007,16895.0306085526,5,494001.96400370775,2019-02-21,22,2784.699951171875,0.5957669685521579,profit_target,16,257.0859071713216,-371.8365384994527,307.0859071713216,2631.050048828125,2789.8798828125,False,False,False,False,False
2019-03-04,2019-04-18,2019-04-19,2803.68994140625,45,0.07386480134919772,0.08358338221137071,0.2103670464582269,13.56999969482422,15.380000114440918,2355.0,2390.0,3115.0,3150.0,35.0,0.8076691699618426,0.40766916996184255,203.83458498092128,17296.16541501908,5,495376.93887507904,2019-03-28,21,2805.3701171875,0.47923649504281146,dte_exit,18,-85.78366254048446,-606.2347573192019,0.0,2722.27001953125,2860.31005859375,False,False,False,False,False
2019-04-02,2019-05-17,2019-05-17,2867.18994140625,45,0.04748389886140336,0.12143080016366974,0.1352342032380364,13.399999618530272,15.460000038146973,2560.0,2595.0,3070.0,3105.0,35.0,3.634715281782931,3.234715281782931,1617.3576408914655,15882.642359108533,5,496253.96395197517,2019-04-22,25,2905.030029296875,0.9391433684936562,profit_target,13,1097.7859566446375,-422.69882968428067,1147.7859566446375,2858.75,2918.0,False,False,False,False,False
2019-05-07,2019-06-21,2019-06-21,2932.469970703125,45,0.05421345790787509,0.06992849174004202,0.09131538971276155,15.4399995803833,16.399999618530273,2575.0,2615.0,3170.0,3210.0,40.0,3.736956973946164,3.336956973946164,1334.7827895784656,14665.217210421533,4,498510.8272345498,2019-05-31,21,2788.860107421875,2.950121263908509,dte_exit,17,114.73428401506197,-899.4119331231088,562.7249669731567,2766.06005859375,2913.030029296875,False,False,False,False,False
2019-06-05,2019-07-19,2019-07-19,2803.27001953125,44,0.058919863326458224,0.16036044810479985,0.12309562896376884,16.969999313354492,17.59000015258789,2440.0,2475.0,3050.0,3085.0,35.0,3.267914806514355,2.867914806514355,1433.9574032571775,16066.042596742824,5,499572.5762229489,2019-06-28,21,2924.919921875,3.4682011395230847,dte_exit,17,-350.1431665043648,-1929.3715351510784,0.0,2800.919921875,2964.14990234375,False,False,False,False,False
2019-07-02,2019-08-16,2019-08-16,2964.330078125,45,0.04936795736070047,0.1033358286808173,0.11379635822501323,14.0600004196167,15.43000030517578,2630.0,2670.0,3185.0,3225.0,40.0,3.758711311611023,3.358711311611023,1343.4845246444092,14656.51547535559,4,500036.36184053234,2019-07-22,25,2976.610107421875,1.4185354292657872,profit_target,13,736.0703529380944,-107.70349011851401,776.0703529380944,2955.919921875,3017.800048828125,False,False,False,False,False
2019-08-08,2019-09-20,2019-09-20,2883.97998046875,43,0.06689591980587845,0.14225909009797444,0.1316321128456476,19.489999771118164,19.5,2465.0,2500.0,3175.0,3210.0,35.0,3.1274377098694544,2.7274377098694544,1363.7188549347272,16136.281145065273,5,501850.1688949743,2019-08-22,29,2924.429931640625,1.1313308701925862,profit_target,10,748.0534198384341,-432.45768553122724,798.0534198384341,2825.510009765625,2943.31005859375,False,False,False,False,False
2019-09-03,2019-10-18,2019-10-18,2926.4599609375,45,0.0816653642239771,0.2325830592641269,0.15553146797285167,18.979999542236328,19.540000915527344,2410.0,2450.0,3285.0,3325.0,40.0,1.8916150250935857,1.4916150250935858,596.6460100374343,15403.353989962565,4,503303.8267117122,2019-09-16,32,3007.389892578125,0.6630788943335056,profit_target,9,291.41445230403207,-329.8792192409504,331.41445230403207,2891.85009765625,3020.739990234375,False,False,False,False,False
2019-09-16,2019-10-18,2019-10-18,3007.389892578125,32,0.04497294754157265,0.14838171345186238,0.15188776632153236,13.739999771118164,16.670000076293945,2695.0,2735.0,3210.0,3250.0,40.0,2.4097090208738052,2.0097090208738053,803.8836083495221,15196.116391650477,4,503946.2743212496,2019-09-27,21,2977.6201171875,1.5242169875074354,dte_exit,9,154.19681334654797,-396.9232155396906,198.7930951780264,2952.860107421875,3021.989990234375,False,False,False,False,True
2019-10-01,2019-11-15,2019-11-15,2976.739990234375,45,0.05702244611029703,0.08607337582254293,0.1497386089719665,16.239999771118164,17.959999084472656,2595.0,2635.0,3230.0,3270.0,40.0,4.020536132870092,3.620536132870092,1448.2144531480367,14551.785546851963,4,504494.4203921961,2019-10-15,31,2966.14990234375,1.4944651842283396,profit_target,10,810.4283794567009,-750.5860678683304,850.4283794567009,2855.93994140625,2993.280029296875,False,False,False,False,False
2019-10-15,2019-11-15,2019-11-15,2966.14990234375,31,0.04777115015571759,0.1351999860713867,0.16391974996911404,14.56999969482422,17.1200008392334,2645.0,2685.0,3180.0,3220.0,40.0,2.1891102198325996,1.7891102198325997,715.6440879330398,15284.35591206696,4,505638.881301449,2019-10-25,21,3010.2900390625,0.8456626964242805,profit_target,8,337.37900936332767,-210.76950940106195,377.37900936332767,2973.610107421875,3016.070068359375,False,False,False,False,True
2019-11-05,2019-12-20,2019-12-20,3078.27001953125,45,0.051617815379338794,0.10018415374362848,0.14700760264205984,12.829999923706056,15.619999885559082,2720.0,2760.0,3315.0,3355.0,40.0,3.054240600008974,2.654240600008974,1061.6962400035898,14938.30375999641,4,506451.26007631165,2019-11-21,29,3108.4599609375,1.3153208540440757,profit_target,12,495.56789838595944,-310.93485578294457,535.5678983859594,3065.889892578125,3127.639892578125,False,False,False,False,False
2019-12-03,2020-01-17,2020-01-17,3113.8701171875,45,0.052352504605057346,0.06644263950459062,0.098218463025746,14.90999984741211,16.84000015258789,2750.0,2790.0,3360.0,3400.0,40.0,4.064055730671271,3.664055730671271,1465.6222922685083,14534.377707731492,4,507558.79200119816,2019-12-26,22,3223.3798828125,1.4108751929390224,profit_target,16,861.2722150928994,-372.48967606972894,901.2722150928994,3070.330078125,3227.780029296875,False,False,False,False,False
2020-01-07,2020-02-21,2020-02-21,3246.280029296875,45,0.04863059799942189,0.07011522584186125,0.0798470950759479,13.850000381469728,15.920000076293944,2890.0,2930.0,3485.0,3525.0,40.0,4.097953664265049,3.697953664265049,1479.1814657060195,14520.81853429398,4,509179.938386605,2020-01-31,21,3283.659912109375,1.6118827942383347,profit_target,17,794.4283480106857,-159.92489021143808,834.4283480106857,3232.429931640625,3337.77001953125,False,False,False,False,False
2020-02-04,2020-03-20,2020-03-20,3248.919921875,45,0.06309688004246065,0.11820880058989912,0.08817459843952274,17.969999313354492,18.040000915527344,2800.0,2840.0,3555.0,3595.0,40.0,3.586128494085429,3.186128494085429,1274.4513976341716,14725.548602365829,4,510581.03137307556,2020-02-28,21,2978.760009765625,12.307995882426832,dte_exit,17,-3688.7469553365613,-3648.7469553365613,275.38379050861755,2977.389892578125,3393.52001953125,False,False,False,False,False
2020-06-15,2020-07-17,2020-07-17,3041.31005859375,32,0.1493858311344969,0.29094332807571477,0.5045228621079374,36.09000015258789,38.04999923706055,2095.0,2135.0,3725.0,3765.0,40.0,1.0420113351467712,0.6420113351467712,256.8045340587085,15743.195465941293,4,507755.87784951937,2020-06-26,21,3083.760009765625,0.498546396804168,dte_exit,9,17.385975337041288,-241.43018961655795,57.38597533704129,2965.659912109375,3155.530029296875,False,False,False,False,False
2020-07-07,2020-08-21,2020-08-21,3179.719970703125,45,0.10731690431878696,0.30563867747853296,0.2992019790086412,27.940000534057617,30.979999542236328,2455.0,2495.0,3690.0,3730.0,40.0,3.4743753126914356,3.0743753126914357,1229.7501250765742,14770.249874923426,4,507821.24272846396,2020-07-21,31,3251.840087890625,1.4530243725939385,profit_target,10,608.5403760389989,-335.9002559740201,648.5403760389989,3115.699951171875,3258.610107421875,False,False,False,False,False
2020-07-21,2020-08-21,2020-08-21,3251.840087890625,31,0.07172553909372152,0.19143937488778043,0.24611574970077538,24.459999084472656,29.100000381469727,2745.0,2785.0,3600.0,3640.0,40.0,3.669681141544089,3.269681141544089,1307.8724566176356,14692.127543382363,4,508456.0882090435,2020-07-30,22,3258.43994140625,1.2828757771723764,profit_target,7,754.7221457486851,-300.5745525619501,794.7221457486851,3200.050048828125,3279.989990234375,False,False,False,False,True
2020-08-04,2020-09-18,2020-09-18,3294.610107421875,45,0.08525277402863485,0.13659290806594682,0.22044647565269468,24.280000686645508,29.65999984741211,2690.0,2735.0,3715.0,3760.0,45.0,5.769028630415477,5.369028630415476,2147.6114521661907,15852.388547833809,4,509232.7543024289,2020-08-18,31,3381.989990234375,2.6433199248133064,profit_target,10,1050.2834822408681,-183.43923615877458,1090.2834822408681,3286.3701171875,3387.889892578125,False,False,False,False,False
2020-08-18,2020-09-18,2020-09-18,3381.989990234375,31,0.06222032880357563,0.10851350845047622,0.2015456571734393,21.350000381469727,27.450000762939453,2915.0,2960.0,3700.0,3745.0,45.0,4.002966098118804,3.6029660981188045,1441.1864392475218,16558.81356075248,4,510303.2111009566,2020-08-28,21,3484.550048828125,3.9819971290806477,dte_exit,8,-191.6124123847373,-246.8083911752343,486.9985018361962,3354.68994140625,3501.3798828125,False,False,False,False,True
2020-09-01,2020-10-16,2020-10-16,3500.31005859375,45,0.0927317003877224,0.08090149993595837,0.19563535390169784,26.40999984741211,31.850000381469727,2805.0,2850.0,3985.0,4030.0,45.0,5.772804286450167,5.372804286450167,2149.121714580067,15850.878285419933,4,510132.9046162595,2020-09-15,31,3383.5400390625,2.387196666611468,profit_target,9,1154.2430479354796,-1101.6463520383084,1194.2430479354796,3310.469970703125,3588.110107421875,False,False,False,False,False
2020-09-15,2020-10-16,2020-10-16,3383.5400390625,31,0.07533468358640284,0.21360750424908106,0.17800455068942114,25.850000381469727,30.479999542236328,2830.0,2875.0,3765.0,3810.0,45.0,4.189407314609127,3.7894073146091274,1515.762925843651,16484.23707415635,4,511310.2033559561,2020-09-25,21,3246.590087890625,2.48565698795821,dte_exit,8,481.50013066036695,-244.36001914853148,673.4165620251371,3209.449951171875,3428.919921875,False,False,False,False,True
2020-10-06,2020-11-20,2020-11-20,3408.60009765625,45,0.09817411105348321,0.21982898664000525,0.1714801181667924,27.959999084472656,31.280000686645508,2695.0,2740.0,3910.0,3955.0,45.0,5.134004266312473,4.734004266312473,1893.6017065249891,16106.39829347501,4,511821.3070016387,2020-10-26,25,3465.389892578125,1.878581481058704,profit_target,14,1102.1691141015076,-216.66207055107094,1142.1691141015076,3354.5400390625,3549.85009765625,False,False,False,False,False
2020-11-05,2020-12-18,2020-12-18,3443.43994140625,43,0.1014937071049193,0.22385803310650218,0.20355079374436483,29.56999969482422,29.979999542236328,2700.0,2745.0,3970.0,4015.0,45.0,4.360170404970901,3.9601704049709014,1584.0681619883605,16415.93183801164,4,512965.9852037698,2020-11-19,29,3567.7900390625,1.9523829235937185,profit_target,10,763.1149925508732,-376.4755087639754,803.1149925508732,3484.340087890625,3645.989990234375,False,False,False,False,False
2020-12-01,2021-01-15,2021-01-15,3621.6298828125,45,0.07464400573260162,0.16736866205285542,0.2125862215149505,20.56999969482422,24.329999923706055,3035.0,3080.0,4025.0,4070.0,45.0,4.902080114871609,4.5020801148716085,1800.8320459486433,16199.167954051356,4,513762.95646974834,2020-12-24,22,3690.010009765625,1.9242893911256629,profit_target,17,991.1162894983784,-641.1207028138235,1031.1162894983784,3633.39990234375,3726.699951171875,False,False,False,False,False
2021-01-05,2021-02-19,2021-02-19,3700.64990234375,45,0.09469798978541591,0.09799225387746353,0.16599078125241234,26.969999313354492,28.260000228881836,2950.0,3000.0,4225.0,4275.0,50.0,5.093510893364652,4.693510893364651,1408.0532680093954,13591.946731990603,3,514796.8744926118,2021-01-20,30,3798.909912109375,2.293563382403222,profit_target,10,689.9842532884288,-77.20418069310959,719.9842532884288,3695.070068359375,3826.68994140625,False,False,False,False,False
2021-01-20,2021-02-19,2021-02-19,3798.909912109375,30,0.06662700855302789,0.1064822254419828,0.1564734560693814,23.239999771118164,26.690000534057617,3245.0,3295.0,4180.0,4230.0,50.0,4.365970841659745,3.9659708416597454,1189.7912524979236,13810.208747502076,3,515505.9315889417,2021-01-29,21,3787.3798828125,5.277132643881595,dte_exit,7,-423.34854066655487,-1811.024595744159,371.5771294847065,3732.47998046875,3870.89990234375,False,False,False,False,True
2021-02-02,2021-03-19,2021-03-19,3773.860107421875,45,0.10617972793267187,0.17342503600018652,0.14761028615049293,30.239999771118164,32.529998779296875,2920.0,2970.0,4375.0,4425.0,50.0,5.395684735884117,4.995684735884117,1998.2738943536467,18001.726105646354,4,515097.35558622965,2021-02-08,39,3886.830078125,2.429799992222408,profit_target,4,986.3538974646838,0.0,1026.3538974646838,3791.840087890625,3894.56005859375,False,False,False,False,False
2021-02-08,2021-03-19,2021-03-19,3886.830078125,39,0.06821946949459899,0.17056254526315812,0.13730392933087418,20.8700008392334,26.520000457763672,3305.0,3355.0,4285.0,4335.0,50.0,5.890786453288058,5.490786453288058,2196.314581315223,17803.685418684778,4,516088.01875934546,2021-02-22,25,3906.7099609375,2.1836462824941605,profit_target,9,1282.856068317559,-510.26672110514966,1322.856068317559,3884.93994140625,3950.429931640625,False,False,False,False,True
2021-03-02,2021-04-16,2021-04-16,3901.820068359375,45,0.0819873249503191,0.17381733489371293,0.13931756428744627,23.350000381469727,26.780000686645508,3210.0,3260.0,4380.0,4430.0,50.0,5.754795896988071,5.354795896988071,2141.9183587952284,17858.08164120477,4,517383.5368827017,2021-03-15,32,3943.340087890625,2.3627493059814184,profit_target,9,1156.818636402661,-594.3990343880344,1196.818636402661,3723.340087890625,3960.27001953125,False,False,False,False,False
2021-03-15,2021-04-16,2021-04-16,3943.340087890625,32,0.06126170205726255,0.1805954024349226,0.15132634897753575,20.690000534057617,25.739999771118164,3410.0,3460.0,4305.0,4355.0,50.0,4.700814715164668,4.300814715164668,1290.2444145494003,13709.755585450599,3,518548.4372229956,2021-03-23,24,3940.590087890625,1.5059181928383434,profit_target,6,808.4689566978974,-121.5217333052987,838.4689566978974,3886.75,3983.8701171875,False,False,False,False,True
2021-04-06,2021-05-21,2021-05-21,4077.909912109375,45,0.0628862078527091,0.13864413280439455,0.15994415126608866,17.90999984741211,20.959999084472656,3510.0,3565.0,4465.0,4520.0,55.0,6.045851913559176,5.645851913559175,1693.7555740677526,14806.244425932246,3,519363.97755859315,2021-04-26,25,4180.169921875,2.1116764998012925,profit_target,14,1030.252624127365,-195.96812854469442,1060.252624127365,4068.139892578125,4194.169921875,False,False,False,False,False
2021-05-04,2021-06-18,2021-06-18,4192.66015625,45,0.06429070027963305,0.10269411845134152,0.13658187334862915,18.309999465942383,21.739999771118164,3600.0,3655.0,4595.0,4650.0,55.0,6.390596668876071,5.990596668876071,1797.1790006628214,14702.820999337178,3,520402.3334310284,2021-05-24,25,4155.85986328125,2.112745976288211,profit_target,14,1133.355207776358,-1034.1659023771424,1163.355207776358,4056.8798828125,4238.0400390625,False,False,False,False,False
2021-06-01,2021-07-16,2021-07-16,4204.10986328125,45,0.05884828961387223,0.13989240132656813,0.1331901774534527,16.760000228881836,20.479999542236328,3655.0,3710.0,4575.0,4630.0,55.0,6.514702562172545,6.114702562172544,1834.4107686517634,14665.589231348236,3,521543.08379046526,2021-06-14,32,4247.43994140625,3.028532652785651,profit_target,9,895.8509728160681,-430.7199124176431,925.8509728160681,4167.93017578125,4249.740234375,False,False,False,False,False
2021-06-14,2021-07-16,2021-07-16,4247.43994140625,32,0.04633859782886385,0.09394720838760279,0.11621477885937732,15.649999618530272,19.63999938964844,3800.0,3855.0,4545.0,4600.0,55.0,4.755904063133642,4.355904063133641,1306.7712189400922,15193.228781059908,3,522443.1508827016,2021-06-24,22,4241.83984375,1.7444771685795621,profit_target,8,753.4280683662237,-504.0585791887967,783.4280683662237,4164.39990234375,4257.16015625,False,False,False,False,True
2021-07-06,2021-08-20,2021-08-20,4352.33984375,45,0.05291430157582693,0.08745624868837448,0.1072709675861522,15.06999969482422,19.299999237060547,3835.0,3890.0,4700.0,4755.0,55.0,6.808541858214824,6.408541858214823,1922.562557464447,14577.437442535553,3,523210.973730501,2021-07-26,25,4411.7900390625,2.7552296868608948,profit_target,14,1065.9936514061787,-791.4478527327612,1095.9936514061787,4233.1298828125,4415.18017578125,False,False,False,False,False
2021-08-03,2021-09-17,2021-09-17,4387.16015625,45,0.06832861851846991,0.11704141521866201,0.1139151083229075,19.459999084472656,23.049999237060547,3735.0,3790.0,4835.0,4890.0,55.0,6.493751337182118,6.093751337182118,1828.1254011546355,14671.874598845363,3,524298.693091035,2021-08-13,35,4460.830078125,2.8457439036721808,profit_target,8,944.4022300529812,-87.74774883526923,974.4022300529812,4373.0,4461.77001953125,False,False,False,False,False
2021-08-13,2021-09-17,2021-09-17,4460.830078125,35,0.04827627020389801,0.10832811968676632,0.09668646098696784,15.59000015258789,20.25,3970.0,4030.0,4785.0,4845.0,60.0,5.959721003313149,5.559721003313149,1667.9163009939448,16332.083699006054,3,525250.6952713623,2021-08-24,24,4479.52978515625,2.7659198893803008,profit_target,7,808.1403341798543,-872.957439196713,838.1403341798543,4367.72998046875,4489.8798828125,False,False,False,False,True
2021-08-31,2021-10-15,2021-10-15,4528.7900390625,45,0.0568468870683621,0.0840567852893274,0.0954691339365445,16.190000534057617,20.399999618530273,3955.0,4015.0,4915.0,4975.0,60.0,7.405486281059893,7.005486281059893,2101.645884317968,15898.354115682032,3,526073.9037751304,2021-09-24,21,4448.97998046875,1.8030073796461874,profit_target,17,1530.7436704241118,-180.82997180912878,1560.7436704241118,4305.91015625,4545.85009765625,False,False,False,False,False
2021-10-05,2021-11-19,2021-11-19,4300.4599609375,45,0.08061793897406362,0.14037160654044056,0.11664149516706224,22.959999084472656,24.11000061035156,3550.0,3605.0,4820.0,4875.0,55.0,5.441993932512787,5.041993932512787,1512.598179753836,14987.401820246163,3,527626.0627120204,2021-10-18,32,4471.3701171875,2.4131185964968593,profit_target,9,758.6626008047782,-118.5905524508879,788.6626008047782,4290.490234375,4475.81982421875,False,False,False,False,False
2021-10-18,2021-11-19,2021-11-19,4471.3701171875,32,0.04826320304587139,0.16249904069430363,0.11674000257943543,16.299999237060547,20.299999237060547,3980.0,4040.0,4795.0,4855.0,60.0,5.248610965283731,4.848610965283731,1454.5832895851192,16545.41671041488,3,528393.9856319845,2021-10-29,21,4596.419921875,3.618511759055051,dte_exit,9,339.029761868604,-199.47714648932867,563.5933823051805,4447.47021484375,4598.52978515625,False,False,False,False,True
2021-11-02,2021-12-17,2021-12-17,4613.669921875,45,0.05761935622888323,0.10411589385725892,0.11153673498351735,16.40999984741211,20.38999938964844,4020.0,4080.0,5010.0,5070.0,60.0,7.3153925277738665,6.915392527773866,2074.61775833216,15925.382241667841,3,528745.6665711855,2021-11-22,25,4697.9599609375,3.1804166836599506,profit_target,14,1090.4927532341749,-557.7771790311824,1120.4927532341749,4613.33984375,4718.5,False,False,False,False,False
2021-12-07,2022-01-21,2022-01-21,4591.669921875,45,0.09543535249526858,0.15051618019874874,0.1340017119753696,27.18000030517578,28.8799991607666,3655.0,3715.0,5250.0,5310.0,60.0,6.2334292694212365,5.833429269421236,1750.028780826371,16249.971219173629,3,529862.8268594235,2021-12-13,39,4712.02001953125,2.5483444353866687,profit_target,4,955.5254502103703,0.0,985.5254502103703,4631.97021484375,4713.56982421875,False,False,False,False,False
2021-12-13,2022-01-21,2022-01-21,4712.02001953125,39,0.06109352515646649,0.1695938458352566,0.140557065402073,18.690000534057617,23.18000030517578,4075.0,4135.0,5145.0,5205.0,60.0,6.684089320308885,6.284089320308885,1885.2267960926656,16114.773203907334,3,530823.8164097782,2021-12-23,29,4696.56005859375,3.085033240600177,profit_target,8,929.7168239126125,-467.64900870195123,959.7168239126125,4531.10009765625,4731.990234375,False,False,False,False,True
2022-01-04,2022-02-18,2022-02-18,4796.56005859375,45,0.05828649264310266,0.16242493417268639,0.1357549164787365,16.600000381469727,21.530000686645508,4175.0,4235.0,5215.0,5275.0,60.0,7.879598822936572,7.4795988229365715,2243.8796468809714,15756.120353119026,3,531773.3428652398,2022-01-28,21,4326.509765625,18.738050794620435,dte_exit,17,-3407.5355915051587,-3377.5355915051587,802.9911206504626,4222.6201171875,4818.6201171875,True,False,False,False,False
2022-02-01,2022-03-18,2022-03-18,4515.5498046875,45,0.08718395027851174,0.1823931973117765,0.16404409934942454,24.829999923706055,26.850000381469727,3670.0,3730.0,5105.0,5165.0,60.0,6.347133442653188,5.947133442653188,1784.1400327959564,16215.859967204042,3,528426.0708669013,2022-02-10,36,4587.18017578125,2.847193075064611,profit_target,7,899.9821102765732,0.0,929.9821102765732,4451.5,4595.31005859375,False,False,False,False,False
2022-02-10,2022-03-18,2022-03-18,4587.18017578125,36,0.06490181433712429,0.20665790364831949,0.17552201062745065,19.959999084472656,23.489999771118164,3930.0,3990.0,5035.0,5095.0,60.0,5.383630310709009,4.9836303107090085,1495.0890932127024,16504.910906787296,3,529356.254337497,2022-02-25,21,4288.7001953125,9.424196793038302,dte_exit,10,-1362.169944698788,-2084.8878594261105,0.0,4114.64990234375,4588.919921875,False,False,False,False,True
2022-02-28,2022-04-14,2022-04-15,4384.64990234375,45,0.09687495807000912,0.2419912937620214,0.2012660840542342,27.59000015258789,28.040000915527344,3480.0,3535.0,5020.0,5075.0,55.0,5.413469422353643,5.0134694223536425,1504.0408267060927,14995.959173293906,3,528092.7093660977,2022-03-17,28,4357.85986328125,2.0537353408738936,profit_target,13,857.9202244439248,-775.1160466282126,887.9202244439248,4157.8701171875,4416.77978515625,False,False,False,False,False
2022-04-05,2022-05-20,2022-05-20,4582.64013671875,45,0.07862471801497475,0.22392329506482636,0.21356070814947253,18.56999969482422,23.030000686645508,3800.0,3860.0,5125.0,5185.0,60.0,4.318302536874668,3.9183025368746685,1175.4907610624005,16824.5092389376,3,529182.1925102876,2022-04-29,21,4287.5,5.382425211983356,dte_exit,17,-469.2368025326062,-1824.5552051769919,534.2279314768966,4162.89990234375,4593.4501953125,False,False,False,False,False
2022-05-03,2022-06-17,2022-06-17,4155.3798828125,45,0.11355332154545772,0.24306778175299756,0.2330862136410456,32.34000015258789,33.0099983215332,3155.0,3210.0,4865.0,4920.0,55.0,5.527792285494769,5.127792285494769,1538.3376856484306,14961.662314351568,3,529031.5699616089,2022-05-16,32,4023.889892578125,2.144327437176924,profit_target,9,865.0394544953533,0.0,895.0394544953533,3858.8701171875,4307.66015625,False,False,False,False,False
2022-05-16,2022-06-17,2022-06-17,4023.889892578125,32,0.09357844863392697,0.31604380668406584,0.25271792426065537,28.8700008392334,30.700000762939453,3220.0,3270.0,4590.0,4640.0,50.0,3.527111282566409,3.127111282566409,938.1333847699227,14061.866615230076,3,530067.787109477,2022-05-26,22,3978.72998046875,1.5314032377540765,profit_target,8,448.7124134436998,-116.9005799267347,478.7124134436998,3810.320068359375,4090.719970703125,False,False,False,False,True
2022-05-31,2022-07-15,2022-07-15,4158.240234375,45,0.11902263336858608,0.3389766084262516,0.26672429956012605,25.719999313354492,28.020000457763672,3115.0,3170.0,4900.0,4955.0,55.0,2.3603014721678193,1.9603014721678194,588.0904416503458,15911.909558349653,3,530748.3583714557,2022-06-24,21,3795.72998046875,1.6218700975044213,dte_exit,17,71.52941239901939,-833.2872663617121,180.90311544215965,3636.8701171875,4177.509765625,False,False,False,False,False
2022-07-05,2022-08-19,2022-08-19,3825.330078125,45,0.10519316637544009,0.2995902691645234,0.283733810782436,26.700000762939453,28.520000457763672,2970.0,3020.0,4430.0,4480.0,50.0,3.6901698344435374,3.2901698344435375,987.0509503330612,14012.949049666939,3,531576.3746242024,2022-07-18,32,3863.159912109375,1.5857196541899454,profit_target,9,481.33505407607765,-314.5491626866966,511.33505407607765,3721.56005859375,3918.5,False,False,False,False,False
2022-07-18,2022-08-19,2022-08-19,3863.159912109375,32,0.08444900898950436,0.23263590560016634,0.28521082216427673,24.229999542236328,27.079999923706055,3160.0,3210.0,4355.0,4405.0,50.0,2.6663779102052985,2.2663779102052986,679.9133730615895,14320.08662693841,3,532451.7882693721,2022-07-29,21,4072.429931640625,3.4950442499546592,dte_exit,9,-398.5999019248082,-467.6358028448903,124.65593945269678,3818.6298828125,4078.949951171875,False,False,False,False,True
2022-08-02,2022-09-16,2022-09-16,4118.6298828125,45,0.09571922769133334,0.18806045444486771,0.2726084799645512,22.84000015258789,24.86000061035156,3275.0,3330.0,4710.0,4765.0,55.0,3.3233188810608,2.9233188810608,876.99566431824,15623.004335681759,3,532588.3673321808,2022-08-19,28,4283.740234375,1.3749098446578194,profit_target,13,434.52271092089416,-264.1987769743701,464.52271092089416,4079.81005859375,4325.27978515625,False,False,False,False,False
2022-09-06,2022-10-21,2022-10-21,3924.260009765625,45,0.08943113816159003,0.19642708077196988,0.23207584090128172,25.469999313354492,26.479999542236328,3170.0,3220.0,4450.0,4500.0,50.0,5.063395451067606,4.663395451067606,1865.3581804270423,18134.641819572957,4,534401.8977824459,2022-09-30,21,3640.469970703125,4.052407587054691,dte_exit,18,204.39514560516608,-1300.6986958080133,769.9863510509276,3610.39990234375,4119.27978515625,False,False,False,False,False
2022-10-04,2022-11-18,2022-11-18,3678.429931640625,45,0.10568815725753554,0.2608787741969365,0.22142570834178113,30.100000381469727,30.690000534057617,2850.0,2900.0,4260.0,4310.0,50.0,5.060950402448924,4.660950402448924,1864.3801609795694,18135.61983902043,4,535921.2762035382,2022-10-21,28,3665.780029296875,2.201243713440307,profit_target,13,943.8826756034466,-921.3301929705792,983.8826756034466,3491.580078125,3806.909912109375,False,False,False,False,False
2022-11-01,2022-12-16,2022-12-16,3871.97998046875,45,0.0977228594825078,0.2783148258072285,0.24475699824210034,25.8799991607666,26.920000076293945,3065.0,3115.0,4440.0,4490.0,50.0,4.089225836116,3.6892258361160004,1475.6903344464001,18524.3096655536,4,538415.6128078863,2022-11-18,28,3946.56005859375,1.6768909934783394,profit_target,13,764.9339370550645,-149.32046736523841,804.9339370550645,3698.14990234375,4028.840087890625,False,False,False,False,False
2022-12-06,2023-01-20,2023-01-20,3998.840087890625,45,0.09447171230502965,0.2628548146662758,0.2690555545869112,20.75,23.88999938964844,3195.0,3245.0,4565.0,4615.0,50.0,2.5283611082902553,2.1283611082902554,638.5083324870766,14361.491667512924,3,541373.2706903054,2022-12-27,24,3844.820068359375,0.9048631633709425,profit_target,14,337.0493834757939,-319.8650318774761,367.0493834757939,3764.489990234375,4100.9599609375,False,False,False,False,False
2023-01-03,2023-02-17,2023-02-17,3839.5,45,0.08742149705618973,0.17908878915622742,0.2489765327564502,21.670000076293945,24.290000915527344,3120.0,3170.0,4345.0,4395.0,50.0,3.645747171503672,3.245747171503672,1298.2988686014687,18701.70113139853,4,543515.5910607253,2023-01-20,28,3898.85009765625,1.3128493207592604,profit_target,12,733.1591402977646,-416.5461594694092,773.1591402977646,3794.330078125,4015.389892578125,False,False,False,False,False
2023-01-31,2023-03-17,2023-03-17,4017.77001953125,45,0.07609298534628718,0.16610504938950327,0.2167129172636899,19.940000534057617,21.3700008392334,3355.0,3405.0,4475.0,4525.0,50.0,4.027964146849712,3.627964146849712,1451.1856587398847,18548.814341260113,4,546178.2905034939,2023-02-21,24,4079.090087890625,1.4124931878982792,profit_target,14,846.1883835805731,-1743.496087587711,886.1883835805731,4020.43994140625,4195.43994140625,False,False,False,False,False
2023-03-07,2023-04-21,2023-04-21,4048.419921875,45,0.0653440746226871,0.1469906107632394,0.16953497044349386,18.61000061035156,19.989999771118164,3465.0,3520.0,4445.0,4500.0,55.0,5.575859036856713,5.175859036856712,1552.7577110570137,14947.242288942984,3,549525.7267417914,2023-03-28,24,3977.530029296875,2.038275049679131,profit_target,15,911.2751961532742,-1033.6120881104382,941.2751961532742,3808.860107421875,4050.0,False,False,False,False,False
2023-04-04,2023-05-19,2023-05-19,4124.509765625,45,0.0651333957357874,0.17908353545274594,0.1666494782396608,18.549999237060547,20.829999923706055,3530.0,3585.0,4525.0,4580.0,55.0,6.058137625222827,5.658137625222826,1697.4412875668481,14802.558712433152,3,552462.3137674058,2023-04-17,32,4137.64013671875,2.5350499740473125,profit_target,8,906.9262953526542,-136.12768800069227,936.9262953526542,4069.840087890625,4163.18994140625,False,False,False,False,False
2023-04-17,2023-05-19,2023-05-19,4137.64013671875,32,0.0505431226886875,0.13812286871624332,0.1587033595665024,17.06999969482422,20.030000686645508,3665.0,3720.0,4450.0,4505.0,55.0,4.996131746736339,4.596131746736338,1378.8395240209015,15121.160475979099,3,554341.3169809295,2023-04-25,24,4137.0400390625,2.109661960893147,profit_target,6,715.9409357529574,-196.16823959263564,745.9409357529574,4113.85986328125,4169.47998046875,False,False,False,False,True
2023-05-02,2023-06-16,2023-06-16,4167.8701171875,45,0.056460649139527454,0.1224544295456089,0.15415397867442915,16.079999923706055,19.670000076293945,3640.0,3695.0,4520.0,4575.0,55.0,6.786746724211412,6.386746724211411,2554.6986896845647,19445.301310315434,4,556223.4127940834,2023-05-18,29,4158.77001953125,2.6951103691267746,profit_target,12,1436.6545420338548,-568.6078359533965,1476.6545420338548,4048.280029296875,4164.669921875,False,False,False,False,False
2023-06-06,2023-07-21,2023-07-21,4273.7900390625,45,0.051720481338654534,0.1284322551870467,0.14532916842368976,14.729999542236328,17.899999618530273,3775.0,3830.0,4605.0,4660.0,55.0,6.6256406001624555,6.225640600162455,2490.256240064982,19509.743759935016,4,560478.1283368599,2023-06-26,25,4348.330078125,1.5042417340796432,profit_target,13,1848.5595464331245,-1959.7862030650176,1888.5595464331245,4261.06982421875,4448.47021484375,False,False,False,False,False
2023-07-05,2023-08-18,2023-08-18,4455.58984375,44,0.04711505949973287,0.10470508424151964,0.11733411532955149,13.56999969482422,16.06999969482422,3975.0,4035.0,4770.0,4830.0,60.0,6.659826858350527,6.259826858350527,1877.9480575051582,16122.051942494843,3,564678.7167706038,2023-07-24,25,4536.33984375,2.9829680961607976,profit_target,13,953.057628656919,-326.4649427473497,983.057628656919,4385.0498046875,4578.43017578125,False,False,False,False,False
2023-08-01,2023-09-15,2023-09-15,4588.9599609375,45,0.04785812549032668,0.08671530866429919,0.10774696528942014,13.630000114440918,16.010000228881836,4090.0,4150.0,4920.0,4980.0,60.0,6.643753824572258,6.2437538245722575,1873.1261473716772,16126.873852628323,3,567881.9691303697,2023-08-24,22,4436.009765625,3.0663499585203438,profit_target,17,923.2211598155741,-373.7540880302685,953.2211598155741,4335.31005859375,4584.6201171875,False,False,False,False,False
2023-09-05,2023-10-20,2023-10-20,4515.77001953125,45,0.04596205903969233,0.11950904929886852,0.10343927207404643,13.09000015258789,15.739999771118164,4040.0,4100.0,4825.0,4885.0,60.0,6.9825741659058735,6.582574165905873,1974.772249771762,16025.227750228238,3,571764.528958465,2023-09-19,31,4453.52978515625,3.2591447119691153,profit_target,10,967.0288361810274,-244.29070707117796,997.0288361810274,4430.4599609375,4514.2900390625,False,False,False,False,False
2023-09-19,2023-10-20,2023-10-20,4453.52978515625,31,0.040800214879906885,0.11406070737672469,0.10468555261774118,14.0,16.1299991607666,4030.0,4090.0,4725.0,4785.0,60.0,4.986223506177936,4.5862235061779355,1375.8670518533806,16624.132948146616,3,573925.5621851113,2023-09-29,21,4299.7001953125,5.747573060724287,dte_exit,8,-378.40486636390546,-1136.8465222498194,0.0,4238.6298828125,4461.02978515625,False,False,False,False,True
2023-10-03,2023-11-17,2023-11-17,4288.39013671875,45,0.061832840206803186,0.10734041628779523,0.10823872144429245,17.610000610351562,18.6200008392334,3705.0,3760.0,4685.0,4740.0,55.0,5.500550215869623,5.100550215869623,2040.220086347849,19959.77991365215,4,574747.1106491034,2023-10-24,24,4217.0400390625,2.5292614337435615,profit_target,15,988.5155128504246,-507.40206241691936,1028.5155128504246,4189.22021484375,4393.56982421875,False,False,False,False,False
2023-10-31,2023-12-15,2023-12-15,4166.81982421875,45,0.06934687971370737,0.1421610963698263,0.12538049838129595,19.75,20.799999237060547,3535.0,3590.0,4600.0,4655.0,55.0,5.526079378584768,5.126079378584768,2050.4317514339073,19949.56824856609,4,578149.792012673,2023-11-24,21,4556.6201171875,17.934988871285302,dte_exit,17,-5163.563797080214,-5474.659784570171,12.401477223629342,4153.1201171875,4568.43017578125,False,False,False,False,False
2023-12-05,2024-01-19,2024-01-19,4569.77978515625,45,0.045926945891875716,0.09878016916663439,0.12875249145317813,13.079999923706056,15.68000030517578,4090.0,4150.0,4885.0,4945.0,60.0,6.856983369407089,6.456983369407089,1937.0950108221268,16062.904989177874,3,575975.0677745936,2023-12-29,21,4783.35009765625,9.607910690239013,dte_exit,17,-975.2781962495771,-2412.2163712233114,212.3583030260054,4546.5,4793.2998046875,False,False,False,False,False
2024-01-02,2024-02-16,2024-02-16,4769.830078125,45,0.04371486780803995,0.09420748550215868,0.1213420795149297,12.449999809265137,15.260000228881836,4295.0,4355.0,5085.0,5145.0,60.0,7.050338944610161,6.65033894461016,1995.101683383048,16004.89831661695,3,577374.4376879192,2024-01-24,23,4864.60009765625,2.768685529076785,profit_target,15,1134.4960246600126,-99.6936899333658,1164.4960246600126,4682.10986328125,4868.41015625,False,False,False,False,False
2024-01-30,2024-03-15,2024-03-15,4927.93017578125,45,0.04775278939545091,0.0925293960592655,0.10188991658601831,13.600000381469728,15.220000267028809,4390.0,4455.0,5280.0,5345.0,65.0,6.67263845781207,6.27263845781207,1881.791537343621,17618.208462656377,3,580883.1679893782,2024-02-22,22,4981.7998046875,3.057592900651082,profit_target,16,934.5136671482965,-141.75659852120043,964.5136671482965,4845.14990234375,5048.39013671875,False,False,False,False,False
2024-03-05,2024-04-19,2024-04-19,5130.9501953125,45,0.04736655146661626,0.1155066503599368,0.10797169826433443,13.489999771118164,15.229999542236328,4580.0,4645.0,5495.0,5560.0,65.0,6.83545491246187,6.43545491246187,1930.636473738561,17569.363526261437,3,584809.7011506321,2024-03-26,24,5218.18994140625,2.421507975485278,profit_target,15,1174.1840810929775,-607.1384948679163,1204.1840810929775,5056.81982421875,5261.10009765625,False,False,False,False,False
2024-04-02,2024-05-17,2024-05-17,5243.77001953125,45,0.04792834843738583,0.09681743051150828,0.10817131176906652,13.649999618530272,15.520000457763672,4670.0,4740.0,5620.0,5690.0,70.0,7.377637542015975,6.977637542015975,2093.291262604793,18906.70873739521,3,588394.7838235084,2024-04-26,21,5048.419921875,3.606505066455095,dte_exit,18,981.3397426682639,-684.0642849351755,1011.3397426682639,4953.56005859375,5256.58984375,False,False,False,False,False
2024-05-07,2024-06-21,2024-06-21,5180.740234375,45,0.04963930258373507,0.14137279573012754,0.12148192447583642,13.489999771118164,15.020000457763672,4600.0,4665.0,5565.0,5630.0,65.0,5.839334177436996,5.439334177436995,1631.8002532310988,17868.1997467689,3,592412.1980156981,2024-05-28,24,5304.72021484375,1.8829888783369042,profit_target,14,1036.9035897300273,-603.5616515291149,1066.9035897300273,5165.85986328125,5341.8798828125,False,False,False,False,False
2024-06-04,2024-07-19,2024-07-19,5283.39990234375,45,0.04603228198675148,0.09012098879090583,0.11206729953732048,13.109999656677246,14.800000190734863,4725.0,4795.0,5650.0,5720.0,70.0,7.124506264978919,6.724506264978919,2017.3518794936758,18982.648120506325,3,595897.0665126973,2024-06-28,21,5482.8701171875,5.984049554981635,dte_exit,17,192.1370129991852,-1921.3288549475803,222.1370129991852,5257.6298828125,5505.52978515625,False,False,False,False,False
2024-07-02,2024-08-16,2024-08-16,5475.08984375,45,0.042907285499702214,0.06437300622935045,0.1050553808579608,12.220000267028809,14.1899995803833,4935.0,5005.0,5825.0,5895.0,70.0,7.628362709280452,7.228362709280452,2168.5088127841354,18831.491187215863,3,598548.0973991167,2024-07-26,21,5399.22021484375,5.577998717524432,dte_exit,17,465.10919752680604,-2646.2136292324467,517.7711485265579,5390.9501953125,5669.669921875,False,False,False,False,False
2024-08-09,2024-09-20,2024-09-20,5319.31005859375,42,0.08069983963853847,0.21118373997329862,0.13837674360829952,23.790000915527344,24.1299991607666,4390.0,4460.0,5965.0,6035.0,70.0,6.702743672582727,6.302743672582727,1890.823101774818,19109.17689822518,3,602327.3375381064,2024-08-15,36,5455.2099609375,2.525552102566189,profit_target,4,1103.1574710049613,0.0,1133.1574710049613,5300.83984375,5463.22021484375,False,False,False,False,False
2024-08-15,2024-09-20,2024-09-20,5455.2099609375,36,0.06859972587268881,0.21843265376311827,0.14199264696825412,16.190000534057617,18.450000762939453,4635.0,4705.0,6015.0,6085.0,70.0,2.3265878135087092,1.9265878135087093,577.9763440526128,20422.02365594739,3,603945.7561854554,2024-08-30,21,5591.9599609375,0.7416634432602184,profit_target,11,325.47731107454734,-550.3502282606534,355.47731107454734,5501.1298828125,5651.6201171875,False,False,False,False,True
2024-09-03,2024-10-18,2024-10-18,5648.39990234375,45,0.06762113748644535,0.1925850839822736,0.1458432781379208,15.0,17.43000030517578,4810.0,4885.0,6220.0,6295.0,75.0,3.72158352333237,3.3215835233323703,664.316704666474,14335.683295333527,2,605887.3306578909,2024-09-23,25,5702.5498046875,1.0913643611984907,profit_target,14,426.0438324267759,-877.2752330716706,446.0438324267759,5402.6201171875,5733.56982421875,False,False,False,False,False
2024-10-01,2024-11-15,2024-11-15,5762.47998046875,45,0.05874295017042238,0.13885295511660684,0.1609927359123853,16.729999542236328,19.219999313354492,5010.0,5085.0,6270.0,6345.0,75.0,8.347156905537929,7.947156905537929,2384.1470716613785,20115.852928338623,3,608566.6192979866,2024-10-23,23,5851.2001953125,3.838019879518478,profit_target,16,1202.741107805835,-924.5019900790819,1232.741107805835,5674.0,5878.4599609375,False,False,False,False,False
2024-11-07,2024-12-20,2024-12-20,5929.0400390625,43,0.05584385113626514,0.13590952263223444,0.1306997109493625,16.270000457763672,17.670000076293945,5190.0,5265.0,6425.0,6500.0,75.0,7.45769135311744,7.0576913531174394,2117.307405935232,20382.69259406477,3,612616.5985981424,2024-11-19,31,5893.6201171875,3.193224477973524,profit_target,8,1129.3400625431746,-127.03735491843382,1159.3400625431746,5853.009765625,6017.31005859375,False,False,False,False,False
2024-11-19,2024-12-20,2024-12-20,5893.6201171875,31,0.04540481033686714,0.14066133429918595,0.12721044153413041,15.579999923706056,17.190000534057617,5285.0,5360.0,6295.0,6370.0,75.0,6.35197458025084,5.951974580250839,1785.5923740752519,20714.40762592475,3,614657.7430080674,2024-11-29,21,5998.740234375,2.521766906428945,profit_target,7,999.0623021465683,-886.0270797218643,1029.0623021465683,5855.2900390625,6025.419921875,False,False,False,False,True
2024-12-03,2025-01-17,2025-01-17,6047.14990234375,45,0.04683986764366331,0.11733375402132086,0.11423462564726466,13.34000015258789,16.34000015258789,5380.0,5480.0,6470.0,6570.0,100.0,11.234868818121726,10.834868818121725,2166.973763624345,17833.026236375656,2,616721.1484739906,2024-12-24,24,5974.06982421875,4.6050919926455745,profit_target,15,1225.9553650952303,-2479.676169560847,1245.9553650952303,5832.2998046875,6099.97021484375,False,False,False,False,False
2025-01-07,2025-02-21,2025-02-21,5975.3798828125,45,0.05632020324540915,0.15070650325953874,0.12725972992289175,16.040000915527344,18.030000686645508,5220.0,5300.0,6480.0,6560.0,80.0,8.407331404297054,8.007331404297053,2402.199421289116,21597.800578710885,3,620527.8506363918,2025-01-22,30,6049.240234375,3.852113325318322,profit_target,9,1216.5654236936193,-340.12702682678616,1246.5654236936193,5773.31005859375,6051.509765625,False,False,False,False,False
2025-01-22,2025-02-21,2025-02-21,6049.240234375,30,0.0510676755035311,0.1781278782866298,0.13454094267085592,15.0600004196167,17.5,5330.0,5430.0,6515.0,6615.0,100.0,4.141574717449778,3.741574717449778,748.3149434899557,19251.685056510043,2,622844.4635451152,2025-01-31,21,6071.169921875,1.8087567708088783,profit_target,7,366.56358932818,-246.7412551529768,386.56358932818,5962.919921875,6128.18017578125,False,False,False,False,True
2025-02-04,2025-03-21,2025-03-21,5994.56982421875,45,0.06537918777050372,0.14034058220355208,0.140192115389228,18.6200008392334,19.549999237060547,5130.0,5210.0,6580.0,6660.0,80.0,7.831607989992278,7.431607989992278,2229.4823969976833,21770.517603002318,3,624163.8045424166,2025-02-18,31,6114.6298828125,2.7755796453340564,profit_target,9,1366.8085033974664,-9.623289286420444,1396.8085033974664,5990.8701171875,6127.47021484375,False,False,False,False,False
2025-02-18,2025-03-21,2025-03-21,6114.6298828125,31,0.043044228032362915,0.11122754742577852,0.12662762173932457,14.770000457763672,17.809999465942383,5490.0,5590.0,6510.0,6610.0,100.0,7.884868126927088,7.484868126927088,1496.9736253854176,18503.026374614583,2,626565.8253061436,2025-02-28,21,5861.56982421875,14.099034996718341,dte_exit,8,-1342.8333739582506,-1322.8333739582506,0.0,5858.77978515625,6147.43017578125,False,False,False,False,True
2025-03-03,2025-04-17,2025-04-18,5954.5,45,0.0689255286370561,0.12844654172555384,0.13576220291552207,19.6299991607666,20.18000030517578,5060.0,5135.0,6570.0,6645.0,75.0,7.197339346991697,6.797339346991697,2039.201804097509,20460.79819590249,3,626181.9552053183,2025-03-25,23,5767.56982421875,1.733640786549842,profit_target,16,1489.1095681325564,-1386.333923934166,1519.1095681325564,5504.64990234375,5986.08984375,False,False,False,False,False
2025-04-02,2025-05-16,2025-05-16,5633.06982421875,44,0.0755854745721152,0.20054608403527283,0.16182635542303692,21.770000457763672,21.81999969482422,4705.0,4780.0,6270.0,6345.0,75.0,6.989492695255649,6.5894926952556485,1976.8478085766947,20523.15219142331,3,629884.4015845578,2025-04-25,21,5484.77001953125,3.5328644005222727,dte_exit,16,886.9884884200128,-6221.52186262191,916.9884884200128,4835.0400390625,5695.31005859375,False,False,False,False,False
2025-05-06,2025-06-20,2025-06-20,5650.3798828125,45,0.1605802582075857,0.45733277584988946,0.3118883864008217,23.63999938964844,24.549999237060547,3760.0,3835.0,7010.0,7085.0,75.0,0.5812222681913177,0.1812222681913177,36.24445363826354,14963.755546361735,2,633300.0976154582,2025-05-30,21,5912.169921875,0.40131985906212847,dte_exit,17,-64.01951817416216,-175.21549815273409,0.0,5578.64013671875,5968.60986328125,False,False,False,False,False
2025-06-03,2025-07-18,2025-07-18,5935.93994140625,45,0.11084771767335534,0.1647903393567899,0.31569443832034944,18.36000061035156,21.09000015258789,4545.0,4620.0,6925.0,7000.0,75.0,1.2026578641451549,0.8026578641451548,160.53157282903098,14839.468427170968,2,635344.7157815943,2025-06-27,21,6141.02001953125,0.40852661734049084,dte_exit,17,58.82624936093279,-121.6734385207433,78.82624936093279,5921.2001953125,6146.52001953125,False,False,False,False,False
2025-07-01,2025-08-15,2025-08-15,6204.9501953125,45,0.10493000250093369,0.09703443512788139,0.2988407781213851,16.729999542236328,19.440000534057617,4805.0,4905.0,7180.0,7280.0,100.0,1.39714539089028,0.99714539089028,199.429078178056,19800.570921821945,2,637511.5235128578,2025-07-21,25,6296.7900390625,0.4817415354753136,profit_target,13,83.08077108299327,-147.78241208746425,103.08077108299327,6177.97021484375,6315.60986328125,False,False,False,False,False
2025-08-05,2025-09-19,2025-09-19,6329.93994140625,45,0.06151682857360178,0.0971098351244842,0.12100837967117162,17.520000457763672,19.61000061035156,5450.0,5550.0,6915.0,7015.0,100.0,10.275096983220067,9.875096983220066,1975.0193966440133,18024.980603355987,2,640245.710173561,2025-08-19,31,6449.14990234375,4.274380912829608,profit_target,10,1100.1432140780917,-46.357704217408724,1120.1432140780917,6289.3701171875,6481.33984375,False,False,False,False,False
2025-08-19,2025-09-19,2025-09-19,6449.14990234375,31,0.0436853722650983,0.10286356347149951,0.10429987222233314,14.989999771118164,18.450000762939453,5785.0,5885.0,6870.0,6970.0,100.0,8.142657312262543,7.742657312262542,1548.5314624525085,18451.46853754749,2,642385.0191403072,2025-08-25,25,6466.91015625,3.3711995482660924,profit_target,4,854.2915527992899,-32.824027001669975,874.2915527992899,6343.85986328125,6478.89013671875,False,False,False,False,True
2025-09-02,2025-10-17,2025-10-17,6460.259765625,45,0.05393255942249029,0.11893327461273735,0.09548889159649779,15.359999656677246,18.350000381469727,5665.0,5765.0,6985.0,7085.0,100.0,11.140443301555564,10.740443301555564,2148.0886603111126,17851.91133968889,2,644273.3813735484,2025-09-25,22,6637.97021484375,4.718635888674919,profit_target,17,1184.3614825761288,-338.07801142260485,1204.3614825761288,6360.580078125,6699.52001953125,False,False,False,False,False
2025-10-07,2025-11-21,2025-11-21,6740.27978515625,45,0.05747891033476491,0.05689566858465001,0.08403297141718785,16.3700008392334,19.1200008392334,5865.0,5965.0,7320.0,7420.0,100.0,11.067872818654536,10.667872818654535,2133.574563730907,17866.425436269095,2,647934.9042244077,2025-10-24,28,6738.43994140625,4.340711567527807,profit_target,13,1245.4322502253458,-1258.9709302243054,1265.4322502253458,6550.77978515625,6764.580078125,False,False,False,False,False
2025-11-04,2025-12-19,2025-12-19,6851.97021484375,45,0.06028789518861278,0.14337869796626385,0.10378957004866081,17.170000076293945,20.3799991607666,5925.0,6025.0,7470.0,7570.0,100.0,11.533141004453398,11.133141004453398,2226.6282008906796,17773.37179910932,2,651120.9921639177,2025-11-25,24,6705.1201171875,4.7037726893716965,profit_target,15,1265.8736630163403,-525.2260502773971,1285.8736630163403,6521.919921875,6869.91015625,False,False,False,False,False
2025-12-02,2026-01-16,2026-01-16,6812.6298828125,45,0.06053368052618095,0.14798985727018293,0.12335334811524962,17.239999771118164,20.219999313354492,5890.0,5990.0,7430.0,7530.0,100.0,11.307304488898694,10.907304488898694,2181.460897779739,17818.539102220264,2,654317.7849569214,2025-12-15,32,6827.41015625,3.9706293692478467,profit_target,9,1367.3350239301694,0.0,1387.3350239301694,6801.7900390625,6903.4599609375,False,False,False,False,False
2025-12-15,2026-01-16,2026-01-16,6827.41015625,32,0.04660508223633748,0.13310865693492135,0.12367283080590002,15.739999771118164,19.25,6090.0,6190.0,7305.0,7405.0,100.0,8.600314834597782,8.200314834597782,1640.0629669195564,18359.937033080445,2,656549.6574434205,2025-12-22,25,6834.5,3.2328698432700356,profit_target,5,973.4889982655491,-210.74457065853167,993.4889982655491,6720.43017578125,6861.58984375,False,False,False,False,True
2026-01-06,2026-02-20,2026-02-20,6902.0498046875,45,0.05231739145724072,0.09035075992602899,0.12802956005396968,14.899999618530272,18.31999969482422,6080.0,6180.0,7445.0,7545.0,100.0,11.730120953122082,11.330120953122082,2266.0241906244164,17733.975809375585,2,658961.7571021701,2026-01-23,28,6913.35009765625,4.1141601050350065,profit_target,12,1423.192169617415,-287.3788754064527,1443.192169617415,6789.0498046875,6986.330078125,False,False,False,False,False
2026-02-03,2026-03-20,2026-03-20,6976.43994140625,45,0.05737357089131506,0.1033745575610526,0.11435502706788772,16.34000015258789,19.3700008392334,6075.0,6175.0,7575.0,7675.0,100.0,11.397631893818641,10.99763189381864,2199.526378763728,17800.473621236273,2,662229.8063163165,2026-02-23,25,6909.509765625,4.356811114478733,profit_target,13,1308.1641558679817,-719.7880856521557,1328.1641558679817,6775.5,6993.47998046875,False,False,False,False,False
2026-03-03,2026-04-17,2026-04-17,6881.6201171875,45,0.07528086775175268,0.12896988513534305,0.10710987353551668,21.440000534057617,22.440000534057617,5745.0,5845.0,7660.0,7760.0,100.0,9.731088706161955,9.331088706161955,1866.217741232391,18133.78225876761,2,665409.9042643765,2026-03-27,21,6477.16015625,7.776867298488603,dte_exit,18,290.8442815346704,-1051.230314652984,889.0522471783299,6473.52001953125,6885.93994140625,False,False,False,False,False
2026-04-01,2026-05-15,2026-05-15,6528.52001953125,44,0.08766803825515232,0.18499094662973542,0.1425554252414862,25.25,25.549999237060547,5285.0,5385.0,7385.0,7485.0,100.0,9.51863638997034,9.118636389970339,1823.727277994068,18176.27272200593,2,667653.6623053639,2026-04-24,21,7108.39990234375,15.042866954194361,dte_exit,16,-1204.8461128448043,-1784.9250070041112,590.3439744390404,6474.93994140625,7147.77978515625,False,False,False,False,False
2026-05-04,2026-06-18,2026-06-19,7230.1201171875,45,0.05965587192220997,0.11614285506127955,0.15195771439685876,16.989999771118164,20.3700008392334,6265.0,6365.0,7875.0,7975.0,100.0,11.785387516668322,11.385387516668322,2277.0775033336645,17722.922496666335,2,668673.5309395415,2026-05-26,23,7473.47021484375,5.535610305753936,profit_target,15,1149.9554421828773,-1354.7993673242079,1169.9554421828773,7174.1201171875,7517.1201171875,False,False,False,False,False
2026-06-02,2026-07-17,2026-07-17,7599.9599609375,45,0.056355309696077605,0.0981446912621479,0.1444144171313621,16.049999237060547,19.43000030517578,6645.0,6745.0,8240.0,8340.0,100.0,12.000700987529513,11.600700987529512,2320.1401975059025,17679.8598024941,2,671779.8088298929,2026-06-16,31,7554.2900390625,4.715185673669554,profit_target,10,1357.1030627719917,-530.1962455281306,1377.1030627719917,7237.85009765625,7620.89990234375,False,False,False,False,False
2026-06-16,2026-07-17,2026-07-17,7554.2900390625,31,0.047211679441613225,0.16189966182283633,0.1551108342458886,16.200000762939453,19.36000061035156,6740.0,6840.0,8090.0,8190.0,100.0,8.488255665539072,8.088255665539071,1617.6511331078143,18382.348866892185,2,674094.3301257816,2026-06-26,21,7357.490234375,6.326161298316382,dte_exit,7,332.4188734445378,-274.12699089453906,742.0105322221651,7323.5,7564.9599609375,False,False,False,False,True
2026-07-07,2026-08-21,2026-08-21,7537.43017578125,45,0.060933327985469826,0.1735381941741719,0.135883244738635,15.56999969482422,18.780000686645508,6520.0,6620.0,8225.0,8325.0,100.0,8.663200293459312,8.263200293459311,1652.6400586918624,18347.35994130814,2,675888.5336962894,2026-07-22,30,7509.2001953125,4.000022407706497,profit_target,11,832.6355771505628,-114.51021929310983,852.6355771505628,7421.81982421875,7581.5,False,False,False,False,False
2026-07-22,2026-08-21,2026-08-21,7509.2001953125,30,0.04888082857937547,0.10610522922594588,0.1286014489414443,17.049999237060547,19.59,6675.0,6775.0,8060.0,8160.0,100.0,8.293220293773857,7.893220293773856,1578.6440587547713,18421.35594124523,2,677775.0403889263,2026-07-31,21,7437.6298828125,2.8383237653323667,profit_target,7,990.9793056882978,-129.55169659246408,1010.9793056882978,7313.919921875,7525.93994140625,False,False,False,False,True
2026-08-04,2026-09-18,2026-09-18,7600.5,45,0.055688176630432254,0.1317608578024102,0.13722837592983306,15.859999656677246,18.93,6655.0,6755.0,8235.0,8335.0,100.0,11.629100118459291,11.229100118459291,2245.8200236918583,17754.179976308144,2,679691.3164991365,2026-08-20,29,7707.97998046875,4.417922723835696,profit_target,12,1342.235478924719,-1304.5335368146968,1362.235478924719,7629.10009765625,7816.7001953125,False,False,False,False,False
