date,spot,vix,vix3m,r,cash,mark,equity,interest,realised_pnl,position_open,filter_active
2005-01-03,1202.0799560546875,14.079999923706056,,0.023285516164195733,400000.0,0.0,400000.0,0.0,0.0,False,False
2005-01-04,1188.050048828125,13.979999542236328,,0.02338749666748501,400183.9908587385,-328.4716708584024,399855.5191878801,25.51918788009644,0.0,True,False
2005-01-05,1183.739990234375,14.09000015258789,,0.023285516164195733,400209.6336028732,-309.7318458649705,399899.9017570082,25.642744134717034,0.0,True,False
2005-01-06,1187.8900146484375,13.579999923706056,,0.023081562935935395,400235.1661649515,-287.858883041348,399947.30728191015,25.532562078340696,0.0,True,False
2005-01-07,1186.18994140625,13.489999771118164,,0.02318353825372344,400260.47669995774,-269.45782760152343,399991.0188723562,25.31053500623916,0.0,True,False
2005-01-10,1190.25,13.229999542236328,,0.023693453735569706,400336.75345251214,-245.0456646519039,400091.70778786024,76.27675255442477,0.0,True,False
2005-01-11,1182.989990234375,13.1899995803833,,0.02348947976372222,400362.741584615,-219.66710912412876,400143.0744754909,25.988132102853093,0.0,True,False
2005-01-12,1187.699951171875,12.5600004196167,,0.02338749666748501,400388.50765346194,-195.77408093907843,400192.7335725229,25.76606884690176,0.0,True,False
2005-01-13,1177.449951171875,12.84000015258789,,0.02348947976372222,400414.1635024983,-192.85283874596547,400221.3106637523,25.655849036357633,0.0,True,False
2005-01-14,1184.52001953125,12.43000030517578,,0.02359146545304013,400439.9328806958,-175.86051740664425,400264.07236328913,25.769378197495115,0.0,True,False
2005-01-18,1195.97998046875,12.470000267028809,,0.023999434143750862,400543.47464662394,-168.47145456199536,400375.00319206197,103.54176592815115,0.0,True,False
2005-01-19,1184.6300048828125,13.18000030517578,,0.023693453735569706,400569.81199670275,-166.7921786891377,400403.0198180136,26.337350078809454,0.0,True,False
2005-01-20,1175.4100341796875,13.829999923706056,,0.02348947976372222,400595.8152579592,-178.1114297212285,400417.70382823795,26.003261256451633,0.0,True,False
2005-01-21,1167.8699951171875,14.359999656677246,,0.02348947976372222,400621.5963266842,-192.8185793700962,400428.7777473141,25.78106872498736,0.0,True,False
2005-01-24,1163.75,14.649999618530272,,0.02379544461144372,400698.94948841044,-186.13920132507317,400512.81028708536,77.35316172625758,0.0,True,False
2005-01-25,1168.4100341796875,14.0600004196167,,0.023999434143750862,400725.0731061271,-159.73785606474476,400565.33525006234,26.123617716648354,0.0,True,False
2005-01-26,1174.0699462890625,13.4399995803833,,0.024101432800448245,400751.42239703756,-136.27176583800122,400615.15063119953,26.34929091046556,0.0,True,False
2005-01-27,1174.550048828125,13.239999771118164,,0.024407444334296906,400777.8854172333,-127.75513064089527,400650.1302865924,26.46302019573452,0.0,True,False
2005-01-28,1171.3599853515625,13.239999771118164,,0.024509453367272362,400668.36570964445,0.0,400668.36570964445,26.800797245444773,22.151166024102423,False,False
2005-01-31,1181.27001953125,12.81999969482422,,0.025223589248672858,400749.0875053878,0.0,400749.0875053878,80.72179574333025,0.0,False,False
2005-02-01,1189.4100341796875,12.029999732971191,,0.025121562052130356,400926.6180786264,-319.8355604857137,400606.7825181407,27.695012752880064,0.0,True,False
2005-02-02,1193.18994140625,11.65999984741211,,0.025121562052130356,400954.21328281204,-305.08755560114435,400649.1257272109,27.59520418565437,0.0,True,False
2005-02-03,1189.8900146484375,11.789999961853027,,0.024815496033122095,400981.810386336,-289.52215881823975,400692.28822751774,27.5971035239864,0.0,True,False
2005-02-04,1203.030029296875,11.210000038146973,,0.02471347921655298,401009.0731282275,-320.86396834061077,400688.2091598869,27.262741891496567,0.0,True,False
2005-02-07,1201.719970703125,11.729999542236328,,0.025223589248672858,401090.5361636618,-317.28272409325086,400773.25343956857,81.46303543429879,0.0,True,False
2005-02-08,1202.300048828125,11.600000381469728,,0.025223589248672858,401118.25477328675,-302.16240624700845,400816.09236703976,27.718609624938384,0.0,True,False
2005-02-09,1191.989990234375,12.0,,0.025121562052130356,401145.97529849247,-258.0868311785312,400887.88846731395,27.72052520571196,0.0,True,False
2005-02-10,1197.010009765625,11.510000228881836,,0.025121562052130356,401173.585600721,-243.5624132802654,400930.02318744076,27.610302228535165,0.0,True,False
2005-02-11,1205.300048828125,11.43000030517578,,0.025427651427860534,401201.19780332706,-282.3345192210641,400918.863284106,27.612202606043834,0.0,True,False
2005-02-14,1206.1400146484375,11.520000457763672,,0.025937852300922264,401285.05536762986,-261.7537998653606,401023.3015677645,83.85756430278558,0.0,True,False
2005-02-15,1210.1199951171875,11.270000457763672,,0.025937852300922264,401313.572743882,-268.544827113467,401045.02791676857,28.517376252174856,0.0,True,False
2005-02-16,1210.3399658203125,11.100000381469728,,0.025733764163878625,401342.09214672534,-248.1520046661461,401093.9401420592,28.519402843340988,0.0,True,False
2005-02-17,1200.75,11.770000457763672,,0.025733764163878625,401370.3891517618,-208.68084706427146,401161.70830469753,28.297005036444627,0.0,True,False
2005-02-18,1201.5899658203125,11.18000030517578,,0.026039900263749652,401398.68815190543,-176.66546298626102,401222.02268891915,28.299000143635478,0.0,True,False
2005-02-22,1184.1600341796875,13.140000343322754,,0.026754308709582827,401513.2511474015,-174.83166379163254,401338.4194836099,114.5629954960921,0.0,True,False
2005-02-23,1190.800048828125,12.390000343322754,,0.026754308709582827,401542.6829369384,-149.73629904785543,401392.9466378906,29.431789536892953,0.0,True,False
2005-02-24,1200.199951171875,11.56999969482422,,0.026856377447150227,401572.11688388913,-136.50663989046993,401435.61024399864,29.433946950708986,0.0,True,False
2005-02-25,1211.3699951171875,11.489999771118164,,0.02736676009919167,401418.1034209848,0.0,401418.1034209848,29.548408547994764,-33.726310966609255,False,False
2005-02-28,1203.5999755859375,12.079999923706056,,0.027673020866538833,401508.4054636695,0.0,401508.4054636695,90.30204268471444,0.0,False,False
2005-03-01,1210.4100341796875,12.039999961853027,,0.027468844423365862,401708.490216876,-339.6426389878303,401368.84757788817,30.442114218635055,0.0,True,False
2005-03-02,1210.0799560546875,12.5,,0.027264678373115397,401738.72277370555,-360.7507094467596,401377.97206425876,30.23255682956419,0.0,True,False
2005-03-03,1210.469970703125,12.93000030517578,,0.027468844423365862,401768.7328727992,-383.5368320386638,401385.19604076055,30.01009909368711,0.0,True,False
2005-03-04,1222.1199951171875,11.9399995803833,,0.027468844423365862,401798.96996348747,-385.5954397290577,401413.3745237584,30.237090688228168,0.0,True,False
2005-03-07,1225.31005859375,12.260000228881836,,0.027570931345771127,401889.6948900871,-406.04346627949496,401483.6514238076,90.72492659963468,0.0,True,False
2005-03-08,1219.4300537109375,12.399999618530272,,0.027468844423365862,401920.0534974533,-351.1395802311358,401568.9139172221,30.358607366177257,0.0,True,False
2005-03-09,1207.010009765625,12.699999809265137,,0.027468844423365862,401950.3019765226,-291.46683469810483,401658.8351418245,30.248479069344707,0.0,True,False
2005-03-10,1209.25,12.489999771118164,,0.02736676009919167,401980.55273209064,-277.51742333966075,401703.035308751,30.250755568061418,0.0,True,False
2005-03-11,1200.0799560546875,12.800000190734863,,0.027468844423365862,402010.6933287242,-264.0174890709626,401746.67583965324,30.14059663354137,0.0,True,False
2005-03-14,1206.8299560546875,12.390000343322754,,0.027979305020342942,402101.46606178477,-228.1914793683952,401873.2745824164,90.7727330605927,0.0,True,False
2005-03-15,1197.75,13.149999618530272,,0.027979305020342942,402132.2905844886,-243.7130756023623,401888.5775088862,30.824522703856353,0.0,True,False
2005-03-16,1188.0699462890625,13.489999771118164,,0.027877207703692453,402163.1174701562,-259.67641467691436,401903.4410554793,30.826885667635686,0.0,True,False
2005-03-17,1190.2099609375,13.289999961853027,,0.027775112985802146,402193.8342178264,-240.3666524525116,401953.4675653739,30.71674767017452,0.0,True,False
2005-03-18,1189.6500244140625,13.140000343322754,,0.027979305020342942,402224.4408047659,-228.7437506760191,401995.69705408986,30.606586939459152,0.0,True,False
2005-03-21,1183.780029296875,13.609999656677246,,0.028489830589621047,402316.9497453213,-234.68019053731854,402082.269554784,92.5089405553848,0.0,True,False
2005-03-22,1171.7099609375,14.270000457763672,,0.02879617712477405,402348.35355102073,-296.1070679391005,402052.2464830816,31.40380569945514,0.0,True,False
2005-03-23,1172.530029296875,14.0600004196167,,0.028183507450451905,402380.0975277366,-276.89418299455866,402103.20334474207,31.74397671590503,0.0,True,False
2005-03-24,1171.4200439453125,13.420000076293944,,0.028285612564175014,402411.1685423011,-255.10487456415945,402156.06366773695,31.07101456446216,0.0,True,False
2005-03-28,1174.280029296875,13.75,,0.02838772027718758,402314.34676318354,0.0,402314.34676318354,124.7584739578693,-51.93761408762879,False,False
2005-03-29,1165.3599853515625,14.489999771118164,,0.028285612564175014,402345.63780777087,0.0,402345.63780777087,31.29104458731477,0.0,False,False
2005-03-30,1181.4100341796875,13.640000343322754,,0.028183507450451905,402376.818722313,0.0,402376.818722313,31.180914542089564,0.0,False,False
2005-03-31,1180.5899658203125,14.020000457763672,,0.027775112985802146,402407.8894836944,0.0,402407.8894836944,31.070761381435222,0.0,False,False
2005-04-01,1172.9200439453125,14.09000015258789,,0.027877207703692453,402438.5123600459,0.0,402438.5123600459,30.62287635154668,0.0,False,False
2005-04-04,1176.1199951171875,14.109999656677246,,0.027979305020342942,402530.7327494,0.0,402530.7327494,92.2203893540993,0.0,False,False
2005-04-05,1181.3900146484375,13.68000030517578,,0.027877207703692453,402733.38097484224,-341.79079576865547,402391.59017907357,30.85742967355234,0.0,True,False
2005-04-06,1184.0699462890625,13.149999618530272,,0.027570931345771127,402764.1412785707,-312.8502177147065,402451.29106085596,30.76030372844545,0.0,True,False
2005-04-07,1191.1400146484375,12.329999923706056,,0.027570931345771127,402794.56594131206,-291.75162399524083,402502.8143173168,30.42466274134184,0.0,True,False
2005-04-08,1181.199951171875,12.619999885559082,,0.027775112985802146,402824.9929023218,-255.29189488635876,402569.70100743545,30.426961009752695,0.0,True,False
2005-04-11,1181.2099609375,11.979999542236328,,0.027570931345771127,402916.9637534985,-204.70523235606058,402712.2585211425,91.97085117671365,0.0,True,False
2005-04-12,1187.760009765625,11.300000190734863,,0.027570931345771127,402947.3999603963,-185.09431874112795,402762.30564165517,30.43620689779086,0.0,True,False
2005-04-13,1173.7900390625,13.3100004196167,,0.027673020866538833,402977.8384664345,-234.54494648596312,402743.29351994855,30.438506038243265,0.0,True,False
2005-04-14,1162.050048828125,14.529999732971191,,0.027673020866538833,403008.3919921372,-273.7034746890299,402734.68851744814,30.553525702673966,0.0,True,False
2005-04-15,1142.6199951171875,17.739999771118164,,0.027775112985802146,403038.94783438894,-427.10295335893073,402611.84488103003,30.55584225173388,0.0,True,False
2005-04-18,1145.97998046875,16.559999465942383,,0.029000421147742747,403130.96753461316,-346.7354610148942,402784.23207359825,92.0197002242216,0.0,True,False
2005-04-19,1152.780029296875,14.960000038146973,,0.029000421147742747,403162.9988559582,-267.030082849959,402895.96877310827,32.031321345044894,0.0,True,False
2005-04-20,1137.5,16.920000076293945,,0.02859194350160867,403195.0327223956,-376.43308392485324,402818.59963847074,32.033866437408754,0.0,True,False
2005-04-21,1159.949951171875,14.40999984741211,,0.02869405901328191,403226.6178761773,-220.50340338989213,403006.1144727874,31.5851537816776,0.0,True,False
2005-04-22,1152.1199951171875,15.380000114440918,,0.029204675571573958,403258.3183232194,-257.9432685638835,403000.37505465554,31.700447042113293,0.0,True,False
2005-04-25,1162.0999755859375,14.619999885559082,,0.029306806684143823,403355.12743506295,-192.0288076511404,403163.0986274118,96.80911184355207,0.0,True,False
2005-04-26,1151.8299560546875,14.90999984741211,,0.029102547059484108,403387.5151756905,-215.06892998182227,403172.4462457087,32.38774062756015,0.0,True,False
2005-04-27,1156.3800048828125,14.869999885559082,,0.02879617712477405,403419.67975698644,-194.19643314934925,403225.4833238371,32.164581295890315,0.0,True,False
2005-04-28,1143.219970703125,16.860000610351562,,0.02869405901328191,403451.5082578562,-275.1165084076949,403176.3917494485,31.82850086975621,0.0,True,False
2005-04-29,1156.8499755859375,15.3100004196167,,0.02889829783621656,403287.2857174782,0.0,403287.2857174782,31.718127238108888,-24.14987184743385,False,False
2005-05-02,1162.1600341796875,15.119999885559082,,0.029306806684143823,403383.0859937019,0.0,403383.0859937019,95.80027622365961,0.0,False,False
2005-05-03,1161.1700439453125,14.529999732971191,,0.029000421147742747,403544.9399457105,-299.4639664249152,403245.47597928555,32.389985583639614,0.0,True,False
2005-05-04,1175.6500244140625,13.850000381469728,,0.02859194350160867,403577.00415979855,-323.4630705552891,403253.54108924326,32.064214088088015,0.0,True,False
2005-05-05,1172.6300048828125,13.979999542236328,,0.027979305020342942,403608.61923613783,-303.0346327280038,403305.5846034098,31.61507633927738,0.0,True,False
2005-05-06,1171.3499755859375,14.050000190734863,,0.028489830589621047,403639.55929504626,-291.0488177849099,403348.5104772613,30.940058908426913,0.0,True,False
2005-05-09,1178.8399658203125,13.75,,0.029102547059484108,403734.0878087041,-289.53361549007496,403444.55419321405,94.52851365787093,0.0,True,False
2005-05-10,1166.219970703125,14.90999984741211,,0.02889829783621656,403766.2800243794,-274.84084480921877,403491.4391795702,32.192215675265295,0.0,True,False
2005-05-11,1171.1099853515625,14.449999809265137,,0.02859194350160867,403798.24884666037,-263.4576962648235,403534.7911503955,31.96882228096544,0.0,True,False
2005-05-12,1159.3599853515625,16.1200008392334,,0.02869405901328191,403829.88125468005,-288.70837379486386,403541.1728808852,31.632408019706887,0.0,True,False
2005-05-13,1154.050048828125,16.31999969482422,,0.028081404935885023,403861.6291284493,-275.7750782745638,403585.85405017476,31.747873769255957,0.0,True,False
2005-05-16,1165.68994140625,15.68000030517578,,0.02889829783621656,403954.853601044,-247.63467192886307,403707.2189291151,93.2244725947072,0.0,True,False
2005-05-17,1173.800048828125,14.56999969482422,,0.02869405901328191,403986.83735393075,-221.51148624370006,403765.32586768706,31.983752886757763,0.0,True,False
2005-05-18,1185.56005859375,13.630000114440918,,0.028489830589621047,404018.59756710986,-232.70303013552532,403785.8945369743,31.760213179135295,0.0,True,False
2005-05-19,1191.0799560546875,13.31999969482422,,0.02859194350160867,404050.13419897435,-246.84941039060027,403803.28478858375,31.536631864492875,0.0,True,False
2005-05-20,1189.280029296875,13.140000343322754,,0.02879617712477405,404081.7863389772,-213.7503183802397,403868.036020597,31.652140002847826,0.0,True,False
2005-05-23,1193.8599853515625,12.949999809265137,,0.029613215626061496,404177.43610181345,-205.5602696963862,403971.87583211705,95.64976283622437,0.0,True,False
2005-05-24,1194.0699462890625,12.6899995803833,,0.029306806684143823,404210.2291952775,-185.19542575225262,404025.03376952524,32.79309346401784,0.0,True,False
2005-05-25,1190.010009765625,12.579999923706056,,0.029408940397327037,404242.6855970231,-148.73565611357898,404093.9499409095,32.456401745607934,0.0,True,False
2005-05-26,1197.6199951171875,12.239999771118164,,0.029306806684143823,404275.2577285198,-171.26229880119894,404103.9954297186,32.572131496667936,0.0,True,False
2005-05-27,1198.780029296875,12.149999618530272,,0.029511076711255142,404132.02503140474,0.0,404132.02503140474,32.46162326660715,-46.230353956782395,False,False
2005-05-31,1191.5,13.289999961853027,,0.02981750125883702,404418.42751018784,-325.6813834587777,404092.74612672906,130.72109532434493,0.0,True,False
2005-06-01,1202.219970703125,12.359999656677246,,0.029613215626061496,404451.4665226127,-317.682670744649,404133.78385186807,33.03901242488891,0.0,True,False
2005-06-02,1204.2900390625,11.84000015258789,,0.029613215626061496,404484.2818496415,-288.270449064549,404196.011400577,32.8153270287807,0.0,True,False
2005-06-03,1196.02001953125,12.149999618530272,,0.02991964797707115,404517.09983915463,-253.57692731762594,404263.52291183703,32.81798951310117,0.0,True,False
2005-06-06,1197.510009765625,12.279999732971191,,0.03012394921789552,404616.5888597447,-242.39979636503213,404374.1890633797,99.48902059009802,0.0,True,False
2005-06-07,1197.260009765625,12.390000343322754,,0.03012394921789552,404649.9837982717,-238.6600699281238,404411.3237283436,33.39493852695854,0.0,True,False
2005-06-08,1194.6700439453125,12.699999809265137,,0.03012394921789552,404683.38149304234,-235.92604756666827,404447.45544547564,33.39769477064683,0.0,True,False
2005-06-09,1200.9300537109375,12.079999923706056,,0.02981750125883702,404716.78194428416,-221.67267784219814,404495.10926644196,33.40045124182106,0.0,True,False
2005-06-10,1198.1099853515625,11.960000038146973,,0.02991964797707115,404749.8453308107,-197.43221333165474,404552.41311747907,33.06338652652373,0.0,True,False
2005-06-13,1200.8199462890625,11.649999618530272,,0.03022610374075078,404849.3915940267,-171.32605586431595,404678.06553816237,99.54626321598658,0.0,True,False
2005-06-14,1203.9100341796875,11.789999961853027,,0.03002179729671345,404882.9190636297,-179.7689808863175,404703.1500827434,33.52746960302427,0.0,True,False
2005-06-15,1206.5799560546875,11.460000038146973,,0.02991964797707115,404916.22266043816,-169.3598014879025,404746.8628589503,33.30359680847607,0.0,True,False
2005-06-16,1210.9599609375,11.149999618530272,,0.029613215626061496,404949.4156670052,-168.63811529178173,404780.7775517134,33.193006566987826,0.0,True,False
2005-06-17,1216.9599609375,11.479999542236328,,0.029715357141877667,404982.2713953314,-212.17500684949994,404770.0963884819,32.855728326264995,0.0,True,False
2005-06-20,1216.0999755859375,11.470000267028809,,0.03012394921789552,405081.1946490908,-175.46263312455815,404905.73201596626,98.92325375937612,0.0,True,False
2005-06-21,1213.6099853515625,11.079999923706056,,0.03012394921789552,405114.6279337514,-139.76579208638066,404974.862141665,33.43328466056173,0.0,True,False
2005-06-22,1213.8800048828125,11.050000190734863,,0.03022610374075078,405148.0639778205,-132.78907061061383,405015.2749072099,33.43604406913947,0.0,True,False
2005-06-23,1200.72998046875,12.130000114440918,,0.030532582920677856,405181.6161818791,-119.05660622674212,405062.55957565235,33.55220405854484,0.0,True,False
2005-06-24,1191.5699462890625,12.18000030517578,,0.03073691538475603,405095.3282818199,0.0,405095.3282818199,33.89522942808591,35.498253971511666,False,False
2005-06-27,1190.68994140625,12.520000457763672,,0.031452160993734345,405197.68132650777,0.0,405197.68132650777,102.35304468788166,0.0,False,False
2005-06-28,1201.5699462890625,11.579999923706056,,0.03134997524046677,405232.5988383299,0.0,405232.5988383299,34.9175118221091,0.0,False,False
2005-06-29,1199.8499755859375,11.770000457763672,,0.03114561154358967,405267.40590006317,0.0,405267.40590006317,34.80706173328098,0.0,False,False
2005-06-30,1191.3299560546875,12.039999961853027,,0.03114561154358967,405301.98902264953,0.0,405301.98902264953,34.5831225863697,0.0,False,False
2005-07-01,1194.43994140625,11.399999618530272,,0.03155434935039874,405336.575096355,0.0,405336.575096355,34.58607370543432,0.0,False,False
2005-07-05,1204.989990234375,11.68000030517578,,0.03206533018930814,405617.67311111494,-310.9079482308462,405306.7651628841,140.19006652907984,0.0,True,False
2005-07-06,1194.93994140625,12.270000457763672,,0.03175873387444679,405653.3082780663,-305.74717903214747,405347.56109903415,35.63516695136036,0.0,True,False
2005-07-07,1197.8699951171875,12.489999771118164,,0.03134997524046677,405688.6058012364,-317.9691494333471,405370.63665180304,35.297523170112775,0.0,True,False
2005-07-08,1211.8599853515625,11.449999809265137,,0.03155434935039874,405723.45203124627,-306.86360292836196,405416.5884283179,34.84623000985644,0.0,True,False
2005-07-11,1219.43994140625,11.279999732971191,,0.03186093004209581,405828.69038607244,-322.9640649609496,405505.7263211115,105.23835482616637,0.0,True,False
2005-07-12,1222.2099609375,10.949999809265137,,0.031963128813672324,405864.11680761934,-313.4140616444657,405550.7027459749,35.42642154688621,0.0,True,False
2005-07-13,1223.2900390625,10.84000015258789,,0.03206533018930814,405899.6599722042,-304.80241980677675,405594.8575523974,35.54316458483515,0.0,True,False
2005-07-14,1226.5,10.8100004196167,,0.03216753416913687,405935.31991285144,-324.7886626240283,405610.5312502274,35.65994064723,0.0,True,False
2005-07-15,1227.9200439453125,10.329999923706056,,0.03237194994190213,405971.0966626876,-293.0238351168138,405678.0728275708,35.77674983618511,0.0,True,False
2005-07-18,1221.1300048828125,10.770000457763672,,0.0328830349564746,406079.1280972266,-228.90418204893902,405850.2239151777,108.03143453899449,0.0,True,False
2005-07-19,1229.3499755859375,10.449999809265137,,0.032985259774621696,406115.71361962875,-271.2081413747664,405844.505478254,36.58552240212044,0.0,True,False
2005-07-20,1235.199951171875,10.229999542236328,,0.0328830349564746,406152.4161884645,-314.3318093976602,405838.08437906683,36.7025688357741,0.0,True,False
2005-07-21,1227.0400390625,10.970000267028809,,0.03329194986191708,406189.0083137253,-257.7274009487435,405931.28091277654,36.59212526082031,0.0,True,False
2005-07-22,1233.6800537109375,10.520000457763672,,0.03359866340128471,406226.05883655255,-289.136333060286,405936.9225034923,37.050522827249324,0.0,True,False
2005-07-25,1229.030029296875,11.100000381469728,,0.03431441954912693,406338.2550339503,-234.94995426751677,406103.3050796828,112.19619739777175,0.0,True,False
2005-07-26,1231.1600341796875,10.989999771118164,,0.034212160850583484,406376.45754573203,-236.5666723766618,406139.8908733554,38.20251178169356,0.0,True,False
2005-07-27,1236.7900390625,10.359999656677246,,0.033905400396310605,406414.5497877326,-248.6254505831318,406165.9243371495,38.09224200057453,0.0,True,False
2005-07-28,1243.719970703125,10.520000457763672,,0.033905400396310605,406452.30400160496,-346.76677556427694,406105.5372260407,37.75421387233727,0.0,True,False
2005-07-29,1234.1800537109375,11.56999969482422,,0.034007651274308236,406221.17733339535,0.0,406221.17733339535,37.75772108108721,-127.97644105986974,False,False
2005-08-01,1235.3499755859375,12.079999923706056,,0.03472348041577712,406334.73809243407,0.0,406334.73809243407,113.56075903872815,0.0,False,False
2005-08-02,1244.1199951171875,11.75,,0.03472348041577712,406530.50229663216,-327.10659468265345,406203.3957019495,38.65760951539607,0.0,True,False
2005-08-03,1245.0400390625,11.829999923706056,,0.03441668085478543,406569.17853063485,-328.53268770269136,406240.64584293216,38.676234002680886,0.0,True,False
2005-08-04,1235.8599853515625,12.520000457763672,,0.034518944767691025,406607.5166714247,-324.6910083148069,406282.8256631099,38.338140789803965,0.0,True,False
2005-08-05,1226.4200439453125,12.479999542236328,,0.035030303445587205,406645.9723594371,-298.0962303929128,406347.87612904416,38.455688012441186,0.0,True,False
2005-08-08,1223.1300048828125,13.210000038146973,,0.035337149947805596,406763.07084743195,-312.1937065823409,406450.8771408496,117.09848799487361,0.0,True,False
2005-08-09,1231.3800048828125,12.399999618530272,,0.035030303445587205,406802.4531582425,-267.2822284839397,406535.1709297586,39.38231081057547,0.0,True,False
2005-08-10,1229.1300048828125,12.380000114440918,,0.034928026494448955,406841.49726023973,-257.61728355732254,406583.8799766824,39.04410199723139,0.0,True,False
2005-08-11,1237.81005859375,12.420000076293944,,0.034928026494448955,406880.431097296,-262.10475832385526,406618.32633897214,38.933837056302956,0.0,True,False
2005-08-12,1230.3900146484375,12.739999771118164,,0.035030303445587205,406919.36866023496,-258.7105756689673,406660.658084566,38.937562938933254,0.0,True,False
2005-08-15,1233.8699951171875,12.260000228881836,,0.035337149947805596,407036.5458759085,-215.9151170656533,406820.63075884286,117.17721567354965,0.0,True,False
2005-08-16,1219.3399658203125,13.520000457763672,,0.035234865172132514,407075.9546642421,-267.94047938765465,406808.01418485446,39.4087883335914,0.0,True,False
2005-08-17,1220.239990234375,13.300000190734863,,0.035030303445587205,407115.2531812428,-250.54709773601508,406864.70608350675,39.298517000700485,0.0,True,False
2005-08-18,1219.02001953125,13.420000076293944,,0.03482575215122355,407154.32730517304,-249.68673368991227,406904.6405714831,39.074123930255496,0.0,True,False
2005-08-19,1219.7099609375,13.420000076293944,,0.035030303445587205,407193.17698233435,-240.14500347523722,406953.0319788591,38.849677161314474,0.0,True,False
2005-08-22,1221.72998046875,13.420000076293944,,0.035234865172132514,407310.43304433295,-211.53035709589352,407098.9026872371,117.25606199860292,0.0,True,False
2005-08-23,1217.5899658203125,13.34000015258789,,0.035234865172132514,407349.75419753336,-211.8445976956227,407137.90959983773,39.32115320040896,0.0,True,False
2005-08-24,1209.5899658203125,14.170000076293944,,0.03513258300477042,407389.0791467404,-253.4264073728803,407135.6527393675,39.32494920700141,0.0,True,False
2005-08-25,1212.3699951171875,13.729999542236328,,0.035234865172132514,407428.2937206635,-222.16217364376075,407206.13154701976,39.21457392317805,0.0,True,False
2005-08-26,1205.0999755859375,13.720000267028809,,0.035337149947805596,407215.3441844257,0.0,407215.3441844257,39.33253129763976,-95.17547285280546,False,False
2005-08-29,1212.280029296875,13.520000457763672,,0.035337149947805596,407333.6339344693,0.0,407333.6339344693,118.28975004360669,0.0,False,False
2005-08-30,1208.4100341796875,13.649999618530272,,0.035234865172132514,407373.07148651103,0.0,407373.07148651103,39.437552041751964,0.0,False,False
2005-08-31,1220.3299560546875,12.600000381469728,,0.035030303445587205,407412.398686735,0.0,407412.398686735,39.32720022395979,0.0,False,False
2005-09-01,1221.5899658203125,13.149999618530272,,0.03462121128797756,407451.5013301084,0.0,407451.5013301084,39.10264337337681,0.0,False,False
2005-09-02,1218.02001953125,13.56999969482422,,0.03441668085478543,407490.1510110836,0.0,407490.1510110836,38.64968097521976,0.0,False,False
2005-09-06,1233.3900146484375,12.93000030517578,,0.03513258300477042,407815.27094251633,-341.39824806190785,407473.87269445445,153.72168337082996,0.0,True,False
2005-09-07,1236.3599853515625,12.520000457763672,,0.03472348041577712,407854.5265409307,-321.23228442195597,407533.2942565087,39.25559841434977,0.0,True,False
2005-09-08,1231.6700439453125,12.93000030517578,,0.03462121128797756,407893.3287390891,-313.9701838781202,407579.3585552109,38.80219815840455,0.0,True,False
2005-09-09,1241.47998046875,11.979999542236328,,0.03472348041577712,407932.0203305453,-298.045942829756,407633.97438771557,38.691591456215576,0.0,True,False
2005-09-12,1240.56005859375,11.649999618530272,,0.035030303445587205,408048.4601197518,-245.21822009201725,407803.2418996598,116.43978920647407,0.0,True,False
2005-09-13,1231.199951171875,12.390000343322754,,0.03462121128797756,408087.6238110546,-238.77121123538663,407848.85259981925,39.16369130284333,0.0,True,False
2005-09-14,1227.1600341796875,12.90999984741211,,0.03410990475902126,408126.3338327842,-245.43795994119745,407880.895872843,38.71002172956593,0.0,True,False
2005-09-15,1227.72998046875,12.489999771118164,,0.03431441954912693,408164.47575299017,-219.85298356065348,407944.6227694295,38.141920205961085,0.0,True,False
2005-09-16,1237.9100341796875,11.220000267028809,,0.03482575215122355,408202.8499597026,-182.42544832471535,408020.4245113779,38.37420671238441,0.0,True,False
2005-09-19,1231.02001953125,12.140000343322754,,0.0357463151362741,408319.71028346184,-182.10535852466833,408137.6049249372,116.86032375924107,0.0,True,False
2005-09-20,1221.3399658203125,12.640000343322754,,0.03605321642141552,408359.70107740775,-185.9021681976036,408173.79890921013,39.990793945889074,0.0,True,False
2005-09-21,1210.199951171875,13.789999961853027,,0.034007651274308236,408400.039181046,-224.51702790019593,408175.5221531458,40.33810363825545,0.0,True,False
2005-09-22,1214.6199951171875,13.329999923706056,,0.034518944767691025,408438.0922581713,-197.74449485042166,408240.3477633209,38.053077125296106,0.0,True,False
2005-09-23,1215.2900390625,12.960000038146973,,0.03462121128797756,408476.72107639106,-180.64129417552982,408296.07978221553,38.62881821973149,0.0,True,False
2005-09-26,1215.6300048828125,13.039999961853027,,0.035234865172132514,408592.97289414884,-163.00765425751104,408429.9652398913,116.25181775780865,0.0,True,False
2005-09-27,1215.6600341796875,12.760000228881836,,0.03482575215122355,408632.4178618697,-151.49091821217624,408480.9269436575,39.44496772080635,0.0,True,False
2005-09-28,1216.8900146484375,12.630000114440918,,0.034518944767691025,408671.40857484244,-141.90988741172333,408529.4986874307,38.990712972779185,0.0,True,False
2005-09-29,1227.6800537109375,12.239999771118164,,0.035234865172132514,408710.0594594016,-121.8061228079069,408588.2533365937,38.650884559172454,0.0,True,False
2005-09-30,1228.81005859375,11.920000076293944,,0.035337149947805596,408627.22901583527,0.0,408627.22901583527,39.45627108648644,49.11153340914356,False,False
2005-10-03,1226.699951171875,12.460000038146973,,0.03605321642141552,408745.9288965534,0.0,408745.9288965534,118.69988071815749,0.0,False,False
2005-10-04,1214.469970703125,13.199999809265137,,0.036155522068370215,408935.1733928812,-318.86824079119293,408616.30515209,40.376255536583244,0.0,True,False
2005-10-05,1196.3900146484375,14.550000190734863,,0.0356440199260248,408975.6829736937,-336.32498280254623,408639.35799089115,40.50958081253475,0.0,True,False
2005-10-06,1191.489990234375,14.960000038146973,,0.035848612955500556,409015.62338246073,-346.07552442890704,408669.5478580318,39.940408766997926,0.0,True,False
2005-10-07,1195.9000244140625,14.59000015258789,,0.03605321642141552,409055.7969793031,-322.1459731235227,408733.6510061796,40.173596842406,0.0,True,False
2005-10-10,1187.3299560546875,15.550000190734863,,0.03605321642141552,409177.0295476401,-343.5467348668161,408833.4828127733,121.2325683370256,0.0,True,False
2005-10-11,1184.8699951171875,15.630000114440918,,0.03717872208288992,409217.4483876499,-341.5645553420728,408875.8838323078,40.41884000977238,0.0,True,False
2005-10-12,1177.6800537109375,16.219999313354492,,0.03687173467076569,409259.1332004333,-372.33150642754975,408886.8016940057,41.68481278339916,0.0,True,False
2005-10-13,1176.8399658203125,16.469999313354492,,0.037281056441768386,409300.4780124486,-376.340034121658,408924.13797832694,41.34481201527645,0.0,True,False
2005-10-14,1186.5699462890625,14.869999885559082,,0.0375880751847819,409342.2860495255,-287.2750893254634,409055.01096020004,41.80803707690288,0.0,True,False
2005-10-17,1190.0999755859375,14.670000076293944,,0.03850927244240115,409468.7690546895,-252.14884401887946,409216.62021067063,126.48300516404069,0.0,True,False
2005-10-18,1178.1400146484375,15.329999923706056,,0.03840690674303827,409511.97227724263,-295.4518249737119,409216.52045226895,43.203222553145096,0.0,True,False
2005-10-19,1195.760009765625,13.5,,0.03840690674303827,409555.06519682554,-195.86842196048198,409359.19677486503,43.09291958292897,0.0,True,False
2005-10-20,1177.800048828125,16.110000610351562,,0.03830454365611515,409598.1626510737,-305.00496312900395,409293.1576879447,43.09745424819859,0.0,True,False
2005-10-21,1179.5899658203125,16.1299991607666,,0.03840690674303827,409641.1497578931,-291.3247905922462,409349.82496730087,42.987106819430394,0.0,True,False
2005-10-24,1199.3800048828125,14.739999771118164,,0.03912352150729249,409770.48290542123,-187.96897828315082,409582.51392713806,129.33314752813394,0.0,True,False
2005-10-25,1196.5400390625,14.529999732971191,,0.03912352150729249,409814.40762742277,-178.30930757346707,409636.0983198493,43.92472200154416,0.0,True,False
2005-10-26,1191.3800048828125,14.59000015258789,,0.03881638521646549,409858.3370578679,-180.86457139181002,409677.47248647606,43.92943044513247,0.0,True,False
2005-10-27,1178.9000244140625,16.020000457763672,,0.03861164075433803,409901.92627723335,-237.9192053154128,409664.00707191793,43.58921936544567,0.0,True,False
2005-10-28,1198.4100341796875,14.25,,0.039021140130487644,409786.4405132716,0.0,409786.4405132716,43.36389885704381,-9.981422027560809,False,False
2005-10-31,1207.010009765625,15.31999969482422,,0.039635467594594666,409917.8889950517,0.0,409917.8889950517,131.44848178004494,0.0,False,False
2005-11-01,1202.760009765625,14.850000381469728,,0.03943068131848483,410108.1050941053,-315.7005664872538,409792.404527618,44.51553256632557,0.0,True,False
2005-11-02,1214.760009765625,13.479999542236328,,0.039225905497471646,410152.41116394533,-288.11696179316993,409864.2942021522,44.306069840054796,0.0,True,False
2005-11-03,1219.93994140625,13.0,,0.039225905497471646,410196.4918879386,-282.52764328821866,409913.9642446504,44.080723993246984,0.0,True,False
2005-11-04,1220.1400146484375,13.170000076293944,,0.03953307314958572,410240.57734946394,-284.71462379864676,409955.86272566527,44.08546152538109,0.0,True,False
2005-11-07,1222.81005859375,13.100000381469728,,0.03943068131848483,410373.89821989485,-269.5698442225473,410104.3283756723,133.32087043091877,0.0,True,False
2005-11-08,1218.5899658203125,13.079999923706056,,0.03943068131848483,410418.23300472164,-234.36374561130603,410183.86925911036,44.334784826781366,0.0,True,False
2005-11-09,1220.6500244140625,12.800000190734863,,0.03973786465364425,410462.5725792613,-222.80431982423136,410239.7682594371,44.33957453966068,0.0,True,False
2005-11-10,1230.9599609375,11.899999618530272,,0.03953307314958572,410507.26242605026,-231.7904375041844,410275.4719885461,44.68984678892724,0.0,True,False
2005-11-11,1234.719970703125,11.630000114440918,,0.03953307314958572,410551.7267891312,-236.29958899149653,410315.4272001397,44.464363080900114,0.0,True,False
2005-11-14,1233.760009765625,12.18000030517578,,0.04004507151637512,410685.14877758024,-229.06922425812962,410456.0795533221,133.42198844903035,0.0,True,False
2005-11-15,1229.010009765625,12.229999542236328,,0.03994266661440099,410730.20855387615,-190.22106133556912,410539.98749254056,45.05977629591684,0.0,True,False
2005-11-16,1231.2099609375,12.260000228881836,,0.03984026432686883,410775.15802640555,-195.5606285048851,410579.59739790065,44.949472529432,0.0,True,False
2005-11-17,1242.800048828125,11.25,,0.03994266661440099,410819.9971608163,-224.71060843482863,410595.28655238147,44.83913441074418,0.0,True,False
2005-11-18,1248.27001953125,11.119999885559082,,0.03984026432686883,410864.9564596269,-262.1186237538821,410602.837835873,44.95929881061868,0.0,True,False
2005-11-21,1254.8499755859375,10.81999969482422,,0.03984026432686883,410999.5179566503,-286.530697754453,410712.9872588958,134.5614970234099,0.0,True,False
2005-11-22,1261.22998046875,10.600000381469728,,0.03912352150729249,411044.3815816001,-354.3708680310726,410690.01071356906,44.86362494984339,0.0,True,False
2005-11-23,1265.6099853515625,10.960000038146973,,0.03932829210115765,411088.4428572275,-446.39444537087945,410642.04841185664,44.06127562739965,0.0,True,False
2005-11-25,1268.25,10.880000114440918,,0.03932829210115765,410709.41821607057,0.0,410709.41821607057,88.59807398903143,-321.9221486587411,False,False
2005-11-28,1257.4599609375,11.84000015258789,,0.039635467594594666,410842.1999492242,0.0,410842.1999492242,132.7817331536488,0.0,False,False
2005-11-29,1257.47998046875,11.890000343322754,,0.039635467594594666,410886.8158584647,0.0,410886.8158584647,44.61590924049988,0.0,False,False
2005-11-30,1249.47998046875,12.0600004196167,,0.03932829210115765,410931.4366128242,0.0,410931.4366128242,44.620754359520284,0.0,False,False
2005-12-01,1264.6700439453125,11.239999771118164,,0.03953307314958572,410975.71634509857,0.0,410975.71634509857,44.27973227436832,0.0,False,False
2005-12-02,1265.0799560546875,11.010000228881836,,0.03973786465364425,411020.2314490726,0.0,411020.2314490726,44.51510397405785,0.0,False,False
2005-12-05,1262.0899658203125,11.600000381469728,,0.040249889164181527,411154.4977551835,0.0,411154.4977551835,134.26630611089627,0.0,False,False
2005-12-06,1263.699951171875,11.520000457763672,,0.040249889164181527,411353.7318793705,-323.89210924789137,411029.8397701226,45.342014939113824,0.0,True,False
2005-12-07,1257.3699951171875,12.18000030517578,,0.04014747903292383,411399.0958657989,-330.36306884197757,411068.7327969569,45.363986428382674,0.0,True,False
2005-12-08,1255.8399658203125,12.210000038146973,,0.039225905497471646,411444.3494136529,-317.7813734251724,411126.56804022775,45.25354785399934,0.0,True,False
2005-12-09,1259.3699951171875,11.6899995803833,,0.039225905497471646,411488.56898742943,-288.7237248472284,411199.8452625822,44.21957377652649,0.0,True,False
2005-12-12,1260.4300537109375,11.470000267028809,,0.039021140130487644,411621.2562255315,-254.13308011013092,411367.1231454214,132.68723810207717,0.0,True,False
2005-12-13,1267.4300537109375,11.109999656677246,,0.039021140130487644,411665.26386750065,-252.11811355226982,411413.14575394837,44.00764196912646,0.0,True,False
2005-12-14,1272.739990234375,10.479999542236328,,0.03881638521646549,411709.27621445653,-232.82367258614113,411476.4525418704,44.012346955864615,0.0,True,False
2005-12-15,1270.93994140625,10.729999542236328,,0.03912352150729249,411753.0622847474,-229.22751599113082,411523.83476875623,43.78607029083564,0.0,True,False
2005-12-16,1267.3199462890625,10.68000030517578,,0.03912352150729249,411797.19952632196,-202.81217607765524,411594.38735024433,44.13724157461208,0.0,True,False
2005-12-19,1259.9200439453125,11.380000114440918,,0.039635467594594666,411929.6396404202,-193.5753777735731,411736.06426264666,132.44011409826732,0.0,True,False
2005-12-20,1259.6199951171875,11.1899995803833,,0.03953307314958572,411974.37364149885,-178.82229021667558,411795.55135128216,44.73400107861416,0.0,True,False
2005-12-21,1262.7900390625,10.8100004196167,,0.03973786465364425,412018.99691569223,-162.3683936496357,411856.6285220426,44.62327419340575,0.0,True,False
2005-12-22,1268.1199951171875,10.289999961853027,,0.039635467594594666,412063.8562209648,-146.99388579536674,411916.86233516946,44.85930527255116,0.0,True,False
2005-12-23,1268.6600341796875,10.270000457763672,,0.03973786465364425,412108.60479745653,-141.26748355726798,411967.33731389925,44.748576491697065,0.0,True,False
2005-12-27,1256.5400390625,11.56999969482422,,0.03973786465364425,412288.1103567441,-143.47176266742977,412144.6385940767,179.505559287565,0.0,True,False
2005-12-28,1258.1700439453125,11.350000381469728,,0.03943068131848483,412332.9989622239,-132.42216500276007,412200.57679722115,44.88860547981214,0.0,True,False
2005-12-29,1254.4200439453125,11.609999656677246,,0.03994266661440099,412377.5453986938,-133.66336790116026,412243.88203079265,44.54643646993389,0.0,True,False
2005-12-30,1248.2900390625,12.06999969482422,,0.040659555838967396,412269.92404410464,0.0,412269.92404410464,45.129753698702615,1.14100096000071,False,False
2006-01-03,1268.800048828125,11.140000343322754,,0.04147901473514969,412595.58862398384,-311.92269328472577,412283.6659306991,183.74188659442947,0.0,True,False
2006-01-04,1273.4599609375,11.369999885559082,,0.04168390562097403,412642.47911978536,-347.5035678299224,412294.97555195546,46.89049580150535,0.0,True,False
2006-01-05,1273.47998046875,11.3100004196167,,0.041786354988887824,412689.6066057168,-333.1019640869303,412356.5046416299,47.12748593147252,0.0,True,False
2006-01-06,1285.449951171875,11.0,,0.04199126157538794,412736.8553223164,-402.51026186327323,412334.3450604531,47.24871659957172,0.0,True,False
2006-01-09,1290.1500244140625,11.130000114440918,,0.04219617863034214,412879.32928734936,-432.2066818384076,412447.12260551093,142.4739650329824,0.0,True,False
2006-01-10,1289.68994140625,10.859999656677246,,0.042708517074234724,412927.0633613487,-390.7659835010878,412536.2973778476,47.73407399931043,0.0,True,False
2006-01-11,1294.1800537109375,10.9399995803833,,0.04281099261662742,412975.3826335079,-443.45240551093667,412531.93022799696,48.319272159187804,0.0,True,False
2006-01-12,1286.06005859375,11.199999809265137,,0.043015951556096534,413023.8235182687,-352.1091685104781,412671.71434975823,48.4408847608012,0.0,True,False
2006-01-13,1287.6099853515625,11.229999542236328,,0.04311843495344054,413072.5020381038,-357.9406471862899,412714.5613909175,48.67851983512658,0.0,True,False
2006-01-17,1282.9300537109375,11.90999984741211,,0.043630891221611366,413267.7376392598,-308.62536017653383,412959.11227908323,195.2356011559452,0.0,True,False
2006-01-18,1277.9300537109375,12.25,,0.043323409604017406,413317.1412487026,-279.53961114365484,413037.60163755895,49.4036094428037,0.0,True,False
2006-01-19,1285.0400390625,11.979999542236328,,0.043323409604017406,413366.20253784454,-303.6123338133993,413062.59020403115,49.06128914195375,0.0,True,False
2006-01-20,1261.489990234375,14.5600004196167,,0.043323409604017406,413415.2696506262,-310.7548750166987,413104.5147756095,49.06711278160489,0.0,True,False
2006-01-23,1263.8199462890625,13.93000030517578,,0.043630891221611366,413562.5059377221,-245.45709317194974,413317.04884455015,147.23628709591495,0.0,True,False
2006-01-24,1266.8599853515625,13.3100004196167,,0.04383589206272108,413611.94478489715,-212.76716226279814,413399.17762263434,49.43884717507029,0.0,True,False
2006-01-25,1264.6800537109375,12.869999885559082,,0.04404090338191805,413661.62187356944,-182.50520053468293,413479.11667303473,49.67708867232046,0.0,True,False
2006-01-26,1273.8299560546875,12.420000076293944,,0.044245925180273475,413711.5373000349,-172.9637297495944,413538.5735702853,49.91542646543879,0.0,True,False
2006-01-27,1283.719970703125,11.970000267028809,,0.044245925180273475,413567.4116133527,0.0,413567.4116133527,50.153860973018396,-52.35685437044666,False,False
2006-01-30,1285.18994140625,12.390000343322754,,0.04465600021874516,413717.8390143059,0.0,413717.8390143059,150.42740095319292,0.0,False,False
2006-01-31,1280.0799560546875,12.949999809265137,,0.04455347752857206,413951.45465544815,-352.99615040670204,413598.45850504143,50.61949073553704,0.0,True,False
2006-02-01,1282.4599609375,12.359999656677246,,0.04455347752857206,414001.9864431014,-316.7653724547935,413685.22107064666,50.5317876532914,0.0,True,False
2006-02-02,1270.8399658203125,13.229999542236328,,0.04455347752857206,414052.5243992596,-313.0486536356524,413739.47574562393,50.53795615816008,0.0,True,False
2006-02-03,1264.030029296875,12.960000038146973,,0.04455347752857206,414103.0685246756,-278.0551732258746,413825.01335144974,50.544125416029075,0.0,True,False
2006-02-06,1265.02001953125,13.039999961853027,,0.04465600021874516,414254.7379240022,-260.95588426115546,413993.78203974105,151.66939932658906,0.0,True,False
2006-02-07,1254.780029296875,13.59000015258789,,0.04475852552951106,414305.4231057639,-279.4816334096322,414025.9414723543,50.68518176169643,0.0,True,False
2006-02-08,1265.6500244140625,12.829999923706056,,0.0448610534610046,414356.2308780224,-237.8775717894148,414118.35330623295,50.80777225846782,0.0,True,False
2006-02-09,1263.780029296875,13.119999885559082,,0.0449635840133589,414407.16128733155,-242.1026090699173,414165.05867826164,50.9304093091452,0.0,True,False
2006-02-10,1266.989990234375,12.869999885559082,,0.04506611718670883,414458.21438035544,-225.72943240359314,414232.48494795186,51.05309302388949,0.0,True,False
2006-02-13,1262.8599853515625,13.350000381469728,,0.045373732434068954,414611.76080870064,-221.8502387039406,414389.9105699967,153.546428345186,0.0,True,False
2006-02-14,1275.530029296875,12.25,,0.045373732434068954,414663.3050619946,-180.53982264032956,414482.7652393543,51.544253293942774,0.0,True,False
2006-02-15,1280.0,12.3100004196167,,0.04527119139692984,414714.8557232352,-181.77311402270243,414533.0826092125,51.55066124060219,0.0,True,False
2006-02-16,1289.3800048828125,11.479999542236328,,0.04527119139692984,414766.2962711036,-167.205715595357,414599.0905555083,51.440547868418236,0.0,True,False
2006-02-17,1287.239990234375,12.010000228881836,,0.0451686529811875,414817.7431995729,-172.28867643697427,414645.4545231359,51.44692846927804,0.0,True,False
2006-02-21,1283.030029296875,12.40999984741211,,0.0454762760927398,415023.128369941,-144.14472593516916,414878.98364400584,205.3851703681221,0.0,True,False
2006-02-22,1292.6700439453125,11.880000114440918,,0.0454762760927398,415074.8403759162,-143.08014917537096,414931.76022674085,51.712005975217416,0.0,True,False
2006-02-23,1287.7900390625,11.869999885559082,,0.04568137127521102,415126.55882522283,-124.62754022597677,415001.93128499686,51.71844930663483,0.0,True,False
2006-02-24,1289.4300537109375,11.460000038146973,,0.045783922799279536,415055.5746104635,0.0,415055.5746104635,51.95818409775623,60.05375154958263,False,False
2006-02-27,1294.1199951171875,11.59000015258789,,0.04598903371375363,415211.7919936147,0.0,415211.7919936147,156.21738315120402,0.0,False,False
2006-02-28,1280.6600341796875,12.34000015258789,,0.04598903371375363,415264.1108761421,0.0,415264.1108761421,52.318882527401456,0.0,False,False
2006-03-01,1291.239990234375,11.539999961853027,,0.045783922799279536,415316.4363511255,0.0,415316.4363511255,52.32547498340029,0.0,False,False
2006-03-02,1289.1400146484375,11.720000267028809,,0.04588647694541601,415368.53500393254,0.0,415368.53500393254,52.09865280706074,0.0,False,False
2006-03-03,1287.22998046875,11.960000038146973,,0.04588647694541601,415420.75691302825,0.0,415420.75691302825,52.22190909569568,0.0,False,False
2006-03-06,1278.260009765625,12.739999771118164,,0.045783922799279536,415577.462036988,0.0,415577.462036988,156.7051239597567,0.0,False,False
2006-03-07,1275.8800048828125,12.65999984741211,,0.045783922799279536,415794.46544420137,-334.8720104901264,415459.59343371127,52.13139672324415,0.0,True,False
2006-03-08,1278.469970703125,12.31999969482422,,0.0455788223730755,415846.6240625421,-317.08217441391497,415529.5418881282,52.15861834074065,0.0,True,False
2006-03-09,1272.22998046875,12.68000030517578,,0.04568137127521102,415898.5555224746,-300.1156253437844,415598.43989713077,51.93145993248226,0.0,True,False
2006-03-10,1281.4200439453125,11.850000381469728,,0.04588647694541601,415950.61033143447,-284.74368300113497,415665.8666484333,52.05480895989991,0.0,True,False
2006-03-13,1284.1300048828125,11.369999885559082,,0.04588647694541601,416107.515326836,-243.3125417269127,415864.20278510905,156.9049954014941,0.0,True,False
2006-03-14,1297.47998046875,10.739999771118164,,0.04568137127521102,416159.8301436991,-290.8448944670542,415868.98524923204,52.31481686312156,0.0,True,False
2006-03-15,1303.02001953125,11.350000381469728,,0.04598903371375363,416211.9176543847,-386.6618444023703,415825.2558099823,52.08751068562921,0.0,True,False
2006-03-16,1305.3299560546875,11.979999542236328,,0.04588647694541601,416264.36255803664,-452.8301422128723,415811.5324158238,52.444903651963514,0.0,True,False
2006-03-17,1307.25,12.119999885559082,,0.04609159310442741,416316.6970944046,-476.3912113577059,415840.3058830469,52.33453636799352,0.0,True,False
2006-03-20,1305.0799560546875,11.789999961853027,,0.04639928701180315,416474.4423130874,-377.22910596670783,416097.2132071207,157.74521868277975,0.0,True,False
2006-03-21,1297.22998046875,11.619999885559082,,0.046604429397524544,416527.38846510876,-267.77799866919406,416259.61046643957,52.94615202137997,0.0,True,False
2006-03-22,1305.0400390625,11.210000038146973,,0.046604429397524544,416580.57548049703,-307.1372291384395,416273.4382513586,53.187015388278795,0.0,True,False
2006-03-23,1301.6700439453125,11.170000076293944,,0.04639928701180315,416633.76928741613,-255.78372221021678,416377.9855652059,53.193806919122274,0.0,True,False
2006-03-24,1302.949951171875,11.1899995803833,,0.04629671975331805,416686.73569458246,-256.634844713552,416430.1008498689,52.96640716634652,0.0,True,False
2006-03-27,1301.6099853515625,11.460000038146973,,0.04598903371375363,416845.3239125416,-221.4263375948085,416623.8975749468,158.58821795918547,0.0,True,False
2006-03-28,1293.22998046875,11.579999923706056,,0.046194155117570544,416897.84862873325,-161.6911495880053,416736.1574791452,52.524716191615916,0.0,True,False
2006-03-29,1302.8900146484375,10.949999809265137,,0.04598903371375363,416950.61427967675,-182.77471306461302,416767.83956661215,52.76565094348231,0.0,True,False
2006-03-30,1300.25,11.56999969482422,,0.04588647694541601,417003.15226301167,-180.22832846549613,416822.9239345462,52.53798333492839,0.0,True,False
2006-03-31,1294.8699951171875,11.390000343322754,,0.04609159310442741,416909.5972643988,0.0,416909.5972643988,52.427420170118005,18.889591707153627,False,False
2006-04-03,1297.81005859375,11.56999969482422,,0.04639928701180315,417067.5671369752,0.0,417067.5671369752,157.96987257637937,0.0,False,False
2006-04-04,1305.9300537109375,11.140000343322754,,0.04650185689316091,417263.51657136116,-312.92787875297944,416950.5886926082,53.021555632988886,0.0,True,False
2006-04-05,1311.56005859375,11.130000114440918,,0.04639928701180315,417316.6803094827,-335.83520634017987,416980.8451031425,53.16373812149698,0.0,True,False
2006-04-06,1309.0400390625,11.449999809265137,,0.04650185689316091,417369.7335347274,-334.08473114230645,417035.6488035851,53.05322524476352,0.0,True,False
2006-04-07,1295.5,12.260000228881836,,0.046604429397524544,417422.91080600146,-324.07239536073104,417098.8384106407,53.17727127404975,0.0,True,False
2006-04-10,1296.6199951171875,12.1899995803833,,0.04670700452502913,417582.83532325976,-296.2933824158305,417286.5419408439,159.92451725829818,0.0,True,False
2006-04-11,1286.5699462890625,13.0,,0.04670700452502913,417636.2744776264,-323.06679530596716,417313.2076823204,53.43915436660443,0.0,True,False
2006-04-12,1288.1199951171875,12.760000228881836,,0.04670700452502913,417689.72047073964,-302.37600416365166,417387.344466576,53.44599311326222,0.0,True,False
2006-04-13,1289.1199951171875,12.380000114440918,,0.04670700452502913,417743.17330347473,-275.7334509905418,417467.4398524842,53.452832735092095,0.0,True,False
2006-04-17,1285.3299560546875,12.579999923706056,,0.04701474564772673,417957.05304814084,-257.95107533976085,417699.1019728011,213.87974466609802,0.0,True,False
2006-04-18,1307.280029296875,11.399999618530272,,0.04701474564772673,418010.89252797177,-208.58666102654578,417802.30586694524,53.839479830929974,0.0,True,False
2006-04-19,1309.9300537109375,11.31999969482422,,0.04701474564772673,418064.73894317937,-203.43992227563766,417861.2990209037,53.84641520758488,0.0,True,False
2006-04-20,1311.4599609375,11.640000343322754,,0.04701474564772673,418118.592294657,-214.46246088977387,417904.12983376725,53.85335147762602,0.0,True,False
2006-04-21,1311.280029296875,11.59000015258789,,0.04721991951435448,418172.4525832982,-201.35961522842712,417971.0929680698,53.86028864116845,0.0,True,False
2006-04-24,1308.1099853515625,11.75,,0.04732251038351998,418334.7805438145,-171.42423910934792,418163.35630470514,162.32796051627034,0.0,True,False
2006-04-25,1301.739990234375,11.75,,0.04763029873603194,418389.0214626544,-157.3401434428184,418231.6813192116,54.24091883993545,0.0,True,False
2006-04-26,1305.4100341796875,11.760000228881836,,0.04763029873603194,418443.6222691701,-151.6690693084459,418291.9531998617,54.6008065157242,0.0,True,False
2006-04-27,1309.719970703125,11.84000015258789,,0.04752769999422446,418498.2302012267,-150.90160174904395,418347.32859947765,54.60793205659462,0.0,True,False
2006-04-28,1310.6099853515625,11.59000015258789,,0.04742510387676492,418405.65270486753,0.0,418405.65270486753,54.49740650194771,-4.147024108190616,False,False
2006-05-01,1305.18994140625,12.539999961853027,,0.047938110708888315,418568.7770833839,0.0,418568.7770833839,163.12437851634868,0.0,False,False
2006-05-02,1313.2099609375,11.989999771118164,,0.04783550409322959,418799.20128882304,-345.44690653462624,418453.75438228843,54.97729890458095,0.0,True,False
2006-05-03,1308.1199951171875,11.989999771118164,,0.047938110708888315,418854.0911072337,-311.99643533903964,418542.0946718947,54.88981841067542,0.0,True,False
2006-05-04,1312.25,11.859999656677246,,0.04773290010232253,418909.1058809697,-312.27701713171456,418596.828863838,55.01477373602958,0.0,True,False
2006-05-05,1325.760009765625,11.619999885559082,,0.047938110708888315,418963.8923303739,-377.1617259248532,418586.73060444905,54.78644940419449,0.0,True,False
2006-05-08,1324.6600341796875,12.0,,0.04845118316314934,419129.00160193787,-361.86769612671867,418767.1339058112,165.10927156390986,0.0,True,False
2006-05-09,1325.1400146484375,11.989999771118164,,0.048553805530135836,419184.6417222409,-353.0214079011972,418831.6203143397,55.640120303050594,0.0,True,False
2006-05-10,1322.8499755859375,11.779999732971191,,0.048553805530135836,419240.4071012986,-308.2708650167393,418932.1362362819,55.76537905771861,0.0,True,False
2006-05-11,1305.9200439453125,12.489999771118164,,0.047938110708888315,419296.1798989905,-263.9096825063659,419032.27021648415,55.772797691876285,0.0,True,False
2006-05-12,1291.239990234375,14.1899995803833,,0.048143331814996124,419351.25273928326,-325.6337622591679,419025.6189770241,55.07284029277597,0.0,True,False
2006-05-15,1294.5,13.56999969482422,,0.04834856342172042,419517.22228509944,-269.2399438092443,419247.9823412902,165.96954581617638,0.0,True,False
2006-05-16,1292.0799560546875,13.350000381469728,,0.04804071994943209,419572.79597949027,-253.92336318394433,419318.87261630635,55.57369439079916,0.0,True,False
2006-05-17,1270.3199462890625,16.260000228881836,,0.04804071994943209,419628.023118495,-416.6840072224171,419211.3391112726,55.22713900471102,0.0,True,False
2006-05-18,1261.81005859375,16.989999771118164,,0.04804071994943209,419683.25752688636,-477.8351651941967,419205.4223616922,55.23440839136305,0.0,True,False
2006-05-19,1267.030029296875,17.18000030517578,,0.047938110708888315,419738.49920562125,-448.4129398681772,419290.0862657531,55.24167873486315,0.0,True,False
2006-05-22,1262.0699462890625,17.719999313354492,,0.04804071994943209,419903.91374162264,-464.97654414902286,419438.9371974736,165.41453600139897,0.0,True,False
2006-05-23,1256.5799560546875,18.260000228881836,,0.048143331814996124,419959.18446468917,-509.2662991061,419449.91816558305,55.270723066526855,0.0,True,False
2006-05-24,1258.5699462890625,17.360000610351562,,0.047938110708888315,420014.580540889,-455.5078522097298,419559.07268867927,55.396076199853304,0.0,True,False
2006-05-25,1272.8800048828125,15.5,,0.047938110708888315,420069.7477401712,-302.58042305442103,419767.1673171168,55.16719928223072,0.0,True,False
2006-05-26,1280.1600341796875,14.260000228881836,,0.048143331814996124,419886.67134634743,0.0,419886.67134634743,55.17444526848368,-62.803932557614765,False,False
2006-05-30,1259.8699951171875,18.65999984741211,,0.048143331814996124,420108.26123031386,0.0,420108.26123031386,221.5898839664286,0.0,False,False
2006-05-31,1270.0899658203125,16.440000534057617,,0.04834856342172042,420163.67697096727,0.0,420163.67697096727,55.41574065338514,0.0,False,False
2006-06-01,1285.7099609375,14.520000457763672,,0.04804071994943209,420219.3363015924,0.0,420219.3363015924,55.659330625121626,0.0,False,False
2006-06-02,1288.219970703125,14.31999969482422,,0.04783550409322959,420274.64854280726,0.0,420274.64854280726,55.312241214823395,0.0,False,False
2006-06-05,1265.2900390625,16.649999618530273,,0.04824594630571383,420439.91979482194,0.0,420439.91979482194,165.27125201469065,0.0,False,False
2006-06-06,1263.8499755859375,17.34000015258789,,0.04834856342172042,420674.0187758162,-348.52127561030557,420325.4975002059,55.57770538396467,0.0,True,False
2006-06-07,1256.1500244140625,17.799999237060547,,0.04834856342172042,420729.74571172183,-334.8288607550269,420394.9168509668,55.72693590564632,0.0,True,False
2006-06-08,1257.9300537109375,18.350000381469727,,0.04834856342172042,420785.4800298076,-356.79016474522484,420428.68986506236,55.734318085783016,0.0,True,False
2006-06-09,1252.300048828125,18.1200008392334,,0.04845118316314934,420841.22173105145,-320.92822133545724,420520.293509716,55.74170124384148,0.0,True,False
2006-06-12,1237.43994140625,20.959999084472656,,0.049066956753127035,421008.8462432444,-386.91112679667043,420621.93511644774,167.62451219298907,0.0,True,False
2006-06-13,1223.68994140625,23.809999465942383,,0.04865643052281336,421065.4462745207,-482.89816904629134,420582.54810547445,56.600031276283595,0.0,True,False
2006-06-14,1230.0400390625,21.459999084472656,,0.04865643052281336,421121.5802669638,-381.9131285376325,420739.66713842616,56.1339924430723,0.0,True,False
2006-06-15,1256.1600341796875,15.899999618530272,,0.048143331814996124,421177.72174286377,-197.76242636541116,420979.95931649837,56.141475899944574,0.0,True,False
2006-06-16,1251.5400390625,17.25,,0.04845118316314934,421233.27855416934,-227.36030558904642,421005.9182485803,55.556811305575934,0.0,True,False
2006-06-19,1240.1300048828125,17.829999923706055,,0.049066956753127035,421401.0592258123,-220.25414988054584,421180.80507593177,167.7806716429991,0.0,True,False
2006-06-20,1240.1199951171875,16.690000534057617,,0.048964321256339406,421457.7119858312,-187.97850346713204,421269.7334823641,56.65276001887035,0.0,True,False
2006-06-21,1252.199951171875,15.520000457763672,,0.04886168838578122,421514.25383525953,-152.92347337520587,421361.3303618843,56.541849428323786,0.0,True,False
2006-06-22,1245.5999755859375,15.880000114440918,,0.04886168838578122,421570.6847304505,-157.37763666399587,421413.3070937865,56.4308951909767,0.0,True,False
2006-06-23,1244.5,15.890000343322754,,0.049374879002207155,421627.12318041787,-153.15086589903285,421473.9723145188,56.43844996736464,0.0,True,False
2006-06-26,1250.56005859375,15.619999885559082,,0.05009345619317063,421798.2630125513,-130.33568659083969,421667.9273259605,171.13983213343207,0.0,True,False
2006-06-27,1239.199951171875,16.399999618530273,,0.050196120587349895,421856.15556815814,-144.51075858017478,421711.64480957796,57.89255560683817,0.0,True,False
2006-06-28,1246.0,15.789999961853027,,0.04978547877634211,421914.17474237946,-126.15977028309229,421788.01497209637,58.01917422132062,0.0,True,False
2006-06-29,1272.8699951171875,13.029999732971191,,0.04978547877634211,421869.2389856182,0.0,421869.2389856182,57.55241588163283,76.03310296741773,False,False
2006-06-30,1270.199951171875,13.079999923706056,,0.04968282489218797,421926.7852719088,0.0,421926.7852719088,57.54628629055508,0.0,False,False
2006-07-03,1280.18994140625,13.050000190734863,,0.0506068044438388,422099.11509559257,0.0,422099.11509559257,172.32982368375286,0.0,False,False
2006-07-05,1270.9100341796875,14.149999618530272,,0.04978547877634211,422345.6862602687,-299.5078806430963,422046.1783796256,117.06328403301545,0.0,True,False
2006-07-06,1274.0799560546875,13.649999618530272,,0.04968282489218797,422403.29753771937,-276.47458258257797,422126.82295513677,57.61127745069587,0.0,True,False
2006-07-07,1265.47998046875,13.970000267028809,,0.04988813528780124,422460.7978594242,-256.7713985708383,422204.02646085335,57.50032170480856,0.0,True,False
2006-07-10,1267.3399658203125,14.020000457763672,,0.05029878760937217,422634.05897980084,-240.0952039270023,422393.9637758738,173.2611203766261,0.0,True,False
2006-07-11,1272.4300537109375,13.140000343322754,,0.050196120587349895,422692.30403613875,-207.47102092415258,422484.8330152146,58.24505633789479,0.0,True,False
2006-07-12,1258.5999755859375,14.489999771118164,,0.05029878760937217,422750.4382084299,-230.90728104476108,422519.53092738515,58.13417229115635,0.0,True,False
2006-07-13,1242.280029296875,17.790000915527344,,0.050196120587349895,422808.6993035005,-347.20135800132385,422461.4979454992,58.2610950706567,0.0,True,False
2006-07-14,1236.199951171875,18.049999237060547,,0.05029878760937217,422866.8494839907,-352.79046093675663,422514.0590230539,58.15018049017505,0.0,True,False
2006-07-17,1234.489990234375,18.63999938964844,18.049999237060547,0.05081216214182949,423041.7049940427,-347.1966356137773,422694.5083584289,174.85551005200105,0.0,True,True
2006-07-18,1236.8599853515625,17.739999771118164,17.219999313354492,0.05101753035441975,423100.6013228019,-304.5949181411912,422796.0064046607,58.89632875920234,0.0,True,True
2006-07-19,1259.81005859375,15.550000190734863,15.600000381469728,0.05081216214182949,423159.74394305126,-213.2119385966372,422946.53200445464,59.14262024938136,0.0,True,False
2006-07-20,1249.1300048828125,16.209999084472656,16.309999465942383,0.05050412953748208,423218.65670532204,-226.1072525539645,422992.54945276806,58.912762270757185,0.0,True,False
2006-07-21,1240.2900390625,17.399999618530273,17.040000915527344,0.0506068044438388,423277.22045513685,-263.87622154926805,423013.34423358756,58.56374981482581,0.0,True,True
2006-07-24,1260.9100341796875,14.979999542236328,15.40999984741211,0.05070948197857671,423453.31768585957,-156.4633291364139,423296.85435672314,176.0972307227492,0.0,True,False
2006-07-25,1268.8800048828125,14.850000381469728,14.609999656677246,0.05101753035441975,423512.15217923146,-153.18621545412913,423358.96596377733,58.834493371918214,0.0,True,True
2006-07-26,1268.4000244140625,14.619999885559082,14.579999923706056,0.05081216214182949,423571.3523276336,-139.33967708467236,423432.01265054895,59.20014840211625,0.0,True,True
2006-07-27,1263.199951171875,14.9399995803833,15.15999984741211,0.05070948197857671,423630.3223944737,-135.69033389708312,423494.63206057664,58.9700668401465,0.0,True,False
2006-07-28,1278.550048828125,14.329999923706056,14.630000114440918,0.050401457259371084,423554.65236029134,0.0,423554.65236029134,58.85908635990723,-5.021239899164991,False,False
2006-07-31,1276.6600341796875,14.949999809265137,15.25,0.05070948197857671,423730.14984577434,0.0,423730.14984577434,175.49748548303396,0.0,False,False
2006-08-01,1270.9200439453125,15.050000190734863,15.390000343322754,0.0509148449337326,423981.5655011778,-362.5426990435503,423619.0228021343,58.8729563599204,0.0,True,False
2006-08-02,1277.4100341796875,14.34000015258789,15.0600004196167,0.05070948197857671,424040.71197061316,-356.330716568323,423684.3812540448,59.14646943535504,0.0,True,False
2006-08-03,1280.27001953125,14.460000038146973,15.050000190734863,0.05081216214182949,424099.6280763936,-366.50807816975004,423733.11999822385,58.91610578044036,0.0,True,False
2006-08-04,1279.3599853515625,14.34000015258789,15.09000015258789,0.0506068044438388,424158.67169036117,-345.57988612592425,423813.09180423524,59.04361396755069,0.0,True,False
2006-08-07,1275.77001953125,15.229999542236328,15.350000381469728,0.0509148449337326,424335.1356337583,-327.01518757669163,424008.1204461816,176.46394339718333,0.0,True,False
2006-08-08,1271.47998046875,15.229999542236328,15.470000267028809,0.05070948197857671,424394.33142709534,-297.50217908119254,424096.82924801414,59.19579333700913,0.0,True,False
2006-08-09,1265.949951171875,15.199999809265137,15.579999923706056,0.050401457259371084,424453.2966646707,-268.1260066239697,424185.1706580467,58.96523757537417,0.0,True,False
2006-08-10,1271.81005859375,14.460000038146973,15.279999732971191,0.050196120587349895,424511.9118476893,-247.99309044396648,424263.91875724535,58.615183018588425,0.0,True,False
2006-08-11,1266.739990234375,14.300000190734863,15.279999732971191,0.050401457259371084,424570.2962762378,-219.057664598047,424351.23861163977,58.38442854850701,0.0,True,False
2006-08-14,1268.2099609375,14.260000228881836,15.279999732971191,0.0509148449337326,424746.2145880591,-192.18643075163826,424554.0281573075,175.91831182126793,0.0,True,False
2006-08-15,1285.5799560546875,13.420000076293944,14.520000457763672,0.05070948197857671,424805.46772791963,-203.2105121716003,424602.257215748,59.253139860500845,0.0,True,False
2006-08-16,1295.4300537109375,12.40999984741211,14.029999732971191,0.050401457259371084,424864.4900886653,-198.41538940031384,424666.07469926495,59.02236074564,0.0,True,False
2006-08-17,1297.47998046875,12.239999771118164,13.380000114440918,0.0506068044438388,424923.16205573524,-190.749846083327,424732.4122096519,58.67196706996198,0.0,True,False
2006-08-18,1302.300048828125,11.640000343322754,13.100000381469728,0.05070948197857671,424982.0812178904,-180.10974503643482,424801.9714728539,58.9191621551193,0.0,True,False
2006-08-21,1297.52001953125,12.220000267028809,13.420000076293944,0.05081216214182949,425159.24652904604,-143.71221876585196,425015.53431028017,177.16531115568253,0.0,True,False
2006-08-22,1298.8199462890625,12.1899995803833,13.43000030517578,0.05070948197857671,425218.43766425323,-137.12993816104284,425081.3077260922,59.19113520720628,0.0,True,False
2006-08-23,1292.989990234375,12.399999618530272,13.5600004196167,0.0506068044438388,425277.51740293397,-115.96750458578538,425161.54989834817,59.07973868074463,0.0,True,False
2006-08-24,1296.06005859375,12.399999618530272,13.579999923706056,0.0506068044438388,425336.48569943156,-115.45332629275518,425221.0323731388,58.96829649757578,0.0,True,False
2006-08-25,1295.0899658203125,12.3100004196167,13.510000228881836,0.05081216214182949,425281.4354441898,0.0,425281.4354441898,58.97647294671671,78.51597085508253,False,False
2006-08-28,1301.780029296875,12.18000030517578,13.359999656677246,0.05070948197857671,425459.08461385075,0.0,425459.08461385075,177.6491696609513,0.0,False,False
2006-08-29,1304.280029296875,12.279999732971191,13.380000114440918,0.050401457259371084,425518.1977879558,0.0,425518.1977879558,59.11317410507533,0.0,False,False
2006-08-30,1305.3699951171875,12.220000267028809,13.31999969482422,0.050196120587349895,425576.96002926026,0.0,425576.96002926026,58.762241304455316,0.0,False,False
2006-08-31,1303.8199462890625,12.3100004196167,13.300000190734863,0.050196120587349895,425635.49093716004,0.0,425635.49093716004,58.53090789978599,0.0,False,False
2006-09-01,1311.010009765625,11.960000038146973,13.1899995803833,0.04988813528780124,425694.02989499556,0.0,425694.02989499556,58.53895783552343,0.0,False,False
2006-09-05,1313.25,12.630000114440918,13.359999656677246,0.04968282489218797,426119.6445731411,-362.8159080222093,425756.8286651189,232.79877012333787,0.0,True,False
2006-09-06,1300.260009765625,13.739999771118164,14.31999969482422,0.049374879002207155,426177.65078850574,-361.88869903369635,425815.76208947203,58.00621536460979,0.0,True,False
2006-09-07,1294.02001953125,13.880000114440918,14.470000267028809,0.049374879002207155,426235.30529056344,-345.72290884172673,425889.5823817217,57.654502057725345,0.0,True,False
2006-09-08,1298.9200439453125,13.15999984741211,14.1899995803833,0.048964321256339406,426292.9675922831,-316.42605513218484,425976.5415371509,57.66230171967705,0.0,True,False
2006-09-11,1299.5400390625,12.989999771118164,14.199999809265137,0.049066956753127035,426464.562221379,-282.1764833341091,426182.3857380449,171.59462909591798,0.0,True,False
2006-09-12,1313.0,11.920000076293944,13.520000457763672,0.048759058141317174,426521.8957139537,-258.6133729108549,426263.2823410429,57.333492574668114,0.0,True,False
2006-09-13,1318.0699462890625,11.18000030517578,13.34000015258789,0.04886168838578122,426578.8770702808,-236.91915085599032,426341.9579194248,56.981356327072525,0.0,True,False
2006-09-14,1316.280029296875,11.550000190734863,13.550000190734863,0.04916959487627763,426635.98600001115,-233.8038153778501,426402.1821846333,57.1089297303946,0.0,True,False
2006-09-15,1319.6600341796875,11.760000228881836,13.40999984741211,0.049272235625926496,426693.4625249653,-241.97296742599573,426451.4895575393,57.476524954139016,0.0,True,False
2006-09-18,1321.1800537109375,11.779999732971191,13.399999618530272,0.04916959487627763,426866.29867743095,-210.3044923714388,426655.9941850595,172.83615246569374,0.0,True,False
2006-09-19,1317.6400146484375,11.979999542236328,13.550000190734863,0.04916959487627763,426923.8062301764,-193.57841999261922,426730.2278101838,57.50755274547721,0.0,True,False
2006-09-20,1325.1800537109375,11.390000343322754,13.279999732971191,0.049066956753127035,426981.32153035625,-183.8723596214208,426797.44917073485,57.51530017982146,0.0,True,False
2006-09-21,1318.030029296875,12.25,13.609999656677246,0.04886168838578122,427038.7244955639,-182.16305775056435,426856.56143781333,57.40296520763394,0.0,True,False
2006-09-22,1314.780029296875,12.59000015258789,14.09000015258789,0.048964321256339406,427095.8949881041,-174.62946890183463,426921.2655192023,57.170492540249505,0.0,True,False
2006-09-25,1326.3699951171875,12.119999885559082,13.460000038146973,0.048553805530135836,427267.8128175321,-156.73094066376294,427111.0818768683,171.91782942796905,0.0,True,False
2006-09-26,1336.3499755859375,11.529999732971191,13.100000381469728,0.048553805530135836,427324.65352487064,-162.42945937611915,427162.2240654945,56.84070733850995,0.0,True,False
2006-09-27,1336.5899658203125,11.579999923706056,13.220000267028809,0.048553805530135836,427381.5017938974,-149.46938551019494,427232.0324083872,56.848269026785594,0.0,True,False
2006-09-28,1338.8800048828125,11.720000267028809,13.289999961853027,0.04845118316314934,427438.35762561846,-152.9685318357161,427285.38909378275,56.85583172101511,0.0,True,False
2006-09-29,1335.8499755859375,11.979999542236328,13.449999809265137,0.04865643052281336,427349.7211123916,0.0,427349.7211123916,56.74320209178723,47.4361927035777,False,False
2006-10-02,1331.3199462890625,12.56999969482422,13.59000015258789,0.048553805530135836,427520.6592249088,0.0,427520.6592249088,170.93811251718816,0.0,False,False
2006-10-03,1334.1099853515625,12.239999771118164,13.5,0.048759058141317174,427790.95601939375,-383.422450237224,427407.53356915654,56.87434424775551,0.0,True,False
2006-10-04,1350.199951171875,11.859999656677246,13.239999771118164,0.048964321256339406,427848.1069163193,-475.69110118514743,427372.4158151341,57.15089692555406,0.0,True,False
2006-10-05,1353.219970703125,11.979999542236328,13.279999732971191,0.049066956753127035,427905.5060872242,-499.5145354727458,427405.99155175145,57.399170904883526,0.0,True,False
2006-10-06,1349.5899658203125,11.5600004196167,13.079999923706056,0.04916959487627763,427963.0332989299,-420.00454898081074,427543.0287499491,57.52721170575517,0.0,True,False
2006-10-09,1350.6600341796875,11.68000030517578,13.0600004196167,0.04916959487627763,428136.0225174595,-387.8474557118966,427748.1750617476,172.98921852961348,0.0,True,False
2006-10-10,1353.4200439453125,11.520000457763672,13.050000190734863,0.04968282489218797,428193.7011277725,-390.9298343287648,427802.77129344374,57.678610312984574,0.0,True,False
2006-10-11,1349.949951171875,11.619999885559082,13.100000381469728,0.04988813528780124,428251.98967738927,-347.88058195448485,427904.1090954348,58.28854961678172,0.0,True,False
2006-10-12,1362.8299560546875,11.09000015258789,12.420000076293944,0.05029878760937217,428310.527083762,-426.27945485450624,427884.2476289075,58.53740637274614,0.0,True,False
2006-10-13,1365.6199951171875,10.75,12.199999809265137,0.050196120587349895,428369.55443910655,-419.47468725954405,427950.079751847,59.02735534454271,0.0,True,False
2006-10-16,1369.06005859375,11.09000015258789,12.350000381469728,0.0506068044438388,428546.32369448413,-434.8550051354375,428111.4686893487,176.76925537758217,0.0,True,False
2006-10-17,1364.050048828125,11.729999542236328,12.630000114440918,0.0506068044438388,428605.7452384042,-393.85720662945715,428211.8880317747,59.42154392003626,0.0,True,False
2006-10-18,1365.800048828125,11.34000015258789,12.470000267028809,0.0506068044438388,428665.17502161994,-368.1056387917816,428297.06938282814,59.42978321573573,0.0,True,False
2006-10-19,1366.9599609375,10.899999618530272,12.3100004196167,0.05070948197857671,428724.6130452738,-329.4650506192091,428395.1479946546,59.438023653882695,0.0,True,False
2006-10-20,1368.5999755859375,10.630000114440918,12.0600004196167,0.0506068044438388,428784.1799310463,-309.2945931614678,428474.8853378848,59.56688577252506,0.0,True,False
2006-10-23,1377.02001953125,11.079999923706056,12.210000038146973,0.0509148449337326,428962.5682378453,-403.21721456497147,428559.35102328035,178.38830679900795,0.0,True,False
2006-10-24,1377.3800048828125,10.779999732971191,11.510000228881836,0.05101753035441975,429022.40956939285,-373.9823182584819,428648.42725113436,59.841331547516624,0.0,True,False
2006-10-25,1382.219970703125,10.65999984741211,11.359999656677246,0.0509148449337326,429082.37996264757,-428.03028822748985,428654.3496744201,59.97039325472053,0.0,True,False
2006-10-26,1389.0799560546875,10.5600004196167,11.229999542236328,0.0509148449337326,429142.2380082249,-541.6655551346723,428600.5724530902,59.85804557731326,0.0,True,False
2006-10-27,1377.3399658203125,10.800000190734863,11.369999885559082,0.05081216214182949,428879.318626338,0.0,428879.318626338,59.86639592164725,-109.36332757128795,False,False
2006-10-30,1377.9300537109375,11.199999809265137,12.039999961853027,0.05070948197857671,429058.4707089092,0.0,429058.4707089092,179.15208257126477,0.0,False,False
2006-10-31,1377.93994140625,11.100000381469728,11.399999618530272,0.05050412953748208,429338.3058617167,-390.22188093835933,428948.08398077835,59.61327186912165,0.0,True,False
2006-11-01,1367.81005859375,11.510000228881836,12.079999923706056,0.050401457259371084,429397.7164305374,-376.00763381661426,429021.7087967208,59.410568820725985,0.0,True,False
2006-11-02,1367.3399658203125,11.420000076293944,12.119999885559082,0.050401457259371084,429457.01441675663,-360.65318461388136,429096.3612321428,59.29798621925709,0.0,True,False
2006-11-03,1364.300048828125,11.15999984741211,12.079999923706056,0.0506068044438388,429516.3205917739,-330.9513670252978,429185.3692247486,59.30617501727606,0.0,True,False
2006-11-06,1379.780029296875,11.15999984741211,11.399999618530272,0.0506068044438388,429695.0134931427,-328.93745597039043,429366.0760371723,178.69290136876774,0.0,True,False
2006-11-07,1382.8399658203125,11.09000015258789,11.350000381469728,0.05050412953748208,429754.5943125425,-329.5204261706178,429425.0738863719,59.580819399832805,0.0,True,False
2006-11-08,1385.719970703125,10.75,11.1899995803833,0.05070948197857671,429814.0624861316,-311.7020276508771,429502.3604584807,59.46817358908557,0.0,True,False
2006-11-09,1378.3299560546875,11.010000228881836,11.369999885559082,0.0506068044438388,429873.7807397249,-275.906216488958,429597.87452323595,59.718253593321634,0.0,True,False
2006-11-10,1380.9000244140625,10.789999961853027,11.489999771118164,0.05070948197857671,429933.3863467036,-264.83147569467985,429668.55487100896,59.605606978694,0.0,True,False
2006-11-13,1384.4200439453125,10.859999656677246,11.380000114440918,0.0506068044438388,430112.6157437409,-244.72310015631064,429867.89264358464,179.22939703727803,0.0,True,False
2006-11-14,1393.219970703125,10.5,11.170000076293944,0.0506068044438388,430172.2544671971,-261.7760553444785,429910.4784118526,59.63872345618103,0.0,True,False
2006-11-15,1396.5699462890625,10.3100004196167,11.119999885559082,0.0506068044438388,430231.90146006277,-259.1383938493801,429972.7630662134,59.64699286564565,0.0,True,False
2006-11-16,1399.760009765625,10.15999984741211,11.029999732971191,0.0506068044438388,430291.5567234845,-259.3798258964976,430032.17689758795,59.65526342173328,0.0,True,False
2006-11-17,1401.199951171875,10.050000190734863,11.0600004196167,0.0506068044438388,430351.2202586091,-245.57861178545534,430105.6416468237,59.663535124602916,0.0,True,False
2006-11-20,1400.5,9.970000267028809,11.18000030517578,0.05050412953748208,430530.2605056704,-178.30652367946124,430351.9539819909,179.0402470612738,0.0,True,False
2006-11-21,1402.81005859375,9.899999618530272,11.1899995803833,0.050401457259371084,430589.8360136602,-171.7689873516391,430418.06702630856,59.5755079897658,0.0,True,False
2006-11-22,1406.0899658203125,10.140000343322754,11.520000457763672,0.050196120587349895,430649.29862648994,-189.43649988704803,430459.8621266029,59.46261282975551,0.0,True,False
2006-11-24,1400.949951171875,10.729999542236328,12.279999732971191,0.05009345619317063,430616.92480599374,0.0,430616.92480599374,118.46519032828208,69.38287011382708,False,False
2006-11-27,1381.9599609375,12.300000190734863,13.270000457763672,0.050196120587349895,430794.25794053194,0.0,430794.25794053194,177.3331345382172,0.0,False,False
2006-11-28,1386.719970703125,11.619999885559082,12.630000114440918,0.05009345619317063,430853.5063994559,0.0,430853.5063994559,59.248458923951844,0.0,False,False
2006-11-29,1399.47998046875,10.829999923706056,12.199999809265137,0.05009345619317063,430912.6418031901,0.0,430912.6418031901,59.13540373420049,0.0,False,False
2006-11-30,1400.6300048828125,10.90999984741211,12.3100004196167,0.04999079442669894,430971.7853233628,0.0,430971.7853233628,59.14352017267173,0.0,False,False
2006-12-01,1396.7099609375,11.65999984741211,12.59000015258789,0.04999079442669894,431030.81572713953,0.0,431030.81572713953,59.03040377675715,0.0,False,False
2006-12-04,1409.1199951171875,11.229999542236328,12.399999618530272,0.04978547877634211,431207.95545542927,0.0,431207.95545542927,177.13972828973044,0.0,False,False
2006-12-05,1414.760009765625,11.270000457763672,12.4399995803833,0.04958017363520344,431543.7554209139,-446.97980472804943,431096.77561618586,58.82016075661063,0.0,True,False
2006-12-06,1412.9000244140625,11.329999923706056,12.510000228881836,0.04958017363520344,431602.3786197255,-425.5475792022398,431176.8310405233,58.623198811611665,0.0,True,False
2006-12-07,1407.2900390625,12.670000076293944,13.479999542236328,0.04947752500525496,431661.00978222425,-487.3477410301493,431173.6620411941,58.631162498713465,0.0,True,False
2006-12-08,1409.8399658203125,12.06999969482422,13.3100004196167,0.049374879002207155,431719.52749737067,-447.79699716073395,431271.73050020996,58.51771514641668,0.0,True,False
2006-12-11,1413.0400390625,10.710000038146973,13.25,0.049066956753127035,431894.76386951696,-341.5803796010326,431553.1834899159,175.2363721463167,0.0,True,False
2006-12-12,1411.56005859375,10.649999618530272,13.170000076293944,0.049066956753127035,431952.8273932676,-312.62274923083197,431640.20464403677,58.06352375064858,0.0,True,False
2006-12-13,1413.2099609375,10.18000030517578,13.0600004196167,0.04916959487627763,432010.8987230235,-276.4309307625118,431734.467792261,58.071329755889614,0.0,True,False
2006-12-14,1425.489990234375,9.970000267028809,13.010000228881836,0.049272235625926496,432069.09935779346,-307.87307607457944,431761.2262817189,58.200634769972815,0.0,True,False
2006-12-15,1427.0899658203125,10.050000190734863,13.130000114440918,0.04886168838578122,432127.4293508414,-304.07882625081396,431823.3505245906,58.32999304789765,0.0,True,False
2006-12-18,1422.47998046875,10.600000381469728,13.1899995803833,0.049374879002207155,432301.00784000085,-244.35863691541212,432056.64920308546,173.57848915945857,0.0,True,False
2006-12-19,1425.550048828125,10.300000190734863,12.630000114440918,0.049374879002207155,432359.49072689074,-219.24663261865857,432140.2440942721,58.48288688990138,0.0,True,False
2006-12-20,1423.530029296875,10.260000228881836,12.529999732971191,0.049374879002207155,432417.9815255088,-191.05652111861488,432226.9250043902,58.4907986180652,0.0,True,False
2006-12-21,1418.300048828125,10.529999732971191,13.100000381469728,0.049374879002207155,432476.48023692536,-174.51159888612085,432301.96863803925,58.49871141654969,0.0,True,False
2006-12-22,1410.760009765625,11.359999656677246,13.300000190734863,0.04958017363520344,432534.98686221085,-189.23619816885557,432345.750664042,58.506625285499645,0.0,True,False
2006-12-26,1416.9000244140625,11.260000228881836,13.130000114440918,0.04968282489218797,432621.41744602565,0.0,432621.41744602565,235.07930806193355,128.3310804809299,False,False
2006-12-27,1426.8399658203125,10.640000343322754,12.59000015258789,0.04947752500525496,432680.30872557894,0.0,432680.30872557894,58.89127955331696,0.0,False,False
2006-12-28,1424.72998046875,10.989999771118164,13.100000381469728,0.04968282489218797,432738.9646210193,0.0,432738.9646210193,58.65589544036161,0.0,False,False
2006-12-29,1418.300048828125,11.5600004196167,13.289999961853027,0.04988813528780124,432797.8719018691,0.0,432797.8719018691,58.90728084974866,0.0,False,False
2007-01-03,1416.5999755859375,12.039999961853027,13.380000114440918,0.050196120587349895,433392.90907061944,-469.16239799158774,432923.74667262787,295.87477075877575,0.0,True,False
2007-01-04,1418.3399658203125,11.510000228881836,13.130000114440918,0.05009345619317063,433452.5149300238,-427.3469737016714,433025.16795632214,59.60585940434526,0.0,True,False
2007-01-05,1409.7099609375,12.140000343322754,13.40999984741211,0.050196120587349895,433512.0070522632,-402.6280547961778,433109.378997467,59.492122239402285,0.0,True,False
2007-01-08,1412.8399658203125,12.0,13.279999732971191,0.05050412953748208,433690.8983714285,-359.60998747188484,433331.2883839566,178.89131916531434,0.0,True,False
2007-01-09,1412.1099853515625,11.90999984741211,13.260000228881836,0.05050412953748208,433750.9112391667,-336.11567517547655,433414.7955639912,60.012867738191076,0.0,True,False
2007-01-10,1414.8499755859375,11.470000267028809,13.020000457763672,0.0506068044438388,433810.9324113086,-304.08427210050445,433506.84813920804,60.0211721418751,0.0,True,False
2007-01-11,1423.8199462890625,10.869999885559082,12.380000114440918,0.05081216214182949,433871.0839374051,-287.14062911685926,433583.94330828823,60.15152609650596,0.0,True,False
2007-01-12,1430.72998046875,10.149999618530272,12.06999969482422,0.0506068044438388,433931.48794414254,-268.16036586761413,433663.32757827494,60.40400673746512,0.0,True,False
2007-01-16,1431.9000244140625,10.739999771118164,12.220000267028809,0.05081216214182949,434172.2109742911,-243.19995948316472,433929.0110148079,240.72303014852426,0.0,True,False
2007-01-17,1430.6199951171875,10.59000015258789,12.079999923706056,0.0509148449337326,434232.6569042639,-209.22976626392352,434023.42713799997,60.445929972818405,0.0,True,False
2007-01-18,1426.3699951171875,10.850000381469728,12.100000381469728,0.0509148449337326,434293.2334261206,-190.12037384588035,434103.11305227474,60.576521856702534,0.0,True,False
2007-01-19,1430.5,10.399999618530272,11.609999656677246,0.05112021840402644,434353.81839855085,-170.8034979979087,434183.0149005529,60.58497243024165,0.0,True,False
2007-01-22,1422.949951171875,10.770000457763672,12.170000076293944,0.05101753035441975,434394.5994912157,0.0,434394.5994912157,182.5391297631603,157.40436089329893,False,False
2007-01-23,1427.989990234375,10.34000015258789,11.539999961853027,0.05112021840402644,434455.32082972425,0.0,434455.32082972425,60.72133850854567,0.0,False,False
2007-01-24,1440.1300048828125,9.890000343322754,11.229999542236328,0.05101753035441975,434516.1729016061,0.0,434516.1729016061,60.85207188189356,0.0,False,False
2007-01-25,1423.9000244140625,11.220000267028809,12.119999885559082,0.05112021840402644,434576.91123411094,0.0,434576.91123411094,60.73833250482141,0.0,False,False
2007-01-26,1422.1800537109375,11.130000114440918,12.09000015258789,0.05101753035441975,434637.78033657727,0.0,434637.78033657727,60.86910246633607,0.0,False,False
2007-01-29,1420.6199951171875,11.449999809265137,12.170000076293944,0.05112021840402644,434820.0718093737,0.0,434820.0718093737,182.29147279642567,0.0,False,False
2007-01-30,1428.8199462890625,10.960000038146973,11.600000381469728,0.05101753035441975,435151.54371700704,-440.56874683212925,434710.9749701749,60.90316080121034,0.0,True,False
2007-01-31,1438.239990234375,10.420000076293944,11.329999923706056,0.0509148449337326,435212.3708640745,-469.4738892951125,434742.8969747794,60.82714706744626,0.0,True,False
2007-02-01,1445.93994140625,10.3100004196167,11.289999961853027,0.05101753035441975,435273.0840584342,-540.2735356381288,434732.81052279606,60.7131943596941,0.0,True,False
2007-02-02,1448.3900146484375,10.079999923706056,11.239999771118164,0.05112021840402644,435333.9281948754,-539.0646314870795,434794.86356338835,60.84413644121584,0.0,True,False
2007-02-05,1446.989990234375,10.550000190734863,11.420000076293944,0.05122290908268638,435516.8792201526,-499.14774089871116,435017.7314792539,182.9510252771748,0.0,True,False
2007-02-06,1448.0,10.649999618530272,11.399999618530272,0.05112021840402644,435578.0025268059,-499.5749136053365,435078.42761320056,61.123306653311424,0.0,True,False
2007-02-07,1450.02001953125,10.31999969482422,11.3100004196167,0.05122290908268638,435639.0118473255,-479.32764789173376,435159.6841994338,61.009320519568945,0.0,True,False
2007-02-08,1448.31005859375,10.4399995803833,11.420000076293944,0.051325602390535095,435700.15229487594,-446.86065539835795,435253.2916394776,61.14044755043676,0.0,True,False
2007-02-09,1438.06005859375,11.100000381469728,12.149999618530272,0.05122290908268638,435761.4239254048,-378.9384140184072,435382.48551138636,61.27163052882638,0.0,True,False
2007-02-12,1433.3699951171875,11.609999656677246,12.369999885559082,0.051428298327706325,435944.92255940445,-325.965723209877,435618.95683619456,183.49863399964184,0.0,True,False
2007-02-13,1444.260009765625,10.34000015258789,11.449999809265137,0.051325602390535095,436006.351285657,-290.261518179108,435716.0897674779,61.42872625254034,0.0,True,False
2007-02-14,1455.300048828125,10.229999542236328,11.260000228881836,0.05122290908268638,436067.6659763301,-388.40802730681173,435679.2579490233,61.31469067313117,0.0,True,False
2007-02-15,1456.81005859375,10.220000267028809,11.260000228881836,0.051325602390535095,436128.86658402364,-385.48625889877457,435743.38032512483,61.20060769353449,0.0,True,False
2007-02-16,1455.5400390625,10.020000457763672,11.199999809265137,0.051428298327706325,436190.1985037752,-322.1400259662256,435868.05847780895,61.33191975156071,0.0,True,False
2007-02-20,1459.6800537109375,10.239999771118164,11.359999656677246,0.0515309968943356,436436.10362490703,-297.2708123724515,436138.8328125346,245.90512113183482,0.0,True,False
2007-02-21,1457.6300048828125,10.199999809265137,11.380000114440918,0.051428298327706325,436497.7243787496,-240.05560826878255,436257.66877048084,61.620753842589714,0.0,True,False
2007-02-22,1456.3800048828125,10.18000030517578,11.34000015258789,0.0515309968943356,436559.2309999606,-203.2483538485894,436355.98264611204,61.5066212109977,0.0,True,False
2007-02-23,1451.18994140625,10.579999923706056,12.0,0.0515309968943356,436455.49812027527,0.0,436455.49812027527,61.63813829269924,105.19772885407272,False,False
2007-02-26,1449.3699951171875,11.149999618530272,12.18000030517578,0.0515309968943356,436640.3947000101,0.0,436640.3947000101,184.89657973483187,0.0,False,False
2007-02-27,1399.0400390625,18.309999465942383,17.059999465942383,0.0509148449337326,436702.0442978689,0.0,436702.0442978689,61.64959785880791,0.0,False,True
2007-02-28,1406.8199462890625,15.420000076293944,14.470000267028809,0.05112021840402644,436762.96530533035,0.0,436762.96530533035,60.92100746146524,0.0,False,True
2007-03-01,1403.1700439453125,15.81999969482422,14.579999923706056,0.05101753035441975,436824.1405978998,0.0,436824.1405978998,61.17529256944148,0.0,False,True
2007-03-02,1387.1700439453125,18.61000061035156,16.469999313354492,0.05081216214182949,436885.20154695626,0.0,436885.20154695626,61.060949056494884,0.0,False,True
2007-03-05,1374.1199951171875,19.6299991607666,17.360000610351562,0.05070948197857671,437067.6978583951,0.0,437067.6978583951,182.4963114388267,0.0,False,True
2007-03-06,1395.4100341796875,15.960000038146973,15.34000015258789,0.0509148449337326,437349.1066136142,-390.68268342146297,436958.4239301927,60.72607179761386,0.0,True,True
2007-03-07,1391.969970703125,15.239999771118164,15.029999732971191,0.05070948197857671,437410.1178878575,-333.2362093003371,437076.88167855714,61.01127424331401,0.0,True,True
2007-03-08,1401.8900146484375,14.289999961853027,14.300000190734863,0.05050412953748208,437470.89153540455,-307.32270431555435,437163.568831089,60.773647547082334,0.0,True,False
2007-03-09,1402.8399658203125,14.09000015258789,14.260000228881836,0.0506068044438388,437531.4274674511,-292.7993018349528,437238.62816561613,60.53593204655634,0.0,True,False
2007-03-12,1406.5999755859375,13.989999771118164,14.149999618530272,0.0506068044438388,437713.45491662103,-270.0056266920536,437443.449289929,182.02744916993677,0.0,True,False
2007-03-13,1377.949951171875,18.1299991607666,16.3799991607666,0.050401457259371084,437774.14756021084,-373.7696817982072,437400.3778784126,60.69264358982431,0.0,True,True
2007-03-14,1387.1700439453125,17.270000457763672,16.15999984741211,0.050196120587349895,437834.60229570634,-345.0749146816757,437489.5273810247,60.454735495482645,0.0,True,True
2007-03-15,1392.280029296875,16.43000030517578,16.020000457763672,0.05009345619317063,437894.8190348375,-311.7019901119423,437583.1170447255,60.216739131149055,0.0,True,True
2007-03-16,1386.949951171875,16.790000915527344,16.549999237060547,0.04999079442669894,437954.92087115103,-308.3688728498049,437646.55199830123,60.101836313551416,0.0,True,True
2007-03-19,1402.06005859375,14.59000015258789,15.130000114440918,0.05029878760937217,438134.90618277056,-212.18316376465074,437922.7230190059,179.98531161952226,0.0,True,False
2007-03-20,1410.93994140625,13.270000457763672,14.289999961853027,0.050196120587349895,438195.28747895814,-173.55331978804173,438021.7341591701,60.38129618756866,0.0,True,False
2007-03-21,1435.0400390625,12.1899995803833,13.109999656677246,0.05009345619317063,438255.5538242316,-223.88197160308704,438031.6718526285,60.266345273455904,0.0,True,False
2007-03-22,1434.5400390625,12.93000030517578,13.359999656677246,0.050196120587349895,438315.7051720313,-249.0539681666763,438066.6512038646,60.1513477996945,0.0,True,False
2007-03-23,1436.1099853515625,12.949999809265137,13.449999809265137,0.050401457259371084,438375.98807872034,-247.10169123088895,438128.88638748945,60.28290668905107,0.0,True,False
2007-03-26,1437.5,13.15999984741211,13.579999923706056,0.05029878760937217,438557.62670121033,-223.39304672564825,438334.2336544847,181.63862249000414,0.0,True,False
2007-03-27,1428.6099853515625,13.479999542236328,14.119999885559082,0.05029878760937217,438618.0662543696,-167.04528866464346,438451.020965705,60.43955315926456,0.0,True,False
2007-03-28,1417.22998046875,14.979999542236328,15.130000114440918,0.050196120587349895,438678.5141369692,-170.37657068992397,438508.1375662793,60.4478825996019,0.0,True,False
2007-03-29,1422.530029296875,15.140000343322754,15.239999771118164,0.05009345619317063,438738.84694189084,-185.2040214256472,438553.6429204652,60.33280492158353,0.0,True,False
2007-03-30,1420.8599853515625,14.640000343322754,15.100000381469728,0.04999079442669894,438645.84532596986,0.0,438645.84532596986,60.21768063257213,67.46338686792147,False,False
2007-04-02,1424.550048828125,14.529999732971191,15.039999961853027,0.05009345619317063,438826.1145851999,0.0,438826.1145851999,180.26925923006345,0.0,False,False
2007-04-03,1437.77001953125,13.460000038146973,14.239999771118164,0.05009345619317063,439154.613899914,-438.26965644355084,438716.34424347046,60.22965827054737,0.0,True,False
2007-04-04,1439.3699951171875,13.239999771118164,14.25,0.050196120587349895,439214.88864529494,-424.72407034433985,438790.1645749506,60.27474538093058,0.0,True,False
2007-04-05,1443.760009765625,13.229999542236328,14.0600004196167,0.04999079442669894,439275.29521945195,-430.5621283235172,438844.7330911284,60.4065741569868,0.0,True,False
2007-04-09,1444.6099853515625,13.140000343322754,14.029999732971191,0.04988813528780124,439516.0156285796,-368.01707666448095,439147.9985519151,240.72040912766263,0.0,True,False
2007-04-10,1448.3900146484375,12.68000030517578,13.5,0.04988813528780124,439576.0927052408,-339.74006207290046,439236.35264316795,60.07707666124778,0.0,True,False
2007-04-11,1438.8699951171875,13.489999771118164,14.1899995803833,0.04999079442669894,439636.17799378745,-327.42793920090304,439308.75005458656,60.08528854662128,0.0,True,False
2007-04-12,1447.800048828125,12.710000038146973,13.539999961853027,0.04988813528780124,439696.3951634158,-307.80701639107974,439388.58814702474,60.21716962833555,0.0,True,False
2007-04-13,1452.8499755859375,12.199999809265137,13.3100004196167,0.04978547877634211,439756.4968960048,-292.69925891168737,439463.7976370931,60.10173258903457,0.0,True,False
2007-04-16,1468.3299560546875,11.979999542236328,13.170000076293944,0.04978547877634211,439936.48019229015,-356.0926895112966,439580.38750277885,179.98329628534051,0.0,True,False
2007-04-17,1471.47998046875,12.140000343322754,13.09000015258789,0.04968282489218797,439996.4909925554,-382.7019220318827,439613.7890705235,60.010800265216076,0.0,True,False
2007-04-18,1472.5,12.420000076293944,13.18000030517578,0.04958017363520344,440056.3862157427,-396.5061469452354,439659.88006879744,59.89522318726602,0.0,True,False
2007-04-19,1470.72998046875,12.539999961853027,13.300000190734863,0.04947752500525496,440116.1658155941,-363.116324709502,439753.0494908846,59.779599851428245,0.0,True,False
2007-04-20,1484.3499755859375,12.06999969482422,12.579999923706056,0.04947752500525496,440175.82974594424,-493.3471840947891,439682.48256184947,59.663930350168485,0.0,True,False
2007-04-23,1480.9300537109375,13.039999961853027,13.079999923706056,0.04947752500525496,440354.87007108546,-459.76005795481063,439895.11001313064,179.04032514119203,0.0,True,False
2007-04-24,1480.4100341796875,13.119999885559082,13.100000381469728,0.049374879002207155,440414.5663611515,-436.5509859466548,439978.01537520485,59.69629006603471,0.0,True,True
2007-04-25,1495.4200439453125,13.210000038146973,13.050000190734863,0.049272235625926496,440474.146872883,-696.654357525074,439777.49251535797,59.58051173153179,0.0,True,True
2007-04-26,1494.25,12.789999961853027,12.600000381469728,0.04916959487627763,440533.6115602746,-609.9066306385464,439923.7049296361,59.46468739158279,0.0,True,True
2007-04-27,1494.0699462890625,12.449999809265137,12.489999771118164,0.049066956753127035,440045.32523790223,0.0,440045.32523790223,59.34881713888159,-279.36548306767907,False,False
2007-04-30,1482.3699951171875,14.220000267028809,14.010000228881836,0.04886168838578122,440222.8269314704,0.0,440222.8269314704,177.50169356816377,0.0,False,True
2007-05-01,1486.300048828125,13.510000228881836,13.390000343322754,0.048553805530135836,440534.5364624925,-422.77399567253184,440111.76246681996,58.93553534954562,0.0,True,True
2007-05-02,1495.9200439453125,13.079999923706056,13.25,0.04865643052281336,440593.1420815173,-451.375464738486,440141.76661677886,58.6056190248628,0.0,True,False
2007-05-03,1502.3900146484375,13.09000015258789,13.220000267028809,0.048553805530135836,440651.8793926097,-493.2000353792108,440158.6793572305,58.7373110923682,0.0,True,False
2007-05-04,1505.6199951171875,12.90999984741211,13.260000228881836,0.048553805530135836,440710.5006221134,-501.79931239739545,440208.70130971604,58.621229503698196,0.0,True,False
2007-05-07,1509.47998046875,13.149999618530272,13.329999923706056,0.04865643052281336,440886.41110611317,-508.6447003489968,440377.76640576415,175.91048399973513,0.0,True,False
2007-05-08,1507.719970703125,13.210000038146973,13.420000076293944,0.048553805530135836,440945.1875141235,-478.1692142694797,440467.018299854,58.776408010332155,0.0,True,False
2007-05-09,1512.5799560546875,12.880000114440918,13.239999771118164,0.04834856342172042,441003.8477632786,-487.1352500641524,440516.71251321444,58.66024915506167,0.0,True,False
2007-05-10,1491.469970703125,13.600000381469728,14.09000015258789,0.04824594630571383,441062.2678036461,-352.5953053867343,440709.67249825934,58.420040367514254,0.0,True,False
2007-05-11,1505.8499755859375,12.949999809265137,13.4399995803833,0.04824594630571383,441120.57156506804,-389.90475183099164,440730.66681323707,58.303761421934006,0.0,True,False
2007-05-14,1503.1500244140625,13.960000038146973,14.239999771118164,0.04824594630571383,441295.52909624856,-390.0477353595366,440905.48136088904,174.95753118052974,0.0,True,False
2007-05-15,1501.18994140625,14.010000228881836,14.239999771118164,0.047938110708888315,441353.8636923434,-359.28935449289014,440994.5743378505,58.33459609482632,0.0,True,False
2007-05-16,1514.1400146484375,13.5,14.039999961853027,0.04711733126913511,441411.8337192909,-418.37970782257753,440993.45401146833,57.97002694749942,0.0,True,False
2007-05-17,1512.75,13.510000228881836,14.170000076293944,0.04773290010232253,441468.81862355093,-382.97393181558544,441085.84469173534,56.984904260004875,0.0,True,False
2007-05-18,1522.75,12.760000228881836,13.5,0.047938110708888315,441526.5555138584,-413.30976113577645,441113.2457527226,57.73689030746714,0.0,True,False
2007-05-21,1525.0999755859375,13.300000190734863,13.609999656677246,0.048553805530135836,441700.5564941136,-423.769798452438,441276.78669566114,174.00098025519102,0.0,True,False
2007-05-22,1524.1199951171875,13.0600004196167,13.520000457763672,0.04886168838578122,441759.31723224965,-364.433255677251,441394.8839765724,58.76073813606184,0.0,True,False
2007-05-23,1522.280029296875,13.239999771118164,13.600000381469728,0.04865643052281336,441818.45846769674,-335.2199975524029,441483.23847014434,59.14123544707805,0.0,True,False
2007-05-24,1507.510009765625,14.079999923706056,14.369999885559082,0.04865643052281336,441877.3591308318,-239.64807715951605,441637.71105367225,58.90066313507494,0.0,True,False
2007-05-25,1515.72998046875,13.34000015258789,14.140000343322754,0.04845118316314934,441706.2911829848,0.0,441706.2911829848,58.90851542836704,22.797532397179516,False,False
2007-05-29,1518.1099853515625,13.529999732971191,14.079999923706056,0.048553805530135836,441940.8870749272,0.0,441940.8870749272,234.59589194241926,0.0,False,False
2007-05-30,1530.22998046875,12.829999923706056,13.449999809265137,0.04804071994943209,441999.67978495493,0.0,441999.67978495493,58.79271002769215,0.0,False,False
2007-05-31,1530.6199951171875,13.050000190734863,13.470000267028809,0.04691216264999604,442057.8589090293,0.0,442057.8589090293,58.17912407437088,0.0,False,False
2007-06-01,1536.3399658203125,12.779999732971191,13.489999771118164,0.04752769999422446,442114.67869784817,0.0,442114.67869784817,56.81978881890086,0.0,False,False
2007-06-04,1539.1800537109375,13.289999961853027,14.079999923706056,0.04773290010232253,442287.4195076971,0.0,442287.4195076971,172.74080984895164,0.0,False,False
2007-06-05,1530.949951171875,13.630000114440918,14.260000228881836,0.047938110708888315,442625.96583944134,-450.70238184964666,442175.2634575917,57.84394989459926,0.0,True,False
2007-06-06,1517.3800048828125,14.869999885559082,15.260000228881836,0.04763029873603194,442684.102951809,-464.51225877766433,442219.5906930313,58.137112367643475,0.0,True,False
2007-06-07,1490.719970703125,17.059999465942383,16.450000762939453,0.04763029873603194,442741.87432680436,-533.7429765732028,442208.1313502312,57.77137499535504,0.0,True,True
2007-06-08,1507.6700439453125,14.84000015258789,15.130000114440918,0.04732251038351998,442799.65324110765,-410.982371107148,442388.6708700005,57.778914303287266,0.0,True,False
2007-06-11,1509.1199951171875,14.710000038146973,15.100000381469728,0.04691216264999604,442971.9146124312,-372.12256205583884,442599.79205037537,172.26137132354123,0.0,True,False
2007-06-12,1493.0,16.670000076293945,16.020000457763672,0.04680958227580794,443028.8518891558,-457.6620622735972,442571.1898268822,56.93727672458855,0.0,True,True
2007-06-13,1515.6700439453125,14.729999542236328,15.079999923706056,0.046194155117570544,443085.6719585434,-356.6711250419121,442729.0008335015,56.820069387624656,0.0,True,False
2007-06-14,1522.969970703125,13.640000343322754,14.460000038146973,0.04609159310442741,443141.7521325753,-300.0046734345378,442841.7474591408,56.080174031897,0.0,True,False
2007-06-15,1532.9100341796875,13.9399995803833,15.010000228881836,0.0451686529811875,443197.7148695769,-340.16373829134733,442857.55113128555,55.96273700158113,0.0,True,False
2007-06-18,1531.050048828125,13.420000076293944,14.5600004196167,0.04598903371375363,443362.28221366723,-255.40073595143502,443106.8814777158,164.56734409031824,0.0,True,False
2007-06-19,1533.699951171875,12.850000381469728,14.289999961853027,0.04609159310442741,443418.1482068965,-220.00749911020162,443198.1407077863,55.865993229243806,0.0,True,False
2007-06-20,1512.8399658203125,14.670000076293944,15.470000267028809,0.04701474564772673,443474.1458489386,-265.03207199394024,443209.1137769447,55.99764204210388,0.0,True,False
2007-06-21,1522.18994140625,14.210000038146973,15.289999961853027,0.046604429397524544,443531.27233396104,-235.56212870066923,443295.7102052604,57.126485022428156,0.0,True,False
2007-06-22,1502.56005859375,15.75,16.260000228881836,0.04680958227580794,443587.9075163286,-293.060331642786,443294.8471846858,56.635182367570366,0.0,True,False
2007-06-25,1497.739990234375,16.649999618530273,16.479999542236328,0.04783550409322959,443758.6047179419,-303.71092033515004,443454.89379760675,170.6972016132568,0.0,True,True
2007-06-26,1492.8900146484375,18.88999938964844,18.059999465942383,0.04783550409322959,443816.7658346684,-401.83522805753313,443414.9306066109,58.16111672654373,0.0,True,True
2007-06-27,1506.3399658203125,15.529999732971191,16.040000915527344,0.04732251038351998,443874.934574268,-217.2619157436513,443657.67265852436,58.1687395995718,0.0,True,False
2007-06-28,1505.7099609375,15.539999961853027,16.010000228881836,0.04732251038351998,443932.48700696323,-207.13594308126994,443725.35106388194,57.55243269523678,0.0,True,False
2007-06-29,1503.3499755859375,16.229999542236328,16.399999618530273,0.04773290010232253,443756.6529345408,0.0,443756.6529345408,57.55989489292162,47.30841453433118,False,False
2007-07-02,1519.4300537109375,15.399999618530272,16.100000381469727,0.049066956753127035,443930.78401073115,0.0,443930.78401073115,174.13107619032417,0.0,False,False
2007-07-03,1524.8699951171875,14.920000076293944,15.609999656677246,0.049066956753127035,444269.80770719616,-449.3420615451629,443820.465645651,59.68163491984027,0.0,True,False
2007-07-05,1525.4000244140625,15.479999542236328,16.110000610351562,0.049066956753127035,444389.2701627563,-463.6454003922839,443925.624762364,119.4624555601696,0.0,True,False
2007-07-06,1530.43994140625,14.720000267028809,15.529999732971191,0.049066956753127035,444449.013436121,-424.09801814590253,444024.9154179751,59.743273364675645,0.0,True,False
2007-07-09,1531.8499755859375,15.15999984741211,16.079999923706055,0.049272235625926496,444628.29145150946,-420.00604533164136,444208.2854061778,179.2780153884385,0.0,True,False
2007-07-10,1510.1199951171875,17.56999969482422,17.3799991607666,0.049066956753127035,444688.3169548093,-452.1366685317122,444236.1802862776,60.025503299851636,0.0,True,True
2007-07-11,1518.760009765625,16.639999389648438,17.040000915527344,0.049066956753127035,444748.100431742,-416.28295222786164,444331.8174795141,59.783476932686874,0.0,True,False
2007-07-12,1547.699951171875,15.539999961853027,16.350000381469727,0.049272235625926496,444807.8919459088,-506.5745463685846,444301.3173995402,59.7915141668077,0.0,True,False
2007-07-13,1552.5,15.149999618530272,16.31999969482422,0.049272235625926496,444867.9416955516,-505.1847264271717,444362.7569691244,60.049749642867795,0.0,True,False
2007-07-16,1549.52001953125,15.59000015258789,16.450000762939453,0.049374879002207155,445048.13958970964,-441.2244834986967,444606.9151062109,180.19789415801753,0.0,True,False
2007-07-17,1549.3699951171875,15.630000114440918,16.5,0.04916959487627763,445108.3469441598,-420.57472242582065,444687.772221734,60.20735445016393,0.0,True,False
2007-07-18,1546.1700439453125,16.0,17.049999237060547,0.04916959487627763,445168.3120709891,-398.9908718638378,444769.32119912526,59.96512682929401,0.0,True,False
2007-07-19,1553.0799560546875,15.229999542236328,16.399999618530273,0.049374879002207155,445228.2852763378,-377.5250665477816,444850.76020979,59.973205348738404,0.0,True,False
2007-07-20,1534.0999755859375,16.950000762939453,17.440000534057617,0.049272235625926496,445288.51700139925,-342.8827878017347,444945.6342135975,60.231725061436435,0.0,True,False
2007-07-23,1541.5699462890625,16.809999465942383,17.190000534057617,0.04978547877634211,445468.8852534935,-314.92512411314266,445153.96012938034,180.36825209426206,0.0,True,False
2007-07-24,1511.0400390625,18.549999237060547,18.329999923706055,0.04978547877634211,445529.6507173751,-291.1951447375226,445238.45557263755,60.765463881584125,0.0,True,True
2007-07-25,1518.0899658203125,18.100000381469727,18.06999969482422,0.04947752500525496,445590.42447014444,-262.2984570033252,445328.1260131411,60.77375276936726,0.0,True,True
2007-07-26,1482.6600341796875,20.739999771118164,19.010000228881836,0.048759058141317174,445650.83051317406,-391.2731923357719,445259.55732083827,60.40604302962127,0.0,True,True
2007-07-27,1458.949951171875,24.170000076293945,21.149999618530273,0.048143331814996124,445085.30358451395,0.0,445085.30358451395,59.536893711916925,-345.72176082683643,False,True
2007-07-30,1473.9100341796875,20.8700008392334,19.329999923706055,0.04916959487627763,445261.45807362744,0.0,445261.45807362744,176.15448911345732,0.0,False,True
2007-07-31,1455.27001953125,23.520000457763672,21.350000381469727,0.04916959487627763,445321.44382763293,0.0,445321.44382763293,59.98575400548725,0.0,False,True
2007-08-01,1465.81005859375,23.670000076293945,21.600000381469727,0.04845118316314934,445381.43766293675,0.0,445381.43766293675,59.99383530383087,0.0,False,True
2007-08-02,1472.199951171875,21.219999313354492,20.479999542236328,0.04845118316314934,445440.5628408118,0.0,445440.5628408118,59.125177875061304,0.0,False,True
2007-08-03,1433.06005859375,25.15999984741211,22.6200008392334,0.048143331814996124,445499.69586765935,0.0,445499.69586765935,59.13302684756698,0.0,False,True
2007-08-06,1467.6700439453125,22.940000534057617,21.31999969482422,0.04834856342172042,445676.01436367293,0.0,445676.01436367293,176.31849601357771,0.0,False,True
2007-08-07,1476.7099609375,21.559999465942383,20.61000061035156,0.048964321256339406,445990.5857988556,-425.53247014407447,445565.0533287115,59.03896503854185,0.0,True,True
2007-08-08,1497.489990234375,21.450000762939453,20.38999938964844,0.049066956753127035,446050.4189252441,-499.8600859165026,445550.5588393276,59.83312638857722,0.0,True,True
2007-08-09,1453.0899658203125,26.479999542236328,24.440000534057617,0.04763029873603194,446110.385521878,-564.4606624900791,445545.9248593879,59.96659663389039,0.0,True,True
2007-08-10,1453.6400146484375,28.299999237060547,25.399999618530273,0.04527119139692984,446168.60403525917,-629.9867070230209,445538.61732823617,58.21851338111509,0.0,True,True
2007-08-13,1452.9200439453125,26.56999969482422,23.540000915527344,0.04701474564772673,446334.650686769,-502.3793165281293,445832.27137024084,166.04665150982134,0.0,True,True
2007-08-14,1426.5400390625,27.68000030517578,24.540000915527344,0.04598903371375363,446392.14565006306,-512.1026006723877,445880.04304939066,57.49496329405792,0.0,True,True
2007-08-15,1406.699951171875,30.670000076293945,26.479999542236328,0.041786354988887824,446448.3934221152,-622.8545051235076,445825.5389169917,56.247772052147035,0.0,True,True
2007-08-16,1411.27001953125,30.829999923706055,27.059999465942383,0.0375880751847819,446499.50717269065,-621.9336153053343,445877.5735573853,51.11375057547527,0.0,True,True
2007-08-17,1445.93994140625,29.989999771118164,26.15999984741211,0.03717872208288992,446545.4905185632,-593.551468230149,445951.93905033305,45.98334587256009,0.0,True,True
2007-08-20,1445.550048828125,26.329999923706055,23.229999542236328,0.03134997524046677,446681.9660874983,-406.11481645576316,446275.85127104254,136.47556893510318,0.0,True,True
2007-08-21,1447.1199951171875,25.25,22.600000381469727,0.0357463151362741,446720.3334025004,-356.957430053524,446363.37597244687,38.36731500210259,0.0,True,True
2007-08-22,1464.0699462890625,22.88999938964844,21.239999771118164,0.03646245466682238,446764.08514985576,-278.16952646681005,446485.91562338895,43.751747355366,0.0,True,True
2007-08-23,1462.5,22.6200008392334,21.170000076293945,0.03861164075433803,446808.71783176414,-257.639884087063,446551.07794767705,44.63268190835299,0.0,True,True
2007-08-24,1479.3699951171875,20.719999313354492,20.290000915527344,0.042093718794241654,446855.98613378085,-206.83017938443618,446649.1559543964,47.26830201670654,0.0,True,True
2007-08-27,1466.7900390625,22.719999313354492,21.420000076293945,0.04588647694541601,447010.6142253141,-220.95435437948004,446789.6598709346,154.62809153328294,0.0,True,True
2007-08-28,1432.3599853515625,26.299999237060547,25.030000686645508,0.043630891221611366,447066.81431196886,-306.3641660891308,446760.4501458797,56.20008665476897,0.0,True,True
2007-08-29,1463.760009765625,23.809999465942383,23.170000076293945,0.03953307314958572,447120.25839259144,-217.94485450891966,446902.3135380825,53.444080622587535,0.0,True,True
2007-08-30,1457.6400146484375,25.059999465942383,23.40999984741211,0.03809982531905667,447168.6885163181,-245.91271808278626,446922.7757982353,48.4301237266794,0.0,True,True
2007-08-31,1473.989990234375,23.3799991607666,22.440000534057617,0.03984026432686883,447010.7019215312,0.0,447010.7019215312,46.679282579238546,50.866592777945115,False,True
2007-09-04,1489.4200439453125,22.780000686645508,22.010000228881836,0.044348440009470164,447434.3738972642,-398.4619719236352,447035.91192534054,195.21000380935664,0.0,True,True
2007-09-05,1472.2900390625,24.579999923706055,23.229999542236328,0.04322092096936986,447488.7416288439,-416.030480176548,447072.7111486673,54.367731579670085,0.0,True,True
2007-09-06,1478.550048828125,23.989999771118164,23.1299991607666,0.04260604414989216,447541.7334663563,-401.57720738530884,447140.15625897096,52.991837512405056,0.0,True,True
2007-09-07,1453.550048828125,26.229999542236328,24.520000457763672,0.04035230191028083,447593.97756441246,-432.8701652987642,447161.1073991137,52.24409805614597,0.0,True,True
2007-09-10,1451.699951171875,27.3799991607666,25.260000228881836,0.03932829210115765,447742.4524367556,-440.161075653987,447302.2913611016,148.4748723431152,0.0,True,True
2007-09-11,1471.489990234375,25.270000457763672,23.600000381469727,0.04076197904577037,447790.6987234967,-373.31163508312056,447417.3870884136,48.24628674113445,0.0,True,True
2007-09-12,1471.56005859375,24.959999084472656,23.469999313354492,0.04004507151637512,447840.70928328845,-352.3330440487217,447488.3762392397,50.01055979175054,0.0,True,True
2007-09-13,1483.949951171875,24.760000228881836,23.420000076293945,0.04045471727135618,447889.8457135601,-356.4458718796099,447533.3998416805,49.136430271644954,0.0,True,True
2007-09-14,1484.25,24.920000076293945,23.479999542236328,0.03973786465364425,447939.49026489345,-350.3568258267225,447589.1334390667,49.644551333310154,0.0,True,True
2007-09-17,1476.6500244140625,26.479999542236328,24.31999969482422,0.04127413431510591,448085.81683501636,-354.9716175341817,447730.8452174822,146.32657012290417,0.0,True,True
2007-09-18,1519.780029296875,20.350000381469727,20.6299991607666,0.03984026432686883,448136.48916350206,-232.38743656952775,447904.1017269325,50.672328485698365,0.0,True,False
2007-09-19,1529.030029296875,20.030000686645508,20.280000686645508,0.039021140130487644,448185.4065624229,-239.82787143570005,447945.57869098725,48.91739892087043,0.0,True,False
2007-09-20,1518.75,20.450000762939453,20.510000228881836,0.0375880751847819,448233.3233854963,-208.104223557073,448025.2191619392,47.91682307334424,0.0,True,False
2007-09-21,1525.75,19.0,20.010000228881836,0.03707639033485183,448279.4852907386,-170.14975792780115,448109.3355328108,46.16190524230663,0.0,True,False
2007-09-24,1517.72998046875,19.3700008392334,19.59000015258789,0.03830454365611515,448416.1136569612,-138.96112318788732,448277.1525337733,136.6283662226324,0.0,True,False
2007-09-25,1517.2099609375,18.600000381469727,19.450000762939453,0.037690419988356,448337.7504415132,0.0,448337.7504415132,47.06102989467377,103.03772658096317,False,False
2007-09-26,1525.4200439453125,17.6299991607666,19.010000228881836,0.03707639033485183,448384.04882671474,0.0,448384.04882671474,46.298385201550346,0.0,False,False
2007-09-27,1531.3800048828125,17.0,18.229999542236328,0.03687173467076569,448429.5976113509,0.0,448429.5976113509,45.54878463614366,0.0,False,False
2007-09-28,1526.75,18.0,18.6299991607666,0.03789511743015909,448474.8995628806,0.0,448474.8995628806,45.30195152968607,0.0,False,False
2007-10-01,1547.0400390625,17.84000015258789,18.61000061035156,0.039021140130487644,448614.60632409755,0.0,448614.60632409755,139.70676121696738,0.0,False,False
2007-10-02,1546.6300048828125,18.489999771118164,19.219999313354492,0.03932829210115765,448899.78406859335,-407.21503441065636,448492.5690341827,47.962710085152644,0.0,True,False
2007-10-03,1539.5899658203125,18.799999237060547,19.530000686645508,0.03932829210115765,448948.1550630843,-389.66520306809855,448558.4898600162,48.37099449100348,0.0,True,False
2007-10-04,1542.8399658203125,18.440000534057617,19.43000030517578,0.039225905497471646,448996.5312697701,-372.97802636091603,448623.5532434092,48.37620668577631,0.0,True,False
2007-10-05,1557.5899658203125,16.90999984741211,18.34000015258789,0.039635467594594666,449044.7867270833,-335.78507999149167,448709.0016470918,48.2554573132005,0.0,True,False
2007-10-08,1552.5799560546875,17.459999084472656,18.600000381469727,0.039635467594594666,449191.0963116846,-301.2390230930282,448889.85728859156,146.3095846012362,0.0,True,False
2007-10-09,1565.1500244140625,16.1200008392334,17.6299991607666,0.04035230191028083,449239.87676604674,-269.651874859004,448970.22489118774,48.78045436218487,0.0,True,False
2007-10-10,1562.469970703125,16.670000076293945,18.31999969482422,0.040249889164181527,449289.5448899659,-275.35606803318757,449014.1888219327,49.66812391918056,0.0,True,False
2007-10-11,1554.4100341796875,18.8799991607666,19.579999923706055,0.04086440486808363,449339.0924283429,-329.068020837602,449010.0244075053,49.54753837696928,0.0,True,False
2007-10-12,1561.800048828125,17.729999542236328,19.149999618530273,0.04168390562097403,449389.4020242682,-292.07269291721786,449097.329331351,50.30959592527348,0.0,True,False
2007-10-15,1548.7099609375,19.25,20.38999938964844,0.042708517074234724,449543.3925560587,-273.9135828158548,449269.47897324286,153.99053179052493,0.0,True,False
2007-10-16,1538.530029296875,20.020000457763672,21.200000762939453,0.04219617863034214,449595.99654223357,-270.51216499433286,449325.48437723925,52.603986174847584,0.0,True,False
2007-10-17,1541.239990234375,18.540000915527344,20.36000061035156,0.03984026432686883,449647.97552748764,-210.28062679510305,449437.69490069256,51.97898525407787,0.0,True,False
2007-10-18,1540.0799560546875,18.5,20.229999542236328,0.037281056441768386,449697.05791627924,-196.1334989946104,449500.9244172846,49.0823887916318,0.0,True,False
2007-10-19,1500.6300048828125,22.959999084472656,23.219999313354492,0.038202183181499365,449742.99226593366,-326.50563778090253,449416.4866281528,45.93434965440262,0.0,True,False
2007-10-22,1506.3299560546875,21.63999938964844,21.520000457763672,0.03973786465364425,449884.2294863642,-248.43767425129667,449635.7918121129,141.23722043051583,0.0,True,True
2007-10-23,1519.5899658203125,20.40999984741211,21.010000228881836,0.03953307314958572,449933.2114365629,-192.2799386695237,449740.93149789335,48.981950198681815,0.0,True,False
2007-10-24,1515.8800048828125,20.799999237060547,21.290000915527344,0.038202183181499365,449981.94624714146,-193.37038112944344,449788.575866012,48.73481057859399,0.0,True,False
2007-10-25,1514.4000244140625,21.170000076293945,21.3799991607666,0.03912352150729249,450029.0454043155,-193.60720254637926,449835.43820176914,47.09915717407047,0.0,True,False
2007-10-26,1535.280029296875,19.559999465942383,20.38999938964844,0.03932829210115765,449928.3006188453,0.0,449928.3006188453,48.240177212977414,88.23007172745378,False,False
2007-10-29,1540.97998046875,19.8700008392334,20.399999618530273,0.03984026432686883,450073.7617573079,0.0,450073.7617573079,145.46113846265956,0.0,False,False
2007-10-30,1531.02001953125,21.06999969482422,21.290000915527344,0.03932829210115765,450122.890623803,0.0,450122.890623803,49.1288664951056,0.0,False,False
2007-10-31,1549.3800048828125,18.530000686645508,19.520000457763672,0.03912352150729249,450171.3934135912,0.0,450171.3934135912,48.50278978818036,0.0,False,False
2007-11-01,1508.43994140625,23.209999084472656,22.6299991607666,0.0377927674034376,450219.64884958195,0.0,450219.64884958195,48.255435990746314,0.0,False,True
2007-11-02,1509.6500244140625,23.010000228881836,23.13999938964844,0.035848612955500556,450266.26782871713,0.0,450266.26782871713,46.61897913515505,0.0,False,False
2007-11-05,1502.1700439453125,24.309999465942383,24.030000686645508,0.03687173467076569,450398.9565909052,0.0,450398.9565909052,132.68876218807134,0.0,False,True
2007-11-06,1520.27001953125,21.38999938964844,22.170000076293945,0.037281056441768386,450749.02204209403,-474.56454801653535,450274.4574940775,45.500903172288496,0.0,True,False
2007-11-07,1475.6199951171875,26.489999771118164,25.239999771118164,0.03462121128797756,450795.06384472625,-567.990885911617,450227.0729588146,46.04180263219831,0.0,True,True
2007-11-08,1474.77001953125,26.15999984741211,25.36000061035156,0.03359866340128471,450837.8249717461,-549.1848640249233,450288.64010772115,42.761127019843,0.0,True,True
2007-11-09,1453.699951171875,28.5,27.030000686645508,0.032474161735104125,450879.3270142821,-624.2790536324175,450255.0479606497,41.50204253605721,0.0,True,True
2007-11-12,1439.1800537109375,31.09000015258789,27.350000381469727,0.032474161735104125,450999.6876916048,-677.2897564826965,450322.3979351221,120.36067732268025,0.0,True,True
2007-11-13,1481.050048828125,24.100000381469727,24.65999984741211,0.03472348041577712,451039.8150569258,-420.5178568557012,450619.2972000701,40.127365321057056,0.0,True,False
2007-11-14,1470.5799560546875,25.940000534057617,25.649999618530273,0.033905400396310605,451082.72578892036,-469.480701201677,450613.2450877187,42.91073199456721,0.0,True,True
2007-11-15,1451.1500244140625,28.059999465942383,27.440000534057617,0.03278081274358243,451124.62948974123,-547.0221032461761,450577.60738649504,41.90370082086519,0.0,True,True
2007-11-16,1458.739990234375,25.489999771118164,26.440000534057617,0.03380315212489637,451165.1470132811,-444.62630563345186,450720.52070764767,40.51752353986463,0.0,True,False
2007-11-19,1433.27001953125,26.010000228881836,25.65999984741211,0.03380315212489637,451290.51350279694,-470.1623361334795,450820.35116666346,125.36648951579537,0.0,True,True
2007-11-20,1439.699951171875,24.8799991607666,26.09000015258789,0.03226974075329032,451332.31007347495,-413.2149968695248,450919.09507660544,41.796570677988456,0.0,True,False
2007-11-21,1416.77001953125,26.84000015258789,27.420000076293945,0.03073691538475603,451372.2142391701,-529.0712715237073,450843.14296764636,39.90416569510328,0.0,True,False
2007-11-23,1440.699951171875,25.61000061035156,25.969999313354492,0.03206533018930814,451448.2414059843,-393.11374765670337,451055.12765832763,76.02716681422672,0.0,True,False
2007-11-26,1407.219970703125,28.90999984741211,28.440000534057617,0.03114561154358967,451567.23656748986,-564.588224514352,451002.64834297553,118.99516150553896,0.0,True,True
2007-11-27,1428.22998046875,26.280000686645508,26.59000015258789,0.03134997524046677,451605.7706436846,-395.3151143785865,451210.455529306,38.53407619474999,0.0,True,False
2007-11-28,1469.02001953125,24.11000061035156,24.25,0.030328260865411308,451644.56088411185,-239.83244852573975,451404.7284355861,38.79024042725616,0.0,True,False
2007-11-29,1469.719970703125,23.969999313354492,24.5,0.029715357141877667,451682.09009822406,-220.51546245525716,451461.5746357688,37.52921411220087,0.0,True,False
2007-11-30,1481.1400146484375,22.8700008392334,23.93000030517578,0.03134997524046677,451537.2630915674,0.0,451537.2630915674,36.773810925815056,122.96373043401681,False,False
2007-12-03,1472.4200439453125,23.61000061035156,24.299999237060547,0.030430420592009184,451653.626154,0.0,451653.626154,116.3630624326392,0.0,False,False
2007-12-04,1462.7900390625,23.790000915527344,24.649999618530273,0.030532582920677856,451940.9554085779,-419.6728634883331,451521.2825450896,37.65639108962924,0.0,True,False
2007-12-05,1485.010009765625,22.530000686645508,23.329999923706055,0.030532582920677856,451978.7622629853,-424.34726439645686,451554.41499858885,37.80685440734759,0.0,True,False
2007-12-06,1507.3399658203125,20.959999084472656,22.100000381469727,0.03073691538475603,452016.57228010276,-449.90902855144867,451566.66325155133,37.810017117482786,0.0,True,False
2007-12-07,1504.6600341796875,20.850000381469727,22.18000030517578,0.03094125825870639,452054.63852707803,-417.49252817352584,451637.1459989045,38.066246975254515,0.0,True,False
2007-12-10,1515.9599609375,20.739999771118164,21.93000030517578,0.030328260865411308,452169.61593542184,-426.63951697933015,451742.9764184425,114.97740834382023,0.0,True,False
2007-12-11,1477.6500244140625,23.59000015258789,24.1200008392334,0.029204675571573958,452207.1887787619,-353.0875202981281,451854.10125846375,37.57284334002271,0.0,True,False
2007-12-12,1486.5899658203125,22.469999313354492,23.290000915527344,0.02859194350160867,452243.3725941062,-325.7213538178692,451917.65124028834,36.183815344279836,0.0,True,False
2007-12-13,1488.4100341796875,22.559999465942383,23.520000457763672,0.028489830589621047,452278.80005553516,-323.0237940284627,451955.7762615067,35.427461428980905,0.0,True,False
2007-12-14,1467.949951171875,23.270000457763672,24.209999084472656,0.02859194350160867,452314.103752205,-277.04453390215446,452037.05921830283,35.303696669796906,0.0,True,False
2007-12-17,1445.9000244140625,24.520000457763672,25.530000686645508,0.030634747851548984,452420.4110865057,-248.90178936758883,452171.5092971381,106.30733430071821,0.0,True,False
2007-12-18,1454.97998046875,22.63999938964844,24.670000076293945,0.030328260865411308,452458.38469435327,-198.13915261310672,452260.24554174015,37.97360784755663,0.0,True,False
2007-12-19,1453.0,21.68000030517578,23.809999465942383,0.029000421147742747,452495.9815328114,-168.49365723959738,452327.4878755718,37.59683845813425,0.0,True,False
2007-12-20,1460.1199951171875,20.579999923706055,22.8700008392334,0.029000421147742747,452531.9352187326,-143.20843663049757,452388.7267821021,35.95368592112565,0.0,True,False
2007-12-21,1484.4599609375,18.469999313354492,21.5,0.029715357141877667,452442.77276138373,0.0,452442.77276138373,35.956542670321376,124.55386346915301,False,False
2007-12-24,1496.449951171875,18.600000381469727,21.13999938964844,0.033189717227210126,452553.2889848897,0.0,452553.2889848897,110.51622350594101,0.0,False,False
2007-12-26,1497.6600341796875,18.65999984741211,20.93000030517578,0.032985259774621696,452635.5984729147,0.0,452635.5984729147,82.30948802501692,0.0,False,False
2007-12-27,1476.27001953125,20.260000228881836,22.049999237060547,0.031452160993734345,452676.5052604468,0.0,452676.5052604468,40.906787532072016,0.0,False,False
2007-12-28,1478.489990234375,20.739999771118164,22.559999465942383,0.03155434935039874,452715.5142132431,0.0,452715.5142132431,39.00895279626726,0.0,False,False
2007-12-31,1468.3599853515625,22.5,23.309999465942383,0.033496422948821526,452832.94157831545,0.0,452832.94157831545,117.42736507234113,0.0,False,False
2008-01-02,1447.1600341796875,23.170000076293945,23.600000381469727,0.03237194994190213,453215.2668883554,-469.20379864084254,452746.06308971456,83.12151139910549,0.0,True,False
2008-01-03,1447.1600341796875,22.489999771118164,22.809999465942383,0.03216753416913687,453255.46445701254,-417.6386045579338,452837.8258524546,40.19756865709274,0.0,True,False
2008-01-04,1411.6300048828125,23.940000534057617,23.690000534057617,0.03175873387444679,453295.41172587115,-394.0742309374346,452901.3374949337,39.94726885860481,0.0,True,True
2008-01-07,1416.1800537109375,23.790000915527344,23.219999313354492,0.032474161735104125,453413.7511841295,-354.07541333095685,453059.6757707985,118.3394582583654,0.0,True,True
2008-01-08,1390.18994140625,25.43000030517578,25.489999771118164,0.03226974075329032,453454.0933389733,-414.17348027058154,453039.9198587027,40.342154843791725,0.0,True,False
2008-01-09,1409.1300048828125,24.1200008392334,24.5,0.031963128813672324,453494.18510034704,-352.77428744820395,453141.41081289883,40.09176137373253,0.0,True,False
2008-01-10,1420.3299560546875,23.450000762939453,23.950000762939453,0.03216753416913687,453533.89942292887,-321.6683882626373,453212.23103466624,39.714322581830004,0.0,True,False
2008-01-11,1401.02001953125,23.68000030517578,24.5,0.03073691538475603,453573.8712314066,-324.0792413963528,453249.79199001024,39.97180847768347,0.0,True,False
2008-01-14,1416.25,22.899999618530273,23.670000076293945,0.0316565403105917,453688.47306329716,-260.3009614229534,453428.1721018742,114.60183189055829,0.0,True,False
2008-01-15,1380.949951171875,23.34000015258789,24.38999938964844,0.031452160993734345,453727.82328322285,-304.2126153833634,453423.6106678395,39.350219925671325,0.0,True,False
2008-01-16,1373.199951171875,24.3799991607666,24.36000061035156,0.03114561154358967,453766.92283231614,-334.20109359017044,453432.72173872596,39.09954909328678,0.0,True,True
2008-01-17,1333.25,28.459999084472656,26.440000534057617,0.030532582920677856,453805.6446167219,-559.2899996255833,453246.3546170963,38.72178440577449,0.0,True,True
2008-01-18,1325.18994140625,27.18000030517578,25.989999771118164,0.02838772027718758,453843.60746060655,-555.0810438080781,453288.5264167985,37.96284388465335,0.0,True,True
2008-01-22,1310.5,31.010000228881836,27.38999938964844,0.02338749666748501,453984.8194016125,-708.9783494535118,453275.84105215897,141.21194100596108,0.0,True,True
2008-01-23,1338.5999755859375,29.020000457763672,26.25,0.021960005519763588,454013.90956221585,-501.17516609741176,453512.73439611844,29.09016060332756,0.0,True,True
2008-01-24,1352.0699462890625,27.780000686645508,26.0,0.02359146545304013,454041.22585780494,-398.2491794757218,453642.9766783292,27.31629558908875,0.0,True,True
2008-01-25,1330.6099853515625,29.079999923706055,26.86000061035156,0.02287762007788654,453550.12170075596,0.0,453550.12170075596,29.347517988566395,-221.2478763967005,False,True
2008-01-28,1353.9599609375,27.780000686645508,25.969999313354492,0.023285516164195733,453635.4131224464,0.0,453635.4131224464,85.29142169045372,0.0,False,True
2008-01-29,1362.300048828125,27.31999969482422,25.649999618530273,0.02267368758899465,453664.35414078773,0.0,453664.35414078773,28.941018341342186,0.0,False,True
2008-01-30,1355.81005859375,27.6200008392334,26.079999923706055,0.021960005519763588,453692.53650608036,0.0,453692.53650608036,28.182365292646622,0.0,False,True
2008-01-31,1378.550048828125,26.200000762939453,25.209999084472656,0.019514059181070218,453719.8334658711,0.0,453719.8334658711,27.296959790755544,0.0,False,True
2008-02-01,1395.4200439453125,24.020000457763672,24.11000061035156,0.020940679939175543,453744.0914175569,0.0,453744.0914175569,24.257951685833522,0.0,False,False
2008-02-04,1380.8199462890625,25.989999771118164,25.36000061035156,0.0225717252326533,454093.6147880353,-441.42040444703554,453652.19438358827,78.10296603137807,0.0,True,True
2008-02-05,1336.6400146484375,28.239999771118164,26.989999771118164,0.021756119679032734,454121.69696127134,-438.8347956945526,453682.8621655768,28.082173236076073,0.0,True,True
2008-02-06,1326.449951171875,28.969999313354492,27.61000061035156,0.020838761627115794,454148.76605837897,-453.2106567886795,453695.5554015903,27.069097107608524,0.0,True,True
2008-02-07,1336.9100341796875,27.65999984741211,26.739999771118164,0.021552244201661897,454174.69528589427,-403.9567195578573,453770.7385663364,25.929227515283202,0.0,True,True
2008-02-08,1331.2900390625,28.010000228881836,27.059999465942383,0.022163901724908078,454201.51384189486,-405.73861994991336,453795.77522194496,26.818556000597596,0.0,True,True
2008-02-11,1339.1300048828125,27.600000381469727,26.670000076293945,0.02287762007788654,454284.2628394996,-361.0388494070853,453923.2239900925,82.74899760474545,0.0,True,True
2008-02-12,1348.8599853515625,26.329999923706055,26.11000061035156,0.02287762007788654,454312.73754768044,-319.05569820384613,453993.6818494766,28.474708180816087,0.0,True,True
2008-02-13,1367.2099609375,24.8799991607666,25.290000915527344,0.0225717252326533,454341.21404066664,-279.7707323614492,454061.44330830517,28.476492986217256,0.0,True,False
2008-02-14,1348.8599853515625,25.540000915527344,25.469999313354492,0.02297959021070067,454369.3115259989,-278.08232588197075,454091.22920011694,28.097485332258625,0.0,True,True
2008-02-15,1349.989990234375,25.020000457763672,25.440000534057617,0.021960005519763588,454397.9185102952,-257.8077846785004,454140.11072561675,28.60698429626709,0.0,True,False
2008-02-19,1348.780029296875,25.59000015258789,25.469999313354492,0.02267368758899465,454507.28597994574,-230.69558301267685,454276.5903969331,109.36746965050556,0.0,True,True
2008-02-20,1360.030029296875,24.399999618530273,24.670000076293945,0.022367808295519997,454535.52070953103,-194.89928028581284,454340.6214292452,28.23472958530291,0.0,True,False
2008-02-21,1342.530029296875,25.1200008392334,25.09000015258789,0.021858061303912088,454563.37625726074,-208.26384374412098,454355.1124135166,27.85554772967889,0.0,True,True
2008-02-22,1353.1099853515625,24.059999465942383,24.399999618530273,0.021858061303912088,454590.5986453596,-175.2648765225238,454415.3337688371,27.222388098885187,0.0,True,False
2008-02-25,1371.800048828125,23.030000686645508,23.93000030517578,0.021858061303912088,454530.8857001133,0.0,454530.8857001133,81.67694627252612,130.03051292820152,False,False
2008-02-26,1381.2900390625,21.899999618530273,23.11000061035156,0.02124645041460101,454558.1061424537,0.0,454558.1061424537,27.22044234037842,0.0,False,False
2008-02-27,1380.02001953125,22.690000534057617,23.690000534057617,0.019717831082755294,454584.56649136933,0.0,454584.56649136933,26.460348915651796,0.0,False,False
2008-02-28,1367.6800537109375,23.530000686645508,24.290000915527344,0.018902805582492365,454609.1244744044,0.0,454609.1244744044,24.557983035075264,0.0,False,False
2008-02-29,1330.6300048828125,26.540000915527344,26.38999938964844,0.01839349873168653,454632.6686125391,0.0,454632.6686125391,23.544138134749726,0.0,False,True
2008-03-03,1331.3399658203125,26.280000686645508,26.079999923706055,0.016967783501476128,454701.4049211543,0.0,454701.4049211543,68.73630861519159,0.0,False,True
2008-03-04,1326.75,25.520000457763672,25.760000228881836,0.016560529356408785,454925.95255891944,-373.40940672507827,454552.54315219435,21.138231040025865,0.0,True,False
2008-03-05,1333.699951171875,24.600000381469727,24.90999984741211,0.015237238888565052,454946.59361509606,-349.5411611965213,454597.0524538995,20.64105617660063,0.0,True,False
2008-03-06,1304.3399658203125,27.549999237060547,27.0,0.013914384851773634,454965.58614831336,-366.2664782340602,454599.3196700793,18.992533217317725,0.0,True,True
2008-03-07,1293.3699951171875,27.489999771118164,27.11000061035156,0.014423123235623505,454982.93049605907,-347.4456670263197,454635.48482903274,17.344347745701462,0.0,True,True
2008-03-10,1273.3699951171875,29.3799991607666,28.329999923706055,0.013507440598606275,455036.8701990053,-364.0616532258561,454672.80854577944,53.9397029462429,0.0,True,True
2008-03-11,1320.6500244140625,26.36000061035156,26.09000015258789,0.01472839724149434,455053.7099174284,-308.54519110192155,454745.1647263265,16.83971842310844,0.0,True,True
2008-03-12,1308.77001953125,27.219999313354492,27.3700008392334,0.01472839724149434,455072.0725120332,-309.7026081551614,454762.3699038781,18.36259460486822,0.0,True,False
2008-03-13,1315.47998046875,27.290000915527344,27.18000030517578,0.013507440598606275,455090.4358476163,-307.6039050707993,454782.8319425455,18.363335583072054,0.0,True,True
2008-03-14,1288.1400146484375,31.15999984741211,29.36000061035156,0.011778387988150774,455107.27754836326,-368.14012317540687,454739.13742518786,16.84170074695698,0.0,True,True
2008-03-17,1276.5999755859375,32.2400016784668,29.579999923706055,0.011066641735660514,455151.3380105628,-363.22620665708695,454788.11180390575,44.0604621995796,0.0,True,True
2008-03-18,1330.739990234375,25.790000915527344,26.010000228881836,0.009237016818809264,455165.1382109843,-238.03510729965706,454927.1031036846,13.800200421469262,0.0,True,False
2008-03-19,1298.4200439453125,29.84000015258789,28.780000686645508,0.006087951197542419,455176.657173278,-290.3071296837598,454886.3500435942,11.518962293692645,0.0,True,True
2008-03-20,1329.510009765625,26.6200008392334,27.290000915527344,0.006291042130298993,455184.24927296356,-232.9071470270935,454951.34212593647,7.592099685599192,0.0,True,False
2008-03-24,1349.8800048828125,25.729999542236328,25.959999084472656,0.012490260561764442,455215.6320894392,-206.11129776412253,455009.5207916751,31.382816475656966,0.0,True,False
2008-03-25,1352.989990234375,25.719999313354492,26.18000030517578,0.012897101622407918,455231.2097857153,-199.27807210676775,455031.93171360856,15.577696276113404,0.0,True,False
2008-03-26,1341.1300048828125,26.079999923706055,26.61000061035156,0.012897101622407918,455247.295448463,-170.65100586003538,455076.644442603,16.0856627476692,0.0,True,False
2008-03-27,1325.760009765625,25.8799991607666,26.280000686645508,0.012998818335792863,455263.3816796,-144.07536011038283,455119.3063194896,16.08623113696341,0.0,True,False
2008-03-28,1315.219970703125,25.709999084472656,26.239999771118164,0.013303983953780121,455138.26055542444,0.0,455138.26055542444,16.21367499193559,62.07460755761218,False,False
2008-03-31,1322.699951171875,25.61000061035156,25.63999938964844,0.01381264491771495,455188.03165010444,0.0,455188.03165010444,49.771094679986255,0.0,False,False
2008-04-01,1370.1800537109375,22.68000030517578,23.61000061035156,0.014016127366561144,455253.1734939231,-217.91589965657687,455035.2575942665,17.225944162048435,0.0,True,False
2008-04-02,1367.530029296875,23.43000030517578,24.299999237060547,0.014117872462209299,455270.65571030515,-225.82171186581047,455044.8339984393,17.482216382025946,0.0,True,False
2008-04-03,1369.31005859375,23.209999084472656,24.1200008392334,0.014016127366561144,455288.2655112881,-214.74336497984945,455073.5221463082,17.60980098295263,0.0,True,False
2008-04-04,1370.4000244140625,22.450000762939453,23.520000457763672,0.013507440598606275,455305.7490752417,-193.19070007250733,455112.5583751692,17.48356395361155,0.0,True,False
2008-04-07,1372.5400390625,22.420000076293945,23.200000762939453,0.014524878656021945,455356.2999527212,-171.60557536303403,455184.6943773582,50.5508774795602,0.0,True,False
2008-04-08,1365.5400390625,22.36000061035156,23.06999969482422,0.014117872462209299,455374.4208475242,-162.7326204771498,455211.68822704704,18.12089480296034,0.0,True,False
2008-04-09,1354.489990234375,22.809999465942383,23.549999237060547,0.013100537628729612,455392.03466212715,-164.61804023835643,455227.4166218888,17.613814602966304,0.0,True,False
2008-04-10,1360.550048828125,21.979999542236328,23.059999465942383,0.012693675933768366,455408.3798334985,-148.75728772130017,455259.6225457772,16.345171371348545,0.0,True,False
2008-04-11,1332.8299560546875,23.459999084472656,24.190000534057617,0.011880076335103261,455424.2179346284,-171.61917569872412,455252.5987589297,15.838101129915957,0.0,True,False
2008-04-14,1328.3199462890625,23.81999969482422,24.40999984741211,0.01086330885908627,455468.689759017,-161.62590544159025,455307.06385357544,44.471824388612504,0.0,True,False
2008-04-15,1334.4300537109375,22.780000686645508,23.700000762939453,0.011066641735660514,455482.2458430831,-142.48823729105675,455339.757605792,13.556084066023837,0.0,True,False
2008-04-16,1364.7099609375,20.530000686645508,21.81999969482422,0.011269984920504017,455496.05607663863,-110.01284352153023,455386.0432331171,13.810233555568733,0.0,True,False
2008-04-17,1365.56005859375,20.3700008392334,21.75,0.012286855505349794,455510.1204956409,-105.6048711979197,455404.515624443,14.064419002270304,0.0,True,False
2008-04-18,1390.3299560546875,20.1299991607666,21.3700008392334,0.013405710986155586,455525.4544168301,-98.7627262633234,455426.6916905668,15.333921189194376,0.0,True,False
2008-04-21,1388.1700439453125,20.5,21.459999084472656,0.013507440598606275,455575.6487650057,-92.80138288255864,455482.8473821231,50.194348175623546,0.0,True,False
2008-04-22,1375.93994140625,20.8700008392334,21.799999237060547,0.012795387488443062,455592.50842220726,-92.68674745104103,455499.82167475624,16.859657201563657,0.0,True,False
2008-04-23,1379.9300537109375,20.260000228881836,21.579999923706055,0.012591966958252128,455608.4798875827,-88.27738814365334,455520.20249943907,15.971465375456198,0.0,True,False
2008-04-24,1388.8199462890625,20.059999465942383,21.18000030517578,0.012591966958252128,455624.1979858976,-85.92294668315405,455538.27503921447,15.718098314914764,0.0,True,False
2008-04-25,1397.8399658203125,19.59000015258789,20.579999923706055,0.013303983953780121,455546.10063713585,0.0,455546.10063713585,15.718640575705646,-45.90008968088864,False,False
2008-04-28,1396.3699951171875,19.63999938964844,20.40999984741211,0.014423123235623505,455595.9163306753,0.0,455595.9163306753,49.81569353945455,0.0,False,False
2008-04-29,1390.93994140625,20.239999771118164,20.81999969482422,0.014626636657934929,455613.91974404175,0.0,455613.91974404175,18.00341336644274,0.0,False,False
2008-04-30,1385.5899658203125,20.790000915527344,21.25,0.014321370396609526,455632.1779160618,0.0,455632.1779160618,18.25817202003443,0.0,False,False
2008-05-01,1409.3399658203125,18.8799991607666,19.780000686645508,0.014423123235623505,455650.05573853076,0.0,455650.05573853076,17.87782246898616,0.0,False,False
2008-05-02,1413.9000244140625,18.18000030517578,19.530000686645508,0.014931926154074661,455668.06129128014,0.0,455668.06129128014,18.00555274940053,0.0,False,False
2008-05-05,1407.489990234375,18.899999618530273,20.020000457763672,0.015339014964751659,455723.98802591325,0.0,455723.98802591325,55.926734633123864,0.0,False,False
2008-05-06,1418.260009765625,18.209999084472656,19.75,0.016255115881502177,455885.3624164083,-312.2223248566999,455573.14009155164,19.15206563839372,0.0,True,False
2008-05-07,1392.5699462890625,19.729999542236328,20.959999084472656,0.016662339016142433,455905.66552437603,-330.5298579808496,455575.1356663952,20.303107967690643,0.0,True,False
2008-05-08,1397.6800537109375,19.399999618530273,20.8799991607666,0.016560529356408785,455926.4782042417,-314.0362303707838,455612.4419738709,20.81267986568307,0.0,True,False
2008-05-09,1388.280029296875,19.40999984741211,20.8700008392334,0.0168659660885449,455947.1646566107,-304.8205288598404,455642.34412775084,20.686452368959106,0.0,True,False
2008-05-12,1403.5799560546875,17.790000915527344,20.239999771118164,0.017680577769863457,456010.374430188,-235.7031630276457,455774.67126716033,63.209773577309264,0.0,True,False
2008-05-13,1403.0400390625,17.979999542236328,20.149999618530273,0.018291645121549835,456032.4640799586,-228.66271887496134,455803.80136108364,22.089649770628274,0.0,True,False
2008-05-14,1408.6600341796875,17.65999984741211,20.0,0.0181897940977809,456055.31830739917,-212.3041399937356,455843.01416740543,22.854227440568774,0.0,True,False
2008-05-15,1423.5699462890625,16.299999237060547,19.280000686645508,0.018291645121549835,456078.0464143725,-178.67993268981473,455899.3664816827,22.72810697336203,0.0,True,False
2008-05-16,1425.3499755859375,16.469999313354492,19.56999969482422,0.01839349873168653,456100.9029261878,-175.40454304465734,455925.4983831431,22.856511815300887,0.0,True,False
2008-05-19,1426.6300048828125,17.010000228881836,19.84000015258789,0.0181897940977809,456169.86121842597,-158.8658228159038,456010.99539561005,68.95829223816871,0.0,True,False
2008-05-20,1413.4000244140625,17.579999923706055,20.809999465942383,0.018597213711590434,456192.59503379354,-158.32367571929817,456034.2713580742,22.73381536756412,0.0,True,False
2008-05-21,1390.7099609375,18.59000015258789,22.11000061035156,0.018597213711590434,456215.8392182324,-179.30606477473196,456036.5331534576,23.244184438822263,0.0,True,False
2008-05-22,1394.3499755859375,18.049999237060547,21.520000457763672,0.018597213711590434,456239.0845870221,-158.53702810891036,456080.5475589132,23.24536878972166,0.0,True,False
2008-05-23,1375.9300537109375,19.549999237060547,22.510000228881836,0.018495354928323236,456262.3311402231,-193.71514937566994,456068.6159908474,23.246553200966776,0.0,True,False
2008-05-27,1385.3499755859375,19.63999938964844,22.15999984741211,0.018902805582492365,456354.81978713966,-146.92913776427702,456207.8906493754,92.4886469166061,0.0,True,False
2008-05-28,1390.8399658203125,19.06999969482422,21.65999984741211,0.018902805582492365,456378.4543345719,-127.54883424759905,456250.9055003243,23.634547432257214,0.0,True,False
2008-05-29,1398.260009765625,18.13999938964844,20.799999237060547,0.019004674713597184,456402.09010603384,-108.41247838087966,456293.67762765294,23.63577146191157,0.0,True,False
2008-05-30,1400.3800048828125,17.829999923706055,20.530000686645508,0.018800939038543605,456315.69406201073,0.0,456315.69406201073,23.764381030861653,32.061899802752244,False,False
2008-06-02,1385.6700439453125,19.829999923706055,21.719999313354492,0.018495354928323236,456386.21318345325,0.0,456386.21318345325,70.51912144249894,0.0,False,False
2008-06-03,1377.6500244140625,20.239999771118164,22.11000061035156,0.018495354928323236,456687.3148238428,-447.97495857168343,456239.3398652711,23.12668181785682,0.0,True,False
2008-06-04,1377.199951171875,20.799999237060547,22.59000015258789,0.01839349873168653,456710.4567635314,-459.48329792339024,456250.97346560797,23.14193968856144,0.0,True,False
2008-06-05,1404.050048828125,18.6299991607666,21.079999923706055,0.018495354928323236,456733.4724207223,-467.10635470574744,456266.36606601655,23.015657190911135,0.0,True,False
2008-06-06,1360.6800537109375,23.559999465942383,24.200000762939453,0.01839349873168653,456756.61669937737,-496.8200592423659,456259.796640135,23.14427865504569,0.0,True,False
2008-06-09,1361.760009765625,23.1200008392334,23.850000381469727,0.018902805582492365,456825.6741295513,-434.332953522951,456391.3411760283,69.05743017388886,0.0,True,False
2008-06-10,1358.43994140625,23.18000030517578,23.84000015258789,0.020125405945675086,456849.3330624591,-415.2933859585022,456434.0396765006,23.658932907783914,0.0,True,False
2008-06-11,1335.489990234375,24.1200008392334,24.31999969482422,0.019514059181070218,456874.52356044826,-424.2782479100998,456450.2453125382,25.19049798918901,0.0,True,False
2008-06-12,1339.8699951171875,23.329999923706055,23.700000762939453,0.01992161333727291,456898.95017639396,-382.1490814221682,456516.8010949718,24.426615945699485,0.0,True,False
2008-06-13,1360.030029296875,21.219999313354492,22.600000381469727,0.01981972091584406,456923.8882931642,-303.92795560160965,456619.9603375626,24.938116770211064,0.0,True,False
2008-06-16,1360.1400146484375,20.950000762939453,22.43000030517578,0.020736845904711657,456998.3280872494,-256.82923224728665,456741.4988550021,74.43979408519816,0.0,True,False
2008-06-17,1350.9300537109375,21.1299991607666,22.479999542236328,0.01992161333727291,457024.2923971525,-251.81132942863752,456772.4810677239,25.964309903114117,0.0,True,False
2008-06-18,1337.81005859375,22.239999771118164,23.549999237060547,0.019208420737802476,457049.2373552581,-281.9041654107181,456767.33318984736,24.94495810555733,0.0,True,False
2008-06-19,1342.8299560546875,21.579999923706055,22.84000015258789,0.019004674713597184,457073.29057459824,-247.7087802486869,456825.58179434953,24.053219340159494,0.0,True,False
2008-06-20,1317.9300537109375,22.8700008392334,23.56999969482422,0.018597213711590434,457097.0899043378,-314.2079901342868,456782.88191420346,23.799329739530695,0.0,True,False
2008-06-23,1318.0,22.63999938964844,23.299999237060547,0.018800939038543605,457166.9642768227,-273.97027835181706,456892.9939984709,69.8743724849213,0.0,True,False
2008-06-24,1314.2900390625,22.420000076293945,23.209999084472656,0.018291645121549835,457190.5132894136,-266.0747106048886,456924.4385788087,23.549012590919677,0.0,True,False
2008-06-25,1321.969970703125,21.13999938964844,22.31999969482422,0.018087945660248832,457213.42555289785,-209.5356383187385,457003.8899145791,22.912263484282573,0.0,True,False
2008-06-26,1283.1500244140625,23.93000030517578,24.309999465942383,0.017273251248762632,457236.08378992614,-385.2615221048173,456850.82226782135,22.658237028283878,0.0,True,False
2008-06-27,1278.3800048828125,23.440000534057617,23.93000030517578,0.016662339016142433,456869.7830619473,0.0,456869.7830619473,21.638741478204594,-109.96451088531839,False,False
2008-06-30,1280.0,23.950000762939453,23.770000457763672,0.019004674713597184,456932.3559976085,0.0,456932.3559976085,62.57293566120072,0.0,False,True
2008-07-01,1284.9100341796875,23.649999618530273,23.670000076293945,0.01869907508162039,457147.1500027441,-361.00201371252496,456786.14798903157,23.791991423031686,0.0,True,False
2008-07-02,1261.52001953125,25.920000076293945,25.020000457763672,0.0181897940977809,457170.57040781085,-369.09309953734873,456801.4773082735,23.420405066720644,0.0,True,True
2008-07-03,1262.9000244140625,24.780000686645508,24.420000076293945,0.01839349873168653,457193.3540948159,-332.96410808564644,456860.38998673024,22.783687005044367,0.0,True,True
2008-07-07,1252.31005859375,25.780000686645508,24.75,0.01869907508162039,457285.5210316534,-313.91685535592364,456971.6041762975,92.16693683747256,0.0,True,True
2008-07-08,1273.699951171875,23.149999618530273,23.059999465942383,0.018597213711590434,457308.94852569693,-256.5804178914699,457052.36810780544,23.427494043533766,0.0,True,True
2008-07-09,1244.68994140625,25.229999542236328,24.36000061035156,0.0181897940977809,457332.2495912135,-286.8773566078976,457045.3722346056,23.30106551656708,0.0,True,True
2008-07-10,1253.3900146484375,25.59000015258789,24.38999938964844,0.016662339016142433,457355.04133570986,-284.26797943819713,457070.7733562717,22.791744496379803,0.0,True,True
2008-07-11,1239.489990234375,27.489999771118164,25.520000457763672,0.016051519817165624,457375.920181445,-322.14853411060164,457053.77164733445,20.878845735176398,0.0,True,True
2008-07-14,1228.300048828125,28.479999542236328,25.8799991607666,0.015237238888565052,457436.26590437366,-330.31278316210893,457105.95312121155,60.34572292866782,0.0,True,True
2008-07-15,1214.9100341796875,28.540000915527344,25.969999313354492,0.013914384851773634,457455.36237327114,-346.2669396065732,457109.09543366457,19.09646889750076,0.0,True,True
2008-07-16,1245.3599853515625,25.100000381469727,24.559999465942383,0.013710907564255062,457472.80163708515,-232.71392272926744,457240.0877143559,17.43926381401387,0.0,True,True
2008-07-17,1260.3199462890625,25.010000228881836,24.3700008392334,0.014219620138848145,457489.9865277862,-216.15219788653067,457273.83432989963,17.184890701033716,0.0,True,True
2008-07-18,1260.6800537109375,24.049999237060547,23.799999237060547,0.01472839724149434,457507.80970735976,-190.5066585592489,457317.3030488005,17.823179573579196,0.0,True,True
2008-07-21,1260.0,23.049999237060547,23.18000030517578,0.014830160406830283,457563.1968139561,-154.288778626579,457408.9080353295,55.38710659630713,0.0,True,False
2008-07-22,1277.0,21.18000030517578,22.059999465942383,0.015440793623500997,457581.78824809595,-120.7546734978813,457461.0335745981,18.59143413988758,0.0,True,False
2008-07-23,1282.18994140625,21.309999465942383,22.200000762939453,0.015847934086752537,457601.1459889359,-116.03442271714421,457485.1115662188,19.357740839966777,0.0,True,False
2008-07-24,1252.5400390625,23.440000534057617,23.760000228881836,0.016458722280811345,457621.0150032919,-142.50070192287566,457478.514301369,19.869014355967707,0.0,True,False
2008-07-25,1257.760009765625,22.90999984741211,23.290000915527344,0.017375079001127135,457503.85590756667,0.0,457503.85590756667,20.63569044676869,53.207227540531065,False,False
2008-07-28,1234.3699951171875,24.229999542236328,23.989999771118164,0.017273251248762632,457569.1961810385,0.0,457569.1961810385,65.34027347186223,0.0,False,True
2008-07-29,1263.199951171875,22.030000686645508,22.219999313354492,0.01717142608145376,457590.8506870925,0.0,457590.8506870925,21.654506054033167,0.0,False,False
2008-07-30,1284.260009765625,21.209999084472656,21.440000534057617,0.016967783501476128,457612.3785564043,0.0,457612.3785564043,21.527869311777685,0.0,False,False
2008-07-31,1267.3800048828125,22.940000534057617,22.670000076293945,0.01676415126014437,457633.6521132485,0.0,457633.6521132485,21.273556844141222,0.0,False,True
2008-08-01,1260.31005859375,22.56999969482422,22.75,0.016560529356408785,457654.67133502685,0.0,457654.67133502685,21.019221778389767,0.0,False,False
2008-08-04,1249.010009765625,23.489999771118164,23.09000015258789,0.017476909338677626,457716.96875514055,0.0,457716.96875514055,62.29742011372403,0.0,False,True
2008-08-05,1284.8800048828125,21.13999938964844,21.5,0.017476909338677626,457811.7347287002,-242.84907086366258,457568.8856578365,21.916902695971142,0.0,True,False
2008-08-06,1289.18994140625,20.229999542236328,21.18000030517578,0.01635691778921983,457833.6561690838,-224.44569551599852,457609.2104735678,21.921440383588546,0.0,True,False
2008-08-07,1266.0699462890625,21.149999618530273,21.86000061035156,0.016560529356408785,457854.1737451824,-220.2135459080444,457633.96019927436,20.517576098604362,0.0,True,False
2008-08-08,1296.3199462890625,20.65999984741211,21.649999618530273,0.016967783501476128,457874.94766161387,-233.9487331215781,457640.9989284923,20.773916431468894,0.0,True,False
2008-08-11,1305.3199462890625,20.1200008392334,21.440000534057617,0.01869907508162039,457938.80791986256,-216.0665488289079,457722.74137103366,63.86025824872103,0.0,True,False
2008-08-12,1289.5899658203125,21.170000076293945,22.200000762939453,0.018597213711590434,457962.2688828746,-204.43113758819385,457757.8377452864,23.4609630119973,0.0,True,False
2008-08-13,1285.8299560546875,21.549999237060547,22.540000915527344,0.018495354928323236,457985.6032367414,-200.74846108988274,457784.85477565153,23.33435386680597,0.0,True,False
2008-08-14,1292.9300537109375,20.34000015258789,21.65999984741211,0.018800939038543605,458008.8109652337,-176.26598550894877,457832.54497972474,23.207728492354352,0.0,True,False
2008-08-15,1298.199951171875,19.579999923706055,21.3799991607666,0.01839349873168653,458032.4033419778,-161.71707529298757,457870.6862666848,23.592376744093727,0.0,True,False
2008-08-18,1278.5999755859375,20.979999542236328,22.11000061035156,0.0181897940977809,458101.6536594439,-152.10170982015276,457949.55194962374,69.25031746608575,0.0,True,False
2008-08-19,1266.68994140625,21.280000686645508,22.420000076293945,0.017986099808822733,458124.4837481877,-151.9514935344995,457972.5322546532,22.830088743813167,0.0,True,False
2008-08-20,1274.5400390625,20.420000076293945,22.459999084472656,0.017069603499068373,458147.0592980807,-134.6251603317821,458012.4341377489,22.575549892978184,0.0,True,False
2008-08-21,1277.719970703125,19.81999969482422,22.079999923706055,0.01717142608145376,458168.4855214057,-122.79075879782364,458045.69476260786,21.42622332503485,0.0,True,False
2008-08-22,1292.199951171875,18.809999465942383,21.479999542236328,0.016967783501476128,458190.0405661892,-108.15968837009788,458081.88087781915,21.555044783499536,0.0,True,False
2008-08-25,1266.8399658203125,20.969999313354492,22.809999465942383,0.017375079001127135,458253.9447707476,-116.56466120035576,458137.3801095473,63.904204558431324,0.0,True,False
2008-08-26,1271.510009765625,20.489999771118164,22.520000457763672,0.017069603499068373,458275.75953241356,-106.97272189919636,458168.78681051434,21.81476166592368,0.0,True,False
2008-08-27,1281.6600341796875,19.760000228881836,21.940000534057617,0.016662339016142433,458297.19177467923,-96.7984090665736,458200.39336561266,21.432242265693393,0.0,True,False
2008-08-28,1300.6800537109375,19.43000030517578,21.540000915527344,0.017375079001127135,458318.1136307934,-90.96807362846523,458227.1455571649,20.92185611419643,0.0,True,False
2008-08-29,1282.8299560546875,20.649999618530273,22.520000457763672,0.01717142608145376,458235.590778821,0.0,458235.590778821,21.817816366061553,-31.49159747479831,False,False
2008-09-02,1277.5799560546875,21.989999771118164,23.11000061035156,0.01717142608145376,458534.90607632016,-383.07640463210817,458151.829671688,86.23889286704191,0.0,True,False
2008-09-03,1274.97998046875,21.43000030517578,22.799999237060547,0.016967783501476128,458556.47835976526,-347.02048433708114,458209.4578754282,21.572283445084448,0.0,True,False
2008-09-04,1236.8299560546875,24.030000686645508,24.350000381469727,0.0168659660885449,458577.7958060708,-364.9693921409404,458212.82641392987,21.31744630555986,0.0,True,False
2008-09-05,1242.31005859375,23.059999465942383,23.729999542236328,0.01676415126014437,458598.98631634715,-331.577285195723,458267.40903115144,21.19051027637619,0.0,True,False
2008-09-08,1267.7900390625,22.63999938964844,23.149999618530273,0.01717142608145376,458662.1798981738,-308.75252964344594,458353.42736853036,63.193581826627174,0.0,True,False
2008-09-09,1224.510009765625,25.469999313354492,25.149999618530273,0.016560529356408785,458683.758169357,-365.1693672976445,458318.58880205936,21.57827118325614,0.0,True,True
2008-09-10,1232.0400390625,24.520000457763672,24.540000915527344,0.016458722280811345,458704.5697259772,-327.4878700810368,458377.08185589616,20.811556620177196,0.0,True,False
2008-09-11,1249.050048828125,24.38999938964844,24.36000061035156,0.016051519817165624,458725.25427759753,-309.53225744838863,458415.7220201491,20.6845516203302,0.0,True,True
2008-09-12,1251.699951171875,25.65999984741211,25.020000457763672,0.014830160406830283,458745.4279746324,-334.00804920293893,458411.41992542945,20.173697034878106,0.0,True,True
2008-09-15,1192.699951171875,31.700000762939453,27.93000030517578,0.01045667402656539,458801.3486562545,-522.0385529846732,458279.3101032698,55.920681622040284,0.0,True,True
2008-09-16,1213.5999755859375,30.299999237060547,26.8799991607666,0.008525721347452138,458814.49277917895,-435.83002894267855,458378.6627502363,13.144122924490809,0.0,True,True
2008-09-17,1156.3900146484375,36.220001220703125,30.239999771118164,0.00030417820023607886,458825.20995781256,-747.755917621792,458077.4540401908,10.717178633615353,0.0,True,True
2008-09-18,1206.510009765625,33.099998474121094,28.579999923706055,0.002332622590596498,458825.59232681186,-504.70114002492846,458320.89118678693,0.38236899931575474,0.0,True,True
2008-09-19,1255.0799560546875,32.06999969482422,28.040000915527344,0.009846799063681648,458828.5245743783,-454.6362803635094,458373.8882940148,2.9322475663864322,0.0,True,True
2008-09-22,1207.0899658203125,33.849998474121094,29.729999542236328,0.013100537628729612,458865.6602602757,-482.87941250722594,458382.7808477685,37.13568589743304,0.0,True,True
2008-09-23,1188.219970703125,35.720001220703125,31.260000228881836,0.008220919040828615,458882.13010885124,-567.9512390714875,458314.17886977975,16.469848575515645,0.0,True,True
2008-09-24,1185.8699951171875,35.189998626708984,30.559999465942383,0.00507265075359442,458892.46565768577,-558.7692493105795,458333.69640837517,10.335548834545307,0.0,True,True
2008-09-25,1209.1800537109375,32.81999969482422,29.100000381469727,0.007611383906217505,458898.8432395689,-425.0839996637132,458473.75923990516,6.377581883112143,0.0,True,True
2008-09-26,1213.27001953125,34.7400016784668,29.739999771118164,0.008728935754005141,458435.6481331235,0.0,458435.6481331235,9.569566270487268,-259.6882680837292,False,True
2008-09-29,1106.4200439453125,46.720001220703125,36.27000045776367,0.009745162251547073,458468.5396307022,0.0,458468.5396307022,32.89149757864878,0.0,False,True
2008-09-30,1166.3599853515625,39.38999938964844,33.029998779296875,0.009135395456935813,458480.78047988075,0.0,458480.78047988075,12.240849178570562,0.0,False,True
2008-10-01,1161.06005859375,39.810001373291016,33.439998626708984,0.008525721347452138,458492.2557008512,0.0,458492.2557008512,11.475220970438825,0.0,False,True
2008-10-02,1114.280029296875,45.2599983215332,36.4900016784668,0.006291042130298993,458502.9653525379,0.0,458502.9653525379,10.70965168670072,0.0,False,True
2008-10-03,1099.22998046875,45.13999938964844,37.29999923706055,0.00507265075359442,458510.8680548117,0.0,458510.8680548117,7.902702273775921,0.0,False,True
2008-10-06,1056.8900146484375,52.04999923706055,39.130001068115234,0.005478740091370373,458529.98515607655,0.0,458529.98515607655,19.11710126484604,0.0,False,True
2008-10-07,996.22998046875,53.68000030517578,40.54999923706055,0.008220919040828615,458587.6709948834,-220.80313889727447,458366.8678559861,6.8826999095695705,0.0,True,True
2008-10-08,984.9400024414062,57.529998779296875,42.220001220703125,0.00679881445588274,458597.99991152127,-242.4868134986677,458355.5130980226,10.328916637838345,0.0,True,True
2008-10-09,909.9199829101562,63.91999816894531,48.0099983215332,0.005884870547495857,458606.54224508296,-276.8056254738883,458329.73661960906,8.542333561717683,0.0,True,True
2008-10-10,899.219970703125,69.94999694824219,50.90999984741211,0.0024340717431051875,458613.9363872476,-328.17456112590787,458285.76182612166,7.394142164594447,0.0,True,True
2008-10-13,1003.3499755859376,54.9900016784668,42.380001068115234,0.0024340717431051875,458623.1115411381,-224.61990167196245,458398.49163946614,9.17515389047993,0.0,True,True
2008-10-14,998.010009765625,55.130001068115234,42.9900016784668,0.003448704419520929,458626.16996655933,-216.98271171778342,458409.18725484156,3.058425421215628,0.0,True,True
2008-10-15,907.8400268554688,69.25,49.45000076293945,0.002231176003955833,458630.50331881,-297.8906494567471,458332.61266935326,4.3333522506608695,0.0,True,True
2008-10-16,946.4299926757812,67.61000061035156,48.7400016784668,0.004565096891371131,458633.30684895045,-289.1135984449835,458344.1932505055,2.803530140413735,0.0,True,True
2008-10-17,940.5499877929688,70.33000183105469,51.130001068115234,0.00811932341895452,458639.0430642286,-312.51402193251636,458326.5290422961,5.736215278139414,0.0,True,True
2008-10-20,985.4000244140624,52.970001220703125,43.619998931884766,0.012591966958252128,458669.65097912936,-163.4865119332033,458506.16446719615,30.60791490076469,0.0,True,True
2008-10-21,955.0499877929688,53.11000061035156,43.790000915527344,0.011066641735660514,458685.4746851981,-149.6486262049125,458535.8260589932,15.82370606872035,0.0,True,True
2008-10-22,896.780029296875,69.6500015258789,49.83000183105469,0.01045667402656539,458699.38204073557,-275.8212142743727,458423.5608264612,13.907355537479708,0.0,True,True
2008-10-23,908.1099853515624,67.80000305175781,49.7599983215332,0.009745162251547073,458712.5232424356,-252.54165710142962,458459.9815853342,13.141201700016426,0.0,True,True
2008-10-24,876.77001953125,79.12999725341797,55.29999923706055,0.008728935754005141,458724.7706058378,-366.9584658206669,458357.81214001717,12.24736340219794,0.0,True,True
2008-10-27,848.9199829101562,80.05999755859375,62.84000015258789,0.008525721347452138,458757.6828471591,-369.30519182904743,458388.37765533006,32.91224132130915,0.0,True,True
2008-10-28,940.510009765625,66.95999908447266,54.380001068115234,0.007712966662981572,458768.3986988028,-215.5200783322324,458552.8786204706,10.71585164373338,0.0,True,True
2008-10-29,930.0900268554688,69.95999908447266,57.81999969482422,0.006189495378516595,458778.0932268901,-228.9934614941063,458549.099765396,9.694528087290845,0.0,True,True
2008-10-30,954.0900268554688,62.900001525878906,53.75,0.004057607247306191,458785.87303227163,-168.96912293621463,458616.90390933544,7.77980538154209,0.0,True,True
2008-10-31,968.75,59.88999938964844,53.56999969482422,0.0044635938256252965,458638.6654056454,0.0,458638.6654056454,5.100228029408745,-101.50471575840972,False,True
2008-11-03,966.2999877929688,53.68000030517578,51.20000076293945,0.00497113484291711,458655.4918242866,0.0,458655.4918242866,16.8264186412266,0.0,False,True
2008-11-04,1005.75,47.72999954223633,46.2599983215332,0.0048696215014858105,458661.7385470891,0.0,458661.7385470891,6.24672280254585,0.0,False,True
2008-11-05,952.77001953125,54.560001373291016,49.720001220703125,0.0039561170232425644,458667.8577908237,0.0,458667.8577908237,6.119243734580163,0.0,False,True
2008-11-06,904.8800048828124,63.68000030517578,56.13999938964844,0.003144287665889363,458672.8291704233,0.0,458672.8291704233,4.971379599671428,0.0,False,True
2008-11-07,930.989990234375,56.099998474121094,52.61000061035156,0.003042820548666,458676.7804184545,0.0,458676.7804184545,3.951248031141068,0.0,False,True
2008-11-10,919.2100219726562,59.97999954223633,54.04999923706055,0.0029413559982203554,458688.25183148443,0.0,458688.25183148443,11.471413029914476,0.0,False,True
2008-11-11,898.9500122070312,61.439998626708984,55.630001068115234,0.0029413559982203554,458715.1142839046,-193.16609385308888,458521.94819005154,3.6963585671062162,0.0,True,True
2008-11-12,852.2999877929688,66.45999908447266,59.099998474121094,0.0018254153134831337,458718.8108589439,-189.064975308851,458529.74588363507,3.6965750393087204,0.0,True,True
2008-11-13,911.2899780273438,59.83000183105469,54.099998474121094,0.0021297319830542957,458721.1049806858,-183.52009880860322,458537.5848818772,2.2941217419184197,0.0,True,True
2008-11-14,873.2899780273438,66.30999755859375,59.290000915527344,0.0014196956665245841,458723.78157207975,-189.8894418870472,458533.8921301927,2.676591393923245,0.0,True,True
2008-11-17,850.75,69.1500015258789,62.5099983215332,0.0012168512317685082,458729.1343279521,-180.74378080177377,458548.39054715034,5.352755872357034,0.0,True,True
2008-11-18,859.1199951171875,67.63999938964844,61.38999938964844,0.0012168512317685082,458730.6636595758,-169.9658937355973,458560.6977658402,1.5293316236831676,0.0,True,True
2008-11-19,806.5800170898438,74.26000213623047,66.48999786376953,0.0007097850203325396,458732.192996298,-192.75213151964076,458539.44086477836,1.5293367222370637,0.0,True,True
2008-11-20,752.4400024414062,80.86000061035156,69.23999786376953,0.00030417820023607886,458733.0850553542,-243.45421350855938,458489.63084184565,0.8920590561836101,0.0,True,True
2008-11-21,800.030029296875,72.66999816894531,64.3499984741211,0.00020278290372213926,458733.46734757983,-175.73954255723064,458557.7278050226,0.38229222562067317,0.0,True,True
2008-11-24,851.8099975585938,64.69999694824219,59.5,0.001318272166861259,458734.2319233229,-125.4376997690881,458608.7942235538,0.7645757430332024,0.0,True,True
2008-11-25,857.3900146484375,60.900001525878906,57.9900016784668,0.0010140170547777556,458735.8887388352,-108.53904598892845,458627.34969284624,1.6568155122812367,0.0,True,True
2008-11-26,887.6799926757812,54.91999816894531,53.72999954223633,0.000506976483216771,458737.1631680433,-94.54751695092993,458642.6156510924,1.2744292081571813,0.0,True,True
2008-11-28,896.239990234375,55.279998779296875,54.18000030517578,0.00010139017035360414,458636.4212317194,0.0,458636.4212317194,1.2743522012791433,-78.85019467209113,False,True
2008-12-01,816.2100219726562,68.51000213623047,62.38999938964844,0.0007097850203325396,458636.80343372695,0.0,458636.80343372695,0.3822020075922516,0.0,False,True
2008-12-02,848.8099975585938,62.97999954223633,59.650001525878906,0.0006083794699427381,458636.4685707755,-168.7732634886376,458467.69530728686,0.8918735598865198,0.0,True,True
2008-12-03,870.739990234375,60.720001220703125,58.5,0.00020278290372213926,458637.23302349926,-173.34633640828437,458463.88668709097,0.764452723749834,0.0,True,True
2008-12-04,845.219970703125,63.63999938964844,61.290000915527344,0.00020278290372213926,458637.4878284738,-164.15552978371466,458473.3322986901,0.2548049745129881,0.0,True,True
2008-12-05,876.0700073242188,59.93000030517578,58.060001373291016,0.00020278290372213926,458637.7426335899,-165.43360769960452,458472.3090258903,0.254805116074925,0.0,True,True
2008-12-08,909.7000122070312,58.4900016784668,56.599998474121094,0.00030417820023607886,458638.50704978756,-183.87123922556248,458454.635810562,0.7644161976772713,0.0,True,True
2008-12-09,888.6699829101562,58.90999984741211,57.77000045776367,0.00030417820023607886,458638.88926319516,-155.9614857070794,458482.9277774881,0.3822134075946341,0.0,True,True
2008-12-10,899.239990234375,55.72999954223633,56.15999984741211,-0.0,458639.2714769213,-146.41566579858554,458492.8558111227,0.38221372611801735,0.0,True,False
2008-12-11,873.5900268554688,55.779998779296875,56.09000015258789,0.00010139017035360414,458639.2714769213,-119.6124602814469,458519.6590166398,0.0,0.0,True,False
2008-12-12,879.72998046875,54.279998779296875,55.13999938964844,0.00020278290372213926,458639.39887834684,-114.4700760715627,458524.9288022753,0.12740142557066972,0.0,True,False
2008-12-15,868.5700073242188,56.7599983215332,56.40999984741211,0.00040557606002412504,458640.163297305,-107.27110545240978,458532.8921918526,0.7644189581572794,0.0,True,True
2008-12-16,913.1799926757812,52.369998931884766,52.90999984741211,0.00040557606002412504,458640.6729235344,-118.16997567337194,458522.50294786104,0.5096262294096953,0.0,True,False
2008-12-17,904.4199829101562,49.84000015258789,51.56999969482422,0.000506976483216771,458641.1825503301,-99.37865012690608,458541.8039002032,0.5096267956900049,0.0,True,False
2008-12-18,885.280029296875,47.34000015258789,49.79999923706055,-0.0,458641.8195926733,-85.8590518683202,458555.96054080495,0.6370423431773096,0.0,True,False
2008-12-19,887.8800048828125,44.93000030517578,43.400001525878906,0.00020278290372213926,458641.8195926733,-83.2780789162174,458558.5415137571,0.0,0.0,True,True
2008-12-22,871.6300048828125,44.560001373291016,43.709999084472656,0.00010139017035360414,458642.58401566604,-80.97252730963157,458561.61148835643,0.7644229927865066,0.0,True,True
2008-12-23,863.1599731445312,45.02000045776367,44.47999954223633,0.00020278290372213926,458642.71141801175,-80.71273183616033,458561.99868617556,0.12740234573207887,0.0,True,True
2008-12-24,868.1500244140625,44.209999084472656,43.959999084472656,-0.0,458642.9662260299,-80.45430940182631,458562.5119166281,0.25480801814327714,0.0,True,True
2008-12-26,872.7999877929688,43.380001068115234,46.11000061035156,0.00030417820023607886,458552.85411674075,0.0,458552.85411674075,0.0,-91.33884580049684,False,False
2008-12-29,869.4199829101562,43.900001525878906,46.540000915527344,0.0006083794699427381,458554.00054377835,0.0,458554.00054377835,1.146427037611884,0.0,False,False
2008-12-30,890.6400146484375,41.630001068115234,44.40999984741211,0.0010140170547777556,458554.76485904487,0.0,458554.76485904487,0.764315266499527,0.0,False,False
2008-12-31,903.25,40.0,43.18000030517578,0.001115432861117531,458556.03878506686,0.0,458556.03878506686,1.2739260219701705,0.0,False,False
2009-01-02,931.7999877929688,39.189998626708984,40.560001373291016,0.0008111931345149166,458558.8414702034,0.0,458558.8414702034,2.8026851365851266,0.0,False,False
2009-01-05,927.4500122070312,39.08000183105469,40.81999969482422,0.0014196956665245841,458561.8988484831,0.0,458561.8988484831,3.0573782796850866,0.0,False,False
2009-01-06,934.7000122070312,38.560001373291016,40.310001373291016,0.0014196956665245841,458563.68246384396,0.0,458563.68246384396,1.7836153608797731,0.0,False,False
2009-01-07,906.6500244140624,43.38999938964844,43.810001373291016,0.001115432861117531,458565.46608614235,0.0,458565.46608614235,1.78362229840285,0.0,False,False
2009-01-08,909.72998046875,42.560001373291016,43.16999816894531,0.0009126038126204015,458566.8674553791,0.0,458566.8674553791,1.4013692367628159,0.0,False,False
2009-01-09,890.3499755859375,42.81999969482422,44.880001068115234,0.0007097850203325396,458568.0140044058,0.0,458568.0140044058,1.146549026741164,0.0,False,False
2009-01-12,870.260009765625,45.84000015258789,47.349998474121094,0.0012168512317685082,458570.68922898034,0.0,458570.68922898034,2.67522457451248,0.0,False,False
2009-01-13,871.7899780273438,43.27000045776367,47.13999938964844,0.001115432861117531,458572.2180323727,0.0,458572.2180323727,1.5288033923537356,0.0,False,False
2009-01-14,842.6199951171875,49.13999938964844,50.68000030517578,0.0012168512317685082,458576.63471238624,-173.01529014292242,458403.6194222433,1.401389870609966,0.0,True,False
2009-01-15,843.739990234375,51.0,51.709999084472656,0.001115432861117531,458578.1635355999,-181.29235982922822,458396.87117577065,1.5288232136711761,0.0,True,False
2009-01-16,850.1199951171875,46.11000061035156,48.95000076293945,0.0012168512317685082,458579.56494363985,-146.89213421222925,458432.6728094276,1.4014080399793054,0.0,True,False
2009-01-20,805.219970703125,56.650001525878906,54.869998931884766,0.001318272166861259,458585.6803061516,-165.0749620675778,458420.60534408403,6.115362511768104,0.0,True,True
2009-01-21,840.239990234375,46.41999816894531,49.959999084472656,0.001115432861117531,458587.3365851384,-117.00739957481893,458470.3291855636,1.6562789867582297,0.0,True,False
2009-01-22,827.5,47.290000915527344,50.130001068115234,0.0010140170547777556,458588.73802121106,-112.90241093292093,458475.8356102781,1.4014360726821173,0.0,True,False
2009-01-23,831.9500122070312,47.27000045776367,49.36000061035156,0.001115432861117531,458590.012041615,-109.85334083327302,458480.1587007817,1.2740204039254979,0.0,True,False
2009-01-26,836.5700073242188,45.689998626708984,47.470001220703125,0.0015211217308890748,458594.2163872099,-96.23110653115485,458497.9852806787,4.204345594894302,0.0,True,False
2009-01-27,845.7100219726562,42.25,45.18000030517578,0.001318272166861259,458596.1275627763,-87.83014558428728,458508.297417192,1.9111755664464443,0.0,True,False
2009-01-28,874.0900268554688,39.65999984741211,42.20000076293945,0.0019268516379477108,458597.7838794956,-86.45198553873506,458511.3318939568,1.6563167192308295,0.0,True,False
2009-01-29,845.1400146484375,42.630001068115234,43.529998779296875,0.002332622590596498,458600.20484449127,-86.31594301844781,458513.8889014728,2.420964995705712,0.0,True,False
2009-01-30,825.8800048828125,44.84000015258789,44.599998474121094,0.0024340717431051875,458505.3566803835,0.0,458505.3566803835,2.9308071674470946,-94.76368113227649,False,True
2009-02-02,825.4400024414062,45.52000045776367,43.90999984741211,0.0027384345971410155,458514.52966199914,0.0,458514.52966199914,9.172981615629956,0.0,False,True
2009-02-03,838.510009765625,43.060001373291016,42.2400016784668,0.003245757350019421,458518.89922270586,-170.9295147849047,458347.969707921,3.440045921836625,0.0,True,True
2009-02-04,832.22998046875,43.849998474121094,42.130001068115234,0.003042820548666,458522.97661367676,-164.96889734104266,458358.0077163357,4.0773909708697085,0.0,True,True
2009-02-05,845.8499755859375,43.72999954223633,42.599998474121094,0.0029413559982203554,458526.79910395306,-173.40039534166777,458353.3987086114,3.82249027629613,0.0,True,True
2009-02-06,868.5999755859375,43.369998931884766,43.380001068115234,0.00283989401442168,458530.4941614466,-201.02570947747677,458329.4684519691,3.6950574935116554,0.0,True,False
2009-02-09,869.8900146484375,43.63999938964844,43.43000030517578,0.003245757350019421,458541.19711928256,-187.364368903162,458353.8327503794,10.702957835987805,0.0,True,True
2009-02-10,827.1599731445312,46.66999816894531,46.060001373291016,0.003144287665889363,458545.274708538,-160.55368710497712,458384.72102143307,4.077589255482024,0.0,True,True
2009-02-11,833.739990234375,44.529998779296875,45.06999969482422,0.003042820548666,458549.2248577482,-146.5185948358012,458402.70626291237,3.950149210185619,0.0,True,False
2009-02-12,835.1900024414062,41.25,42.65999984741211,0.0029413559982203554,458553.04756684374,-124.15912945658782,458428.8884373872,3.8227090955545977,0.0,True,False
2009-02-13,826.8400268554688,42.93000030517578,42.470001220703125,0.0029413559982203554,458556.7428358616,-124.53376443251128,458432.20907142904,3.6952690178537155,0.0,True,True
2009-02-17,789.1699829101562,48.65999984741211,46.0,0.003245757350019421,458571.52420972014,-135.43171965489736,458436.09249006526,14.781373858552207,0.0,True,True
2009-02-18,788.4199829101562,48.459999084472656,46.970001220703125,0.003144287665889363,458575.60206866,-131.19759364501536,458444.404475015,4.077858939904917,0.0,True,True
2009-02-19,778.9400024414062,47.08000183105469,45.630001068115234,0.003042820548666,458579.55247912597,-125.4604027885524,458454.09207633743,3.9504104659530217,0.0,True,True
2009-02-20,770.0499877929688,49.29999923706055,47.029998779296875,0.0027384345971410155,458583.37544104864,-133.33501476218436,458450.04042628646,3.8229619226619236,0.0,True,True
2009-02-23,743.3300170898438,52.619998931884766,50.43000030517578,0.003042820548666,458593.6972058185,-147.68507129248212,458446.012134526,10.321764769862657,0.0,True,True
2009-02-24,773.1400146484375,45.4900016784668,45.11000061035156,0.003245757350019421,458597.52028565906,-106.55370231144687,458490.9665833476,3.823079840591887,0.0,True,True
2009-02-25,764.9000244140625,44.66999816894531,44.400001525878906,0.003042820548666,458601.59837576974,-104.34969183247517,458497.24868393724,4.07809011067125,0.0,True,True
2009-02-26,752.8300170898438,44.65999984741211,44.18000030517578,0.0027384345971410155,458605.4215214787,-105.53906234549632,458499.88245913316,3.8231457089275005,0.0,True,True
2009-02-27,735.0900268554688,46.349998474121094,45.209999084472656,0.002636977746247632,458484.6031673445,0.0,458484.6031673445,3.4407278460730524,-123.32956719528912,False,True
2009-03-02,700.8200073242188,52.650001525878906,48.66999816894531,0.00283989401442168,458494.54037390015,0.0,458494.54037390015,9.937206555637363,0.0,False,True
2009-03-03,696.3300170898438,50.93000030517578,48.5099983215332,0.0027384345971410155,458593.4098049675,-265.3020859542198,458328.1077190133,3.5673451131410467,0.0,True,True
2009-03-04,712.8699951171875,47.560001373291016,44.720001220703125,0.002636977746247632,458596.8504426946,-248.72668081522588,458348.1237618794,3.4406377271046766,0.0,True,True
2009-03-05,682.5499877929688,50.16999816894531,46.70000076293945,0.0020282905277612144,458600.1636318933,-218.97146149617112,458381.1921703971,3.3131891986871693,0.0,True,True
2009-03-06,683.3800048828125,49.33000183105469,46.47999954223633,0.0020282905277612144,458602.7120618999,-208.58237959256937,458394.1296823073,2.5484300065771066,0.0,True,True
2009-03-09,676.530029296875,49.68000030517578,46.529998779296875,0.002332622590596498,458610.3574368893,-189.31137938766042,458421.04605750163,7.645374989432136,0.0,True,True
2009-03-10,719.5999755859375,44.369998931884766,42.40999984741211,0.0024340717431051875,458613.2883089396,-194.49458873006293,458418.79372020956,2.930872050302039,0.0,True,True
2009-03-11,721.3599853515625,43.61000061035156,42.5,0.002332622590596498,458616.3466688525,-186.92681312448366,458429.419855728,3.058359912909748,0.0,True,True
2009-03-12,750.739990234375,41.18000030517578,40.70000076293945,0.0021297319830542957,458619.27757917857,-235.0196969616717,458384.2578822169,2.9309103260894886,0.0,True,True
2009-03-13,756.5499877929688,42.36000061035156,41.83000183105469,0.0019268516379477108,458621.95357641985,-263.95958608954555,458357.9939903303,2.6759972413028823,0.0,True,True
2009-03-16,753.8900146484375,43.7400016784668,42.2400016784668,0.0024340717431051875,458629.2168925302,-246.79702987514096,458382.41986265505,7.263316110373151,0.0,True,True
2009-03-17,778.1199951171875,40.79999923706055,39.97999954223633,0.0024340717431051875,458632.27535866626,-305.8513433191695,458326.4240153471,3.058466136045372,0.0,True,True
2009-03-18,794.3499755859375,40.060001373291016,39.900001525878906,0.0021297319830542957,458635.3338451983,-375.57878513178576,458259.7550600665,3.0584865320750203,0.0,True,True
2009-03-19,784.0399780273438,43.68000030517578,43.150001525878906,0.0020282905277612144,458638.0099361263,-356.3000346503862,458281.70990147593,2.6760909279961265,0.0,True,True
2009-03-20,768.5399780273438,45.88999938964844,46.279998779296875,0.0021297319830542957,458640.5585764439,-297.2047166371232,458343.3538598067,2.548640317573469,0.0,True,False
2009-03-23,822.9199829101562,43.22999954223633,42.33000183105469,0.002231176003955833,458648.58698753006,-561.2687713654742,458087.3182161646,8.02841108619618,0.0,True,True
2009-03-24,806.1199951171875,42.93000030517578,43.63999938964844,0.0021297319830542957,458651.39062821283,-422.89516916906564,458228.49545904377,2.80364068280012,0.0,True,False
2009-03-25,813.8800048828125,42.25,41.900001525878906,0.0019268516379477108,458654.0668128305,-461.9518804464259,458192.1149323841,2.676184617705983,0.0,True,True
2009-03-26,832.8599853515625,40.36000061035156,40.68000030517578,0.0015211217308890748,458656.48807494715,-572.5099800229254,458083.97809492424,2.4212621166606083,0.0,True,False
2009-03-27,815.9400024414062,41.040000915527344,42.09000015258789,0.001318272166861259,458220.55957635515,0.0,458220.55957635515,1.9114350815555148,-342.5378477193251,False,False
2009-03-30,787.530029296875,45.540000915527344,44.9900016784668,0.0018254153134831337,458225.52447511547,0.0,458225.52447511547,4.9648987603222805,0.0,False,True
2009-03-31,797.8699951171875,44.13999938964844,44.59000015258789,0.0021297319830542957,458323.53920554934,-265.72307569130754,458057.816129858,2.291654742546813,0.0,True,False
2009-04-01,811.0800170898438,42.279998779296875,43.029998779296875,0.002231176003955833,458326.21347718703,-260.3220371225869,458065.8914400645,2.674271637712565,0.0,True,False
2009-04-02,834.3800048828125,42.040000915527344,42.2400016784668,0.002231176003955833,458329.0151472555,-306.0703245885359,458022.944822667,2.8016700684467843,0.0,True,False
2009-04-03,842.5,39.70000076293945,41.06999969482422,0.0021297319830542957,458331.81683445006,-295.96126272769567,458035.8555717224,2.8016871945786566,0.0,True,False
2009-04-06,835.47998046875,40.93000030517578,41.16999816894531,0.0020282905277612144,458339.8398410739,-261.53962447280736,458078.3002166011,8.023006623861038,0.0,True,False
2009-04-07,815.5499877929688,40.38999938964844,41.66999816894531,0.0020282905277612144,458342.38682446745,-203.594881055277,458138.79194341216,2.546983393573971,0.0,True,False
2009-04-08,825.1599731445312,38.849998474121094,40.20000076293945,0.0018254153134831337,458344.93382201454,-197.4095333329806,458147.52428868157,2.5469975470990263,0.0,True,False
2009-04-09,856.5599975585938,36.529998779296875,38.529998779296875,0.0018254153134831337,458347.2260739412,-249.53246715099135,458097.6936067902,2.292251926643965,0.0,True,False
2009-04-13,858.72998046875,37.810001373291016,38.54999923706055,0.0018254153134831337,458356.39519628714,-237.9344878294348,458118.4607084577,9.169122345903137,0.0,True,False
2009-04-14,841.5,37.66999816894531,38.689998626708984,0.001723981554238624,458358.68750553386,-177.10094247154456,458181.58656306233,2.2923092466999306,0.0,True,False
2009-04-15,852.0599975585938,36.16999816894531,37.970001220703125,0.0015211217308890748,458360.85244742053,-180.12476706640393,458180.72768035415,2.164941886679911,0.0,True,False
2009-04-16,865.2999877929688,35.790000915527344,36.959999084472656,0.001318272166861259,458362.7626504508,-208.89879801049202,458153.8638524403,1.9102030302829298,0.0,True,False
2009-04-17,869.5999755859375,33.939998626708984,36.59000015258789,0.0014196956665245841,458364.4181243234,-189.76156422277782,458174.6565601006,1.6554738725892304,0.0,True,False
2009-04-20,832.3900146484375,39.18000030517578,39.40999984741211,0.0014196956665245841,458369.7666868557,-133.97654567430232,458235.7901411814,5.34856253230674,0.0,True,False
2009-04-21,850.0800170898438,37.13999938964844,37.779998779296875,0.0015211217308890748,458371.54955490225,-143.0327813120601,458228.5167735902,1.7828680465571958,0.0,True,False
2009-04-22,843.5499877929688,38.099998474121094,38.5,0.0014196956665245841,458373.45980251237,-132.2447885629232,458241.21501394943,1.9102476101091033,0.0,True,False
2009-04-23,851.9199829101562,37.150001525878906,37.97999954223633,0.0010140170547777556,458375.24268492364,-132.77959362297523,458242.4630913007,1.7828824112434711,0.0,True,False
2009-04-24,866.22998046875,36.81999969482422,37.810001373291016,0.0010140170547777556,458211.27744187636,0.0,458211.27744187636,1.2734272855341768,-69.51559464153007,False,False
2009-04-27,857.510009765625,38.31999969482422,38.630001068115234,0.001318272166861259,458215.0963677907,0.0,458215.0963677907,3.8189259143436316,0.0,False,False
2009-04-28,855.1599731445312,37.95000076293945,38.400001525878906,0.001318272166861259,458216.75130833534,0.0,458216.75130833534,1.6549405446386949,0.0,False,False
2009-04-29,873.6400146484375,36.08000183105469,36.4900016784668,0.001115432861117531,458218.40625485714,0.0,458218.40625485714,1.6549465218058115,0.0,False,False
2009-04-30,872.8099975585938,36.5,36.72999954223633,0.0014196956665245841,458219.80656348425,0.0,458219.80656348425,1.4003086270857936,0.0,False,False
2009-05-01,877.52001953125,35.29999923706055,35.84000015258789,0.0015211217308890748,458221.5888482482,0.0,458221.5888482482,1.782284763950777,0.0,False,False
2009-05-04,907.239990234375,34.529998779296875,34.79999923706055,0.0019268516379477108,458227.3177400853,0.0,458227.3177400853,5.728891837141432,0.0,False,False
2009-05-05,903.7999877929688,33.36000061035156,34.18000030517578,0.0019268516379477108,458262.3698620663,-202.63311269809873,458059.7367493682,2.4190092829065373,0.0,True,False
2009-05-06,919.530029296875,32.45000076293945,33.36000061035156,0.0019268516379477108,458264.78905639146,-207.73707060702574,458057.05198578443,2.4191943251446903,0.0,True,False
2009-05-07,907.3900146484376,33.439998626708984,34.040000915527344,0.0018254153134831337,458267.2082634877,-195.37078211818894,458071.8374813695,2.4192070962155174,0.0,True,False
2009-05-08,929.22998046875,32.04999923706055,32.81999969482422,0.0018254153134831337,458269.5001266971,-207.10666536576977,458062.3934613314,2.29186320943966,0.0,True,False
2009-05-11,909.239990234375,32.869998931884766,33.38999938964844,0.0019268516379477108,458276.3757850973,-167.99493101327727,458108.38085408404,6.8756584001640375,0.0,True,False
2009-05-12,908.3499755859376,31.799999237060547,32.77000045776367,0.0019268516379477108,458278.7950533606,-152.17897774217832,458126.6160756184,2.4192682632459688,0.0,True,False
2009-05-13,883.9199829101562,33.650001525878906,33.83000183105469,0.001723981554238624,458281.2143343953,-151.5130843390936,458129.7012500562,2.4192810347071196,0.0,True,False
2009-05-14,893.0700073242188,31.3700008392334,32.25,0.0016225503600835508,458283.37891035696,-132.7984613666419,458150.58044899034,2.1645759616568587,0.0,True,False
2009-05-15,882.8800048828125,33.119998931884766,33.220001220703125,0.001723981554238624,458285.41614190274,-139.3128929958106,458146.1032489069,2.0372315457929475,0.0,True,False
2009-05-18,909.7100219726562,30.239999771118164,31.229999542236328,0.0019268516379477108,458291.9099599981,-115.0224524529156,458176.8875075452,6.493818095340556,0.0,True,False
2009-05-19,908.1300048828124,28.799999237060547,30.420000076293945,0.0018254153134831337,458294.3293102672,-104.2721493678042,458190.0571608994,2.419350269079826,0.0,True,False
2009-05-20,903.469970703125,29.030000686645508,30.739999771118164,0.0018254153134831337,458296.62130911305,-102.09655683388033,458194.52475227916,2.2919988458722798,0.0,True,False
2009-05-21,888.3300170898438,31.350000381469727,32.38999938964844,0.0019268516379477108,458298.9133194215,-108.98695786820205,458189.9263615533,2.292010308503112,0.0,True,False
2009-05-22,887.0,32.630001068115234,33.040000915527344,0.0018254153134831337,458301.3327066618,-111.44843578591697,458189.8842708759,2.419387240231045,0.0,True,False
2009-05-26,910.3300170898438,30.6200008392334,31.530000686645508,0.0018254153134831337,458310.5009109223,-93.24665786532591,458217.25425305695,9.168204260496458,0.0,True,False
2009-05-27,893.0599975585938,32.36000061035156,32.470001220703125,0.001723981554238624,458312.79299064475,-96.20649996744342,458216.5864906773,2.2920797224785714,0.0,True,False
2009-05-28,906.8300170898438,31.670000076293945,32.04999923706055,0.0015211217308890748,458314.9577157602,-91.80877303251269,458223.1489427277,2.1647251154909695,0.0,True,False
2009-05-29,919.1400146484376,28.920000076293945,30.43000030517578,0.0014196956665245841,458222.1780132366,0.0,458222.1780132366,1.9100117655729891,-62.05660159107851,False,False
2009-06-01,942.8699951171876,30.040000915527344,30.600000381469727,0.001318272166861259,458227.5249159976,0.0,458227.5249159976,5.346902760957422,0.0,False,False
2009-06-02,944.739990234375,29.6299991607666,30.579999923706055,0.0014196956665245841,458255.7811213842,-196.60121995362545,458059.17990143056,1.6549854329640723,0.0,True,False
2009-06-03,931.760009765625,31.020000457763672,32.189998626708984,0.0014196956665245841,458257.5635460742,-200.237117191008,458057.3264288832,1.7824246900419596,0.0,True,False
2009-06-04,942.4600219726562,30.18000030517578,31.579999923706055,0.0014196956665245841,458259.3459776971,-193.95194881134003,458065.39402888576,1.7824316229338215,0.0,True,False
2009-06-05,940.0900268554688,29.6200008392334,31.600000381469727,0.0019268516379477108,458261.12841625296,-182.03465184806362,458079.0937644049,1.7824385558526497,0.0,True,False
2009-06-08,939.1400146484376,29.770000457763672,31.770000457763672,0.0019268516379477108,458268.3860178807,-166.55413775245933,458101.83188012824,7.257601627718252,0.0,True,False
2009-06-09,942.4299926757812,28.270000457763672,30.670000076293945,0.0019268516379477108,458270.8052439655,-148.64083479911542,458122.1644091664,2.4192260847893015,0.0,True,False
2009-06-10,939.1500244140624,28.459999084472656,30.61000061035156,0.0018254153134831337,458273.2244828215,-143.41558269701437,458129.80890012445,2.419238856027789,0.0,True,False
2009-06-11,944.8900146484376,28.11000061035156,29.93000030517578,0.0019268516379477108,458275.51637611893,-137.16523490218322,458138.35114121676,2.2918932974570927,0.0,True,False
2009-06-12,946.2100219726562,28.149999618530273,29.5,0.0018254153134831337,458277.9356398453,-132.7052077899402,458145.23043205537,2.419263726374822,0.0,True,False
2009-06-15,923.719970703125,30.809999465942383,31.34000015258789,0.001723981554238624,458284.81142480794,-135.96455211502916,458148.8468726929,6.875784962605616,0.0,True,False
2009-06-16,911.969970703125,32.68000030517578,32.790000915527344,0.001723981554238624,458286.97601775953,-147.07814348615463,458139.89787427336,2.164592951607997,0.0,True,False
2009-06-17,910.7100219726562,31.540000915527344,32.88999938964844,0.001723981554238624,458289.14062093507,-136.04751193138432,458153.0931090037,2.1646031755179527,0.0,True,False
2009-06-18,918.3699951171876,30.030000686645508,31.510000228881836,0.0018254153134831337,458291.30523433455,-120.9941178099582,458170.31111652456,2.164613399476199,0.0,True,False
2009-06-19,921.22998046875,27.989999771118164,30.63999938964844,0.0018254153134831337,458293.59721805656,-107.49646954925842,458186.1007485073,2.291983722013868,0.0,True,False
2009-06-22,893.0399780273438,31.170000076293945,33.0099983215332,0.0020282905277612144,458300.4732379981,-122.19282117703605,458178.2804168211,6.876019941502877,0.0,True,False
2009-06-23,895.0999755859375,30.579999923706055,32.41999816894531,0.0020282905277612144,458303.0200026324,-114.56144416548058,458188.4585584669,2.5467646343137456,0.0,True,False
2009-06-24,900.9400024414062,29.049999237060547,31.06999969482422,0.0019268516379477108,458305.56678141904,-102.93207657861187,458202.6347048404,2.546778786623161,0.0,True,False
2009-06-25,920.260009765625,26.36000061035156,29.40999984741211,0.0018254153134831337,458307.9862037833,-88.36827512213333,458219.6179286612,2.4194223642529273,0.0,True,False
2009-06-26,918.9000244140624,25.93000030517578,29.280000686645508,0.0019268516379477108,458214.2860901937,0.0,458214.2860901937,2.2920671460500808,-69.39096078200446,False,False
2009-06-29,927.22998046875,25.350000381469727,28.200000762939453,0.0020282905277612144,458221.54294996726,0.0,458221.54294996726,7.256859773520344,0.0,False,False
2009-06-30,919.3200073242188,26.350000381469727,28.760000228881836,0.0019268516379477108,458224.0892759879,0.0,458224.0892759879,2.546326020614063,0.0,False,False
2009-07-01,923.3300170898438,26.219999313354492,28.959999084472656,0.001723981554238624,458226.5082682275,0.0,458226.5082682275,2.4189922396524164,0.0,False,False
2009-07-02,896.4199829101562,27.950000762939453,30.530000686645508,0.001723981554238624,458228.67258579883,0.0,458228.67258579883,2.1643175713234135,0.0,False,False
2009-07-06,898.719970703125,29.0,30.790000915527344,0.0019268516379477108,458237.32995831076,0.0,458237.32995831076,8.657372511896302,0.0,False,False
2009-07-07,881.030029296875,30.850000381469727,32.09000015258789,0.0019268516379477108,458356.56528365467,-286.81626320588435,458069.74902044877,2.4190621380024515,0.0,True,False
2009-07-08,879.5599975585938,31.299999237060547,32.41999816894531,0.0018254153134831337,458358.98497524305,-283.76964851210886,458075.2153267309,2.419691588381534,0.0,True,False
2009-07-09,882.6799926757812,29.780000686645508,31.670000076293945,0.0019268516379477108,458361.2772974416,-260.07892775146314,458101.19836969016,2.292322198573865,0.0,True,False
2009-07-10,879.1300048828125,29.020000457763672,31.709999084472656,0.0018254153134831337,458363.697013905,-238.3833172733321,458125.31369663164,2.4197164633827626,0.0,True,False
2009-07-13,901.0499877929688,26.309999465942383,30.100000381469727,0.0018254153134831337,458370.5740855906,-219.93518858742033,458150.6388970032,6.877071685618603,0.0,True,False
2009-07-14,905.8400268554688,25.020000457763672,29.579999923706055,0.0018254153134831337,458372.86646574805,-205.3832660046079,458167.48319974344,2.292380157457147,0.0,True,False
2009-07-15,932.6799926757812,25.88999938964844,29.11000061035156,0.0018254153134831337,458375.15885737,-314.31002558809195,458060.84883178194,2.292391621994976,0.0,True,False
2009-07-16,940.739990234375,25.420000076293945,28.61000061035156,0.0019268516379477108,458377.45126045664,-338.62247921219284,458038.82878124446,2.2924030865901406,0.0,True,False
2009-07-17,940.3800048828124,24.34000015258789,28.649999618530273,0.001723981554238624,458379.8710623033,-306.1020871090629,458073.76897519425,2.4198018466961533,0.0,True,False
2009-07-20,951.1300048828124,24.399999618530273,27.59000015258789,0.0019268516379477108,458386.3662188071,-335.19264476518475,458051.1735740419,6.495156503785788,0.0,True,False
2009-07-21,954.5800170898438,23.8700008392334,27.440000534057617,0.0019268516379477108,458388.7860677164,-335.1298803657291,458053.6561873507,2.419848909291882,0.0,True,False
2009-07-22,954.0700073242188,23.469999313354492,27.219999313354492,0.0019268516379477108,458391.2059294002,-308.3413422035078,458082.86458719673,2.419861683818297,0.0,True,False
2009-07-23,976.2899780273438,23.43000030517578,26.959999084472656,0.0019268516379477108,458393.6258038586,-485.3430609979308,457908.28274286067,2.41987445841215,0.0,True,False
2009-07-24,979.260009765625,23.09000015258789,26.3700008392334,0.0018254153134831337,458396.0456910917,-494.0090725511191,457902.0366185406,2.419887233073441,0.0,True,False
2009-07-27,982.1799926757812,24.280000686645508,26.989999771118164,0.0019268516379477108,458402.9232481215,-511.1870378873658,457891.7362102342,6.877557029840664,0.0,True,False
2009-07-28,979.6199951171876,25.010000228881836,27.959999084472656,0.0019268516379477108,458405.3431844363,-481.72335886102263,457923.6198255753,2.419936314835066,0.0,True,False
2009-07-29,975.1500244140624,25.61000061035156,28.420000076293945,0.0019268516379477108,458407.76313352614,-433.3201404347526,457974.44299309136,2.4199490898229,0.0,True,False
2009-07-30,986.75,25.399999618530273,28.190000534057617,0.0018254153134831337,458410.183095391,-537.2919367988179,457872.8911585922,2.4199618648781747,0.0,True,False
2009-07-31,987.47998046875,25.920000076293945,28.399999618530273,0.0018254153134831337,457858.92079952563,0.0,457858.92079952563,2.2925782480704116,-436.7386109075641,False,False
2009-08-03,1002.6300048828124,25.559999465942383,27.709999084472656,0.0019268516379477108,457865.79029778816,0.0,457865.79029778816,6.869498262517915,0.0,False,False
2009-08-04,1005.6500244140624,24.88999938964844,27.219999313354492,0.0018254153134831337,458105.9769074992,-407.7695089530539,457698.20739854616,2.4171007580214314,0.0,True,False
2009-08-05,1002.719970703125,24.899999618530273,27.170000076293945,0.0018254153134831337,458108.26796436636,-384.5713795879692,457723.6965847784,2.2910568671870726,0.0,True,False
2009-08-06,997.0800170898438,25.670000076293945,27.979999542236328,0.001723981554238624,458110.55903269147,-383.41163593598424,457727.14739675546,2.2910683251069277,0.0,True,False
2009-08-07,1010.47998046875,24.760000228881836,27.11000061035156,0.0018254153134831337,458112.7228026058,-382.4444804501343,457730.27832215565,2.1637699142950138,0.0,True,False
2009-08-10,1007.0999755859376,24.989999771118164,27.059999465942383,0.0019268516379477108,458119.5961087933,-334.93370041410657,457784.6624083792,6.873306187492136,0.0,True,False
2009-08-11,994.3499755859376,25.989999771118164,28.100000381469727,0.0018254153134831337,458122.0145494073,-322.5052233000528,457799.5093261072,2.418440614003621,0.0,True,False
2009-08-12,1005.8099975585938,25.450000762939453,27.739999771118164,0.001723981554238624,458124.3056864811,-321.4881272277839,457802.81755925337,2.2911370738455297,0.0,True,False
2009-08-13,1012.72998046875,24.709999084472656,27.280000686645508,0.001723981554238624,458126.46952132427,-308.5628941988541,457817.9066271254,2.16383484315401,0.0,True,False
2009-08-14,1004.0900268554688,24.270000457763672,27.11000061035156,0.0018254153134831337,458128.63336638774,-260.3492236196078,457868.2841427681,2.1638450634832314,0.0,True,False
2009-08-17,979.72998046875,27.88999938964844,29.93000030517578,0.0018254153134831337,458135.5069112898,-283.7206205205894,457851.78629076923,6.873544902050902,0.0,True,False
2009-08-18,989.6699829101562,26.18000030517578,28.899999618530273,0.0018254153134831337,458137.798115841,-237.40428851771532,457900.3938273233,2.291204551175894,0.0,True,False
2009-08-19,996.4600219726562,26.260000228881836,28.479999542236328,0.001723981554238624,458140.0893318508,-231.4276892324737,457908.66164261836,2.291216009834339,0.0,True,False
2009-08-20,1007.3699951171876,25.09000015258789,28.290000915527344,0.001723981554238624,458142.25324124406,-207.08856645139937,457935.1646747927,2.1639093932300026,0.0,True,False
2009-08-21,1026.1300048828125,25.010000228881836,27.770000457763672,0.001723981554238624,458144.417160858,-243.95830806997293,457900.458852788,2.1639196139113426,0.0,True,False
2009-08-24,1025.5699462890625,25.13999938964844,28.15999984741211,0.001723981554238624,458150.9089810243,-193.81288331695103,457957.09609770734,6.491820166315798,0.0,True,False
2009-08-25,1028.0,24.920000076293945,28.15999984741211,0.001723981554238624,458153.0729415214,-178.62498445365375,457974.44795706775,2.163960497119453,0.0,True,False
2009-08-26,1028.1199951171875,24.950000762939453,28.36000061035156,0.0015211217308890748,458155.23691223946,-161.83271694741273,457993.40419529204,2.1639707180421692,0.0,True,False
2009-08-27,1030.97998046875,24.68000030517578,28.40999984741211,0.0015211217308890748,458157.1462583741,-145.5923060194377,458011.55395235465,1.9093461346377654,0.0,True,False
2009-08-28,1028.9300537109375,24.760000228881836,28.5,0.0015211217308890748,458021.4333203685,0.0,458021.4333203685,1.909354091771872,100.14721685569076,False,False
2009-08-31,1020.6199951171876,26.010000228881836,29.170000076293945,0.0015211217308890748,458027.15970977145,0.0,458027.15970977145,5.726389402952963,0.0,False,False
2009-09-01,998.0399780273438,29.149999618530273,30.8799991607666,0.0014196956665245841,458256.1732735286,-397.10475137982,457859.06852214877,1.908812377317614,0.0,True,False
2009-09-02,994.75,28.899999618530273,31.040000915527344,0.0014196956665245841,458257.95569974394,-374.3588712173124,457883.59682852664,1.7824262153509536,0.0,True,False
2009-09-03,1003.239990234375,27.100000381469727,29.600000381469727,0.0015211217308890748,458259.7381328922,-337.0301591831253,457922.70797370904,1.7824331482487483,0.0,True,False
2009-09-04,1016.4000244140624,25.260000228881836,28.479999542236328,0.0014196956665245841,458261.64791453205,-323.1189710707315,457938.5289434613,1.9097816398675274,0.0,True,False
2009-09-08,1025.3900146484375,25.6200008392334,28.209999084472656,0.0014196956665245841,458268.77774616785,-311.1250165883365,457957.65272957954,7.129831635788571,0.0,True,False
2009-09-09,1033.3699951171875,24.31999969482422,27.290000915527344,0.0014196956665245841,458270.56022140937,-298.1237610791314,457972.4364603302,1.7824752415152982,0.0,True,False
2009-09-10,1044.1400146484375,23.549999237060547,26.510000228881836,0.0014196956665245841,458272.342703584,-317.4372997130969,457954.9054038709,1.7824821746037844,0.0,True,False
2009-09-11,1042.72998046875,24.149999618530273,26.559999465942383,0.0014196956665245841,458274.12519269175,-309.72402247202336,457964.4011702197,1.7824891077192377,0.0,True,False
2009-09-14,1049.3399658203125,23.86000061035156,26.40999984741211,0.0014196956665245841,458279.4727016139,-296.3579847711812,457983.1147168427,5.3475089221835255,0.0,True,False
2009-09-15,1052.6300048828125,23.420000076293945,26.329999923706055,0.001318272166861259,458281.25521845435,-288.2995756428392,457992.9556428115,1.782516840450721,0.0,True,False
2009-09-16,1068.760009765625,23.690000534057617,25.8700008392334,0.0010140170547777556,458282.9103979456,-402.9293319366873,457879.9810660089,1.6551794912932636,0.0,True,False
2009-09-17,1065.489990234375,23.649999618530273,25.940000534057617,0.0010140170547777556,458284.1835687198,-355.41158355310955,457928.77198516665,1.273170774181415,0.0,True,False
2009-09-18,1068.300048828125,23.920000076293945,26.540000915527344,0.0008111931345149166,458285.456743031,-368.6043387566774,457916.8524042743,1.2731743112188727,0.0,True,False
2009-09-21,1064.6600341796875,24.059999465942383,26.229999542236328,0.001115432861117531,458288.51229855546,-289.8214709062046,457998.69082764926,3.055555524454428,0.0,True,False
2009-09-22,1071.6600341796875,23.079999923706055,25.690000534057617,0.001115432861117531,458289.9128214256,-288.976793181914,458000.9360282437,1.4005228701115244,0.0,True,False
2009-09-23,1060.8699951171875,23.489999771118164,26.09000015258789,0.001115432861117531,458291.31334857567,-207.53859618571423,458083.77475238993,1.4005271500885632,0.0,True,False
2009-09-24,1050.780029296875,24.950000762939453,27.1299991607666,0.0010140170547777556,458292.71388000576,-179.60454267645,458113.1093373293,1.4005314300786813,0.0,True,False
2009-09-25,1044.3800048828125,25.61000061035156,27.209999084472656,0.0010140170547777556,458123.63124336716,0.0,458123.63124336716,1.273198009556248,56.7489167316121,False,False
2009-09-28,1062.97998046875,24.8799991607666,26.270000457763672,0.001115432861117531,458127.44943880115,0.0,458127.44943880115,3.8181954339838966,0.0,False,False
2009-09-29,1060.6099853515625,25.190000534057617,26.479999542236328,0.001318272166861259,458128.84946946555,0.0,458128.84946946555,1.4000306644101856,0.0,False,False
2009-09-30,1057.0799560546875,25.61000061035156,26.65999984741211,0.0014196956665245841,458130.5040985113,0.0,458130.5040985113,1.6546290457596333,0.0,False,False
2009-10-01,1029.8499755859375,28.270000457763672,28.329999923706055,0.0010140170547777556,458132.28603592573,0.0,458132.28603592573,1.7819374144464022,0.0,False,False
2009-10-02,1025.2099609375,28.68000030517578,28.799999237060547,0.0010140170547777556,458133.5587882454,0.0,458133.5587882454,1.2727523197043829,0.0,False,False
2009-10-05,1040.4599609375,26.84000015258789,27.61000061035156,0.0008111931345149166,458137.37706641975,0.0,458137.37706641975,3.818278174327201,0.0,False,False
2009-10-06,1054.719970703125,25.700000762939453,26.729999542236328,0.0008111931345149166,458354.716549934,-386.3212963692635,457968.39525356475,1.0181871450157387,0.0,True,False
2009-10-07,1057.5799560546875,24.68000030517578,26.1200008392334,0.0009126038126204015,458355.73522010504,-355.4758143437712,458000.25940576126,1.01867017102343,0.0,True,False
2009-10-08,1065.47998046875,24.18000030517578,25.739999771118164,0.0006083794699427381,458356.8812412405,-355.9268272560874,458000.9544139844,1.1460211354431937,0.0,True,False
2009-10-09,1071.489990234375,23.1200008392334,25.079999923706055,0.0007097850203325396,458357.6452279496,-336.54376220084885,458021.10146574874,0.7639867091386212,0.0,True,False
2009-10-12,1076.18994140625,23.010000228881836,25.170000076293945,0.0007097850203325396,458360.31922526076,-318.01599904363684,458042.3032262171,2.6739973111550306,0.0,True,False
2009-10-13,1073.18994140625,22.989999771118164,25.09000015258789,0.0007097850203325396,458361.21056116436,-291.33425653861053,458069.87630462577,0.8913359036116396,0.0,True,False
2009-10-14,1092.02001953125,22.86000061035156,24.579999923706055,0.0007097850203325396,458362.1018988013,-364.1807825963734,457997.92111620493,0.8913376369198248,0.0,True,False
2009-10-15,1096.56005859375,21.719999313354492,24.219999313354492,0.0007097850203325396,458362.9932381715,-343.7457085708625,458019.24752960063,0.8913393702313805,0.0,True,False
2009-10-16,1087.6800537109375,21.43000030517578,24.399999618530273,0.0007097850203325396,458363.88457927504,-271.9300830688371,458091.9544962062,0.891341103546307,0.0,True,False
2009-10-19,1097.9100341796875,21.489999771118164,24.149999618530273,0.0008111931345149166,458366.5586129857,-283.28414261927924,458083.2744703664,2.6740337106977052,0.0,True,False
2009-10-20,1091.06005859375,20.899999618530273,23.719999313354492,0.0008111931345149166,458367.5773094751,-214.77095240714794,458152.80635706795,1.0186964894095154,0.0,True,False
2009-10-21,1081.4000244140625,22.219999313354492,24.549999237060547,0.0007097850203325396,458368.59600822855,-199.37519458441272,458169.2208136441,1.0186987534109309,0.0,True,False
2009-10-22,1092.9100341796875,20.690000534057617,23.350000381469727,0.0006083794699427381,458369.48736022733,-190.32207678461995,458179.1652834427,0.8913519987959655,0.0,True,False
2009-10-23,1079.5999755859375,22.270000457763672,24.309999465942383,0.0007097850203325396,458370.25136794825,-171.91249102823775,458198.33887692,0.7640077209478772,0.0,True,False
2009-10-26,1066.949951171875,24.309999465942383,25.3700008392334,0.0008111931345149166,458372.92543880193,-156.08534412180745,458216.84009468014,2.6740708536928532,0.0,True,False
2009-10-27,1063.4100341796875,24.829999923706055,25.459999084472656,0.0008111931345149166,458373.9441494413,-152.21799786017638,458221.72615158116,1.0187106393578171,0.0,True,False
2009-10-28,1042.6300048828125,27.90999984741211,27.420000076293945,0.0007097850203325396,458374.9628623447,-178.97348134886582,458195.9893809958,1.0187129033906803,0.0,True,True
2009-10-29,1066.1099853515625,24.760000228881836,25.65999984741211,0.0006083794699427381,458375.8542267246,-134.9788349313431,458240.87539179326,0.8913643798975329,0.0,True,False
2009-10-30,1036.18994140625,30.690000534057617,29.06999969482422,0.000506976483216771,458157.23155903455,0.0,458157.23155903455,0.7640183332056654,-3.065389653985555,False,True
2009-11-02,1042.8800048828125,29.780000686645508,28.81999969482422,0.0006083794699427381,458159.14067212463,0.0,458159.14067212463,1.9091130900587059,0.0,False,True
2009-11-03,1045.4100341796875,28.809999465942383,28.8700008392334,0.0006083794699427381,458353.1686007294,-363.26427148845,457989.9043292409,0.7636571162540268,0.0,True,False
2009-11-04,1046.5,27.719999313354492,28.18000030517578,0.000506976483216771,458353.9325812503,-328.85142710094567,458025.0811541494,0.7639805209299951,0.0,True,False
2009-11-05,1066.6300048828125,25.43000030517578,26.61000061035156,0.00040557606002412504,458354.5692246097,-319.7659825567402,458034.80324205296,0.6366433593957777,0.0,True,False
2009-11-06,1069.300048828125,24.190000534057617,25.8799991607666,0.0006083794699427381,458355.0785334961,-287.04411177763546,458068.0344217185,0.5093088864422519,0.0,True,False
2009-11-09,1093.0799560546875,23.149999618530273,24.40999984741211,0.0007097850203325396,458357.3704884297,-322.3912846191399,458034.9792038105,2.2919549335244316,0.0,True,False
2009-11-10,1093.010009765625,22.84000015258789,24.709999084472656,0.0007097850203325396,458358.26181859913,-306.45237425265634,458051.80944434647,0.8913301694437861,0.0,True,False
2009-11-11,1098.510009765625,23.040000915527344,24.969999313354492,0.0007097850203325396,458359.1531505019,-333.1857349876567,458025.9674155142,0.8913319027408205,0.0,True,False
2009-11-12,1087.239990234375,24.239999771118164,26.06999969482422,0.0007097850203325396,458360.0444841379,-296.30304620176304,458063.74143793614,0.8913336360412255,0.0,True,False
2009-11-13,1093.47998046875,23.36000061035156,25.600000381469727,0.0006083794699427381,458360.9358195072,-290.5840938396028,458070.3517256676,0.8913353693450011,0.0,True,False
2009-11-16,1109.300048828125,22.88999938964844,25.149999618530273,0.0007097850203325396,458363.2278037295,-329.2452027733186,458033.98260095617,2.2919842222488267,0.0,True,False
2009-11-17,1110.3199462890625,22.40999984741211,25.040000915527344,0.0006083794699427381,458364.1191452892,-305.10137079922765,458059.01777448994,0.8913415596868034,0.0,True,False
2009-11-18,1109.800048828125,21.6299991607666,24.719999313354492,0.00040557606002412504,458364.8831440624,-260.4881955468154,458104.3949485156,0.7639987732369724,0.0,True,False
2009-11-19,1094.9000244140625,22.6299991607666,25.11000061035156,0.00020278290372213926,458365.39246440935,-197.66563104976998,458167.7268333596,0.5093203469385227,0.0,True,False
2009-11-20,1091.3800048828125,22.190000534057617,24.65999984741211,0.00020278290372213926,458365.6471183575,-163.16254166589817,458202.4845766916,0.2546539481205736,0.0,True,False
2009-11-23,1106.239990234375,21.15999984741211,24.11000061035156,0.000506976483216771,458366.4110810508,-156.9910301268059,458209.420050924,0.7639626933102633,0.0,True,False
2009-11-24,1105.6500244140625,20.469999313354492,23.739999771118164,0.000506976483216771,458367.0477417426,-128.0481686256635,458238.9995731169,0.6366606917528679,0.0,True,False
2009-11-25,1110.6300048828125,20.479999542236328,23.65999984741211,0.000506976483216771,458367.6844033186,-132.68666950161102,458234.997733817,0.6366615760603273,0.0,True,False
2009-11-27,1091.489990234375,24.739999771118164,26.149999618530273,0.00030417820023607886,458218.0485231518,0.0,458218.0485231518,1.273325805087692,42.35506551651555,False,False
2009-11-30,1095.6300048828125,24.510000228881836,26.239999771118164,0.0006083794699427381,458219.1941131426,0.0,458219.1941131426,1.1455899908431457,0.0,False,False
2009-12-01,1108.8599853515625,21.920000076293945,24.940000534057617,0.0006083794699427381,458475.0651711144,-425.1073007587482,458049.95787035563,0.76375721299666,0.0,True,False
2009-12-02,1109.239990234375,21.1200008392334,24.799999237060547,0.000506976483216771,458475.82935481187,-393.7111822064995,458082.11817260535,0.7641836974578823,0.0,True,False
2009-12-03,1099.9200439453125,22.459999084472656,25.510000228881836,0.0006083794699427381,458476.46616748313,-393.0000530209344,458083.4661144622,0.6368126712875349,0.0,True,False
2009-12-04,1105.97998046875,21.25,24.760000228881836,0.0006083794699427381,458477.23035351577,-357.5264849801381,458119.70386853564,0.7641860326308644,0.0,True,False
2009-12-07,1103.25,22.100000381469727,25.299999237060547,0.00040557606002412504,458479.52291925624,-335.3390831427741,458144.1838361135,2.2925657404722433,0.0,True,False
2009-12-08,1091.93994140625,23.690000534057617,26.1299991607666,0.00030417820023607886,458480.0323669872,-346.65818319073935,458133.37418379646,0.509447730977357,0.0,True,False
2009-12-09,1095.949951171875,22.65999984741211,25.799999237060547,0.00030417820023607886,458480.4144483275,-312.6698160393704,458167.7446322881,0.3820813402963163,0.0,True,False
2009-12-10,1102.3499755859375,22.31999969482422,25.34000015258789,0.00020278290372213926,458480.7965299862,-297.0901742175829,458183.7063557686,0.3820816587096392,0.0,True,False
2009-12-11,1106.4100341796875,21.59000015258789,25.1200008392334,0.00030417820023607886,458481.0512480493,-271.87019922550303,458209.1810488238,0.2547180631288431,0.0,True,False
2009-12-14,1114.1099853515625,21.149999618530273,24.559999465942383,0.00040557606002412504,458482.19749557273,-231.1197113297342,458251.077784243,1.1462475234090894,0.0,True,False
2009-12-15,1107.9300537109375,21.489999771118164,24.729999542236328,0.000506976483216771,458482.7069462756,-214.95807437860668,458267.748871897,0.5094507028807194,0.0,True,False
2009-12-16,1109.1800537109375,20.540000915527344,24.25,0.00040557606002412504,458483.34376849973,-181.95866387037196,458301.3851046294,0.6368222241082326,0.0,True,False
2009-12-17,1096.0799560546875,22.510000228881836,24.780000686645508,0.00040557606002412504,458483.8532204763,-204.83256882003155,458279.02065165626,0.5094519765824063,0.0,True,False
2009-12-18,1102.469970703125,21.68000030517578,24.520000457763672,0.000506976483216771,458484.362673019,-177.9512077458958,458306.4114652731,0.5094525426690918,0.0,True,False
2009-12-21,1114.050048828125,20.489999771118164,23.530000686645508,0.0008111931345149166,458343.94317084114,0.0,458343.94317084114,1.9104762253512515,112.77732235552386,False,False
2009-12-22,1118.02001953125,19.540000915527344,22.760000228881836,0.0008111931345149166,458344.96181706886,0.0,458344.96181706886,1.0186462277333825,0.0,False,False
2009-12-23,1120.5899658203125,19.709999084472656,22.68000030517578,0.0007097850203325396,458345.9804655605,0.0,458345.9804655605,1.018648491623094,0.0,False,False
2009-12-24,1126.47998046875,19.469999313354492,22.43000030517578,0.000506976483216771,458346.87177358073,0.0,458346.87177358073,0.8913080201959118,0.0,False,False
2009-12-28,1127.780029296875,19.93000030517578,22.489999771118164,0.001115432861117531,458349.4183130949,0.0,458349.4183130949,2.546539514122746,0.0,False,False
2009-12-29,1126.199951171875,20.010000228881836,22.6299991607666,0.0010140170547777556,458350.81902209285,0.0,458350.81902209285,1.4007089979851253,0.0,False,False
2009-12-30,1126.4200439453125,19.959999084472656,22.65999984741211,0.000506976483216771,458352.0923815262,0.0,458352.0923815262,1.2733594333559501,0.0,False,False
2009-12-31,1115.0999755859375,21.68000030517578,23.88999938964844,0.0006083794699427381,458352.7290223296,0.0,458352.7290223296,0.6366408033995244,0.0,False,False
2010-01-04,1132.989990234375,20.040000915527344,22.770000457763672,0.0008111931345149166,458355.7849491231,0.0,458355.7849491231,3.055926793508474,0.0,False,False
2010-01-05,1136.52001953125,19.350000381469727,22.38999938964844,0.0007097850203325396,458608.85051371536,-422.04689204673286,458186.8036216686,1.0186725454865815,0.0,True,False
2010-01-06,1137.1400146484375,19.15999984741211,21.799999237060547,0.0006083794699427381,458609.74233291746,-392.3401571260729,458217.4021757914,0.8918192021243575,0.0,True,False
2010-01-07,1141.68994140625,19.059999465942383,21.600000381469727,0.000506976483216771,458610.50674109405,-390.8483926407331,458219.65834845335,0.7644081766047065,0.0,True,False
2010-01-08,1144.97998046875,18.1299991607666,21.0,0.000506976483216771,458611.1437408292,-356.0535615150104,458255.0901793142,0.6369997351644706,0.0,True,False
2010-01-11,1146.97998046875,17.549999237060547,21.270000457763672,0.00040557606002412504,458613.05474534346,-311.6172143206643,458301.43753102276,1.9110045142866994,0.0,True,False
2010-01-12,1136.219970703125,18.25,21.790000915527344,0.000506976483216771,458613.5643414507,-285.31786229692557,458328.24647915375,0.5095961072568039,0.0,True,False
2010-01-13,1145.6800537109375,17.850000381469727,21.290000915527344,0.0006083794699427381,458614.2013454328,-284.52942048376883,458329.67192494904,0.6370039821029703,0.0,True,False
2010-01-14,1148.4599609375,17.6299991607666,20.709999084472656,0.000506976483216771,458614.9657610416,-267.6736195004497,458347.29214154114,0.7644156088620523,0.0,True,False
2010-01-15,1136.030029296875,17.90999984741211,21.479999542236328,0.0006083794699427381,458615.6027669703,-232.84257272789714,458382.7601942424,0.6370059286434335,0.0,True,False
2010-01-19,1150.22998046875,17.579999923706055,20.88999938964844,0.0006083794699427381,458618.6604463942,-201.64681313934904,458417.0136332548,3.057679423892656,0.0,True,False
2010-01-20,1138.0400390625,18.68000030517578,21.399999618530273,0.000506976483216771,458619.42486943543,-191.59132441845082,458427.833545017,0.7644230412668195,0.0,True,False
2010-01-21,1116.47998046875,22.270000457763672,23.149999618530273,0.0006083794699427381,458620.0618815577,-256.9198211682944,458363.1420603894,0.6370121222452464,0.0,True,False
2010-01-22,1091.760009765625,27.309999465942383,26.290000915527344,0.0006083794699427381,458620.8263069349,-404.3337291222996,458216.4925778126,0.7644253771711823,0.0,True,True
2010-01-25,1096.780029296875,25.40999984741211,25.190000534057617,0.0006083794699427381,458623.1195907114,-307.9275175414824,458315.19207316986,2.2932837764868674,0.0,True,True
2010-01-26,1092.1700439453125,24.549999237060547,25.170000076293945,0.0007097850203325396,458623.8840211851,-280.66832549221203,458343.21569569287,0.7644304737438519,0.0,True,False
2010-01-27,1097.5,23.13999938964844,24.1299991607666,0.0008111931345149166,458624.77586962166,-227.54337457195294,458397.2324950497,0.8918484365593706,0.0,True,False
2010-01-28,1084.530029296875,23.729999542236328,24.670000076293945,0.0008111931345149166,458625.79513998586,-259.0269917606899,458366.76814822515,1.0192703642001109,0.0,True,False
2010-01-29,1073.8699951171875,24.6200008392334,25.3799991607666,0.0008111931345149166,458316.17258884397,0.0,458316.17258884397,1.019272629476934,-58.594931724604464,False,False
2010-02-01,1089.18994140625,22.59000015258789,23.63999938964844,0.0010140170547777556,458319.2283491621,0.0,458319.2283491621,3.0557603181501065,0.0,False,False
2010-02-02,1103.3199462890625,21.479999542236328,22.93000030517578,0.0010140170547777556,458517.5991190265,-367.0974981941629,458150.50162083237,1.2732716702720566,0.0,True,False
2010-02-03,1097.280029296875,21.600000381469727,23.0,0.0010140170547777556,458518.87294179713,-343.5880779686722,458175.28486382845,1.2738227706096712,0.0,True,False
2010-02-04,1063.1099853515625,26.079999923706055,25.979999542236328,0.0009126038126204015,458520.1467681066,-431.93267849786736,458088.21408960875,1.2738263094584614,0.0,True,True
2010-02-05,1066.18994140625,26.11000061035156,26.0,0.0010140170547777556,458521.2932003182,-422.744947308546,458098.5482530096,1.1464322115887344,0.0,True,True
2010-02-08,1056.739990234375,26.510000228881836,26.43000030517578,0.0012168512317685082,458525.1147100345,-414.32169405340983,458110.7930159811,3.8215097163407763,0.0,True,True
2010-02-09,1070.52001953125,26.0,26.040000915527344,0.0012168512317685082,458526.64336148853,-381.6408837114241,458145.00247777713,1.528651453992201,0.0,True,False
2010-02-10,1068.1300048828125,25.399999618530273,25.8700008392334,0.001115432861117531,458528.1720180388,-358.7715290320424,458169.4004890068,1.5286565502785174,0.0,True,False
2010-02-11,1078.469970703125,23.959999084472656,24.56999969482422,0.001115432861117531,458529.57327330543,-306.9364009495561,458222.6368723559,1.4012552666459641,0.0,True,False
2010-02-12,1075.510009765625,22.729999542236328,24.459999084472656,0.0010140170547777556,458530.9745328543,-273.4241033130162,458257.55042954127,1.4012595488611956,0.0,True,False
2010-02-16,1094.8699951171875,22.25,23.56999969482422,0.0010140170547777556,458536.069993805,-220.22558351045154,458315.84441029455,5.095460950722848,0.0,True,False
2010-02-17,1099.510009765625,21.719999313354492,23.290000915527344,0.0010140170547777556,458537.3438678902,-201.30518418622154,458336.038683704,1.2738740851522996,0.0,True,False
2010-02-18,1106.75,20.6299991607666,22.780000686645508,0.0010140170547777556,458538.6177455143,-174.27521053464557,458364.3425349797,1.2738776241436485,0.0,True,False
2010-02-19,1109.1700439453125,20.020000457763672,22.309999465942383,0.001115432861117531,458539.8916266775,-154.8275149758223,458385.0641117017,1.273881163144829,0.0,True,False
2010-02-22,1108.010009765625,19.940000534057617,21.729999542236328,0.001115432861117531,458544.09551276924,-129.10749335831798,458414.9880194109,4.203886091764658,0.0,True,False
2010-02-23,1094.5999755859375,21.3700008392334,22.6200008392334,0.0012168512317685082,458545.4968166979,-140.6320398741773,458404.8647768237,1.401303928608775,0.0,True,False
2010-02-24,1105.239990234375,20.270000457763672,22.079999923706055,0.0012168512317685082,458547.02553610265,-117.94835076268122,458429.07718534,1.5287194047673862,0.0,True,False
2010-02-25,1102.93994140625,20.100000381469727,22.06999969482422,0.001318272166861259,458548.5542606039,-109.5608363116202,458438.9934242923,1.5287245012802397,0.0,True,False
2010-02-26,1104.489990234375,19.5,21.649999618530273,0.001318272166861259,458440.69623964466,0.0,458440.69623964466,1.6561448982078393,87.58333233670747,False,False
2010-03-01,1115.7099609375,19.260000228881836,21.440000534057617,0.001318272166861259,458445.66352362366,0.0,458445.66352362366,4.967283979020626,0.0,False,False
2010-03-02,1118.31005859375,19.059999465942383,21.18000030517578,0.0014196956665245841,458673.8423470601,-396.52305014984563,458277.31929691025,1.6557732865921457,0.0,True,False
2010-03-03,1118.7900390625,18.829999923706055,20.969999313354492,0.0014196956665245841,458675.6263978347,-375.76432694345556,458299.86207089125,1.7840507746027927,0.0,True,False
2010-03-04,1122.969970703125,18.719999313354492,21.030000686645508,0.0014196956665245841,458677.4104555485,-377.8624992879318,458299.54795626056,1.7840577138194482,0.0,True,False
2010-03-05,1138.699951171875,17.420000076293945,20.229999542236328,0.0015211217308890748,458679.19452020153,-394.30784887614465,458284.88667132537,1.7840646530630946,0.0,True,False
2010-03-08,1138.5,17.790000915527344,20.260000228881836,0.0016225503600835508,458684.92913323006,-359.3042354322594,458325.6248977978,5.734613028509287,0.0,True,False
2010-03-09,1140.449951171875,17.920000076293945,20.15999984741211,0.0016225503600835508,458686.96814980847,-358.4421484456132,458328.5260013628,2.0390165784144716,0.0,True,False
2010-03-10,1145.6099853515625,18.56999969482422,20.510000228881836,0.0015211217308890748,458689.007175451,-405.00777711895523,458283.9993983321,2.039025642563614,0.0,True,False
2010-03-11,1150.239990234375,18.059999465942383,20.700000762939453,0.0016225503600835508,458690.9187460548,-408.7784163177079,458282.1403297371,1.9115706037843283,0.0,True,False
2010-03-12,1149.989990234375,17.579999923706055,20.270000457763672,0.0015211217308890748,458692.95778925915,-365.8863104189908,458327.07147884014,2.039043204359804,0.0,True,False
2010-03-15,1150.510009765625,18.0,20.719999313354492,0.001723981554238624,458698.6925743622,-335.27458734282004,458363.4179870194,5.734785103072501,0.0,True,False
2010-03-16,1159.4599609375,17.690000534057617,20.15999984741211,0.0016225503600835508,458700.85912217724,-375.3117540397919,458325.54736813746,2.166547815039633,0.0,True,False
2010-03-17,1166.2099609375,16.90999984741211,19.719999313354492,0.0015211217308890748,458702.8982095701,-383.481896655121,458319.416312915,2.0390873928439293,0.0,True,False
2010-03-18,1165.8299560546875,16.6200008392334,19.479999542236328,0.0016225503600835508,458704.8098380643,-343.4672466238527,458361.3425914405,1.911628494189511,0.0,True,False
2010-03-19,1159.9000244140625,16.969999313354492,19.950000762939453,0.0016225503600835508,458706.84894301946,-283.5174043616486,458423.33153865783,2.0391049551719647,0.0,True,False
2010-03-22,1165.81005859375,16.8700008392334,20.11000061035156,0.0015211217308890748,458712.9663122724,-258.80038715680473,458454.16592511564,6.1173692529761245,0.0,True,False
2010-03-23,1174.1700439453125,16.350000381469727,19.68000030517578,0.0014196956665245841,458714.8779827251,-288.17226953390804,458426.7057131912,1.911670452659979,0.0,True,False
2010-03-24,1167.719970703125,17.549999237060547,20.079999923706055,0.0014196956665245841,458716.66219311126,-269.9126880392707,458446.749505072,1.7842103861847827,0.0,True,False
2010-03-25,1165.72998046875,18.399999618530273,20.579999923706055,0.0014196956665245841,458718.4464104373,-271.20002602815003,458447.24638440914,1.7842173260222611,0.0,True,False
2010-03-26,1166.5899658203125,17.770000457763672,20.059999465942383,0.0014196956665245841,458482.9108013846,0.0,458482.9108013846,1.7842242658867327,-10.796783168740092,False,False
2010-03-29,1173.219970703125,17.59000015258789,19.850000381469727,0.0015211217308890748,458488.2607465842,0.0,458488.2607465842,5.34994519960774,0.0,False,False
2010-03-30,1173.27001953125,17.1299991607666,19.540000915527344,0.0016225503600835508,458490.1714805842,0.0,458490.1714805842,1.9107339999716504,0.0,False,False
2010-03-31,1169.4300537109375,17.59000015258789,19.920000076293945,0.0016225503600835508,458492.20963139605,0.0,458492.20963139605,2.0381508118341998,0.0,False,False
2010-04-01,1178.0999755859375,17.469999313354492,19.899999618530273,0.0016225503600835508,458494.24779126816,0.0,458494.24779126816,2.038159872134704,0.0,False,False
2010-04-05,1187.43994140625,17.020000457763672,19.350000381469727,0.0018254153134831337,458502.4005213606,0.0,458502.4005213606,8.152730092464594,0.0,False,False
2010-04-06,1189.43994140625,16.229999542236328,18.84000015258789,0.001723981554238624,458748.6513023073,-413.9577415053924,458334.6935608019,2.293039441282664,0.0,True,False
2010-04-07,1182.449951171875,16.6200008392334,19.190000534057617,0.001723981554238624,458750.81808608986,-395.38678674138436,458355.4312993485,2.166783782515939,0.0,True,False
2010-04-08,1186.43994140625,16.479999542236328,19.079999923706055,0.001723981554238624,458752.98488010664,-388.37116423900426,458364.6137158676,2.1667940167737334,0.0,True,False
2010-04-09,1194.3699951171875,16.139999389648438,18.6200008392334,0.0016225503600835508,458755.1516843577,-385.49321900091684,458369.6584653568,2.1668042510798666,0.0,True,False
2010-04-12,1196.47998046875,15.579999923706056,18.959999084472656,0.0016225503600835508,458761.2696977818,-340.47594178144067,458420.7937560004,6.11801342409626,0.0,True,False
2010-04-13,1197.300048828125,16.200000762939453,18.989999771118164,0.0016225503600835508,458763.309053721,-348.54795437918426,458414.76109934185,2.0393559391975273,0.0,True,False
2010-04-14,1210.6500244140625,15.59000015258789,18.770000457763672,0.0016225503600835508,458765.3484187259,-385.3037539056021,458380.0446648203,2.0393650048552487,0.0,True,False
2010-04-15,1211.6700439453125,15.890000343322754,18.899999618530273,0.0016225503600835508,458767.3877927964,-387.89719021464066,458379.49060258176,2.0393740705532695,0.0,True,False
2010-04-16,1192.1300048828125,18.36000061035156,20.229999542236328,0.0016225503600835508,458769.42717593274,-371.0644421369682,458398.3627337958,2.039383136291591,0.0,True,False
2010-04-19,1197.52001953125,17.34000015258789,19.790000915527344,0.0016225503600835508,458775.5453797365,-300.0000704339892,458475.5453093025,6.118203803754713,0.0,True,False
2010-04-20,1207.1700439453125,15.729999542236328,18.989999771118164,0.0016225503600835508,458777.58479913615,-258.29239710027235,458519.2924020359,2.0394193996478824,0.0,True,False
2010-04-21,1205.93994140625,16.31999969482422,19.299999237060547,0.0015211217308890748,458779.62422760174,-258.7063365150693,458520.91789108666,2.0394284655877075,0.0,True,False
2010-04-22,1208.6700439453125,16.469999313354492,19.59000015258789,0.0016225503600835508,458781.536175849,-259.60830087144757,458521.9278749775,1.91194824722113,0.0,True,False
2010-04-23,1217.280029296875,16.6200008392334,19.38999938964844,0.0016225503600835508,458783.57562187983,-301.9850200002561,458481.5906018796,2.039446030853347,0.0,True,False
2010-04-26,1212.050048828125,17.469999313354492,19.86000061035156,0.0016225503600835508,458789.6940143689,-243.7401516992838,458545.95386266964,6.118392489117519,0.0,True,False
2010-04-27,1183.7099609375,22.809999465942383,22.719999313354492,0.0016225503600835508,458791.73349666427,-348.88691683243877,458442.84657983185,2.039482295328,0.0,True,True
2010-04-28,1191.3599853515625,21.079999923706055,22.309999465942383,0.0016225503600835508,458793.7729880258,-267.32450912653746,458526.44847889926,2.0394913615474186,0.0,True,False
2010-04-29,1206.780029296875,18.440000534057617,20.959999084472656,0.001723981554238624,458795.8124884536,-188.52032402519356,458607.2921644284,2.03950042780714,0.0,True,False
2010-04-30,1186.68994140625,22.049999237060547,23.670000076293945,0.0016225503600835508,458548.57385376375,0.0,458548.57385376375,2.167006536507729,-5.447899720917597,False,False
2010-05-03,1202.260009765625,20.190000534057617,22.579999923706055,0.001723981554238624,458554.68911224126,0.0,458554.68911224126,6.1152584775064405,0.0,False,False
2010-05-04,1173.5999755859375,23.84000015258789,25.06999969482422,0.0016225503600835508,458767.62793793087,-380.772958038678,458386.8549798922,2.1658676509335066,0.0,True,False
2010-05-05,1165.8699951171875,24.90999984741211,26.3700008392334,0.0015211217308890748,458769.6673221347,-391.90515929019256,458377.76216284453,2.0393842038215646,0.0,True,False
2010-05-06,1128.1500244140625,32.79999923706055,26.3700008392334,0.001115432861117531,458771.57922888687,-479.77928401327887,458291.7999448736,1.9119067521613016,0.0,True,True
2010-05-07,1110.8800048828125,40.95000076293945,36.619998931884766,0.001318272166861259,458772.98122800235,-748.451530202239,458024.5296978001,1.4019991154582176,0.0,True,True
2010-05-10,1159.72998046875,28.84000015258789,28.979999542236328,0.0016225503600835508,458777.9521123465,-435.4971721074452,458342.454940239,4.970884344155476,0.0,True,False
2010-05-11,1155.7900390625,28.31999969482422,28.8700008392334,0.0016225503600835508,458779.9915424449,-401.78022888434583,458378.21131356055,2.0394300984247113,0.0,True,False
2010-05-12,1171.6700439453125,25.520000457763672,26.649999618530273,0.0016225503600835508,458782.0309816093,-337.26170299732445,458444.769278612,2.039439164412096,0.0,True,False
2010-05-13,1157.43994140625,26.68000030517578,27.61000061035156,0.0016225503600835508,458784.0704298397,-331.5571466863427,458452.51328315336,2.0394482304397825,0.0,True,False
2010-05-14,1135.6800537109375,31.239999771118164,30.799999237060547,0.0016225503600835508,458786.1098871362,-424.1386107304261,458361.9712764058,2.039457296507771,0.0,True,True
2010-05-17,1136.93994140625,30.84000015258789,30.510000228881836,0.0016225503600835508,458792.2283134226,-377.0808035860379,458415.14750983653,6.11842628638127,0.0,True,True
2010-05-18,1120.800048828125,33.54999923706055,32.810001373291016,0.001723981554238624,458794.2678069838,-438.5662188122882,458355.7015881715,2.039493561182744,0.0,True,True
2010-05-19,1115.050048828125,35.31999969482422,34.18000030517578,0.001723981554238624,458796.43480622437,-475.01213113188527,458321.4226750925,2.1669992405936194,0.0,True,True
2010-05-20,1071.5899658203125,45.790000915527344,40.83000183105469,0.001723981554238624,458798.60181570024,-789.1065242338728,458009.49529146636,2.1670094758690754,0.0,True,True
2010-05-21,1087.68994140625,40.099998474121094,37.400001525878906,0.001723981554238624,458800.7688354114,-611.1363596062662,458189.6324758051,2.1670197111928755,0.0,True,True
2010-05-24,1073.6500244140625,38.31999969482422,36.90999984741211,0.001723981554238624,458807.2699559574,-580.9216502811074,458226.3483056763,6.501120546015863,0.0,True,True
2010-05-25,1074.030029296875,34.61000061035156,34.900001525878906,0.001723981554238624,458809.4370166104,-491.21320435515736,458318.22381225525,2.167060652971517,0.0,True,False
2010-05-26,1067.949951171875,35.02000045776367,33.95000076293945,0.001723981554238624,458811.60408749897,-523.3409152430199,458288.26317225595,2.1670708885370393,0.0,True,True
2010-05-27,1103.06005859375,29.68000030517578,30.63999938964844,0.001723981554238624,458813.7711686231,-278.49581580144235,458535.2753528217,2.167081124150907,0.0,True,False
2010-05-28,1089.4100341796875,32.06999969482422,32.0,0.0016225503600835508,458452.20214815735,0.0,458452.20214815735,2.1670913598131194,-152.9631537868931,False,True
2010-06-01,1070.7099609375,35.540000915527344,34.02000045776367,0.0016225503600835508,458651.5897419404,-361.23561132652526,458290.35413061385,8.151982456520418,0.0,True,True
2010-06-02,1098.3800048828125,30.170000076293945,30.59000015258789,0.0016225503600835508,458653.6286103134,-309.59345333363075,458344.03515697975,2.0388683730402897,0.0,True,False
2010-06-03,1102.8299560546875,29.459999084472656,30.239999771118164,0.0014196956665245841,458655.66748774995,-299.389718593402,458356.27776915656,2.0388774365306066,0.0,True,False
2010-06-04,1064.8800048828125,35.47999954223633,34.369998931884766,0.0014196956665245841,458657.4514678319,-324.1105048348746,458333.34096299706,1.783980081947496,0.0,True,True
2010-06-07,1050.469970703125,36.56999969482422,35.29999923706055,0.0012168512317685082,458662.8034497116,-298.528584963969,458364.2748647476,5.351981879664067,0.0,True,True
2010-06-08,1062.0,33.70000076293945,33.650001525878906,0.0012168512317685082,458664.33256019844,-252.88521739923507,458411.4473427992,1.529110486846353,0.0,True,True
2010-06-09,1055.68994140625,33.72999954223633,33.79999923706055,0.0010140170547777556,458665.8616757831,-239.15949588472137,458426.7021798984,1.5291155846630136,0.0,True,False
2010-06-10,1086.8399658203125,30.56999969482422,31.469999313354492,0.0010140170547777556,458667.1359104468,-217.0679043975343,458450.06800604926,1.2742346636780904,0.0,True,False
2010-06-11,1091.5999755859375,28.790000915527344,30.950000762939453,0.0008111931345149166,458668.41014865047,-189.1437722433984,458479.26637640706,1.2742382036711744,0.0,True,False
2010-06-14,1089.6300048828125,28.579999923706055,30.68000030517578,0.0007097850203325396,458671.4682574643,-157.10995036156447,458514.35830710275,3.0581088138441137,0.0,True,False
2010-06-15,1115.22998046875,25.8700008392334,28.450000762939453,0.0009126038126204015,458672.36019843403,-151.4500428164806,458520.9101556176,0.8919409697400641,0.0,True,False
2010-06-16,1114.6099853515625,25.920000076293945,28.780000686645508,0.0010140170547777556,458673.50701122294,-142.75948052399318,458530.74753069895,1.1468127889325954,0.0,True,False
2010-06-17,1116.0400390625,25.049999237060547,28.209999084472656,0.0009126038126204015,458674.7812671264,-125.90461322290427,458548.87665390346,1.2742559034350613,0.0,True,False
2010-06-18,1117.510009765625,23.950000762939453,27.959999084472656,0.001115432861117531,458675.92808596866,-108.894632458886,458567.0334535098,1.1468188423004897,0.0,True,False
2010-06-21,1113.199951171875,24.8799991607666,27.540000915527344,0.0012168512317685082,458571.1311288294,0.0,458571.1311288294,4.205133271758438,82.23352091550557,False,False
2010-06-22,1095.31005859375,27.049999237060547,29.09000015258789,0.001318272166861259,458572.659933695,0.0,458572.659933695,1.5288048655791384,0.0,False,False
2010-06-23,1092.0400390625,26.90999984741211,29.260000228881836,0.001318272166861259,458574.3161656559,0.0,458574.3161656559,1.656231960934647,0.0,False,False
2010-06-24,1073.68994140625,29.739999771118164,31.36000061035156,0.001318272166861259,458575.97240359866,0.0,458575.97240359866,1.656237942765986,0.0,False,False
2010-06-25,1076.760009765625,28.530000686645508,30.700000762939453,0.001318272166861259,458577.6286475233,0.0,458577.6286475233,1.6562439246189296,0.0,False,False
2010-06-28,1074.5699462890625,29.0,30.959999084472656,0.001723981554238624,458582.59741518856,0.0,458582.59741518856,4.968767665267164,0.0,False,False
2010-06-29,1041.239990234375,34.130001068115234,34.380001068115234,0.0015211217308890748,458584.7634146573,0.0,458584.7634146573,2.1659994687776614,0.0,False,False
2010-06-30,1030.7099609375,34.540000915527344,35.22999954223633,0.0018254153134831337,458586.6745508288,0.0,458586.6745508288,1.9111361715096413,0.0,False,False
2010-07-01,1027.3699951171875,32.86000061035156,34.4900016784668,0.001723981554238624,458588.96801173716,0.0,458588.96801173716,2.2934609083747155,0.0,False,False
2010-07-02,1022.5800170898438,30.1200008392334,33.290000915527344,0.001723981554238624,458591.13404129585,0.0,458591.13404129585,2.166029558686912,0.0,False,False
2010-07-06,1028.06005859375,29.649999618530273,32.0099983215332,0.001723981554238624,458828.67489296227,-398.876631124202,458429.7982618381,8.664220542212115,0.0,True,False
2010-07-07,1060.27001953125,26.84000015258789,29.719999313354492,0.0016225503600835508,458830.8420547161,-428.74503020296004,458402.0970245131,2.1671617538036094,0.0,True,False
2010-07-08,1070.25,25.709999084472656,28.829999923706055,0.0015211217308890748,458832.881719929,-433.33901748598606,458399.542702443,2.039665212906294,0.0,True,False
2010-07-09,1077.9599609375,24.979999542236328,28.170000076293945,0.0016225503600835508,458834.793890125,-440.9899883269456,458393.80390179803,1.912170195981993,0.0,True,False
2010-07-12,1078.75,24.43000030517578,28.38999938964844,0.0016225503600835508,458840.912965667,-391.82671764915995,458449.08624801785,6.119075542052254,0.0,True,False
2010-07-13,1095.3399658203125,24.559999465942383,28.31999969482422,0.0015211217308890748,458842.9526756487,-496.1555975884688,458346.7970780602,2.039709981663854,0.0,True,False
2010-07-14,1095.1700439453125,24.88999938964844,28.829999923706055,0.0015211217308890748,458844.864887815,-491.4434002494256,458353.4214875656,1.9122121663423126,0.0,True,False
2010-07-15,1096.47998046875,25.13999938964844,29.229999542236328,0.0015211217308890748,458846.7771079505,-494.3867232766695,458352.3903846738,1.9122201354205075,0.0,True,False
2010-07-16,1064.8800048828125,26.25,30.600000381469727,0.0015211217308890748,458848.689336055,-313.0886269855206,458535.6007090695,1.9122281045319136,0.0,True,False
2010-07-19,1071.25,25.969999313354492,30.079999923706055,0.001723981554238624,458854.42606818373,-283.24983281964677,458571.1762353641,5.736732128723271,0.0,True,False
2010-07-20,1083.47998046875,23.93000030517578,28.219999313354492,0.0016225503600835508,458856.59335156676,-271.1530651374022,458585.44028642937,2.1672833829979234,0.0,True,False
2010-07-21,1069.5899658203125,25.63999938964844,29.079999923706055,0.0016225503600835508,458858.6331312533,-233.23538177031037,458625.397749483,2.0397796865195725,0.0,True,False
2010-07-22,1093.6700439453125,24.6299991607666,27.899999618530273,0.0016225503600835508,458860.6729200074,-319.5850776071844,458541.0878424002,2.039788754061,0.0,True,False
2010-07-23,1102.6600341796875,23.469999313354492,26.989999771118164,0.0016225503600835508,458862.71271782904,-327.9613011462751,458534.7514166828,2.039797821642736,0.0,True,False
2010-07-26,1115.010009765625,22.729999542236328,26.440000534057617,0.0016225503600835508,458868.8321656999,-338.3702285357569,458530.4619371642,6.119447870868728,0.0,True,False
2010-07-27,1113.8399658203125,23.190000534057617,26.3700008392334,0.0015211217308890748,458870.8719997923,-326.6378889621112,458544.2341108302,2.0398340923727685,0.0,True,False
2010-07-28,1106.1300048828125,24.25,26.709999084472656,0.0015211217308890748,458872.78432831145,-285.8796764807032,458586.90465183073,1.9123285191619257,0.0,True,False
2010-07-29,1101.530029296875,24.1299991607666,27.1200008392334,0.0015211217308890748,458874.69666480017,-221.47969507794895,458653.21696972224,1.9123364887250172,0.0,True,False
2010-07-30,1101.5999755859375,23.5,27.13999938964844,0.0015211217308890748,458692.1355824295,0.0,458692.1355824295,1.9123444583213214,44.40320429513986,False,False
2010-08-02,1125.8599853515625,22.010000228881836,25.399999618530273,0.0016225503600835508,458697.87035725295,0.0,458697.87035725295,5.734774823473919,0.0,False,False
2010-08-03,1120.4599609375,22.6299991607666,26.010000228881836,0.0016225503600835508,458832.46862916107,-302.5591978013973,458529.9094313597,2.039074106727812,0.0,True,False
2010-08-04,1127.239990234375,22.209999084472656,25.959999084472656,0.0016225503600835508,458834.50830160466,-300.24579566273275,458534.2625059419,2.0396724436044242,0.0,True,False
2010-08-05,1125.81005859375,22.100000381469727,26.15999984741211,0.0015211217308890748,458836.5479831153,-286.3453963513723,458550.20258676395,2.039681510669119,0.0,True,False
2010-08-06,1121.6400146484375,21.739999771118164,26.1200008392334,0.0015211217308890748,458838.4601685903,-260.0709859137619,458578.38918267656,1.912185475007265,0.0,True,False
2010-08-09,1127.7900390625,22.13999938964844,26.030000686645508,0.0015211217308890748,458844.1967728294,-242.65163918559648,458601.5451336438,5.736604239083378,0.0,True,False
2010-08-10,1121.06005859375,22.3700008392334,26.309999465942383,0.0015211217308890748,458846.1089901805,-226.22697554423706,458619.88201463624,1.9122173510743679,0.0,True,False
2010-08-11,1089.469970703125,25.38999938964844,28.690000534057617,0.0015211217308890748,458848.02121550066,-262.36186305059437,458585.65935245005,1.9122253201741701,0.0,True,False
2010-08-12,1083.6099853515625,25.729999542236328,29.25,0.0016225503600835508,458849.93344879,-263.3515463308909,458586.5819024591,1.9122332893071834,0.0,True,False
2010-08-13,1079.25,26.239999771118164,29.969999313354492,0.0015211217308890748,458851.9731988709,-267.3444769415353,458584.6287219294,2.0397500808985676,0.0,True,False
2010-08-16,1079.3800048828125,26.100000381469727,29.799999237060547,0.0016225503600835508,458857.7099720559,-233.829850818739,458623.8801212372,5.736773185049159,0.0,True,False
2010-08-17,1092.5400390625,24.329999923706055,28.56999969482422,0.001723981554238624,458859.74975670624,-186.6583955586518,458673.0913611476,2.0397846502921855,0.0,True,False
2010-08-18,1094.1600341796875,24.59000015258789,28.579999923706055,0.0016225503600835508,458861.91706523433,-179.6500664627369,458682.2669987716,2.1673085281006306,0.0,True,False
2010-08-19,1075.6300048828125,26.440000534057617,29.6299991607666,0.0016225503600835508,458863.95686858665,-213.36214966608375,458650.5947189206,2.0398033523078674,0.0,True,False
2010-08-20,1071.68994140625,25.489999771118164,29.540000915527344,0.0015211217308890748,458865.9966810066,-195.8679447489375,458670.12873625767,2.039812419954498,0.0,True,False
2010-08-23,1067.3599853515625,25.65999984741211,29.290000915527344,0.0016225503600835508,458871.7336295195,-175.71228737045973,458696.02134214906,5.736948512912993,0.0,True,False
2010-08-24,1051.8699951171875,27.459999084472656,30.309999465942383,0.0016225503600835508,458873.77347650996,-215.9721688240728,458657.8013076859,2.039846990404629,0.0,True,False
2010-08-25,1055.3299560546875,26.700000762939453,29.850000381469727,0.0016225503600835508,458875.8133325682,-187.41126107622966,458688.402071492,2.039856058245246,0.0,True,False
2010-08-26,1047.219970703125,27.3700008392334,30.3700008392334,0.0016225503600835508,458877.85319769435,-199.4995454108534,458678.3536522835,2.039865126126173,0.0,True,False
2010-08-27,1064.5899658203125,24.450000762939453,28.399999618530273,0.0015211217308890748,458741.7690606742,0.0,458741.7690606742,2.03987419404741,-5.564813412849228,False,False
2010-08-30,1048.9200439453125,27.209999084472656,30.010000228881836,0.0014196956665245841,458747.50445603766,0.0,458747.50445603766,5.735395363481822,0.0,False,False
2010-08-31,1049.3299560546875,26.049999237060547,29.040000915527344,0.0014196956665245841,458980.17883150803,-400.89003818076804,458579.2887933273,1.7843372896172696,0.0,True,False
2010-09-01,1080.2900390625,23.88999938964844,27.290000915527344,0.001318272166861259,458981.9640738043,-452.92791361308844,458529.03616019123,1.785242296315851,0.0,True,False
2010-09-02,1090.0999755859375,23.190000534057617,26.6200008392334,0.0014196956665245841,458983.62178405357,-472.62841690525505,458510.99336714833,1.6577102492361997,0.0,True,False
2010-09-03,1104.510009765625,21.309999465942383,25.309999465942383,0.0014196956665245841,458985.4070397415,-498.7709921203584,458486.63604762114,1.7852556879715085,0.0,True,False
2010-09-07,1091.8399658203125,23.799999237060547,26.770000457763672,0.0014196956665245841,458992.5481319328,-421.74893387285863,458570.79919805995,7.141092191261832,0.0,True,False
2010-09-08,1098.8699951171875,23.25,26.299999237060547,0.0014196956665245841,458994.33342234057,-434.8288451313645,458559.5045772092,1.7852904077579406,0.0,True,False
2010-09-09,1104.1800537109375,22.809999465942383,26.100000381469727,0.0014196956665245841,458996.11871969234,-444.23643444454683,458551.8822852478,1.7852973517962547,0.0,True,False
2010-09-10,1109.550048828125,21.989999771118164,25.59000015258789,0.0014196956665245841,458997.90402398823,-441.5725906430285,458556.3314333452,1.785304295861578,0.0,True,False
2010-09-13,1121.9000244140625,21.209999084472656,24.75,0.0015211217308890748,459003.25997854053,-467.3928840465581,458535.867094494,5.355954552310293,0.0,True,False
2010-09-14,1121.0999755859375,21.559999465942383,24.739999771118164,0.0015211217308890748,459005.17285878205,-451.8548317028393,458553.3180270792,1.9128802414934198,0.0,True,False
2010-09-15,1125.0699462890625,22.100000381469727,24.93000030517578,0.0015211217308890748,459007.0857469954,-493.7943961499564,458513.2913508454,1.9128882133557952,0.0,True,False
2010-09-16,1124.6600341796875,21.719999313354492,24.959999084472656,0.0016225503600835508,459008.99864318065,-452.68404086374215,458556.3146023169,1.9128961852513928,0.0,True,False
2010-09-17,1125.5899658203125,22.010000228881836,25.1200008392334,0.0016225503600835508,459011.0391003625,-452.1793813475134,458558.859719015,2.0404571818905803,0.0,True,False
2010-09-20,1142.7099609375,21.5,24.59000015258789,0.001723981554238624,459017.1605263317,-567.4274028579518,458449.73312347376,6.121425969198863,0.0,True,False
2010-09-21,1139.780029296875,22.350000381469727,24.940000534057617,0.001723981554238624,459019.32857834996,-543.4409452239868,458475.887633126,2.1680520182489933,0.0,True,False
2010-09-22,1134.280029296875,22.510000228881836,25.15999984741211,0.0016225503600835508,459021.4966406085,-452.6894740334604,458568.807166575,2.1680622584969798,0.0,True,False
2010-09-23,1124.8299560546875,23.8700008392334,26.15999984741211,0.0016225503600835508,459023.5371533484,-380.67297940606625,458642.8641739423,2.040512739905099,0.0,True,False
2010-09-24,1148.6700439453125,21.709999084472656,24.75,0.0015211217308890748,458471.12563024205,0.0,458471.12563024205,2.040521810705208,-323.5620067362837,False,False
2010-09-27,1142.1600341796875,22.540000915527344,25.200000762939453,0.0016225503600835508,458476.85764189996,0.0,458476.85764189996,5.73201165791859,0.0,False,False
2010-09-28,1147.699951171875,22.600000381469727,25.34000015258789,0.0016225503600835508,458478.8957335271,0.0,458478.8957335271,2.0380916271170326,0.0,False,False
2010-09-29,1144.72998046875,23.25,25.90999984741211,0.0016225503600835508,458480.93383421423,0.0,458480.93383421423,2.03810068715444,0.0,False,False
2010-09-30,1141.199951171875,23.700000762939453,26.399999618530273,0.0016225503600835508,458482.97194396146,0.0,458482.97194396146,2.038109747232122,0.0,False,False
2010-10-01,1146.239990234375,22.5,25.700000762939453,0.0016225503600835508,458485.0100627688,0.0,458485.0100627688,2.0381188073500796,0.0,False,False
2010-10-04,1137.030029296875,23.530000686645508,26.31999969482422,0.001318272166861259,458491.12447355204,0.0,458491.12447355204,6.114410783207716,0.0,False,False
2010-10-05,1160.75,21.760000228881836,25.079999923706055,0.0012168512317685082,458742.2480734794,-419.4676624489463,458322.78041103046,1.6559374784091125,0.0,True,False
2010-10-06,1159.969970703125,21.489999771118164,24.90999984741211,0.001318272166861259,458743.7774488223,-394.32728418477893,458349.4501646375,1.529375342872203,0.0,True,False
2010-10-07,1158.06005859375,21.559999465942383,24.88999938964844,0.001318272166861259,458745.43429881026,-376.1681182834326,458369.2661805268,1.656849987961532,0.0,True,False
2010-10-08,1165.1500244140625,20.709999084472656,24.059999465942383,0.0012168512317685082,458747.0911547823,-350.46964195780134,458396.6215128245,1.656855972025006,0.0,True,False
2010-10-11,1165.3199462890625,18.959999084472656,23.979999542236328,0.0012168512317685082,458751.6793445454,-271.44050402432595,458480.2388405211,4.588189763113844,0.0,True,False
2010-10-12,1169.77001953125,18.93000030517578,23.3700008392334,0.001318272166861259,458753.2087513307,-259.8878883696652,458493.320862961,1.5294067852638311,0.0,True,False
2010-10-13,1178.0999755859375,19.06999969482422,22.979999542236328,0.001318272166861259,458754.8656353818,-269.51813669494726,458485.3474986868,1.6568840511013838,0.0,True,False
2010-10-14,1173.81005859375,19.8799991607666,23.559999465942383,0.0014196956665245841,458756.5225254171,-266.5343626287064,458489.9881627884,1.6568900352878841,0.0,True,False
2010-10-15,1176.18994140625,19.030000686645508,23.200000762939453,0.0014196956665245841,458758.30689778324,-235.44484905072974,458522.8620487325,1.7843723661622488,0.0,True,False
2010-10-18,1184.7099609375,19.09000015258789,22.799999237060547,0.0015211217308890748,458763.66005652474,-217.48625209040168,458546.1738044343,5.353158741463298,0.0,True,False
2010-10-19,1165.9000244140625,20.6299991607666,23.59000015258789,0.0014196956665245841,458765.57193824183,-199.42349689913706,458566.1484413427,1.9118817170892386,0.0,True,False
2010-10-20,1178.1700439453125,19.790000915527344,22.65999984741211,0.0014196956665245841,458767.35634580645,-189.40328040639963,458577.95306540007,1.784407564620214,0.0,True,False
2010-10-21,1180.260009765625,19.270000457763672,22.219999313354492,0.001318272166861259,458769.1407603117,-169.03715855081487,458600.1036017609,1.7844145052246347,0.0,True,False
2010-10-22,1183.0799560546875,18.780000686645508,21.649999618530273,0.001318272166861259,458770.7977019046,-152.82376564633637,458617.9739362583,1.6569415929148885,0.0,True,False
2010-10-25,1185.6199951171875,19.850000381469727,21.90999984741211,0.0014196956665245841,458775.7685625899,-150.98758157170303,458624.7809810182,4.970860685273768,0.0,True,False
2010-10-26,1185.6400146484375,20.219999313354492,22.200000762939453,0.0014196956665245841,458777.55300981516,-147.74886275858202,458629.8041470566,1.784447225254606,0.0,True,False
2010-10-27,1182.449951171875,20.709999084472656,22.600000381469727,0.0014196956665245841,458779.3374639812,-140.09389886126667,458639.2435651199,1.7844541660132902,0.0,True,False
2010-10-28,1183.780029296875,20.8799991607666,22.809999465942383,0.001318272166861259,458781.121925088,-134.23240800723585,458646.88951708074,1.784461106798971,0.0,True,False
2010-10-29,1183.260009765625,21.200000762939453,22.950000762939453,0.0012168512317685082,458643.03849655815,0.0,458643.03849655815,1.6569848654205688,109.72724905365564,False,False
2010-11-01,1184.3800048828125,21.829999923706055,23.290000915527344,0.001318272166861259,458647.62564563163,0.0,458647.62564563163,4.58714907348225,0.0,False,False
2010-11-02,1193.5699462890625,21.56999969482422,23.020000457763672,0.001318272166861259,458861.7566584193,-382.47451007223844,458479.28214834706,1.6565027154277334,0.0,True,False
2010-11-03,1197.9599609375,19.559999465942383,21.649999618530273,0.001318272166861259,458863.4139345141,-316.4390613177676,458546.97487319633,1.6572760947810894,0.0,True,False
2010-11-04,1221.06005859375,18.520000457763672,20.56999969482422,0.001318272166861259,458865.0712165945,-351.3836271239103,458513.6875894706,1.6572820803835384,0.0,True,False
2010-11-05,1225.8499755859375,18.260000228881836,20.65999984741211,0.001318272166861259,458866.7285046605,-360.41577554721755,458506.31272911327,1.6572880660076055,0.0,True,False
2010-11-08,1223.25,18.290000915527344,20.729999542236328,0.001318272166861259,458871.70040477253,-307.8453030131388,458563.85510175937,4.971900112060116,0.0,True,False
2010-11-09,1213.4000244140625,19.079999923706055,21.530000686645508,0.001318272166861259,458873.35771678126,-282.902349747211,458590.45536703407,1.6573120087200583,0.0,True,False
2010-11-10,1218.7099609375,18.469999313354492,21.280000686645508,0.001318272166861259,458875.0150347757,-272.13949916600654,458602.8755356097,1.6573179944522178,0.0,True,False
2010-11-11,1213.5400390625,18.63999938964844,21.469999313354492,0.001318272166861259,458876.6723587559,-245.78029848511588,458630.89206027077,1.6573239802059962,0.0,True,False
2010-11-12,1199.2099609375,20.61000061035156,22.93000030517578,0.001318272166861259,458878.32968872186,-253.9865218701446,458624.34316685173,1.6573299659813934,0.0,True,False
2010-11-15,1197.75,20.200000762939453,22.809999465942383,0.0014196956665245841,458883.30171453475,-204.84369986891187,458678.45801466587,4.972025812889467,0.0,True,False
2010-11-16,1178.3399658203125,22.579999923706055,24.079999923706055,0.0015211217308890748,458885.0865800193,-234.1145896131489,458650.97199040616,1.7848654845606982,0.0,True,False
2010-11-17,1178.5899658203125,21.760000228881836,23.829999923706055,0.0014196956665245841,458886.99896777724,-205.90216503741868,458681.09680273983,1.9123877579343447,0.0,True,False
2010-11-18,1196.68994140625,18.75,22.43000030517578,0.0015211217308890748,458888.7838476426,-143.5395011017816,458745.2443465408,1.784879865340464,0.0,True,False
2010-11-19,1199.72998046875,18.040000915527344,21.399999618530273,0.0014196956665245841,458890.6962508088,-126.65280265995789,458764.0434481488,1.9124031661695375,0.0,True,False
2010-11-22,1197.8399658203125,18.3700008392334,21.329999923706055,0.0015211217308890748,458774.91362203745,0.0,458774.91362203745,5.354703566291033,91.33717773463579,False,False
2010-11-23,1180.72998046875,20.6299991607666,22.59000015258789,0.0015211217308890748,458776.8255506534,0.0,458776.8255506534,1.9119286159350477,0.0,False,False
2010-11-24,1198.3499755859375,19.559999465942383,21.809999465942383,0.0016225503600835508,458778.7374872372,0.0,458778.7374872372,1.911936583831556,0.0,False,False
2010-11-26,1189.4000244140625,22.219999313354492,21.809999465942383,0.0016225503600835508,458782.8163634827,0.0,458782.8163634827,4.078876245453163,0.0,False,True
2010-11-29,1187.760009765625,21.530000686645508,23.350000381469727,0.0018254153134831337,458788.93474584626,0.0,458788.93474584626,6.118382363556968,0.0,False,False
2010-11-30,1180.550048828125,23.540000915527344,25.190000534057617,0.001723981554238624,458791.22921828827,0.0,458791.22921828827,2.294472442020012,0.0,False,False
2010-12-01,1206.0699462890625,21.36000061035156,23.989999771118164,0.0016225503600835508,458793.3962031769,0.0,458793.3962031769,2.166984888584761,0.0,False,False
2010-12-02,1221.530029296875,19.38999938964844,21.989999771118164,0.0016225503600835508,458795.43570192973,0.0,458795.43570192973,2.039498752865356,0.0,False,False
2010-12-03,1224.7099609375,18.010000228881836,21.0,0.0014196956665245841,458797.4752097489,0.0,458797.4752097489,2.039507819157934,0.0,False,False
2010-12-06,1223.1199951171875,18.020000457763672,21.040000915527344,0.0015211217308890748,458802.8288255375,0.0,458802.8288255375,5.353615788645736,0.0,False,False
2010-12-07,1223.75,17.989999771118164,20.969999313354492,0.0014196956665245841,459051.7511877361,-417.0103172470195,458634.7408704891,1.9120449515820213,0.0,True,False
2010-12-08,1228.280029296875,17.739999771118164,20.3799991607666,0.0015211217308890748,459053.53670841915,-399.55277325652247,458653.98393516266,1.785520683059938,0.0,True,False
2010-12-09,1233.0,17.25,19.979999542236328,0.0014196956665245841,459055.4497981872,-383.61531652446274,458671.8344816627,1.913089768029672,0.0,True,False
2010-12-10,1240.4000244140625,17.610000610351562,19.84000015258789,0.001318272166861259,459057.2353332563,-413.08531293731676,458644.150020319,1.7855350691186815,0.0,True,False
2010-12-13,1240.4599609375,17.549999237060547,20.459999084472656,0.0015211217308890748,459062.2092975427,-378.92826502071586,458683.281032522,4.973964286391365,0.0,True,False
2010-12-14,1241.5899658203125,17.610000610351562,20.38999938964844,0.0015211217308890748,459064.12242345343,-369.33266291352027,458694.7897605399,1.9131259107454728,0.0,True,False
2010-12-15,1235.22998046875,17.940000534057617,20.739999771118164,0.0014196956665245841,459066.03555733705,-338.07665009395606,458727.9589072431,1.913133883631666,0.0,True,False
2010-12-16,1242.8699951171875,17.389999389648438,20.81999969482422,0.001318272166861259,459067.82113358035,-341.1685008849818,458726.6526326954,1.7855762433258577,0.0,True,False
2010-12-17,1243.9100341796875,16.110000610351562,20.290000915527344,0.001115432861117531,459069.4791539205,-279.29732736443526,458790.18182655604,1.6580203401310505,0.0,True,False
2010-12-20,1247.0799560546875,16.40999984741211,20.100000381469727,0.0014196956665245841,459073.68789526186,-249.40187518161093,458824.28602008027,4.208741341396813,0.0,True,False
2010-12-21,1254.5999755859375,16.489999771118164,19.90999984741211,0.0014196956665245841,459075.4735012696,-273.3466483183224,458802.12685295125,1.7856060077426217,0.0,True,False
2010-12-22,1258.8399658203125,15.449999809265137,19.56999969482422,0.0014196956665245841,459077.2591142226,-235.08445665966516,458842.1746575629,1.7856129530084883,0.0,True,False
2010-12-23,1256.77001953125,16.469999313354492,20.440000534057617,0.0014196956665245841,459079.0447341209,-244.64986893756756,458834.39486518333,1.7856198983013694,0.0,True,False
2010-12-27,1257.5400390625,17.670000076293945,21.040000915527344,0.001723981554238624,459086.1872831676,-214.12552946667552,458872.06175370095,7.1425490467476145,0.0,True,False
2010-12-28,1258.510009765625,17.520000457763672,21.18000030517578,0.0015211217308890748,459088.35566121637,-187.72701026168897,458900.6286509547,2.168378048760139,0.0,True,False
2010-12-29,1259.780029296875,17.280000686645508,20.84000015258789,0.001318272166861259,459090.2688960912,-166.62885798967963,458923.6400381015,1.9132348748135288,0.0,True,False
2010-12-30,1257.8800048828125,17.520000457763672,21.010000228881836,0.0012168512317685082,459091.9269975062,-147.35100187854553,458944.5759956276,1.6581014149638313,0.0,True,False
2010-12-31,1257.6400146484375,17.75,20.899999618530273,0.0012168512317685082,458942.7480234659,0.0,458942.7480234659,1.530541118046769,96.30080208870763,False,False
2011-01-03,1271.8699951171875,17.610000610351562,20.6200008392334,0.0015211217308890748,458947.3381701043,0.0,458947.3381701043,4.590146638392807,0.0,False,False
2011-01-04,1270.199951171875,17.3799991607666,20.61000061035156,0.0014196956665245841,459212.2832478749,-433.0324305812641,458779.2508172936,1.912647189287143,0.0,True,False
2011-01-05,1276.56005859375,17.020000457763672,20.049999237060547,0.0014196956665245841,459214.069392961,-421.0818254559999,458792.987567505,1.7861450861102048,0.0,True,False
2011-01-06,1273.8499755859375,17.399999618530273,20.350000381469727,0.0015211217308890748,459215.85554499447,-412.16718131178453,458803.6883636827,1.7861520334728627,0.0,True,False
2011-01-07,1271.5,17.139999389648438,20.290000915527344,0.0014196956665245841,459217.7693112206,-379.856467459918,458837.9128437607,1.9137662261779684,0.0,True,False
2011-01-10,1269.75,17.540000915527344,20.479999542236328,0.0015211217308890748,459223.1278313369,-344.2901638354772,458878.8376675015,5.358520116282859,0.0,True,False
2011-01-11,1274.47998046875,16.889999389648438,20.13999938964844,0.0015211217308890748,459225.0416278701,-320.2233412214059,458904.8182866487,1.9137965331802664,0.0,True,False
2011-01-12,1285.9599609375,16.239999771118164,19.229999542236328,0.0015211217308890748,459226.955432379,-317.09616930232755,458909.8592630766,1.9138045088612556,0.0,True,False
2011-01-13,1283.760009765625,16.389999389648438,19.200000762939453,0.0015211217308890748,459228.86924486357,-295.8837012559559,458932.9855436076,1.9138124845754831,0.0,True,False
2011-01-14,1293.239990234375,15.460000038146973,18.3700008392334,0.0015211217308890748,459230.7830653239,-283.6672628003586,458947.1158025235,1.9138204603229492,0.0,True,False
2011-01-18,1295.02001953125,15.869999885559082,18.3799991607666,0.0016225503600835508,459238.43842692353,-243.90433681685647,458994.53409010667,7.655361599618934,0.0,True,False
2011-01-19,1281.9200439453125,17.309999465942383,19.63999938964844,0.0016225503600835508,459240.47990404634,-231.396458348308,459009.083445698,2.041477122797912,0.0,True,False
2011-01-20,1280.260009765625,17.989999771118164,19.899999618530273,0.0016225503600835508,459242.52139024425,-235.96805617279583,459006.5533340715,2.041486197885044,0.0,True,False
2011-01-21,1283.3499755859375,18.469999313354492,19.969999313354492,0.0016225503600835508,459244.56288551725,-249.7868788510014,458994.77600666624,2.0414952730125173,0.0,True,False
2011-01-24,1290.8399658203125,17.649999618530273,19.579999923706055,0.0016225503600835508,459250.6874257875,-198.11308267491256,459052.5743431126,6.124540270252872,0.0,True,False
2011-01-25,1291.1800537109375,17.59000015258789,19.34000015258789,0.0016225503600835508,459252.7289573614,-184.10580339036173,459068.62315397104,2.041531573925835,0.0,True,False
2011-01-26,1296.6300048828125,16.639999389648438,18.81999969482422,0.0016225503600835508,459254.7704980107,-154.93458794392112,459099.83591006673,2.041540649255021,0.0,True,False
2011-01-27,1299.5400390625,16.149999618530273,18.479999542236328,0.0015211217308890748,459111.1523125034,0.0,459111.1523125034,2.0415497246245504,117.3726953493074,False,False
2011-01-28,1276.3399658203125,20.040000915527344,20.59000015258789,0.0015211217308890748,459113.0656423824,0.0,459113.0656423824,1.913329879070843,0.0,False,False
2011-01-31,1286.1199951171875,19.530000686645508,20.149999618530273,0.0015211217308890748,459118.80567986233,0.0,459118.80567986233,5.740037479889853,0.0,False,False
2011-02-01,1307.5899658203125,17.6299991607666,18.969999313354492,0.0015211217308890748,459321.7592017438,-371.04016010725076,458950.71904163656,1.9133617742151228,0.0,True,False
2011-02-02,1304.030029296875,17.299999237060547,19.09000015258789,0.0016225503600835508,459323.67340931983,-345.1303497015718,458978.54305961827,1.9142075760117523,0.0,True,False
2011-02-03,1307.0999755859375,16.690000534057617,18.920000076293945,0.0014196956665245841,459325.71526534227,-323.70928661964297,459002.00597872265,2.0418560224109763,0.0,True,False
2011-02-04,1310.8699951171875,15.93000030517578,18.329999923706055,0.0015211217308890748,459327.5018516318,-292.0254047910272,459035.4764468408,1.7865862895535753,0.0,True,False
2011-02-07,1319.050048828125,16.280000686645508,18.260000228881836,0.0016225503600835508,459333.24457008933,-288.9796104890752,459044.26495960023,5.742718457562346,0.0,True,False
2011-02-08,1324.5699462890625,15.8100004196167,17.850000381469727,0.0015211217308890748,459335.28646865895,-277.0604315373954,459058.22603712155,2.0418985696024015,0.0,True,False
2011-02-09,1320.8800048828125,15.869999885559082,17.860000610351562,0.0014196956665245841,459337.2007326094,-253.3456906854563,459083.85504192393,1.9142639504296692,0.0,True,False
2011-02-10,1321.8699951171875,16.09000015258789,18.100000381469727,0.0012168512317685082,459338.98736357264,-253.58035039017633,459085.40701318247,1.7866309632517083,0.0,True,False
2011-02-11,1329.1500244140625,15.6899995803833,17.860000610351562,0.0012168512317685082,459340.51872835157,-252.94556314856916,459087.573165203,1.5313647789013116,0.0,True,False
2011-02-14,1332.3199462890625,15.949999809265137,17.940000534057617,0.001318272166861259,459345.1128533203,-234.94748328619534,459110.1653700341,4.594124968743913,0.0,True,False
2011-02-15,1328.010009765625,16.3700008392334,18.270000457763672,0.001318272166861259,459346.771875158,-220.44946907650979,459126.3224060815,1.659021837710087,0.0,True,False
2011-02-16,1336.3199462890625,16.719999313354492,18.31999969482422,0.0012168512317685082,459348.4309029876,-255.3121545297709,459093.1187484578,1.6590278296176548,0.0,True,False
2011-02-17,1340.4300537109375,16.59000015258789,18.6299991607666,0.0009126038126204015,459349.9622992498,-255.1137599001552,459094.8485393496,1.531396262193708,0.0,True,False
2011-02-18,1343.010009765625,16.43000030517578,18.899999618530273,0.0010140170547777556,459351.1108062388,-243.89361090076943,459107.217195338,1.1485069890249815,0.0,True,False
2011-02-22,1315.43994140625,20.799999237060547,21.31999969482422,0.0012168512317685082,459356.2153810173,-239.8752342281095,459116.3401467892,5.104574778549986,0.0,True,False
2011-02-23,1307.4000244140625,22.1299991607666,22.469999313354492,0.0012168512317685082,459357.7468032317,-249.0993497734382,459108.6474534583,1.5314222144333498,0.0,True,False
2011-02-24,1306.0999755859375,21.31999969482422,22.260000228881836,0.001318272166861259,459359.2782305517,-200.85257741394668,459158.42565313773,1.5314273199569506,0.0,True,False
2011-02-25,1319.8800048828125,19.219999313354492,20.56999969482422,0.001318272166861259,459197.8860447411,0.0,459197.8860447411,1.6590729989601114,37.98890129768013,False,False
2011-02-28,1327.219970703125,18.350000381469727,20.0,0.0015211217308890748,459202.8615330022,0.0,459202.8615330022,4.975488261098513,0.0,False,False
2011-03-01,1306.3299560546875,21.010000228881836,21.899999618530273,0.0014196956665245841,459412.92410256236,-378.1488574860734,459034.7752450763,1.9137120740815345,0.0,True,False
2011-03-02,1308.43994140625,20.700000762939453,21.68000030517578,0.001318272166861259,459414.7110280581,-362.14329508141986,459052.56773297663,1.7869254957154062,0.0,True,False
2011-03-03,1330.969970703125,18.600000381469727,20.440000534057617,0.001318272166861259,459416.3703012643,-361.63732617293107,459054.7329750914,1.6592732062095523,0.0,True,False
2011-03-04,1321.1500244140625,19.059999465942383,20.799999237060547,0.0012168512317685082,459418.0295804633,-326.6666987676959,459091.3628816956,1.6592791990249907,0.0,True,False
2011-03-07,1310.1300048828125,20.65999984741211,21.850000381469727,0.001115432861117531,459422.62448066205,-312.3468338491068,459110.27764681296,4.59490019872367,0.0,True,False
2011-03-08,1321.8199462890625,19.81999969482422,21.450000762939453,0.001115432861117531,459424.0284693621,-309.2325804451778,459114.79588891694,1.4039887000542084,0.0,True,False
2011-03-09,1320.02001953125,20.219999313354492,21.81999969482422,0.0010140170547777556,459425.43246235274,-305.47858699573453,459119.953875357,1.4039929906227717,0.0,True,False
2011-03-10,1295.1099853515625,21.8799991607666,22.760000228881836,0.0008111931345149166,459426.7088072049,-289.51345349274743,459137.1953537122,1.2763448521761573,0.0,True,False
2011-03-11,1304.280029296875,20.079999923706055,21.8700008392334,0.0008111931345149166,459427.72985982447,-241.73162278872152,459185.99823703576,1.021052619587,0.0,True,False
2011-03-14,1296.3900146484375,21.1299991607666,22.489999771118164,0.0009126038126204015,459430.7930312985,-228.51605182622654,459202.27697947226,3.06317147403585,0.0,True,False
2011-03-15,1281.8699951171875,24.31999969482422,24.030000686645508,0.0010140170547777556,459431.9417403876,-293.16631392461073,459138.775426463,1.1487090890974867,0.0,True,True
2011-03-16,1256.8800048828125,29.399999618530273,26.90999984741211,0.0010140170547777556,459433.2181033234,-431.15823181927226,459002.05987150414,1.2763629358148159,0.0,True,True
2011-03-17,1273.719970703125,26.3700008392334,25.440000534057617,0.0008111931345149166,459434.49446980515,-327.0141180147031,459107.48035179044,1.2763664817205225,0.0,True,True
2011-03-18,1279.2099609375,24.440000534057617,24.34000015258789,0.0007097850203325396,459435.515539728,-263.9794678447312,459171.5360718833,1.0210699228282807,0.0,True,True
2011-03-21,1298.3800048828125,20.61000061035156,21.950000762939453,0.0010140170547777556,459438.19582519063,-151.05057836034555,459287.1452468303,2.6802854626574146,0.0,True,False
2011-03-22,1293.77001953125,20.209999084472656,21.700000762939453,0.0010140170547777556,459439.4722055011,-138.11744274102844,459301.3547627601,1.2763803104927929,0.0,True,False
2011-03-23,1297.5400390625,19.170000076293945,20.93000030517578,0.0009126038126204015,459440.74858935754,-118.14116969013078,459322.6074196674,1.2763838564467684,0.0,True,False
2011-03-24,1309.6600341796875,18.0,20.079999923706055,0.0009126038126204015,459331.6866927387,0.0,459331.6866927387,1.148733980855294,97.93822688638531,False,False
2011-03-25,1313.800048828125,17.90999984741211,20.030000686645508,0.0009126038126204015,459332.83515403344,0.0,459332.83515403344,1.1484612947536645,0.0,False,False
2011-03-28,1310.18994140625,19.440000534057617,20.86000061035156,0.001115432861117531,459336.2805551465,0.0,459336.2805551465,3.4454011130896345,0.0,False,False
2011-03-29,1319.43994140625,18.15999984741211,19.969999313354492,0.0010140170547777556,459337.68427998084,0.0,459337.68427998084,1.4037248343034103,0.0,False,False
2011-03-30,1328.260009765625,17.709999084472656,19.75,0.0010140170547777556,459338.96038105694,0.0,459338.96038105694,1.2761010760746518,0.0,False,False
2011-03-31,1325.8299560546875,17.739999771118164,19.84000015258789,0.0009126038126204015,459340.2364856782,0.0,459340.2364856782,1.2761046212528773,0.0,False,False
2011-04-01,1332.4100341796875,17.399999618530273,19.59000015258789,0.0007097850203325396,459341.3849683499,0.0,459341.3849683499,1.148482671694454,0.0,False,False
2011-04-04,1332.8699951171875,17.5,19.38999938964844,0.0006083794699427381,459344.06470466737,0.0,459344.06470466737,2.6797363174705,0.0,False,False
2011-04-05,1332.6300048828125,17.25,19.399999618530273,0.0007097850203325396,459564.8576843881,-390.0273475796712,459174.83033680846,0.7656321410638434,0.0,True,False
2011-04-06,1335.5400390625,16.899999618530273,19.3799991607666,0.0006083794699427381,459565.7513626594,-378.1648037002387,459187.58655895916,0.8936782712444138,0.0,True,False
2011-04-07,1333.510009765625,17.110000610351562,19.5,0.00040557606002412504,459566.51736430655,-366.5302124173354,459199.9871518892,0.7660016471566516,0.0,True,False
2011-04-08,1328.1700439453125,17.8700008392334,20.049999237060547,0.00040557606002412504,459567.02801987086,-369.7191895192975,459197.30883035157,0.5106555643176333,0.0,True,False
2011-04-11,1324.4599609375,16.59000015258789,20.010000228881836,0.000506976483216771,459568.5599899685,-291.1185288782963,459277.4414610902,1.5319700976314985,0.0,True,False
2011-04-12,1314.1600341796875,17.09000015258789,20.329999923706055,0.000506976483216771,459569.1983204182,-286.6445655156549,459282.55375490256,0.6383304496963795,0.0,True,False
2011-04-13,1314.4100341796875,16.920000076293945,19.989999771118164,0.0006083794699427381,459569.8366517545,-267.5401675239597,459302.29648423055,0.6383313363230952,0.0,True,False
2011-04-14,1314.52001953125,16.270000457763672,19.959999084472656,0.0007097850203325396,459570.602660211,-242.22583378193906,459328.37682642904,0.7660084564938721,0.0,True,False
2011-04-15,1319.6800537109375,15.31999969482422,19.170000076293945,0.0007097850203325396,459571.496349654,-205.52792413566837,459365.9684255183,0.893689443030019,0.0,True,False
2011-04-18,1305.1400146484375,16.959999084472656,19.920000076293945,0.0007097850203325396,459574.17742841056,-221.4997322939661,459352.6776961166,2.681078756548978,0.0,True,False
2011-04-19,1312.6199951171875,15.829999923706056,19.18000030517578,0.0006083794699427381,459575.07112480514,-180.8494338225464,459394.2216909826,0.8936963945899811,0.0,True,False
2011-04-20,1330.3599853515625,15.06999969482422,18.479999542236328,0.0006083794699427381,459575.8371419864,-148.84818250897516,459426.98895947746,0.76601718128454,0.0,True,False
2011-04-21,1337.3800048828125,14.6899995803833,18.350000381469727,0.0006083794699427381,459576.6031604445,-134.03654762263983,459442.5666128218,0.766018458077732,0.0,True,False
2011-04-25,1335.25,15.770000457763672,18.549999237060547,0.0007097850203325396,459579.6672470449,-120.06857270816302,459459.59867433674,3.064086600429499,0.0,True,False
2011-04-26,1347.239990234375,15.619999885559082,18.270000457763672,0.0007097850203325396,459455.68481360277,0.0,459455.68481360277,0.8937070701922265,95.15120706733268,False,False
2011-04-27,1355.6600341796875,15.350000381469728,17.899999618530273,0.0006083794699427381,459456.57827957446,0.0,459456.57827957446,0.8934659716727671,0.0,False,False
2011-04-28,1360.47998046875,14.619999885559082,17.520000457763672,0.00040557606002412504,459457.34409925254,0.0,459457.34409925254,0.7658196780668745,0.0,False,False
2011-04-29,1363.6099853515625,14.75,17.5,0.00040557606002412504,459457.854633507,0.0,459457.854633507,0.5105342544894189,0.0,False,False
2011-05-02,1361.219970703125,15.989999771118164,18.38999938964844,0.000506976483216771,459459.38623967435,0.0,459459.38623967435,1.5316061673380499,0.0,False,False
2011-05-03,1356.6199951171875,16.700000762939453,19.11000061035156,0.00030417820023607886,459796.074272898,-506.0498544138855,459290.0244184841,0.6381788097993382,0.0,True,False
2011-05-04,1347.3199462890625,17.079999923706055,19.440000534057617,0.00030417820023607886,459796.45745098195,-479.36352454155536,459317.0939264404,0.38317808392700514,0.0,True,False
2011-05-05,1335.0999755859375,18.200000762939453,19.84000015258789,0.00020278290372213926,459796.8406293852,-487.02581061701153,459309.8148187682,0.3831784032543161,0.0,True,False
2011-05-06,1340.199951171875,18.399999618530273,19.90999984741211,0.00020278290372213926,459797.09607860266,-487.57377898895936,459309.5222996137,0.2554492174247878,0.0,True,False
2011-05-09,1346.2900390625,17.15999984741211,19.200000762939453,0.00030417820023607886,459797.86242710653,-392.8832943630506,459404.9791327435,0.7663485038741225,0.0,True,False
2011-05-10,1357.1600341796875,15.90999984741211,18.3700008392334,0.00030417820023607886,459798.24560668063,-340.87456767590567,459457.3710390047,0.3831795741126368,0.0,True,False
2011-05-11,1342.0799560546875,16.950000762939453,19.049999237060547,0.00030417820023607886,459798.62878657406,-347.71181047802486,459450.91697609605,0.3831798934411897,0.0,True,False
2011-05-12,1348.6500244140625,16.030000686645508,18.440000534057617,0.00020278290372213926,459799.0119667868,-299.5837803053901,459499.4281864814,0.38318021277000863,0.0,True,False
2011-05-13,1337.77001953125,17.06999969482422,19.06999969482422,0.00030417820023607886,459799.26741721056,-322.45598725040816,459476.81142996013,0.2554504237541729,0.0,True,False
2011-05-16,1329.469970703125,18.239999771118164,19.8700008392334,0.00040557606002412504,459800.4169604035,-330.8130968358566,459469.60386356764,1.1495431929140902,0.0,True,False
2011-05-17,1328.97998046875,17.549999237060547,19.450000762939453,0.00040557606002412504,459800.92787586956,-294.0926008154051,459506.83527505415,0.5109154660418137,0.0,True,False
2011-05-18,1340.6800537109375,16.229999542236328,18.530000686645508,0.000506976483216771,459801.4387919033,-225.08134895211106,459576.3574429512,0.5109160337546818,0.0,True,False
2011-05-19,1343.5999755859375,15.520000457763672,18.170000076293945,0.000506976483216771,459802.0774458165,-191.17766746162093,459610.89977835485,0.6386539131429805,0.0,True,False
2011-05-20,1333.27001953125,17.43000030517578,19.049999237060547,0.000506976483216771,459802.7161006167,-244.20328433160554,459558.5128162851,0.6386548002189798,0.0,True,False
2011-05-23,1317.3699951171875,18.270000457763672,19.790000915527344,0.0006083794699427381,459804.6320703399,-262.74869819982,459541.8833721401,1.9159697232436366,0.0,True,False
2011-05-24,1316.280029296875,17.81999969482422,19.170000076293945,0.0006083794699427381,459805.3984701521,-242.87144368988484,459562.52702646225,0.7663998121961801,0.0,True,False
2011-05-25,1320.469970703125,17.06999969482422,18.8700008392334,0.0006083794699427381,459806.1648712417,-198.13265674881154,459608.0322144929,0.7664010896271392,0.0,True,False
2011-05-26,1325.68994140625,16.09000015258789,18.190000534057617,0.000506976483216771,459641.686084251,0.0,459641.686084251,0.7664023670602275,170.8046650561128,False,False
2011-05-27,1331.0999755859375,15.979999542236328,18.1299991607666,0.000506976483216771,459642.3245162712,0.0,459642.3245162712,0.6384320202055738,0.0,False,False
2011-05-31,1345.199951171875,15.449999809265137,17.559999465942383,0.0006083794699427381,459871.09284529043,-396.21459207062657,459474.8782532198,2.5537369486447155,0.0,True,False
2011-06-01,1314.550048828125,18.299999237060547,19.36000061035156,0.000506976483216771,459871.8593558791,-449.23022007938255,459422.6291357997,0.7665105886474984,0.0,True,False
2011-06-02,1312.93994140625,18.09000015258789,19.31999969482422,0.00040557606002412504,459872.4981076048,-433.5617350616391,459438.93637254316,0.6387517257310991,0.0,True,False
2011-06-03,1300.1600341796875,17.950000762939453,19.469999313354492,0.00040557606002412504,459873.0091031651,-439.23022507203615,459433.7788780931,0.5109955602991408,0.0,True,False
2011-06-06,1286.1700439453125,18.489999771118164,19.959999084472656,0.000506976483216771,459874.542093253,-471.64374860729765,459402.8983446457,1.5329900878428664,0.0,True,False
2011-06-07,1284.93994140625,18.06999969482422,19.5,0.000506976483216771,459875.180848705,-454.46671086720204,459420.7141378378,0.638755451993301,0.0,True,False
2011-06-08,1279.56005859375,18.790000915527344,19.950000762939453,0.00040557606002412504,459875.8196050442,-488.704195638282,459387.1154094059,0.6387563392103355,0.0,True,False
2011-06-09,1289.0,17.770000457763672,19.260000228881836,0.000506976483216771,459876.33060429525,-412.870194468507,459463.4604098267,0.5109992510404922,0.0,True,False
2011-06-10,1270.97998046875,18.86000061035156,20.11000061035156,0.000506976483216771,459876.96936223144,-518.4490192702248,459358.5203429612,0.6387579361951313,0.0,True,False
2011-06-13,1271.8299560546875,19.61000061035156,20.440000534057617,0.000506976483216771,459878.88564136345,-507.3837620217971,459371.50187934167,1.9162791320316326,0.0,True,False
2011-06-14,1287.8699951171875,18.260000228881836,19.43000030517578,0.000506976483216771,459879.52440284856,-383.67318362807515,459495.8512192205,0.6387614850844652,0.0,True,False
2011-06-15,1265.4200439453125,21.31999969482422,21.3799991607666,0.000506976483216771,459880.1631652209,-573.3406995246972,459306.8224656962,0.6387623723098795,0.0,True,False
2011-06-16,1267.6400146484375,22.729999542236328,22.61000061035156,0.000506976483216771,459880.8019284804,-589.0730202318953,459291.7289082485,0.6387632595365261,0.0,True,True
2011-06-17,1271.5,21.850000381469727,22.440000534057617,0.00040557606002412504,459881.44069262716,-532.1019070902435,459349.33878553694,0.6387641467644051,0.0,True,False
2011-06-20,1278.3599853515625,19.989999771118164,21.219999313354492,0.00030417820023607886,459882.97371082177,-407.506465155762,459475.467245666,1.5330181946088957,0.0,True,False
2011-06-21,1295.52001953125,18.86000061035156,20.5,0.00030417820023607886,459883.3569613247,-288.32255919369277,459595.034402131,0.38325050290137463,0.0,True,False
2011-06-22,1287.1400146484375,18.520000457763672,20.719999313354492,0.00020278290372213926,459883.740212147,-291.8281166970429,459591.91209545,0.3832508222890371,0.0,True,False
2011-06-23,1283.5,19.290000915527344,20.93000030517578,0.00010139017035360414,459883.99570964323,-318.72584664403155,459565.2698629992,0.25549749620456513,0.0,True,False
2011-06-24,1268.449951171875,21.100000381469727,21.920000076293945,0.00020278290372213926,459430.2160248028,0.0,459430.2160248028,0.12774718672012486,-227.69283995645162,False,False
2011-06-27,1280.0999755859375,20.559999465942383,21.5,0.00020278290372213926,459430.981761824,0.0,459430.981761824,0.7657370211511374,0.0,False,False
2011-06-28,1296.6700439453125,19.170000076293945,20.520000457763672,0.00030417820023607886,459431.2370077813,0.0,459431.2370077813,0.25524595730390814,0.0,False,False
2011-06-29,1307.4100341796875,17.270000457763672,19.420000076293945,0.00020278290372213926,459431.6198818225,0.0,459431.6198818225,0.38287404121760693,0.0,False,False
2011-06-30,1320.6400146484375,16.520000457763672,18.90999984741211,0.00030417820023607886,459431.8751281343,0.0,459431.8751281343,0.2552463118240784,0.0,False,False
2011-07-01,1339.6700439453125,15.869999885559082,17.93000030517578,0.00020278290372213926,459432.2580027073,0.0,459432.2580027073,0.38287457300495326,0.0,False,False
2011-07-05,1337.8800048828125,16.059999465942383,18.11000061035156,0.00020278290372213926,459659.08165975264,-395.8026695290488,459263.2789902236,1.0209875162815272,0.0,True,False
2011-07-06,1339.219970703125,16.34000015258789,18.40999984741211,0.00010139017035360414,459659.33703243535,-403.9286052817832,459255.40842715354,0.2553726827079818,0.0,True,False
2011-07-07,1353.219970703125,15.949999809265137,17.770000457763672,0.00030417820023607886,459659.4647172161,-429.61997601410815,459229.84474120196,0.12768478073458653,0.0,True,False
2011-07-08,1343.800048828125,15.949999809265137,17.959999084472656,0.00030417820023607886,459659.84778145433,-373.2139512737521,459286.63383018057,0.3830642382664586,0.0,True,False
2011-07-11,1319.489990234375,18.38999938964844,19.979999542236328,0.00030417820023607886,459660.9969760845,-379.74190322920435,459281.2550728553,1.1491946301724782,0.0,True,False
2011-07-12,1313.6400146484375,19.8700008392334,20.93000030517578,0.00030417820023607886,459661.3800415997,-418.1616187383784,459243.2184228613,0.38306551519779863,0.0,True,False
2011-07-13,1317.719970703125,19.90999984741211,20.850000381469727,0.00010139017035360414,459661.7631074341,-409.88778201092686,459251.87532542314,0.38306583443129877,0.0,True,False
2011-07-14,1308.8699951171875,20.799999237060547,21.59000015258789,0.00010139017035360414,459661.89079288876,-426.21189434054355,459235.67889854824,0.12768545465291975,0.0,True,False
2011-07-15,1316.1400146484375,19.530000686645508,20.940000534057617,0.00020278290372213926,459662.0184783789,-370.46568264761135,459291.5527957313,0.1276854901215548,0.0,True,False
2011-07-18,1305.43994140625,20.950000762939453,21.84000015258789,0.00020278290372213926,459662.7846017475,-380.9165021655771,459281.868099582,0.7661233686618272,0.0,True,False
2011-07-19,1326.72998046875,19.209999084472656,20.5,0.00030417820023607886,459663.03997648746,-311.9265806557645,459351.1133958317,0.25537473995055326,0.0,True,False
2011-07-20,1325.8399658203125,19.09000015258789,20.3700008392334,0.00020278290372213926,459663.42304370523,-291.65264782102184,459371.77039588423,0.38306721776340036,0.0,True,False
2011-07-21,1343.800048828125,17.559999465942383,19.200000762939453,0.000506976483216771,459663.6784187999,-254.8275853449641,459408.8508334549,0.25537509464959435,0.0,True,False
2011-07-22,1345.02001953125,17.520000457763672,19.200000762939453,0.000506976483216771,459664.31688136695,-241.15554776750113,459423.1613335994,0.6384625670663138,0.0,True,False
2011-07-25,1337.4300537109375,19.350000381469727,20.260000228881836,0.000506976483216771,459666.2322743891,-246.40204170701264,459419.8302326821,1.9153930221835562,0.0,True,False
2011-07-26,1331.93994140625,20.229999542236328,20.88999938964844,0.0007097850203325396,459666.8707405034,-252.9110293547215,459413.9597111487,0.6384661143145998,0.0,True,False
2011-07-27,1304.8900146484375,22.979999542236328,22.690000534057617,0.0008111931345149166,459667.7646171511,-329.3409561523251,459338.4236609988,0.8938766477088215,0.0,True,True
2011-07-28,1300.6700439453125,23.739999771118164,22.950000762939453,0.0007097850203325396,459668.786205505,-349.7939199360611,459318.99228556897,1.021588353930463,0.0,True,True
2011-07-29,1292.280029296875,25.25,22.90999984741211,0.0010140170547777556,459239.74035467906,0.0,459239.74035467906,0.893880372557279,-204.13706166949152,False,True
2011-08-01,1286.93994140625,23.65999984741211,22.3799991607666,0.0010140170547777556,459243.5678522368,0.0,459243.5678522368,3.827497557738292,0.0,False,True
2011-08-02,1254.050048828125,24.790000915527344,23.600000381469727,0.0006083794699427381,459408.0396932225,-333.19600137755316,459074.84369184496,1.2758396081419505,0.0,True,True
2011-08-03,1260.3399658203125,23.3799991607666,23.1200008392334,0.00020278290372213926,459408.8054319967,-306.25570112448725,459102.5497308722,0.7657387742201757,0.0,True,True
2011-08-04,1200.0699462890625,31.65999984741211,28.559999465942383,0.00020278290372213926,459409.06066563353,-453.6385152711271,458955.4221503624,0.2552336368058117,0.0,True,True
2011-08-05,1199.3800048828125,32.0,29.59000015258789,0.00010139017035360414,459409.31589941215,-463.97847601898576,458945.33742339315,0.25523377860590035,0.0,True,True
2011-08-08,1119.4599609375,48.0,38.099998474121094,0.000506976483216771,459409.69874550705,-901.0110748156965,458508.68767069135,0.3828460948909798,0.0,True,True
2011-08-09,1172.530029296875,35.060001373291016,31.06999969482422,0.00030417820023607886,459410.33685530204,-525.0608064192917,458885.27604888275,0.6381097949814037,0.0,True,True
2011-08-10,1120.760009765625,42.9900016784668,36.58000183105469,0.00020278290372213926,459410.7197119258,-811.0697469645721,458599.6499649612,0.3828566237561955,0.0,True,True
2011-08-11,1172.6400146484375,39.0,33.81999969482422,0.00030417820023607886,459410.9749466261,-600.3477376836474,458810.6272089425,0.2552347003218401,0.0,True,True
2011-08-12,1178.81005859375,36.36000061035156,32.75,0.00020278290372213926,459411.35780378163,-527.0623529618379,458884.2954508198,0.38285715551935007,0.0,True,True
2011-08-15,1204.489990234375,31.8700008392334,30.079999923706055,0.00020278290372213926,459412.1235093716,-372.69392812540286,459039.42958124616,0.7657055899620573,0.0,True,True
2011-08-16,1192.760009765625,32.849998474121094,30.440000534057617,0.00030417820023607886,459412.3787448518,-395.0284772345671,459017.3502676172,0.25523548022924103,0.0,True,True
2011-08-17,1193.8900146484375,31.579999923706055,30.030000686645508,0.00010139017035360414,459412.7616031772,-357.37796390213043,459055.38363927504,0.38285832539605075,0.0,True,True
2011-08-18,1140.6500244140625,42.66999816894531,36.599998474121094,0.00010139017035360414,459412.88921946386,-698.8938982512052,458713.9953212126,0.12761628668457412,0.0,True,True
2011-08-19,1123.530029296875,43.04999923706055,37.900001525878906,0.00020278290372213926,459413.016835786,-758.6466047333846,458654.3702310526,0.12761632213399562,0.0,True,True
2011-08-22,1123.8199462890625,42.439998626708984,38.2599983215332,0.00010139017035360414,459413.7825441411,-724.299686535731,458689.4828576054,0.7657083550875992,0.0,True,True
2011-08-23,1162.3499755859375,36.27000045776367,34.790000915527344,0.00010139017035360414,459413.9101607114,-451.6596221597668,458962.2505385516,0.12761657028291015,0.0,True,True
2011-08-24,1177.5999755859375,35.900001525878906,34.79999923706055,0.00020278290372213926,459414.0377773171,-390.763956068398,459023.27382124873,0.12761660573241043,0.0,True,True
2011-08-25,1159.27001953125,39.7599983215332,36.61000061035156,0.00010139017035360414,459414.2930138608,-513.0727692996508,458901.22024456115,0.25523654373861177,0.0,True,True
2011-08-26,1176.800048828125,35.59000015258789,34.40999984741211,0.00010139017035360414,459042.2528799711,0.0,459042.2528799711,0.12761671208186642,-208.97174922419399,False,True
2011-08-29,1210.0799560546875,32.279998779296875,31.979999542236328,0.00020278290372213926,459042.63542017614,0.0,459042.63542017614,0.3825402050478521,0.0,False,True
2011-08-30,1212.9200439453125,32.88999938964844,32.470001220703125,0.00010139017035360414,459042.89045038,0.0,459042.89045038,0.2550302038225925,0.0,False,True
2011-08-31,1218.8900146484375,31.6200008392334,31.670000076293945,0.00020278290372213926,459043.0179639234,0.0,459043.0179639234,0.1275135433848299,0.0,False,False
2011-09-01,1204.4200439453125,31.81999969482422,31.989999771118164,0.00020278290372213926,459043.27299433976,0.0,459043.27299433976,0.25503041635232787,0.0,False,False
2011-09-02,1173.969970703125,33.91999816894531,33.790000915527344,0.00020278290372213926,459043.5280248978,0.0,459043.5280248978,0.2550305580395134,0.0,False,True
2011-09-06,1165.239990234375,37.0,35.380001068115234,0.00020278290372213926,459076.93502419355,-202.38687564667782,458874.5481485469,1.0201236490897168,0.0,True,True
2011-09-07,1198.6199951171875,33.380001068115234,32.959999084472656,0.00020278290372213926,459077.1900734532,-187.16355573439174,458890.0265177188,0.2550492596451428,0.0,True,True
2011-09-08,1185.9000244140625,34.31999969482422,33.709999084472656,0.00020278290372213926,459077.44512285455,-178.77630397792993,458898.6688188766,0.25504940134279713,0.0,True,True
2011-09-09,1154.22998046875,38.52000045776367,36.63999938964844,0.00010139017035360414,459077.7001723976,-196.4557753284786,458881.2443970691,0.2550495430405302,0.0,True,True
2011-09-12,1162.27001953125,38.59000015258789,37.060001373291016,0.00010139017035360414,459078.08274214243,-186.24762705210068,458891.8351150903,0.382569744843869,0.0,True,True
2011-09-13,1172.8699951171875,36.90999984741211,36.060001373291016,0.00010139017035360414,459078.2102654616,-170.20654968399847,458908.0037157776,0.12752331914634546,0.0,True,True
2011-09-14,1188.6800537109375,34.599998474121094,34.959999084472656,0.00010139017035360414,459078.33778881613,-154.80319639675167,458923.5345924194,0.12752335456994232,0.0,True,False
2011-09-15,1209.1099853515625,31.969999313354492,33.52000045776367,0.00010139017035360414,459078.4653122061,-143.20215095552834,458935.2631612506,0.127523389993549,0.0,True,False
2011-09-16,1216.010009765625,30.979999542236328,32.95000076293945,0.00010139017035360414,459078.59283563157,-135.22948942612197,458943.36334620544,0.12752342541716555,0.0,True,False
2011-09-19,1204.0899658203125,32.72999954223633,33.810001373291016,0.00010139017035360414,459078.9754061203,-123.52882491455628,458955.44658120576,0.38257048873960936,0.0,True,False
2011-09-20,1202.0899658203125,32.86000061035156,33.619998931884766,0.00010139017035360414,459079.1029296874,-118.21583208332626,458960.8870976041,0.12752356711173005,0.0,True,False
2011-09-21,1166.760009765625,37.31999969482422,36.189998626708984,0.00010139017035360414,459079.2304532899,-127.9569459513904,458951.27350733854,0.1275236025353958,0.0,True,True
2011-09-22,1129.56005859375,41.349998474121094,39.150001525878906,-0.0,459079.3579769279,-145.9515813741079,458933.4063955538,0.12752363795907135,0.0,True,True
2011-09-23,1136.4300537109375,41.25,39.54999923706055,0.00010139017035360414,459079.3579769279,-139.6931879831935,458939.6647889447,0.0,0.0,True,True
2011-09-26,1162.949951171875,39.02000045776367,38.029998779296875,0.00020278290372213926,459079.7405480543,-114.6121833965273,458965.12836465775,0.3825711263656809,0.0,True,True
2011-09-27,1175.3800048828125,37.709999084472656,37.209999084472656,0.00010139017035360414,459079.9955988726,-106.3897097991439,458973.60588907346,0.2550508183093427,0.0,True,True
2011-09-28,1151.06005859375,41.08000183105469,39.52000045776367,0.00020278290372213926,459080.1231227231,-115.0232171593274,458965.09990556375,0.12752385050222687,0.0,True,True
2011-09-29,1160.4000244140625,38.84000015258789,38.18000030517578,0.00020278290372213926,459080.3781737539,-101.14992813651573,458979.2282456174,0.2550510308562571,0.0,True,True
2011-09-30,1131.4200439453125,42.959999084472656,41.2400016784668,0.00020278290372213926,458956.3748962451,0.0,458956.3748962451,0.25505117255489546,-91.87145303473264,False,True
2011-10-03,1099.22998046875,45.45000076293945,43.380001068115234,0.00020278290372213926,458957.1398435104,0.0,458957.1398435104,0.7649472653152672,0.0,False,True
2011-10-04,1123.949951171875,40.81999969482422,40.45000076293945,0.00010139017035360414,459165.9153733141,-378.52054709862585,458787.39482621546,0.25498270506613596,0.0,True,True
2011-10-05,1144.030029296875,37.810001373291016,38.310001373291016,-0.0,459166.04292103153,-353.85087528649734,458812.19204574503,0.12754771741121027,0.0,True,False
2011-10-06,1164.969970703125,36.27000045776367,37.040000915527344,0.00010139017035360414,459166.04292103153,-369.28317764240745,458796.75974338915,0.0,0.0,True,False
2011-10-07,1155.4599609375,36.20000076293945,37.310001373291016,0.00010139017035360414,459166.1704687844,-331.01930338337297,458835.15116540104,0.1275477528415845,0.0,True,False
2011-10-10,1194.8900146484375,33.02000045776367,34.790000915527344,0.00010139017035360414,459166.55311225547,-360.82732144750435,458805.725790808,0.3826434710534023,0.0,True,False
2011-10-11,1195.5400390625,32.86000061035156,34.060001373291016,0.00020278290372213926,459166.68066015,-342.2422807440401,458824.438379406,0.12754789456317986,0.0,True,False
2011-10-12,1207.25,31.260000228881836,32.970001220703125,0.00020278290372213926,459166.93575926963,-344.00336343787916,458822.93239583174,0.255099119605992,0.0,True,False
2011-10-13,1203.6600341796875,30.700000762939453,32.709999084472656,0.00020278290372213926,459167.190858531,-303.8058173403725,458863.3850411906,0.255099261331347,0.0,True,False
2011-10-14,1224.5799560546875,28.239999771118164,30.38999938964844,0.00020278290372213926,459167.445957934,-325.5741667968178,458841.8717911372,0.2550994030567808,0.0,True,False
2011-10-17,1200.8599853515625,33.38999938964844,33.599998474121094,0.00040557606002412504,459168.21125699364,-299.6605431863851,458868.5507138073,0.7652990596039131,0.0,True,False
2011-10-18,1225.3800048828125,31.559999465942383,31.979999542236328,0.00040557606002412504,459168.721469973,-358.0556604297505,458810.6658095432,0.5102129793548132,0.0,True,False
2011-10-19,1209.8800048828125,34.439998626708984,34.38999938964844,0.00030417820023607886,459169.23168351926,-337.3897176568037,458831.84196586243,0.5102135462871006,0.0,True,True
2011-10-20,1215.3900146484375,34.779998779296875,34.20000076293945,0.00030417820023607886,459169.61433921434,-358.6360353293423,458810.978303885,0.3826556950773356,0.0,True,True
2011-10-21,1238.25,31.31999969482422,31.969999313354492,0.00020278290372213926,459169.9969952283,-382.4936125223412,458787.50338270597,0.3826560139693059,0.0,True,False
2011-10-24,1254.18994140625,29.260000228881836,30.469999313354492,0.00020278290372213926,459170.76229853975,-379.6334399325103,458791.12885860726,0.7653033114437583,0.0,True,False
2011-10-25,1229.050048828125,32.220001220703125,32.36000061035156,0.00010139017035360414,459171.01739992696,-298.0257030378078,458872.99169688916,0.2551013872408262,0.0,True,False
2011-10-26,1242.0,29.86000061035156,30.940000534057617,0.00020278290372213926,459171.1449490616,-288.4381309174684,458882.7068181441,0.12754913465893458,0.0,True,False
2011-10-27,1284.5899658203125,25.459999084472656,27.030000686645508,0.00020278290372213926,459171.40005066147,-446.77209908462095,458724.62795157684,0.25510159982988234,0.0,True,False
2011-10-28,1285.0899658203125,24.530000686645508,26.520000457763672,0.00010139017035360414,458772.8128395034,0.0,458772.8128395034,0.2551017415566153,-190.32176580105292,False,False
2011-10-31,1253.300048828125,29.959999084472656,30.3700008392334,0.00010139017035360414,458773.19515517214,0.0,458773.19515517214,0.38231566874932627,0.0,False,False
2011-11-01,1218.280029296875,34.77000045776367,34.02000045776367,0.00010139017035360414,458919.91695320135,-316.5943594021118,458603.3225937992,0.1274386270677676,0.0,True,True
2011-11-02,1237.9000244140625,32.7400016784668,32.880001068115234,0.00010139017035360414,458920.044432585,-308.07519721813776,458611.96923536685,0.12747938364356412,0.0,True,False
2011-11-03,1261.1500244140625,30.5,31.6200008392334,0.00010139017035360414,458920.17191200407,-314.40988140582346,458605.76203059824,0.12747941905495652,0.0,True,False
2011-11-04,1253.22998046875,30.15999984741211,31.229999542236328,0.00010139017035360414,458920.2993914585,-272.7347044602371,458647.56468699826,0.12747945446635875,0.0,True,False
2011-11-07,1261.1199951171875,29.850000381469727,31.3799991607666,0.00010139017035360414,458920.6818300343,-260.1027383297459,458660.57909170457,0.3824385758139216,0.0,True,False
2011-11-08,1275.9200439453125,27.479999542236328,29.520000457763672,0.00010139017035360414,458920.8093096304,-239.8219169532825,458680.9873926771,0.127479596112066,0.0,True,False
2011-11-09,1229.0999755859375,36.15999984741211,35.4900016784668,0.00010139017035360414,458920.93678926193,-291.4870216462535,458629.4497676157,0.1274796315235174,0.0,True,True
2011-11-10,1239.699951171875,32.810001373291016,33.75,0.00010139017035360414,458921.0642689289,-240.49051361453974,458680.57375531434,0.12747966693497864,0.0,True,False
2011-11-11,1263.8499755859375,30.040000915527344,31.600000381469727,0.00010139017035360414,458921.19174863124,-229.71616795330004,458691.475580678,0.12747970234644973,0.0,True,False
2011-11-14,1251.780029296875,31.1299991607666,32.720001220703125,0.00010139017035360414,458921.5741879507,-193.60356212000653,458727.9706258307,0.38243931945460763,0.0,True,False
2011-11-15,1257.81005859375,31.219999313354492,32.52000045776367,0.00010139017035360414,458921.70166779467,-196.5846545293519,458725.1170132653,0.12747984399243242,0.0,True,False
2011-11-16,1236.9100341796875,33.5099983215332,34.38999938964844,0.00010139017035360414,458921.8291476741,-188.08143185180086,458733.7477158223,0.12747987940395267,0.0,True,False
2011-11-17,1216.1300048828125,34.5099983215332,35.31999969482422,0.00020278290372213926,458921.9566275889,-171.15899023287037,458750.79763735604,0.12747991481548276,0.0,True,False
2011-11-18,1215.6500244140625,32.0,34.20000076293945,0.00010139017035360414,458922.21159074723,-135.19008278691615,458787.02150796034,0.25496315833553784,0.0,True,False
2011-11-21,1192.97998046875,32.90999984741211,34.779998779296875,0.00020278290372213926,458922.5940309166,-122.98433689111559,458799.6096940255,0.38244016933413333,0.0,True,False
2011-11-22,1188.0400390625,31.969999313354492,34.2400016784668,0.00020278290372213926,458922.84899442905,-113.34298143546866,458809.5060129936,0.2549635124575475,0.0,True,False
2011-11-23,1161.7900390625,33.97999954223633,35.869998931884766,0.00020278290372213926,458923.10395808314,-128.20326889036738,458794.90068919276,0.25496365410756333,0.0,True,False
2011-11-25,1158.6700439453125,34.470001220703125,36.45000076293945,0.00020278290372213926,458793.7553303927,0.0,458793.7553303927,0.5099277331582606,16.73580397846721,False,False
2011-11-28,1192.550048828125,32.130001068115234,33.939998626708984,0.00030417820023607886,458794.5200066183,0.0,458794.5200066183,0.7646762256282955,0.0,False,False
2011-11-29,1195.18994140625,30.63999938964844,33.209999084472656,0.00020278290372213926,458794.90235004167,0.0,458794.90235004167,0.38234342337600136,0.0,False,False
2011-11-30,1246.9599609375,27.799999237060547,30.579999923706055,0.00010139017035360414,458795.1572426125,0.0,458795.1572426125,0.25489257082187533,0.0,False,False
2011-12-01,1244.5799560546875,27.40999984741211,30.030000686645508,0.00010139017035360414,458795.28468734026,0.0,458795.28468734026,0.1274447277255665,0.0,False,False
2011-12-02,1244.280029296875,27.520000457763672,29.850000381469727,0.00020278290372213926,458795.4121321034,0.0,458795.4121321034,0.12744476312733213,0.0,False,False
2011-12-05,1257.0799560546875,27.84000015258789,29.899999618530273,0.00010139017035360414,458796.17681109044,0.0,458796.17681109044,0.7646789870365842,0.0,False,False
2011-12-06,1258.469970703125,28.1299991607666,30.15999984741211,0.00010139017035360414,459007.0715266124,-380.7672705109897,458626.3042561014,0.12744501094265154,0.0,True,False
2011-12-07,1261.010009765625,28.670000076293945,30.6200008392334,0.00020278290372213926,459007.19903020596,-390.8195194100844,458616.3795107959,0.12750359355664423,0.0,True,False
2011-12-08,1234.3499755859375,30.59000015258789,32.09000015258789,0.00010139017035360414,459007.4540407224,-381.20476642747036,458626.24927429494,0.2550105164361506,0.0,True,False
2011-12-09,1255.18994140625,26.3799991607666,29.530000686645508,0.00010139017035360414,459007.5815444222,-303.11007636545025,458704.4714680567,0.1275036998119214,0.0,True,False
2011-12-12,1236.469970703125,25.670000076293945,30.170000076293945,0.00010139017035360414,459007.9640557341,-248.2343880619406,458759.7296676722,0.3825113118910088,0.0,True,False
2011-12-13,1225.72998046875,25.40999984741211,30.170000076293945,0.00010139017035360414,459008.0915595756,-234.66640990189828,458773.42514967365,0.12750384148456828,0.0,True,False
2011-12-14,1211.8199462890625,26.040000915527344,30.420000076293945,0.00010139017035360414,459008.2190634525,-240.8306676153252,458767.38839583716,0.1275038769027546,0.0,True,False
2011-12-15,1215.75,25.11000061035156,29.459999084472656,-0.0,459008.3465673648,-214.9553562923084,458793.3912110725,0.12750391232095076,0.0,True,False
2011-12-16,1219.6600341796875,24.290000915527344,29.030000686645508,-0.0,459008.3465673648,-194.0924852426997,458814.2540821221,0.0,0.0,True,False
2011-12-19,1205.3499755859375,24.920000076293945,28.739999771118164,0.00010139017035360414,459008.3465673648,-188.72434302240538,458819.6222243424,0.0,0.0,True,False
2011-12-20,1241.300048828125,23.219999313354492,26.8700008392334,0.00010139017035360414,459008.4740713126,-140.37269928612582,458868.10137202643,0.12750394773915677,0.0,True,False
2011-12-21,1243.719970703125,21.43000030517578,25.559999465942383,0.00010139017035360414,459008.60157529573,-119.74752983711126,458888.8540454586,0.1275039831573726,0.0,True,False
2011-12-22,1254.0,21.15999984741211,25.280000686645508,0.00010139017035360414,459008.72907931433,-110.48568664388408,458898.24339267047,0.12750401857559826,0.0,True,False
2011-12-23,1265.3299560546875,20.729999542236328,25.219999313354492,0.00010139017035360414,458896.86519855016,0.0,458896.86519855016,0.1275040539938338,98.77588569285513,False,False
2011-12-27,1265.4300537109375,21.90999984741211,25.540000915527344,0.00020278290372213926,458897.3750906837,0.0,458897.3750906837,0.509892133536619,0.0,False,False
2011-12-28,1249.6400146484375,23.520000457763672,26.75,0.00010139017035360414,458897.6300401853,0.0,458897.6300401853,0.2549495015771379,0.0,False,False
2011-12-29,1263.02001953125,22.649999618530273,26.25,0.00020278290372213926,458897.75751337805,0.0,458897.75751337805,0.1274731927552857,0.0,False,False
2011-12-30,1257.5999755859375,23.399999618530273,26.86000061035156,0.00020278290372213926,458898.0124630921,0.0,458898.0124630921,0.25494971403961997,0.0,False,False
2012-01-03,1277.06005859375,22.969999313354492,26.049999237060547,0.00020278290372213926,459038.93833494536,-309.9060715806064,458729.03226336476,1.0198002726409794,0.0,True,False
2012-01-04,1277.300048828125,22.219999313354492,25.309999465942383,0.00020278290372213926,459039.19336309517,-277.06835813626424,458762.1250049589,0.255028149833862,0.0,True,False
2012-01-05,1281.06005859375,21.479999542236328,24.700000762939453,0.00020278290372213926,459039.4483913867,-253.45862491597399,458785.98976647074,0.25502829151978834,0.0,True,False
2012-01-06,1277.81005859375,20.6299991607666,24.09000015258789,0.00020278290372213926,459039.70341981994,-220.8004333829762,458818.90298643697,0.25502843320579344,0.0,True,False
2012-01-09,1280.699951171875,21.06999969482422,24.1200008392334,0.00010139017035360414,459040.46850596974,-203.18540825060643,458837.28309771913,0.7650861498143566,0.0,True,False
2012-01-10,1292.0799560546875,20.690000534057617,23.68000030517578,0.00020278290372213926,459040.5960188403,-198.7444046980346,458841.8516141423,0.12751287061389704,0.0,True,False
2012-01-11,1292.47998046875,21.049999237060547,24.11000061035156,0.00020278290372213926,459040.8510479111,-198.83551628913693,458842.015531622,0.255029070792895,0.0,True,False
2012-01-12,1295.5,20.469999313354492,24.040000915527344,0.00030417820023607886,459041.10607712355,-183.81739362330828,458857.28868350026,0.25502921247933297,0.0,True,False
2012-01-13,1289.0899658203125,20.90999984741211,24.670000076293945,0.00030417820023607886,459041.4886260432,-176.27555576543756,458865.21307027776,0.38254891964555676,0.0,True,False
2012-01-17,1293.6700439453125,22.200000762939453,25.0,0.00030417820023607886,459043.01882490976,-165.02492229703478,458877.9939026127,1.5301988665691317,0.0,True,False
2012-01-18,1308.0400390625,20.88999938964844,24.18000030517578,0.00030417820023607886,459043.4013754234,-151.731507170675,458891.66986825276,0.3825505136631501,0.0,True,False
2012-01-19,1314.5,19.8700008392334,23.649999618530273,0.000506976483216771,459043.7839262559,-134.29678303564992,458909.48714322026,0.38255083246746585,0.0,True,False
2012-01-20,1315.3800048828125,18.280000686645508,22.81999969482422,0.000506976483216771,459044.42152780335,-105.55308005529753,458938.8684477481,0.6376015474826447,0.0,True,False
2012-01-23,1316.0,18.670000076293945,22.31999969482422,0.00040557606002412504,459046.3343377596,-94.82108953813915,458951.5132482214,1.9128099562567613,0.0,True,False
2012-01-24,1314.6500244140625,18.90999984741211,22.030000686645508,0.00040557606002412504,459046.8444153132,-92.90089914908555,458953.94351616414,0.5100775536337975,0.0,True,False
2012-01-25,1326.06005859375,18.309999465942383,21.36000061035156,0.00040557606002412504,459047.3544934336,-91.18496563292122,458956.1695278007,0.5100781204156042,0.0,True,False
2012-01-26,1318.4300537109375,18.56999969482422,21.68000030517578,0.000506976483216771,459047.86457212083,-86.1874682725577,458961.67710384825,0.5100786871980406,0.0,True,False
2012-01-27,1316.3299560546875,18.530000686645508,21.399999618530273,0.0006083794699427381,458954.38300005737,0.0,458954.38300005737,0.6376072154084709,45.7868923017551,False,False
2012-01-30,1313.010009765625,19.399999618530273,21.920000076293945,0.000506976483216771,458956.67795174796,0.0,458956.67795174796,2.2949516906089458,0.0,False,False
2012-01-31,1312.4100341796875,19.440000534057617,22.09000015258789,0.0006083794699427381,459096.7502445666,-309.4348122594108,458787.3154323072,0.6374805592325345,0.0,True,False
2012-02-01,1324.0899658203125,18.549999237060547,21.540000915527344,0.0006083794699427381,459097.5154644853,-300.3642888196825,458797.1511756656,0.7652199186925261,0.0,True,False
2012-02-02,1325.5400390625,17.979999542236328,21.010000228881836,0.0008111931345149166,459098.2806856794,-272.2736802930004,458826.0070053864,0.7652211941568453,0.0,True,False
2012-02-03,1344.9000244140625,17.100000381469727,20.049999237060547,0.0008111931345149166,459099.3010083841,-291.7145244151857,458807.5864839689,1.0203227047009016,0.0,True,False
2012-02-06,1344.3299560546875,17.760000228881836,20.38999938964844,0.0008111931345149166,459102.36199010373,-273.09589065901633,458829.2660994447,3.0609817196444697,0.0,True,False
2012-02-07,1347.050048828125,17.649999618530273,20.13999938964844,0.0008111931345149166,459103.3823218789,-265.5073099463425,458837.87501193257,1.0203317751935261,0.0,True,False
2012-02-08,1349.9599609375,18.15999984741211,20.68000030517578,0.0009126038126204015,459104.40265592176,-286.064484688649,458818.33817123313,1.0203340428292815,0.0,True,False
2012-02-09,1351.949951171875,18.6299991607666,21.34000015258789,0.0009126038126204015,459105.5505489411,-302.8270398947508,458802.7235090463,1.1478930193074852,0.0,True,False
2012-02-10,1342.6400146484375,20.790000915527344,23.280000686645508,0.0009126038126204015,459106.6984448304,-327.288393371025,458779.4100514594,1.1478958893701032,0.0,True,False
2012-02-13,1351.77001953125,19.040000915527344,22.1200008392334,0.001115432861117531,459110.1421497189,-258.3326095920742,458851.8095401268,3.4437048884569292,0.0,True,False
2012-02-14,1350.5,19.540000915527344,22.81999969482422,0.0012168512317685082,459111.5451834776,-254.57991729422912,458856.96526618337,1.4030337587034059,0.0,True,False
2012-02-15,1343.22998046875,21.13999938964844,24.1200008392334,0.001115432861117531,459113.0757899996,-261.7860912254801,458851.28969877417,1.5306065220291198,0.0,True,False
2012-02-16,1358.0400390625,19.219999313354492,23.170000076293945,0.0010140170547777556,459114.4788327235,-241.7553137620504,458872.72351896146,1.4030427238644247,0.0,True,False
2012-02-17,1361.22998046875,17.780000686645508,22.38999938964844,0.0009126038126204015,459115.7543137052,-187.6447811218362,458928.1095325834,1.275480981705784,0.0,True,False
2012-02-21,1362.2099609375,18.190000534057617,22.350000381469727,0.0008111931345149166,459120.3460165328,-137.12463416428886,458983.22138236853,4.591702827580265,0.0,True,False
2012-02-22,1357.6600341796875,18.190000534057617,22.09000015258789,0.0009126038126204015,459121.36638827657,-115.8270005235589,459005.539387753,1.020371743782518,0.0,True,False
2012-02-23,1363.4599609375,16.799999237060547,20.780000686645508,0.0009126038126204015,459122.51432371006,-96.2326042379398,459026.28171947214,1.14793543351619,0.0,True,False
2012-02-24,1365.739990234375,17.309999465942383,21.18000030517578,0.0010140170547777556,459016.63601556123,0.0,459016.63601556123,1.1479383036848556,32.4085658068854,False,False
2012-02-27,1367.5899658203125,18.190000534057617,21.8700008392334,0.0012168512317685082,459020.4616536734,0.0,459020.4616536734,3.825638112141457,0.0,False,False
2012-02-28,1372.1800537109375,17.959999084472656,21.600000381469727,0.0010140170547777556,459021.99195653707,0.0,459021.99195653707,1.5303028636998306,0.0,False,False
2012-02-29,1365.6800537109375,18.43000030517578,21.799999237060547,0.0008111931345149166,459023.26718057797,0.0,459023.26718057797,1.2752240408836755,0.0,False,False
2012-03-01,1374.0899658203125,17.260000228881836,21.030000686645508,0.0008111931345149166,459024.28733656893,0.0,459024.28733656893,1.0201559909804758,0.0,False,False
2012-03-02,1369.6300048828125,17.290000915527344,21.260000228881836,0.0007097850203325396,459025.30749482714,0.0,459025.30749482714,1.0201582582255597,0.0,False,False
2012-03-05,1364.3299560546875,18.049999237060547,21.989999771118164,0.0008111931345149166,459027.9853871908,0.0,459027.9853871908,2.6778923636865586,0.0,False,False
2012-03-06,1343.3599853515625,20.8700008392334,23.899999618530273,0.0008111931345149166,459282.246487497,-423.2409338292416,458859.0055536678,1.0201664769559957,0.0,True,False
2012-03-07,1352.6300048828125,19.06999969482422,22.719999313354492,0.0008111931345149166,459283.2672190564,-375.7112312235495,458907.55598783283,1.020731559389276,0.0,True,False
2012-03-08,1365.9100341796875,17.950000762939453,21.84000015258789,0.0008111931345149166,459284.2879528843,-370.01546865554246,458914.2724842287,1.0207338279135316,0.0,True,False
2012-03-09,1370.8699951171875,17.110000610351562,21.219999313354492,0.0009126038126204015,459285.3086889807,-344.38974306763754,458940.9189459131,1.020736096442829,0.0,True,False
2012-03-12,1371.0899658203125,15.640000343322754,20.809999465942383,0.0009126038126204015,459288.7537336034,-256.54764511531624,459032.2060884881,3.445044622712588,0.0,True,False
2012-03-13,1395.949951171875,14.800000190734863,19.600000381469727,0.0008111931345149166,459289.9020875534,-326.597740006564,458963.30434754683,1.148353950010716,0.0,True,False
2012-03-14,1394.280029296875,15.3100004196167,20.75,0.0009126038126204015,459290.922836127,-332.2767956215745,458958.64604050544,1.0207485735731323,0.0,True,False
2012-03-15,1402.5999755859375,15.420000076293944,20.540000915527344,0.0008111931345149166,459292.0711955004,-372.37961252372173,458919.69158297667,1.1483593733907373,0.0,True,False
2012-03-16,1404.1700439453125,14.470000267028809,20.3700008392334,0.0009126038126204015,459293.09194889467,-326.3767013154353,458966.7152475792,1.0207533943058171,0.0,True,False
2012-03-19,1409.75,15.039999961853027,19.940000534057617,0.0010140170547777556,459296.5370518987,-318.98307890965674,458977.5539729891,3.445103004021997,0.0,True,False
2012-03-20,1405.52001953125,15.579999923706056,19.959999084472656,0.0010140170547777556,459297.8130386623,-287.10989486981254,459010.7031437925,1.2759867636116642,0.0,True,False
2012-03-21,1402.8900146484375,15.130000114440918,19.25,0.0009126038126204015,459299.0890289708,-228.77860245406535,459070.31042651675,1.2759903084723143,0.0,True,False
2012-03-22,1392.780029296875,15.56999969482422,19.549999237060547,0.0008111931345149166,459300.23740876204,-176.28206920245185,459123.9553395596,1.1483797912209857,0.0,True,False
2012-03-23,1397.1099853515625,14.81999969482422,18.63999938964844,0.0008111931345149166,459301.25818030536,-155.86465899442985,459145.39352131094,1.020771543301692,0.0,True,False
2012-03-26,1416.510009765625,14.260000228881836,17.43000030517578,0.0009126038126204015,459304.3205085468,-187.24287279972992,459117.07763574703,3.0623282414319006,0.0,True,False
2012-03-27,1412.52001953125,15.59000015258789,18.56999969482422,0.0009126038126204015,459305.4689014182,-196.3488390026332,459109.12006241555,1.1483928714242058,0.0,True,False
2012-03-28,1405.5400390625,15.470000267028809,18.790000915527344,0.0009126038126204015,459306.61729716096,-135.27040596801584,459171.34689119295,1.1483957427365976,0.0,True,False
2012-03-29,1403.280029296875,15.479999542236328,18.84000015258789,0.0007097850203325396,459183.5905001602,0.0,459183.5905001602,1.1483986140561686,129.06573821439528,False,False
2012-03-30,1408.469970703125,15.5,18.61000061035156,0.0007097850203325396,459184.48343701224,0.0,459184.48343701224,0.892936852068457,0.0,False,False
2012-04-02,1419.0400390625,15.640000343322754,18.459999084472656,0.0008111931345149166,459187.16225798713,0.0,459187.16225798713,2.6788209748831533,0.0,False,False
2012-04-03,1413.3800048828125,15.65999984741211,18.809999465942383,0.0008111931345149166,459548.86637834786,-530.6836001212391,459018.1827782266,1.020520239499158,0.0,True,False
2012-04-04,1398.9599609375,16.440000534057617,19.450000762939453,0.0008111931345149166,459549.88770245644,-512.6372351279481,459037.2504673285,1.0213241086093552,0.0,True,False
2012-04-05,1398.0799560546875,16.700000762939453,19.81999969482422,0.0008111931345149166,459550.9090288349,-513.577929258621,459037.33109957626,1.0213263784505215,0.0,True,False
2012-04-09,1382.199951171875,18.809999465942383,21.209999084472656,0.0009126038126204015,459554.9943570471,-535.5214515880436,459019.47290545906,4.085328212164347,0.0,True,False
2012-04-10,1358.5899658203125,20.38999938964844,22.6200008392334,0.0009126038126204015,459556.1433766752,-636.6691662525532,458919.47421042266,1.149019628125191,0.0,True,False
2012-04-11,1368.7099609375,20.020000457763672,22.469999313354492,0.0009126038126204015,459557.2923991762,-580.308776021292,458976.9836231549,1.1490225010046549,0.0,True,False
2012-04-12,1387.5699462890625,17.200000762939453,20.25,0.0009126038126204015,459558.44142455014,-407.09951956727394,459151.34190498287,1.1490253738913019,0.0,True,False
2012-04-13,1370.260009765625,19.549999237060547,21.989999771118164,0.0009126038126204015,459559.5904527969,-519.3904818516344,459040.19997094525,1.1490282467851318,0.0,True,False
2012-04-16,1369.5699462890625,19.549999237060547,22.040000915527344,0.0008111931345149166,459563.0375547746,-468.9609703097621,459094.07658446487,3.447101977689259,0.0,True,False
2012-04-17,1390.780029296875,18.459999084472656,20.850000381469727,0.0008111931345149166,459564.05891037796,-367.3361596152911,459196.72275076265,1.021355603332095,0.0,True,False
2012-04-18,1385.1400146484375,18.63999938964844,21.1200008392334,0.0007097850203325396,459565.0802682512,-361.60870038678564,459203.4715678644,1.0213578732432569,0.0,True,False
2012-04-19,1376.9200439453125,18.36000061035156,21.229999542236328,0.0007097850203325396,459565.9739469553,-348.78047367623554,459217.19347327907,0.893678704085086,0.0,True,False
2012-04-20,1378.530029296875,17.440000534057617,20.479999542236328,0.0008111931345149166,459566.86762739724,-295.7610719314129,459271.10655546584,0.8936804419491241,0.0,True,False
2012-04-23,1366.93994140625,18.969999313354492,21.38999938964844,0.0008111931345149166,459569.9317265533,-331.89837347840563,459238.0333530749,3.0640991560473823,0.0,True,False
2012-04-24,1371.969970703125,18.100000381469727,20.510000228881836,0.0009126038126204015,459570.9530974786,-271.7898112858639,459299.16328619275,1.021370925280122,0.0,True,False
2012-04-25,1390.68994140625,16.81999969482422,19.459999084472656,0.0009126038126204015,459383.20057126094,0.0,459383.20057126094,1.149059529565108,171.7820143739743,False,False
2012-04-26,1399.97998046875,16.239999771118164,18.549999237060547,0.0009126038126204015,459384.3491613552,0.0,459384.3491613552,1.1485900942624714,0.0,False,False
2012-04-27,1403.3599853515625,16.31999969482422,18.739999771118164,0.0009126038126204015,459385.49775432126,0.0,459385.49775432126,1.1485929660679772,0.0,False,False
2012-04-30,1397.9100341796875,17.149999618530273,19.31999969482422,0.0010140170547777556,459388.94355045026,0.0,459388.94355045026,3.4457961290078605,0.0,False,False
2012-05-01,1405.8199462890625,16.600000381469727,19.1299991607666,0.0009126038126204015,459709.2579714039,-489.0381774724662,459220.2197939314,1.2762434811340306,0.0,True,False
2012-05-02,1402.31005859375,16.8799991607666,19.010000228881836,0.0008111931345149166,459710.4073767354,-463.70397624622257,459246.7034004892,1.1494053315186434,0.0,True,False
2012-05-03,1391.5699462890625,17.559999465942383,19.5,0.0009126038126204015,459711.4290598607,-455.33620470085793,459256.09285515983,1.0216831253064962,0.0,True,False
2012-05-04,1369.0999755859375,19.15999984741211,20.719999313354492,0.0007097850203325396,459712.57847062056,-505.3353249328974,459207.2431456877,1.1494107598640686,0.0,True,False
2012-05-07,1369.5799560546875,18.940000534057617,20.450000762939453,0.0010140170547777556,459715.26037243137,-452.6339667875944,459262.62640564376,2.6819018108081236,0.0,True,False
2012-05-08,1363.719970703125,19.049999237060547,20.809999465942383,0.0009126038126204015,459716.53752246394,-456.7734635154488,459259.7640589485,1.277150032592625,0.0,True,False
2012-05-09,1354.5799560546875,20.079999923706055,21.530000686645508,0.0009126038126204015,459717.6869459964,-504.0779590667998,459213.60898692964,1.149423532489484,0.0,True,False
2012-05-10,1357.989990234375,18.829999923706055,20.8700008392334,0.0010140170547777556,459718.8363724028,-437.8230016081111,459281.01337079465,1.1494264063788249,0.0,True,False
2012-05-11,1353.3900146484375,19.88999938964844,21.549999237060547,0.0010140170547777556,459720.11353236996,-475.3873682718369,459244.72616409813,1.2771599671953535,0.0,True,False
2012-05-14,1338.3499755859375,21.8700008392334,22.969999313354492,0.0010140170547777556,459723.9450335602,-563.2796560393093,459160.6653775209,3.8315011902701697,0.0,True,False
2012-05-15,1330.6600341796875,21.969999313354492,23.920000076293945,0.0009126038126204015,459725.2222077199,-593.5870746532672,459131.6351330667,1.2771741597343578,0.0,True,False
2012-05-16,1324.800048828125,22.270000457763672,24.920000076293945,0.0010140170547777556,459726.3716529666,-622.7356993158403,459103.63595365075,1.1494452466998522,0.0,True,False
2012-05-17,1304.8599853515625,24.489999771118164,26.40999984741211,0.0010140170547777556,459727.6488338678,-822.1116239574659,458905.53720991034,1.2771809012052662,0.0,True,False
2012-05-18,1295.219970703125,25.100000381469727,27.65999984741211,0.0008111931345149166,459728.9260183172,-908.736885788684,458820.1891325285,1.277184449383389,0.0,True,False
2012-05-21,1315.989990234375,22.010000228881836,24.709999084472656,0.0009126038126204015,459731.99119797535,-583.5639438869185,459148.42725408846,3.065179658176293,0.0,True,False
2012-05-22,1316.6300048828125,22.479999542236328,25.229999542236328,0.0009126038126204015,459733.1406601465,-572.3711653998026,459160.7694947467,1.1494621711218724,0.0,True,False
2012-05-23,1318.8599853515625,22.329999923706055,25.11000061035156,0.0009126038126204015,459734.2901251916,-528.5670125199405,459205.7231126717,1.1494650451078212,0.0,True,False
2012-05-24,1320.6800537109375,21.540000915527344,24.780000686645508,0.0010140170547777556,459735.4395931107,-456.63925688860513,459278.8003362221,1.1494679191009556,0.0,True,False
2012-05-25,1317.8199462890625,21.760000228881836,24.93000030517578,0.0009126038126204015,459269.54145897744,0.0,459269.54145897744,1.277206093146994,-148.13716275390811,False,False
2012-05-29,1332.4200439453125,21.030000686645508,23.88999938964844,0.0009126038126204015,459274.13469985913,0.0,459274.13469985913,4.593240881683522,0.0,False,False
2012-05-30,1313.3199462890625,24.13999938964844,26.190000534057617,0.0007097850203325396,459275.28301725734,0.0,459275.28301725734,1.1483173982227415,0.0,False,False
2012-05-31,1310.3299560546875,24.059999465942383,26.219999313354492,0.0007097850203325396,459276.17613241635,0.0,459276.17613241635,0.8931151590229494,0.0,False,False
2012-06-01,1278.0400390625,26.65999984741211,28.469999313354492,0.0007097850203325396,459277.06924931216,0.0,459277.06924931216,0.8931168957911073,0.0,False,False
2012-06-04,1278.1800537109375,26.1200008392334,28.1200008392334,0.0008111931345149166,459279.7486104203,0.0,459279.7486104203,2.6793611081518325,0.0,False,False
2012-06-05,1285.5,24.68000030517578,26.8700008392334,0.0008111931345149166,459509.28455862973,-398.51522220140964,459110.7693364283,1.0207260079838316,0.0,True,False
2012-06-06,1315.1300048828125,22.15999984741211,24.709999084472656,0.0009126038126204015,459510.3057947697,-396.66650555533664,459113.6392892144,1.0212361400173329,0.0,True,False
2012-06-07,1314.989990234375,21.719999313354492,24.469999313354492,0.0009126038126204015,459511.4547026636,-368.92086257363303,459142.53384009,1.1489078938695743,0.0,True,False
2012-06-08,1325.6600341796875,21.229999542236328,23.63999938964844,0.0009126038126204015,459512.60361343005,-377.52929177531513,459135.07432165474,1.1489107664696705,0.0,True,False
2012-06-11,1308.9300537109375,23.559999465942383,25.5,0.0009126038126204015,459516.05036296503,-348.29257575345196,459167.75778721157,3.4467495349804746,0.0,True,False
2012-06-12,1324.1800537109375,22.09000015258789,24.940000534057617,0.0010140170547777556,459517.199285222,-354.2187003134745,459162.9805849085,1.1489222569418782,0.0,True,False
2012-06-13,1314.8800048828125,24.270000457763672,26.5,0.0010140170547777556,459518.4758850146,-372.33063069657277,459146.145254318,1.2765997925945447,0.0,True,False
2012-06-14,1329.0999755859375,21.68000030517578,25.0,0.001115432861117531,459519.75248835376,-336.0902177761932,459183.66227057757,1.2766033391582707,0.0,True,False
2012-06-15,1342.8399658203125,21.11000061035156,23.670000076293945,0.0009126038126204015,459521.1567738756,-364.6046943126033,459156.552079563,1.404285521799572,0.0,True,False
2012-06-18,1344.780029296875,18.31999969482422,22.1299991607666,0.0010140170547777556,459524.6035875668,-230.36223556628093,459294.24135200056,3.4468136912224505,0.0,True,False
2012-06-19,1357.97998046875,18.3799991607666,21.920000076293945,0.0009126038126204015,459525.8802079295,-288.4593770868313,459237.4208308427,1.2766203627295742,0.0,True,False
2012-06-20,1355.68994140625,17.239999771118164,20.84000015258789,0.0009126038126204015,459527.0291547639,-215.60202575441235,459311.4271290095,1.1489468343808014,0.0,True,False
2012-06-21,1325.510009765625,20.079999923706055,23.15999984741211,0.0009126038126204015,459528.178104471,-168.49154093226838,459359.68656353874,1.14894970707826,0.0,True,False
2012-06-22,1335.02001953125,18.11000061035156,21.510000228881836,0.0009126038126204015,459529.3270570508,-137.62852918330256,459391.6985278675,1.148952579782901,0.0,True,False
2012-06-25,1313.719970703125,20.3799991607666,23.030000686645508,0.0010140170547777556,459406.4456191613,0.0,459406.4456191613,3.446874975547436,102.18690933633576,False,False
2012-06-26,1319.989990234375,19.719999313354492,22.469999313354492,0.0010140170547777556,459407.7219112655,0.0,459407.7219112655,1.2762921042047695,0.0,False,False
2012-06-27,1331.8499755859375,19.450000762939453,22.36000061035156,0.0009126038126204015,459408.99820691545,0.0,459408.99820691545,1.2762956499136962,0.0,False,False
2012-06-28,1329.0400390625,19.709999084472656,22.25,0.0009126038126204015,459410.1468615112,0.0,459410.1468615112,1.1486545957695604,0.0,False,False
2012-06-29,1362.1600341796875,17.079999923706055,20.31999969482422,0.0009126038126204015,459411.29551897896,0.0,459411.29551897896,1.1486574677363384,0.0,False,False
2012-07-02,1365.510009765625,16.799999237060547,19.790000915527344,0.0010140170547777556,459414.7415086139,0.0,459414.7415086139,3.4459896349805765,0.0,False,False
2012-07-03,1374.02001953125,16.65999984741211,19.31999969482422,0.0009126038126204015,459663.0311343776,-417.01331061237596,459246.0178237652,1.276315151287166,0.0,True,False
2012-07-05,1367.5799560546875,17.5,20.11000061035156,0.0008111931345149166,459665.3297167534,-414.3026005513664,459251.02711620205,2.298582375825275,0.0,True,False
2012-07-06,1354.6800537109375,17.100000381469727,20.040000915527344,0.0008111931345149166,459666.3512996959,-368.4950400110185,459297.8562596849,1.021582942487502,0.0,True,False
2012-07-09,1352.4599609375,17.979999542236328,20.3700008392334,0.0009126038126204015,459669.4160621457,-355.6771889341063,459313.7388732116,3.0647624498089727,0.0,True,False
2012-07-10,1341.469970703125,18.719999313354492,20.8700008392334,0.0009126038126204015,459670.565367861,-374.9777531664173,459295.5876146946,1.1493057152892001,0.0,True,False
2012-07-11,1341.449951171875,17.950000762939453,20.25,0.0010140170547777556,459671.7146764499,-335.3748438646488,459336.33983258525,1.1493085888839643,0.0,True,False
2012-07-12,1334.760009765625,18.329999923706055,20.690000534057617,0.0010140170547777556,459672.99170550675,-348.38039596288013,459324.6113095439,1.2770290568673532,0.0,True,False
2012-07-13,1356.780029296875,16.739999771118164,19.38999938964844,0.0010140170547777556,459674.26873811136,-258.5321972967015,459415.7365408147,1.2770326046236324,0.0,True,False
2012-07-16,1353.6400146484375,17.110000610351562,19.61000061035156,0.0010140170547777556,459678.0998572118,-235.12566444347493,459442.97419276834,3.831119100432029,0.0,True,False
2012-07-17,1363.6700439453125,16.479999542236328,18.920000076293945,0.0010140170547777556,459679.3769040076,-200.0295227884875,459479.3473812191,1.2770467957473104,0.0,True,False
2012-07-18,1372.780029296875,16.15999984741211,18.940000534057617,0.0009126038126204015,459680.65395435115,-180.0013758747813,459500.65257847635,1.2770503435528706,0.0,True,False
2012-07-19,1376.510009765625,15.449999809265137,18.61000061035156,0.0009126038126204015,459681.8032881644,-152.89144564622077,459528.91184251814,1.149333813251101,0.0,True,False
2012-07-20,1362.6600341796875,16.270000457763672,19.63999938964844,0.0009126038126204015,459682.9526248513,-162.4717229499872,459520.4809019013,1.1493366869161181,0.0,True,False
2012-07-23,1350.52001953125,18.6200008392334,21.18000030517578,0.0010140170547777556,459686.400652154,-188.29320606354833,459498.10744609043,3.4480273027093324,0.0,True,False
2012-07-24,1338.31005859375,20.469999313354492,22.260000228881836,0.0010140170547777556,459687.67772201047,-240.39805998874692,459447.2796620217,1.2770698564578085,0.0,True,False
2012-07-25,1337.8900146484375,19.34000015258789,21.8799991607666,0.0010140170547777556,459688.9547954148,-196.19725482411087,459492.7575405907,1.2770734043274343,0.0,True,False
2012-07-26,1360.02001953125,17.530000686645508,20.239999771118164,0.001115432861117531,459552.6758182572,0.0,459552.6758182572,1.2770769522069165,109.4572565025386,False,False
2012-07-27,1385.969970703125,16.700000762939453,19.65999984741211,0.001115432861117531,459554.0802043922,0.0,459554.0802043922,1.4043861350055604,0.0,False,False
2012-07-30,1385.300048828125,18.030000686645508,20.1299991607666,0.001115432861117531,459558.29338854796,0.0,459558.29338854796,4.2131841557589516,0.0,False,False
2012-07-31,1379.3199462890625,18.93000030517578,20.780000686645508,0.001115432861117531,459559.6977918502,0.0,459559.6977918502,1.4044033022167288,0.0,False,False
2012-08-01,1375.3199462890625,18.959999084472656,20.670000076293945,0.0010140170547777556,459561.10219944426,0.0,459561.10219944426,1.4044075940523102,0.0,False,False
2012-08-02,1365.0,17.56999969482422,20.229999542236328,0.0009126038126204015,459562.378921205,0.0,459562.378921205,1.2767217607195194,0.0,False,False
2012-08-03,1390.989990234375,15.640000343322754,18.68000030517578,0.0009126038126204015,459563.52795929665,0.0,459563.52795929665,1.149038091658972,0.0,False,False
2012-08-06,1394.22998046875,15.949999809265137,18.739999771118164,0.0010140170547777556,459566.9750908091,0.0,459566.9750908091,3.447131512458469,0.0,False,False
2012-08-07,1401.3499755859375,15.989999771118164,18.809999465942383,0.001115432861117531,459895.8819942044,-497.6301653189256,459398.2518288855,1.2767380763915117,0.0,True,False
2012-08-08,1402.219970703125,15.31999969482422,18.579999923706055,0.001115432861117531,459897.2874291724,-453.1065944114448,459444.18083476095,1.405434967969247,0.0,True,False
2012-08-09,1402.800048828125,15.279999732971191,18.229999542236328,0.001115432861117531,459898.69286843535,-424.29735640885326,459474.3955120265,1.4054392629575836,0.0,True,False
2012-08-10,1405.8699951171875,14.739999771118164,18.13999938964844,0.0010140170547777556,459900.0983119933,-397.98385385712606,459502.11445813614,1.4054435579590456,0.0,True,False
2012-08-13,1404.1099853515625,13.699999809265137,18.06999969482422,0.001115432861117531,459903.9313132526,-301.0791437843145,459602.8521694683,3.833001259284028,0.0,True,False
2012-08-14,1403.9300537109375,14.850000381469728,18.510000228881836,0.001115432861117531,459905.33677281917,-330.0454713290118,459575.29130149016,1.4054595665684118,0.0,True,False
2012-08-15,1405.530029296875,14.630000114440918,18.86000061035156,0.0009126038126204015,459906.7422366808,-314.571131799936,459592.17110488086,1.405463861631921,0.0,True,False
2012-08-16,1415.510009765625,14.289999961853027,18.549999237060547,0.0009126038126204015,459907.8921357798,-313.3445479845231,459594.54758779524,1.1498990989672302,0.0,True,False
2012-08-17,1418.1600341796875,13.449999809265137,18.350000381469727,0.0009126038126204015,459909.04203775385,-266.33073095432877,459642.71130679955,1.1499019740456242,0.0,True,False
2012-08-20,1418.1300048828125,14.020000457763672,18.59000015258789,0.001115432861117531,459912.49176092644,-226.56881280167332,459685.92294812476,3.4497231725780977,0.0,True,False
2012-08-21,1413.1700439453125,15.020000457763672,18.799999237060547,0.001115432861117531,459913.8972466536,-231.92583718665736,459681.971409467,1.4054857271690462,0.0,True,False
2012-08-22,1413.489990234375,15.109999656677246,19.420000076293945,0.001115432861117531,459915.30273667595,-216.84827994287295,459698.4544567331,1.405490022312502,0.0,True,False
2012-08-23,1402.0799560546875,15.960000038146973,20.09000015258789,0.001115432861117531,459916.7082309934,-207.61360612552576,459709.0946248679,1.405494317469084,0.0,True,False
2012-08-24,1411.1300048828125,15.18000030517578,19.239999771118164,0.0010140170547777556,459918.11372960603,-176.00784890269267,459742.10588070337,1.4054986126387916,0.0,True,False
2012-08-27,1410.43994140625,16.350000381469727,19.920000076293945,0.001115432861117531,459751.0531769997,0.0,459751.0531769997,3.8331514073676,156.7364613051816,False,False
2012-08-28,1409.300048828125,16.489999771118164,19.81999969482422,0.0010140170547777556,459752.4581693729,0.0,459752.4581693729,1.4049923732602303,0.0,False,False
2012-08-29,1410.489990234375,17.059999465942383,20.459999084472656,0.0012168512317685082,459753.7354227459,0.0,459753.7354227459,1.2772533730115134,0.0,False,False
2012-08-30,1399.47998046875,17.829999923706055,20.920000076293945,0.0010140170547777556,459755.2681702304,0.0,459755.2681702304,1.5327474844573565,0.0,False,False
2012-08-31,1406.5799560546875,17.469999313354492,20.6200008392334,0.0009126038126204015,459756.54543140996,0.0,459756.54543140996,1.2772611795669968,0.0,False,False
2012-09-04,1404.93994140625,17.979999542236328,20.68000030517578,0.0010140170547777556,460094.3244505621,-503.1809076523547,459591.14354290976,4.5981114998146815,0.0,True,False
2012-09-05,1403.43994140625,17.739999771118164,19.989999771118164,0.001115432861117531,460095.6026536851,-451.5937254013838,459644.0089282837,1.2782031229323871,0.0,True,False
2012-09-06,1432.1199951171875,15.600000381469728,18.6200008392334,0.001115432861117531,460097.0086989964,-461.0560236316107,459635.9526753648,1.4060453113309723,0.0,True,False
2012-09-07,1437.9200439453125,14.380000114440918,17.59000015258789,0.001115432861117531,460098.4147486046,-403.08586317399346,459695.3288854306,1.406049608184509,0.0,True,False
2012-09-10,1429.0799560546875,16.280000686645508,18.299999237060547,0.0010140170547777556,460102.6329232104,-384.52718169143935,459718.10574151896,4.218174605797145,0.0,True,False
2012-09-11,1433.56005859375,16.40999984741211,18.290000915527344,0.0010140170547777556,460103.91114941536,-398.9210102898045,459704.99013912556,1.2782262049725719,0.0,True,False
2012-09-12,1436.56005859375,15.800000190734863,17.600000381469727,0.0010140170547777556,460105.1893791714,-359.66584997706576,459745.52352919435,1.2782297560546874,0.0,True,False
2012-09-13,1459.989990234375,14.050000190734863,16.450000762939453,0.0010140170547777556,460106.46761247853,-427.4288815212112,459679.0387309573,1.2782333071466683,0.0,True,False
2012-09-14,1465.77001953125,14.510000228881836,16.899999618530273,0.001115432861117531,460107.7458493368,-505.349967321592,459602.3958820152,1.2782368582485146,0.0,True,False
2012-09-17,1461.18994140625,14.59000015258789,17.1299991607666,0.001115432861117531,460111.96410949,-390.3739211284981,459721.5901883615,4.218260153173295,0.0,True,False
2012-09-18,1459.3199462890625,14.18000030517578,16.6299991607666,0.0010140170547777556,460113.3702048017,-321.1950617499517,459792.1751430517,1.406095311696306,0.0,True,False
2012-09-19,1461.050048828125,13.880000114440918,16.489999771118164,0.001115432861117531,460114.64846083627,-295.58810339992147,459819.06035743636,1.2782560345664886,0.0,True,False
2012-09-20,1460.260009765625,14.06999969482422,16.75,0.001115432861117531,460116.0545643513,-277.5140454466153,459838.5405189047,1.4061035150340528,0.0,True,False
2012-09-21,1460.1500244140625,13.979999542236328,16.790000915527344,0.001115432861117531,460117.46067216335,-248.00046156404204,459869.4602105993,1.406107812065459,0.0,True,False
2012-09-24,1456.8900146484375,14.149999618530272,16.59000015258789,0.001115432861117531,460121.67902138183,-177.68278449284705,459943.996236889,4.218349218507218,0.0,True,False
2012-09-25,1441.5899658203125,15.43000030517578,17.600000381469727,0.001115432861117531,459965.81902251526,0.0,459965.81902251526,1.4061250003224017,175.91478378548712,False,False
2012-09-26,1433.3199462890625,16.809999465942383,18.5,0.001115432861117531,459967.22467120975,0.0,459967.22467120975,1.4056486944864701,0.0,False,False
2012-09-27,1447.1500244140625,14.84000015258789,17.06999969482422,0.0009126038126204015,459968.63032419985,0.0,459968.63032419985,1.4056529901279518,0.0,False,False
2012-09-28,1440.6700439453125,15.729999542236328,17.610000610351562,0.0010140170547777556,459969.78037803684,0.0,459969.78037803684,1.1500538369815696,0.0,False,False
2012-10-01,1444.489990234375,16.31999969482422,17.920000076293945,0.0009126038126204015,459973.6139600558,0.0,459973.6139600558,3.8335820189922227,0.0,False,False
2012-10-02,1445.75,15.710000038146973,17.739999771118164,0.0009126038126204015,460287.2267750566,-482.46274870332996,459804.7640263533,1.1500662975042235,0.0,True,False
2012-10-03,1450.989990234375,15.43000030517578,17.579999923706055,0.0009126038126204015,460288.37762547634,-474.226551571127,459814.15107390523,1.1508504197191756,0.0,True,False
2012-10-04,1461.4000244140625,14.550000190734863,17.059999465942383,0.0010140170547777556,460289.5284787735,-463.26654269622225,459826.26193607727,1.150853297176145,0.0,True,False
2012-10-05,1460.9300537109375,14.329999923706056,16.93000030517578,0.001115432861117531,460290.8072241991,-428.5917053076889,459862.2155188914,1.2787454256412212,0.0,True,False
2012-10-08,1455.8800048828125,15.109999656677246,17.360000610351562,0.001115432861117531,460295.02716265596,-390.6131202629058,459904.41404239304,4.21993845681007,0.0,True,False
2012-10-09,1441.47998046875,16.3700008392334,18.010000228881836,0.0010140170547777556,460296.4338174056,-385.16765353502177,459911.2661638706,1.4066547496611492,0.0,True,False
2012-10-10,1432.56005859375,16.290000915527344,18.1299991607666,0.0010140170547777556,460297.7125820152,-352.21712146957236,459945.49546054564,1.2787646095888063,0.0,True,False
2012-10-11,1432.8399658203125,15.59000015258789,17.56999969482422,0.0010140170547777556,460298.9913501774,-305.81383250177214,459993.1775176756,1.2787681621666813,0.0,True,False
2012-10-12,1428.5899658203125,16.139999389648438,17.739999771118164,0.001115432861117531,460300.27012189216,-311.50628535773075,459988.7638365344,1.278771714754426,0.0,True,False
2012-10-15,1440.1300048828125,15.270000457763672,17.110000610351562,0.001115432861117531,460304.49014710466,-240.30477595350925,460064.18537115114,4.220025212498562,0.0,True,False
2012-10-16,1454.9200439453125,15.220000267028809,16.969999313354492,0.0009126038126204015,460305.89683077304,-248.01425217461056,460057.88257859845,1.4066836684007298,0.0,True,False
2012-10-17,1460.9100341796875,15.06999969482422,16.610000610351562,0.001115432861117531,460307.04772787326,-243.7077356112634,460063.339992262,1.150897100226927,0.0,True,False
2012-10-18,1457.3399658203125,15.029999732971191,16.579999923706055,0.0010140170547777556,460308.4544193576,-215.38932954113852,460093.06508981646,1.4066914843294787,0.0,True,False
2012-10-19,1433.18994140625,17.059999465942383,18.1200008392334,0.0010140170547777556,460309.733217362,-250.05923815971593,460059.6739792023,1.2787980044170797,0.0,True,False
2012-10-22,1433.8199462890625,16.6200008392334,17.8700008392334,0.0010140170547777556,460313.5696326913,-194.86992891596827,460118.6997037753,3.836415329239412,0.0,True,False
2012-10-23,1413.1099853515625,18.829999923706055,19.450000762939453,0.001115432861117531,460314.8484449064,-275.58500616703947,460039.26343873935,1.2788122151588994,0.0,True,False
2012-10-24,1408.75,18.329999923706055,19.270000457763672,0.001115432861117531,460316.25516022963,-253.52900316164258,460062.726157068,1.4067153232045868,0.0,True,False
2012-10-25,1412.969970703125,18.1200008392334,19.11000061035156,0.001115432861117531,460317.6618798517,-224.02062870534786,460093.6412511464,1.4067196221056701,0.0,True,False
2012-10-26,1411.93994140625,17.809999465942383,19.020000457763672,0.0012168512317685082,460106.6368916359,0.0,460106.6368916359,1.4067239210198905,100.03103656651248,False,False
2012-10-31,1412.1600341796875,18.600000381469727,19.309999465942383,0.001115432861117531,460114.30656279007,0.0,460114.30656279007,7.669671154174904,0.0,False,False
2012-11-01,1427.5899658203125,16.690000534057617,17.729999542236328,0.0009126038126204015,460115.71266526025,0.0,460115.71266526025,1.4061024701987141,0.0,False,False
2012-11-02,1414.199951171875,17.59000015258789,18.549999237060547,0.0009126038126204015,460116.8630868454,0.0,460116.8630868454,1.1504215851268496,0.0,False,False
2012-11-05,1417.260009765625,18.420000076293945,18.969999313354492,0.001115432861117531,460120.314368859,0.0,460120.314368859,3.4512820136168036,0.0,False,False
2012-11-06,1428.3900146484375,17.579999923706055,18.239999771118164,0.0010140170547777556,460390.6543912681,-438.933901579141,459951.720489689,1.4061208299646104,0.0,True,False
2012-11-07,1394.530029296875,19.079999923706055,19.809999465942383,0.0010140170547777556,460391.9334176349,-456.757044101182,459935.17637353373,1.2790263668532527,0.0,True,False
2012-11-08,1377.510009765625,18.489999771118164,19.829999923706055,0.0010140170547777556,460393.2124475551,-454.57069233441246,459938.64175522065,1.2790299201583242,0.0,True,False
2012-11-09,1379.8499755859375,18.61000061035156,20.06999969482422,0.0009126038126204015,460394.49148102856,-446.31203415662003,459948.1794468719,1.2790334734732671,0.0,True,False
2012-11-12,1380.030029296875,16.68000030517578,19.149999618530273,0.0009126038126204015,460397.9448454998,-358.76150795755007,460039.1833375423,3.4533644712708997,0.0,True,False
2012-11-13,1374.530029296875,16.649999618530273,18.969999313354492,0.001115432861117531,460399.09597274655,-361.12298449008904,460037.9729882565,1.1511272467315887,0.0,True,False
2012-11-14,1355.489990234375,17.920000076293945,19.8700008392334,0.0010140170547777556,460400.50294552895,-458.18735765481284,459942.31558787415,1.4069727823953022,0.0,True,False
2012-11-15,1353.3299560546875,17.989999771118164,19.790000915527344,0.0008111931345149166,460401.7819992564,-458.38330218663936,459943.3986970698,1.2790537274446436,0.0,True,False
2012-11-16,1359.8800048828125,16.40999984741211,18.93000030517578,0.0006083794699427381,460402.8052189268,-375.38867935254746,460027.4165395743,1.0232196704309053,0.0,True,False
2012-11-19,1386.8900146484375,15.239999771118164,17.59000015258789,0.0009126038126204015,460405.1074132959,-229.97172328634744,460175.13569000957,2.302194369060302,0.0,True,False
2012-11-20,1387.81005859375,15.079999923706056,17.280000686645508,0.0008111931345149166,460406.2585584511,-214.69779661523373,460191.56076183583,1.1511451552106315,0.0,True,False
2012-11-21,1391.030029296875,15.3100004196167,17.579999923706055,0.0010140170547777556,460407.28178807045,-203.9861130372762,460203.2956750332,1.0232296193572625,0.0,True,False
2012-11-23,1409.1500244140625,15.140000343322754,17.579999923706055,0.0010140170547777556,460409.8399367437,-156.72824600502776,460253.1116907387,2.558148673282051,0.0,True,False
2012-11-26,1406.2900390625,15.5,17.309999465942383,0.0010140170547777556,460413.67718640453,-143.16856752875745,460270.50861887576,3.8372496608319926,0.0,True,False
2012-11-27,1398.93994140625,15.920000076293944,17.6200008392334,0.0010140170547777556,460414.95627673174,-150.0531575532896,460264.90311917843,1.2790903272350227,0.0,True,False
2012-11-28,1409.9300537109375,15.510000228881836,17.200000762939453,0.0010140170547777556,460280.3389125341,0.0,460280.3389125341,1.2790938807177845,133.03744350076855,False,False
2012-11-29,1415.949951171875,15.0600004196167,16.81999969482422,0.0009126038126204015,460281.61763242993,0.0,460281.61763242993,1.278719895806052,0.0,False,False
2012-11-30,1416.1800537109375,15.869999885559082,17.270000457763672,0.0008111931345149166,460282.7684688252,0.0,460282.7684688252,1.150836395249734,0.0,False,False
2012-12-03,1409.4599609375,16.639999389648438,17.81999969482422,0.0010140170547777556,460285.8373411521,0.0,460285.8373411521,3.0688723268709404,0.0,False,False
2012-12-04,1407.050048828125,17.1200008392334,18.190000534057617,0.0010140170547777556,460567.24649090256,-450.13041457926903,460117.11607632326,1.2787351711708135,0.0,True,False
2012-12-05,1409.280029296875,16.459999084472656,17.829999923706055,0.0010140170547777556,460568.52600786573,-411.51461896531697,460157.0113889004,1.2795169631532777,0.0,True,False
2012-12-06,1413.93994140625,16.579999923706055,17.84000015258789,0.0010140170547777556,460569.8055283835,-419.20927537216414,460150.5962530114,1.279520517821291,0.0,True,False
2012-12-07,1418.0699462890625,15.899999618530272,17.290000915527344,0.0009126038126204015,460571.085052456,-382.33309669861154,460188.7519557574,1.2795240724991794,0.0,True,False
2012-12-10,1418.550048828125,16.049999237060547,17.350000381469727,0.0009126038126204015,460574.53974153474,-347.12043544994725,460227.4193060848,3.45468907870367,0.0,True,False
2012-12-11,1427.8399658203125,15.56999969482422,17.0,0.0008111931345149166,460575.69131031947,-348.35965647133264,460227.3316538481,1.15156878475046,0.0,True,False
2012-12-12,1428.47998046875,15.949999809265137,17.43000030517578,0.0007097850203325396,460576.71491649456,-360.0140711860095,460216.70084530854,1.0236061750772993,0.0,True,False
2012-12-13,1419.449951171875,16.559999465942383,17.8799991607666,0.0006083794699427381,460577.610562442,-334.29459060979553,460243.3159718322,0.8956459474207241,0.0,True,False
2012-12-14,1413.5799560546875,17.0,18.030000686645508,0.00040557606002412504,460578.3782506504,-318.26873883096056,460260.10951181944,0.7676882084624623,0.0,True,False
2012-12-17,1430.3599853515625,16.34000015258789,17.5,0.000506976483216771,460579.9135920915,-303.90824920497533,460276.00534288655,1.5353414411294484,0.0,True,False
2012-12-18,1446.7900390625,15.56999969482422,16.809999465942383,0.0006083794699427381,460580.55332728877,-347.28773175604556,460233.2655955327,0.6397351972266704,0.0,True,False
2012-12-19,1435.81005859375,17.360000610351562,17.860000610351562,0.000506976483216771,460581.3210204022,-356.1005646482758,460225.2204557539,0.7676931134465982,0.0,True,False
2012-12-20,1443.68994140625,17.670000076293945,18.13999938964844,0.0006083794699427381,460581.9607575543,-414.0617180134217,460167.89903954085,0.639737152113111,0.0,True,False
2012-12-21,1430.1500244140625,17.84000015258789,18.8700008392334,0.0006083794699427381,460582.72845301364,-309.5316812697635,460273.1967717439,0.7676954593435639,0.0,True,False
2012-12-24,1426.6600341796875,17.84000015258789,18.8700008392334,0.0006083794699427381,460585.0315470694,-237.3095784203417,460347.721968649,2.3030940557079123,0.0,True,False
2012-12-26,1419.8299560546875,19.479999542236328,19.93000030517578,0.0009126038126204015,460586.56694950454,-252.50073900682492,460334.0662104977,1.5354024351467972,0.0,True,False
2012-12-27,1418.0999755859375,19.469999313354492,19.920000076293945,0.0008111931345149166,460587.71854836075,-228.9153231630304,460358.8032251977,1.1515988562287347,0.0,True,False
2012-12-28,1402.4300537109375,22.719999313354492,21.8799991607666,0.00010139017035360414,460254.51492328563,0.0,460254.51492328563,1.0236329050054316,-54.09684340084649,False,True
2012-12-31,1426.18994140625,18.020000457763672,18.729999542236328,0.000506976483216771,460254.8984737222,0.0,460254.8984737222,0.3835504366065198,0.0,False,False
2013-01-02,1462.4200439453125,14.68000030517578,16.690000534057617,0.0008111931345149166,460563.13702106825,-476.9599789410765,460086.1770421272,1.278568404985845,0.0,True,False
2013-01-03,1459.3699951171875,14.5600004196167,16.739999771118164,0.0008111931345149166,460564.1605993421,-446.38175837111504,460117.77884097095,1.0235782738045147,0.0,True,False
2013-01-04,1466.469970703125,13.829999923706056,16.34000015258789,0.0007097850203325396,460565.1841798907,-414.7343204962506,460150.44985939446,1.023580548655449,0.0,True,False
2013-01-07,1461.8900146484375,13.789999961853027,16.450000762939453,0.0007097850203325396,460567.8710556894,-349.57474992844436,460218.296305761,2.6868757986924754,0.0,True,False
2013-01-08,1457.1500244140625,13.619999885559082,16.450000762939453,0.0007097850203325396,460568.7666844389,-317.86274261532617,460250.9039418236,0.8956287494864101,0.0,True,False
2013-01-09,1461.02001953125,13.8100004196167,16.5,0.0006083794699427381,460569.66231493006,-316.0201713214721,460253.6421436086,0.8956304911425423,0.0,True,False
2013-01-10,1472.1199951171875,13.489999771118164,16.1200008392334,0.0006083794699427381,460570.4299898904,-310.1826034309094,460260.2473864595,0.7676749603675639,0.0,True,False
2013-01-11,1472.050048828125,13.359999656677246,16.010000228881836,0.0007097850203325396,460571.1976661304,-284.6455816872921,460286.5520844431,0.7676762399239329,0.0,True,False
2013-01-14,1470.6800537109375,13.520000457763672,16.290000915527344,0.0008111931345149166,460573.88457701093,-238.11456031383776,460335.7700166971,2.686910880568392,0.0,True,False
2013-01-15,1472.3399658203125,13.550000190734863,16.329999923706055,0.0009126038126204015,460574.9081791706,-226.30566620376794,460348.60251296684,1.0236021597039173,0.0,True,False
2013-01-16,1472.6300048828125,13.420000076293944,16.239999771118164,0.0008111931345149166,460576.05974887655,-204.41347532778832,460371.6462735488,1.1515697059504917,0.0,True,False
2013-01-17,1480.93994140625,13.56999969482422,16.079999923706055,0.0007097850203325396,460577.08335587045,-217.17160526180015,460359.91175060865,1.0236069939133545,0.0,True,False
2013-01-18,1485.97998046875,12.460000038146973,15.289999961853027,0.0008111931345149166,460577.97900253435,-166.93681704248846,460411.0421854919,0.8956466638947082,0.0,True,False
2013-01-22,1492.56005859375,12.43000030517578,14.720000267028809,0.0008111931345149166,460440.3354957902,0.0,460440.3354957902,4.094458686845136,165.22201351007658,False,False
2013-01-23,1494.81005859375,12.460000038146973,14.5,0.0008111931345149166,460441.3588011438,0.0,460441.3588011438,1.0233053536266696,0.0,False,False
2013-01-24,1494.8199462890625,12.6899995803833,14.670000076293944,0.0008111931345149166,460442.3821087717,0.0,460442.3821087717,1.0233076278710527,0.0,False,False
2013-01-25,1502.9599609375,12.890000343322754,14.65999984741211,0.0008111931345149166,460443.4054186738,0.0,460443.4054186738,1.0233099021204903,0.0,False,False
2013-01-28,1500.1800537109375,13.56999969482422,15.06999969482422,0.0007097850203325396,460446.47536202555,0.0,460446.47536202555,3.0699433517361623,0.0,False,False
2013-01-29,1507.8399658203125,13.3100004196167,14.739999771118164,0.0007097850203325396,460719.4956178275,-442.1248631207713,460277.37075470673,0.8953926811886803,0.0,True,False
2013-01-30,1501.9599609375,14.31999969482422,15.420000076293944,0.0007097850203325396,460720.3915414289,-472.1207546506217,460248.2707867783,0.8959236013975257,0.0,True,False
2013-01-31,1498.1099853515625,14.279999732971191,15.550000190734863,0.0007097850203325396,460721.28746677254,-449.7634601895494,460271.524006583,0.8959253436270324,0.0,True,False
2013-02-01,1513.1700439453125,12.899999618530272,14.789999961853027,0.0006083794699427381,460722.1833938584,-404.29282614380526,460317.8905677146,0.8959270858599269,0.0,True,False
2013-02-04,1495.7099609375,14.670000076293944,15.789999961853027,0.0007097850203325396,460724.4871852434,-409.51733661286295,460314.96984863054,2.3037913850376013,0.0,True,False
2013-02-05,1511.2900390625,13.720000267028809,15.300000190734863,0.0007097850203325396,460725.3831185515,-381.7822883400917,460343.6008302114,0.8959333080912913,0.0,True,False
2013-02-06,1512.1199951171875,13.40999984741211,15.140000343322754,0.0007097850203325396,460726.27905360184,-349.6961323226603,460376.5829212792,0.8959350503396739,0.0,True,False
2013-02-07,1509.3900146484375,13.5,15.1899995803833,0.0007097850203325396,460727.17499039444,-329.2904242820678,460397.88456611236,0.8959367925914443,0.0,True,False
2013-02-08,1517.9300537109375,13.020000457763672,14.800000190734863,0.0007097850203325396,460728.0709289293,-313.0908237509611,460414.9801051784,0.8959385348466028,0.0,True,False
2013-02-11,1517.010009765625,12.9399995803833,14.68000030517578,0.0009126038126204015,460730.75875498756,-254.29867419752793,460476.46008079004,2.6878260582408577,0.0,True,False
2013-02-12,1519.4300537109375,12.640000343322754,14.529999732971191,0.0009126038126204015,460731.9107143648,-230.26497132328734,460501.6457430415,1.1519593772039156,0.0,True,False
2013-02-13,1520.3299560546875,12.979999542236328,14.630000114440918,0.0010140170547777556,460733.06267662224,-234.4138029144548,460498.6488737078,1.1519622574335975,0.0,True,False
2013-02-14,1521.3800048828125,12.65999984741211,14.43000030517578,0.001115432861117531,460734.3426542448,-205.7714128152198,460528.5712414296,1.2799776225336619,0.0,True,False
2013-02-15,1519.7900390625,12.460000038146973,14.260000228881836,0.0010140170547777556,460735.75065153604,-178.75474354358164,460556.9959079925,1.4079972912624619,0.0,True,False
2013-02-19,1530.93994140625,12.3100004196167,13.989999771118164,0.0012168512317685082,460740.8706132321,-147.01599042823824,460593.85462280386,5.11996169601988,0.0,True,False
2013-02-20,1511.949951171875,14.68000030517578,15.40999984741211,0.0012168512317685082,460742.4066516718,-191.04276269015827,460551.36388898164,1.5360384397307176,0.0,True,False
2013-02-21,1502.4200439453125,15.220000267028809,15.710000038146973,0.001318272166861259,460743.94269523246,-192.5178861635499,460551.4248090689,1.536043560644096,0.0,True,False
2013-02-22,1515.5999755859375,14.170000076293944,14.979999542236328,0.001318272166861259,460584.31922410516,0.0,460584.31922410516,1.6640740069615618,110.8373179864918,False,False
2013-02-25,1487.8499755859375,18.989999771118164,17.940000534057617,0.0012168512317685082,460589.3097346088,0.0,460589.3097346088,4.990510503618269,0.0,False,True
2013-02-26,1496.93994140625,16.8700008392334,17.25,0.0014196956665245841,460590.84526776813,0.0,460590.84526776813,1.535533159321765,0.0,False,False
2013-02-27,1515.989990234375,14.729999542236328,15.65999984741211,0.001115432861117531,460592.63677488803,0.0,460592.63677488803,1.791507119896225,0.0,False,False
2013-02-28,1514.6800537109375,15.510000228881836,16.18000030517578,0.001115432861117531,460594.04433912825,0.0,460594.04433912825,1.407564240205011,0.0,False,False
2013-03-01,1518.199951171875,15.359999656677246,16.290000915527344,0.001115432861117531,460595.45190766995,0.0,460595.45190766995,1.4075685417003718,0.0,False,False
2013-03-04,1525.199951171875,14.010000228881836,15.420000076293944,0.001115432861117531,460599.67463910417,0.0,460599.67463910417,4.2227314341958095,0.0,False,False
2013-03-05,1539.7900390625,13.479999542236328,14.949999809265137,0.0008111931345149166,460888.48959857575,-457.4073737237771,460431.082224852,1.4075857478132685,0.0,True,False
2013-03-06,1541.4599609375,13.529999732971191,15.029999732971191,0.0010140170547777556,460889.5138999292,-454.39969597214,460435.114203957,1.024301353449614,0.0,True,False
2013-03-07,1544.260009765625,13.0600004196167,14.739999771118164,0.0010140170547777556,460890.794312194,-420.34269390473355,460470.4516182893,1.2804122648050185,0.0,True,False
2013-03-08,1551.1800537109375,12.59000015258789,14.520000457763672,0.0010140170547777556,460892.0747280159,-409.59969629130086,460482.4750317246,1.2804158219602986,0.0,True,False
2013-03-11,1556.219970703125,11.5600004196167,14.300000190734863,0.0010140170547777556,460895.91599682474,-330.51068361110396,460565.40531321365,3.8412688088360945,0.0,True,False
2013-03-12,1552.47998046875,12.270000457763672,14.579999923706056,0.0010140170547777556,460897.1964268754,-334.2156937994754,460562.98073307594,1.280430050680241,0.0,True,False
2013-03-13,1554.52001953125,11.829999923706056,14.510000228881836,0.0009126038126204015,460898.4768604833,-303.54918359948,460594.9276768838,1.2804336078849325,0.0,True,False
2013-03-14,1563.22998046875,11.300000190734863,14.100000381469728,0.0010140170547777556,460899.629239204,-295.66499820919773,460603.96424099477,1.152378720693972,0.0,True,False
2013-03-15,1560.699951171875,11.300000190734863,14.260000228881836,0.0009126038126204015,460900.9096795705,-265.7211814391256,460635.1884981314,1.280440366560601,0.0,True,False
2013-03-18,1552.0999755859375,13.359999656677246,15.390000343322754,0.0007097850203325396,460904.3668426246,-290.32009612284736,460614.04674650176,3.457163054109769,0.0,True,False
2013-03-19,1548.3399658203125,14.390000343322754,15.710000038146973,0.0007097850203325396,460905.26312573,-317.0612745706445,460588.20185115933,0.8962831053800799,0.0,True,False
2013-03-20,1558.7099609375,12.670000076293944,14.93000030517578,0.0007097850203325396,460906.1594105783,-239.28855091597708,460666.87085966236,0.8962848483086846,0.0,True,False
2013-03-21,1545.800048828125,13.989999771118164,15.529999732971191,0.0007097850203325396,460907.05569716956,-250.64291400534478,460656.41278316424,0.8962865912406787,0.0,True,False
2013-03-22,1556.8900146484375,13.56999969482422,15.260000228881836,0.0007097850203325396,460907.9519855037,-245.59814467106332,460662.35384083266,0.896288334176062,0.0,True,False
2013-03-25,1551.68994140625,13.739999771118164,15.300000190734863,0.0008111931345149166,460910.640860964,-186.4089302291185,460724.2319307349,2.688875460310651,0.0,True,False
2013-03-26,1563.77001953125,12.770000457763672,14.75,0.0007097850203325396,460911.6652115475,-158.42676006097912,460753.2384514865,1.0243505835097195,0.0,True,False
2013-03-27,1562.8499755859375,13.149999618530272,14.93000030517578,0.0009126038126204015,460912.5615088454,-157.36696693531294,460755.1945419101,0.8962972979224662,0.0,True,False
2013-03-28,1569.18994140625,12.699999809265137,14.640000343322754,0.0007097850203325396,460761.84750765195,0.0,460761.84750765195,1.152413936364832,135.54095859390455,False,False
2013-04-01,1562.1700439453125,13.579999923706056,15.279999732971191,0.0008111931345149166,460765.4315419451,0.0,460765.4315419451,3.5840342931593265,0.0,False,False
2013-04-02,1570.25,12.779999732971191,14.710000038146973,0.0007097850203325396,461085.0933422771,-488.63777246886315,460596.45556980825,1.0240278631438147,0.0,True,False
2013-04-03,1553.68994140625,14.210000038146973,15.489999771118164,0.0006083794699427381,461085.98997682653,-510.4698390619592,460575.5201377646,0.8966345494539182,0.0,True,False
2013-04-04,1559.97998046875,13.890000343322754,15.300000190734863,0.0007097850203325396,461086.758512399,-489.4526059069267,460597.30590649205,0.7685355724525865,0.0,True,False
2013-04-05,1553.280029296875,13.920000076293944,15.380000114440918,0.0007097850203325396,461087.65515018656,-465.00043658350904,460622.654713603,0.8966377875743509,0.0,True,False
2013-04-08,1563.0699462890625,13.1899995803833,14.710000038146973,0.0007097850203325396,461090.34507401113,-385.49645501564055,460704.8486189955,2.6899238245828974,0.0,True,False
2013-04-09,1568.6099853515625,12.84000015258789,14.460000038146973,0.0006083794699427381,461091.2417187732,-361.17242009567246,460730.06929867755,0.896644762068,0.0,True,False
2013-04-10,1587.72998046875,12.359999656677246,14.119999885559082,0.0007097850203325396,461092.0102630992,-401.3415832912702,460690.668679808,0.7685443260269547,0.0,True,False
2013-04-11,1593.3699951171875,12.239999771118164,14.170000076293944,0.0007097850203325396,461092.90691109945,-417.66695262883246,460675.2399584706,0.8966480002253148,0.0,True,False
2013-04-12,1588.8499755859375,12.0600004196167,14.020000457763672,0.0006083794699427381,461093.8035608433,-348.85455222430323,460744.949008619,0.8966497438635007,0.0,True,False
2013-04-15,1552.3599853515625,17.270000457763672,17.030000686645508,0.0006083794699427381,461096.1092104747,-505.883934776769,460590.22527569794,2.3056496314387176,0.0,True,True
2013-04-16,1574.5699462890625,13.960000038146973,15.100000381469728,0.0006083794699427381,461096.8777629138,-328.6390272388235,460768.238735675,0.7685524391351439,0.0,True,False
2013-04-17,1552.010009765625,16.510000228881836,16.93000030517578,0.0006083794699427381,461097.64631663397,-423.5454440500969,460674.10087258386,0.7685537201540896,0.0,True,False
2013-04-18,1541.6099853515625,17.559999465942383,17.520000457763672,0.000506976483216771,461098.41487163515,-470.82290387540615,460627.59196775977,0.7685550011751705,0.0,True,True
2013-04-19,1555.25,14.970000267028809,16.170000076293945,0.000506976483216771,461099.0553270191,-301.9171548873639,460797.13817213173,0.6404553839055556,0.0,True,False
2013-04-22,1562.5,14.390000343322754,15.65999984741211,0.000506976483216771,461100.97669850837,-225.2702542054652,460875.7064443029,1.9213714893095346,0.0,True,False
2013-04-23,1578.780029296875,13.479999542236328,14.829999923706056,0.000506976483216771,461101.6171574506,-188.4347935633737,460913.1823638872,0.6404589422257768,0.0,True,False
2013-04-24,1578.7900390625,13.609999656677246,14.970000267028809,0.0006083794699427381,461102.2576172824,-177.28053988796825,460924.97707739443,0.6404598318089211,0.0,True,False
2013-04-25,1585.1600341796875,13.619999885559082,14.960000038146973,0.000506976483216771,461103.02617996966,-176.0368539758296,460926.9893259938,0.7685626872655325,0.0,True,False
2013-04-26,1582.239990234375,13.609999656677246,14.890000343322754,0.000506976483216771,460939.30377783056,0.0,460939.30377783056,0.6404617889096814,154.27490854086096,False,False
2013-04-29,1593.6099853515625,13.710000038146973,14.920000076293944,0.000506976483216771,460941.22448364494,0.0,460941.22448364494,1.9207058143999078,0.0,False,False
2013-04-30,1597.5699462890625,13.520000457763672,14.779999732971191,0.000506976483216771,460941.8647206949,0.0,460941.8647206949,0.6402370499728428,0.0,False,False
2013-05-01,1582.699951171875,14.489999771118164,15.609999656677246,0.0006083794699427381,460942.50495863415,0.0,460942.50495863415,0.6402379392477837,0.0,False,False
2013-05-02,1597.5899658203125,13.59000015258789,14.869999885559082,0.000506976483216771,460943.2732550466,0.0,460943.2732550466,0.7682964124195515,0.0,False,False
2013-05-03,1614.4200439453125,12.850000381469728,14.449999809265137,0.000506976483216771,460943.91349494224,0.0,460943.91349494224,0.6402398956704906,0.0,False,False
2013-05-06,1617.5,12.65999984741211,14.3100004196167,0.00040557606002412504,460945.83421996504,0.0,460945.83421996504,1.9207250228084478,0.0,False,False
2013-05-07,1625.9599609375,12.829999923706056,14.350000381469728,0.00040557606002412504,461124.3840362656,-348.037628083605,460776.346408182,0.5121882169384959,0.0,True,False
2013-05-08,1632.68994140625,12.65999984741211,14.399999618530272,0.00040557606002412504,461124.89642288134,-351.4688508445562,460773.4275720368,0.5123866157638165,0.0,True,False
2013-05-09,1626.6700439453125,13.130000114440918,14.8100004196167,0.00040557606002412504,461125.40881006647,-349.59403351580346,460775.8147765507,0.5123871851113789,0.0,True,False
2013-05-10,1633.699951171875,12.59000015258789,14.710000038146973,0.00040557606002412504,461125.9211978209,-334.79837664690876,460791.12282117404,0.512387754459574,0.0,True,False
2013-05-13,1633.77001953125,12.550000190734863,15.050000190734863,0.000506976483216771,461127.45836450055,-297.96000273251366,460829.498361768,1.5371666796063002,0.0,True,False
2013-05-14,1650.3399658203125,12.770000457763672,14.979999542236328,0.000506976483216771,461128.09886022523,-363.3678974129313,460764.7309628123,0.6404957246674692,0.0,True,False
2013-05-15,1658.780029296875,12.8100004196167,15.050000190734863,0.00040557606002412504,461128.7393568395,-407.0546598858658,460721.6846969536,0.6404966143017035,0.0,True,False
2013-05-16,1650.469970703125,13.06999969482422,15.449999809265137,0.00030417820023607886,461129.25174829474,-351.52479525252886,460777.7269530422,0.5123914552562544,0.0,True,False
2013-05-17,1667.469970703125,12.449999809265137,15.170000076293944,0.00040557606002412504,461129.6360374025,-418.94290703536996,460710.69313036714,0.3842891077463472,0.0,True,False
2013-05-20,1666.2900390625,13.020000457763672,15.3100004196167,0.000506976483216771,461131.17321646557,-375.1489583780557,460756.0242580875,1.5371790630516073,0.0,True,False
2013-05-21,1669.1600341796875,13.369999885559082,15.779999732971191,0.00040557606002412504,461131.8137173501,-404.4236744469155,460727.39004290313,0.6405008845137508,0.0,True,False
2013-05-22,1655.3499755859375,13.81999969482422,15.81999969482422,0.00040557606002412504,461132.32611222146,-303.33282910297356,460828.99328311847,0.5123948713869821,0.0,True,False
2013-05-23,1650.510009765625,14.06999969482422,16.0,0.000506976483216771,461132.8385076622,-270.6710234623546,460862.1674841998,0.5123954407437179,0.0,True,False
2013-05-24,1649.5999755859375,13.989999771118164,15.920000076293944,0.00040557606002412504,461133.47901085974,-241.74047164608322,460891.73853921366,0.6405031975659717,0.0,True,False
2013-05-28,1660.06005859375,14.479999542236328,15.869999885559082,0.000506976483216771,461135.5286011633,-246.9562953711292,460888.5723057922,2.049590303546522,0.0,True,False
2013-05-29,1648.3599853515625,14.829999923706056,16.149999618530273,0.000506976483216771,461136.1691080973,-191.56718472989803,460944.6019233674,0.6405069340456699,0.0,True,False
2013-05-30,1654.4100341796875,14.529999732971191,16.010000228881836,0.00040557606002412504,461136.809615921,-179.38482622597817,460957.424789695,0.6405078236954737,0.0,True,False
2013-05-31,1630.739990234375,16.299999237060547,17.1299991607666,0.00040557606002412504,460945.47495387855,0.0,460945.47495387855,0.5124004226691309,-13.809434381477041,False,False
2013-06-03,1640.4200439453125,16.280000686645508,17.219999313354492,0.000506976483216771,460947.0115190393,0.0,460947.0115190393,1.536565160713309,0.0,False,False
2013-06-04,1631.3800048828125,16.270000457763672,17.260000228881836,0.00040557606002412504,461238.4061454649,-460.7543813376171,460777.6517641273,0.6402450880355549,0.0,True,False
2013-06-05,1608.9000244140625,17.5,18.0,0.000506976483216771,461238.9186587784,-459.4296212476517,460779.4890375308,0.5125133134720217,0.0,True,False
2013-06-06,1622.56005859375,16.6299991607666,17.549999237060547,0.000506976483216771,461239.55930931895,-428.6154417130542,460810.9438676059,0.640650540522956,0.0,True,False
2013-06-07,1643.3800048828125,15.140000343322754,16.719999313354492,0.00040557606002412504,461240.1999607493,-404.8337055385221,460835.36625521077,0.640651430372226,0.0,True,False
2013-06-10,1642.81005859375,15.4399995803833,16.729999542236328,0.000506976483216771,461241.737508378,-367.6618120472642,460874.07569633075,1.5375476287104055,0.0,True,False
2013-06-11,1626.1300048828125,17.06999969482422,17.90999984741211,0.000506976483216771,461242.37816283386,-390.4658476086726,460851.91231522517,0.6406544558419947,0.0,True,False
2013-06-12,1612.52001953125,18.59000015258789,19.06999969482422,0.000506976483216771,461243.01881817955,-431.72557121680154,460811.29324696277,0.640655345696703,0.0,True,False
2013-06-13,1636.3599853515625,16.40999984741211,17.829999923706055,0.000506976483216771,461243.6594744151,-358.4247778934187,460885.2346965217,0.6406562355526473,0.0,True,False
2013-06-14,1626.72998046875,17.149999618530273,18.299999237060547,0.000506976483216771,461244.3001315405,-354.83731347812534,460889.4628180624,0.6406571254098277,0.0,True,False
2013-06-17,1639.0400390625,16.799999237060547,17.989999771118164,0.000506976483216771,461246.222108256,-318.1914424896806,460928.03066576633,1.9219767155036762,0.0,True,False
2013-06-18,1651.81005859375,16.610000610351562,17.75,0.000506976483216771,461246.86276894086,-338.87986648990307,460907.98290245095,0.6406606848509089,0.0,True,False
2013-06-19,1628.9300537109375,16.639999389648438,17.780000686645508,0.000506976483216771,461247.5034305156,-256.84625025469137,460990.65718026087,0.6406615747142691,0.0,True,False
2013-06-20,1588.18994140625,20.489999771118164,20.34000015258789,0.000506976483216771,461248.1440929802,-407.84876161304516,460840.2953313671,0.6406624645788653,0.0,True,True
2013-06-21,1592.4300537109375,18.899999618530273,19.489999771118164,0.000506976483216771,461248.7847563346,-324.82693204158943,460923.957824293,0.6406633544446977,0.0,True,False
2013-06-24,1573.0899658203125,20.11000061035156,20.729999542236328,0.0006083794699427381,461250.7067517373,-369.16500375921794,460881.5417479781,1.9219954026601995,0.0,True,False
2013-06-25,1588.030029296875,18.469999313354492,19.670000076293945,0.0006083794699427381,461251.47556185874,-260.42762545114607,460991.0479364076,0.7688101214600395,0.0,True,False
2013-06-26,1603.260009765625,17.209999084472656,18.81999969482422,0.0006083794699427381,461252.24437326164,-186.17775570105024,461066.0666175606,0.7688114029084887,0.0,True,False
2013-06-27,1613.199951171875,16.860000610351562,18.559999465942383,0.0006083794699427381,461253.013185946,-155.90834266085182,461097.1048432851,0.7688126843590738,0.0,True,False
2013-06-28,1606.280029296875,16.860000610351562,18.38999938964844,0.00040557606002412504,461089.8086988063,0.0,461089.8086988063,0.7688139658117947,126.78108023210541,False,False
2013-07-01,1614.9599609375,16.3700008392334,17.920000076293945,0.00040557606002412504,461091.3457451046,0.0,461091.3457451046,1.5370462983229005,0.0,False,False
2013-07-02,1614.0799560546875,16.440000534057617,18.020000457763672,0.00030417820023607886,461386.2419166613,-464.3838216520197,460921.8580950093,0.5123499046750417,0.0,True,False
2013-07-03,1615.4100341796875,16.200000762939453,17.809999465942383,0.000506976483216771,461386.6264199358,-438.74030796000085,460947.88611197576,0.38450327442982424,0.0,True,False
2013-07-05,1631.8900146484375,14.890000343322754,16.8799991607666,0.00040557606002412504,461387.90813223255,-399.11431752940445,460988.7938147031,1.281712296772476,0.0,True,False
2013-07-08,1640.4599609375,14.779999732971191,16.40999984741211,0.000506976483216771,461389.4461722475,-376.3745914456638,461013.07158080186,1.538040014995956,0.0,True,False
2013-07-09,1652.3199462890625,14.350000381469728,15.90999984741211,0.00040557606002412504,461390.0870318674,-403.00236957454587,460987.08466229285,0.6408596198720014,0.0,True,False
2013-07-10,1652.6199951171875,14.210000038146973,15.770000457763672,0.00040557606002412504,461390.5997137238,-377.03953070876565,461013.56018301507,0.5126818564047974,0.0,True,False
2013-07-11,1675.02001953125,14.010000228881836,15.5,0.00040557606002412504,461391.1123961499,-547.296150217615,460843.8162459323,0.5126824260804216,0.0,True,False
2013-07-12,1680.18994140625,13.84000015258789,15.649999618530272,0.00040557606002412504,461391.62507914566,-579.7960607004458,460811.8290184452,0.512682995756679,0.0,True,False
2013-07-15,1682.5,13.789999961853027,15.619999885559082,0.00040557606002412504,461393.1631315511,-533.4634358193429,460859.6996957318,1.5380524054660685,0.0,True,False
2013-07-16,1676.260009765625,14.420000076293944,16.010000228881836,0.00030417820023607886,461393.6758168256,-483.6450982828896,460910.0307185427,0.5126852744680385,0.0,True,False
2013-07-17,1680.9100341796875,13.779999732971191,15.5600004196167,0.00030417820023607886,461394.06032629515,-462.8544906281813,460931.205835667,0.38450946958411203,0.0,True,False
2013-07-18,1689.3699951171875,13.770000457763672,15.5600004196167,0.00030417820023607886,461394.4448360852,-544.9557725753897,460849.4890635098,0.3845097900209536,0.0,True,False
2013-07-19,1692.0899658203125,12.539999961853027,15.039999961853027,0.00030417820023607886,461394.8293461957,-444.3104666147705,460950.5188795809,0.3845101104580622,0.0,True,False
2013-07-22,1695.530029296875,12.289999961853027,14.6899995803833,0.00040557606002412504,461395.98287844966,-374.7325508915054,461021.25032755814,1.1535322539768462,0.0,True,False
2013-07-23,1692.3900146484375,12.65999984741211,14.880000114440918,0.00020278290372213926,461396.49556685734,-336.8715717666764,461059.62399509066,0.5126884076802924,0.0,True,False
2013-07-24,1685.93994140625,13.18000030517578,15.1899995803833,0.00030417820023607886,461396.75190479466,-280.4516922547296,461116.3002125399,0.2563379373241408,0.0,True,False
2013-07-25,1690.25,12.970000267028809,15.0,0.00020278290372213926,461397.13641682774,-279.25333209169827,461117.88308473607,0.384512033089022,0.0,True,False
2013-07-26,1691.6500244140625,12.720000267028809,14.800000190734863,0.00030417820023607886,461144.228611994,0.0,461144.228611994,0.2563382933610009,41.219678524901425,False,False
2013-07-29,1685.3299560546875,13.390000343322754,15.109999656677246,0.00030417820023607886,461145.38151772163,0.0,461145.38151772163,1.1529057276020676,0.0,False,False
2013-07-30,1685.9599609375,13.390000343322754,14.979999542236328,0.00040557606002412504,461145.7658202714,0.0,461145.7658202714,0.38430254973615313,0.0,False,False
2013-07-31,1685.72998046875,13.449999809265137,14.920000076293944,0.00040557606002412504,461146.2782306459,0.0,461146.2782306459,0.5124103745159558,0.0,False,False
2013-08-01,1706.8699951171875,12.9399995803833,14.550000190734863,0.00040557606002412504,461146.7906415898,0.0,461146.7906415898,0.5124109438899183,0.0,False,False
2013-08-02,1709.6700439453125,11.979999542236328,14.029999732971191,0.00040557606002412504,461147.30305310304,0.0,461147.30305310304,0.5124115132645133,0.0,False,False
2013-08-05,1707.1400146484375,11.84000015258789,13.859999656677246,0.000506976483216771,461148.8402910592,0.0,461148.8402910592,1.5372379561795242,0.0,False,False
2013-08-06,1697.3699951171875,12.720000267028809,14.5600004196167,0.00040557606002412504,461466.876026731,-487.39521024805185,460979.4808164829,0.640525423685165,0.0,True,False
2013-08-07,1690.9100341796875,12.979999542236328,14.8100004196167,0.000506976483216771,461467.38879391283,-468.46277648205785,460998.9260174308,0.5127671818713485,0.0,True,False
2013-08-08,1697.47998046875,12.729999542236328,14.670000076293944,0.000506976483216771,461468.02976179327,-459.5393391530794,461008.49042264017,0.6409678804299891,0.0,True,False
2013-08-09,1691.4200439453125,13.40999984741211,15.100000381469728,0.000506976483216771,461468.670730564,-466.95990937367526,461001.7108211903,0.6409687707200371,0.0,True,False
2013-08-12,1689.469970703125,12.8100004196167,15.170000076293944,0.0006083794699427381,461470.59364221804,-386.2980104599809,461084.29563175805,1.922911654031575,0.0,True,False
2013-08-13,1694.1600341796875,12.3100004196167,14.859999656677246,0.0006083794699427381,461471.3628188457,-349.0380832556201,461122.3247355901,0.7691766277103355,0.0,True,False
2013-08-14,1685.3900146484375,13.039999961853027,15.239999771118164,0.000506976483216771,461472.1319967555,-357.7173257242374,461114.41467103123,0.7691779097696753,0.0,True,False
2013-08-15,1661.3199462890625,14.729999542236328,16.239999771118164,0.000506976483216771,461472.7729712241,-440.95532533978235,461031.8176458843,0.6409744686326364,0.0,True,False
2013-08-16,1655.8299560546875,14.369999885559082,15.9399995803833,0.000506976483216771,461473.41394658305,-421.92032115496215,461051.49362542806,0.6409753589318352,0.0,True,False
2013-08-19,1646.06005859375,15.100000381469728,16.399999618530273,0.0006083794699427381,461475.33687800175,-447.7067533250788,461027.6301246767,1.922931418721876,0.0,True,False
2013-08-20,1652.3499755859375,14.90999984741211,16.309999465942383,0.00040557606002412504,461476.10606253543,-401.9664002375052,461074.1396622979,0.7691845337094497,0.0,True,False
2013-08-21,1642.800048828125,15.9399995803833,16.790000915527344,0.00040557606002412504,461476.6188399734,-471.0904906897593,461005.5283492837,0.5127774379908966,0.0,True,False
2013-08-22,1656.9599609375,14.760000228881836,15.989999771118164,0.00030417820023607886,461477.1316179812,-351.83047743042215,461125.30114055076,0.5127780077727282,0.0,True,False
2013-08-23,1663.5,13.979999542236328,15.550000190734863,0.00030417820023607886,461477.51619699993,-286.96003431843485,461190.5561626815,0.3845790187511639,0.0,True,False
2013-08-26,1656.780029296875,14.989999771118164,16.209999084472656,0.00040557606002412504,461478.6699359791,-302.42118461473365,461176.2487513644,1.153738979200702,0.0,True,False
2013-08-27,1630.47998046875,16.770000457763672,17.68000030517578,0.000506976483216771,461479.182716266,-478.91549331921067,461000.2672229468,0.5127802868847798,0.0,True,False
2013-08-28,1634.9599609375,16.489999771118164,17.6200008392334,0.00030417820023607886,461479.82370052795,-420.5393803751076,461059.28432015283,0.6409842619243183,0.0,True,False
2013-08-29,1638.1700439453125,16.809999465942383,17.899999618530273,0.00020278290372213926,461480.2082817902,-397.8639189990441,461082.34436279116,0.3845812622392878,0.0,True,False
2013-08-30,1632.969970703125,17.010000228881836,18.049999237060547,0.00030417820023607886,461055.0779548424,0.0,461055.0779548424,0.25638444557654383,-107.99150114531554,False,False
2013-09-03,1639.77001953125,16.610000610351562,17.639999389648438,0.00020278290372213926,461339.2223705191,-452.6075045800158,460886.61486593913,1.536911096694314,0.0,True,False
2013-09-04,1653.0799560546875,15.880000114440918,17.299999237060547,0.00020278290372213926,461339.47867663717,-452.27880394555655,460887.1998726916,0.256306118068567,0.0,True,False
2013-09-05,1655.0799560546875,15.770000457763672,17.139999389648438,0.00020278290372213926,461339.73498289764,-436.32058534987294,460903.4143975478,0.25630626046449384,0.0,True,False
2013-09-06,1655.1700439453125,15.850000381469728,17.170000076293945,0.00020278290372213926,461339.9912893005,-425.02993163407183,460914.9613576664,0.25630640286049977,0.0,True,False
2013-09-09,1671.7099609375,15.630000114440918,16.829999923706055,0.00020278290372213926,461340.76020936354,-447.0869625723043,460893.67324679124,0.7689200630388865,0.0,True,False
2013-09-10,1683.989990234375,14.529999732971191,16.110000610351562,0.00020278290372213926,461341.016516336,-444.92746363959867,460896.0890526964,0.25630697244531475,0.0,True,False
2013-09-11,1689.1300048828125,13.81999969482422,15.609999656677246,0.00020278290372213926,461341.27282345085,-418.18696570181856,460923.08585774904,0.25630711484171625,0.0,True,False
2013-09-12,1683.4200439453125,14.289999961853027,15.850000381469728,0.00010139017035360414,461341.5291307081,-384.4419132337296,460957.08721747436,0.2563072572381969,0.0,True,False
2013-09-13,1687.989990234375,14.15999984741211,15.699999809265137,0.00010139017035360414,461341.6572827704,-390.64372614176534,460951.0135566286,0.12815206228837395,0.0,True,False
2013-09-16,1697.5999755859375,14.380000114440918,15.579999923706056,0.00020278290372213926,461342.0417391708,-426.9964328071093,460915.04530636367,0.3844564004007116,0.0,True,False
2013-09-17,1704.760009765625,14.529999732971191,15.65999984741211,0.00010139017035360414,461342.2980468552,-490.53247513096665,460851.7655717242,0.2563076844245139,0.0,True,False
2013-09-18,1725.52001953125,13.59000015258789,15.18000030517578,0.00010139017035360414,461342.42619913106,-666.7071517951462,460675.7190473359,0.12815227587892183,0.0,True,False
2013-09-19,1722.3399658203125,13.15999984741211,15.020000457763672,0.00010139017035360414,461342.55435144255,-553.0995876080822,460789.4547638345,0.12815231147723113,0.0,True,False
2013-09-20,1709.9100341796875,13.119999885559082,15.31999969482422,0.00010139017035360414,461342.6825037896,-362.5879681883968,460980.0945356012,0.12815234707555032,0.0,True,False
2013-09-23,1701.8399658203125,14.3100004196167,15.920000076293944,0.00020278290372213926,461343.0669610444,-300.6167903189232,461042.45017072547,0.38445725476271525,0.0,True,False
2013-09-24,1697.4200439453125,14.079999923706056,15.640000343322754,0.00020278290372213926,461343.3232692984,-232.49541391525125,461110.82785538316,0.25630825400677754,0.0,True,False
2013-09-25,1692.77001953125,14.010000228881836,15.5600004196167,0.00020278290372213926,461343.5795776948,-183.35610002487138,461160.22347766993,0.2563083964038911,0.0,True,False
2013-09-26,1698.6700439453125,14.0600004196167,15.40999984741211,-0.0,461343.8358862336,-204.24863552110654,461139.5872507125,0.2563085388010837,0.0,True,False
2013-09-27,1691.75,15.460000038146973,16.040000915527344,0.00020278290372213926,461101.75516216154,0.0,461101.75516216154,0.0,40.5267805079448,False,False
2013-09-30,1681.550048828125,16.600000381469727,16.799999237060547,0.00020278290372213926,461102.523685154,0.0,461102.523685154,0.7685229924589312,0.0,False,False
2013-10-01,1695.0,15.539999961853027,16.1299991607666,0.00020278290372213926,461366.9626648036,-434.18280503419055,460932.7798597694,0.2561746154382765,0.0,True,False
2013-10-02,1693.8699951171875,16.600000381469727,16.809999465942383,0.00020278290372213926,461367.21898633335,-479.24949942198396,460887.9694869114,0.2563215297370256,0.0,True,False
2013-10-03,1678.6600341796875,17.670000076293945,17.700000762939453,0.00030417820023607886,461367.47530800547,-493.66437187281093,460873.8109361327,0.25632167214151474,0.0,True,False
2013-10-04,1690.5,16.739999771118164,17.209999084472656,0.00030417820023607886,461367.85979564046,-459.0339550890067,460908.82584055146,0.3844876349897574,0.0,True,False
2013-10-07,1676.1199951171875,19.40999984741211,19.06999969482422,0.00030417820023607886,461369.0132604679,-537.2237933096773,460831.7894671582,1.1534648274595511,0.0,True,True
2013-10-08,1655.449951171875,20.34000015258789,19.84000015258789,0.000506976483216771,461369.3977493846,-558.86655014511,460810.5311992395,0.38448891666594104,0.0,True,True
2013-10-09,1656.4000244140625,19.600000381469727,19.290000915527344,0.000506976483216771,461370.0385811576,-507.65282152075343,460862.3857596369,0.6408317730611096,0.0,True,True
2013-10-10,1692.56005859375,16.479999542236328,17.209999084472656,0.000506976483216771,461370.6794138208,-365.77452324883194,461004.90489057195,0.6408326631621076,0.0,True,False
2013-10-11,1703.199951171875,15.720000267028809,16.56999969482422,0.0008111931345149166,461371.32024737407,-336.23261285014394,461035.0876345239,0.6408335532643419,0.0,True,False
2013-10-14,1710.1400146484375,16.06999969482422,16.920000076293945,0.0008111931345149166,461374.39637747087,-332.2105311124676,461042.1858463584,3.076130096786307,0.0,True,False
2013-10-15,1698.06005859375,18.65999984741211,18.40999984741211,0.0014196956665245841,461375.4217587276,-420.84722738453337,460954.57453134307,1.0253812566854401,0.0,True,True
2013-10-16,1721.5400390625,14.710000038146973,16.260000228881836,0.0010140170547777556,461377.2163175242,-268.04636165276065,461109.1699558714,1.7945587966373027,0.0,True,False
2013-10-17,1733.1500244140625,13.479999542236328,15.4399995803833,0.000506976483216771,461378.49808469106,-235.63584343308673,461142.862241258,1.281767166876406,0.0,True,False
2013-10-18,1744.5,13.039999961853027,14.920000076293944,0.00040557606002412504,461379.13892910426,-256.81968912913317,461122.3192399751,0.6408444132232841,0.0,True,False
2013-10-21,1744.6600341796875,13.15999984741211,15.140000343322754,0.00040557606002412504,461380.67693988705,-202.28209759865115,461178.3948422884,1.5380107827922653,0.0,True,False
2013-10-22,1754.6700439453125,13.329999923706056,15.020000457763672,0.00040557606002412504,461381.18961128726,-262.90167734547214,461118.2879339418,0.5126714002126054,0.0,True,False
2013-10-23,1746.3800048828125,13.420000076293944,15.109999656677246,0.00040557606002412504,461381.70228325715,-191.01331498827136,461190.68896826886,0.5126719698766111,0.0,True,False
2013-10-24,1752.0699462890625,13.199999809265137,14.899999618530272,0.00030417820023607886,461382.2149557967,-191.9078899780332,461190.3070658187,0.5126725395412499,0.0,True,False
2013-10-25,1759.77001953125,13.09000015258789,14.869999885559082,0.00040557606002412504,461162.0253562012,0.0,461162.0253562012,0.38449991850045795,43.608705520186874,False,False
2013-10-28,1762.1099853515625,13.3100004196167,14.869999885559082,0.00040557606002412504,461163.5626432343,0.0,461163.5626432343,1.5372870330861332,0.0,False,False
2013-10-29,1771.949951171875,13.40999984741211,15.029999732971191,0.00040557606002412504,461164.0750733841,0.0,461164.0750733841,0.5124301497744437,0.0,False,False
2013-10-30,1763.31005859375,13.649999618530272,15.130000114440918,0.00040557606002412504,461164.58750410326,0.0,461164.58750410326,0.5124307191703796,0.0,False,False
2013-10-31,1756.5400390625,13.75,15.25,0.00040557606002412504,461165.0999353918,0.0,461165.0999353918,0.5124312885669483,0.0,False,False
2013-11-01,1761.6400146484375,13.279999732971191,15.0600004196167,0.00040557606002412504,461165.6123672498,0.0,461165.6123672498,0.5124318579641497,0.0,False,False
2013-11-04,1767.9300537109375,12.93000030517578,14.68000030517578,0.000506976483216771,461167.1496662402,0.0,461167.1496662402,1.5372989904140772,0.0,False,False
2013-11-05,1762.969970703125,13.270000457763672,14.920000076293944,0.000506976483216771,461564.43248285295,-566.6422657577331,460997.79021709523,0.6405508549977273,0.0,True,False
2013-11-06,1770.489990234375,12.670000076293944,14.65999984741211,0.000506976483216771,461565.07358552486,-541.3172953467298,461023.7562901781,0.6411026719431481,0.0,True,False
2013-11-07,1747.1500244140625,13.90999984741211,15.359999656677246,0.000506976483216771,461565.7146890873,-531.2244329668583,461034.49025612045,0.6411035624204184,0.0,True,False
2013-11-08,1770.6099853515625,12.899999618530272,14.630000114440918,0.0006083794699427381,461566.3557935402,-511.05812013526617,461055.2976734049,0.6411044528989258,0.0,True,False
2013-11-11,1771.8900146484375,12.529999732971191,14.729999542236328,0.0006083794699427381,461568.6638061179,-436.54187912738706,461132.1219269905,2.308012577704183,0.0,True,False
2013-11-12,1767.68994140625,12.81999969482422,14.880000114440918,0.0008111931345149166,461569.4331462084,-417.9715729939242,461151.4615732145,0.7693400905159546,0.0,True,False
2013-11-13,1782.0,12.520000457763672,14.829999923706056,0.0008111931345149166,461570.4589609245,-451.1618054027582,461119.2971555217,1.025814716037754,0.0,True,False
2013-11-14,1790.6199951171875,12.369999885559082,14.880000114440918,0.0008111931345149166,461571.48477792036,-482.3537087350391,461089.1310691853,1.0258169958590682,0.0,True,False
2013-11-15,1798.1800537109375,12.1899995803833,14.800000190734863,0.0008111931345149166,461572.51059719606,-508.944686234793,461063.56591096125,1.0258192756854492,0.0,True,False
2013-11-18,1791.530029296875,13.100000381469728,14.93000030517578,0.0009126038126204015,461575.58806870197,-436.9920081736953,461138.59606052825,3.077471505892401,0.0,True,False
2013-11-19,1787.8699951171875,13.390000343322754,15.25,0.0008111931345149166,461576.7421403954,-407.1047740428642,461169.63736635254,1.154071693413712,0.0,True,False
2013-11-20,1781.3699951171875,13.399999618530272,14.989999771118164,0.0008111931345149166,461577.7679713553,-339.41482308075337,461238.35314827453,1.025830959907599,0.0,True,False
2013-11-21,1795.8499755859375,12.65999984741211,14.520000457763672,0.0007097850203325396,461578.7938045951,-347.79481659410607,461230.99898800097,1.0258332397650143,0.0,True,False
2013-11-22,1804.760009765625,12.260000228881836,14.149999618530272,0.0007097850203325396,461579.6913992035,-362.2541707342495,461217.43722846924,0.897594608449508,0.0,True,False
2013-11-25,1802.47998046875,12.789999961853027,14.43000030517578,0.0008111931345149166,461582.38419350184,-302.6474757742899,461279.73671772756,2.692794298372437,0.0,True,False
2013-11-26,1802.75,12.8100004196167,14.550000190734863,0.0007097850203325396,461583.41003700095,-273.97028471840156,461309.4397522826,1.025843499085217,0.0,True,False
2013-11-27,1807.22998046875,12.979999542236328,14.600000381469728,0.0007097850203325396,461584.3076405862,-299.0154510037551,461285.2921895825,0.8976035852599129,0.0,True,False
2013-11-29,1805.81005859375,13.699999809265137,15.029999732971191,0.0006083794699427381,461285.6299254602,0.0,461285.6299254602,1.7952124070591444,96.1693382246666,False,False
2013-12-02,1800.9000244140625,14.229999542236328,15.1899995803833,0.000506976483216771,461287.9365342986,0.0,461287.9365342986,2.3066088384015173,0.0,False,False
2013-12-03,1795.1500244140625,14.550000190734863,15.489999771118164,0.0006083794699427381,461627.9128458437,-509.3355929198398,461118.57725292386,0.6407186252555683,0.0,True,False
2013-12-04,1792.81005859375,14.699999809265137,15.56999969482422,0.0006083794699427381,461628.6822846902,-494.9158581044958,461133.76642658573,0.7694388464869726,0.0,True,False
2013-12-05,1785.030029296875,15.079999923706056,15.779999732971191,0.0006083794699427381,461629.4517248192,-483.2403224572583,461146.2114023619,0.7694401289833772,0.0,True,False
2013-12-06,1805.0899658203125,13.789999961853027,14.949999809265137,0.0006083794699427381,461630.2211662307,-440.13337300778545,461190.0877932229,0.7694414114819195,0.0,True,False
2013-12-09,1808.3699951171875,13.489999771118164,14.93000030517578,0.0007097850203325396,461632.5294981603,-385.1962903498868,461247.3332078104,2.308331929584144,0.0,True,False
2013-12-10,1802.6199951171875,13.90999984741211,15.220000267028809,0.0007097850203325396,461633.42719726416,-375.2643922873825,461258.1628049768,0.897699103867133,0.0,True,False
2013-12-11,1782.219970703125,15.420000076293944,15.989999771118164,0.0007097850203325396,461634.32489811373,-406.70194728461865,461227.6229508291,0.8977008495493144,0.0,True,False
2013-12-12,1775.5,15.539999961853027,16.1200008392334,0.0007097850203325396,461635.22260070895,-395.917864714244,461239.3047359947,0.8977025952348905,0.0,True,False
2013-12-13,1775.3199462890625,15.760000228881836,16.270000457763672,0.0007097850203325396,461636.1203050499,-393.159151453053,461242.9611535968,0.8977043409238612,0.0,True,False
2013-12-16,1786.5400390625,16.030000686645508,16.389999389648438,0.0007097850203325396,461638.81342854694,-366.4688940855501,461272.3445344614,2.6931234970758418,0.0,True,False
2013-12-17,1781.0,16.209999084472656,16.5,0.0007097850203325396,461639.71113987063,-355.6182353384655,461284.09290453215,0.8977113237136914,0.0,True,False
2013-12-18,1810.6500244140625,13.800000190734863,14.989999771118164,0.0007097850203325396,461640.60885294003,-251.06015224027294,461389.54870069976,0.8977130694196357,0.0,True,False
2013-12-19,1809.5999755859375,14.149999618530272,15.279999732971191,0.0006083794699427381,461641.50656775513,-250.59420442569396,461390.91236332944,0.8977148151289747,0.0,True,False
2013-12-20,1818.3199462890625,13.789999961853027,15.010000228881836,0.0007097850203325396,461642.27602925955,-239.27301541900894,461403.0030138405,0.7694615044273093,0.0,True,False
2013-12-23,1827.989990234375,13.039999961853027,14.520000457763672,0.0007097850203325396,461644.9691886683,-179.0618380026188,461465.90735066566,2.693159408749087,0.0,True,False
2013-12-24,1833.3199462890625,12.479999542236328,14.239999771118164,0.0007097850203325396,461484.0427894349,0.0,461484.0427894349,0.8977232943179957,177.51147039210096,False,False
2013-12-26,1842.02001953125,12.329999923706056,14.029999732971191,0.0007097850203325396,461485.83761188784,0.0,461485.83761188784,1.7948224529341896,0.0,False,False
2013-12-27,1841.4000244140625,12.460000038146973,13.979999542236328,0.0007097850203325396,461486.73502573196,0.0,461486.73502573196,0.8974138441281919,0.0,False,False
2013-12-30,1841.0699462890625,13.5600004196167,14.770000457763672,0.0007097850203325396,461489.42727773526,0.0,461489.42727773526,2.692252003299353,0.0,False,False
2013-12-31,1848.3599853515625,13.720000267028809,14.770000457763672,0.0007097850203325396,461490.32469855994,0.0,461490.32469855994,0.897420824658394,0.0,False,False
2014-01-02,1831.97998046875,14.229999542236328,15.260000228881836,0.0007097850203325396,461492.11954544473,0.0,461492.11954544473,1.7948468847898975,0.0,False,False
2014-01-03,1831.3699951171875,13.760000228881836,15.09000015258789,0.0007097850203325396,461493.01697150484,0.0,461493.01697150484,0.8974260600916785,0.0,False,False
2014-01-06,1826.77001953125,13.550000190734863,14.81999969482422,0.000506976483216771,461495.70926015615,0.0,461495.70926015615,2.692288651332347,0.0,False,False
2014-01-07,1837.8800048828125,12.920000076293944,14.40999984741211,0.00040557606002412504,461859.08600438916,-532.7357370161042,461326.3502673731,0.641007216924098,0.0,True,False
2014-01-08,1837.489990234375,12.869999885559082,14.289999961853027,0.000506976483216771,461859.5992073822,-504.41603103204244,461355.18317635014,0.5132029930105514,0.0,True,False
2014-01-09,1838.1300048828125,12.890000343322754,14.289999961853027,0.00040557606002412504,461860.2407200341,-489.6819859437545,461370.55873409036,0.6415126519209087,0.0,True,False
2014-01-10,1842.3699951171875,12.140000343322754,13.9399995803833,0.000506976483216771,461860.7539243102,-433.8778462012921,461426.8760781089,0.5132042760935155,0.0,True,False
2014-01-13,1819.199951171875,13.279999732971191,14.979999542236328,0.00030417820023607886,461862.67846975086,-429.0718417123464,461433.6066280385,1.9245454406576767,0.0,True,False
2014-01-14,1838.8800048828125,12.279999732971191,14.489999771118164,0.00040557606002412504,461863.06337007094,-373.52502866433593,461489.5383414066,0.3849003201110305,0.0,True,False
2014-01-15,1848.3800048828125,12.279999732971191,14.460000038146973,0.00040557606002412504,461863.5765774835,-383.49162509616787,461480.0849523873,0.5132074125316436,0.0,True,False
2014-01-16,1845.8900146484375,12.529999732971191,14.6899995803833,0.00040557606002412504,461864.0897854663,-372.7905667364463,461491.2992187299,0.513207982791249,0.0,True,False
2014-01-17,1838.699951171875,12.4399995803833,14.630000114440918,0.000506976483216771,461864.6029940194,-326.29124593924735,461538.31174808013,0.5132085530514882,0.0,True,False
2014-01-21,1843.800048828125,12.869999885559082,14.619999885559082,0.00040557606002412504,461867.16907777416,-282.95466350624093,461584.2144142679,2.5660837547504762,0.0,True,False
2014-01-22,1844.8599853515625,12.84000015258789,14.470000267028809,0.00040557606002412504,461867.6822897488,-263.93871813700355,461603.7435716118,0.5132119746622708,0.0,True,False
2014-01-23,1828.4599609375,13.770000457763672,14.979999542236328,0.00040557606002412504,461868.1955022937,-282.8156595483258,461585.3798427454,0.5132125449269455,0.0,True,False
2014-01-24,1790.2900390625,18.13999938964844,17.399999618530273,0.00040557606002412504,461868.7087154089,-584.0979592969055,461284.61075611203,0.5132131151922538,0.0,True,True
2014-01-27,1781.56005859375,17.420000076293945,17.1299991607666,0.000506976483216771,461870.2483581762,-522.8394354042363,461347.408922772,1.5396427673072426,0.0,True,True
2014-01-28,1792.5,15.800000190734863,16.200000762939453,0.000506976483216771,461870.8898856196,-370.94161231278105,461499.94827330677,0.6415274433531497,0.0,True,False
2014-01-29,1774.199951171875,17.350000381469727,17.239999771118164,0.00040557606002412504,461871.531413954,-519.4107172454987,461352.1206967085,0.6415283344204182,0.0,True,True
2014-01-30,1794.18994140625,17.290000915527344,17.3700008392334,0.00020278290372213926,461872.0446307759,-401.119454057665,461470.9251767183,0.5132168219502247,0.0,True,False
2014-01-31,1782.5899658203125,18.40999984741211,18.09000015258789,0.00020278290372213926,461370.3332677225,0.0,461370.3332677225,0.256602138000376,-139.23222817528023,False,True
2014-02-03,1741.8900146484375,21.440000534057617,20.13999938964844,0.000506976483216771,461371.10223835683,0.0,461371.10223835683,0.7689706343234087,0.0,False,True
2014-02-04,1755.199951171875,19.11000061035156,19.079999923706055,0.0006083794699427381,461721.6526717935,-519.9095992961065,461201.74307249737,0.6408341405581642,0.0,True,True
2014-02-05,1751.6400146484375,19.950000762939453,19.670000076293945,0.0007097850203325396,461722.422266885,-545.1300447308827,461177.2922221541,0.7695950915092982,0.0,True,True
2014-02-06,1773.4300537109375,17.229999542236328,17.790000915527344,0.0007097850203325396,461723.320140796,-442.1778531866269,461281.1422876094,0.8978739109978524,0.0,True,False
2014-02-07,1797.02001953125,15.289999961853027,16.34000015258789,0.0008111931345149166,461724.21801645303,-419.60135969292793,461304.6166567601,0.897875657019967,0.0,True,False
2014-02-10,1799.8399658203125,15.260000228881836,16.31999969482422,0.0007097850203325396,461727.2964994474,-383.4792117185802,461343.8172877288,3.078482994335228,0.0,True,False
2014-02-11,1819.75,14.510000228881836,15.75,0.000506976483216771,461728.19438283687,-459.25828245456256,461268.9361003823,0.8978833895201048,0.0,True,False
2014-02-12,1819.260009765625,14.300000190734863,15.649999618530272,0.000506976483216771,461728.8357129704,-419.7333397033641,461309.10237326706,0.6413301335590214,0.0,True,False
2014-02-13,1829.8299560546875,14.140000343322754,15.5,0.00030417820023607886,461729.47704399476,-484.75188250843456,461244.7251614863,0.6413310243522308,0.0,True,False
2014-02-14,1838.6300048828125,13.56999969482422,15.170000076293944,0.00020278290372213926,461729.8618333094,-511.54568471066597,461218.31614859874,0.38478931466763194,0.0,True,False
2014-02-18,1840.760009765625,13.869999885559082,15.220000267028809,0.000506976483216771,461730.88792674674,-463.3807016058781,461267.5072251409,1.0260934373124173,0.0,True,False
2014-02-19,1828.75,15.5,16.290000915527344,0.0006083794699427381,461731.5292606216,-447.65013267740653,461283.8791279442,0.64133387483126,0.0,True,False
2014-02-20,1839.780029296875,14.789999961853027,15.720000267028809,0.000506976483216771,461732.29887217534,-482.51926400512446,461249.7796081702,0.7696115537528143,0.0,True,False
2014-02-21,1836.25,14.68000030517578,15.640000343322754,0.000506976483216771,461732.9402080099,-409.6335238180045,461323.3066841919,0.6413358346028988,0.0,True,False
2014-02-24,1847.6099853515625,14.229999542236328,15.5,0.000506976483216771,461734.86422085867,-413.63119965772705,461321.2330212009,1.9240128487392918,0.0,True,False
2014-02-25,1845.1199951171875,13.670000076293944,15.5,0.000506976483216771,461735.5055602565,-297.58836542596674,461437.91719483054,0.6413393978148354,0.0,True,False
2014-02-26,1845.1600341796875,14.350000381469728,15.90999984741211,0.000506976483216771,461736.1469005451,-326.89233782265256,461409.25456272246,0.6413402886209127,0.0,True,False
2014-02-27,1854.2900390625,14.039999961853027,15.630000114440918,0.00040557606002412504,461736.78824172454,-369.2006270978982,461367.5876146266,0.6413411794282274,0.0,True,False
2014-02-28,1859.449951171875,14.0,15.800000190734863,0.000506976483216771,461347.3236329861,0.0,461347.3236329861,0.5130670996618226,-40.068076542001556,False,False
2014-03-03,1845.72998046875,16.0,16.920000076293945,0.000506976483216771,461725.78938377684,-546.5433447825876,461179.2460389942,1.9224060081168783,0.0,True,False
2014-03-04,1873.9100341796875,14.100000381469728,15.6899995803833,0.000506976483216771,461726.4307105699,-532.1420614691522,461194.28864910075,0.6413267930691245,0.0,True,False
2014-03-05,1873.81005859375,13.890000343322754,15.770000457763672,0.0006083794699427381,461727.07203825377,-504.7171792484167,461222.35485900537,0.6413276838576942,0.0,True,False
2014-03-06,1877.030029296875,14.210000038146973,15.829999923706056,0.000506976483216771,461727.84164237825,-525.1585519044102,461202.6830904738,0.7696041244792765,0.0,True,False
2014-03-07,1878.0400390625,14.109999656677246,15.869999885559082,0.0006083794699427381,461728.48297202185,-507.42687833505215,461221.0560936868,0.6413296436104148,0.0,True,False
2014-03-10,1877.1700439453125,14.199999809265137,15.970000267028809,0.000506976483216771,461730.791795299,-444.28745443523667,461286.5043408637,2.308823277102929,0.0,True,False
2014-03-11,1867.6300048828125,14.800000190734863,16.350000381469727,0.000506976483216771,461731.4331290403,-412.2513656402194,461319.1817634001,0.6413337413068294,0.0,True,False
2014-03-12,1868.199951171875,14.470000267028809,16.079999923706055,0.000506976483216771,461732.0744636724,-369.9344654524526,461362.13999821997,0.64133463210505,0.0,True,False
2014-03-13,1846.3399658203125,16.219999313354492,17.1299991607666,0.000506976483216771,461732.71579919534,-385.59686004257003,461347.11893915274,0.641335522904508,0.0,True,False
2014-03-14,1841.1300048828125,17.81999969482422,17.93000030517578,0.000506976483216771,461733.357135609,-452.94635439871513,461280.4107812103,0.6413364137052032,0.0,True,False
2014-03-17,1858.8299560546875,15.640000343322754,16.690000534057617,0.0006083794699427381,461735.28115019505,-309.5774262824473,461425.7037239126,1.9240145860510316,0.0,True,False
2014-03-18,1872.25,14.520000457763672,16.15999984741211,0.000506976483216771,461736.0507680024,-269.8214028999561,461466.2293651024,0.7696178073815599,0.0,True,False
2014-03-19,1860.77001953125,15.119999885559082,16.31999969482422,0.0006083794699427381,461736.6921090483,-249.23790252058663,461487.45420652773,0.641341045902276,0.0,True,False
2014-03-20,1872.010009765625,14.520000457763672,15.859999656677246,0.0006083794699427381,461737.4617292075,-232.01771692637604,461505.44401228114,0.7696201591599561,0.0,True,False
2014-03-21,1866.52001953125,15.0,16.18000030517578,0.0006083794699427381,461738.23135064944,-223.36876418413487,461514.8625864653,0.7696214419585716,0.0,True,False
2014-03-24,1857.43994140625,15.09000015258789,16.100000381469727,0.0006083794699427381,461562.94500150357,0.0,461562.94500150357,2.3088720228145743,198.9481236138521,False,False
2014-03-25,1865.6199951171875,14.020000457763672,15.529999732971191,0.000506976483216771,461563.714332062,0.0,461563.714332062,0.7693305584441209,0.0,False,False
2014-03-26,1852.56005859375,14.93000030517578,16.079999923706055,0.000506976483216771,461564.35543373646,0.0,461564.35543373646,0.6411016744477638,0.0,False,False
2014-03-27,1849.0400390625,14.619999885559082,15.869999885559082,0.00040557606002412504,461564.9965363014,0.0,461564.9965363014,0.6411025649236487,0.0,False,False
2014-03-28,1857.6199951171875,14.40999984741211,15.460000038146973,0.00040557606002412504,461565.5094125116,0.0,461565.5094125116,0.5128762102324075,0.0,False,False
2014-03-31,1872.3399658203125,13.880000114440918,15.079999923706056,0.000506976483216771,461567.04804456176,0.0,461567.04804456176,1.5386320501814672,0.0,False,False
2014-04-01,1885.52001953125,13.100000381469728,14.399999618530272,0.00040557606002412504,461938.0918080108,-540.4026571441864,461397.68915086664,0.6411063048998539,0.0,True,False
2014-04-02,1890.9000244140625,13.09000015258789,14.449999809265137,0.00020278290372213926,461938.6050987925,-549.4341002205291,461389.170998572,0.5132907817238462,0.0,True,False
2014-04-03,1888.77001953125,13.369999885559082,14.5,0.00020278290372213926,461938.8617379095,-537.0383038515416,461401.82343405794,0.25663911698318714,0.0,True,False
2014-04-04,1865.0899658203125,13.960000038146973,14.960000038146973,0.00030417820023607886,461939.11837716907,-502.4115922815663,461436.70678488753,0.25663925956411815,0.0,True,False
2014-04-07,1845.0400390625,15.56999969482422,15.899999618530272,0.00030417820023607886,461940.2732701989,-566.4257125563863,461373.8475576425,1.1548930298520403,0.0,True,False
2014-04-08,1851.9599609375,14.890000343322754,15.529999732971191,0.00030417820023607886,461940.6582351838,-501.31468772837155,461439.34354745544,0.3849649849235898,0.0,True,False
2014-04-09,1872.1800537109375,13.81999969482422,14.829999923706056,0.00040557606002412504,461941.04320048954,-415.80806921371646,461525.23513127584,0.384965305740042,0.0,True,False
2014-04-10,1833.0799560546875,15.890000343322754,16.06999969482422,0.00040557606002412504,461941.5564945508,-570.2736826512157,461371.28281189955,0.5132940612164437,0.0,True,False
2014-04-11,1815.68994140625,17.030000686645508,16.790000915527344,0.00040557606002412504,461942.06978918234,-692.0109799831107,461250.05880919925,0.5132946315723304,0.0,True,True
2014-04-14,1830.6099853515625,16.110000610351562,16.3700008392334,0.00040557606002412504,461943.6096764993,-535.1009957251447,461408.5086807742,1.539887316990964,0.0,True,False
2014-04-15,1842.97998046875,15.609999656677246,15.989999771118164,0.00040557606002412504,461944.12297341233,-451.712239027363,461492.41073438496,0.5132969130022148,0.0,True,False
2014-04-16,1862.31005859375,14.18000030517578,15.229999542236328,0.00040557606002412504,461944.6362708957,-322.6747849905318,461621.96148590517,0.5132974833612702,0.0,True,False
2014-04-17,1864.8499755859375,13.359999656677246,14.84000015258789,0.00030417820023607886,461945.1495689494,-264.28095992874825,461680.86860902066,0.5132980537209595,0.0,True,False
2014-04-21,1871.8900146484375,13.25,14.75,0.00040557606002412504,461946.68944706896,-193.95168779355112,461752.7377592754,1.539878119520831,0.0,True,False
2014-04-22,1879.550048828125,13.1899995803833,14.609999656677246,0.00030417820023607886,461762.98318268586,0.0,461762.98318268586,0.5133003351444266,186.18309242594074,False,False
2014-04-23,1875.3900146484375,13.270000457763672,14.829999923706056,0.00020278290372213926,461763.36799992336,0.0,461763.36799992336,0.3848172375202656,0.0,False,False
2014-04-24,1878.6099853515625,13.31999969482422,14.770000457763672,0.00010139017035360414,461763.62454168394,0.0,461763.62454168394,0.2565417605513582,0.0,False,False
2014-04-25,1863.4000244140625,14.0600004196167,15.18000030517578,0.00030417820023607886,461763.75281099643,0.0,461763.75281099643,0.12826931251187093,0.0,False,False
2014-04-28,1869.4300537109375,13.970000267028809,14.93000030517578,0.00030417820023607886,461764.9072655952,0.0,461764.9072655952,1.1544545987644972,0.0,False,False
2014-04-29,1878.3299560546875,13.710000038146973,14.829999923706056,0.00020278290372213926,461765.2920844362,0.0,461765.2920844362,0.38481884098415703,0.0,False,False
2014-04-30,1883.949951171875,13.40999984741211,14.699999809265137,0.00030417820023607886,461765.5486272657,0.0,461765.5486272657,0.2565428295145168,0.0,False,False
2014-05-01,1883.6800537109375,13.25,14.670000076293944,0.00030417820023607886,461765.9334466412,0.0,461765.9334466412,0.3848193754727048,0.0,False,False
2014-05-02,1881.1400146484375,12.90999984741211,14.68000030517578,0.00020278290372213926,461766.3182663374,0.0,461766.3182663374,0.3848196961678112,0.0,False,False
2014-05-05,1884.6600341796875,13.289999961853027,14.75,0.00030417820023607886,461767.08789696393,0.0,461767.08789696393,0.769630626554402,0.0,False,False
2014-05-06,1867.719970703125,13.800000190734863,15.119999885559082,0.00030417820023607886,462129.3849575654,-531.9122399432191,461597.4727176222,0.384820658246627,0.0,True,False
2014-05-07,1878.2099609375,13.399999618530272,14.619999885559082,0.00030417820023607886,462129.77008014946,-517.314932367363,461612.4551477821,0.3851225840377795,0.0,True,False
2014-05-08,1875.6300048828125,13.43000030517578,14.579999923706056,0.00030417820023607886,462130.1552030544,-485.87794457126734,461644.27725848317,0.3851229049855694,0.0,True,False
2014-05-09,1878.47998046875,12.920000076293944,14.380000114440918,0.00030417820023607886,462130.54032628034,-446.0486243251796,461684.49170195515,0.3851232259336267,0.0,True,False
2014-05-12,1896.6500244140625,12.229999542236328,13.880000114440918,0.00030417820023607886,462131.69569788384,-433.12690806262026,461698.56878982123,1.1553716034691999,0.0,True,False
2014-05-13,1897.449951171875,12.130000114440918,14.039999961853027,0.00030417820023607886,462132.0808223936,-416.5176858528784,461715.5631365407,0.3851245097285307,0.0,True,False
2014-05-14,1888.530029296875,12.170000076293944,14.18000030517578,0.00030417820023607886,462132.4659472243,-349.26057109906907,461783.20537612523,0.3851248306779254,0.0,True,False
2014-05-15,1870.8499755859375,13.170000076293944,14.859999656677246,0.00030417820023607886,462132.8510723759,-337.47327412533633,461795.3777982506,0.38512515162758754,0.0,True,False
2014-05-16,1877.8599853515625,12.4399995803833,14.329999923706056,0.00030417820023607886,462133.23619784846,-290.1212011511826,461843.1149966973,0.38512547257751717,0.0,True,False
2014-05-19,1885.0799560546875,12.420000076293944,14.109999656677246,0.00030417820023607886,462134.3915761919,-253.9640238744087,461880.42755231744,1.1553783434121048,0.0,True,False
2014-05-20,1872.8299560546875,12.960000038146973,14.40999984741211,0.00030417820023607886,462134.77670294826,-241.31725361058355,461893.4594493377,0.38512675637991023,0.0,True,False
2014-05-21,1888.030029296875,11.90999984741211,13.869999885559082,0.00040557606002412504,462135.1618300256,-200.35874908727064,461934.80308093835,0.3851270773311772,0.0,True,False
2014-05-22,1892.489990234375,12.029999732971191,13.829999923706056,0.00030417820023607886,462135.67533978523,-202.1515705856749,461933.52376919956,0.5135097596073509,0.0,True,False
2014-05-23,1900.530029296875,11.359999656677246,13.619999885559082,0.00040557606002412504,461952.33903788525,0.0,461952.33903788525,0.38512782622391595,178.19081021697255,False,False
2014-05-27,1911.9100341796875,11.510000228881836,13.640000343322754,0.00040557606002412504,461954.3922677588,0.0,461954.3922677588,2.053229873536004,0.0,False,False
2014-05-28,1909.780029296875,11.68000030517578,13.770000457763672,0.00040557606002412504,461954.9055766531,0.0,461954.9055766531,0.5133088942715552,0.0,False,False
2014-05-29,1920.030029296875,11.56999969482422,13.710000038146973,0.00040557606002412504,461955.4188861177,0.0,461955.4188861177,0.513309464643924,0.0,False,False
2014-05-30,1923.5699462890625,11.399999618530272,13.75,0.00040557606002412504,461955.9321961527,0.0,461955.9321961527,0.5133100350169264,0.0,False,False
2014-06-02,1924.969970703125,11.579999923706056,13.880000114440918,0.00040557606002412504,461957.4721296801,0.0,461957.4721296801,1.5399335274274508,0.0,False,False
2014-06-03,1924.239990234375,11.869999885559082,13.81999969482422,0.00040557606002412504,462365.80272090726,-577.8172789106736,461787.9854419966,0.5133123165152741,0.0,True,False
2014-06-04,1927.8800048828125,12.079999923706056,13.770000457763672,0.00040557606002412504,462366.31648694765,-583.4958097190994,461782.82067722856,0.5137660403628841,0.0,True,False
2014-06-05,1940.4599609375,11.68000030517578,13.579999923706056,0.00040557606002412504,462366.8302535589,-607.0967193461161,461759.73353421275,0.5137666112432189,0.0,True,False
2014-06-06,1949.43994140625,10.729999542236328,12.829999923706056,0.00040557606002412504,462367.344020741,-550.1227962392892,461817.2212245017,0.5137671821241879,0.0,True,False
2014-06-09,1951.27001953125,11.149999618530272,13.020000457763672,0.00040557606002412504,462368.8853257128,-532.6624986404314,461836.2228270724,1.541304971797159,0.0,True,False
2014-06-10,1950.7900390625,10.989999771118164,13.010000228881836,0.00040557606002412504,462369.39909517847,-490.3394968201158,461879.05959835835,0.5137694656544078,0.0,True,False
2014-06-11,1943.8900146484375,11.600000381469728,13.289999961853027,0.00040557606002412504,462369.912865215,-469.038532820814,461900.87433239416,0.5137700365385487,0.0,True,False
2014-06-12,1930.1099853515625,12.5600004196167,14.109999656677246,0.00040557606002412504,462370.4266358224,-462.6241367303197,461907.80249909207,0.5137706074233239,0.0,True,False
2014-06-13,1936.1600341796875,12.18000030517578,13.789999961853027,0.00040557606002412504,462370.9404070007,-432.16318423145765,461938.7772227693,0.5137711783087334,0.0,True,False
2014-06-16,1937.780029296875,12.649999618530272,13.970000267028809,0.00040557606002412504,462372.4817239611,-408.7134938968876,461963.7682300642,1.5413169603774388,0.0,True,False
2014-06-17,1941.989990234375,12.0600004196167,13.65999984741211,0.00040557606002412504,462372.99549742293,-354.05029736402963,462018.9452000589,0.513773461856715,0.0,True,False
2014-06-18,1956.97998046875,10.609999656677246,12.619999885559082,0.00030417820023607886,462373.5092714557,-292.0086148942647,462081.5006565614,0.5137740327452963,0.0,True,False
2014-06-19,1959.47998046875,10.619999885559082,12.699999809265137,0.00020278290372213926,462373.89459748444,-284.234456113857,462089.6601413706,0.3853260287648455,0.0,True,False
2014-06-20,1962.8699951171875,10.850000381469728,12.869999885559082,0.00020278290372213926,462374.1514784351,-303.7758201029422,462070.37565833214,0.25688095066269195,0.0,True,False
2014-06-23,1962.6099853515625,10.979999542236328,12.920000076293944,0.00030417820023607886,462374.92212214344,-230.725968850179,462144.19615329325,0.7706437083608526,0.0,True,False
2014-06-24,1949.97998046875,12.130000114440918,13.380000114440918,0.00030417820023607886,462375.3074493496,-234.9467133602473,462140.36073598935,0.3853272061855537,0.0,True,False
2014-06-25,1959.530029296875,11.59000015258789,13.109999656677246,0.00030417820023607886,462375.6927768769,-216.69928988788055,462158.99348698906,0.3853275273038686,0.0,True,False
2014-06-26,1957.219970703125,11.630000114440918,13.06999969482422,0.00040557606002412504,462179.28272524494,0.0,462179.28272524494,0.38532784842245105,211.02189943026784,False,False
2014-06-27,1960.9599609375,11.260000228881836,12.81999969482422,0.00030417820023607886,462179.79628403025,0.0,462179.79628403025,0.5135587853300594,0.0,False,False
2014-06-30,1960.22998046875,11.56999969482422,13.010000228881836,0.00040557606002412504,462180.95177877846,0.0,462180.95177877846,1.1554947481868065,0.0,False,False
2014-07-01,1973.3199462890625,11.149999618530272,12.739999771118164,0.00020278290372213926,462565.27698675665,-553.8116473382718,462011.4653394184,0.5135606399287777,0.0,True,False
2014-07-02,1974.6199951171875,10.81999969482422,12.489999771118164,0.00020278290372213926,462565.5339740336,-506.47238625363286,462059.06158777996,0.25698727692953094,0.0,True,False
2014-07-03,1985.43994140625,10.31999969482422,12.239999771118164,0.00010139017035360414,462565.7909614533,-497.1855449579837,462068.6054164953,0.25698741970388905,0.0,True,False
2014-07-07,1977.6500244140625,11.329999923706056,12.869999885559082,0.00040557606002412504,462566.3049302248,-468.85088477895806,462097.45404544583,0.5139687715067318,0.0,True,False
2014-07-08,1963.7099609375,11.979999542236328,13.210000038146973,0.00030417820023607886,462566.8189190568,-462.21558312372395,462104.60333593306,0.5139888319827636,0.0,True,False
2014-07-09,1972.8299560546875,11.649999618530272,12.989999771118164,0.00030417820023607886,462567.2044061831,-435.47853213762505,462131.72587404546,0.3854871263133392,0.0,True,False
2014-07-10,1964.6800537109375,12.59000015258789,13.649999618530272,0.00020278290372213926,462567.58989363065,-477.7030134333411,462089.88688019733,0.3854874475649259,0.0,True,False
2014-07-11,1967.5699462890625,12.079999923706056,13.279999732971191,0.00020278290372213926,462567.84688219253,-419.0635354387584,462148.7833467538,0.25698856191063285,0.0,True,False
2014-07-14,1977.0999755859375,11.81999969482422,12.93000030517578,0.00030417820023607886,462568.617848735,-356.57986440659596,462212.0379843284,0.7709665424634226,0.0,True,False
2014-07-15,1973.280029296875,11.960000038146973,13.15999984741211,0.00020278290372213926,462569.0033373605,-338.7939521734743,462230.209385187,0.3854886254788732,0.0,True,False
2014-07-16,1981.5699462890625,11.0,12.630000114440918,0.00020278290372213926,462569.2603267077,-265.30521091696954,462303.9551157907,0.2569893471772175,0.0,True,False
2014-07-17,1958.1199951171875,14.539999961853027,14.970000267028809,0.00020278290372213926,462569.5173161976,-484.2293798394645,462085.2879363582,0.25698948995272575,0.0,True,False
2014-07-18,1978.219970703125,12.0600004196167,13.359999656677246,0.00020278290372213926,462569.77430583036,-293.2713150434089,462276.502990787,0.2569896327283133,0.0,True,False
2014-07-21,1973.6300048828125,12.8100004196167,13.800000190734863,0.00030417820023607886,462570.54527558526,-275.2078668125004,462295.3374087728,0.770969754920034,0.0,True,False
2014-07-22,1983.530029296875,12.239999771118164,13.5,0.00030417820023607886,462570.930765817,-230.68358070703735,462340.24718510994,0.3854902317294889,0.0,True,False
2014-07-23,1987.010009765625,11.520000457763672,13.380000114440918,0.00030417820023607886,462396.6320435644,0.0,462396.6320435644,0.3854905529836636,209.12743453270014,False,False
2014-07-24,1987.97998046875,11.84000015258789,13.449999809265137,0.00030417820023607886,462397.0173888629,0.0,462397.0173888629,0.3853452984802856,0.0,False,False
2014-07-25,1978.3399658203125,12.6899995803833,14.0,0.00030417820023607886,462397.40273448254,0.0,462397.40273448254,0.3853456196136779,0.0,False,False
2014-07-28,1978.9100341796875,12.5600004196167,13.920000076293944,0.00040557606002412504,462398.5587732682,0.0,462398.5587732682,1.1560387856213523,0.0,False,False
2014-07-29,1969.949951171875,13.279999732971191,14.220000267028809,0.00020278290372213926,462399.072575706,0.0,462399.072575706,0.5138024378369628,0.0,False,False
2014-07-30,1970.0699462890625,13.329999923706056,14.260000228881836,0.00040557606002412504,462399.32947064476,0.0,462399.32947064476,0.256894938785847,0.0,False,False
2014-07-31,1930.6700439453125,16.950000762939453,16.3799991607666,0.00030417820023607886,462399.843273939,0.0,462399.843273939,0.5138032942111521,0.0,False,True
2014-08-01,1925.1500244140625,17.030000686645508,16.780000686645508,0.00030417820023607886,462400.2286219136,0.0,462400.2286219136,0.38534797460818404,0.0,False,True
2014-08-04,1938.989990234375,15.119999885559082,15.8100004196167,0.00040557606002412504,462401.3846677642,0.0,462401.3846677642,1.1560458506166458,0.0,False,False
2014-08-05,1920.2099609375,16.8700008392334,17.139999389648438,0.00030417820023607886,462756.7260150045,-524.8275416624468,462231.89847334207,0.5138055778802297,0.0,True,False
2014-08-06,1920.239990234375,16.3700008392334,16.93000030517578,0.00030417820023607886,462757.1116603928,-480.5090898580633,462276.60257053474,0.38564538829342343,0.0,True,False
2014-08-07,1909.5699462890625,16.65999984741211,17.219999313354492,0.00030417820023607886,462757.4973061025,-461.35126622346644,462296.146039879,0.3856457096769002,0.0,True,False
2014-08-08,1931.5899658203125,15.770000457763672,16.690000534057617,0.00030417820023607886,462757.88295213354,-452.03988518480884,462305.84306694876,0.3856460310606448,0.0,True,False
2014-08-11,1936.9200439453125,14.229999542236328,15.760000228881836,0.00040557606002412504,462759.039892155,-325.43875643930375,462433.60113571567,1.1569400214643508,0.0,True,False
2014-08-12,1933.75,14.130000114440918,15.699999809265137,0.00030417820023607886,462759.5540951479,-296.0644117352582,462463.4896834126,0.514202992886636,0.0,True,False
2014-08-13,1946.719970703125,12.899999618530272,14.850000381469728,0.00040557606002412504,462759.939742893,-249.40277947734114,462510.5369634156,0.38564774511722244,0.0,True,False
2014-08-14,1955.1800537109375,12.420000076293944,14.43000030517578,0.00040557606002412504,462760.45394688577,-233.62664807353494,462526.8272988122,0.5142039927718953,0.0,True,False
2014-08-15,1955.06005859375,13.149999618530272,14.420000076293944,0.00030417820023607886,462760.9681514499,-250.4442838662885,462510.52386758366,0.5142045641388687,0.0,True,False
2014-08-18,1971.739990234375,12.31999969482422,13.90999984741211,0.00030417820023607886,462762.1250991847,-226.08568821946403,462536.0394109652,1.15694773476475,0.0,True,False
2014-08-19,1981.5999755859375,12.210000038146973,13.789999961853027,0.00030417820023607886,462762.5107490724,-253.96332106799545,462508.54742800444,0.3856498877027201,0.0,True,False
2014-08-20,1986.510009765625,11.779999732971191,13.760000228881836,0.00040557606002412504,462762.8963992815,-236.3584581396501,462526.53794114187,0.3856502090899465,0.0,True,False
2014-08-21,1992.3699951171875,11.760000228881836,13.529999732971191,0.00020278290372213926,462763.4106065596,-253.39088272064166,462510.01972383895,0.5142072781135805,0.0,True,False
2014-08-22,1988.4000244140625,11.470000267028809,13.510000228881836,0.00030417820023607886,462763.6677039136,-189.97640103999728,462573.6913028736,0.2570973539758519,0.0,True,False
2014-08-25,1997.9200439453125,11.699999809265137,13.56999969482422,0.00040557606002412504,462764.82465839747,-200.67551978899115,462564.1491386085,1.1569544839102543,0.0,True,False
2014-08-26,2000.02001953125,11.630000114440918,13.710000038146973,0.00030417820023607886,462765.3388678182,-182.45210498294588,462582.88676283526,0.5142094207332226,0.0,True,False
2014-08-27,2000.1199951171875,11.779999732971191,13.920000076293944,0.00040557606002412504,462587.9123762575,0.0,462587.9123762575,0.3856525659459154,177.01539753583359,False,False
2014-08-28,1996.739990234375,12.050000190734863,14.130000114440918,0.00030417820023607886,462588.426389099,0.0,462588.426389099,0.5140128414833046,0.0,False,False
2014-08-29,2003.3699951171875,12.09000015258789,14.260000228881836,0.00030417820023607886,462588.81189423223,0.0,462588.81189423223,0.38550513322864915,0.0,False,False
2014-09-02,2002.280029296875,12.25,14.460000038146973,0.00030417820023607886,463028.91720142815,-608.5632834504028,462420.3539179778,1.5420237455372268,0.0,True,False
2014-09-03,2000.719970703125,12.359999656677246,14.390000343322754,0.00030417820023607886,463029.3030736511,-581.2137464440954,462448.089327207,0.3858722229775615,0.0,True,False
2014-09-04,1997.6500244140625,12.640000343322754,14.539999961853027,0.00030417820023607886,463029.68894619565,-570.6058757372832,462459.0830704584,0.38587254455007447,0.0,True,False
2014-09-05,2007.7099609375,12.09000015258789,14.079999923706056,0.00030417820023607886,463030.0748190618,-538.4259462906246,462491.6488727712,0.3858728661228554,0.0,True,False
2014-09-08,2001.5400390625,12.65999984741211,14.390000343322754,0.00020278290372213926,463031.23243958957,-493.13836019777597,462538.0940793918,1.1576205277851885,0.0,True,False
2014-09-09,1988.43994140625,13.5,14.84000015258789,0.00020278290372213926,463031.48968573724,-502.87766570520944,462528.612020032,0.25724614768561976,0.0,True,False
2014-09-10,1995.68994140625,12.880000114440918,14.630000114440918,0.00020278290372213926,463031.74693202786,-453.2005568222391,462578.5463752056,0.2572462906037986,0.0,True,False
2014-09-11,1997.449951171875,12.800000190734863,14.68000030517578,0.00020278290372213926,463032.0041784614,-431.89812403709834,462600.1060544243,0.2572464335220569,0.0,True,False
2014-09-12,1985.5400390625,13.3100004196167,15.039999961853027,0.00020278290372213926,463032.2614250378,-431.24697064582404,462601.01445439196,0.25724657644039456,0.0,True,False
2014-09-15,1984.1300048828125,14.119999885559082,15.579999923706056,0.00020278290372213926,463033.0331656247,-425.08717631570636,462607.945989309,0.7717405869128595,0.0,True,False
2014-09-16,1998.97998046875,12.729999542236328,14.850000381469728,0.00020278290372213926,463033.29041277285,-320.3658034732739,462712.9246092996,0.25724714811453925,0.0,True,False
2014-09-17,2001.5699462890625,12.649999618530272,14.619999885559082,0.00020278290372213926,463033.5476600639,-296.4280746320944,462737.1195854318,0.257247291033274,0.0,True,False
2014-09-18,2011.3599853515625,12.029999732971191,14.229999542236328,0.00020278290372213926,463033.80490749783,-252.59912229548104,462781.2057852023,0.25724743395208804,0.0,True,False
2014-09-19,2010.4000244140625,12.109999656677246,14.380000114440918,0.00020278290372213926,463034.06215507473,-233.40592945733886,462800.6562256174,0.2572475768709815,0.0,True,False
2014-09-22,1994.2900390625,13.6899995803833,15.260000228881836,0.00010139017035360414,463034.83389866294,-248.49618521602048,462786.33771344693,0.7717435882079556,0.0,True,False
2014-09-23,1982.77001953125,14.93000030517578,16.06999969482422,0.00010139017035360414,463034.96252109366,-302.1755649250017,462732.78695616865,0.12862243073429522,0.0,True,False
2014-09-24,1998.300048828125,13.270000457763672,15.220000267028809,0.00020278290372213926,462841.0506360296,0.0,462841.0506360296,0.12862246646320472,244.52277591989832,False,False
2014-09-25,1965.989990234375,15.640000343322754,16.59000015258789,0.00010139017035360414,462841.30777651805,0.0,462841.30777651805,0.25714048842788906,0.0,False,False
2014-09-26,1982.8499755859375,14.850000381469728,16.020000457763672,0.00010139017035360414,462841.43634519086,0.0,462841.43634519086,0.12856867279122366,0.0,False,False
2014-09-29,1977.800048828125,15.979999542236328,16.81999969482422,0.00020278290372213926,462841.8220514235,0.0,462841.8220514235,0.3857062326034453,0.0,False,False
2014-09-30,1972.2900390625,16.309999465942383,17.079999923706055,0.00020278290372213926,462842.0791923405,0.0,462842.0791923405,0.2571409170029493,0.0,False,False
2014-10-01,1946.1600341796875,16.709999084472656,17.6200008392334,0.00020278290372213926,462842.33633340034,0.0,462842.33633340034,0.25714105986266517,0.0,False,False
2014-10-02,1946.1700439453125,16.15999984741211,17.239999771118164,0.00010139017035360414,462842.5934746031,0.0,462842.5934746031,0.2571412027224604,0.0,False,False
2014-10-03,1967.9000244140625,14.550000190734863,16.040000915527344,0.00010139017035360414,462842.722043633,0.0,462842.722043633,0.1285690299341442,0.0,False,False
2014-10-06,1964.8199462890625,15.460000038146973,16.549999237060547,0.00020278290372213926,462843.10775093705,0.0,462843.10775093705,0.38570730403280196,0.0,False,False
2014-10-07,1935.0999755859375,17.200000762939453,17.68000030517578,0.00020278290372213926,463199.60991628177,-526.2450237134262,462673.3648925683,0.25714163129871115,0.0,True,False
2014-10-08,1968.8900146484375,15.109999656677246,16.280000686645508,0.00010139017035360414,463199.8672559749,-519.8457762233306,462680.02147975157,0.2573396931188465,0.0,True,False
2014-10-09,1928.2099609375,18.760000228881836,18.09000015258789,0.00010139017035360414,463199.9959242488,-553.6434130609794,462646.35251118784,0.12866827391933375,0.0,True,True
2014-10-10,1906.1300048828125,21.239999771118164,19.93000030517578,0.00010139017035360414,463200.1245925585,-655.3035558417863,462544.8210367167,0.12866830966097764,0.0,True,True
2014-10-13,1874.739990234375,24.63999938964844,22.1200008392334,0.00010139017035360414,463200.5105977019,-796.1811656545865,462404.3294320473,0.3860051433787289,0.0,True,True
2014-10-14,1877.699951171875,22.790000915527344,21.3700008392334,0.00020278290372213926,463200.6392661545,-683.7300815935118,462516.909184561,0.12866845262765256,0.0,True,True
2014-10-15,1862.489990234375,25.270000457763672,22.770000457763672,0.00020278290372213926,463200.89660641947,-817.9250110325622,462382.9715953869,0.25734026499450163,0.0,True,True
2014-10-16,1862.760009765625,25.200000762939453,22.850000381469727,0.00030417820023607886,463201.15394682746,-801.7009142722,462399.45303255523,0.2573404079649692,0.0,True,True
2014-10-17,1886.760009765625,21.989999771118164,21.25,0.00020278290372213926,463201.53996258654,-594.4154271166072,462607.1245354699,0.386015759101023,0.0,True,True
2014-10-20,1904.010009765625,18.56999969482422,19.670000076293945,0.00020278290372213926,463202.31198531174,-367.0272480741008,462835.2847372376,0.7720227251757908,0.0,True,False
2014-10-21,1941.280029296875,16.079999923706055,17.8700008392334,0.00020278290372213926,463202.56932650605,-255.3006759482872,462947.2686505578,0.2573411943066715,0.0,True,False
2014-10-22,1927.1099853515625,17.8700008392334,19.059999465942383,0.00020278290372213926,463202.8266678433,-304.522809421612,462898.30385842174,0.25734133727765546,0.0,True,False
2014-10-23,1950.8199462890625,16.530000686645508,18.219999313354492,0.00010139017035360414,463203.08400932356,-258.5929031245736,462944.491106199,0.2573414802487188,0.0,True,False
2014-10-24,1964.5799560546875,16.110000610351562,17.920000076293945,0.00010139017035360414,463203.212678491,-255.7192402129476,462947.4934382781,0.12866916747334844,0.0,True,False
2014-10-27,1961.6300048828125,16.040000915527344,17.860000610351562,0.00020278290372213926,463203.59868620784,-186.27651835340652,463017.32216785447,0.3860077168172706,0.0,True,False
2014-10-28,1985.050048828125,14.390000343322754,16.459999084472656,0.00020278290372213926,463030.3144887123,0.0,463030.3144887123,0.25734190915877125,182.70348430868648,False,False
2014-10-29,1982.300048828125,15.149999618530272,16.889999389648438,0.00030417820023607886,463030.57173435,0.0,463030.57173435,0.25724563769987707,0.0,False,False
2014-10-30,1994.6500244140625,14.520000457763672,16.739999771118164,0.00010139017035360414,463030.95760795183,0.0,463030.95760795183,0.38587360180785235,0.0,False,False
2014-10-31,2018.050048828125,14.029999732971191,16.510000228881836,0.00010139017035360414,463031.08622930583,0.0,463031.08622930583,0.12862135397311658,0.0,False,False
2014-11-03,2017.81005859375,14.729999542236328,16.809999465942383,0.00020278290372213926,463031.4720935821,0.0,463031.4720935821,0.3858642762369049,0.0,False,False
2014-11-04,2012.0999755859375,14.890000343322754,16.93000030517578,0.00030417820023607886,463220.2490213213,-358.51968145833933,462861.72933986294,0.2572462808301293,0.0,True,False
2014-11-05,2023.5699462890625,14.170000076293944,16.56999969482422,0.00030417820023607886,463220.6350529936,-333.0756107946935,462887.5594421989,0.3860316722731147,0.0,True,False
2014-11-06,2031.2099609375,13.670000076293944,16.260000228881836,0.00030417820023607886,463221.02108498756,-310.85750069517627,462910.1635842924,0.3860319939785072,0.0,True,False
2014-11-07,2031.9200439453125,13.119999885559082,15.829999923706056,0.00030417820023607886,463221.4071173032,-268.98525875704127,462952.4218585462,0.3860323156841677,0.0,True,False
2014-11-10,2038.260009765625,12.670000076293944,15.039999961853027,0.00020278290372213926,463222.5652161805,-212.117676545581,463010.44753963494,1.158098877266395,0.0,True,False
2014-11-11,2039.6800537109375,12.920000076293944,15.359999656677246,0.00020278290372213926,463222.8225686269,-215.1388436307644,463007.6837249961,0.2573524463891536,0.0,True,False
2014-11-12,2038.25,13.020000457763672,15.739999771118164,0.00020278290372213926,463223.07992121624,-208.75312285700423,463014.3267983592,0.25735258936638883,0.0,True,False
2014-11-13,2039.3299560546875,13.789999961853027,15.890000343322754,0.00020278290372213926,463223.3372739486,-224.27592541126904,462999.06134853733,0.2573527323437034,0.0,True,False
2014-11-14,2039.8199462890625,13.3100004196167,15.960000038146973,0.00020278290372213926,463223.5946268239,-196.87061569202834,463026.72401113185,0.2573528753210975,0.0,True,False
2014-11-17,2041.3199462890625,13.989999771118164,15.93000030517578,0.00030417820023607886,463224.3666863078,-183.05541766176276,463041.31126864604,0.7720594839093406,0.0,True,False
2014-11-18,2051.800048828125,13.859999656677246,15.699999809265137,0.00020278290372213926,463224.75272141164,-184.64425132687688,463040.1084700848,0.3860351037921469,0.0,True,False
2014-11-19,2048.719970703125,13.960000038146973,15.970000267028809,0.00010139017035360414,463225.01007507334,-169.46772522556472,463055.5423498478,0.25735366170089574,0.0,True,False
2014-11-20,2052.75,13.579999923706056,16.010000228881836,0.00020278290372213926,463225.1387503315,-150.58586717739922,463074.5528831541,0.1286752581249943,0.0,True,False
2014-11-21,2063.5,12.899999618530272,15.789999961853027,0.00010139017035360414,463225.39610420767,-134.34680638622868,463091.0492978214,0.25735387616688754,0.0,True,False
2014-11-24,2069.409912109375,12.619999885559082,15.550000190734863,0.00020278290372213926,463225.7821304109,-104.71013557614286,463121.07199483475,0.3860262032467203,0.0,True,False
2014-11-25,2067.030029296875,12.25,15.40999984741211,0.00020278290372213926,463125.27957426873,0.0,463125.27957426873,0.25735423360939974,87.75977108258274,False,False
2014-11-26,2072.830078125,12.06999969482422,15.31999969482422,0.00020278290372213926,463125.53687266615,0.0,463125.53687266615,0.25729839742905414,0.0,False,False
2014-11-28,2067.56005859375,13.329999923706056,15.93000030517578,0.00020278290372213926,463126.0514698898,0.0,463126.0514698898,0.5145972236925151,0.0,False,False
2014-12-01,2053.43994140625,14.15999984741211,16.65999984741211,0.00030417820023607886,463126.82336679753,0.0,463126.82336679753,0.7718969077360305,0.0,False,False
2014-12-02,2066.550048828125,12.850000381469728,15.960000038146973,0.00030417820023607886,463623.5528012095,-666.3434805974236,462957.2093206121,0.3859538145764246,0.0,True,False
2014-12-03,2074.330078125,12.5,15.529999732971191,0.00010139017035360414,463623.93916898116,-637.8364113580506,462986.1027576231,0.38636777164034497,0.0,True,False
2014-12-04,2071.919921875,12.380000114440918,15.640000343322754,0.00020278290372213926,463624.06795505434,-598.6153345560939,463025.45262049825,0.1287860731781881,0.0,True,False
2014-12-05,2075.3701171875,11.890000343322754,15.300000190734863,0.00020278290372213926,463624.3255305635,-544.8924255827097,463079.4331049808,0.25757550916683347,0.0,True,False
2014-12-08,2060.31005859375,14.210000038146973,16.780000686645508,0.00030417820023607886,463625.0982579497,-601.0107989152931,463024.0874590344,0.7727273861887506,0.0,True,False
2014-12-09,2059.820068359375,15.350000381469728,17.229999542236328,0.00040557606002412504,463625.48462700925,-662.2479753552898,462963.23665165395,0.38636905957033313,0.0,True,False
2014-12-10,2026.1400146484375,18.530000686645508,19.13999938964844,0.00030417820023607886,463625.99979276775,-825.9854607986515,462800.0143319691,0.5151657584674807,0.0,True,False
2014-12-11,2035.3299560546875,20.079999923706055,20.719999313354492,0.00030417820023607886,463626.38616257865,-959.4074396730595,462666.97872290557,0.3863698108781487,0.0,True,False
2014-12-12,2002.3299560546875,21.079999923706055,21.0,0.00020278290372213926,463626.7725327115,-992.873271042129,462633.8992616694,0.38637013286533417,0.0,True,True
2014-12-15,1989.6300048828125,20.420000076293945,21.059999465942383,0.00040557606002412504,463627.54526417615,-921.7149699008577,462705.8302942753,0.7727314646321577,0.0,True,False
2014-12-16,1972.739990234375,23.56999969482422,23.09000015258789,0.00030417820023607886,463628.06043222436,-1174.7127009742928,462453.34773125005,0.5151680481813645,0.0,True,True
2014-12-17,2012.8900146484375,19.440000534057617,20.43000030517578,0.00030417820023607886,463628.4468037525,-741.8617612749766,462886.5850424775,0.3863715281435253,0.0,True,False
2014-12-18,2061.22998046875,16.809999465942383,18.479999542236328,0.00040557606002412504,463628.83317560266,-534.3945094789137,463094.4386661237,0.38637185013214187,0.0,True,False
2014-12-19,2070.64990234375,16.489999771118164,18.469999313354492,0.00040557606002412504,463629.3483450819,-506.1500709572857,463123.19827412465,0.5151694792672061,0.0,True,False
2014-12-22,2078.5400390625,15.25,17.59000015258789,0.000506976483216771,463630.89385695447,-326.6555302387,463304.2383267158,1.545511872575707,0.0,True,False
2014-12-23,2082.169921875,14.800000190734863,17.940000534057617,0.00030417820023607886,463369.58543382684,0.0,463369.58543382684,0.6439729405669181,234.39108452921832,False,False
2014-12-24,2081.8798828125,14.369999885559082,17.260000228881836,0.00010139017035360414,463369.9715899509,0.0,463369.9715899509,0.38615612405425465,0.0,False,False
2014-12-26,2088.77001953125,14.5,17.15999984741211,0.00010139017035360414,463370.22902103805,0.0,463370.22902103805,0.2574310871564156,0.0,False,False
2014-12-29,2090.570068359375,15.0600004196167,17.270000457763672,0.00030417820023607886,463370.61516793695,0.0,463370.61516793695,0.3861468989198405,0.0,False,False
2014-12-30,2080.35009765625,15.920000076293944,18.020000457763672,0.00030417820023607886,463371.00132491917,0.0,463371.00132491917,0.38615698219890904,0.0,False,False
2014-12-31,2058.89990234375,19.200000762939453,19.739999771118164,0.00040557606002412504,463371.38748222316,0.0,463371.38748222316,0.38615730400873044,0.0,False,False
2015-01-02,2058.199951171875,17.790000915527344,19.459999084472656,0.00020278290372213926,463372.4172496231,0.0,463372.4172496231,1.0297673999172514,0.0,False,False
2015-01-05,2020.5799560546875,19.920000076293945,20.790000915527344,0.00030417820023607886,463373.18955715117,0.0,463373.18955715117,0.7723075280907795,0.0,False,False
2015-01-06,2002.6099853515625,21.1200008392334,21.420000076293945,0.00030417820023607886,463745.659781929,-542.0840656502295,463203.57571627875,0.386159127605496,0.0,True,False
2015-01-07,2025.9000244140625,19.309999465942383,20.079999923706055,0.00030417820023607886,463746.0462514603,-494.4559824306498,463251.59026902966,0.3864695313584552,0.0,True,False
2015-01-08,2062.139892578125,17.010000228881836,18.65999984741211,0.00030417820023607886,463746.43272131373,-515.7549428917863,463230.67777842196,0.3864698534287442,0.0,True,False
2015-01-09,2044.81005859375,17.549999237060547,19.31999969482422,0.00020278290372213926,463746.81919148925,-447.3144737472171,463299.50471774203,0.38647017549930157,0.0,True,False
2015-01-12,2028.260009765625,19.600000381469727,20.479999542236328,0.00030417820023607886,463747.59212303685,-437.51639901433805,463310.0757240225,0.7729315476212283,0.0,True,False
2015-01-13,2023.030029296875,20.559999465942383,21.270000457763672,0.00030417820023607886,463747.97859417857,-458.07006266847196,463289.9085315101,0.3864711417044426,0.0,True,False
2015-01-14,2011.27001953125,21.479999542236328,20.93000030517578,0.00040557606002412504,463748.36506564234,-436.67860101387276,463311.6864646285,0.38647146377607355,0.0,True,True
2015-01-15,1992.6700439453125,22.38999938964844,22.11000061035156,0.00030417820023607886,463748.88036794163,-434.2683768213948,463314.6119911202,0.5153022992670447,0.0,True,True
2015-01-16,2019.4200439453125,20.950000762939453,21.149999618530273,0.00030417820023607886,463749.2668401569,-405.6993181967303,463343.5675219602,0.3864722152830176,0.0,True,False
2015-01-20,2022.550048828125,19.88999938964844,20.8700008392334,0.00030417820023607886,463750.81273223873,-292.1770260333449,463458.6357062054,1.5458920818139181,0.0,True,False
2015-01-21,2032.1199951171875,18.850000381469727,20.040000915527344,0.00030417820023607886,463751.1992060644,-250.94670191058083,463500.2525041538,0.3864738256483301,0.0,True,False
2015-01-22,2063.14990234375,16.399999618530273,18.600000381469727,0.00030417820023607886,463751.5856802121,-214.04238169136985,463537.54329852073,0.3864741477221978,0.0,True,False
2015-01-23,2051.820068359375,16.65999984741211,19.0,0.00020278290372213926,463565.6464904684,0.0,463565.6464904684,0.38647446979633393,185.75840143669507,False,False
2015-01-26,2057.090087890625,15.520000457763672,18.030000686645508,0.00030417820023607886,463566.41912005364,0.0,463566.41912005364,0.7726295852348751,0.0,False,False
2015-01-27,2029.550048828125,17.219999313354492,19.11000061035156,0.00020278290372213926,463566.8054402121,0.0,463566.8054402121,0.38632015841418244,0.0,False,False
2015-01-28,2002.1600341796875,20.440000534057617,21.440000534057617,0.00020278290372213926,463567.06298390793,0.0,463567.06298390793,0.25754369584557574,0.0,False,False
2015-01-29,2021.25,18.760000228881836,20.0,0.00030417820023607886,463567.32052774687,0.0,463567.32052774687,0.2575438389290634,0.0,False,False
2015-01-30,1994.989990234375,20.969999313354492,21.81999969482422,0.00020278290372213926,463567.70684865647,0.0,463567.70684865647,0.3863209096160566,0.0,False,False
2015-02-02,2020.8499755859375,19.43000030517578,20.90999984741211,0.00020278290372213926,463568.4794816757,0.0,463568.4794816757,0.7726330192548555,0.0,False,False
2015-02-03,2050.030029296875,17.329999923706055,19.489999771118164,0.00020278290372213926,463945.7078674051,-546.9708411034619,463398.7370263016,0.25754462589237914,0.0,True,False
2015-02-04,2041.510009765625,18.329999923706055,20.43000030517578,0.00010139017035360414,463945.96562160767,-577.1374956157276,463368.8281259919,0.2577542025736653,0.0,True,False
2015-02-05,2062.52001953125,16.850000381469727,19.270000457763672,0.00020278290372213926,463946.0944971338,-522.7438785770263,463423.3506185568,0.1288755261136159,0.0,True,False
2015-02-06,2055.469970703125,17.290000915527344,19.8799991607666,0.00020278290372213926,463946.3522515512,-516.3202373112699,463430.0320142399,0.2577544173734484,0.0,True,False
2015-02-09,2046.739990234375,18.549999237060547,20.670000076293945,0.00010139017035360414,463947.1255156626,-502.7497419749639,463444.3757736876,0.7732641114050277,0.0,True,False
2015-02-10,2068.590087890625,17.229999542236328,19.729999542236328,0.00010139017035360414,463947.2543915109,-466.4323391651908,463480.8220523457,0.12887584831052598,0.0,True,False
2015-02-11,2068.530029296875,16.959999084472656,19.709999084472656,0.00010139017035360414,463947.383267395,-428.83742239675826,463518.54584499827,0.12887588410983017,0.0,True,False
2015-02-12,2088.47998046875,15.34000015258789,18.34000015258789,0.00020278290372213926,463947.51214331493,-378.1014635121653,463569.41067980276,0.12887591990914432,0.0,True,False
2015-02-13,2096.989990234375,14.6899995803833,18.1299991607666,0.00010139017035360414,463947.7698985199,-356.5615659708743,463591.208332549,0.2577552049747879,0.0,True,False
2015-02-17,2100.340087890625,15.800000190734863,18.3799991607666,0.00020278290372213926,463948.28540284385,-338.78254637389944,463609.50285646995,0.5155043239198402,0.0,True,False
2015-02-18,2099.679931640625,15.449999809265137,18.65999984741211,0.00020278290372213926,463948.5431584784,-287.71867769358533,463660.8244807848,0.25775563457439377,0.0,True,False
2015-02-19,2097.449951171875,15.289999961853027,18.010000228881836,0.00020278290372213926,463948.8009142562,-245.37283056516114,463703.42808369105,0.25775577777562814,0.0,True,False
2015-02-20,2110.300048828125,14.300000190734863,17.290000915527344,0.00020278290372213926,463949.0586701772,-219.55572658600911,463729.50294359116,0.25775592097694205,0.0,True,False
2015-02-23,2109.659912109375,14.5600004196167,17.540000915527344,0.00020278290372213926,463775.46996221936,0.0,463775.46996221936,0.7732686222205213,202.6088645233995,False,False
2015-02-24,2115.47998046875,13.6899995803833,16.709999084472656,0.00020278290372213926,463775.7276218429,0.0,463775.7276218429,0.25765962354263894,0.0,False,False
2015-02-25,2113.860107421875,13.84000015258789,16.8700008392334,0.00020278290372213926,463775.9852816096,0.0,463775.9852816096,0.2576597666905324,0.0,False,False
2015-02-26,2110.739990234375,13.90999984741211,16.850000381469727,0.00030417820023607886,463776.2429415194,0.0,463776.2429415194,0.2576599098385055,0.0,False,False
2015-02-27,2104.5,13.34000015258789,16.889999389648438,0.00020278290372213926,463776.62943653774,0.0,463776.62943653774,0.3864950183017938,0.0,False,False
2015-03-02,2117.389892578125,13.039999961853027,16.459999084472656,0.00020278290372213926,463777.4024177704,0.0,463777.4024177704,0.7729812326603203,0.0,False,False
2015-03-03,2107.780029296875,13.859999656677246,16.780000686645508,0.00020278290372213926,464213.84414857184,-606.1840701042473,463607.66007846757,0.25766069715649315,0.0,True,False
2015-03-04,2098.530029296875,14.229999542236328,16.90999984741211,0.00010139017035360414,464214.10205174284,-573.8894257758506,463640.212625967,0.257903170981307,0.0,True,False
2015-03-05,2101.0400390625,14.039999961853027,16.639999389648438,0.00020278290372213926,464214.23100175225,-538.3534262239126,463675.87757552834,0.12895000940706927,0.0,True,False
2015-03-06,2071.260009765625,15.199999809265137,17.510000228881836,0.00010139017035360414,464214.48890513816,-559.5308396747785,463654.9580654634,0.2579033859052331,0.0,True,False
2015-03-09,2079.429931640625,15.0600004196167,17.309999465942383,0.00020278290372213926,464214.87575559615,-491.10517708905047,463723.7705785071,0.38685045800868495,0.0,True,False
2015-03-10,2044.1600341796875,16.690000534057617,18.260000228881836,0.00020278290372213926,464215.13365934027,-605.1601527879316,463609.97350655234,0.2579037441109672,0.0,True,False
2015-03-11,2040.239990234375,16.8700008392334,18.530000686645508,0.00030417820023607886,464215.39156322763,-611.6548720877087,463603.73669113993,0.25790388739448683,0.0,True,False
2015-03-12,2065.949951171875,15.420000076293944,17.389999389648438,0.00030417820023607886,464215.77842421713,-458.9819074150003,463756.7965168021,0.3868609895156443,0.0,True,False
2015-03-13,2053.39990234375,16.0,17.889999389648438,0.00030417820023607886,464216.16528552904,-496.16860918845634,463719.9966763406,0.3868613119121609,0.0,True,False
2015-03-16,2081.18994140625,15.609999656677246,17.399999618530273,0.000506976483216771,464217.32587139914,-380.64297648153405,463836.6828949176,1.160585870095468,0.0,True,False
2015-03-17,2074.280029296875,15.65999984741211,17.479999542236328,0.000506976483216771,464217.97065888066,-368.84595128125414,463849.1247075994,0.6447874815170322,0.0,True,False
2015-03-18,2099.5,13.970000267028809,16.43000030517578,0.00030417820023607886,464218.61544725776,-256.31966785877216,463962.295779399,0.6447883771124209,0.0,True,False
2015-03-19,2089.27001953125,14.06999969482422,16.969999313354492,0.00030417820023607886,464219.00231093395,-244.2212393792536,463974.7810715547,0.38686367618865997,0.0,True,False
2015-03-20,2108.10009765625,13.020000457763672,16.709999084472656,0.00010139017035360414,464029.9675243886,0.0,464029.9675243886,0.3868639985874156,246.76241956025706,False,False
2015-03-23,2104.419921875,13.40999984741211,16.530000686645508,0.00030417820023607886,464030.35422107676,0.0,464030.35422107676,0.38669668818382724,0.0,False,False
2015-03-24,2091.5,13.619999885559082,16.59000015258789,0.00020278290372213926,464030.7409278626,0.0,464030.7409278626,0.3867067858192938,0.0,False,False
2015-03-25,2061.050048828125,15.4399995803833,17.56999969482422,0.00040557606002412504,464030.998729307,0.0,464030.998729307,0.25780144437010605,0.0,False,False
2015-03-26,2056.14990234375,15.800000190734863,17.56999969482422,0.00030417820023607886,464031.5143456597,0.0,464031.5143456597,0.5156163527229874,0.0,False,False
2015-03-27,2061.02001953125,15.06999969482422,17.389999389648438,0.00040557606002412504,464031.90105341235,0.0,464031.90105341235,0.38670775262684104,0.0,False,False
2015-03-30,2086.239990234375,14.510000228881836,16.920000076293945,0.00040557606002412504,464033.44790719735,0.0,464033.44790719735,1.54685378501564,0.0,False,False
2015-03-31,2067.889892578125,15.289999961853027,17.540000915527344,0.00030417820023607886,464465.65204374096,-601.6885174694382,463863.9635262715,0.515619074170853,0.0,True,False
2015-04-01,2059.68994140625,15.109999656677246,17.34000015258789,0.00030417820023607886,464466.03911328886,-537.1148365632723,463928.92427672556,0.38706954791092285,0.0,True,False
2015-04-02,2066.9599609375,14.670000076293944,17.219999313354492,0.00020278290372213926,464466.42618315935,-513.9383744182086,463952.48780874116,0.3870698704812448,0.0,True,False
2015-04-06,2080.6201171875,14.739999771118164,16.81999969482422,0.00030417820023607886,464467.45835801127,-465.4440662642929,464002.01429174695,1.032174851906256,0.0,True,False
2015-04-07,2076.330078125,14.779999732971191,16.799999237060547,0.00020278290372213926,464467.8454290645,-428.98706360997096,464038.8583654545,0.3870710532305195,0.0,True,False
2015-04-08,2081.89990234375,13.979999542236328,16.399999618530273,0.00030417820023607886,464468.1034733509,-374.4915908584207,464093.61188249243,0.25804428641010796,0.0,True,False
2015-04-09,2091.179931640625,13.09000015258789,16.020000457763672,0.00030417820023607886,464468.49054494174,-330.8543004307299,464137.636244511,0.3870715908472448,0.0,True,False
2015-04-10,2102.06005859375,12.579999923706056,15.460000038146973,0.00020278290372213926,464468.87761685514,-314.6553461218363,464154.2222707333,0.3870719134192693,0.0,True,False
2015-04-13,2092.429931640625,13.9399995803833,16.31999969482422,0.00030417820023607886,464469.6517518649,-297.70685232844255,464171.94489953644,0.7741350097542172,0.0,True,False
2015-04-14,2095.840087890625,13.670000076293944,15.850000381469728,0.00020278290372213926,464470.038824746,-269.35756662968896,464200.68125811627,0.3870728811288013,0.0,True,False
2015-04-15,2106.6298828125,12.84000015258789,15.6899995803833,0.00020278290372213926,464470.29687025095,-237.23540057575673,464233.0614696752,0.25804550499440615,0.0,True,False
2015-04-16,2104.989990234375,12.600000381469728,15.329999923706056,0.00020278290372213926,464263.20579709654,0.0,464263.20579709654,0.25804564835668375,224.33939866666438,False,False
2015-04-17,2081.179931640625,13.890000343322754,16.139999389648438,0.00010139017035360414,464263.4637276914,0.0,464263.4637276914,0.25793059482021197,0.0,False,False
2015-04-20,2100.39990234375,13.300000190734863,15.579999923706056,0.00030417820023607886,464263.85061896226,0.0,464263.85061896226,0.3868912708936518,0.0,False,False
2015-04-21,2097.2900390625,13.25,15.520000457763672,0.00030417820023607886,464264.2375203359,0.0,464264.2375203359,0.3869013736101685,0.0,False,False
2015-04-22,2107.9599609375,12.710000038146973,15.460000038146973,0.00030417820023607886,464264.6244220319,0.0,464264.6244220319,0.38690169604033986,0.0,False,False
2015-04-23,2112.929931640625,12.479999542236328,15.170000076293944,0.00030417820023607886,464265.01132405037,0.0,464265.01132405037,0.3869020184707799,0.0,False,False
2015-04-24,2117.68994140625,12.289999961853027,15.260000228881836,0.00030417820023607886,464265.3982263913,0.0,464265.3982263913,0.3869023409014886,0.0,False,False
2015-04-27,2108.919921875,13.119999885559082,15.93000030517578,0.00020278290372213926,464266.5589353486,0.0,464266.5589353486,1.1607089572686018,0.0,False,False
2015-04-28,2114.760009765625,12.40999984741211,15.3100004196167,0.00020278290372213926,464266.8168678063,0.0,464266.8168678063,0.25793245772240425,0.0,False,False
2015-04-29,2106.85009765625,13.390000343322754,15.970000267028809,0.00010139017035360414,464267.07480040734,0.0,464267.07480040734,0.2579326010218762,0.0,False,False
2015-04-30,2085.510009765625,14.550000190734863,16.479999542236328,0.00010139017035360414,464267.2037651316,0.0,464267.2037651316,0.1289647242475026,0.0,False,False
2015-05-01,2108.2900390625,12.699999809265137,15.380000114440918,0.00010139017035360414,464267.33272989164,0.0,464267.33272989164,0.1289647600714949,0.0,False,False
2015-05-04,2114.489990234375,12.850000381469728,15.43000030517578,0.00020278290372213926,464267.71962438675,0.0,464267.71962438675,0.38689449510424617,0.0,False,False
2015-05-05,2089.4599609375,14.3100004196167,16.31999969482422,0.00010139017035360414,464704.45570653514,-606.4781490458531,464097.9775574893,0.2579331025661271,0.0,True,False
2015-05-06,2080.14990234375,15.149999618530272,16.719999313354492,0.00020278290372213926,464704.58479275566,-611.5682470425372,464093.0165457131,0.12908622049613094,0.0,True,False
2015-05-07,2088.0,15.130000114440918,16.739999771118164,0.00010139017035360414,464704.8429685673,-619.4638226530361,464085.3791459142,0.258175811640046,0.0,True,False
2015-05-08,2116.10009765625,12.859999656677246,15.5600004196167,0.00010139017035360414,464704.97205489536,-567.814575954792,464137.15747894056,0.12908632807029222,0.0,True,False
2015-05-11,2105.330078125,13.850000381469728,16.100000381469727,0.00020278290372213926,464705.35931409465,-509.7537375560495,464195.6055765386,0.387259199303203,0.0,True,False
2015-05-12,2099.1201171875,13.859999656677246,16.399999618530273,0.00030417820023607886,464705.6174903366,-466.951464580504,464238.6660257561,0.2581762419406754,0.0,True,False
2015-05-13,2098.47998046875,13.760000228881836,16.290000915527344,0.00020278290372213926,464706.00475986337,-430.9260370772836,464275.0787227861,0.38726952678238363,0.0,True,False
2015-05-14,2121.10009765625,12.739999771118164,15.90999984741211,0.00010139017035360414,464706.26293646387,-444.32034735250625,464261.9425891114,0.25817660053082203,0.0,True,False
2015-05-15,2122.72998046875,12.380000114440918,15.56999969482422,0.00020278290372213926,464706.3920231864,-392.6909745194965,464313.7010486669,0.12908672251085923,0.0,True,False
2015-05-18,2129.199951171875,12.729999542236328,15.229999542236328,0.00020278290372213926,464707.1665540638,-368.69510486145487,464338.47144920233,0.7745308774347504,0.0,True,False
2015-05-19,2127.830078125,12.850000381469728,15.279999732971191,0.00020278290372213926,464707.42473130976,-341.952434789778,464365.47229651996,0.25817724598853964,0.0,True,False
2015-05-20,2125.85009765625,12.880000114440918,15.149999618530272,0.00020278290372213926,464707.6829086992,-305.8891067067637,464401.79380199243,0.25817738942400853,0.0,True,False
2015-05-21,2130.820068359375,12.109999656677246,14.609999656677246,0.00020278290372213926,464707.9410862321,-249.5199669144756,464458.4211193176,0.25817753285955714,0.0,True,False
2015-05-22,2126.06005859375,12.130000114440918,14.479999542236328,0.00020278290372213926,464489.4867372778,0.0,464489.4867372778,0.25817767629518545,217.76562241529237,False,False
2015-05-26,2104.199951171875,14.0600004196167,15.479999542236328,0.00020278290372213926,464490.51896337676,0.0,464490.51896337676,1.0322260989344376,0.0,False,False
2015-05-27,2123.47998046875,13.270000457763672,14.989999771118164,0.00010139017035360414,464490.7770202599,0.0,464490.7770202599,0.2580568831399776,0.0,False,False
2015-05-28,2120.7900390625,13.3100004196167,15.010000228881836,0.00010139017035360414,464490.9060471244,0.0,464490.9060471244,0.12902686454704732,0.0,False,False
2015-05-29,2107.389892578125,13.84000015258789,15.380000114440918,0.00010139017035360414,464491.0350740248,0.0,464491.0350740248,0.129026900388301,0.0,False,False
2015-06-01,2111.72998046875,13.970000267028809,15.40999984741211,0.00020278290372213926,464491.42215494096,0.0,464491.42215494096,0.3870809161582069,0.0,False,False
2015-06-02,2109.60009765625,14.239999771118164,15.710000038146973,0.00010139017035360414,464879.82177196734,-558.1415596414462,464321.6802123259,0.2580573849258923,0.0,True,False
2015-06-03,2114.070068359375,13.65999984741211,15.359999656677246,0.00020278290372213926,464879.9509069013,-511.00709629750185,464368.94381060376,0.12913493391454545,0.0,True,False
2015-06-04,2095.840087890625,14.710000038146973,16.280000686645508,0.00020278290372213926,464880.20918014104,-531.6475429450664,464348.561637196,0.2582732397488603,0.0,True,False
2015-06-05,2092.830078125,14.210000038146973,15.960000038146973,0.00030417820023607886,464880.4674535243,-475.10076923357997,464405.3666842907,0.25827338323766047,0.0,True,False
2015-06-08,2079.280029296875,15.289999961853027,16.600000381469727,0.00020278290372213926,464881.62970021483,-484.9067508155822,464396.72294939926,1.162246690565119,0.0,True,False
2015-06-09,2080.14990234375,14.470000267028809,16.25,0.00020278290372213926,464881.88797438727,-424.535961770352,464457.35201261693,0.25827417243564776,0.0,True,False
2015-06-10,2105.199951171875,13.220000267028809,15.329999923706056,0.00020278290372213926,464882.1462487032,-339.7015304187529,464542.4447182844,0.2582743159249661,0.0,True,False
2015-06-11,2108.860107421875,12.850000381469728,15.100000381469728,0.00010139017035360414,464882.4045231626,-305.4843115496605,464576.92021161295,0.2582744594143641,0.0,True,False
2015-06-12,2094.110107421875,13.779999732971191,15.609999656677246,0.00020278290372213926,464882.5336588139,-330.1661114303136,464552.3675473836,0.12913565135460048,0.0,True,False
2015-06-15,2084.429931640625,15.390000343322754,16.6200008392334,0.00020278290372213926,464883.3084832684,-367.863842518761,464515.44464074966,0.7748244544931623,0.0,True,False
2015-06-16,2096.2900390625,14.8100004196167,16.200000762939453,0.00010139017035360414,464883.5667583735,-316.20360828629714,464567.36315008724,0.25827510511673507,0.0,True,False
2015-06-17,2100.43994140625,14.5,16.219999313354492,0.00010139017035360414,464883.69589434774,-283.20460863954145,464600.4912857082,0.12913597420183998,0.0,True,False
2015-06-18,2121.239990234375,13.1899995803833,15.4399995803833,0.00010139017035360414,464883.8250303578,-215.58178673288486,464668.2432436249,0.1291360100734023,0.0,True,False
2015-06-19,2109.989990234375,13.960000038146973,15.90999984741211,0.00010139017035360414,464883.95416640374,-224.99434819213303,464658.9598182116,0.12913604594497458,0.0,True,False
2015-06-22,2122.85009765625,12.739999771118164,14.989999771118164,0.00010139017035360414,464733.6017949612,0.0,464733.6017949612,0.3874083530100933,237.4017798458636,False,False
2015-06-23,2124.199951171875,12.109999656677246,14.539999961853027,0.00010139017035360414,464733.73088927794,0.0,464733.73088927794,0.12909431673525876,0.0,False,False
2015-06-24,2108.580078125,13.260000228881836,15.18000030517578,0.00010139017035360414,464733.85998363054,0.0,464733.85998363054,0.1290943525952494,0.0,False,False
2015-06-25,2102.31005859375,14.010000228881836,15.520000457763672,0.00010139017035360414,464733.989078019,0.0,464733.989078019,0.12909438845525,0.0,False,False
2015-06-26,2101.489990234375,14.020000457763672,15.460000038146973,0.00010139017035360414,464734.1181724433,0.0,464734.1181724433,0.12909442431526058,0.0,False,False
2015-06-29,2057.639892578125,18.850000381469727,18.719999313354492,0.00020278290372213926,464734.50545593136,0.0,464734.50545593136,0.38728348805159857,0.0,False,True
2015-06-30,2063.110107421875,18.229999542236328,18.469999313354492,0.00010139017035360414,464734.76364836603,0.0,464734.76364836603,0.2581924346555121,0.0,False,False
2015-07-01,2077.419921875,16.09000015258789,16.790000915527344,0.00010139017035360414,464734.89274300553,0.0,464734.89274300553,0.12909463947643965,0.0,False,False
2015-07-02,2076.780029296875,16.790000915527344,17.68000030517578,0.00010139017035360414,464735.0218376809,0.0,464735.0218376809,0.12909467533651997,0.0,False,False
2015-07-06,2068.760009765625,17.010000228881836,18.040000915527344,0.00020278290372213926,464735.5382167407,0.0,464735.5382167407,0.5163790598383695,0.0,False,False
2015-07-07,2081.340087890625,16.09000015258789,17.020000457763672,0.00020278290372213926,465099.5024129118,-533.7060031626609,464565.79640974913,0.2581930084261804,0.0,True,False
2015-07-08,2046.6800537109375,19.65999984741211,19.25,0.00020278290372213926,465099.7608081277,-679.5927710447588,464420.16803708294,0.25839521592494286,0.0,True,True
2015-07-09,2051.31005859375,19.969999313354492,19.780000686645508,0.00030417820023607886,465100.0192034872,-702.872231416244,464397.146972071,0.25839535948150927,0.0,True,True
2015-07-10,2076.6201171875,16.829999923706055,17.729999542236328,0.00010139017035360414,465100.40680169465,-527.1863826378808,464573.2204190568,0.38759820747627943,0.0,True,False
2015-07-13,2099.60009765625,13.899999618530272,15.9399995803833,0.00020278290372213926,465100.79439042724,-351.31082763648277,464749.48356279073,0.387588732561143,0.0,True,False
2015-07-14,2108.949951171875,13.369999885559082,15.460000038146973,0.00010139017035360414,465101.05278636096,-328.02928238594785,464773.023503975,0.2583959337085727,0.0,True,False
2015-07-15,2107.39990234375,13.229999542236328,15.600000381469728,0.00020278290372213926,465101.18198274873,-301.0175118283196,464800.1644709204,0.1291963877593578,0.0,True,False
2015-07-16,2124.2900390625,12.109999656677246,14.729999542236328,0.00020278290372213926,465101.44037889777,-274.0927332279031,464827.3476456699,0.25839614904314323,0.0,True,False
2015-07-17,2126.639892578125,11.949999809265137,14.609999656677246,0.00030417820023607886,465101.6987751904,-254.9136911434398,464846.78508404695,0.25839629260022806,0.0,True,False
2015-07-20,2128.280029296875,12.25,14.850000381469728,0.00040557606002412504,465102.86157498095,-223.1711643539259,464879.69041062705,1.162799790532653,0.0,True,False
2015-07-21,2119.2099609375,12.220000267028809,14.75,0.00030417820023607886,465198.09213898255,-452.5848024744458,464745.50733650813,0.5168073723156852,175.83495731753203,True,False
2015-07-22,2114.14990234375,12.119999885559082,14.8100004196167,0.00040557606002412504,465198.4798189206,-397.67909955185974,464800.80071936874,0.38767993805557516,0.0,True,False
2015-07-23,2102.14990234375,12.640000343322754,14.920000076293944,0.00030417820023607886,465198.99673254084,-408.988192125764,464790.0085404151,0.5169136202394854,0.0,True,False
2015-07-24,2079.64990234375,13.739999771118164,15.649999618530272,0.00040557606002412504,465199.38441323274,-521.9545523596368,464677.4298608731,0.38768069191243865,0.0,True,False
2015-07-27,2067.639892578125,15.600000381469728,16.780000686645508,0.000506976483216771,465200.9351588322,-643.9770753952068,464556.95808343694,1.550745599457667,0.0,True,False
2015-07-28,2093.25,13.4399995803833,15.43000030517578,0.000506976483216771,465201.58131252497,-340.2983566750142,464861.28295584995,0.6461536928148338,0.0,True,False
2015-07-29,2108.570068359375,12.5,14.920000076293944,0.0006083794699427381,465202.22746711527,-221.80827235730413,464980.41919475794,0.6461545903078593,0.0,True,False
2015-07-30,2108.6298828125,12.130000114440918,14.710000038146973,0.0007097850203325396,465203.0028636096,-179.00202320312556,465024.00084040646,0.7753964942865136,0.0,True,False
2015-07-31,2103.840087890625,12.119999885559082,14.899999618530272,0.0008111931345149166,465034.220344977,0.0,465034.220344977,0.9046423120158952,112.89764152982619,False,False
2015-08-03,2098.0400390625,12.5600004196167,14.84000015258789,0.0008111931345149166,465037.3208969586,0.0,465037.3208969586,3.1005519815833864,0.0,False,False
2015-08-04,2093.320068359375,13.0,15.130000114440918,0.0008111931345149166,465472.4453874374,-604.0909685577066,464868.3544188797,1.0335219211358866,0.0,True,False
2015-08-05,2099.840087890625,12.510000228881836,14.880000114440918,0.0008111931345149166,465473.4798764007,-573.8906239392679,464899.58925246145,1.0344889633046002,0.0,True,False
2015-08-06,2083.56005859375,13.770000457763672,15.550000190734863,0.00040557606002412504,465474.5143676631,-585.5200114560406,464888.9943562071,1.0344912624039901,0.0,True,False
2015-08-07,2077.570068359375,13.390000343322754,15.420000076293944,0.0006083794699427381,465475.0315880041,-524.4060405793081,464950.6255474248,0.5172203409707252,0.0,True,False
2015-08-10,2104.179931640625,12.229999542236328,14.989999771118164,0.0012168512317685082,465477.3591454918,-465.62783966825265,465011.73130582354,2.3275574877318665,0.0,True,False
2015-08-11,2084.070068359375,13.710000038146973,15.9399995803833,0.0010140170547777556,465478.91097464797,-489.26673559272757,464989.6442390552,1.5518291562026714,0.0,True,False
2015-08-12,2086.050048828125,13.609999656677246,15.869999885559082,0.0010140170547777556,465480.2041368672,-463.00664609942885,465017.19749076775,1.2931622192416172,0.0,True,False
2015-08-13,2083.389892578125,13.489999771118164,15.75,0.0010140170547777556,465481.497302679,-424.2987818808234,465057.1985207982,1.2931658118179634,0.0,True,False
2015-08-14,2091.5400390625,12.829999923706056,15.510000228881836,0.0009126038126204015,465482.7904720834,-374.3720599273149,465108.41841215605,1.2931694044042905,0.0,True,False
2015-08-17,2102.43994140625,13.020000457763672,15.210000038146973,0.0010140170547777556,465486.2820032818,-340.9855652440004,465145.2964380378,3.4915311984582433,0.0,True,False
2015-08-18,2096.919921875,13.789999961853027,15.609999656677246,0.0007097850203325396,465487.5751859787,-356.47463251510726,465131.1005534636,1.2931826969378597,0.0,True,False
2015-08-19,2079.610107421875,15.25,16.5,0.000506976483216771,465488.4803816753,-403.9984855855063,465084.4818960898,0.905195696585769,0.0,True,False
2015-08-20,2035.72998046875,19.13999938964844,18.829999923706055,0.00020278290372213926,465489.126934762,-680.8473477795342,464808.27958698245,0.6465530866972384,0.0,True,True
2015-08-21,1970.8900146484375,28.030000686645508,23.469999313354492,0.00030417820023607886,465489.38554644154,-1497.0951468139224,463992.29039962764,0.2586116795245185,0.0,True,True
2015-08-24,1893.2099609375,40.7400016784668,31.13999938964844,0.0006083794699427381,465490.549315487,-2528.5345072035616,462962.0148082834,1.1637690454237666,0.0,True,True
2015-08-25,1867.6099853515625,36.02000045776367,29.579999923706055,0.0007097850203325396,465491.3251925545,-2825.4638317333265,462665.8613608212,0.7758770675453108,0.0,True,True
2015-08-26,1940.510009765625,30.31999969482422,25.649999618530273,0.0006083794699427381,465492.23039554345,-1769.6826325232923,463722.54776302015,0.9052029889174993,0.0,True,True
2015-08-27,1987.6600341796875,26.100000381469727,24.86000061035156,0.0006083794699427381,465493.00627541303,-1169.2319784824551,464323.7742969306,0.7758798695602314,0.0,True,True
2015-08-28,1988.8699951171875,26.049999237060547,25.34000015258789,0.0006083794699427381,464362.4065863231,0.0,464362.4065863231,0.7758811627924975,-697.2846016949812,False,True
2015-08-31,1972.1800537109375,28.43000030517578,26.530000686645508,0.0008111931345149166,464364.72858025,0.0,464364.72858025,2.321993926900547,0.0,False,True
2015-09-01,1913.8499755859375,31.399999618530273,29.530000686645508,0.00030417820023607886,464716.1751421424,-520.4145347736574,464195.7606073687,1.0320271187360166,0.0,True,True
2015-09-02,1948.8599853515625,26.09000015258789,26.190000534057617,0.00030417820023607886,464716.56242046756,-387.10892186640706,464329.45349860116,0.38727832516283117,0.0,True,False
2015-09-03,1951.1300048828125,25.61000061035156,26.200000762939453,0.00020278290372213926,464716.9496991155,-367.4420135643277,464349.5076855511,0.38727864790714084,0.0,True,False
2015-09-04,1921.219970703125,27.799999237060547,28.06999969482422,0.00020278290372213926,464717.2078817967,-376.391215867979,464340.8166659287,0.2581826812080248,0.0,True,False
2015-09-08,1969.4100341796875,24.899999618530273,25.690000534057617,0.0006083794699427381,464718.24061395595,-315.73121599501263,464402.5093979609,1.0327321592767347,0.0,True,False
2015-09-09,1942.0400390625,26.229999542236328,26.309999465942383,0.00030417820023607886,464719.01520374365,-283.19901558841593,464435.8161881552,0.77458978768224,0.0,True,False
2015-09-10,1952.2900390625,24.3700008392334,25.649999618530273,0.00020278290372213926,464719.40248443565,-237.29189157262266,464482.110592863,0.3872806919715611,0.0,True,False
2015-09-11,1961.050048828125,23.200000762939453,24.68000030517578,0.00040557606002412504,464719.66066847957,-205.82092403188906,464513.8397444477,0.25818404390136057,0.0,True,False
2015-09-14,1953.030029296875,24.25,23.700000762939453,0.0007097850203325396,464721.20981491636,-183.54735672481254,464537.66245819157,1.5491464367952537,0.0,True,True
2015-09-15,1978.0899658203125,22.540000915527344,23.1200008392334,0.0007097850203325396,464579.18766515166,-206.43599622622472,464372.75166892546,0.9037054083957549,171.05268337435015,True,False
2015-09-16,1995.31005859375,21.350000381469727,22.329999923706055,0.0006083794699427381,464580.0910943812,-177.248387253161,464402.84270712803,0.9034292295122788,0.0,True,False
2015-09-17,1990.199951171875,21.13999938964844,21.13999938964844,0.00010139017035360414,464580.865453902,-161.56227267345565,464419.3031812285,0.7743595208287279,0.0,True,False
2015-09-18,1958.030029296875,22.280000686645508,23.200000762939453,-0.00010138760746780084,464580.9945057914,-170.8074324251992,464410.1870733662,0.12905188943171642,0.0,True,False
2015-09-21,1966.969970703125,20.13999938964844,21.59000015258789,0.00010139017035360414,464580.607360017,-119.29426248103803,464461.313097536,-0.38714577439094877,0.0,True,False
2015-09-22,1942.739990234375,22.440000534057617,23.280000686645508,-0.00010138760746780084,464580.7364118348,-146.1830214400536,464434.5533903947,0.1290518177380545,0.0,True,False
2015-09-23,1938.760009765625,22.1299991607666,22.8799991607666,0.00010139017035360414,464580.60736327915,-137.74393515715497,464442.863428122,-0.12904855563629478,0.0,True,False
2015-09-24,1932.239990234375,23.469999313354492,23.459999084472656,0.00010139017035360414,464580.7364150969,-151.86073545500565,464428.8756796419,0.12905181773896066,0.0,True,True
2015-09-25,1931.3399658203125,23.6200008392334,24.399999618530273,-0.00010138760746780084,464430.261468922,0.0,464430.261468922,0.12905185358714588,-114.16800180229848,False,False
2015-09-28,1881.77001953125,27.6299991607666,26.3799991607666,0.00010139017035360414,464429.87444875686,0.0,464429.87444875686,-0.3870201651667764,0.0,False,True
2015-09-29,1884.0899658203125,26.829999923706055,26.0,0.00010139017035360414,464430.0034587038,0.0,464430.0034587038,0.12900994694990084,0.0,False,True
2015-09-30,1920.030029296875,24.5,24.75,-0.00010138760746780084,464430.1324686866,0.0,464430.1324686866,0.12900998278645512,0.0,False,False
2015-10-01,1923.8199462890625,22.549999237060547,23.829999923706055,-0.00020277265217936156,464430.0034619649,0.0,464430.0034619649,-0.1290067217421766,0.0,False,False
2015-10-02,1951.3599853515625,20.940000534057617,22.600000381469727,-0.0,464429.7454518899,0.0,464429.7454518899,-0.25801007503806517,0.0,False,False
2015-10-05,1987.050048828125,19.540000915527344,21.329999923706055,0.00010139017035360414,464429.7454518899,0.0,464429.7454518899,0.0,0.0,False,False
2015-10-06,1979.9200439453125,19.399999618530273,21.59000015258789,-0.0,464724.1640545136,-464.28959271266194,464259.87446180097,0.1290099111169799,0.0,True,False
2015-10-07,1995.8299560546875,18.399999618530273,20.709999084472656,-0.0,464724.1640545136,-430.18691034740925,464293.9771441662,0.0,0.0,True,False
2015-10-08,2013.4300537109375,17.420000076293945,20.09000015258789,-0.00010138760746780084,464724.1640545136,-420.1087000161297,464304.0553544975,0.0,0.0,True,False
2015-10-09,2014.8900146484375,17.079999923706055,19.850000381469727,0.00010139017035360414,464724.03496611747,-387.5525293992399,464336.48243671824,-0.12908839613908657,0.0,True,False
2015-10-12,2017.4599609375,16.170000076293945,19.260000228881836,0.00010139017035360414,464724.42224120273,-295.3516587064409,464429.0705824963,0.3872750852699565,0.0,True,False
2015-10-13,2003.68994140625,17.670000076293945,20.5,0.00010139017035360414,464724.55133296957,-314.7331661911006,464409.8181667785,0.12909176682663195,0.0,True,False
2015-10-14,1994.239990234375,18.030000686645508,20.809999465942383,-0.0,464724.68042477226,-293.8186684001873,464430.8617563721,0.1290918026859143,0.0,True,False
2015-10-15,2023.8599853515625,16.049999237060547,19.43000030517578,0.00010139017035360414,464724.68042477226,-259.97593078914844,464464.7044939831,0.0,0.0,True,False
2015-10-16,2033.1099853515625,15.050000190734863,18.670000076293945,0.00010139017035360414,464724.8095166108,-224.4015796574561,464500.40793695336,0.1290918385452066,0.0,True,False
2015-10-19,2033.6600341796875,14.979999542236328,17.860000610351562,0.00020278290372213926,464725.19679234154,-171.53099606612614,464553.6657962754,0.38727573073712795,0.0,True,False
2015-10-20,2030.77001953125,15.75,18.600000381469727,0.00020278290372213926,464725.4549796046,-178.66691224712164,464546.78806735744,0.25818726304357575,0.0,True,False
2015-10-21,2018.93994140625,16.700000762939453,19.459999084472656,0.00010139017035360414,464725.71316701104,-174.1386188732299,464551.5745481378,0.25818740648460986,0.0,True,False
2015-10-22,2052.510009765625,14.449999809265137,17.15999984741211,-0.0,464725.84225913644,-156.21062830017422,464569.6316308363,0.1290921254217164,0.0,True,False
2015-10-23,2075.14990234375,14.460000038146973,17.479999542236328,0.00010139017035360414,464725.84225913644,-220.38637962564502,464505.4558795108,0.0,0.0,True,False
2015-10-26,2071.179931640625,15.289999961853027,17.989999771118164,0.00020278290372213926,464726.2295357278,-181.2882859212958,464544.94124980655,0.38727659136713544,0.0,True,False
2015-10-27,2065.889892578125,15.43000030517578,18.13999938964844,0.00030417820023607886,464566.770974929,0.0,464566.770974929,0.25818783680456436,134.57284407703796,False,False
2015-10-28,2090.35009765625,14.329999923706056,17.489999771118164,0.00040557606002412504,464567.1581287459,0.0,464567.1581287459,0.3871538169172702,0.0,False,False
2015-10-29,2089.409912109375,14.609999656677246,17.809999465942383,0.0007097850203325396,464567.67434086173,0.0,464567.67434086173,0.5162121158396196,0.0,False,False
2015-10-30,2079.360107421875,15.06999969482422,18.399999618530273,0.0008111931345149166,464568.57774770225,0.0,464568.57774770225,0.9034068404901948,0.0,False,False
2015-11-02,2104.050048828125,14.149999618530272,17.420000076293945,0.0008111931345149166,464571.6751950756,0.0,464571.6751950756,3.0974473733319363,0.0,False,False
2015-11-03,2109.7900390625,14.539999961853027,17.469999313354492,0.0006083794699427381,464637.7184529715,-235.0107708487932,464402.7076821227,1.032487047118785,0.0,True,False
2015-11-04,2102.31005859375,15.510000228881836,18.309999465942383,0.000506976483216771,464638.4929085453,-255.4486674648829,464383.0442410804,0.7744555737906177,0.0,True,False
2015-11-05,2099.929931640625,15.050000190734863,17.809999465942383,0.000506976483216771,464639.1382810184,-229.13529230165403,464410.00298871676,0.6453724731105057,0.0,True,False
2015-11-06,2099.199951171875,14.329999923706056,17.450000762939453,0.0008111931345149166,464639.7836543879,-204.88256868777128,464434.90108570014,0.6453733695184345,0.0,True,False
2015-11-09,2078.580078125,16.520000457763672,18.850000381469727,0.0014196956665245841,464642.8815765169,-236.60875396197554,464406.2728225549,3.0979221289637064,0.0,True,False
2015-11-10,2081.719970703125,15.289999961853027,18.020000457763672,0.001318272166861259,464644.68884437537,-199.59235138300983,464445.09649299236,1.8072678584601476,0.0,True,False
2015-11-11,2075.0,16.059999465942383,18.450000762939453,0.001318272166861259,464646.3670067504,-210.59957467659518,464435.76743207383,1.678162375083284,0.0,True,False
2015-11-12,2045.969970703125,18.3700008392334,20.170000076293945,0.0014196956665245841,464648.04517518653,-283.24345375232144,464364.8017214342,1.6781684361209428,0.0,True,False
2015-11-13,2023.0400390625,20.079999923706055,21.579999923706055,0.001318272166861259,464649.85246312927,-353.8549280240387,464295.9975351052,1.8072879427147002,0.0,True,False
2015-11-16,2053.18994140625,18.15999984741211,19.979999542236328,0.0015211217308890748,464654.88702438644,-228.77061896898283,464426.11640541744,5.034561257161807,0.0,True,False
2015-11-17,2050.43994140625,18.84000015258789,20.43000030517578,0.0014196956665245841,464656.82345758856,-236.41032577287814,464420.4131318157,1.9364332021168236,0.0,True,False
2015-11-18,2083.580078125,16.850000381469727,19.219999313354492,0.0012168512317685082,464658.63077967515,-160.96792261232474,464497.6628570628,1.8073220865879127,0.0,True,False
2015-11-19,2081.239990234375,16.989999771118164,19.63999938964844,0.001115432861117531,464660.1798793183,-156.06360158199965,464504.11627773626,1.5490996431036523,0.0,True,False
2015-11-20,2089.169921875,15.470000267028809,18.940000534057617,0.001115432861117531,464661.59987390967,-124.26451573757038,464537.3353581721,1.4199945913703658,0.0,True,False
2015-11-23,2086.590087890625,15.619999885559082,18.6299991607666,0.0014196956665245841,464665.8598837207,-109.28509636874355,464556.57478735194,4.260009811049113,0.0,True,False
2015-11-24,2089.139892578125,15.93000030517578,18.709999084472656,0.0016225503600835508,464667.6672409552,-106.09498828543025,464561.5722526698,1.8073572345330366,0.0,True,False
2015-11-25,2088.8701171875,15.1899995803833,18.190000534057617,0.0019268516379477108,464669.73285291845,-96.26958268588353,464573.46327023255,2.065611963200747,0.0,True,False
2015-11-27,2090.110107421875,15.119999885559082,17.350000381469727,0.001723981554238624,464573.64275972696,0.0,464573.64275972696,4.906051301140801,-35.9853736438778,False,False
2015-11-30,2080.409912109375,16.1299991607666,18.489999771118164,0.002231176003955833,464580.22568081,0.0,464580.22568081,6.582921083042406,0.0,False,False
2015-12-01,2102.6298828125,14.670000076293944,17.579999923706055,0.0021297319830542957,464977.57113451743,-564.5055539277382,464413.0655805897,2.8398997796947176,0.0,True,False
2015-12-02,2079.510009765625,15.90999984741211,18.329999923706055,0.0021297319830542957,464980.28423176054,-570.1467291984062,464410.13750256214,2.7130972430805946,0.0,True,False
2015-12-03,2049.6201171875,18.11000061035156,20.11000061035156,0.0021297319830542957,464982.99734483426,-688.0123936854562,464294.9849511488,2.713113073729442,0.0,True,False
2015-12-04,2091.68994140625,14.8100004196167,18.170000076293945,0.002231176003955833,464985.7104737387,-499.6240665535413,464486.0864071852,2.713128904470659,0.0,True,False
2015-12-07,2077.070068359375,15.84000015258789,18.649999618530273,0.0029413559982203554,464994.23766118137,-474.87157686561005,464519.36608431576,8.527187442636583,0.0,True,False
2015-12-08,2063.590087890625,17.600000381469727,20.059999465942383,0.0027384345971410155,464997.9848368005,-562.1627430450014,464435.8220937555,3.7471756191073955,0.0,True,False
2015-12-09,2047.6199951171875,19.61000061035156,21.049999237060547,0.002636977746247632,465001.4735254198,-662.397394042529,464339.07613137725,3.4886886192663598,0.0,True,False
2015-12-10,2052.22998046875,19.34000015258789,20.760000228881836,0.0024340717431051875,465004.83298560354,-620.1294767292782,464384.7035088743,3.3594601837557834,0.0,True,False
2015-12-11,2012.3699951171875,24.38999938964844,24.3799991607666,0.002231176003955833,465007.9339688868,-967.8341367212188,464040.0998321656,3.1009832832284743,0.0,True,True
2015-12-14,2021.93994140625,22.729999542236328,23.299999237060547,0.002636977746247632,465016.46156387724,-789.4048258853143,464227.0567379919,8.527594990448247,0.0,True,False
2015-12-15,2043.4100341796875,20.950000762939453,21.86000061035156,0.0025355234616125932,465019.8211323439,-619.3801524226838,464400.4409799212,3.3595684666780907,0.0,True,False
2015-12-16,2073.070068359375,17.860000610351562,19.56999969482422,0.0027384345971410155,465023.0514686779,-394.1756260218237,464628.87584265607,3.2303363339785522,0.0,True,False
2015-12-17,2041.8900146484375,18.940000534057617,20.3700008392334,0.002332622590596498,465026.54034536175,-473.40544786078124,464553.134897501,3.488876683895037,0.0,True,False
2015-12-18,2005.550048828125,20.700000762939453,21.260000228881836,0.0019268516379477108,465029.51222174364,-672.3008782838317,464357.2113434598,2.971876381868308,0.0,True,False
2015-12-21,2021.1500244140625,18.700000762939453,21.11000061035156,0.0024340717431051875,465036.8770160401,-438.4047493105378,464598.4722667296,7.364794296434268,0.0,True,False
2015-12-22,2038.969970703125,16.600000381469727,19.84000015258789,0.0021297319830542957,465039.9782130157,-271.0046776894917,464768.9735353262,3.1011969756369444,0.0,True,False
2015-12-23,2064.2900390625,15.56999969482422,19.329999923706055,0.0020282905277612144,464863.11270326166,0.0,464863.11270326166,2.713461382091019,214.92658279163732,False,False
2015-12-24,2060.989990234375,15.739999771118164,19.690000534057617,0.0020282905277612144,464865.6959363246,0.0,464865.6959363246,2.583233062940494,0.0,False,False
2015-12-28,2056.5,16.90999984741211,19.68000030517578,0.002332622590596498,464876.02901212673,0.0,464876.02901212673,10.333075802145224,0.0,False,False
2015-12-29,2078.360107421875,16.079999923706055,19.100000381469727,0.002332622590596498,464878.9999266257,0.0,464878.9999266257,2.970914498969942,0.0,False,False
2015-12-30,2063.360107421875,17.290000915527344,19.59000015258789,0.0021297319830542957,464881.97086011106,0.0,464881.97086011106,2.970933485393008,0.0,False,False
2015-12-31,2043.93994140625,18.209999084472656,19.799999237060547,0.0016225503600835508,464884.6833995362,0.0,464884.6833995362,2.712539425118974,0.0,False,False
2016-01-04,2012.6600341796875,20.700000762939453,22.010000228881836,0.002231176003955833,464892.94976136327,0.0,464892.94976136327,8.266361827079512,0.0,False,False
2016-01-05,2016.7099609375,19.34000015258789,20.520000457763672,0.0020282905277612144,465307.08454089705,-581.2929681250142,464725.791572772,2.841811408727501,0.0,True,False
2016-01-06,1990.260009765625,20.59000015258789,21.270000457763672,0.0021297319830542957,465309.6702411007,-571.2548298450573,464738.4154112557,2.5857002036936607,0.0,True,False
2016-01-07,1943.0899658203125,24.989999771118164,24.6200008392334,0.0020282905277612144,465312.3852761086,-779.8057811138821,464532.5794949947,2.715035007881383,0.0,True,True
2016-01-08,1922.030029296875,27.010000228881836,26.229999542236328,0.0020282905277612144,465314.97100576834,-891.1690331303536,464423.801972638,2.5857296597509003,0.0,True,True
2016-01-11,1923.6700439453125,24.299999237060547,24.729999542236328,0.0021297319830542957,465322.72828096093,-722.6933009967161,464600.0349799642,7.757275192597785,0.0,True,False
2016-01-12,1938.6800537109375,22.469999313354492,22.530000686645508,0.0021297319830542957,465325.44339216116,-583.0016666299086,464742.44172553124,2.715111200227303,0.0,True,False
2016-01-13,1890.280029296875,25.219999313354492,24.88999938964844,0.002231176003955833,465328.1585192038,-828.2377547596061,464499.92076444416,2.715127042627387,0.0,True,True
2016-01-14,1921.8399658203125,23.950000762939453,23.530000686645508,0.0025355234616125932,465331.0029909695,-654.7933750762871,464676.20961589325,2.844471765727632,0.0,True,True
2016-01-15,1880.3299560546875,27.020000457763672,26.8799991607666,0.002332622590596498,465334.2354889792,-921.2488070133423,464412.9866819659,3.232498009715181,0.0,True,True
2016-01-19,1881.3299560546875,26.049999237060547,26.440000534057617,0.002636977746247632,465346.13097417005,-823.9165685896571,464522.2144055804,11.895485190832229,0.0,True,False
2016-01-20,1859.3299560546875,27.59000015258789,27.809999465942383,0.002636977746247632,465349.49292437383,-982.734762260103,464366.7581621137,3.361950203770845,0.0,True,False
2016-01-21,1868.989990234375,26.690000534057617,26.709999084472656,0.00283989401442168,465352.85489886644,-880.8440978723929,464472.01080099406,3.3619744925924775,0.0,True,False
2016-01-22,1906.9000244140625,22.34000015258789,24.280000686645508,0.003042820548666,465356.47560551966,-522.1914608034007,464834.2841447163,3.620706653248091,0.0,True,False
2016-01-25,1877.0799560546875,24.149999618530273,25.25,0.003144287665889363,465368.1140763682,-669.0864469220829,464699.0276294461,11.638470848570242,0.0,True,False
2016-01-26,1903.6300048828125,22.5,23.290000915527344,0.003144287665889363,465372.12300109095,-474.48804881431766,464897.63495227665,4.008924722717481,0.0,True,False
2016-01-27,1882.949951171875,23.11000061035156,24.469999313354492,0.003245757350019421,465376.13196034863,-555.7639067512823,464820.36805359734,4.008959257695161,0.0,True,False
2016-01-28,1893.3599853515625,22.420000076293945,24.020000457763672,0.003448704419520929,465380.270329436,-457.375788066306,464922.8945413697,4.138369087359596,0.0,True,False
2016-01-29,1940.239990234375,20.200000762939453,22.65999984741211,0.003245757350019421,465153.28097584797,0.0,465153.28097584797,4.3971687049438755,179.90644583204684,False,False
2016-02-01,1939.3800048828125,19.979999542236328,22.010000228881836,0.003550181805152164,465165.6902483351,0.0,465165.6902483351,12.409272487084712,0.0,False,False
2016-02-02,1903.030029296875,21.979999542236328,23.40999984741211,0.003448704419520929,465480.46071304486,-480.24599676125376,465000.2147162836,4.524467948540671,0.0,True,False
2016-02-03,1912.530029296875,21.649999618530273,23.200000762939453,0.0033472296011869446,465484.85882840364,-473.0125526610908,465011.8462757426,4.39811535878253,0.0,True,False
2016-02-04,1915.449951171875,21.84000015258789,23.65999984741211,0.0029413559982203554,465489.1275731779,-483.01319313852133,465006.1143800394,4.268744774273705,0.0,True,False
2016-02-05,1880.050048828125,23.3799991607666,24.479999542236328,0.0029413559982203554,465492.8787368882,-456.03212511464363,465036.84661177354,3.7511637102753705,0.0,True,False
2016-02-08,1853.43994140625,26.0,25.979999542236328,0.003245757350019421,465504.1324093933,-494.94507293804116,465009.1873364553,11.25367250516148,0.0,True,True
2016-02-09,1852.2099609375,26.540000915527344,26.799999237060547,0.003042820548666,465508.27191672794,-507.8475564356732,465000.42436029227,4.139507334607608,0.0,True,False
2016-02-10,1851.8599853515625,26.290000915527344,26.719999313354492,0.003144287665889363,465512.1526401239,-482.46294306172456,465029.6896970622,3.8807233959756853,0.0,True,False
2016-02-11,1829.0799560546875,28.13999938964844,27.719999313354492,0.00283989401442168,465516.1628056703,-544.001725328962,464972.1610803413,4.010165546361815,0.0,True,True
2016-02-12,1864.780029296875,25.399999618530273,26.229999542236328,0.0029413559982203554,465519.7847829508,-417.59275011876395,465102.19203283207,3.621977280511829,0.0,True,False
2016-02-16,1895.5799560546875,24.11000061035156,25.010000228881836,0.003042820548666,465534.7906073879,-319.280521566085,465215.5100858218,15.005824437069922,0.0,True,False
2016-02-17,1926.8199462890625,22.309999465942383,23.549999237060547,0.003042820548666,465538.6715518577,-284.6435966339189,465254.0279552238,3.88094446982009,0.0,True,False
2016-02-18,1917.8299560546875,21.63999938964844,23.200000762939453,0.003042820548666,465542.5525286812,-225.9688332523285,465316.58369542885,3.8809768234277726,0.0,True,False
2016-02-19,1917.780029296875,20.530000686645508,22.799999237060547,0.003042820548666,465546.4335378585,-177.91129429958937,465368.5222435589,3.881009177305172,0.0,True,False
2016-02-22,1945.5,19.3799991607666,21.6200008392334,0.0033472296011869446,465405.6418638843,0.0,465405.6418638843,11.643221657839852,157.8111011292136,False,False
2016-02-23,1921.27001953125,20.979999542236328,22.440000534057617,0.003245757350019421,465409.9098821967,0.0,465409.9098821967,4.26801831239871,0.0,False,False
2016-02-24,1929.800048828125,20.719999313354492,22.34000015258789,0.0033472296011869446,465414.0485516551,0.0,465414.0485516551,4.1386694583885575,0.0,False,False
2016-02-25,1951.699951171875,19.11000061035156,21.239999771118164,0.003245757350019421,465418.3166470613,0.0,465418.3166470613,4.268095406215641,0.0,False,False
2016-02-26,1948.050048828125,19.809999465942383,21.86000061035156,0.003245757350019421,465422.4553912771,0.0,465422.4553912771,4.138744215758889,0.0,False,False
2016-02-29,1932.22998046875,20.549999237060547,22.38999938964844,0.0033472296011869446,465434.871844749,0.0,465434.871844749,12.416453471943303,0.0,False,False
2016-03-01,1978.3499755859375,17.700000762939453,20.280000686645508,0.0033472296011869446,465708.1996523676,-439.0595212516632,465269.140131116,4.268286366935183,0.0,True,False
2016-03-02,1986.449951171875,17.09000015258789,19.920000076293945,0.003550181805152164,465712.47044529655,-411.1075250080165,465301.3629202885,4.270792928917397,0.0,True,False
2016-03-03,1993.4000244140625,16.700000762939453,19.489999771118164,0.0027384345971410155,465717.0002315425,-386.09731544329577,465330.90291609924,4.529786245929992,0.0,True,False
2016-03-04,1999.989990234375,16.860000610351562,19.6299991607666,0.00283989401442168,465720.49431463855,-398.0654438990757,465322.4288707395,3.4940830960308005,0.0,True,False
2016-03-07,2001.760009765625,17.350000381469727,19.899999618530273,0.003245757350019421,465731.36510050227,-371.70475513965073,465359.6603453626,10.870785863698574,0.0,True,False
2016-03-08,1979.260009765625,18.670000076293945,21.040000915527344,0.0029413559982203554,465735.5066285094,-367.5894357163631,465367.91719279304,4.141528007091523,0.0,True,False
2016-03-09,1989.260009765625,18.34000015258789,20.75,0.003042820548666,465739.2597776756,-352.7752722293324,465386.4845054463,3.753149166254009,0.0,True,False
2016-03-10,1989.5699462890625,18.049999237060547,20.709999084472656,0.003144287665889363,465743.1424267087,-322.6599907099138,465420.4824359988,3.8826490330701136,0.0,True,False
2016-03-11,2022.18994140625,16.5,19.469999313354492,0.003245757350019421,465747.1545821221,-320.7910747684511,465426.36350735364,4.012155413389927,0.0,True,False
2016-03-14,2019.6400146484375,16.920000076293945,19.420000076293945,0.003448704419520929,465759.57969785854,-267.5588857088488,465492.0208121497,12.42511573640606,0.0,True,False
2016-03-15,2015.9300537109375,16.84000015258789,19.329999923706055,0.003448704419520929,465763.980450487,-233.35845010850232,465530.6220003785,4.400752628437536,0.0,True,False
2016-03-16,2027.219970703125,14.989999771118164,18.479999542236328,0.003144287665889363,465768.38124469615,-170.1815957754284,465598.19964892074,4.4007942091683265,0.0,True,False
2016-03-17,2040.5899658203125,14.4399995803833,18.13999938964844,0.0029413559982203554,465772.39361752995,-165.65077087175084,465606.7428466582,4.012372833789695,0.0,True,False
2016-03-18,2049.580078125,14.020000457763672,17.93000030517578,0.0029413559982203554,465776.14706395153,-156.3933191549274,465619.7537447966,3.75344642160628,0.0,True,False
2016-03-21,2051.60009765625,13.789999961853027,17.59000015258789,0.003144287665889363,465667.24423712294,0.0,465667.24423712294,11.260520749526693,148.89617367354697,False,False
2016-03-22,2049.800048828125,14.170000076293944,17.75,0.003042820548666,465671.2557387096,0.0,465671.2557387096,4.011501586624756,0.0,False,False
2016-03-23,2036.7099609375,14.9399995803833,18.299999237060547,0.003042820548666,465675.137820825,0.0,465675.137820825,3.8820821153997795,0.0,False,False
2016-03-24,2035.93994140625,14.739999771118164,18.270000457763672,0.0029413559982203554,465679.0199353035,0.0,465679.0199353035,3.8821144784914776,0.0,False,False
2016-03-28,2037.050048828125,15.239999771118164,18.299999237060547,0.0029413559982203554,465694.03089261526,0.0,465694.03089261526,15.010957311801612,0.0,False,False
2016-03-29,2055.010009765625,13.81999969482422,17.239999771118164,0.002332622590596498,465697.7837075476,0.0,465697.7837075476,3.752814932292081,0.0,False,False
2016-03-30,2063.949951171875,13.5600004196167,16.920000076293945,0.0020282905277612144,465700.75987368956,0.0,465700.75987368956,2.976166141960462,0.0,False,False
2016-03-31,2059.739990234375,13.949999809265137,17.079999923706055,0.0021297319830542957,465703.34776153753,0.0,465703.34776153753,2.5878878479870955,0.0,False,False
2016-04-01,2072.780029296875,13.100000381469728,16.5,0.002332622590596498,465706.06509361404,0.0,465706.06509361404,2.7173320765179496,0.0,False,False
2016-04-04,2066.1298828125,14.119999885559082,17.229999542236328,0.002332622590596498,465714.99380787415,0.0,465714.99380787415,8.92871426010679,0.0,False,False
2016-04-05,2045.1700439453125,15.420000076293944,18.3799991607666,0.002332622590596498,465981.43869857956,-433.46861457771297,465547.97008400183,2.976276127705904,0.0,True,False
2016-04-06,2066.659912109375,14.09000015258789,17.280000686645508,0.002332622590596498,465984.41667749453,-391.4993479071913,465592.91732958733,2.9779789149858917,0.0,True,False
2016-04-07,2041.9100341796875,16.15999984741211,18.86000061035156,0.002332622590596498,465987.3946754411,-431.78541998158437,465555.6092554595,2.9779979465559965,0.0,True,False
2016-04-08,2047.5999755859375,15.359999656677246,18.31999969482422,0.002332622590596498,465990.37269241933,-380.9033792319435,465609.4693131874,2.9780169782477275,0.0,True,False
2016-04-11,2041.989990234375,16.260000228881836,18.88999938964844,0.002332622590596498,465999.30685754534,-363.26106205450685,465636.04579549085,8.93416512601123,0.0,True,False
2016-04-12,2061.719970703125,14.850000381469728,17.969999313354492,0.002231176003955833,466002.2849506516,-312.0597923809167,465690.2251582707,2.97809310623093,0.0,True,False
2016-04-13,2082.419921875,13.84000015258789,17.260000228881836,0.002332622590596498,466005.13354323735,-300.4236460248808,465704.70989721245,2.8485925857675927,0.0,True,False
2016-04-14,2082.780029296875,13.720000267028809,17.239999771118164,0.002231176003955833,466008.11167358054,-275.5264201048827,465732.58525347564,2.9781303432229946,0.0,True,False
2016-04-15,2080.72998046875,13.619999885559082,17.15999984741211,0.002231176003955833,466010.9603017841,-243.8568611585505,465767.10344062553,2.848628203532292,0.0,True,False
2016-04-18,2094.340087890625,13.350000381469728,16.510000228881836,0.002231176003955833,466019.5062908743,-211.51157148678504,465807.99471938756,8.545989090219187,0.0,True,False
2016-04-19,2100.800048828125,13.239999771118164,16.469999313354492,0.0021297319830542957,466022.3549887312,-209.24431134105345,465813.1106773902,2.848697856886769,0.0,True,False
2016-04-20,2102.39990234375,13.279999732971191,16.600000381469727,0.002332622590596498,466025.0741821827,-197.3695297789564,465827.7046524038,2.7191934515225764,0.0,True,False
2016-04-21,2091.47998046875,13.949999809265137,17.139999389648438,0.002332622590596498,466028.05243996193,-176.34499116359834,465851.70744879835,2.9782577792052014,0.0,True,False
2016-04-22,2091.580078125,13.220000267028809,16.639999389648438,0.002332622590596498,465885.7279930229,0.0,465885.7279930229,2.9782768125574623,118.16589082612259,False,False
2016-04-25,2087.7900390625,14.079999923706056,17.219999313354492,0.0025355234616125932,465894.6601518563,0.0,465894.6601518563,8.932158833437914,0.0,False,False
2016-04-26,2091.699951171875,13.960000038146973,16.920000076293945,0.0024340717431051875,465897.8965654028,0.0,465897.8965654028,3.2364135464815194,0.0,False,False
2016-04-27,2095.14990234375,13.770000457763672,16.770000457763672,0.0024340717431051875,465901.0035042698,0.0,465901.0035042698,3.1069388669888336,0.0,False,False
2016-04-28,2075.81005859375,15.220000267028809,17.780000686645508,0.002231176003955833,465904.1104638561,0.0,465904.1104638561,3.106959586269162,0.0,False,False
2016-04-29,2065.300048828125,15.699999809265137,18.450000762939453,0.002231176003955833,465906.95845631795,0.0,465906.95845631795,2.8479924618535506,0.0,False,False
2016-05-02,2081.429931640625,14.68000030517578,17.780000686645508,0.002231176003955833,465915.50253815984,0.0,465915.50253815984,8.544081841865756,0.0,False,False
2016-05-03,2063.3701171875,15.600000381469728,18.56999969482422,0.0021297319830542957,466375.1885525535,-626.837952294004,465748.3506002595,2.8480620996631627,0.0,True,False
2016-05-04,2051.1201171875,16.049999237060547,18.90999984741211,0.0019268516379477108,466377.90980475326,-597.8432669770899,465780.06653777615,2.721252199790664,0.0,True,False
2016-05-05,2050.6298828125,15.90999984741211,18.920000076293945,0.0020282905277612144,466380.3718414968,-568.9498913086641,465811.4219501881,2.462036743519,0.0,True,False
2016-05-06,2057.139892578125,14.720000267028809,18.270000457763672,0.0019268516379477108,466382.963505932,-487.4585780170054,465895.504927915,2.591664435238772,0.0,True,False
2016-05-09,2058.68994140625,14.56999969482422,18.049999237060547,0.0024340717431051875,466390.34973519127,-410.22446422420444,465980.1252709671,7.38622925924054,0.0,True,False
2016-05-10,2084.389892578125,13.630000114440918,17.18000030517578,0.0024340717431051875,466393.4599580866,-396.32856600559904,465997.131392081,3.1102228953235116,0.0,True,False
2016-05-11,2064.4599609375,14.6899995803833,18.020000457763672,0.002636977746247632,466396.57020172314,-382.03292200236973,466014.53727972077,3.1102436365040784,0.0,True,False
2016-05-12,2064.110107421875,14.40999984741211,17.75,0.0027384345971410155,466399.93974095397,-340.690818631415,466059.2489223225,3.3695392308198677,0.0,True,False
2016-05-13,2046.6099853515625,15.039999961853027,18.25,0.00283989401442168,466403.4389478642,-337.1484215034569,466066.2905263608,3.499206910266183,0.0,True,False
2016-05-16,2066.659912109375,14.68000030517578,17.700000762939453,0.00283989401442168,466414.32567493076,-271.96711780127094,466142.3585571295,10.886727066534158,0.0,True,False
2016-05-17,2047.2099609375,15.56999969482422,18.43000030517578,0.00283989401442168,466417.954640423,-283.1738183177129,466134.7808221053,3.6289654922358947,0.0,True,False
2016-05-18,2047.6300048828125,15.949999809265137,18.540000915527344,0.003042820548666,466421.5836341506,-280.66159419501764,466140.9220399556,3.628993727626231,0.0,True,False
2016-05-19,2040.0400390625,16.329999923706055,18.770000457763672,0.003042820548666,466425.4719713966,-280.74982380316527,466144.72214759345,3.888337245961696,0.0,True,False
2016-05-20,2052.320068359375,15.199999809265137,18.049999237060547,0.003245757350019421,466205.78010695276,0.0,466205.78010695276,3.888369661199474,233.25771818902174,False,False
2016-05-23,2048.0400390625,15.81999969482422,18.149999618530273,0.003550181805152164,466218.2174578154,0.0,466218.2174578154,12.437350862632012,0.0,False,False
2016-05-24,2076.06005859375,14.420000076293944,17.079999923706055,0.003550181805152164,466222.7521632465,0.0,466222.7521632465,4.534705431063767,0.0,False,False
2016-05-25,2090.5400390625,13.899999618530272,16.770000457763672,0.0033472296011869446,466227.28691278474,0.0,466227.28691278474,4.534749538206252,0.0,False,False
2016-05-26,2090.10009765625,13.43000030517578,16.559999465942383,0.003042820548666,466231.5624660211,0.0,466231.5624660211,4.275553236343669,0.0,False,False
2016-05-27,2099.06005859375,13.119999885559082,16.309999465942383,0.003144287665889363,466235.44921915,0.0,466235.44921915,3.8867531289064723,0.0,False,False
2016-05-31,2096.949951171875,14.1899995803833,16.6299991607666,0.003448704419520929,466697.4067378789,-615.8917255237628,466081.5150123552,16.065793205159473,0.0,True,False
2016-06-01,2099.330078125,14.199999809265137,16.700000762939453,0.003042820548666,466701.8163516129,-607.2922148684899,466094.52413674444,4.409613734019232,0.0,True,False
2016-06-02,2105.260009765625,13.630000114440918,16.3700008392334,0.00283989401442168,466705.70702502714,-565.1625933139644,466140.5444317132,3.890673414250384,0.0,True,False
2016-06-03,2099.1298828125,13.470000267028809,16.489999771118164,0.0029413559982203554,466709.33825763,-514.4627537344394,466194.8755038956,3.631232602842008,0.0,True,False
2016-06-06,2109.409912109375,13.649999618530272,16.440000534057617,0.00283989401442168,466720.6213390428,-489.9531754419175,466230.66816360084,11.283081412767888,0.0,True,False
2016-06-07,2112.1298828125,14.050000190734863,16.6299991607666,0.00283989401442168,466724.25268768735,-507.14001167700246,466217.11267601035,3.6313486445841328,0.0,True,False
2016-06-08,2119.1201171875,14.079999923706056,16.790000915527344,0.0024340717431051875,466727.88406458584,-523.9673845809324,466203.9166800049,3.631376898516733,0.0,True,False
2016-06-09,2115.47998046875,14.640000343322754,17.31999969482422,0.0025355234616125932,466730.99653840036,-527.6239871206616,466203.3725512797,3.1124738145370774,0.0,True,False
2016-06-10,2096.070068359375,17.030000686645508,18.940000534057617,0.0025355234616125932,466734.2387616945,-611.0283021304429,466123.21045956406,3.242223294139808,0.0,True,False
2016-06-13,2079.06005859375,20.969999313354492,21.8700008392334,0.0027384345971410155,466743.96556671325,-795.3006092892468,465948.664957424,9.726805018702555,0.0,True,False
2016-06-14,2075.320068359375,20.5,21.940000534057617,0.0027384345971410155,466747.46735470777,-718.6066853331386,466028.86066937464,3.501787994533637,0.0,True,False
2016-06-15,2071.5,20.13999938964844,21.809999465942383,0.002636977746247632,466750.9691689748,-651.6219527645762,466099.3472162102,3.5018142670086196,0.0,True,False
2016-06-16,2077.989990234375,19.3700008392334,21.15999984741211,0.0027384345971410155,466754.3412686044,-570.7787959860868,466183.5624726183,3.372099629630262,0.0,True,False
2016-06-17,2071.219970703125,19.40999984741211,21.309999465942383,0.002636977746247632,466757.84313444357,-533.1888873430489,466224.6542471005,3.5018658391572375,0.0,True,False
2016-06-20,2083.25,18.3700008392334,19.809999465942383,0.00283989401442168,466767.95965540555,-390.7222402702213,466377.2374151353,10.116520961987037,0.0,True,False
2016-06-21,2088.89990234375,18.479999542236328,19.690000534057617,0.0027384345971410155,466771.5913723688,-380.1994543202265,466391.39191804855,3.631716963280803,0.0,True,False
2016-06-22,2085.449951171875,21.170000076293945,21.079999923706055,0.0027384345971410155,466775.0933676284,-556.3431775041041,466218.7501901243,3.5019952595905437,0.0,True,True
2016-06-23,2113.320068359375,17.25,18.420000076293945,0.003042820548666,466778.595389162,-307.61807958771453,466470.9773095743,3.502021533620551,0.0,True,False
2016-06-24,2037.4100341796875,25.760000228881836,23.93000030517578,0.002636977746247632,465934.7589011899,0.0,465934.7589011899,3.8913134849544133,-401.83607593326974,False,True
2016-06-27,2000.5400390625,23.850000381469727,23.68000030517578,0.0027384345971410155,465944.857582604,0.0,465944.857582604,10.098681414089405,0.0,False,True
2016-06-28,2036.0899658203125,18.75,20.260000228881836,0.002636977746247632,465948.35337522003,0.0,465948.35337522003,3.4957926160145125,0.0,False,False
2016-06-29,2070.77001953125,16.639999389648438,18.729999542236328,0.002636977746247632,465951.7196762534,0.0,465951.7196762534,3.3663010333773724,0.0,False,False
2016-06-30,2098.860107421875,15.630000114440918,18.09000015258789,0.002636977746247632,465955.086001607,0.0,465955.086001607,3.366325353632107,0.0,False,False
2016-07-01,2102.949951171875,14.770000457763672,17.649999618530273,0.0027384345971410155,465958.45235128107,0.0,465958.45235128107,3.3663496740625463,0.0,False,False
2016-07-05,2088.550048828125,15.579999923706056,18.239999771118164,0.00283989401442168,466171.432752785,-368.9966656855634,465802.4360870994,13.983735818343748,0.0,True,False
2016-07-06,2099.72998046875,14.960000038146973,17.739999771118164,0.0027384345971410155,466175.05982843385,-341.45724206793017,465833.60258636595,3.627075648840755,0.0,True,False
2016-07-07,2097.89990234375,14.760000228881836,17.760000228881836,0.0029413559982203554,466178.55734816263,-317.25573721013546,465861.3016109525,3.4975197287791797,0.0,True,False
2016-07-08,2129.89990234375,13.199999809265137,16.489999771118164,0.0027384345971410155,466182.3140676717,-299.5291726028685,465882.78489506885,3.756719509110434,0.0,True,False
2016-07-11,2137.159912109375,13.539999961853027,16.489999771118164,0.003144287665889363,466192.80686885765,-286.63888086573934,465906.1679879919,10.492801185932453,0.0,True,False
2016-07-12,2152.139892578125,13.550000190734863,16.170000076293945,0.0029413559982203554,466196.8228979161,-328.3573937691574,465868.46550414694,4.016029058456124,0.0,True,False
2016-07-13,2152.429931640625,13.039999961853027,15.970000267028809,0.003144287665889363,466200.5797646189,-282.0576244946035,465918.5221401243,3.756866702811264,0.0,True,False
2016-07-14,2163.75,12.81999969482422,15.859999656677246,0.003144287665889363,466204.59586063714,-308.3286974407943,465896.26716319635,4.016096018252126,0.0,True,False
2016-07-15,2161.739990234375,12.670000076293944,15.989999771118164,0.003144287665889363,466208.61199125217,-270.6774966939643,465937.9344945582,4.0161306150071026,0.0,True,False
2016-07-18,2166.889892578125,12.4399995803833,15.770000457763672,0.003245757350019421,466220.66059068067,-218.98985076337772,466001.67073991726,12.048599428474326,0.0,True,False
2016-07-19,2163.780029296875,11.970000267028809,15.739999771118164,0.003144287665889363,466224.80646976037,-166.22152476338414,466058.584944997,4.145879079680074,0.0,True,False
2016-07-20,2173.02001953125,11.770000457763672,15.4399995803833,0.003245757350019421,466228.82277448016,-170.7342774593513,466058.0884970208,4.016304719781633,0.0,True,False
2016-07-21,2165.169921875,12.739999771118164,16.100000381469727,0.003144287665889363,466232.96872614225,-169.45353710570103,466063.51518903655,4.1459516621070645,0.0,True,False
2016-07-22,2175.030029296875,12.020000457763672,15.800000190734863,0.003245757350019421,466236.98510117596,-151.14408525030544,466085.84101592563,4.0163750337339925,0.0,True,False
2016-07-25,2168.47998046875,12.869999885559082,16.270000457763672,0.003245757350019421,466249.4232845196,-118.2999228490732,466131.1233616705,12.438183343648724,0.0,True,False
2016-07-26,2169.179931640625,13.050000190734863,16.31999969482422,0.003144287665889363,466253.56941937224,-112.51118190728226,466141.058237465,4.146134852666434,0.0,True,False
2016-07-27,2166.580078125,12.829999923706056,16.100000381469727,0.003144287665889363,466152.43765745475,0.0,466152.43765745475,4.016552498897369,93.84835126914979,False,False
2016-07-28,2170.06005859375,12.720000267028809,16.0,0.0025355234616125932,466156.4533387517,0.0,466156.4533387517,4.015681296921256,0.0,False,False
2016-07-29,2173.60009765625,11.869999885559082,15.420000076293944,0.0027384345971410155,466159.6915708874,0.0,466159.6915708874,3.2382321357226336,0.0,False,False
2016-08-01,2170.840087890625,12.4399995803833,15.699999809265137,0.0029413559982203554,466170.1838628877,0.0,466170.1838628877,10.492292000247103,0.0,False,False
2016-08-02,2157.030029296875,13.369999885559082,16.389999389648438,0.0029413559982203554,466743.84787151404,-739.9073565953177,466003.9405149187,3.7566520310272065,0.0,True,False
2016-08-03,2163.7900390625,12.859999656677246,16.079999923706055,0.00283989401442168,466747.6091464406,-695.8867130800473,466051.7224333605,3.7612749265656467,0.0,True,False
2016-08-04,2164.25,12.420000076293944,15.710000038146973,0.002636977746247632,466751.2407050655,-618.5958170095307,466132.644888056,3.631558624887838,0.0,True,False
2016-08-05,2182.8701171875,11.390000343322754,15.140000343322754,0.0027384345971410155,466754.61280665686,-604.950340675349,466149.6624659815,3.3721015913760564,0.0,True,False
2016-08-08,2180.889892578125,11.5,15.15999984741211,0.003144287665889363,466765.11848910555,-501.79564663576343,466263.3228424698,10.50568244870438,0.0,True,False
2016-08-09,2181.739990234375,11.65999984741211,15.109999656677246,0.0029413559982203554,466769.1394483561,-483.52442010266003,466285.61502825347,4.020959250564503,0.0,True,False
2016-08-10,2175.489990234375,12.050000190734863,15.40999984741211,0.00283989401442168,466772.9009270959,-455.47064599176565,466317.4302811041,3.761478739801243,0.0,True,False
2016-08-11,2185.7900390625,11.68000030517578,15.300000190734863,0.00283989401442168,466776.532682505,-451.26080902079366,466325.27187348425,3.631755409150634,0.0,True,False
2016-08-12,2184.050048828125,11.550000190734863,15.260000228881836,0.00283989401442168,466780.1644661713,-395.52840659896333,466384.63605957234,3.631783666248091,0.0,True,False
2016-08-15,2190.14990234375,11.8100004196167,15.380000114440918,0.003144287665889363,466791.0599867148,-350.8543705155911,466440.2056161992,10.895520543499208,0.0,True,False
2016-08-16,2178.14990234375,12.640000343322754,16.020000457763672,0.0027384345971410155,466795.081169439,-330.6385614075462,466464.44260803144,4.02118272421464,0.0,True,False
2016-08-17,2182.219970703125,12.1899995803833,15.520000457763672,0.003042820548666,466815.9473782263,-475.92182125218255,466340.0255569741,3.5021714938762396,281.34957263655355,True,False
2016-08-18,2187.02001953125,11.43000030517578,15.15999984741211,0.0029413559982203554,466819.8390030972,-364.9668731610407,466454.8721299362,3.8916248709094927,0.0,True,False
2016-08-19,2183.8701171875,11.34000015258789,15.130000114440918,0.0029413559982203554,466823.6008904015,-306.75056058241086,466516.85032981914,3.7618873042952483,0.0,True,False
2016-08-22,2182.639892578125,12.270000457763672,15.5,0.0029413559982203554,466834.8867342072,-273.5089233198102,466561.3778108874,11.28584380572281,0.0,True,False
2016-08-23,2186.89990234375,12.380000114440918,15.420000076293944,0.003042820548666,466838.64874277427,-255.47140194040887,466583.1773408339,3.762008567069217,0.0,True,False
2016-08-24,2175.43994140625,13.449999809265137,16.0,0.003144287665889363,466842.5405568958,-301.11708953294414,466541.4234673628,3.891814121502525,0.0,True,False
2016-08-25,2172.469970703125,13.630000114440918,16.1299991607666,0.0033472296011869446,466846.5621831006,-277.42026229725764,466569.14192080335,4.021626204814826,0.0,True,False
2016-08-26,2169.0400390625,13.649999618530272,16.239999771118164,0.0033472296011869446,466599.2331824725,0.0,466599.2331824725,4.281232321331849,54.31158830272855,False,False
2016-08-29,2180.3798828125,12.9399995803833,15.93000030517578,0.0033472296011869446,466612.0701927408,0.0,466612.0701927408,12.83701026830084,0.0,False,False
2016-08-30,2176.1201171875,13.119999885559082,16.030000686645508,0.0033472296011869446,466616.3492746454,0.0,466616.3492746454,4.279081904536389,0.0,False,False
2016-08-31,2170.949951171875,13.420000076293944,16.139999389648438,0.0033472296011869446,466620.6283957914,0.0,466620.6283957914,4.279121146002941,0.0,False,False
2016-09-01,2170.860107421875,13.479999542236328,16.309999465942383,0.0033472296011869446,466624.9075561792,0.0,466624.9075561792,4.27916038782936,0.0,False,False
2016-09-02,2179.97998046875,11.979999542236328,15.649999618530272,0.003245757350019421,466629.18675580923,0.0,466629.18675580923,4.279199630015647,0.0,False,False
2016-09-06,2186.47998046875,12.020000457763672,15.5600004196167,0.003245757350019421,467261.19383613317,-785.4088112887143,466475.78502484446,16.598269035246602,0.0,True,False
2016-09-07,2186.159912109375,11.9399995803833,15.489999771118164,0.003448704419520929,467265.3489681812,-741.3470552337659,466524.0019129474,4.155132048024651,0.0,True,False
2016-09-08,2181.300048828125,12.510000228881836,15.8100004196167,0.003448704419520929,467269.7639481457,-743.2747439865881,466526.48920415906,4.414979964520438,0.0,True,False
2016-09-09,2127.81005859375,17.5,18.829999923706055,0.003448704419520929,467274.1789698253,-1104.7941518671212,466169.3848179582,4.415021679678924,0.0,True,False
2016-09-12,2159.0400390625,15.15999984741211,17.270000457763672,0.003753144278824244,467287.4242851592,-809.6451269739706,466477.77915818524,13.24531533386127,0.0,True,False
2016-09-13,2127.02001953125,17.850000381469727,19.049999237060547,0.003651661758209666,467292.22923348757,-1037.4866825505567,466254.742550937,4.804948328350184,0.0,True,False
2016-09-14,2125.77001953125,18.13999938964844,19.350000381469727,0.0033472296011869446,467296.9043066363,-1043.6582795638092,466253.2460270725,4.675073148735697,0.0,True,False
2016-09-15,2147.260009765625,16.299999237060547,18.190000534057617,0.0029413559982203554,467301.18966883543,-826.8778528150041,466474.3118160204,4.285362199135645,0.0,True,False
2016-09-16,2139.159912109375,15.369999885559082,17.8799991607666,0.0029413559982203554,467304.9554351243,-727.7084365063305,466577.24699861795,3.7657662888778693,0.0,True,False
2016-09-19,2139.1201171875,15.529999732971191,17.780000686645508,0.003042820548666,467316.25291607133,-650.7403751760896,466665.51254089526,11.297480947025337,0.0,True,False
2016-09-20,2139.760009765625,15.920000076293944,17.989999771118164,0.003042820548666,467320.14871175407,-651.2393008389607,466668.9094109151,3.8957956827360087,0.0,True,False
2016-09-21,2163.1201171875,13.300000190734863,16.65999984741211,0.002231176003955833,467324.04453991423,-381.5602696103517,466942.48427030386,3.895828160151264,0.0,True,False
2016-09-22,2177.179931640625,12.020000457763672,15.9399995803833,0.0018254153134831337,467055.36385137646,0.0,467055.36385137646,2.8566722769788484,343.871450473991,False,False
2016-09-23,2164.68994140625,12.289999961853027,16.049999237060547,0.0018254153134831337,467057.6996654733,0.0,467057.6996654733,2.3358140968423067,0.0,False,False
2016-09-26,2146.10009765625,14.5,17.280000686645508,0.0025355234616125932,467064.7071778545,0.0,467064.7071778545,7.007512381204449,0.0,False,False
2016-09-27,2159.929931640625,13.100000381469728,16.450000762939453,0.002636977746247632,467067.9517193242,0.0,467067.9517193242,3.2445414697415256,0.0,False,False
2016-09-28,2171.3701171875,12.390000343322754,16.010000228881836,0.0027384345971410155,467071.3261090332,0.0,467071.3261090332,3.374389708947153,0.0,False,False
2016-09-29,2151.1298828125,14.020000457763672,16.8700008392334,0.002636977746247632,467074.83035307925,0.0,467074.83035307925,3.504244046034138,0.0,False,False
2016-09-30,2168.27001953125,13.289999961853027,16.3700008392334,0.00283989401442168,467078.2047924837,0.0,467078.2047924837,3.3744394044804666,0.0,False,False
2016-10-03,2161.199951171875,13.56999969482422,16.399999618530273,0.003245757350019421,467089.10726984486,0.0,467089.10726984486,10.902477361173416,0.0,False,False
2016-10-04,2150.489990234375,13.630000114440918,16.469999313354492,0.0033472296011869446,467549.76278696075,-626.5019153520145,466923.26087160874,4.153601763857997,0.0,True,False
2016-10-05,2159.72998046875,12.989999771118164,16.219999313354492,0.003245757350019421,467554.0504680072,-594.0177759989399,466960.0326920083,4.2876810464537565,0.0,True,False
2016-10-06,2160.77001953125,12.84000015258789,16.06999969482422,0.003245757350019421,467558.2082042903,-555.1210784293448,467003.08712586097,4.157736283070549,0.0,True,False
2016-10-07,2153.739990234375,13.479999542236328,16.440000534057617,0.003245757350019421,467562.36597754614,-552.2010485084737,467010.1649290377,4.157773255846172,0.0,True,False
2016-10-10,2163.659912109375,13.380000114440918,15.949999809265137,0.003245757350019421,467574.83951915364,-486.730729065211,467088.10879008844,12.473541607508638,0.0,True,False
2016-10-11,2136.72998046875,15.359999656677246,16.940000534057617,0.003550181805152164,467578.99744030385,-531.577396293468,467047.4200440104,4.157921150236507,0.0,True,False
2016-10-12,2139.179931640625,15.90999984741211,17.020000457763672,0.003651661758209666,467583.54538146046,-549.9460818779911,467033.5992995825,4.547941156623185,0.0,True,False
2016-10-13,2132.550048828125,16.690000534057617,17.59000015258789,0.0029413559982203554,467588.22336911154,-578.5814718217817,467009.6418972898,4.677987651087716,0.0,True,False
2016-10-14,2132.97998046875,16.1200008392334,17.420000076293945,0.003144287665889363,467591.99144847353,-514.0316443760499,467077.9598040975,3.7680793620224886,0.0,True,False
2016-10-17,2126.5,16.209999084472656,17.469999313354492,0.003448704419520929,467604.075799676,-445.7581685873879,467158.3176310886,12.084351202484783,0.0,True,False
2016-10-18,2139.60009765625,15.279999732971191,16.920000076293945,0.003448704419520929,467608.4939801179,-366.57104652266514,467241.92293359526,4.41818044188902,0.0,True,False
2016-10-19,2144.2900390625,14.40999984741211,16.459999084472656,0.003448704419520929,467612.91220230516,-293.9713678797703,467318.9408344254,4.418222187287376,0.0,True,False
2016-10-20,2141.340087890625,13.75,16.229999542236328,0.003448704419520929,467617.33046623826,-239.69432821607333,467377.6361380222,4.418263933080165,0.0,True,False
2016-10-21,2141.159912109375,13.34000015258789,16.040000915527344,0.0033472296011869446,467406.62439731666,0.0,467406.62439731666,4.418305679267392,241.37754075110217,False,False
2016-10-24,2151.330078125,13.020000457763672,15.609999656677246,0.0033472296011869446,467419.4836204147,0.0,467419.4836204147,12.85922309802368,0.0,False,False
2016-10-25,2143.159912109375,13.460000038146973,15.8100004196167,0.003448704419520929,467423.7701067316,0.0,467423.7701067316,4.2864863169134875,0.0,False,False
2016-10-26,2139.429931640625,14.239999771118164,16.25,0.0033472296011869446,467428.18658354616,0.0,467428.18658354616,4.416476814552655,0.0,False,False
2016-10-27,2133.0400390625,15.359999656677246,16.93000030517578,0.0029413559982203554,467432.4731496739,0.0,467432.4731496739,4.286566127733718,0.0,False,False
2016-10-28,2126.409912109375,16.190000534057617,17.3700008392334,0.0029413559982203554,467436.2399739162,0.0,467436.2399739162,3.766824242329215,0.0,False,False
2016-10-31,2126.14990234375,17.059999465942383,17.850000381469727,0.003448704419520929,467447.54062877473,0.0,467447.54062877473,11.300654858532992,0.0,False,False
2016-11-01,2111.719970703125,18.559999465942383,18.739999771118164,0.003550181805152164,467801.6033248907,-519.6459947044362,467281.95733018627,4.4167014115162395,0.0,True,False
2016-11-02,2097.93994140625,19.31999969482422,19.18000030517578,0.003651661758209666,467806.15343123965,-514.8316041373039,467291.32182710234,4.550106348964504,0.0,True,True
2016-11-03,2088.659912109375,22.079999923706055,20.700000762939453,0.003753144278824244,467810.8336459959,-637.8050734867759,467173.0285725091,4.680214756207615,0.0,True,True
2016-11-04,2085.179931640625,22.510000228881836,21.1299991607666,0.003753144278824244,467815.6439763542,-646.518861723182,467169.125114631,4.81033035834434,0.0,True,True
2016-11-07,2131.52001953125,18.709999084472656,18.149999618530273,0.004159100039446663,467830.07526420854,-478.22800963744385,467351.8472545711,14.431287854341575,0.0,True,True
2016-11-08,2139.56005859375,18.739999771118164,18.100000381469727,0.004362093328476233,467835.4061222092,-495.7810880230329,467339.6250341862,5.330858000660675,0.0,True,True
2016-11-09,2163.260009765625,14.380000114440918,16.280000686645508,0.0044635938256252965,467840.9972287799,-324.0798683857068,467516.9173603942,5.591106570676927,0.0,True,False
2016-11-10,2167.47998046875,14.739999771118164,16.75,0.004768110729171367,467846.71850263,-353.6304531215566,467493.08804950846,5.721273850128093,0.0,True,False
2016-11-11,2164.449951171875,14.170000076293944,16.489999771118164,0.004768110729171367,467852.8301725715,-285.56549173202114,467567.2646808395,6.111669941493289,0.0,True,False
2016-11-14,2164.199951171875,14.479999542236328,16.700000762939453,0.005478740091370373,467871.1656614353,-245.8930999889783,467625.2725614463,18.335488863728344,0.0,True,False
2016-11-15,2180.389892578125,13.369999885559082,15.75,0.00507265075359442,467878.1885758222,-230.05049188962258,467648.1380839326,7.0229143869229365,0.0,True,False
2016-11-16,2176.93994140625,13.720000267028809,16.06999969482422,0.0046666025258428525,467884.69103921455,-216.02014484399373,467668.67089437053,6.5024633923503465,0.0,True,False
2016-11-17,2187.1201171875,13.350000381469728,15.640000343322754,0.004362093328476233,467890.67308260873,-219.71161506102516,467670.9614675477,5.982043394204394,0.0,True,False
2016-11-18,2181.89990234375,12.850000381469728,15.520000457763672,0.004362093328476233,467729.08143608196,0.0,467729.08143608196,5.5917670667860015,182.46258111088142,False,False
2016-11-21,2198.179931640625,12.420000076293944,15.31999969482422,0.0046666025258428525,467745.85114414466,0.0,467745.85114414466,16.76970806267231,0.0,False,False
2016-11-22,2202.93994140625,12.40999984741211,15.350000381469728,0.0048696215014858105,467751.83141243,0.0,467751.83141243,5.980268285308845,0.0,False,False
2016-11-23,2204.719970703125,12.43000030517578,15.43000030517578,0.00507265075359442,467758.07193180005,0.0,467758.07193180005,6.2405193700608805,0.0,False,False
2016-11-25,2213.35009765625,12.34000015258789,15.510000228881836,0.0048696215014858105,467771.0736102243,0.0,467771.0736102243,13.001678424257157,0.0,False,False
2016-11-28,2201.719970703125,13.149999618530272,16.020000457763672,0.0048696215014858105,467789.7961882801,0.0,467789.7961882801,18.72257805582017,0.0,False,False
2016-11-29,2204.659912109375,12.899999618530272,15.899999618530272,0.0048696215014858105,467796.03721415787,0.0,467796.03721415787,6.241025877792464,0.0,False,False
2016-11-30,2198.81005859375,13.329999923706056,16.100000381469727,0.0048696215014858105,467802.2783233004,0.0,467802.2783233004,6.241109142550107,0.0,False,False
2016-12-01,2191.080078125,14.06999969482422,16.670000076293945,0.004768110729171367,467808.51951570885,0.0,467808.51951570885,6.241192408418627,0.0,False,False
2016-12-02,2191.949951171875,14.119999885559082,16.780000686645508,0.0048696215014858105,467814.6306866416,0.0,467814.6306866416,6.111170932756178,0.0,False,False
2016-12-05,2204.7099609375,12.140000343322754,15.770000457763672,0.00497113484291711,467833.3550080732,0.0,467833.3550080732,18.724321431606132,0.0,False,False
2016-12-06,2212.22998046875,11.789999961853027,15.479999542236328,0.00497113484291711,468478.9468858269,-809.220155756201,467669.72673007066,6.371721997477043,0.0,True,False
2016-12-07,2241.35009765625,12.220000267028809,15.479999542236328,0.0051741692336486865,468485.3274005535,-1057.4740211061385,467427.85337944736,6.380514726607707,0.0,True,False
2016-12-08,2246.18994140625,12.640000343322754,15.720000267028809,0.00507265075359442,468491.9686047967,-1128.9793671535267,467362.98923764314,6.6412042432028215,0.0,True,False
2016-12-09,2259.530029296875,11.75,15.220000267028809,0.005377213902406584,468498.47959836264,-1158.346620006181,467340.13297835644,6.51099356594427,0.0,True,False
2016-12-12,2256.9599609375,12.640000343322754,15.729999542236328,0.0051741692336486865,468519.1859452824,-1110.4542039328908,467408.7317413495,20.706346919741748,0.0,True,False
2016-12-13,2271.719970703125,12.720000267028809,15.699999809265137,0.005478740091370373,468525.8276295012,-1301.8529139541886,467223.974715547,6.6416842187704015,0.0,True,False
2016-12-14,2253.280029296875,13.1899995803833,15.869999885559082,0.005478740091370373,468532.86037059955,-1037.1290380921823,467495.7313325074,7.032741098401515,0.0,True,False
2016-12-15,2262.030029296875,12.789999961853027,15.75,0.00507265075359442,468539.89321726194,-1066.8147253284292,467473.0784919335,7.032846662373531,0.0,True,False
2016-12-16,2258.070068359375,12.199999809265137,15.56999969482422,0.00507265075359442,468546.40487687313,-888.6886108911956,467657.71626598196,6.511659611179455,0.0,True,False
2016-12-19,2262.530029296875,11.710000038146973,15.3100004196167,0.005275690283209086,468565.94039869687,-728.561050051866,467837.379348645,19.535521823748702,0.0,True,False
2016-12-20,2270.760009765625,11.449999809265137,15.140000343322754,0.005275690283209086,468572.7130744339,-756.909505820744,467815.8035686132,6.772675737032667,0.0,True,False
2016-12-21,2265.179931640625,11.270000457763672,15.09000015258789,0.0051741692336486865,468579.48584806354,-588.9420674225337,467990.543780641,6.772773629629385,0.0,True,False
2016-12-22,2260.9599609375,11.43000030517578,15.289999961853027,0.00507265075359442,468586.12838708813,-499.0565176121211,468087.071869476,6.6425390245600235,0.0,True,False
2016-12-23,2263.7900390625,11.4399995803833,15.25,0.0051741692336486865,468592.64068926504,-475.9789115789363,468116.6617776861,6.512302176929633,0.0,True,False
2016-12-27,2268.8798828125,11.989999771118164,15.359999656677246,0.0051741692336486865,468619.2121562957,-375.27659723665636,468243.9355590591,26.57146703067905,0.0,True,False
2016-12-28,2249.919921875,12.949999809265137,15.93000030517578,0.005275690283209086,468341.24314838223,0.0,468341.24314838223,6.643102180994958,354.60804566176495,False,False
2016-12-29,2249.260009765625,13.369999885559082,16.15999984741211,0.0046666025258428525,468348.0125763339,0.0,468348.0125763339,6.769427951642869,0.0,False,False
2016-12-30,2238.830078125,14.039999961853027,16.540000915527344,0.00507265075359442,468354.0005434302,0.0,468354.0005434302,5.987967096333569,0.0,False,False
2017-01-03,2257.830078125,12.850000381469728,15.5600004196167,0.005377213902406584,468950.25698480936,-740.2195941340796,468210.0373906753,26.036847245075577,0.0,True,False
2017-01-04,2270.75,11.850000381469728,14.84000015258789,0.005275690283209086,468957.16565444233,-672.5131352894113,468284.6525191529,6.9086696329623,0.0,True,False
2017-01-05,2269.0,11.670000076293944,14.699999809265137,0.0051741692336486865,468963.94398496894,-611.1983890952632,468352.7455958737,6.778330526612651,0.0,True,False
2017-01-06,2276.97998046875,11.31999969482422,14.5600004196167,0.005275690283209086,468970.5919740361,-598.9641001274892,468371.6278739086,6.647989067199175,0.0,True,False
2017-01-09,2268.89990234375,11.5600004196167,14.630000114440918,0.00507265075359442,468990.927841743,-482.81420352004886,468508.1136382229,20.335867706874602,0.0,True,False
2017-01-10,2268.89990234375,11.489999771118164,14.65999984741211,0.0051741692336486865,468997.44576972956,-450.30240767022985,468547.1433620593,6.517927986594214,0.0,True,False
2017-01-11,2275.320068359375,11.260000228881836,14.470000267028809,0.0051741692336486865,469004.0942337149,-426.4837306848544,468577.61050303007,6.648463985370768,0.0,True,False
2017-01-12,2270.43994140625,11.539999961853027,14.579999923706056,0.0051741692336486865,469010.7427919483,-399.41966424947026,468611.32312769885,6.648558233375237,0.0,True,False
2017-01-13,2274.639892578125,11.229999542236328,14.539999961853027,0.005275690283209086,469017.39144443104,-363.9213901878665,468653.47005424317,6.6486524827157565,0.0,True,False
2017-01-17,2267.889892578125,11.869999885559082,14.890000343322754,0.005478740091370373,469122.72962755297,-539.8451660612284,468582.8844614917,27.117392060221377,278.5952191345108,True,False
2017-01-18,2271.889892578125,12.479999542236328,14.9399995803833,0.005275690283209086,469129.7713283649,-592.9372623045085,468536.8340660604,7.041700811966626,0.0,True,False
2017-01-19,2263.68994140625,12.779999732971191,15.020000457763672,0.0051741692336486865,469136.55215374264,-548.4370241665831,468588.11512957606,6.780825377729774,0.0,True,False
2017-01-20,2271.31005859375,11.539999961853027,14.489999771118164,0.00497113484291711,469143.20258968713,-383.1085357662519,468760.0940539209,6.6504359444775565,0.0,True,False
2017-01-23,2265.199951171875,11.770000457763672,14.539999961853027,0.0051741692336486865,469162.3715357099,-278.2491927273731,468884.1223429825,19.16894602272112,0.0,True,False
2017-01-24,2280.070068359375,11.06999969482422,13.869999885559082,0.00507265075359442,469169.0223376675,-215.5219037854482,468953.50043388206,6.6508019576247115,0.0,True,False
2017-01-25,2298.3701171875,10.8100004196167,13.609999656677246,0.00497113484291711,469175.54274077044,-229.4240493442124,468946.11869142624,6.5204031029138125,0.0,True,False
2017-01-26,2296.679931640625,10.630000114440918,13.630000114440918,0.00507265075359442,469013.51693730336,0.0,469013.51693730336,6.390002111559595,201.4293604825915,False,False
2017-01-27,2294.68994140625,10.579999923706056,13.68000030517578,0.0051741692336486865,469020.035179228,0.0,469020.035179228,6.518241924645899,0.0,False,False
2017-01-30,2280.89990234375,11.880000114440918,14.40999984741211,0.0051741692336486865,469039.9818146191,0.0,469039.9818146191,19.94663539112026,0.0,False,False
2017-01-31,2278.8701171875,11.989999771118164,14.479999542236328,0.005275690283209086,469572.5464608441,-695.9155792526633,468876.63088159147,6.649066972370119,0.0,True,False
2017-02-01,2279.550048828125,11.8100004196167,14.289999961853027,0.00507265075359442,469579.3336861159,-647.3420685236649,468931.9916175922,6.787225271828247,0.0,True,False
2017-02-02,2280.85009765625,11.93000030517578,14.59000015258789,0.0051741692336486865,469585.8597916315,-654.3153926345357,468931.544398997,6.526105515609888,0.0,True,False
2017-02-03,2297.419921875,10.970000267028809,14.050000190734863,0.00507265075359442,469592.5165969191,-621.5226651318932,468970.9939317872,6.656805287585499,0.0,True,False
2017-02-06,2292.56005859375,11.369999885559082,14.239999771118164,0.005377213902406584,469612.09573520883,-537.5889694083613,469074.50676580047,19.579138289747213,0.0,True,False
2017-02-07,2293.080078125,11.289999961853027,14.350000381469728,0.005377213902406584,469619.01415518357,-508.12934743089386,469110.8848077527,6.918419974728187,0.0,True,False
2017-02-08,2294.669921875,11.449999809265137,14.5600004196167,0.005377213902406584,469625.93267708184,-505.90765526303187,469120.0250218188,6.918521898284632,0.0,True,False
2017-02-09,2307.8701171875,10.880000114440918,14.170000076293944,0.005377213902406584,469632.85130090517,-494.0016144324534,469138.84968647273,6.918623823342634,0.0,True,False
2017-02-10,2316.10009765625,10.850000381469728,13.90999984741211,0.005478740091370373,469639.77002665505,-512.3617760892702,469127.40825056576,6.918725749902218,0.0,True,False
2017-02-13,2328.25,11.06999969482422,13.68000030517578,0.005275690283209086,469660.9187294241,-533.7443138002089,469127.17441562394,21.14870276908387,0.0,True,False
2017-02-14,2337.580078125,10.739999771118164,13.1899995803833,0.005478740091370373,469667.7072320332,-556.7700880744442,469110.93714395876,6.788502609055809,0.0,True,False
2017-02-15,2349.25,11.970000267028809,13.40999984741211,0.005377213902406584,469674.7571131549,-873.9881951165576,468800.76891803835,7.049881121718444,0.0,True,False
2017-02-16,2347.219970703125,11.760000228881836,13.630000114440918,0.005275690283209086,469681.6764562697,-761.1709832397895,468920.5054730299,6.919343114768155,0.0,True,False
2017-02-17,2351.159912109375,11.489999771118164,13.720000267028809,0.005275690283209086,469688.46525891195,-733.1038888208137,468955.36137009115,6.788802642286656,0.0,True,False
2017-02-21,2365.3798828125,11.56999969482422,14.039999961853027,0.005377213902406584,469715.6214507524,-768.9436271362481,468946.6778236162,27.156191840486635,0.0,True,False
2017-02-22,2362.820068359375,11.739999771118164,14.390000343322754,0.005275690283209086,469722.54139588884,-655.4268353227402,469067.1145605661,6.91994513641976,0.0,True,False
2017-02-23,2363.81005859375,11.710000038146973,14.739999771118164,0.0051741692336486865,469729.330789195,-547.8117997106748,469181.51898948435,6.789393306185143,0.0,True,False
2017-02-24,2367.340087890625,11.470000267028809,14.760000228881836,0.0051741692336486865,469280.2062903322,0.0,469280.2062903322,6.658839119046309,70.13224127077768,False,False
2017-02-27,2369.75,12.09000015258789,14.90999984741211,0.00507265075359442,469300.1639903643,0.0,469300.1639903643,19.957700032080673,0.0,False,False
2017-02-28,2363.639892578125,12.920000076293944,15.279999732971191,0.005377213902406584,469306.6862160437,0.0,469306.6862160437,6.522225679423457,0.0,False,False
2017-03-01,2395.9599609375,12.539999961853027,14.859999656677246,0.006291042130298993,469313.6001366639,0.0,469313.6001366639,6.913920620182057,0.0,False,False
2017-03-02,2381.919921875,11.8100004196167,14.770000457763672,0.006697254848109094,469321.68916974583,0.0,469321.68916974583,8.089033081961173,0.0,False,False
2017-03-03,2383.1201171875,10.960000038146973,14.260000228881836,0.00710350870925934,469330.30066507385,0.0,469330.30066507385,8.6114953279991,0.0,False,False
2017-03-06,2375.31005859375,11.239999771118164,14.34000015258789,0.007408226110452861,469357.70331607247,0.0,469357.70331607247,27.402650998596172,0.0,False,False
2017-03-07,2368.389892578125,11.449999809265137,14.40999984741211,0.007611383906217505,469977.93002359517,-780.7002875784337,469197.2297360167,9.526419944249655,0.0,True,False
2017-03-08,2362.97998046875,11.859999656677246,14.539999961853027,0.00730665107119169,469987.7306256522,-759.4584540874325,469228.27217156475,9.800602057040495,0.0,True,False
2017-03-09,2364.8701171875,12.300000190734863,14.779999732971191,0.00730665107119169,469997.1390386037,-787.6553459803506,469209.4836926233,9.40841295150957,0.0,True,False
2017-03-10,2372.60009765625,11.65999984741211,14.380000114440918,0.007408226110452861,470006.5476398968,-723.9628305374043,469282.5848093594,9.40860129309489,0.0,True,False
2017-03-13,2373.469970703125,11.350000381469728,14.359999656677246,0.007916139894923874,470035.1669888273,-605.0695833888415,469430.0974054384,28.619348930493384,0.0,True,False
2017-03-14,2365.449951171875,12.300000190734863,14.630000114440918,0.007814551992506623,470045.3612476954,-625.9906948583466,469419.37055283703,10.194258868104662,0.0,True,False
2017-03-15,2385.260009765625,11.630000114440918,14.199999809265137,0.00730665107119169,470055.4249003958,-624.6719121482857,469430.7529882475,10.063652700411089,0.0,True,False
2017-03-16,2381.3798828125,11.210000038146973,13.779999732971191,0.00730665107119169,470064.8346684799,-509.03967777029237,469555.79499070963,9.409768084100783,0.0,True,False
2017-03-17,2378.25,11.279999732971191,13.920000076293944,0.00730665107119169,470074.2446249327,-471.2012901787733,469603.04333475395,9.409956452813718,0.0,True,False
2017-03-20,2373.469970703125,11.34000015258789,13.899999618530272,0.007611383906217505,470102.47562454117,-364.6841049453324,469737.79151959583,28.23099960849408,0.0,True,False
2017-03-21,2344.02001953125,12.470000267028809,14.619999885559082,0.007712966662981572,470112.278823788,-407.6125917734772,469704.6662320145,9.803199246812289,0.0,True,False
2017-03-22,2348.449951171875,12.8100004196167,14.68000030517578,0.007712966662981572,470122.2130666525,-405.5763503760221,469716.63671627647,9.934242864512742,0.0,True,False
2017-03-23,2345.9599609375,13.119999885559082,14.90999984741211,0.007611383906217505,470132.1475194438,-405.32153547778364,469726.82598396606,9.934452791344556,0.0,True,False
2017-03-24,2343.97998046875,12.960000038146973,14.550000190734863,0.007814551992506623,470141.95133744826,-371.0221969781641,469770.9291404701,9.803818004450983,0.0,True,False
2017-03-27,2341.590087890625,12.5,14.229999542236328,0.007814551992506623,469885.24777589564,0.0,469885.24777589564,30.19780859587813,323.79891742988724,False,False
2017-03-28,2358.570068359375,11.529999732971191,13.68000030517578,0.007814551992506623,469895.3080005729,0.0,469895.3080005729,10.060224677276102,0.0,False,False
2017-03-29,2361.1298828125,11.420000076293944,13.43000030517578,0.007814551992506623,469905.36844063917,0.0,469905.36844063917,10.060440066290838,0.0,False,False
2017-03-30,2368.06005859375,11.539999961853027,13.369999885559082,0.007814551992506623,469915.4290960991,0.0,469915.4290960991,10.060655459917044,0.0,False,False
2017-03-31,2362.719970703125,12.369999885559082,13.600000381469728,0.007611383906217505,469925.48996695725,0.0,469925.48996695725,10.060870858154818,0.0,False,False
2017-04-03,2358.840087890625,12.380000114440918,13.670000076293944,0.007916139894923874,469954.88910554105,0.0,469954.88910554105,29.399138583777837,0.0,False,False
2017-04-04,2360.159912109375,11.789999961853027,13.369999885559082,0.007916139894923874,470464.0222792014,-668.9406558822486,469795.0816233192,10.192517778115915,0.0,True,False
2017-04-05,2352.949951171875,12.890000343322754,14.119999885559082,0.00801773037036276,470474.2258392073,-738.9165948121845,469735.3092443951,10.203560005879178,0.0,True,False
2017-04-06,2357.489990234375,12.390000343322754,13.65999984741211,0.007916139894923874,470484.5605704933,-669.3822357172822,469815.178334776,10.334731285996288,0.0,True,False
2017-04-07,2355.5400390625,12.869999885559082,14.0600004196167,0.008220919040828615,470494.76457593957,-696.2127607825568,469798.551815157,10.204005446290537,0.0,True,False
2017-04-10,2357.159912109375,14.050000190734863,14.579999923706056,0.008220919040828615,470526.5566037238,-751.4367624479706,469775.1198412758,31.792027784229557,0.0,True,False
2017-04-11,2353.780029296875,15.06999969482422,15.15999984741211,0.008220919040828615,470537.1544236968,-825.6478938485789,469711.5065298482,10.59781997301714,0.0,True,False
2017-04-12,2344.929931640625,15.770000457763672,15.279999732971191,0.00811932341895452,470547.7524823679,-830.2957660479099,469717.45671632,10.598058671102518,0.0,True,True
2017-04-13,2328.949951171875,15.960000038146973,15.75,0.00811932341895452,470558.21980258735,-796.4752911709697,469761.74451141636,10.467320219412182,0.0,True,True
2017-04-17,2349.010009765625,14.65999984741211,14.859999656677246,0.008322517236116296,470600.09141196904,-600.9252221425515,469999.1661898265,41.8716093816708,0.0,True,False
2017-04-18,2342.18994140625,14.420000076293944,14.760000228881836,0.008220919040828615,470610.82188326825,-536.5504186061175,470074.2714646621,10.730471299185618,0.0,True,False
2017-04-19,2338.169921875,14.93000030517578,15.079999923706056,0.00811932341895452,470621.4216011751,-556.6611568322922,470064.7604443428,10.599717906832044,0.0,True,False
2017-04-20,2355.840087890625,14.149999618530272,14.529999732971191,0.007916139894923874,470631.8905601618,-487.3560359086528,470144.53452425316,10.468958986684513,0.0,True,False
2017-04-21,2348.68994140625,14.630000114440918,14.75,0.007916139894923874,470642.0977609436,-492.5391184417502,470149.5586425018,10.207200781787108,0.0,True,False
2017-04-24,2374.14990234375,10.84000015258789,12.899999618530272,0.00811932341895452,470502.6233343638,0.0,470502.6233343638,30.622930625002066,328.84329867747726,False,False
2017-04-25,2388.610107421875,10.760000228881836,12.850000381469728,0.008220919040828615,470513.0896506867,0.0,470513.0896506867,10.466316322908806,0.0,False,False
2017-04-26,2387.449951171875,10.850000381469728,12.979999542236328,0.008322517236116296,470523.68716733926,0.0,470523.68716733926,10.597516652531041,0.0,False,False
2017-04-27,2388.77001953125,10.359999656677246,12.800000190734863,0.00811932341895452,470534.41589649353,0.0,470534.41589649353,10.728729154275115,0.0,False,False
2017-04-28,2384.199951171875,10.81999969482422,12.93000030517578,0.00801773037036276,470544.882920041,0.0,470544.882920041,10.467023547471355,0.0,False,False
2017-05-01,2388.330078125,10.109999656677246,12.630000114440918,0.008322517236116296,470575.8924513566,0.0,470575.8924513566,31.00953131561865,0.0,False,False
2017-05-02,2391.169921875,10.59000015258789,12.829999923706056,0.008220919040828615,471126.07930082886,-709.456929950011,470416.6223708789,10.729919522301039,0.0,True,False
2017-05-03,2388.1298828125,10.68000030517578,13.09000015258789,0.008525721347452138,471136.6906240431,-694.1241551036188,470442.5664689395,10.611323214278416,0.0,True,False
2017-05-04,2389.52001953125,10.460000038146973,12.829999923706056,0.008525721347452138,471147.695629669,-637.1824668592058,470510.5131628098,11.005005625875857,0.0,True,False
2017-05-05,2399.2900390625,10.56999969482422,12.850000381469728,0.008932160456818562,471158.70089235436,-672.8991727609713,470485.8017195934,11.005262685347631,0.0,True,False
2017-05-08,2399.3798828125,9.770000457763672,12.59000015258789,0.009135395456935813,471193.29228635196,-500.62155652779296,470692.67072982417,34.591393997601244,0.0,True,False
2017-05-09,2396.919921875,9.960000038146973,12.710000038146973,0.009135395456935813,471205.0856861606,-480.5849768979729,470724.5007092626,11.793399808635447,0.0,True,False
2017-05-10,2399.6298828125,10.210000038146973,12.90999984741211,0.009033776669648766,471216.87938114384,-492.27300050399407,470724.60638063983,11.793694983208862,0.0,True,False
2017-05-11,2394.43994140625,10.600000381469728,13.010000228881836,0.008830546818313866,471228.5421776661,-476.6835111957202,470751.8586664704,11.662796522277782,0.0,True,False
2017-05-12,2390.89990234375,10.399999618530272,12.970000267028809,0.008728935754005141,471239.9428791479,-417.7917946336474,470822.1510845142,11.400701481780988,0.0,True,False
2017-05-15,2402.320068359375,10.420000076293944,12.779999732971191,0.009033776669648766,471273.75304967735,-363.520137089036,470910.23291258834,33.8101705294767,0.0,True,False
2017-05-16,2400.669921875,10.649999618530272,12.649999618530272,0.009033776669648766,471285.4172538445,-349.07528719138935,470936.3419666531,11.66420416714919,0.0,True,False
2017-05-17,2357.030029296875,15.59000015258789,15.600000381469728,0.009033776669648766,471297.0817467051,-775.5254891420793,470521.556257563,11.66449286062718,0.0,True,False
2017-05-18,2365.719970703125,14.65999984741211,14.970000267028809,0.009237016818809264,471308.74652826635,-646.0255755174319,470662.7209527489,11.664781561250441,0.0,True,False
2017-05-19,2381.72998046875,12.039999961853027,13.489999771118164,0.009135395456935813,471320.67404033657,-360.9859397237186,470959.68810061284,11.927512070201928,0.0,True,False
2017-05-22,2394.02001953125,10.93000030517578,12.960000038146973,0.009338640755400468,471140.417060863,0.0,471140.417060863,35.39064983146258,323.8093006449633,False,False
2017-05-23,2398.419921875,10.720000267028809,12.899999618530272,0.009237016818809264,471152.4714920576,0.0,471152.4714920576,12.054431194636793,0.0,False,False
2017-05-24,2404.389892578125,10.020000457763672,12.59000015258789,0.009338640755400468,471164.3950492418,0.0,471164.3950492418,11.923557184165162,0.0,False,False
2017-05-25,2415.070068359375,9.989999771118164,12.510000228881836,0.009338640755400468,471176.4500939287,0.0,471176.4500939287,12.055044686921962,0.0,False,False
2017-05-26,2415.820068359375,9.8100004196167,12.4399995803833,0.009338640755400468,471188.5054470517,0.0,471188.5054470517,12.055353123009091,0.0,False,False
2017-05-30,2412.909912109375,10.380000114440918,12.739999771118164,0.009338640755400468,471236.7299440625,0.0,471236.7299440625,48.224497010782095,0.0,False,False
2017-05-31,2411.800048828125,10.40999984741211,12.630000114440918,0.009745162251547073,471248.7868394843,0.0,471248.7868394843,12.056895421821817,0.0,False,False
2017-06-01,2430.06005859375,9.890000343322754,12.420000076293944,0.009745162251547073,471261.3689139925,0.0,471261.3689139925,12.582074508172377,0.0,False,False
2017-06-02,2439.070068359375,9.75,12.460000038146973,0.009745162251547073,471273.9513244349,0.0,471273.9513244349,12.582410442403617,0.0,False,False
2017-06-05,2436.10009765625,10.06999969482422,12.850000381469728,0.009643528014781815,471311.70057145733,0.0,471311.70057145733,37.74924702243041,0.0,False,False
2017-06-06,2429.330078125,10.449999809265137,13.079999923706056,0.009745162251547073,471880.09586475015,-725.942779235358,471154.1530855148,12.45251405743144,0.0,True,False
2017-06-07,2433.139892578125,10.390000343322754,13.09000015258789,0.009948438451316958,471892.69479485013,-715.462323040116,471177.23247181,12.598930099985884,0.0,True,False
2017-06-08,2433.7900390625,10.15999984741211,12.760000228881836,0.010050080414582638,471905.55687542085,-645.5241279511358,471260.0327474697,12.86208057069471,0.0,True,False
2017-06-09,2431.77001953125,10.699999809265137,12.960000038146973,0.010050080414582638,471918.55072224,-661.3002655255857,471257.2504567144,12.99384681914992,0.0,True,False
2017-06-12,2429.389892578125,11.460000038146973,13.300000190734863,0.009846799063681648,471957.5344094383,-645.4912267672472,471312.04318267107,38.98368719829025,0.0,True,False
2017-06-13,2440.35009765625,10.420000076293944,12.729999542236328,0.010050080414582638,471970.26683051896,-551.1559315938217,471419.1108989251,12.73242108061933,0.0,True,False
2017-06-14,2437.919921875,10.640000343322754,12.770000457763672,0.010050080414582638,471983.26245911676,-528.5507773441369,471454.7116817726,12.995628597796024,0.0,True,False
2017-06-15,2432.4599609375,10.899999618530272,12.90999984741211,0.010151724953610124,471996.2584455472,-502.27643003088104,471493.9820155163,12.995986430427699,0.0,True,False
2017-06-16,2433.14990234375,10.380000114440918,12.710000038146973,0.010253372068529071,472009.3862341209,-423.02748599836616,471586.3587481225,13.127788573701759,0.0,True,False
2017-06-19,2453.4599609375,10.369999885559082,12.399999618530272,0.010253372068529071,472049.1661666681,-423.5812424692841,471625.58492419886,39.779932547266355,0.0,True,False
2017-06-20,2437.030029296875,10.859999656677246,12.6899995803833,0.010151724953610124,472062.4268891848,-365.66432182866635,471696.7625673561,13.260722516707373,0.0,True,False
2017-06-21,2435.610107421875,10.75,12.760000228881836,0.009846799063681648,472075.55651812337,-323.2172570943233,471752.33926102903,13.129628938583433,0.0,True,False
2017-06-22,2434.5,10.479999542236328,12.619999885559082,0.009541896353256259,471807.0170584039,0.0,471807.0170584039,12.735605068743348,274.66771444714885,False,False
2017-06-23,2438.300048828125,10.020000457763672,12.359999656677246,0.009643528014781815,471819.35128443455,0.0,471819.35128443455,12.334226030691664,0.0,False,False
2017-06-26,2439.070068359375,9.899999618530272,12.270000457763672,0.009948438451316958,471856.7500525798,0.0,471856.7500525798,37.39876814526897,0.0,False,False
2017-06-27,2419.3798828125,11.0600004196167,12.960000038146973,0.010050080414582638,471869.6111534274,0.0,471869.6111534274,12.8611008476003,0.0,False,False
2017-06-28,2440.68994140625,10.029999732971191,12.399999618530272,0.010151724953610124,471882.6040104866,0.0,471882.6040104866,12.992857059231687,0.0,False,False
2017-06-29,2419.699951171875,11.4399995803833,13.149999618530272,0.010355021759470935,471895.72863795183,0.0,471895.72863795183,13.124627465181847,0.0,False,False
2017-06-30,2423.409912109375,11.18000030517578,13.140000343322754,0.010253372068529071,471909.11647316715,0.0,471909.11647316715,13.387835215297901,0.0,False,False
2017-07-03,2429.010009765625,11.220000267028809,13.3100004196167,0.010558328869943914,471948.8879551953,0.0,471948.8879551953,39.77148202818008,0.0,False,False
2017-07-05,2432.5400390625,11.06999969482422,13.3100004196167,0.01045667402656539,472490.5492794706,-684.3564710464792,471806.1928084241,27.30485322880883,0.0,True,False
2017-07-06,2409.75,12.539999961853027,14.109999656677246,0.010355021759470935,472504.0855820089,-735.1031099251119,471768.98247208376,13.536302538296562,0.0,True,False
2017-07-07,2425.179931640625,11.1899995803833,13.520000457763672,0.01045667402656539,472517.4906765084,-621.485605193904,471896.0050713145,13.405094499552552,0.0,True,False
2017-07-10,2427.429931640625,11.109999656677246,13.350000381469728,0.01045667402656539,472558.1030631171,-532.6042636640597,472025.498799453,40.612386608649444,0.0,True,False
2017-07-11,2425.530029296875,10.890000343322754,13.15999984741211,0.01045667402656539,472571.6413009924,-476.92183743490546,472094.71946355747,13.538237875319577,0.0,True,False
2017-07-12,2443.25,10.300000190734863,12.779999732971191,0.01045667402656539,472585.1799267224,-447.28905511147616,472137.89087161096,13.538625730026926,0.0,True,False
2017-07-13,2447.830078125,9.899999618530272,12.550000190734863,0.01045667402656539,472598.7189403183,-397.64919584748196,472201.06974447076,13.539013595845859,0.0,True,False
2017-07-14,2459.27001953125,9.510000228881836,12.229999542236328,0.010355021759470935,472612.25834179105,-384.0445124956548,472228.2138292954,13.539401472776696,0.0,True,False
2017-07-17,2459.139892578125,9.81999969482422,12.279999732971191,0.010659986289736204,472652.48397317145,-322.0194150425949,472330.46455812885,40.22563138041189,0.0,True,False
2017-07-18,2460.610107421875,9.890000343322754,12.25,0.010659986289736204,472666.2881994045,-306.3963864305907,472359.8918129739,13.804226233021144,0.0,True,False
2017-07-19,2473.830078125,9.789999961853027,12.0,0.011066641735660514,472680.09282880195,-348.6137671929174,472331.479061609,13.804629397435495,0.0,True,False
2017-07-20,2473.449951171875,9.579999923706056,12.039999961853027,0.011473338414662016,472694.424501526,-287.8896251268055,472406.5348763992,14.331672724039711,0.0,True,False
2017-07-21,2472.5400390625,9.359999656677246,12.0600004196167,0.011575019028060856,472472.1679681132,0.0,472472.1679681132,14.85881736635601,277.24112026735,False,False
2017-07-24,2469.909912109375,9.43000030517578,12.039999961853027,0.011676702219179911,472517.1197584358,0.0,472517.1197584358,44.95179032259734,0.0,False,False
2017-07-25,2477.1298828125,9.43000030517578,12.050000190734863,0.011778387988150774,472532.2362788631,0.0,472532.2362788631,15.116520427297012,0.0,False,False
2017-07-26,2477.830078125,9.600000381469728,12.109999656677246,0.011269984920504017,472547.48493041814,0.0,472547.48493041814,15.248651555016574,0.0,False,False
2017-07-27,2475.419921875,10.109999656677246,12.420000076293944,0.011066641735660514,472562.0758489077,0.0,472562.0758489077,14.59091848956028,0.0,False,False
2017-07-28,2472.10009765625,10.289999961853027,12.579999923706056,0.01076164628607375,472576.40394335386,0.0,472576.40394335386,14.328094446135935,0.0,False,False
2017-07-31,2470.300048828125,10.260000228881836,12.470000267028809,0.010659986289736204,472618.2060668791,0.0,472618.2060668791,41.80212352525903,0.0,False,False
2017-08-01,2476.35009765625,10.09000015258789,12.399999618530272,0.01076164628607375,473163.9461180877,-701.9368260916056,472462.0092919961,13.80322511700187,0.0,True,False
2017-08-02,2477.570068359375,10.279999732971191,12.5600004196167,0.01076164628607375,473177.8970717608,-708.6964936314945,472469.20057812927,13.950953673099686,0.0,True,False
2017-08-03,2472.159912109375,10.4399995803833,12.739999771118164,0.01076164628607375,473191.84843676933,-678.6829391887638,472513.16549758054,13.951365008557481,0.0,True,False
2017-08-04,2476.830078125,10.029999732971191,12.75,0.01076164628607375,473205.8002131255,-641.1557183402666,472564.6444947852,13.951776356143254,0.0,True,False
2017-08-07,2480.909912109375,9.93000030517578,12.65999984741211,0.010253372068529071,473247.65801040083,-553.5978797938898,472694.06013060693,41.85779727535698,0.0,True,False
2017-08-08,2474.919921875,10.960000038146973,13.199999809265137,0.010558328869943914,473260.9524007405,-614.0598621698774,472646.8925385706,13.294390339716863,0.0,True,False
2017-08-09,2474.02001953125,11.109999656677246,13.489999771118164,0.010558328869943914,473274.64258443675,-605.4711522588565,472669.1714321779,13.690183696227697,0.0,True,False
2017-08-10,2438.2099609375,16.040000915527344,16.209999084472656,0.01045667402656539,473288.3331641537,-1065.9356845790273,472222.39747957466,13.690579716919212,0.0,True,False
2017-08-11,2441.320068359375,15.510000228881836,16.389999389648438,0.010253372068529071,473301.89232226874,-992.776955930744,472309.115366338,13.559158115068872,0.0,True,False
2017-08-14,2465.840087890625,12.329999923706056,13.920000076293944,0.010253372068529071,473341.7811844401,-550.5991162390475,472791.182068201,39.88886217134368,0.0,True,False
2017-08-15,2464.610107421875,12.039999961853027,13.899999618530272,0.010355021759470935,473355.0782188715,-485.49775444024476,472869.58046443126,13.29703443144032,0.0,True,False
2017-08-16,2468.110107421875,11.739999771118164,13.579999923706056,0.010151724953610124,473368.50745630875,-427.6526440884008,472940.8548122204,13.429237437282953,0.0,True,False
2017-08-17,2430.010009765625,15.550000190734863,16.139999389648438,0.009948438451316958,473381.6734116996,-810.3064745794771,472571.3669371201,13.165955390835178,0.0,True,False
2017-08-18,2425.550048828125,14.260000228881836,15.649999618530272,0.010151724953610124,473394.5760764182,-658.2990380788785,472736.27703833935,12.90266471863598,0.0,True,False
2017-08-21,2428.3701171875,13.1899995803833,14.989999771118164,0.010050080414582638,473434.0772163943,-464.98402670239966,472969.0931896919,39.5011399761004,0.0,True,False
2017-08-22,2452.510009765625,11.350000381469728,13.630000114440918,0.010050080414582638,473195.7155597803,0.0,473195.7155597803,13.0359343912948,280.5392350863151,False,False
2017-08-23,2444.0400390625,12.25,14.329999923706056,0.009948438451316958,473208.7449309201,0.0,473208.7449309201,13.029371139795689,0.0,False,False
2017-08-24,2438.969970703125,12.229999542236328,14.390000343322754,0.010151724953610124,473221.6428822365,0.0,473221.6428822365,12.897951316463649,0.0,False,False
2017-08-25,2443.050048828125,11.279999732971191,13.989999771118164,0.010253372068529071,473234.8047528342,0.0,473234.8047528342,13.161870597697757,0.0,False,False
2017-08-28,2444.239990234375,11.31999969482422,13.989999771118164,0.009846799063681648,473274.68796101,0.0,473274.68796101,39.88320817575652,0.0,False,False
2017-08-29,2446.300048828125,11.699999809265137,14.119999885559082,0.010253372068529071,473287.45591612154,0.0,473287.45591612154,12.76795511159402,0.0,False,False
2017-08-30,2457.590087890625,11.220000267028809,14.140000343322754,0.010253372068529071,473300.75142445706,0.0,473300.75142445706,13.295508335515466,0.0,False,False
2017-08-31,2471.64990234375,10.59000015258789,13.800000190734863,0.010050080414582638,473314.0473062877,0.0,473314.0473062877,13.295881830607486,0.0,False,False
2017-09-01,2476.550048828125,10.130000114440918,13.59000015258789,0.010151724953610124,473327.0799356739,0.0,473327.0799356739,13.03262938620868,0.0,False,False
2017-09-05,2457.85009765625,12.229999542236328,14.579999923706056,0.010253372068529071,473934.8102541092,-725.0689088383854,473209.7413452708,52.661409596916954,0.0,True,False
2017-09-06,2465.5400390625,11.630000114440918,14.399999618530272,0.010659986289736204,473948.12394780945,-687.4868314918291,473260.63711631764,13.313693700221755,0.0,True,False
2017-09-07,2465.10009765625,11.550000190734863,14.31999969482422,0.01045667402656539,473961.966014333,-644.1202007335778,473317.8458135994,13.842066523579023,0.0,True,False
2017-09-08,2461.429931640625,12.119999885559082,14.6899995803833,0.010355021759470935,473975.5444712427,-658.5434662675954,473317.0010049751,13.578456909666283,0.0,True,False
2017-09-11,2488.110107421875,10.729999542236328,13.859999656677246,0.010558328869943914,474015.8861365269,-581.2552576551684,473434.6308788717,40.341665284191194,0.0,True,False
2017-09-12,2496.47998046875,10.579999923706056,13.5600004196167,0.010355021759470935,474029.59815845307,-587.7900241965551,473441.8081342565,13.712021926212586,0.0,True,False
2017-09-13,2498.3701171875,10.5,13.229999542236328,0.010355021759470935,474043.0465322403,-545.3899772011613,473497.6565550391,13.448373787227496,0.0,True,False
2017-09-14,2495.6201171875,10.4399995803833,13.15999984741211,0.01045667402656539,474056.49528756225,-478.7405635798737,473577.75472398236,13.448755321963352,0.0,True,False
2017-09-15,2500.22998046875,10.170000076293944,12.960000038146973,0.01045667402656539,474070.0764526252,-449.4197180770587,473620.65673454816,13.581165062968202,0.0,True,False
2017-09-18,2503.8701171875,10.149999618530272,12.6899995803833,0.010558328869943914,474110.82228236564,-368.207067661034,473742.6152147046,40.74582974044224,0.0,True,False
2017-09-19,2506.64990234375,10.18000030517578,12.729999542236328,0.01045667402656539,474124.53705054265,-359.4959583179718,473765.0410922247,13.714768177026965,0.0,True,False
2017-09-20,2508.239990234375,9.779999732971191,12.65999984741211,0.010355021759470935,474138.1201649227,-293.61574936950444,473844.5044155532,13.583114380029349,0.0,True,False
2017-09-21,2500.60009765625,9.670000076293944,12.65999984741211,0.010355021759470935,473931.5362922792,0.0,473931.5362922792,13.451452591827067,335.0335836031143,False,False
2017-09-22,2502.219970703125,9.59000015258789,12.850000381469728,0.010253372068529071,473944.9818840194,0.0,473944.9818840194,13.445591740208275,0.0,False,False
2017-09-25,2496.659912109375,10.210000038146973,13.0600004196167,0.010558328869943914,473984.9249443913,0.0,473984.9249443913,39.943060371918456,0.0,False,False
2017-09-26,2496.840087890625,10.170000076293944,13.020000457763672,0.010659986289736204,473998.6360706924,0.0,473998.6360706924,13.711126301070388,0.0,False,False
2017-09-27,2507.0400390625,9.869999885559082,12.90999984741211,0.010659986289736204,474012.47961246636,0.0,474012.47961246636,13.843541773991175,0.0,False,False
2017-09-28,2510.06005859375,9.550000190734863,12.760000228881836,0.010558328869943914,474026.323558553,0.0,474026.323558553,13.84394608665004,0.0,False,False
2017-09-29,2519.360107421875,9.510000228881836,12.489999771118164,0.010558328869943914,474040.03588240617,0.0,474040.03588240617,13.712323853139216,0.0,False,False
2017-10-02,2529.1201171875,9.449999809265137,12.359999656677246,0.010151724953610124,474081.1752339784,0.0,474081.1752339784,41.139351572281605,0.0,False,False
2017-10-03,2534.580078125,9.510000228881836,12.3100004196167,0.010659986289736204,474796.63296926196,-872.2719582272749,473924.3610110347,13.185777056242758,0.0,True,False
2017-10-04,2537.739990234375,9.630000114440918,12.380000114440918,0.01076164628607375,474810.49981722835,-878.5575850896113,473931.94223213877,13.866847966372742,0.0,True,False
2017-10-05,2552.070068359375,9.1899995803833,12.18000030517578,0.010659986289736204,474824.4993185445,-910.7672102257017,473913.7321083188,13.999501316185006,0.0,True,False
2017-10-06,2549.330078125,9.649999618530272,12.4399995803833,0.010659986289736204,474838.3669803718,-915.0880178012575,473923.2789625706,13.86766182730192,0.0,True,False
2017-10-09,2544.72998046875,10.329999923706056,12.729999542236328,0.010659986289736204,474879.9723960035,-845.7614619352388,474034.21093406825,41.605415631694584,0.0,True,False
2017-10-10,2550.639892578125,10.079999923706056,12.470000267028809,0.01076164628607375,474893.8416779702,-809.4438386241383,474084.397839346,13.869281966700424,0.0,True,False
2017-10-11,2555.239990234375,9.850000381469728,12.239999771118164,0.01096497400890528,474907.8436365709,-768.1002596545784,474139.74337691633,14.001958600700824,0.0,True,False
2017-10-12,2550.929931640625,9.90999984741211,12.260000228881836,0.01086330885908627,474922.1105691188,-689.3389647576614,474232.7716043611,14.266932547881094,0.0,True,False
2017-10-13,2553.169921875,9.609999656677246,11.979999542236328,0.01086330885908627,474936.2456440437,-612.1552070754464,474324.09043696825,14.135074924897154,0.0,True,False
2017-10-16,2557.639892578125,9.90999984741211,11.9399995803833,0.011066641735660514,474978.6533930762,-565.0115326127976,474413.6418604634,42.40774903248625,0.0,True,False
2017-10-17,2559.360107421875,10.3100004196167,12.050000190734863,0.01086330885908627,474993.0547582164,-602.8676752856259,474390.1870829308,14.401365140207307,0.0,True,False
2017-10-18,2561.260009765625,10.06999969482422,11.920000076293944,0.01086330885908627,475007.19194464845,-536.0969472219654,474471.0949974265,14.137186432039197,0.0,True,False
2017-10-19,2562.10009765625,10.050000190734863,11.960000038146973,0.01096497400890528,475021.3295518446,-495.1764491882332,474526.1531026564,14.137607196170825,0.0,True,False
2017-10-20,2575.2099609375,9.970000267028809,11.850000381469728,0.011066641735660514,475035.5998936769,-585.9020440505151,474449.69784962636,14.270341832271823,0.0,True,False
2017-10-23,2564.97998046875,11.06999969482422,12.550000190734863,0.01096497400890528,475078.81047907507,-505.431191850501,474573.37928722455,43.210585398178274,0.0,True,False
2017-10-24,2569.1298828125,11.15999984741211,12.670000076293944,0.011168312039483508,475093.08254771924,-510.92438808835,474582.1581596309,14.272068644162962,0.0,True,False
2017-10-25,2557.14990234375,11.229999542236328,12.949999809265137,0.011168312039483508,474750.68964946776,0.0,474750.68964946776,14.537175263389319,345.3418847124131,False,False
2017-10-26,2560.39990234375,11.300000190734863,12.93000030517578,0.011066641735660514,474765.2163479935,0.0,474765.2163479935,14.526698525769545,0.0,False,False
2017-10-27,2581.070068359375,9.800000190734863,12.229999542236328,0.01096497400890528,474779.61124171695,0.0,474779.61124171695,14.394893723442102,0.0,False,False
2017-10-30,2572.830078125,10.5,12.56999969482422,0.011168312039483508,474822.40176795423,0.0,474822.40176795423,42.79052623728712,0.0,False,False
2017-10-31,2575.260009765625,10.18000030517578,12.380000114440918,0.011473338414662016,475443.85891540855,-776.9282546393003,474666.9306607692,14.528892815000944,0.0,True,False
2017-11-01,2579.360107421875,10.199999809265137,12.56999969482422,0.011778387988150774,475458.8041593154,-791.7047979808149,474667.0993613346,14.945243906841942,0.0,True,False
2017-11-02,2579.85009765625,9.93000030517578,12.68000030517578,0.011676702219179911,475474.1472514407,-747.1764570543928,474726.9707943863,15.34309212527808,0.0,True,False
2017-11-03,2587.840087890625,9.140000343322754,12.420000076293944,0.011778387988150774,475489.3583715441,-671.8804382656261,474817.4779332785,15.21112010344195,0.0,True,False
2017-11-06,2591.1298828125,9.399999618530272,12.56999969482422,0.011880076335103261,475535.39209136,-615.5627665127315,474919.82932484726,46.03371981588547,0.0,True,False
2017-11-07,2590.639892578125,9.890000343322754,12.760000228881836,0.012185156845161282,475550.8701425868,-635.8239455210767,474915.04619706573,15.478051226813923,0.0,True,False
2017-11-08,2594.3798828125,9.779999732971191,12.880000114440918,0.012286855505349794,475566.7461937268,-618.0475490856611,474948.69864464115,15.87605113996582,0.0,True,False
2017-11-09,2584.6201171875,10.5,13.140000343322754,0.012388556744173626,475582.7552848056,-602.4447400826207,474980.310544723,16.009091078813903,0.0,True,False
2017-11-10,2582.300048828125,11.289999961853027,13.609999656677246,0.012286855505349794,475598.8974325831,-660.161402388353,474938.73603019473,16.14214777751193,0.0,True,False
2017-11-13,2584.840087890625,11.5,13.75,0.012388556744173626,475646.9295696373,-578.3696816286979,475068.5598880086,48.03213705419692,0.0,True,False
2017-11-14,2578.8701171875,11.59000015258789,13.93000030517578,0.012591966958252128,475663.0738956073,-519.0043950517196,475144.0695005556,16.144325970008943,0.0,True,False
2017-11-15,2564.6201171875,13.130000114440918,14.65999984741211,0.012490260561764442,475679.48386006214,-632.621605505864,475046.86225455627,16.40996445481104,0.0,True,False
2017-11-16,2585.639892578125,11.760000228881836,13.960000038146973,0.012693675933768366,475695.76183911646,-487.14969096500084,475208.61214815144,16.277979054318912,0.0,True,False
2017-11-17,2578.85009765625,11.43000030517578,13.800000190734863,0.012795387488443062,475712.3054907415,-376.7793162093208,475335.5261745322,16.54365162502035,0.0,True,False
2017-11-20,2582.139892578125,10.649999618530272,13.279999732971191,0.012998818335792863,475544.58630578517,0.0,475544.58630578517,50.03213725852873,389.17693242448456,False,False
2017-11-21,2599.030029296875,9.729999542236328,12.550000190734863,0.012998818335792863,475561.5222722538,0.0,475561.5222722538,16.935966468664397,0.0,False,False
2017-11-22,2597.080078125,9.880000114440918,12.4399995803833,0.012897101622407918,475578.4588418772,0.0,475578.4588418772,16.936569623381086,0.0,False,False
2017-11-24,2602.419921875,9.670000076293944,12.420000076293944,0.012795387488443062,475612.0687073319,0.0,475612.0687073319,33.60986545471245,0.0,False,False
2017-11-27,2601.419921875,9.869999885559082,12.56999969482422,0.012693675933768366,475662.0903023773,0.0,475662.0903023773,50.02159504541375,0.0,False,False
2017-11-28,2627.0400390625,10.029999732971191,12.270000457763672,0.012998818335792863,475678.6327829804,0.0,475678.6327829804,16.542480603081163,0.0,False,False
2017-11-29,2626.070068359375,10.699999809265137,12.81999969482422,0.012897101622407918,475695.5735233582,0.0,475695.5735233582,16.940740377795937,0.0,False,False
2017-11-30,2647.580078125,11.279999732971191,13.039999961853027,0.012693675933768366,475712.3822974532,0.0,475712.3822974532,16.808774094943274,0.0,False,False
2017-12-01,2642.219970703125,11.43000030517578,13.279999732971191,0.012693675933768366,475728.92652710114,0.0,475728.92652710114,16.54422964798088,0.0,False,False
2017-12-04,2639.43994140625,11.68000030517578,13.550000190734863,0.012998818335792863,475778.56266835635,0.0,475778.56266835635,49.63614125521403,0.0,False,False
2017-12-05,2629.570068359375,11.329999923706056,13.539999961853027,0.012998818335792863,476439.5133776087,-814.0064099880949,475625.5069676206,16.944299264253026,0.0,True,False
2017-12-06,2629.27001953125,11.020000457763672,13.449999809265137,0.012998818335792863,476456.4812158625,-747.7427331366956,475708.7384827258,16.967838253806654,0.0,True,False
2017-12-07,2636.97998046875,10.15999984741211,12.93000030517578,0.012897101622407918,476473.4496584061,-646.3239614437415,475827.12569696235,16.96844254359985,0.0,True,False
2017-12-08,2651.5,9.579999923706056,12.460000038146973,0.012795387488443062,476490.28591887036,-622.9017403361968,475867.38417853415,16.83626046428454,0.0,True,False
2017-12-11,2659.989990234375,9.34000015258789,12.279999732971191,0.013303983953780121,476540.39987874124,-547.9511500383256,475992.4487287029,50.11395987088356,0.0,True,False
2017-12-12,2664.110107421875,9.920000076293944,12.479999542236328,0.013405710986155586,476557.7697455271,-619.968938103101,475937.800807424,17.369866785872883,0.0,True,False
2017-12-13,2662.85009765625,10.18000030517578,12.5,0.012998818335792863,476575.27306895435,-598.8702488010335,475976.40282015334,17.503323427246205,0.0,True,False
2017-12-14,2652.010009765625,10.489999771118164,12.800000190734863,0.013202259501348118,476592.24574213143,-524.091980446828,476068.1537616846,16.972673177064404,0.0,True,False
2017-12-15,2675.81005859375,9.420000076293944,12.079999923706056,0.013100537628729612,476609.48466898163,-536.3111648861565,476073.17350409547,17.238926850193334,0.0,True,False
2017-12-18,2690.159912109375,9.529999732971191,12.06999969482422,0.01381264491771495,476660.8066688855,-590.2073760256601,476070.59929285984,51.32199990390511,0.0,True,False
2017-12-19,2681.469970703125,10.029999732971191,12.510000228881836,0.013710907564255062,476678.8452197019,-517.5402254716761,476161.3049942302,18.03855081635098,0.0,True,False
2017-12-20,2679.25,9.720000267028809,12.369999885559082,0.01381264491771495,476696.7515822775,-402.1836098716125,476294.5679724059,17.906362575613905,0.0,True,False
2017-12-21,2684.570068359375,9.619999885559082,12.350000381469728,0.013507440598606275,476714.791493378,-392.55821593288783,476322.23327744514,18.039911100514768,0.0,True,False
2017-12-22,2683.340087890625,9.899999618530272,12.489999771118164,0.013303983953780121,476732.43345468404,-374.6179825696525,476357.81547211437,17.64196130605525,0.0,True,False
2017-12-26,2680.5,10.25,12.619999885559082,0.01472839724149434,476561.8488158933,0.0,476561.8488158933,69.51126599537206,403.91050520195057,False,False
2017-12-27,2682.6201171875,10.470000267028809,12.649999618530272,0.014423123235623505,476581.07931955304,0.0,476581.07931955304,19.23050365975621,0.0,False,False
2017-12-28,2687.5400390625,10.18000030517578,12.760000228881836,0.013914384851773634,476599.91198654164,0.0,476599.91198654164,18.832666988586112,0.0,False,False
2017-12-29,2673.610107421875,11.039999961853027,13.09000015258789,0.013914384851773634,476618.081085174,0.0,476618.081085174,18.16909863237561,0.0,False,False
2018-01-02,2695.81005859375,9.770000457763672,12.609999656677246,0.014423123235623505,477390.80722566275,-870.0428192116636,476520.7644064511,72.68332127706537,0.0,True,False
2018-01-03,2713.06005859375,9.149999618530272,12.31999969482422,0.014117872462209299,477409.6718900106,-886.43399272563,476523.23789728497,18.86466434783693,0.0,True,False
2018-01-04,2723.989990234375,9.220000267028809,12.239999771118164,0.014117872462209299,477428.13802483364,-963.5538690178568,476464.58415581577,18.46613482303886,0.0,True,False
2018-01-05,2743.14990234375,9.220000267028809,12.0600004196167,0.013914384851773634,477446.604873924,-1175.8730665953028,476270.7318073287,18.4668490903765,0.0,True,False
2018-01-08,2747.7099609375,9.520000457763672,12.149999618530272,0.014524878656021945,477501.2110851985,-1159.6474679359847,476341.5636172625,54.60621127452072,0.0,True,False
2018-01-09,2751.2900390625,10.079999923706056,12.40999984741211,0.014423123235623505,477520.2132362948,-1274.3613203851044,476245.8519159097,19.002151096316094,0.0,True,False
2018-01-10,2748.22998046875,9.81999969482422,12.359999656677246,0.014219620138848145,477539.0830142747,-1125.61661639666,476413.4663978781,18.869777979935026,0.0,True,False
2018-01-11,2767.56005859375,9.880000114440918,12.15999984741211,0.014321370396609526,477557.687279025,-1458.5687281903479,476099.11855083465,18.60426475028174,0.0,True,False
2018-01-12,2786.239990234375,10.15999984741211,12.199999809265137,0.014321370396609526,477576.42540149676,-1912.0757094164692,475664.3496920803,18.738122471777803,0.0,True,False
2018-01-16,2776.419921875,11.65999984741211,13.229999542236328,0.014524878656021945,477651.3852440245,-1738.0768848179048,475913.3083592066,74.95984252777437,0.0,True,False
2018-01-17,2802.56005859375,11.90999984741211,13.25,0.014423123235623505,477670.39337129844,-2404.730747360974,475265.6626239375,19.008127273947746,0.0,True,False
2018-01-18,2798.030029296875,12.220000267028809,13.579999923706056,0.014524878656021945,477689.26908382465,-2282.188736674036,475407.0803471506,18.87571252621383,0.0,True,False
2018-01-19,2810.300048828125,11.270000457763672,13.039999961853027,0.014423123235623505,477708.27871868527,-2452.09603200655,475256.1826866787,19.009634860591042,0.0,True,False
2018-01-22,2832.969970703125,11.029999732971191,12.989999771118164,0.014524878656021945,477764.91258541285,-3065.7870902963696,474699.12549511646,56.63386672760042,0.0,True,False
2018-01-23,2839.1298828125,11.100000381469728,13.220000267028809,0.014423123235623505,477783.92523050506,-3305.3449227519095,474478.5803077532,19.012645092216147,0.0,True,False
2018-01-24,2837.5400390625,11.470000267028809,13.529999732971191,0.014321370396609526,477802.8054293774,-3221.779802571468,474581.02562680596,18.880198872377814,0.0,True,False
2018-01-25,2839.25,11.579999923706056,13.68000030517578,0.014219620138848145,477821.55316964834,-3276.9064948522087,474544.6466747961,18.74774027093319,0.0,True,False
2018-01-26,2872.8701171875,11.079999923706056,13.460000038146973,0.014117872462209299,472965.0760501085,0.0,472965.0760501085,18.615269398365104,-4175.049569726568,False,False
2018-01-29,2853.530029296875,13.84000015258789,14.989999771118164,0.014524878656021945,473019.96082854754,0.0,473019.96082854754,54.88477843905064,0.0,False,False
2018-01-30,2822.429931640625,14.789999961853027,15.829999923706056,0.014423123235623505,473619.06689955614,-750.2822511761696,472868.78464837995,18.823819832435607,0.0,True,False
2018-01-31,2823.81005859375,13.539999961853027,14.899999618530272,0.014626636657934929,473637.78251910844,-590.0463855376631,473047.7361335708,18.715619552289432,0.0,True,False
2018-02-01,2821.97998046875,13.470000267028809,14.720000267028809,0.014830160406830283,473656.76297544147,-546.5854811645445,473110.1774942769,18.980456333028062,0.0,True,False
2018-02-02,2762.1298828125,17.309999465942383,17.030000686645508,0.014830160406830283,473676.0083137359,-789.796140937108,472886.21217279875,19.245338294440536,0.0,True,True
2018-02-05,2648.93994140625,37.31999969482422,28.1299991607666,0.015135465394811011,473733.7490205367,-2499.9782934535733,471233.77072708315,57.74070680084483,0.0,True,True
2018-02-06,2695.139892578125,29.979999542236328,23.75,0.015237238888565052,473753.39375870046,-1868.4497423926434,471884.9440163078,19.644738163738698,0.0,True,True
2018-02-07,2681.659912109375,27.729999542236328,23.030000686645508,0.015542574864945027,473773.17141435074,-1704.5404290413633,472068.63098530937,19.777655650262147,0.0,True,True
2018-02-08,2581.0,33.459999084472656,27.329999923706055,0.015542574864945027,473793.346241115,-2528.906909835384,471264.4393312796,20.17482676429518,0.0,True,True
2018-02-09,2619.550048828125,29.059999465942383,24.920000076293945,0.015542574864945027,473813.52192699007,-2055.600647791926,471757.92127919814,20.175685875067014,0.0,True,True
2018-02-12,2656.0,25.61000061035156,22.86000061035156,0.01635691778921983,473874.0541396458,-1592.2175376394844,472281.83660200634,60.53221265575477,0.0,True,True
2018-02-13,2662.93994140625,24.969999313354492,22.649999618530273,0.015949725660284436,473895.29055779893,-1496.8903353447377,472398.4002224542,21.236418153089236,0.0,True,True
2018-02-14,2698.6298828125,19.260000228881836,19.34000015258789,0.015847934086752537,473915.99922909675,-888.0402886395286,473027.9589404572,20.708671297805008,0.0,True,False
2018-02-15,2731.199951171875,19.1299991607666,19.079999923706055,0.015847934086752537,473936.5766334034,-729.4957620443358,473207.0808713591,20.577404306660924,0.0,True,True
2018-02-16,2732.219970703125,19.459999084472656,19.170000076293945,0.016153316557528122,473957.1549311798,-728.1099627755675,473229.0449684042,20.57829777632367,0.0,True,True
2018-02-20,2716.260009765625,20.600000381469727,20.010000228881836,0.016662339016142433,474041.06350804796,-769.4833299635375,473271.58017808443,83.90857686816257,0.0,True,True
2018-02-21,2701.330078125,20.020000457763672,20.030000686645508,0.016458722280811345,474062.7040921513,-760.1498128192814,473302.55427933205,21.64058410336519,0.0,True,False
2018-02-22,2703.9599609375,18.719999313354492,19.059999465942383,0.01635691778921983,474084.0811943675,-633.888949641235,473450.19224472623,21.37710221619383,0.0,True,False
2018-02-23,2747.300048828125,16.489999771118164,17.5,0.01635691778921983,473775.4728388144,0.0,473775.4728388144,21.24583040581455,250.42806521728522,False,False
2018-02-26,2779.60009765625,15.800000190734863,16.920000076293945,0.01676415126014437,473839.17169421085,0.0,473839.17169421085,63.698855396434936,0.0,False,False
2018-02-27,2744.280029296875,18.59000015258789,19.020000457763672,0.016662339016142433,473860.9352393329,0.0,473860.9352393329,21.76354512203669,0.0,False,False
2018-02-28,2713.830078125,19.850000381469727,19.88999938964844,0.016560529356408785,473882.5676003492,0.0,473882.5676003492,21.632361016277173,0.0,False,False
2018-03-01,2677.669921875,22.469999313354492,21.420000076293945,0.016255115881502177,473904.068762558,0.0,473904.068762558,21.501162208774442,0.0,False,True
2018-03-02,2691.25,19.59000015258789,19.86000061035156,0.016458722280811345,473925.1743436265,0.0,473925.1743436265,21.105581068482664,0.0,False,False
2018-03-05,2720.93994140625,18.729999542236328,19.209999084472656,0.016967783501476128,473989.2899363242,0.0,473989.2899363242,64.11559269766933,0.0,False,False
2018-03-06,2728.1201171875,18.36000061035156,19.239999771118164,0.01676415126014437,474123.28782685637,-281.9630012339917,473841.3248256224,22.034889298195996,0.0,True,False
2018-03-07,2726.800048828125,17.760000228881836,18.84000015258789,0.01676415126014437,474145.0644214995,-251.97624892732753,473893.08817257214,21.776594643144495,0.0,True,False
2018-03-08,2738.969970703125,16.540000915527344,18.18000030517578,0.016662339016142433,474166.84201634675,-213.04487419198236,473953.79714215477,21.77759484728217,0.0,True,False
2018-03-09,2786.570068359375,14.640000343322754,17.010000228881836,0.016662339016142433,474188.48834240076,-175.59321327723822,474012.8951291235,21.646326054003584,0.0,True,False
2018-03-12,2783.02001953125,15.779999732971191,17.799999237060547,0.017069603499068373,474253.4332498391,-177.1142002544978,474076.3190495846,64.94490743833654,0.0,True,False
2018-03-13,2765.31005859375,16.350000381469727,18.049999237060547,0.017273251248762632,474275.61272205715,-171.72596281377398,474103.8867592434,22.179472218033577,0.0,True,False
2018-03-14,2749.47998046875,17.229999542236328,18.780000686645508,0.017578742261546272,474298.0578608748,-180.26573852067085,474117.79212235415,22.44513881766342,0.0,True,False
2018-03-15,2747.330078125,16.59000015258789,18.209999084472656,0.017680577769863457,474320.9010501623,-157.98162769838314,474162.9194224639,22.843189287548526,0.0,True,False
2018-03-16,2752.010009765625,15.800000190734863,17.739999771118164,0.017782415863761357,474343.8776822098,-138.62433732107527,474205.2533448887,22.976632047416192,0.0,True,False
2018-03-19,2712.919921875,19.020000457763672,19.3799991607666,0.017986099808822733,474413.2113524052,-174.88504337131732,474238.3263090339,69.33367019540175,0.0,True,False
2018-03-20,2716.93994140625,18.200000762939453,18.8799991607666,0.018087945660248832,474436.5895814733,-152.68450433570752,474283.90507713764,23.378229068108816,0.0,True,False
2018-03-21,2711.929931640625,17.860000610351562,18.709999084472656,0.017375079001127135,474460.10135103395,-142.88613362649667,474317.21521740744,23.511769560633645,0.0,True,False
2018-03-22,2643.68994140625,23.34000015258789,21.65999984741211,0.01717142608145376,474482.6875920234,-281.37153501749464,474201.3160570059,22.586240989460002,0.0,True,True
2018-03-23,2588.260009765625,24.8700008392334,22.790000915527344,0.017375079001127135,474505.0101565455,-381.7034461666954,474123.3067103788,22.322564522093156,0.0,True,True
2018-03-26,2658.550048828125,21.030000686645508,20.700000762939453,0.01788425654337038,474572.7785189911,-177.23615584635394,474395.54236314475,67.7683624455867,0.0,True,True
2018-03-27,2612.6201171875,22.5,21.940000534057617,0.017680577769863457,474596.0321881832,-231.71567697613185,474364.3165112071,23.253669192163187,0.0,True,True
2018-03-28,2605.0,22.8700008392334,22.309999465942383,0.017273251248762632,474619.022147889,-235.1007053813814,474383.92144250765,22.989959705778066,0.0,True,True
2018-03-29,2640.8701171875,19.969999313354492,20.549999237060547,0.017273251248762632,474641.48353859066,-141.38407156178673,474500.09946702886,22.46139070164677,0.0,True,False
2018-04-02,2581.8798828125,23.6200008392334,22.56999969482422,0.017680577769863457,474506.130782853,0.0,474506.130782853,89.85619318423502,-113.2459476878835,False,True
2018-04-03,2614.449951171875,21.100000381469727,21.020000457763672,0.017476909338677626,475034.75362806825,-675.6372404335525,474359.1163876347,22.985604781703998,0.0,True,True
2018-04-04,2644.68994140625,20.059999465942383,20.420000076293945,0.017069603499068373,475057.4997598116,-687.1670844224457,474370.3326753892,22.746131743349462,0.0,True,False
2018-04-05,2662.840087890625,18.940000534057617,19.61000061035156,0.01717142608145376,475079.7168359131,-651.5401612152704,474428.1766746978,22.217076101461853,0.0,True,False
2018-04-06,2604.469970703125,21.489999771118164,21.200000762939453,0.017273251248762632,475102.0674883384,-611.0088076781411,474491.05868066027,22.350652425333504,0.0,True,True
2018-04-09,2613.159912109375,21.770000457763672,21.229999542236328,0.017578742261546272,475169.52343320264,-584.1857883842979,474585.33764481836,67.45594486428298,0.0,True,True
2018-04-10,2656.8701171875,20.469999313354492,20.399999618530273,0.017375079001127135,475192.40859410004,-618.4347884091369,474573.9738056909,22.88516089737558,0.0,True,True
2018-04-11,2642.18994140625,20.239999771118164,20.3700008392334,0.017273251248762632,475215.02969590883,-518.6589108343514,474696.3707850745,22.62110180878521,0.0,True,False
2018-04-12,2663.989990234375,18.489999771118164,19.280000686645508,0.017476909338677626,475237.5192927248,-447.815852653942,474789.70344007085,22.48959681596688,0.0,True,False
2018-04-13,2656.300048828125,17.40999984741211,18.549999237060547,0.017578742261546272,475260.27513351466,-326.36483807431017,474933.91029544035,22.75584078986886,0.0,True,False
2018-04-16,2677.840087890625,16.559999465942383,17.81999969482422,0.01788425654337038,475328.94703586004,-275.99139261768454,475052.95564324234,68.6719023453775,0.0,True,False
2018-04-17,2706.389892578125,15.25,16.799999237060547,0.017986099808822733,475352.23775667703,-274.1583504126349,475078.0794062644,23.29072081699442,0.0,True,False
2018-04-18,2708.639892578125,15.600000381469728,16.799999237060547,0.018087945660248832,475375.662259276,-285.245886482696,475090.4163727933,23.42450259897759,0.0,True,False
2018-04-19,2693.1298828125,15.960000038146973,17.1200008392334,0.0181897940977809,475158.84124156315,0.0,475158.84124156315,23.558307413923295,265.25791530672126,False,False
2018-04-20,2670.139892578125,16.8799991607666,17.719999313354492,0.018087945660248832,475182.521397324,0.0,475182.521397324,23.680155760836307,0.0,False,False
2018-04-23,2670.2900390625,16.34000015258789,17.350000381469727,0.01869907508162039,475253.1711060687,0.0,475253.1711060687,70.64970874473715,0.0,False,False
2018-04-24,2634.56005859375,18.020000457763672,18.229999542236328,0.01869907508162039,475277.5191125618,0.0,475277.5191125618,24.3480064930533,0.0,False,False
2018-04-25,2639.39990234375,17.84000015258789,18.229999542236328,0.018495354928323236,475301.8683664435,0.0,475301.8683664435,24.34925388172155,0.0,False,False
2018-04-26,2666.93994140625,16.239999771118164,17.290000915527344,0.0181897940977809,475325.95357050886,0.0,475325.95357050886,24.0852040653671,0.0,False,False
2018-04-27,2669.909912109375,15.40999984741211,17.079999923706055,0.018087945660248832,475349.6420545289,0.0,475349.6420545289,23.688484020010964,0.0,False,False
2018-04-30,2648.050048828125,15.93000030517578,17.34000015258789,0.01869907508162039,475420.3166106222,0.0,475420.3166106222,70.67455609333497,0.0,False,False
2018-05-01,2654.800048828125,15.489999771118164,16.90999984741211,0.018495354928323236,475596.29642183764,-321.62324158153615,475274.6731802561,24.35656963387503,0.0,True,False
2018-05-02,2635.669921875,15.970000267028809,17.260000228881836,0.01839349873168653,475620.39654559986,-323.5178531032301,475296.8786924966,24.100123762234926,0.0,True,False
2018-05-03,2629.72998046875,15.899999618530272,17.030000686645508,0.018291645121549835,475644.36515818094,-305.4969565177417,475338.8682016632,23.968612581092195,0.0,True,False
2018-05-04,2663.419921875,14.770000457763672,16.649999618530273,0.018291645121549835,475668.20224294654,-263.45833000532446,475404.7439129412,23.83708476562325,0.0,True,False
2018-05-07,2672.6298828125,14.75,16.649999618530273,0.018597213711590434,475739.7206651064,-231.9054158640541,475507.8152492423,71.51842215985431,0.0,True,False
2018-05-08,2671.919921875,14.710000038146973,16.479999542236328,0.01869907508162039,475763.9608258025,-216.05248836888268,475547.90833743365,24.24016069615149,0.0,True,False
2018-05-09,2697.7900390625,13.420000076293944,15.779999732971191,0.018800939038543605,475788.3350008983,-180.8838920612579,475607.45110883703,24.37417509574504,0.0,True,False
2018-05-10,2723.070068359375,13.229999542236328,15.239999771118164,0.018902805582492365,475812.8432142362,-190.94939576677518,475621.8938184694,24.50821333792709,0.0,True,False
2018-05-11,2727.719970703125,12.649999618530272,14.81999969482422,0.019106546431990376,475837.48548977316,-163.16829267773844,475674.3171970954,24.642275536981057,0.0,True,False
2018-05-14,2730.1298828125,12.93000030517578,14.529999732971191,0.01931029763116581,475912.2169274862,-142.07748532188742,475770.1394421643,74.73143771302931,0.0,True,False
2018-05-15,2711.449951171875,14.630000114440918,15.789999961853027,0.019208420737802476,475937.3956936719,-164.74100157512066,475772.65469209675,25.178766185688744,0.0,True,False
2018-05-16,2722.4599609375,13.420000076293944,15.140000343322754,0.019106546431990376,475962.44294380414,-130.13531207350522,475832.3076317306,25.047250132278272,0.0,True,False
2018-05-17,2720.1298828125,13.43000030517578,15.020000457763672,0.019106546431990376,475987.35866035364,-120.65802050030226,475866.7006398533,24.915716549492096,0.0,True,False
2018-05-18,2712.969970703125,13.420000076293944,15.1899995803833,0.019004674713597184,476012.27568119287,-110.05074720627788,475902.2249339866,24.917020839232553,0.0,True,False
2018-05-21,2733.010009765625,13.079999923706056,14.6899995803833,0.01931029763116581,476086.63594177004,-97.40933999845855,475989.2266017716,74.36026057715424,0.0,True,False
2018-05-22,2724.43994140625,13.220000267028809,14.880000114440918,0.01931029763116581,476111.8239358247,-92.05549198585588,476019.7684438388,25.187994054658663,0.0,True,False
2018-05-23,2733.2900390625,12.579999923706056,14.479999542236328,0.019106546431990376,476137.0132624835,-85.94334890059459,476051.06991358293,25.189326658845804,0.0,True,False
2018-05-24,2727.760009765625,12.529999732971191,14.43000030517578,0.019004674713597184,476161.9381174527,-83.7496708111374,476078.1884466416,24.924854969219645,0.0,True,False
2018-05-25,2721.330078125,13.220000267028809,14.829999923706056,0.018902805582492365,476092.3315925989,0.0,476092.3315925989,24.793255717097594,57.22346101058449,False,False
2018-05-29,2689.860107421875,17.020000457763672,17.1299991607666,0.01931029763116581,476190.96625547175,0.0,476190.96625547175,98.63466287290618,0.0,False,False
2018-05-30,2724.010009765625,14.9399995803833,16.0,0.01931029763116581,476216.15976925986,0.0,476216.15976925986,25.193513788091302,0.0,False,False
2018-05-31,2705.27001953125,15.43000030517578,16.329999923706055,0.019208420737802476,476241.35461594415,0.0,476241.35461594415,25.19484668430725,0.0,False,False
2018-06-01,2734.6201171875,13.460000038146973,15.270000457763672,0.019106546431990376,476266.4178625819,0.0,476266.4178625819,25.063246637753522,0.0,False,False
2018-06-04,2746.8701171875,12.739999771118164,14.899999618530272,0.01941217711221094,476341.2166651703,0.0,476341.2166651703,74.79880258838935,0.0,False,False
2018-06-05,2748.800048828125,12.399999618530272,14.720000267028809,0.01941217711221094,476615.56425307627,-419.01316061900815,476196.55109245726,25.334427286980002,0.0,True,False
2018-06-06,2772.35009765625,11.640000343322754,14.1899995803833,0.01941217711221094,476640.9132716662,-396.5633500555231,476244.3499216107,25.34901858996617,0.0,True,False
2018-06-07,2770.3701171875,12.130000114440918,14.43000030517578,0.01931029763116581,476666.2636384554,-405.42963947584195,476260.8339989796,25.350366789210316,0.0,True,False
2018-06-08,2779.030029296875,12.18000030517578,14.600000381469728,0.019208420737802476,476691.4822984811,-425.0362012164234,476266.4460972647,25.21866002567284,0.0,True,False
2018-06-11,2782.0,12.350000381469728,14.550000190734863,0.01941217711221094,476766.747066101,-373.42541000392754,476393.3216560971,75.26476761991636,0.0,True,False
2018-06-12,2786.85009765625,12.34000015258789,14.59000015258789,0.019208420737802476,476792.1041254186,-368.8754848540131,476423.22864056454,25.357059317599255,0.0,True,False
2018-06-13,2775.6298828125,12.9399995803833,14.920000076293944,0.01931029763116581,476817.1963564582,-353.6121799210011,476463.5841765372,25.09223103958631,0.0,True,False
2018-06-14,2782.489990234375,12.119999885559082,14.399999618530272,0.01931029763116581,476842.4230017792,-290.09975483334455,476552.32324694586,25.226645321030244,0.0,True,False
2018-06-15,2779.659912109375,11.979999542236328,14.420000076293944,0.01931029763116581,476867.6509817493,-255.64178737564723,476612.0091943736,25.22797997011382,0.0,True,False
2018-06-18,2773.75,12.3100004196167,14.479999542236328,0.01941217711221094,476943.3429302602,-208.75824350548297,476734.5846867547,75.69194851090202,0.0,True,False
2018-06-19,2762.590087890625,13.350000381469728,15.170000076293944,0.01941217711221094,476968.7093819103,-232.7453558354809,476735.9640260748,25.366451650076893,0.0,True,False
2018-06-20,2767.320068359375,12.789999961853027,14.789999961853027,0.01931029763116581,476994.0771826868,-193.27448783081914,476800.80269485596,25.36780077650638,0.0,True,False
2018-06-21,2749.760009765625,14.640000343322754,15.869999885559082,0.01931029763116581,477019.3131861222,-254.97777153202242,476764.3354145902,25.236003435421786,0.0,True,False
2018-06-22,2754.8798828125,13.770000457763672,15.5,0.019208420737802476,477044.55052470183,-197.86163501350168,476846.68888968835,25.237338579608807,0.0,True,False
2018-06-25,2717.070068359375,17.329999923706055,17.520000457763672,0.01931029763116581,477119.8710382266,-324.3279845552476,476795.5430536713,75.32051352473586,0.0,True,False
2018-06-26,2723.06005859375,15.920000076293944,16.8700008392334,0.01931029763116581,477145.1136969525,-228.74240090149272,476916.371296051,25.242658725963985,0.0,True,False
2018-06-27,2699.6298828125,17.90999984741211,18.049999237060547,0.019208420737802476,477170.3576911748,-328.45296447993314,476841.90472669486,25.24399422225796,0.0,True,False
2018-06-28,2716.31005859375,16.850000381469727,17.520000457763672,0.019208420737802476,477195.46982863854,-237.2005604004637,476958.2692682381,25.11213746375185,0.0,True,False
2018-06-29,2718.3701171875,16.09000015258789,17.139999389648438,0.019208420737802476,477023.0981862435,0.0,477023.0981862435,25.113459045107092,51.52805917886269,False,False
2018-07-02,2726.7099609375,15.600000381469728,16.950000762939453,0.01981972091584406,477098.4153126608,0.0,477098.4153126608,75.31712641729021,0.0,False,False
2018-07-03,2713.219970703125,16.139999389648438,17.350000381469727,0.019717831082755294,477699.7041150522,-745.3813662882953,476954.3227487639,25.90743610309485,0.0,True,False
2018-07-05,2736.610107421875,14.970000267028809,16.530000686645508,0.019514059181070218,477751.3189694705,-677.3041536734456,477074.01481579704,51.61485441833126,0.0,True,False
2018-07-06,2759.820068359375,13.369999885559082,15.710000038146973,0.019615943837874208,477776.8617550368,-629.2197560967043,477147.6419989401,25.542785566318873,0.0,True,False
2018-07-09,2784.169921875,12.6899995803833,14.869999885559082,0.01981972091584406,477853.8984644133,-618.9134346591277,477234.98502975417,77.03670937649972,0.0,True,False
2018-07-10,2793.840087890625,12.640000343322754,14.710000038146973,0.01981972091584406,477879.8469248226,-660.6918194612479,477219.15510536137,25.948460409302545,0.0,True,False
2018-07-11,2774.02001953125,13.630000114440918,15.380000114440918,0.019615943837874208,477905.7967942873,-576.3188877402501,477329.477906547,25.949869464663976,0.0,True,False
2018-07-12,2798.2900390625,12.579999923706056,14.760000228881836,0.019717831082755294,477931.48124683474,-628.4739436143612,477303.0073032204,25.684452547471015,0.0,True,False
2018-07-13,2801.31005859375,12.18000030517578,14.539999961853027,0.019717831082755294,477957.3004982426,-571.7104298188789,477385.5900684237,25.819251407891773,0.0,True,False
2018-07-16,2798.429931640625,12.829999923706056,14.850000381469728,0.020125405945675086,478034.76662175497,-510.5761923155771,477524.1904294394,77.46612351238403,0.0,True,False
2018-07-17,2809.550048828125,12.0600004196167,14.399999618530272,0.020125405945675086,478061.1252764708,-480.4273357179926,477580.6979407528,26.35865471582382,0.0,True,False
2018-07-18,2815.6201171875,12.100000381469728,14.390000343322754,0.01992161333727291,478087.4853845928,-503.9753527131775,477583.5100318796,26.360108121992035,0.0,True,False
2018-07-19,2804.489990234375,12.869999885559082,14.970000267028809,0.01992161333727291,478113.5799981442,-453.14872765240136,477660.4312704918,26.094613551409164,0.0,True,False
2018-07-20,2801.830078125,12.859999656677246,15.079999923706056,0.01981972091584406,478139.67603597225,-389.05357620886275,477750.62245976337,26.096037828089088,0.0,True,False
2018-07-23,2806.97998046875,12.619999885559082,14.859999656677246,0.01992161333727291,477920.0346011666,0.0,477920.0346011666,77.89616594798117,277.84376553468286,False,False
2018-07-24,2820.39990234375,12.40999984741211,14.699999809265137,0.020125405945675086,477946.12007504463,0.0,477946.12007504463,26.085473877989617,0.0,False,False
2018-07-25,2846.070068359375,12.289999961853027,14.550000190734863,0.020023508347172446,477972.4738418237,0.0,477972.4738418237,26.353766779046754,0.0,False,False
2018-07-26,2837.43994140625,12.140000343322754,14.399999618530272,0.01981972091584406,477998.6956181066,0.0,477998.6956181066,26.22177628290158,0.0,False,False
2018-07-27,2818.820068359375,13.029999732971191,15.0,0.01992161333727291,478024.65194130247,0.0,478024.65194130247,25.956323195861497,0.0,False,False
2018-07-30,2802.60009765625,14.260000228881836,15.65999984741211,0.020431114274113385,478102.92976571876,0.0,478102.92976571876,78.27782441631227,0.0,False,False
2018-07-31,2816.2900390625,12.829999923706056,14.869999885559082,0.020227306132911464,478129.69263965834,0.0,478129.69263965834,26.762873939576618,0.0,False,False
2018-08-01,2813.360107421875,13.149999618530272,15.220000267028809,0.020227306132911464,478156.19001951336,0.0,478156.19001951336,26.497379854992687,0.0,False,False
2018-08-02,2827.219970703125,12.1899995803833,14.760000228881836,0.020125405945675086,478182.6888678217,0.0,478182.6888678217,26.49884830832238,0.0,False,False
2018-08-03,2840.35009765625,11.640000343322754,14.489999771118164,0.020023508347172446,478209.0556789138,0.0,478209.0556789138,26.36681109205649,0.0,False,False
2018-08-06,2850.39990234375,11.270000457763672,14.229999542236328,0.020533022228342034,478287.76426253666,0.0,478287.76426253666,78.70858362287596,0.0,False,False
2018-08-07,2858.449951171875,10.93000030517578,13.93000030517578,0.020533022228342034,479034.9565290734,-890.2855006978957,478144.6710283755,26.90676583883017,0.0,True,False
2018-08-08,2857.699951171875,10.850000381469728,13.960000038146973,0.020533022228342034,479061.90532928746,-845.2003096566859,478216.7050196308,26.948800214063017,0.0,True,False
2018-08-09,2853.580078125,11.270000457763672,14.130000114440918,0.020533022228342034,479088.855645545,-836.0418374512439,478252.8138080938,26.950316257564808,0.0,True,False
2018-08-10,2833.280029296875,13.15999984741211,15.220000267028809,0.020431114274113385,479115.8074779314,-966.0622333511061,478149.74524458026,26.951832386353807,0.0,True,False
2018-08-13,2821.929931640625,14.779999732971191,16.209999084472656,0.020634932771830632,479196.27069793193,-1046.6402473430253,478149.6304505889,80.46322000053917,0.0,True,False
2018-08-14,2839.9599609375,13.3100004196167,15.350000381469728,0.020736845904711657,479223.36237558996,-867.7117538896955,478355.6506217003,27.091677658047427,0.0,True,False
2018-08-15,2818.3701171875,14.640000343322754,16.190000534057617,0.020634932771830632,479250.5893983793,-956.0730973847928,478294.51630099455,27.227022789362664,0.0,True,False
2018-08-16,2840.68994140625,13.449999809265137,15.510000228881836,0.020634932771830632,479277.684146981,-815.3681689639815,478462.315978017,27.094748601653023,0.0,True,False
2018-08-17,2850.1298828125,12.640000343322754,15.170000076293944,0.020431114274113385,479304.7804274022,-705.2251414988947,478599.5552859033,27.09628042116045,0.0,True,False
2018-08-20,2857.050048828125,12.489999771118164,15.0,0.020634932771830632,479385.2753837215,-581.2132365996507,478804.0621471219,80.49495631933746,0.0,True,False
2018-08-21,2862.9599609375,12.859999656677246,15.1899995803833,0.020736845904711657,479412.3777468843,-610.4856166081095,478801.8921302762,27.102363162790223,0.0,True,False
2018-08-22,2861.820068359375,12.25,15.079999923706056,0.020838761627115794,479439.61550856126,-480.88489388774065,478958.7306146735,27.237761676958335,0.0,True,False
2018-08-23,2856.97998046875,12.40999984741211,15.0600004196167,0.020736845904711657,479466.9886950575,-442.37034844985203,479024.61834660766,27.37318649625785,0.0,True,False
2018-08-24,2874.68994140625,11.989999771118164,14.81999969482422,0.020838761627115794,479494.2295594495,-407.15810787282606,479087.07145157666,27.24086439199103,0.0,True,False
2018-08-27,2896.739990234375,12.15999984741211,14.789999961853027,0.02114452433278653,479576.36316253076,-404.77345891603875,479171.5897036147,82.1336030812781,0.0,True,False
2018-08-28,2897.52001953125,12.5,15.109999656677246,0.02124645041460101,479604.1459236379,-395.86368540458096,479208.2822382333,27.78276110713889,0.0,True,False
2018-08-29,2914.0400390625,12.25,14.949999809265137,0.02124645041460101,479632.0642312669,-431.43724006626724,479200.62699120067,27.918307628982358,0.0,True,False
2018-08-30,2901.1298828125,13.529999732971191,15.539999961853027,0.02104260084102162,479659.9841640526,-474.6198194125131,479185.36434464005,27.919932785702734,0.0,True,False
2018-08-31,2901.52001953125,12.859999656677246,15.149999618530272,0.02104260084102162,479365.01907356683,0.0,479365.01907356683,27.653656262490184,397.66675394966074,False,False
2018-09-04,2896.719970703125,13.15999984741211,15.449999809265137,0.02124645041460101,480244.4212826842,-938.846045792322,479305.57523689186,110.55616332506034,0.0,True,False
2018-09-05,2888.60009765625,13.90999984741211,15.920000076293944,0.021348379086597598,480272.37686147646,-962.1375161703686,479310.23934530606,27.955578792280345,0.0,True,False
2018-09-06,2878.050048828125,14.649999618530272,16.34000015258789,0.02124645041460101,480300.4681946692,-974.3078287503142,479326.16036591894,28.091333192750522,0.0,True,False
2018-09-07,2871.679931640625,14.880000114440918,16.59000015258789,0.021348379086597598,480328.42703601654,-953.595761385795,479374.83127463073,27.958841347334868,0.0,True,False
2018-09-10,2877.1298828125,14.15999984741211,16.170000076293945,0.02145031034890704,480412.71580068266,-775.121311455442,479637.5944892272,84.2887646661258,0.0,True,False
2018-09-11,2887.889892578125,13.220000267028809,15.539999961853027,0.02145031034890704,480440.9495120729,-655.3653430029431,479785.58416906995,28.233711390238316,0.0,True,False
2018-09-12,2888.919921875,13.140000343322754,15.31999969482422,0.021552244201661897,480469.1848827499,-606.1488100571682,479863.0360726928,28.235370676998738,0.0,True,False
2018-09-13,2904.179931640625,12.369999885559082,14.770000457763672,0.02145031034890704,480497.5561017436,-530.1994538841132,479967.3566478595,28.371218993670134,0.0,True,False
2018-09-14,2904.97998046875,12.06999969482422,14.369999885559082,0.021552244201661897,480525.7947991729,-457.62544808597835,480068.16935108695,28.238697429316034,0.0,True,False
2018-09-17,2888.800048828125,13.68000030517578,15.279999732971191,0.021654180644992936,480610.92351099505,-487.70561952587343,480123.2178914692,85.12871182212264,0.0,True,False
2018-09-18,2904.31005859375,12.789999961853027,15.039999961853027,0.021654180644992936,480639.4373314781,-400.7219535995918,480238.7153778785,28.513820483047475,0.0,True,False
2018-09-19,2907.949951171875,11.75,14.649999618530272,0.021552244201661897,480856.8701742432,-650.6459251386135,480206.22424910456,28.51551215903478,477.1174512597072,True,False
2018-09-20,2930.75,11.800000190734863,14.510000228881836,0.021654180644992936,480885.2642856609,-767.252142679435,480118.01214298146,28.394111417683266,0.0,True,False
2018-09-21,2929.669921875,11.68000030517578,14.579999923706056,0.021756119679032734,480913.7943823108,-658.2312050715944,480255.5631772392,28.53009664993702,0.0,True,False
2018-09-24,2919.3701171875,12.199999809265137,14.770000457763672,0.022163901724908078,480999.7978364647,-475.5127038778784,480524.28513258684,86.00345415386663,0.0,True,False
2018-09-25,2915.56005859375,12.420000076293944,14.920000076293944,0.022061952326718044,481029.00648286054,-427.9076074500831,480601.09887541045,29.20864639581013,0.0,True,False
2018-09-26,2905.969970703125,12.890000343322754,15.149999618530272,0.021960005519763588,481058.0825369505,-410.13781682747447,480647.944720123,29.076054089957424,0.0,True,False
2018-09-27,2914.0,12.40999984741211,14.890000343322754,0.021756119679032734,481087.0259778921,-305.7579173179447,480781.26806057413,28.943440941645537,0.0,True,False
2018-09-28,2913.97998046875,12.119999885559082,14.770000457763672,0.021858061303912088,480886.32547867816,0.0,480886.32547867816,28.67643521669643,251.26899070798152,False,False
2018-10-01,2924.590087890625,12.0,14.739999771118164,0.022265853714464514,480972.72701598745,0.0,480972.72701598745,86.40153730930099,0.0,False,False
2018-10-02,2923.429931640625,12.050000190734863,14.84000015258789,0.022265853714464514,481790.4511248358,-958.3827525956413,480832.0683722402,29.34135625272374,0.0,True,False
2018-10-03,2925.510009765625,11.609999656677246,14.68000030517578,0.022265853714464514,481819.8423656933,-877.852735546286,480941.989630147,29.391240857497525,0.0,True,False
2018-10-04,2901.610107421875,14.220000267028809,15.84000015258789,0.022163901724908078,481849.23539953993,-1053.431920023282,480795.80347951665,29.393033846622,0.0,True,False
2018-10-05,2885.570068359375,14.81999969482422,16.25,0.022163901724908078,481878.4956279146,-1051.751413270107,480826.7442146445,29.260228374694076,0.0,True,False
2018-10-08,2884.429931640625,15.6899995803833,16.510000228881836,0.022163901724908078,481966.2869744102,-1047.303066664053,480918.98390774615,87.79134649554011,0.0,True,False
2018-10-09,2880.340087890625,15.949999809265137,16.6299991607666,0.022469765468205373,481995.5543107256,-1038.5872160881495,480956.96709463745,29.267336315437163,0.0,True,False
2018-10-10,2785.679931640625,22.959999084472656,20.700000762939453,0.02267368758899465,482025.22735300456,-1992.225325098484,480033.00202790607,29.67304227898165,0.0,True,True
2018-10-11,2728.3701171875,24.979999542236328,21.559999465942383,0.0225717252326533,482055.1715417281,-2528.271538041734,479526.9000036864,29.944188723537312,0.0,True,True
2018-10-12,2767.1298828125,21.309999465942383,19.84000015258789,0.02267368758899465,482084.9829206943,-1921.2986021600561,480163.6843185342,29.811378966207524,0.0,True,True
2018-10-15,2750.7900390625,21.299999237060547,20.290000915527344,0.023081562935935395,482174.8322045553,-2026.3192845213557,480148.51292003394,89.84928386097609,0.0,True,True
2018-10-16,2809.919921875,17.6200008392334,17.959999084472656,0.02297959021070067,482205.3245350683,-1202.2004758818434,481003.12405918643,30.492330513034265,0.0,True,False
2018-10-17,2809.2099609375,17.399999618530273,18.100000381469727,0.023081562935935395,482235.6840681543,-1159.648578905252,481076.03548924904,30.359533086031842,0.0,True,False
2018-10-18,2768.780029296875,20.059999465942383,19.86000061035156,0.023081562935935395,482266.18024688796,-1703.4217993516525,480562.7584475363,30.49617873366559,0.0,True,True
2018-10-19,2767.780029296875,19.88999938964844,19.84000015258789,0.02297959021070067,482296.6783541743,-1677.730289923221,480618.9480642511,30.498107286338236,0.0,True,True
2018-10-22,2755.8798828125,19.63999938964844,19.81999969482422,0.02338749666748501,482387.77994377055,-1718.0316703873114,480669.74827338324,91.10158959622211,0.0,True,False
2018-10-23,2740.68994140625,20.709999084472656,20.280000686645508,0.023285516164195733,482418.69009184587,-1977.8355358897873,480440.8545559561,30.91014807531046,0.0,True,True
2018-10-24,2656.10009765625,25.229999542236328,22.6200008392334,0.023285516164195733,482449.4674248192,-3696.442459112647,478753.0249657065,30.777332973309584,0.0,True,True
2018-10-25,2705.570068359375,24.219999313354492,22.440000534057617,0.023285516164195733,482480.24672132387,-2673.8611335487,479806.38558777515,30.779296504666068,0.0,True,True
2018-10-26,2658.68994140625,24.15999984741211,22.479999542236328,0.02318353825372344,478875.14863074804,0.0,478875.14863074804,30.78126016129187,-2847.4965981415085,False,True
2018-10-29,2641.25,24.700000762939453,23.059999465942383,0.02338749666748501,478966.40680721786,0.0,478966.40680721786,91.25817646979985,0.0,False,True
2018-10-30,2682.6298828125,23.350000381469727,22.229999542236328,0.023285516164195733,478997.0977226454,0.0,478997.0977226454,30.690915427493263,0.0,False,True
2018-10-31,2711.739990234375,21.229999542236328,21.149999618530273,0.023285516164195733,479027.6567649724,0.0,479027.6567649724,30.559042327012754,0.0,False,True
2018-11-01,2740.3701171875,19.34000015258789,20.06999969482422,0.023081562935935395,479058.21775690425,0.0,479058.21775690425,30.5609919318692,0.0,False,False
2018-11-02,2723.06005859375,19.510000228881836,20.299999237060547,0.02318353825372344,479088.5129953431,0.0,479088.5129953431,30.295238438806805,0.0,False,False
2018-11-05,2738.31005859375,19.959999084472656,20.200000762939453,0.02359146545304013,479179.8118321873,0.0,479179.8118321873,91.29883684420486,0.0,False,False
2018-11-06,2755.449951171875,19.90999984741211,19.579999923706055,0.02348947976372222,479439.2029004155,-398.41868654431096,479040.78421387123,30.972381683920254,0.0,True,True
2018-11-07,2813.889892578125,16.360000610351562,17.6200008392334,0.02359146545304013,479470.05807805003,-317.7413197374793,479152.3167583126,30.855177634517712,0.0,True,False
2018-11-08,2806.830078125,16.719999313354492,17.68000030517578,0.02338749666748501,479501.0492201602,-300.40949799747267,479200.6397221627,30.99114211014692,0.0,True,False
2018-11-09,2781.010009765625,17.360000610351562,18.459999084472656,0.02348947976372222,479531.774394076,-283.04295971450017,479248.73143436154,30.72517391586814,0.0,True,False
2018-11-12,2726.219970703125,20.450000762939453,20.229999542236328,0.02348947976372222,479624.3637582983,-329.1419772360554,479295.2217810622,92.58936422223415,0.0,True,True
2018-11-13,2722.179931640625,20.020000457763672,20.270000457763672,0.02379544461144372,479655.23085229495,-304.956490814872,479350.2743614801,30.867093996647405,0.0,True,False
2018-11-14,2701.580078125,21.25,21.219999313354492,0.023693453735569706,479686.5020345693,-342.71990896343505,479343.78212560585,31.27118227430863,0.0,True,True
2018-11-15,2730.199951171875,19.979999542236328,20.309999465942383,0.02359146545304013,479717.6412094647,-279.5550477419806,479438.0861617227,31.139174895438693,0.0,True,False
2018-11-16,2736.27001953125,18.13999938964844,19.350000381469727,0.02348947976372222,479748.6483544177,-214.80653623142746,479533.8418181863,31.00714495303664,0.0,True,False
2018-11-19,2690.72998046875,20.100000381469727,20.63999938964844,0.02379544461144372,479841.2795932834,-255.06781992285175,479586.21177336056,92.631238865744,0.0,True,False
2018-11-20,2641.889892578125,22.479999542236328,22.270000457763672,0.02379544461144372,479872.56290502846,-363.9850611793986,479508.5778438491,31.283311745055812,0.0,True,True
2018-11-21,2649.929931640625,20.799999237060547,21.31999969482422,0.023999434143750862,479903.8482562929,-290.76002164918276,479613.08823464374,31.28535126444557,0.0,True,False
2018-11-23,2632.56005859375,21.520000457763672,21.75,0.023999434143750862,479966.9615610971,-307.47605403023937,479659.4855070669,63.11330480420704,0.0,True,False
2018-11-26,2673.449951171875,18.899999618530273,20.11000061035156,0.024101432800448245,480061.64708148554,-167.76690515962545,479893.8801763259,94.68552038842884,0.0,True,False
2018-11-27,2682.169921875,19.020000457763672,19.940000534057617,0.023999434143750862,480093.34723362955,-156.31209474132288,479937.0351388882,31.700152144011053,0.0,True,False
2018-11-28,2743.7900390625,18.489999771118164,19.280000686645508,0.023897438080793178,479996.13071077515,0.0,479996.13071077515,31.568075270118758,99.63408841979795,False,False
2018-11-29,2737.800048828125,18.790000915527344,19.59000015258789,0.02359146545304013,480027.55825413804,0.0,480027.55825413804,31.42754336291202,0.0,False,False
2018-11-30,2760.169921875,18.06999969482422,18.88999938964844,0.02359146545304013,480058.5854309638,0.0,480058.5854309638,31.02717682575113,0.0,False,False
2018-12-03,2790.3701171875,16.440000534057617,17.950000762939453,0.02379544461144372,480151.67899483995,0.0,480151.67899483995,93.09356387619086,0.0,False,False
2018-12-04,2700.06005859375,20.739999771118164,20.75,0.02420343405101679,480610.8435180567,-597.8609749442131,480012.9825431125,31.30354827254382,0.0,True,False
2018-12-06,2695.949951171875,21.190000534057617,21.059999465942383,0.023999434143750862,480674.5871029612,-579.6297036522918,480094.9573993089,63.74358490450286,0.0,True,True
2018-12-07,2633.080078125,23.229999542236328,22.440000534057617,0.023897438080793178,480706.1933970986,-614.9224002609823,480091.27099683764,31.606294137451084,0.0,True,True
2018-12-10,2637.719970703125,22.63999938964844,22.010000228881836,0.024101432800448245,480800.62168273056,-531.0854879253366,480269.53619480523,94.42828563191411,0.0,True,True
2018-12-11,2636.780029296875,21.760000228881836,21.719999313354492,0.024101432800448245,480832.37063195603,-475.4536122135543,480356.9170197425,31.74894922545349,0.0,True,True
2018-12-12,2651.070068359375,21.459999084472656,21.59000015258789,0.024305437895589328,480864.1216776758,-442.5036982611036,480421.6179794147,31.751045719782873,0.0,True,False
2018-12-13,2650.5400390625,20.649999618530273,21.350000381469727,0.02420343405101679,480896.14360149717,-391.9878026742764,480504.1557988229,32.02192382135057,0.0,True,False
2018-12-14,2599.949951171875,21.6299991607666,21.959999084472656,0.024101432800448245,480928.0332563255,-464.7057167847786,480463.32753954077,31.88965482834476,0.0,True,False
2018-12-17,2545.93994140625,24.520000457763672,23.40999984741211,0.023999434143750862,481023.3116355874,-654.0147982382773,480369.29683734913,95.27837926187665,0.0,True,True
2018-12-18,2546.159912109375,25.579999923706055,23.899999618530273,0.02379544461144372,481054.94085977034,-684.3972239059101,480370.54363586445,31.629224182947265,0.0,True,True
2018-12-19,2506.9599609375,25.579999923706055,24.020000457763672,0.023897438080793178,481086.3032963122,-800.6922246046277,480285.6110717076,31.36243654187319,0.0,True,True
2018-12-20,2467.419921875,28.3799991607666,25.239999771118164,0.02379544461144372,481117.80221826344,-1093.6124654053078,480024.18975285813,31.498921951223323,0.0,True,True
2018-12-21,2416.6201171875,30.11000061035156,26.229999542236328,0.02379544461144372,481149.1687530594,-1464.3306285185838,479684.8381245408,31.366534795937792,0.0,True,True
2018-12-24,2351.10009765625,36.06999969482422,28.84000015258789,0.024509453367272362,481243.2806276514,-2192.205004075105,479051.0756235763,94.11187459194248,0.0,True,True
2018-12-26,2467.699951171875,30.40999984741211,25.690000534057617,0.024305437895589328,481307.91515809315,-1120.5978460673791,480187.31731202576,64.63453044178343,0.0,True,True
2018-12-27,2488.830078125,29.959999084472656,25.88999938964844,0.023999434143750862,481339.9666352132,-970.8857193037718,480369.0809159094,32.05147712005116,0.0,True,True
2018-12-28,2485.739990234375,28.34000015258789,25.31999969482422,0.023897438080793178,480481.8128822888,0.0,480481.8128822888,31.650045527213845,-461.94282350733715,False,True
2018-12-31,2506.85009765625,25.420000076293945,23.729999542236328,0.024407444334296906,480576.19709137746,0.0,480576.19709137746,94.38420908862483,0.0,False,True
2019-01-02,2510.030029296875,23.219999313354492,22.75,0.024101432800448245,480850.86126208527,-380.38789031719443,480470.4733717681,64.27628039059411,0.0,True,True
2019-01-03,2447.889892578125,25.450000762939453,24.11000061035156,0.023999434143750862,480882.61352880613,-422.7600485422143,480459.8534802639,31.752266720860337,0.0,True,True
2019-01-04,2531.93994140625,21.3799991607666,21.86000061035156,0.024101432800448245,480914.2335015207,-310.3361504170986,480603.8973511036,31.61997271455924,0.0,True,False
2019-01-07,2549.68994140625,21.399999618530273,21.6200008392334,0.024509453367272362,481009.5091468636,-291.3678802692753,480718.1412665943,95.27564534290937,0.0,True,False
2019-01-08,2574.409912109375,20.469999313354492,21.13999938964844,0.024509453367272362,481041.8096289534,-286.82509949770986,480754.9845294557,32.30048208981632,0.0,True,False
2019-01-09,2584.9599609375,19.979999542236328,20.690000534057617,0.024407444334296906,481074.1122800672,-271.8243536057716,480802.2879264614,32.30265111376157,0.0,True,False
2019-01-10,2596.639892578125,19.5,20.520000457763672,0.02420343405101679,481106.2826422862,-265.40004032773396,480840.88260195847,32.17036221903279,0.0,True,False
2019-01-11,2596.260009765625,18.190000534057617,19.739999771118164,0.02420343405101679,481138.1862320599,-197.33834161794974,480940.84789044195,31.90358977368771,0.0,True,False
2019-01-14,2582.610107421875,19.06999969482422,19.93000030517578,0.024407444334296906,481233.9096956744,-168.21755447781428,481065.6921411966,95.72346361446297,0.0,True,False
2019-01-15,2610.300048828125,18.600000381469727,19.239999771118164,0.024407444334296906,481266.0907438576,-184.56906268808623,481081.5216811695,32.18104818323357,0.0,True,False
2019-01-16,2616.10009765625,19.040000915527344,19.530000686645508,0.02420343405101679,481298.2739440502,-200.80995082442737,481097.46399322577,32.183200192560655,0.0,True,False
2019-01-17,2635.9599609375,18.059999465942383,19.170000076293945,0.024101432800448245,481330.19026533864,-195.50394399647902,481134.68632134213,31.91632128843317,0.0,True,False
2019-01-18,2670.7099609375,17.799999237060547,18.84000015258789,0.023999434143750862,481361.9741838326,-289.06796174346965,481072.90622208914,31.78391849396603,0.0,True,False
2019-01-22,2632.89990234375,20.799999237060547,20.690000534057617,0.02420343405101679,481488.5926421099,-231.82409733677457,481256.7685447731,126.61845827733066,0.0,True,True
2019-01-23,2638.699951171875,19.520000457763672,20.079999923706055,0.023999434143750862,481520.52158399776,-172.8838457385756,481347.63773825916,31.928941887847945,0.0,True,False
2019-01-24,2642.330078125,18.88999938964844,19.670000076293945,0.02359146545304013,481552.1835017416,-144.79701743701298,481407.3864843046,31.661917743828525,0.0,True,False
2019-01-25,2664.760009765625,17.420000076293945,18.81999969482422,0.02379544461144372,481447.57472128083,0.0,481447.57472128083,31.125722870320836,74.65338698607691,False,False
2019-01-28,2643.85009765625,18.8700008392334,19.579999923706055,0.024101432800448245,481541.74496352026,0.0,481541.74496352026,94.17024223940516,0.0,False,False
2019-01-29,2640.0,19.1299991607666,19.600000381469727,0.024101432800448245,481837.06892429106,-433.5260725790849,481403.542851712,31.797888191732785,0.0,True,False
2019-01-30,2681.050048828125,17.65999984741211,18.68000030517578,0.024101432800448245,481868.8863137584,-424.2639634552833,481444.6223503031,31.817389467340032,0.0,True,False
2019-01-31,2704.10009765625,16.56999969482422,17.8799991607666,0.023999434143750862,481900.7058042394,-408.20823264269023,481492.4975715967,31.81949048101832,0.0,True,False
2019-02-01,2706.530029296875,16.139999389648438,17.59000015258789,0.023897438080793178,481932.39272063016,-368.30199114071746,481564.09072948946,31.686916390758864,0.0,True,False
2019-02-04,2724.8701171875,15.729999542236328,17.190000534057617,0.024101432800448245,482027.0618766764,-349.385849538682,481677.6760271377,94.66915604622235,0.0,True,False
2019-02-05,2737.699951171875,15.56999969482422,17.06999969482422,0.024101432800448245,482058.8918120439,-374.4944030963029,481684.3974089476,31.82993536750415,0.0,True,False
2019-02-06,2731.610107421875,15.380000114440918,16.899999618530273,0.024101432800448245,482090.72384925355,-312.1053325963561,481778.6185166572,31.832037209632173,0.0,True,False
2019-02-07,2706.050048828125,16.3700008392334,17.520000457763672,0.024101432800448245,482122.5579884441,-268.28276186573373,481854.27522657835,31.834139190552193,0.0,True,False
2019-02-08,2707.8798828125,15.720000267028809,17.260000228881836,0.02420343405101679,482154.3942297544,-226.23698032958782,481928.15724942484,31.836241310273376,0.0,True,False
2019-02-11,2709.800048828125,15.970000267028809,17.219999313354492,0.024407444334296906,482250.3198701074,-196.27172695218883,482054.04814315523,95.92564035302914,0.0,True,False
2019-02-12,2744.72998046875,15.43000030517578,16.81999969482422,0.02420343405101679,482282.56888761726,-247.92305778824817,482034.64582982904,32.249017509871514,0.0,True,False
2019-02-13,2753.030029296875,15.649999618530272,16.959999084472656,0.024305437895589328,482314.5504804335,-274.8509697522421,482039.69951068127,31.981592816219948,0.0,True,False
2019-02-14,2745.72998046875,16.219999313354492,17.31999969482422,0.02420343405101679,482346.668991874,-260.5044634022238,482086.16452847177,32.11851144046459,0.0,True,False
2019-02-15,2775.60009765625,14.90999984741211,16.479999542236328,0.02420343405101679,482378.6548353589,-283.73023827359674,482094.9245970853,31.98584348494833,0.0,True,False
2019-02-19,2779.760009765625,14.880000114440918,16.450000762939453,0.024509453367272362,482506.61942147044,-205.9241202049698,482300.69530126546,127.96458611151574,0.0,True,False
2019-02-20,2784.699951171875,14.020000457763672,15.81999969482422,0.024407444334296906,482539.02043667383,-155.69952344390424,482383.32091322995,32.40101520338654,0.0,True,False
2019-02-21,2774.8798828125,14.460000038146973,16.15999984741211,0.024407444334296906,482428.1063840986,0.0,482428.1063840986,32.268323478665515,120.34369652517967,False,False
2019-02-22,2792.669921875,13.510000228881836,15.460000038146973,0.024509453367272362,482460.3672905387,0.0,482460.3672905387,32.260906440094026,0.0,False,False
2019-02-25,2796.110107421875,14.850000381469728,16.0,0.024611464994646767,482557.56754530227,0.0,482557.56754530227,97.20025476356571,0.0,False,False
2019-02-26,2793.89990234375,15.170000076293944,16.299999237060547,0.024407444334296906,482590.1068578971,0.0,482590.1068578971,32.539312594800315,0.0,False,False
2019-02-27,2792.3798828125,14.699999809265137,15.989999771118164,0.024407444334296906,482622.37859762413,0.0,482622.37859762413,32.27173972708395,0.0,False,False
2019-02-28,2784.489990234375,14.779999732971191,16.100000381469727,0.024407444334296906,482654.65249542525,0.0,482654.65249542525,32.27389780113108,0.0,False,False
2019-03-01,2803.68994140625,13.56999969482422,15.380000114440918,0.024305437895589328,482686.9285514447,0.0,482686.9285514447,32.27605601949282,0.0,False,False
2019-03-04,2792.81005859375,14.630000114440918,16.030000686645508,0.024509453367272362,482911.4201963351,-298.0552962075321,482613.3649001276,96.43634868285176,0.0,True,False
2019-03-05,2789.64990234375,14.739999771118164,16.149999618530273,0.024509453367272362,482943.8483944942,-290.76509932737025,482653.08329516684,32.42819815908663,0.0,True,False
2019-03-06,2771.449951171875,15.739999771118164,16.739999771118164,0.024509453367272362,482976.2787702536,-315.80969917122604,482660.46907108236,32.430375759350085,0.0,True,False
2019-03-07,2748.929931640625,16.59000015258789,17.299999237060547,0.024407444334296906,483008.7113237594,-344.9213269481793,482663.78999681125,32.432553505842534,0.0,True,False
2019-03-08,2743.070068359375,16.049999237060547,17.110000610351562,0.024509453367272362,483041.01105638186,-320.22025223836283,482720.7908041435,32.29973262246023,0.0,True,False
2019-03-11,2783.300048828125,14.329999923706056,16.010000228881836,0.024509453367272362,483138.32829219877,-214.09854595149253,482924.2297462473,97.31723581691894,0.0,True,False
2019-03-12,2791.52001953125,13.770000457763672,15.649999618530272,0.024509453367272362,483170.77172756364,-188.06497139613955,482982.7067561675,32.44343536489463,0.0,True,False
2019-03-13,2810.919921875,13.40999984741211,15.329999923706056,0.024407444334296906,483203.217341552,-168.44273766539314,483034.77460388665,32.445613988358424,0.0,True,False
2019-03-14,2808.47998046875,13.5,15.300000190734863,0.024407444334296906,483235.5300811705,-161.5942547922202,483073.9358263783,32.312739618443686,0.0,True,False
2019-03-15,2822.47998046875,12.880000114440918,14.979999542236328,0.024407444334296906,483267.8449816047,-141.4468015051358,483126.3981800996,32.31490043423336,0.0,True,False
2019-03-18,2832.93994140625,13.100000381469728,15.239999771118164,0.024305437895589328,483364.80264924705,-125.73993194639883,483239.06271730067,96.95766764234675,0.0,True,False
2019-03-19,2832.570068359375,13.5600004196167,15.5600004196167,0.024509453367272362,483396.9910995609,-126.99568771648669,483269.99541184446,32.18845031389441,0.0,True,False
2019-03-20,2824.22998046875,13.90999984741211,15.789999961853027,0.024611464994646767,483429.4519045063,-124.91724645848177,483304.53465804784,32.46080494536576,0.0,True,False
2019-03-21,2854.8798828125,13.630000114440918,15.510000228881836,0.02471347921655298,483462.050009087,-122.15244341692444,483339.8975656701,32.59810458070776,0.0,True,False
2019-03-22,2800.7099609375,16.479999542236328,17.3700008392334,0.024509453367272362,483494.78544422006,-160.81629686451387,483333.9691473555,32.73543513303785,0.0,True,False
2019-03-25,2798.360107421875,16.329999923706055,17.450000762939453,0.024509453367272362,483592.194100989,-129.51120610898744,483462.68289488007,97.40865676896678,0.0,True,False
2019-03-26,2818.4599609375,14.68000030517578,16.450000762939453,0.024509453367272362,483624.6680140974,-99.52628256350066,483525.14173153386,32.47391310836796,0.0,True,False
2019-03-27,2805.3701171875,15.149999618530272,16.780000686645508,0.024305437895589328,483657.1441078758,-100.46935752729107,483556.67475034855,32.476093778456175,0.0,True,False
2019-03-28,2815.43994140625,14.43000030517578,16.299999237060547,0.02420343405101679,483588.81995967403,0.0,483588.81995967403,32.20791805019665,27.523229955537083,False,False
2019-03-29,2834.39990234375,13.710000038146973,15.800000190734863,0.023897438080793178,483620.88817388733,0.0,483620.88817388733,32.068214213295576,0.0,False,False
2019-04-01,2867.18994140625,13.399999618530272,15.460000038146973,0.02420343405101679,483715.88901222334,0.0,483715.88901222334,95.0008383360252,0.0,False,False
2019-04-02,2867.239990234375,13.359999656677246,15.539999961853027,0.024101432800448245,484388.77035511314,-810.8047023493573,483577.9656527638,32.07664054043311,0.0,True,False
2019-04-03,2873.39990234375,13.739999771118164,15.630000114440918,0.024305437895589328,484420.7562423642,-848.2959584679027,483572.4602838963,31.985887251062007,0.0,True,False
2019-04-04,2879.389892578125,13.579999923706056,15.479999542236328,0.024305437895589328,484453.0150112234,-828.1689401395472,483624.84607108386,32.25876885918264,0.0,True,False
2019-04-05,2892.739990234375,12.81999969482422,15.0600004196167,0.024305437895589328,484485.2759282733,-791.2013411863359,483694.0745870869,32.260917049892676,0.0,True,False
2019-04-08,2895.77001953125,13.18000030517578,15.279999732971191,0.02420343405101679,484582.0715699977,-751.1020781281064,483830.9694918696,96.79564172442052,0.0,True,False
2019-04-09,2878.199951171875,14.279999732971191,15.989999771118164,0.024101432800448245,484614.20564968203,-741.8792278021232,483872.32642187993,32.13407968431746,0.0,True,False
2019-04-10,2888.2099609375,13.300000190734863,15.380000114440918,0.02420343405101679,484646.2064232153,-643.737137246892,484002.4692859684,32.00077353322995,0.0,True,False
2019-04-11,2888.320068359375,13.020000457763672,15.25,0.02420343405101679,484678.3447558726,-576.3156105906279,484102.029145282,32.13833265735288,0.0,True,False
2019-04-12,2907.409912109375,12.010000228881836,14.460000038146973,0.024305437895589328,484710.4852197185,-530.2509224183996,484180.2342973001,32.140463845861746,0.0,True,False
2019-04-15,2905.580078125,12.31999969482422,14.529999732971191,0.02420343405101679,484807.3258561599,-440.9050022088766,484366.420853951,96.84063644143431,0.0,True,False
2019-04-16,2907.06005859375,12.18000030517578,14.470000267028809,0.02420343405101679,484839.4748731265,-397.5422589391701,484441.9326141873,32.149016966576625,0.0,True,False
2019-04-17,2900.449951171875,12.600000381469728,14.81999969482422,0.024305437895589328,484871.6260219901,-373.62878443907334,484497.997237551,32.15114886359384,0.0,True,False
2019-04-18,2905.030029296875,12.09000015258789,14.56999969482422,0.024101432800448245,484585.6914171193,0.0,484585.6914171193,32.28879338604099,322.58130409252504,False,False
2019-04-22,2907.969970703125,12.420000076293944,14.720000267028809,0.024305437895589328,484713.69965822453,0.0,484713.69965822453,128.00824110522498,0.0,False,False
2019-04-23,2933.679931640625,12.279999732971191,14.539999961853027,0.024407444334296906,484745.97793490585,0.0,484745.97793490585,32.27827668129654,0.0,False,False
2019-04-24,2927.25,13.140000343322754,15.039999961853027,0.024305437895589328,484778.39384192793,0.0,484778.39384192793,32.415907022048536,0.0,False,False
2019-04-25,2926.169921875,13.25,15.210000038146973,0.02420343405101679,484810.6764267539,0.0,484810.6764267539,32.28258482600696,0.0,False,False
2019-04-26,2939.8798828125,12.729999542236328,14.890000343322754,0.024101432800448245,484842.8256659068,0.0,484842.8256659068,32.14923915288679,0.0,False,False
2019-04-29,2943.030029296875,13.109999656677246,15.229999542236328,0.024305437895589328,484938.87961874757,0.0,484938.87961874757,96.05395284074683,0.0,False,False
2019-04-30,2945.830078125,13.119999885559082,15.229999542236328,0.02420343405101679,484971.17289071594,0.0,484971.17289071594,32.293271968357686,0.0,False,False
2019-05-01,2923.72998046875,14.800000190734863,16.190000534057617,0.02420343405101679,485003.3327728671,0.0,485003.3327728671,32.15988215118282,0.0,False,False
2019-05-02,2917.52001953125,14.420000076293944,16.030000686645508,0.024509453367272362,485035.4947876358,0.0,485035.4947876358,32.162014768702775,0.0,False,False
2019-05-03,2945.639892578125,12.869999885559082,15.06999969482422,0.02420343405101679,485068.0656204663,0.0,485068.0656204663,32.57083283052052,0.0,False,False
2019-05-06,2932.469970703125,15.4399995803833,16.399999618530273,0.024305437895589328,485164.5709419283,0.0,485164.5709419283,96.50532146197939,0.0,False,False
2019-05-07,2884.050048828125,19.31999969482422,18.780000686645508,0.02420343405101679,485704.4321224048,-677.5528791681683,485026.8792432366,32.30830130831514,0.0,True,True
2019-05-08,2879.419921875,19.399999618530273,18.75,0.02420343405101679,485736.6406291584,-646.8136004797987,485089.8270286786,32.208506753624285,0.0,True,True
2019-05-09,2870.719970703125,19.100000381469727,18.440000534057617,0.02420343405101679,485768.851271754,-578.6252343395321,485190.22603741445,32.21064259558637,0.0,True,True
2019-05-10,2881.39990234375,16.040000915527344,16.899999618530273,0.02420343405101679,485801.0640503332,-384.5303300308376,485416.5337203024,32.2127785791825,0.0,True,False
2019-05-13,2811.8701171875,20.549999237060547,19.790000915527344,0.023999434143750862,485897.715203389,-583.3667253536464,485314.34847803536,96.65115305576809,0.0,True,True
2019-05-14,2834.409912109375,18.059999465942383,18.290000915527344,0.023999434143750862,485929.66493927996,-420.56885647178666,485509.09608280816,31.949735890955616,0.0,True,False
2019-05-15,2850.9599609375,16.440000534057617,17.489999771118164,0.024101432800448245,485961.616775995,-326.87840043174276,485634.73837556323,31.95183671504176,0.0,True,False
2019-05-16,2876.320068359375,15.289999961853027,16.739999771118164,0.023897438080793178,485993.7065238047,-261.77752482995527,485731.92899897473,32.08974780968867,0.0,True,False
2019-05-17,2859.530029296875,15.960000038146973,17.059999465942383,0.02379544461144372,486025.5267559038,-275.8687358147537,485749.65802008903,31.820232099084173,0.0,True,False
2019-05-20,2840.22998046875,16.309999465942383,17.290000915527344,0.02379544461144372,486120.5924369712,-262.1783055806568,485858.4141313906,95.06568106742377,0.0,True,False
2019-05-21,2864.360107421875,14.949999809265137,16.420000076293945,0.02379544461144372,486446.71915285604,-668.5510333790791,485778.16811947693,31.692692324818186,303.43586934909916,True,False
2019-05-22,2856.27001953125,14.75,16.420000076293945,0.023693453735569706,486478.4331070525,-574.0847450767321,485904.3483619758,31.713954196514724,0.0,True,False
2019-05-23,2822.239990234375,16.920000076293945,17.690000534057617,0.02359146545304013,486510.01318476396,-726.8500201249157,485783.16316463903,31.580077711437838,0.0,True,False
2019-05-24,2826.06005859375,15.850000381469728,17.09000015258789,0.02338749666748501,486541.4593631073,-578.0475234577746,485963.4118396495,31.446178343349434,0.0,True,False
2019-05-28,2802.389892578125,17.5,17.899999618530273,0.02359146545304013,486666.1765697788,-638.5939568230856,486027.5826129557,124.71720667152658,0.0,True,False
2019-05-29,2783.02001953125,17.899999618530273,18.239999771118164,0.02359146545304013,486697.6328419363,-700.2322307889299,485997.4006111474,31.456272157500827,0.0,True,False
2019-05-30,2788.860107421875,17.299999237060547,17.959999084472656,0.023693453735569706,486729.091147309,-589.3121906108934,486139.7789566981,31.458305372681345,0.0,True,False
2019-05-31,2752.06005859375,18.709999084472656,18.829999923706055,0.02338749666748501,485882.6338718021,0.0,485882.6338718021,31.596349348270202,-379.50259147602577,False,False
2019-06-03,2744.449951171875,18.86000061035156,18.770000457763672,0.02338749666748501,485976.04212444375,0.0,485976.04212444375,93.40825264162,0.0,False,True
2019-06-04,2803.27001953125,16.969999313354492,17.59000015258789,0.02338749666748501,486560.09838872164,-722.9161897410381,485837.1821989806,31.140074536860904,0.0,True,False
2019-06-05,2826.14990234375,16.09000015258789,17.1299991607666,0.02338749666748501,486591.2758880573,-718.2807526274519,485872.99513542984,31.177499335671616,0.0,True,False
2019-06-06,2843.489990234375,15.93000030517578,16.920000076293945,0.02318353825372344,486622.45538516564,-767.1658610842132,485855.2895240814,31.179497108337408,0.0,True,False
2019-06-07,2873.340087890625,16.299999237060547,17.149999618530273,0.02267368758899465,486653.3649429799,-1010.6520241000414,485642.7129188798,30.909557814270656,0.0,True,False
2019-06-10,2886.72998046875,15.9399995803833,16.8799991607666,0.0227756525373621,486744.0656656279,-993.0827910000933,485750.9828746278,90.70072264801095,0.0,True,False
2019-06-11,2885.719970703125,15.989999771118164,16.989999771118164,0.0225717252326533,486774.4389795913,-957.4970432691363,485816.94193632214,30.373313963400847,0.0,True,False
2019-06-12,2879.840087890625,15.90999984741211,17.049999237060547,0.022265853714464514,486804.54220869904,-860.5221730370279,485944.020035662,30.103229107723628,0.0,True,False
2019-06-13,2891.639892578125,15.81999969482422,16.860000610351562,0.021756119679032734,486834.23933017,-920.9638894127768,485913.2754407572,29.697121470911902,0.0,True,False
2019-06-14,2886.97998046875,15.279999732971191,16.600000381469727,0.021858061303912088,486863.2583428882,-775.0951561978542,486088.16318669036,29.019012718216295,0.0,True,False
2019-06-17,2889.669921875,15.350000381469728,16.610000610351562,0.022163901724908078,486950.73376431625,-695.6117551034938,486255.12200921273,87.47542142806478,0.0,True,False
2019-06-18,2917.75,15.149999618530272,16.5,0.022061952326718044,486980.3037804757,-929.9171805398647,486050.3865999358,29.570016159420376,0.0,True,False
2019-06-19,2926.4599609375,14.329999923706056,16.100000381469727,0.021654180644992936,487009.7395638955,-881.8808611853843,486127.85870271013,29.435783419787438,0.0,True,False
2019-06-20,2954.179931640625,14.75,16.139999389648438,0.02124645041460101,487038.63301514287,-1309.3741854404352,485729.25882970245,28.893451247374603,0.0,True,False
2019-06-21,2950.4599609375,15.399999618530272,16.670000076293945,0.02104260084102162,487066.98409279576,-1289.1853477509596,485777.7987450448,28.35107765286239,0.0,True,False
2019-06-24,2945.35009765625,15.260000228881836,16.469999313354492,0.02114452433278653,487151.23101737734,-1037.1145027578734,486114.1165146195,84.24692458156439,0.0,True,False
2019-06-25,2917.3798828125,16.280000686645508,17.1200008392334,0.02104260084102162,487179.4526048325,-757.0956122599728,486422.3569925725,28.221587455129743,0.0,True,False
2019-06-26,2913.780029296875,16.209999084472656,17.049999237060547,0.021348379086597598,487207.5397781746,-661.9456072049206,486545.5941709697,28.087173342094744,0.0,True,False
2019-06-27,2924.919921875,15.81999969482422,16.760000228881836,0.02124645041460101,487236.0367519614,-686.8601097013701,486549.17664226005,28.49697378676529,0.0,True,False
2019-06-28,2941.760009765625,15.079999923706056,16.059999465942383,0.02114452433278653,486497.9920125691,0.0,486497.9920125691,28.362568750882396,-213.49111840209332,False,False
2019-07-01,2964.330078125,14.0600004196167,15.43000030517578,0.021960005519763588,486582.548143147,0.0,486582.548143147,84.55613057793484,0.0,False,False
2019-07-02,2973.010009765625,12.93000030517578,14.720000267028809,0.021858061303912088,487325.3287457955,-883.504775556732,486441.82397023874,29.27582709170013,0.0,True,False
2019-07-03,2995.820068359375,12.56999969482422,14.529999732971191,0.021960005519763588,487354.5131454248,-952.8679759322177,486401.6451694926,29.184399629298014,0.0,True,False
2019-07-05,2990.409912109375,13.279999732971191,14.979999542236328,0.022163901724908078,487413.15945623297,-943.7959640239786,486469.363492209,58.64631080817994,0.0,True,False
2019-07-08,2975.949951171875,13.960000038146973,15.479999542236328,0.022469765468205373,487501.9591390504,-841.7713719969573,486660.18776705343,88.79968281744856,0.0,True,False
2019-07-09,2979.6298828125,14.09000015258789,15.56999969482422,0.022469765468205373,487531.97117155825,-843.1399313072906,486688.83124025096,30.012032507864006,0.0,True,False
2019-07-10,2993.070068359375,13.029999732971191,15.1899995803833,0.021858061303912088,487561.98505169374,-747.4000712959895,486814.5849803978,30.013880135506042,0.0,True,False
2019-07-11,2999.909912109375,12.93000030517578,14.979999542236328,0.021552244201661897,487591.1836239338,-729.4527757139451,486861.7308482199,29.198572240075094,0.0,True,False
2019-07-12,3013.77001953125,12.390000343322754,14.800000190734863,0.021348379086597598,487619.97538974363,-718.5280513264348,486901.4473384172,28.791765809816273,0.0,True,False
2019-07-15,3014.300048828125,12.68000030517578,15.039999961853027,0.02145031034890704,487705.54368643125,-623.2736074634761,487082.2700789678,85.56829668764593,0.0,True,False
2019-07-16,3004.0400390625,12.859999656677246,15.220000267028809,0.021348379086597598,487734.20599513163,-529.982513142794,487204.2234819888,28.662308700369326,0.0,True,False
2019-07-17,2984.419921875,13.970000267028809,15.81999969482422,0.02124645041460101,487762.7337738468,-530.3860292083103,487232.3477446385,28.527778715165685,0.0,True,False
2019-07-18,2995.110107421875,13.529999732971191,15.539999961853027,0.020431114274113385,487791.1270022357,-479.02037567693895,487312.10662655876,28.39322838885518,0.0,True,False
2019-07-19,2976.610107421875,14.449999809265137,15.93000030517578,0.020533022228342034,487818.4321945448,-480.35905912641283,487338.0731354184,27.305192309116233,0.0,True,False
2019-07-22,2985.030029296875,13.529999732971191,15.470000267028809,0.020736845904711657,487599.4684871006,0.0,487599.4684871006,82.33341340908106,412.2076547034369,False,False
2019-07-23,3005.469970703125,12.609999656677246,14.93000030517578,0.020533022228342034,487627.1713974403,0.0,487627.1713974403,27.70291033969766,0.0,False,False
2019-07-24,3019.56005859375,12.06999969482422,14.5600004196167,0.020838761627115794,487654.6035650553,0.0,487654.6035650553,27.432167614976,0.0,False,False
2019-07-25,3003.669921875,12.739999771118164,15.050000190734863,0.020940679939175543,487682.44577912637,0.0,487682.44577912637,27.842214071078537,0.0,False,False
2019-07-26,3025.860107421875,12.15999984741211,14.6899995803833,0.02114452433278653,487710.42576533515,0.0,487710.42576533515,27.979986208766196,0.0,False,False
2019-07-29,3020.969970703125,12.829999923706056,15.0,0.02104260084102162,487795.19262382644,0.0,487795.19262382644,84.76685849130583,0.0,False,False
2019-07-30,3013.179931640625,13.9399995803833,15.699999809265137,0.020736845904711657,487823.31529619574,0.0,487823.31529619574,28.122672369310855,0.0,False,False
2019-07-31,2980.3798828125,16.1200008392334,16.90999984741211,0.020736845904711657,487851.03092436737,0.0,487851.03092436737,27.715628171612924,0.0,False,False
2019-08-01,2953.56005859375,17.8700008392334,17.989999771118164,0.020634932771830632,487878.74812719936,0.0,487878.74812719936,27.71720283198864,0.0,False,False
2019-08-02,2932.050048828125,17.610000610351562,17.889999389648438,0.020533022228342034,487906.33067445335,0.0,487906.33067445335,27.582547254015676,0.0,False,False
2019-08-05,2844.739990234375,24.59000015258789,21.899999618530273,0.02032920890901401,487988.6789232631,0.0,487988.6789232631,82.34824880972752,0.0,False,True
2019-08-06,2881.77001953125,20.170000076293945,19.690000534057617,0.020431114274113385,488532.0204433285,-686.1615198723359,487845.85892345617,27.18000019307044,0.0,True,True
2019-08-07,2883.97998046875,19.489999771118164,19.5,0.020125405945675086,488559.3671087944,-628.4948399635584,487930.87226883083,27.3466654659035,0.0,True,False
2019-08-08,2938.090087890625,16.90999984741211,17.860000610351562,0.020125405945675086,488586.30608596717,-596.186096500067,487990.1199894671,26.938977172745386,0.0,True,False
2019-08-09,2918.64990234375,17.969999313354492,18.559999465942383,0.01992161333727291,488613.24654854485,-578.7500160895252,488034.4965324553,26.940462577672548,0.0,True,False
2019-08-12,2882.699951171875,21.09000015258789,20.5,0.01992161333727291,488693.25828385074,-641.2393557558136,488052.01892809494,80.01173530587661,0.0,True,True
2019-08-13,2926.320068359375,17.520000457763672,18.530000686645508,0.01992161333727291,488719.9317737662,-485.2518392688313,488234.67993449734,26.673489915423403,0.0,True,False
2019-08-14,2840.60009765625,22.100000381469727,21.299999237060547,0.019514059181070218,488746.60671955405,-600.5406890790484,488146.066030475,26.67494578790007,0.0,True,True
2019-08-15,2847.60009765625,21.18000030517578,21.06999969482422,0.019004674713597184,488772.737363837,-531.6541252320692,488241.08323860494,26.13064428295447,0.0,True,True
2019-08-16,2888.679931640625,18.469999313354492,19.700000762939453,0.018597213711590434,488798.18725072406,-394.2245599521843,488403.9626907719,25.44988688704941,0.0,True,False
2019-08-19,2923.64990234375,16.8799991607666,18.36000061035156,0.01931029763116581,488872.9076271173,-296.46020686477596,488576.44742025255,74.72037639325009,0.0,True,False
2019-08-20,2900.510009765625,17.5,18.8700008392334,0.01931029763116581,488898.772095811,-271.43803342911525,488627.3340623819,25.86446869368039,0.0,True,False
2019-08-21,2924.429931640625,15.800000190734863,17.719999313354492,0.019615943837874208,488841.131605397,-300.4447673323262,488540.68683806463,25.865837087654302,302.21042503832484,True,False
2019-08-22,2922.949951171875,16.68000030517578,18.229999542236328,0.01992161333727291,488867.40376391064,-330.3700334000253,488537.0337305106,26.272158513648183,0.0,True,False
2019-08-23,2847.110107421875,19.8700008392334,20.36000061035156,0.019615943837874208,488894.0867589044,-542.7914983973353,488351.29526050703,26.682994993767448,0.0,True,False
2019-08-26,2878.3798828125,19.31999969482422,19.81999969482422,0.01992161333727291,488972.91600890027,-392.97260039995825,488579.9434085003,78.82924999588035,0.0,True,False
2019-08-27,2869.159912109375,20.309999465942383,20.63999938964844,0.019717831082755294,488999.6047628845,-433.8985346044511,488565.70622828003,26.688753984207725,0.0,True,False
2019-08-28,2887.93994140625,19.350000381469727,20.049999237060547,0.01981972091584406,489026.0219465795,-332.4029721170983,488693.6189744624,26.417183695024157,0.0,True,False
2019-08-29,2924.580078125,17.8799991607666,19.030000686645508,0.01981972091584406,489052.57707652694,-228.21936399357048,488824.3577125334,26.555129947411206,0.0,True,False
2019-08-30,2926.4599609375,18.979999542236328,19.540000915527344,0.01981972091584406,488796.1162687673,0.0,488796.1162687673,26.55657194619016,-152.57261237354058,False,False
2019-09-03,2906.27001953125,19.65999984741211,20.1200008392334,0.019717831082755294,489241.2483314561,-508.95283208649175,488732.2954993696,106.17923060231568,0.0,True,False
2019-09-04,2937.780029296875,17.329999923706055,18.809999465942383,0.019615943837874208,489267.6785694409,-409.9560776212338,488857.72249181964,26.430237984797607,0.0,True,False
2019-09-05,2976.0,16.270000457763672,18.079999923706055,0.019615943837874208,489293.9736521905,-427.57172784534305,488866.4019243452,26.295082749618413,0.0,True,False
2019-09-06,2978.7099609375,15.0,17.459999084472656,0.019514059181070218,489320.27014813665,-333.83816676191697,488986.43198137474,26.296495946130456,0.0,True,False
2019-09-09,2978.429931640625,15.270000457763672,17.549999237060547,0.019514059181070218,489398.75828923925,-288.1058338470754,489110.6524553922,78.48814110259202,0.0,True,False
2019-09-10,2979.389892578125,15.199999809265137,17.40999984741211,0.01941217711221094,489424.9238005483,-265.5884400291231,489159.3353605192,26.16551130904063,0.0,True,False
2019-09-11,3000.929931640625,14.609999656677246,17.100000381469727,0.019514059181070218,489450.9540908332,-272.23388612022984,489178.72020471294,26.03029028490817,0.0,True,False
2019-09-12,3009.570068359375,14.220000267028809,16.809999465942383,0.01941217711221094,489477.12239277014,-254.1285623327151,489222.9938304374,26.16830193695654,0.0,True,False
2019-09-13,3007.389892578125,13.739999771118164,16.670000076293945,0.019514059181070218,489503.15545926127,-205.5485242111561,489297.6069350501,26.03306649110839,0.0,True,False
2019-09-16,2997.9599609375,14.670000076293944,17.200000762939453,0.01981972091584406,489581.672935605,-178.31042139247188,489403.3625142125,78.51747634370271,0.0,True,False
2019-09-17,3005.699951171875,14.4399995803833,17.229999542236328,0.01981972091584406,489896.94850434206,-636.4076866931273,489260.5408176489,26.585302951621177,161.2354111788261,True,False
2019-09-18,3006.72998046875,13.949999809265137,16.860000610351562,0.01941217711221094,489923.5509274127,-527.2685363289543,489396.2823910837,26.60242307063597,0.0,True,False
2019-09-19,3006.7900390625,14.050000190734863,16.790000915527344,0.019208420737802476,489949.6077374113,-492.0038419314461,489457.6038954798,26.05680999860689,0.0,True,False
2019-09-20,2992.070068359375,15.31999969482422,17.709999084472656,0.019004674713597184,489975.3924109592,-559.1496924624205,489416.24271849677,25.784673547924214,0.0,True,False
2019-09-23,2991.780029296875,14.90999984741211,17.8700008392334,0.01931029763116581,490051.93391990225,-364.1678110880504,489687.7661088142,76.54150894308933,0.0,True,False
2019-09-24,2966.60009765625,17.049999237060547,18.549999237060547,0.019106546431990376,490077.8607665436,-560.7667210392402,489517.09404550435,25.92684664132895,0.0,True,False
2019-09-25,2984.8701171875,15.960000038146973,18.0,0.018800939038543605,490103.51539801096,-394.010910557592,489709.5044874534,25.654631467387308,0.0,True,False
2019-09-26,2977.6201171875,16.06999969482422,18.1200008392334,0.0181897940977809,490128.7609970083,-362.16981326251494,489766.59118374577,25.245598997335254,0.0,True,False
2019-09-27,2961.7900390625,17.219999313354492,18.75,0.01788425654337038,489695.9147900803,0.0,489695.9147900803,24.42620108456405,9.135278680513998,False,False
2019-09-30,2976.739990234375,16.239999771118164,17.959999084472656,0.01869907508162039,489767.9023879563,0.0,489767.9023879563,71.9875978760192,0.0,False,False
2019-10-01,2940.25,18.559999465942383,19.350000381469727,0.018087945660248832,490435.8287177747,-812.8347096201442,489622.99400815455,25.09162019829978,0.0,True,False
2019-10-02,2887.610107421875,20.559999465942383,20.739999771118164,0.017782415863761357,490460.1333655239,-853.4230562821595,489606.7103092417,24.30464774916044,0.0,True,False
2019-10-03,2910.6298828125,19.1200008392334,19.780000686645508,0.016967783501476128,490484.02864911925,-735.3266491142637,489748.702000005,23.89528359534136,0.0,True,False
2019-10-04,2952.010009765625,17.040000915527344,18.59000015258789,0.017069603499068373,490506.83034844726,-634.403120427952,489872.4272280193,22.8016993279921,0.0,True,False
2019-10-07,2938.7900390625,17.860000610351562,18.90999984741211,0.017375079001127135,490575.65235783986,-578.9294625055294,489996.72289533436,68.82200939260215,0.0,True,False
2019-10-08,2893.06005859375,20.280000686645508,20.38999938964844,0.017069603499068373,490599.00576495705,-682.7710091677889,489916.2347557893,23.35340711719379,0.0,True,False
2019-10-09,2919.39990234375,18.63999938964844,19.510000228881836,0.0168659660885449,490621.9496726985,-558.0467778115728,490063.9028948869,22.943907741467996,0.0,True,False
2019-10-10,2938.1298828125,17.56999969482422,18.790000915527344,0.01676415126014437,490644.6209174937,-477.11877689199395,490167.5021406017,22.67124479518336,0.0,True,False
2019-10-11,2970.27001953125,15.579999923706056,17.549999237060547,0.01676415126014437,490667.1563408696,-370.10181431518373,490297.0545265544,22.535423375916142,0.0,True,False
2019-10-14,2966.14990234375,14.56999969482422,17.1200008392334,0.01676415126014437,490868.9178912431,-548.6311541412834,490320.28673710185,67.61248066186566,398.3526251904757,True,False
2019-10-15,2995.679931640625,13.539999961853027,16.479999542236328,0.016662339016142433,490891.46361663204,-503.2195845344947,490388.2440320976,22.545725388920843,0.0,True,False
2019-10-16,2989.68994140625,13.68000030517578,16.479999542236328,0.016560529356408785,490913.8734431678,-445.4771165166821,490468.3963266511,22.409826535711932,0.0,True,False
2019-10-17,2997.949951171875,13.789999961853027,16.440000534057617,0.016560529356408785,490936.14735562017,-451.2623318173726,490484.8850238028,22.2739124523802,0.0,True,False
2019-10-18,2986.199951171875,14.25,16.649999618530273,0.016560529356408785,490958.42227869213,-410.01703919300877,490548.4052394991,22.274923071967006,0.0,True,False
2019-10-21,3006.719970703125,14.0,16.280000686645508,0.016662339016142433,491025.2531120841,-341.8074768930263,490683.4456351911,66.83083339201117,0.0,True,False
2019-10-22,2995.989990234375,14.460000038146973,16.549999237060547,0.016458722280811345,491047.6690462823,-305.88043482946244,490741.78861145285,22.41593419821495,0.0,True,False
2019-10-23,3004.52001953125,14.010000228881836,16.290000915527344,0.016458722280811345,491069.8120584274,-251.0658960773596,490818.74616235,22.14301214504651,0.0,True,False
2019-10-24,3010.2900390625,13.710000038146973,16.25,0.016662339016142433,491091.95606907626,-199.5939356064475,490892.36213346984,22.144010648894024,0.0,True,False
2019-10-25,3022.550048828125,12.649999618530272,15.710000038146973,0.016560529356408785,490980.7563377409,0.0,490980.7563377409,22.418979273972834,245.01244353196904,False,False
2019-10-28,3039.419921875,13.109999656677246,15.989999771118164,0.016458722280811345,491047.5902113166,0.0,491047.5902113166,66.83387357568361,0.0,False,False
2019-10-29,3036.889892578125,13.199999809265137,16.09000015258789,0.016255115881502177,491069.7332199067,0.0,491069.7332199067,22.143008590109353,0.0,False,False
2019-10-30,3046.77001953125,12.329999923706056,15.6899995803833,0.016153316557528122,491091.6032833814,0.0,491091.6032833814,21.870063474689783,0.0,False,False
2019-10-31,3037.56005859375,13.220000267028809,16.049999237060547,0.015339014964751659,491113.33734821394,0.0,491113.33734821394,21.734064832577076,0.0,False,False
2019-11-01,3066.909912109375,12.300000190734863,15.420000076293944,0.015135465394811011,491133.9766718395,0.0,491133.9766718395,20.63932362552914,0.0,False,False
2019-11-04,3078.27001953125,12.829999923706056,15.619999885559082,0.015237238888565052,491195.07807209383,0.0,491195.07807209383,61.10140025436758,0.0,False,False
2019-11-05,3074.6201171875,13.100000381469728,15.90999984741211,0.015542574864945027,491752.7337635726,-707.1499025193676,491045.5838610532,20.50578895939591,0.0,True,False
2019-11-06,3076.780029296875,12.619999885559082,15.829999923706056,0.015542574864945027,491773.67421949777,-646.1037596600806,491127.5704598377,20.940455925208887,0.0,True,False
2019-11-07,3085.179931640625,12.729999542236328,15.800000190734863,0.015542574864945027,491794.6155671368,-649.485537308006,491145.1300298288,20.941347638999673,0.0,True,False
2019-11-08,3093.080078125,12.06999969482422,15.529999732971191,0.015440793623500997,491815.55780652753,-583.4391639149447,491232.1186426126,20.942239390762584,0.0,True,False
2019-11-11,3087.010009765625,12.6899995803833,15.600000381469728,0.015440793623500997,491877.978390887,-509.42981422894775,491368.548576658,62.42058435946623,0.0,True,False
2019-11-12,3091.840087890625,12.68000030517578,15.489999771118164,0.015847934086752537,491898.7870128101,-487.3073505772257,491411.4796622329,20.80862192315887,0.0,True,False
2019-11-13,3094.0400390625,13.0,15.619999885559082,0.015644358689213936,491920.14522868546,-492.2059783760662,491427.93925030937,21.35821587535302,0.0,True,False
2019-11-14,3096.6298828125,13.050000190734863,15.600000381469728,0.015644358689213936,491941.2299961541,-471.4738773567976,491469.7561187973,21.084767468643008,0.0,True,False
2019-11-15,3120.4599609375,12.050000190734863,14.989999771118164,0.015644358689213936,491962.3156673617,-431.3058308010656,491531.00983656064,21.085671207641134,0.0,True,False
2019-11-18,3122.030029296875,12.460000038146973,15.170000076293944,0.015644358689213936,492025.578103806,-372.43363278175707,491653.1444710243,63.26243644429685,0.0,True,False
2019-11-19,3120.179931640625,12.859999656677246,15.5,0.015644358689213936,492046.667390357,-370.0993919310821,491676.5679984259,21.08928655101243,0.0,True,False
2019-11-20,3108.4599609375,12.779999732971191,15.640000343322754,0.015644358689213936,492067.7575808407,-289.2226756180793,491778.53490522265,21.09019048370826,0.0,True,False
2019-11-21,3103.5400390625,13.130000114440918,15.81999969482422,0.015746145096439703,492088.8486752959,-274.98516045448395,491813.8635148414,21.091094455148607,0.0,True,False
2019-11-22,3110.2900390625,12.34000015258789,15.399999618530272,0.015746145096439703,491895.6042082019,0.0,491895.6042082019,21.229231642911934,322.6762037824725,False,False
2019-11-25,3133.639892578125,11.869999885559082,14.989999771118164,0.016051519817165624,491959.2696393354,0.0,491959.2696393354,63.66543113348473,0.0,False,False
2019-11-26,3140.52001953125,11.539999961853027,14.850000381469728,0.015949725660284436,491980.9048930448,0.0,491980.9048930448,21.635253709397837,0.0,False,False
2019-11-27,3153.6298828125,11.75,14.960000038146973,0.016153316557528122,492002.40388458833,0.0,492002.40388458833,21.498991543542495,0.0,False,False
2019-11-29,3140.97998046875,12.619999885559082,15.510000228881836,0.015847934086752537,492045.9535958648,0.0,492045.9535958648,43.54971127647447,0.0,False,False
2019-12-02,3113.8701171875,14.90999984741211,16.84000015258789,0.015949725660284436,492110.05019637354,0.0,492110.05019637354,64.09660050873762,0.0,False,False
2019-12-03,3093.199951171875,15.960000038146973,17.6299991607666,0.015644358689213936,492827.8255151911,-866.2706837749529,491961.5548314162,21.504635042622517,0.0,True,False
2019-12-04,3112.760009765625,14.800000190734863,16.979999542236328,0.015440793623500997,492848.9491878113,-794.0644095275348,492054.88477828377,21.123672620144674,0.0,True,False
2019-12-05,3117.429931640625,14.520000457763672,16.780000686645508,0.015339014964751659,492869.79888610926,-749.1161089142639,492120.682777195,20.84969829799013,0.0,True,False
2019-12-06,3145.909912109375,13.619999885559082,16.209999084472656,0.015237238888565052,492890.51202605246,-775.6600222580732,492114.8520037944,20.71313994318844,0.0,True,False
2019-12-09,3135.9599609375,15.859999656677246,17.299999237060547,0.015339014964751659,492952.2443064573,-860.8435410220796,492091.4007654352,61.73228040482192,0.0,True,False
2019-12-10,3132.52001953125,15.68000030517578,17.1299991607666,0.015542574864945027,492972.9609112172,-775.2898610082258,492197.67105020897,20.716604759927474,0.0,True,False
2019-12-11,3141.6298828125,14.989999771118164,16.90999984741211,0.015644358689213936,492993.95332844544,-718.465557023784,492275.4877714217,20.99241722821667,0.0,True,False
2019-12-12,3168.570068359375,13.9399995803833,16.09000015258789,0.015542574864945027,493015.08412166504,-734.5904034024403,492280.4937182626,21.13079321958854,0.0,True,False
2019-12-13,3168.800048828125,12.630000114440918,15.279999732971191,0.015644358689213936,493036.0783326387,-524.811953206873,492511.2663794318,20.99421097367297,0.0,True,False
2019-12-16,3191.449951171875,12.140000343322754,14.979999542236328,0.015644358689213936,493099.4788464117,-510.13789697742055,492589.34094943426,63.40051377299671,0.0,True,False
2019-12-17,3192.52001953125,12.289999961853027,15.149999618530272,0.015542574864945027,493120.61416268453,-493.4677894261884,492627.1463732583,21.13531627283185,0.0,True,False
2019-12-18,3191.139892578125,12.579999923706056,15.199999809265137,0.015542574864945027,493141.61286747595,-473.40028559967874,492668.21258187626,20.99870479144159,0.0,True,False
2019-12-19,3205.3701171875,12.5,15.140000343322754,0.015644358689213936,493162.6124664616,-540.4019214453921,492622.2105450162,20.99959898566153,0.0,True,False
2019-12-20,3221.219970703125,12.510000228881836,15.31999969482422,0.015746145096439703,493183.75048877875,-655.643683751121,492528.10680502764,21.138022317117933,0.0,True,False
2019-12-23,3224.010009765625,12.609999656677246,15.5,0.015847934086752537,493247.5826430698,-504.9351396612901,492742.6475034085,63.83215429102937,0.0,True,False
2019-12-24,3223.3798828125,12.670000076293944,15.520000457763672,0.015746145096439703,493268.99942357064,-442.2463045439568,492826.75311902666,21.416780500847956,0.0,True,False
2019-12-26,3239.909912109375,12.649999618530272,15.520000457763672,0.015746145096439703,493311.5606307989,-468.6949946346304,492842.86563616426,42.561207228257764,0.0,True,False
2019-12-27,3240.02001953125,13.43000030517578,15.949999809265137,0.015644358689213936,492779.6252019896,0.0,492779.6252019896,21.281980725533515,143.053274240096,False,False
2019-12-30,3221.2900390625,14.81999969482422,16.68000030517578,0.015644358689213936,492842.9927379321,0.0,492842.9927379321,63.36753594245572,0.0,False,False
2019-12-31,3230.780029296875,13.779999732971191,15.869999885559082,0.015440793623500997,492864.11706065235,0.0,492864.11706065235,21.12432272030369,0.0,False,False
2020-01-02,3257.85009765625,12.470000267028809,15.1899995803833,0.015339014964751659,492905.8186226471,0.0,492905.8186226471,41.701561994711604,0.0,False,False
2020-01-03,3234.85009765625,14.020000457763672,16.010000228881836,0.015135465394811011,492926.53327634063,0.0,492926.53327634063,20.714653693564934,0.0,False,False
2020-01-06,3246.280029296875,13.850000381469728,15.920000076293944,0.015542574864945027,492987.8576864534,0.0,492987.8576864534,61.3244101127212,0.0,False,False
2020-01-07,3237.179931640625,13.789999961853027,15.859999656677246,0.015339014964751659,493769.3248287162,-930.4740906807258,492838.8507380355,20.99305158211822,0.0,True,False
2020-01-08,3253.050048828125,13.449999809265137,15.399999618530272,0.015339014964751659,493790.0757717603,-912.5967015671325,492877.4790701932,20.75094304407605,0.0,True,False
2020-01-09,3274.699951171875,12.539999961853027,14.949999809265137,0.015339014964751659,493810.82758687483,-901.9225223921059,492908.9050644827,20.751815114525886,0.0,True,False
2020-01-10,3265.35009765625,12.5600004196167,14.949999809265137,0.015339014964751659,493831.58027409646,-798.5032054469843,493033.07706864947,20.75268722162499,0.0,True,False
2020-01-13,3288.1298828125,12.31999969482422,14.640000343322754,0.015644358689213936,493893.84356877045,-798.5458399012191,493095.29772886925,62.26329467397841,0.0,True,False
2020-01-14,3283.14990234375,12.390000343322754,14.640000343322754,0.015644358689213936,493915.01293324324,-724.851085642,493190.16184760124,21.169364472765686,0.0,True,False
2020-01-15,3289.2900390625,12.420000076293944,14.630000114440918,0.015644358689213936,493936.18320508103,-733.0749923167974,493203.10821276426,21.170271837775427,0.0,True,False
2020-01-16,3316.81005859375,12.31999969482422,14.449999809265137,0.015440793623500997,493957.3543843227,-931.7004043105773,493025.6539800121,21.171179241676807,0.0,True,False
2020-01-17,3329.6201171875,12.100000381469728,14.40999984741211,0.015542574864945027,493978.2509730807,-1004.9180036008199,492973.33296947984,20.896588757992674,0.0,True,False
2020-01-21,3320.7900390625,12.850000381469728,14.869999885559082,0.015542574864945027,494062.39725093,-812.6990552684649,493249.69819566153,84.14627784935114,0.0,True,False
2020-01-22,3321.75,12.90999984741211,14.979999542236328,0.015440793623500997,494083.43605995656,-778.7238589320739,493304.71220102446,21.038809026550922,0.0,True,False
2020-01-23,3325.5400390625,12.979999542236328,14.989999771118164,0.015440793623500997,494104.3379825291,-777.18436980218,493327.1536127269,20.901922572546205,0.0,True,False
2020-01-24,3295.469970703125,14.5600004196167,16.06999969482422,0.015339014964751659,494125.24078934576,-683.8428239849168,493441.39796536084,20.90280681665427,0.0,True,False
2020-01-27,3243.6298828125,18.229999542236328,18.15999984741211,0.015440793623500997,494187.54110933753,-752.4336577378864,493435.1074515996,62.30031999176981,0.0,True,True
2020-01-28,3276.239990234375,16.280000686645508,17.030000686645508,0.015644358689213936,494208.44743601576,-601.855705400273,493606.5917306155,20.906326678255404,0.0,True,False
2020-01-29,3273.39990234375,16.389999389648438,17.030000686645508,0.015542574864945027,494229.6302850946,-555.2180539026,493674.412231192,21.182849078854584,0.0,True,False
2020-01-30,3283.659912109375,15.489999771118164,16.59000015258789,0.015644358689213936,494250.6762154562,-436.69223427785823,493813.9839811784,21.045930361605556,0.0,True,False
2020-01-31,3225.52001953125,18.84000015258789,18.6299991607666,0.015440793623500997,493673.165008554,0.0,493673.165008554,21.184659096199113,161.77822468234498,False,True
2020-02-03,3248.919921875,17.969999313354492,18.040000915527344,0.015644358689213936,493735.8213579787,0.0,493735.8213579787,62.656349424682936,0.0,False,False
2020-02-04,3297.590087890625,16.049999237060547,16.700000762939453,0.015644358689213936,494479.39904562477,-892.4150963490423,493586.98394927575,21.162591297074993,0.0,True,False
2020-02-05,3334.68994140625,15.149999618530272,16.110000610351562,0.015644358689213936,494500.593508279,-936.2717238446397,493564.3217844344,21.194462654227078,0.0,True,False
2020-02-06,3345.780029296875,14.960000038146973,15.890000343322754,0.015644358689213936,494521.788879374,-943.0151114025069,493578.7737679715,21.19537109499947,0.0,True,False
2020-02-07,3327.7099609375,15.470000267028809,16.290000915527344,0.015542574864945027,494542.9851589487,-866.3131052012393,493676.67205374746,21.19627957470961,0.0,True,False
2020-02-10,3352.090087890625,15.039999961853027,16.1299991607666,0.015746145096439703,494606.1656714493,-865.9263380706154,493740.2393333787,63.18051250058259,0.0,True,False
2020-02-11,3357.75,15.18000030517578,16.139999389648438,0.015644358689213936,494627.5035028009,-885.8327013702042,493741.6708014307,21.337831351630882,0.0,True,False
2020-02-12,3379.449951171875,13.739999771118164,15.359999656677246,0.015746145096439703,494648.7043135343,-818.0420730959487,493830.66224043834,21.200810733424312,0.0,True,False
2020-02-13,3373.93994140625,14.149999618530272,15.68000030517578,0.015847934086752537,494670.0439800478,-791.8724455707422,493878.17153447703,21.33966651349043,0.0,True,False
2020-02-14,3380.159912109375,13.68000030517578,15.5,0.015746145096439703,494691.5225237347,-735.2491218861832,493956.27340184856,21.478543686917227,0.0,True,False
2020-02-18,3370.2900390625,14.829999923706056,16.100000381469727,0.015746145096439703,494776.8941030108,-643.1969577302925,494133.69714528054,85.3715792761323,0.0,True,False
2020-02-19,3386.14990234375,14.380000114440918,15.81999969482422,0.015746145096439703,494798.23929976695,-659.3332049806565,494138.9060947863,21.345196756133358,0.0,True,False
2020-02-20,3373.22998046875,15.5600004196167,16.600000381469727,0.015746145096439703,494819.58541737736,-680.2444102917294,494139.34100708563,21.3461176104214,0.0,True,False
2020-02-21,3337.75,17.079999923706055,17.610000610351562,0.015542574864945027,494840.9324558818,-611.9636647878838,494228.9687910939,21.347038504436064,0.0,True,False
2020-02-24,3225.889892578125,25.030000686645508,21.920000076293945,0.015237238888565052,494904.1510327438,-1185.7214725667366,493718.4295601771,63.218576861989604,0.0,True,True
2020-02-25,3128.2099609375,27.850000381469727,23.86000061035156,0.015237238888565052,494924.8116633756,-1654.167940763404,493270.6437226122,20.660630631801528,0.0,True,True
2020-02-26,3116.389892578125,27.559999465942383,23.700000762939453,0.015237238888565052,494945.47315652116,-1660.158617233878,493285.3145392873,20.66149314559781,0.0,True,True
2020-02-27,2978.760009765625,39.15999984741211,29.920000076293945,0.014423123235623505,494966.13551221654,-3461.592398561939,491504.5431136546,20.662355695401224,0.0,True,True
2020-02-28,2954.219970703125,40.11000061035156,29.850000381469727,0.012693675933768366,491255.8294019449,0.0,491255.8294019449,19.559174304691116,-3007.4501882273184,False,True
2020-03-02,3090.22998046875,33.41999816894531,27.700000762939453,0.011168312039483508,491307.0855740651,0.0,491307.0855740651,51.25617212022351,0.0,False,True
2020-03-03,3003.3701171875,36.81999969482422,30.170000076293945,0.00944026726683901,491824.84948796744,-672.730613116629,491152.1188748508,15.033300785678817,0.0,True,True
2020-03-04,3130.1201171875,31.989999771118164,27.510000228881836,0.0072050786041703094,491837.5700854203,-737.5117036293364,491100.05838179094,12.720597452853797,0.0,True,True
2020-03-05,3023.93994140625,39.619998931884766,32.56999969482422,0.006189495378516595,491847.27902604954,-854.1142472749744,490993.16477877455,9.708940629237256,0.0,True,True
2020-03-06,2972.3701171875,41.939998626708984,35.459999084472656,0.004565096891371131,491855.61960761773,-889.3044330719694,490966.31517454574,8.340581568203387,0.0,True,True
2020-03-09,2746.56005859375,54.459999084472656,43.04999923706055,0.003245757350019421,491874.0750379073,-1309.9850692110995,490564.0899686962,18.455430289544246,0.0,True,True
2020-03-10,2882.22998046875,47.29999923706055,39.439998626708984,0.004362093328476233,491878.4490406273,-981.4564552762665,490896.992585351,4.374002719984584,0.0,True,True
2020-03-11,2741.3798828125,53.900001525878906,44.369998931884766,0.004159100039446663,491884.32748589333,-1277.6421523142137,490606.68533357914,5.8784452660409094,0.0,True,True
2020-03-12,2480.639892578125,75.47000122070312,57.2400016784668,0.0033472296011869446,491889.9324387196,-2517.4598700553265,489372.4725686643,5.604952826294662,0.0,True,True
2020-03-13,2711.02001953125,57.83000183105469,48.310001373291016,0.0027384345971410155,491894.44333212206,-1453.4356958951025,490441.00763622695,4.510893402420384,0.0,True,True
2020-03-16,2386.1298828125,82.69000244140625,67.69999694824219,0.0024340717431051875,491905.5148602401,-2992.8680947649073,488912.6467654752,11.071528118073662,0.0,True,True
2020-03-17,2529.18994140625,75.91000366210938,65.2699966430664,0.0019268516379477108,491908.7952364218,-2400.1405506670453,489508.65468575474,3.280376181717505,0.0,True,True
2020-03-18,2398.10009765625,76.44999694824219,72.9800033569336,0.00020278290372213926,491911.392052229,-2785.211423675598,489126.18062855344,2.596815807247934,0.0,True,True
2020-03-19,2409.389892578125,72.0,69.47000122070312,0.00040557606002412504,491911.6653433199,-2612.240655177482,489299.4246881424,0.27329109084367464,0.0,True,True
2020-03-20,2304.919921875,66.04000091552734,65.58999633789062,0.000506976483216771,491912.2119397745,-3006.8099944794862,488905.40194529505,0.5465964546350776,0.0,True,True
2020-03-23,2237.39990234375,61.59000015258789,56.63999938964844,0.00020278290372213926,491914.261707798,-3432.2416049508383,488482.02010284713,2.0497680234759073,0.0,True,True
2020-03-24,2447.330078125,61.66999816894531,52.11000061035156,0.00010139017035360414,491914.53500048316,-2145.0445577219634,489769.4904427612,0.2732926851375118,0.0,True,True
2020-03-25,2475.56005859375,63.95000076293945,53.849998474121094,-0.0004055350538510759,491914.6716451556,-2073.2875430522686,489841.3841021033,0.13664467243762451,0.0,True,True
2020-03-26,2630.070068359375,61.0,49.790000915527344,-0.0005069124110711975,491914.1251012322,-1469.4513993508072,490444.6737018814,-0.5465439234013151,0.0,True,True
2020-03-27,2541.469970703125,65.54000091552734,55.75,0.00030417820023607886,490071.92808874504,0.0,490071.92808874504,-0.683170416567843,-1338.7832289539485,False,True
2020-03-30,2626.64990234375,57.08000183105469,51.2599983215332,0.0012168512317685082,490073.153316554,0.0,490073.153316554,1.225227808946295,0.0,False,True
2020-03-31,2584.590087890625,53.540000915527344,48.31999969482422,0.001115432861117531,490074.7871442645,0.0,490074.7871442645,1.6338277105140615,0.0,False,True
2020-04-01,2470.5,57.060001373291016,51.16999816894531,0.0009126038126204015,490076.2848055173,0.0,490076.2848055173,1.4976612527731108,0.0,False,True
2020-04-02,2526.89990234375,50.90999984741211,47.29999923706055,0.0009126038126204015,490077.51013714774,0.0,490077.51013714774,1.2253316304570712,0.0,False,True
2020-04-03,2488.64990234375,46.79999923706055,44.84000015258789,0.0010140170547777556,490078.7354718419,0.0,490078.7354718419,1.225334694138484,0.0,False,True
2020-04-06,2663.679931640625,45.2400016784668,43.09000015258789,0.0015211217308890748,490082.819994583,0.0,490082.819994583,4.084522741148775,0.0,False,True
2020-04-07,2659.409912109375,46.70000076293945,43.41999816894531,0.0014196956665245841,490084.86239781807,0.0,490084.86239781807,2.0424032350158976,0.0,False,True
2020-04-08,2749.97998046875,43.349998474121094,41.59000015258789,0.002231176003955833,490086.7686244167,0.0,490086.7686244167,1.9062265986390285,0.0,False,True
2020-04-09,2789.820068359375,41.66999816894531,40.61000061035156,0.0025355234616125932,490089.7644413485,0.0,490089.7644413485,2.9958169317434784,0.0,False,True
2020-04-13,2761.6298828125,41.16999816894531,39.970001220703125,0.002636977746247632,490103.38253844937,0.0,490103.38253844937,13.61809710087694,0.0,False,True
2020-04-14,2846.06005859375,37.7599983215332,36.459999084472656,0.0020282905277612144,490106.92335045384,0.0,490106.92335045384,3.5408120044848492,0.0,False,True
2020-04-15,2783.360107421875,40.84000015258789,39.279998779296875,0.0014196956665245841,490110.67332902394,-171.02646626254796,489939.6468627614,2.7235123075534395,0.0,True,True
2020-04-16,2799.550048828125,40.11000061035156,39.209999084472656,0.0014196956665245841,490112.5796560164,-157.03148082906176,489955.5481751873,1.9063269924429904,0.0,True,True
2020-04-17,2874.56005859375,38.150001525878906,37.279998779296875,0.0012168512317685082,490114.48599042365,-154.39866536239813,489960.08732506126,1.9063344072633563,0.0,True,True
2020-04-20,2823.159912109375,43.83000183105469,40.970001220703125,0.0012168512317685082,490119.3879032875,-180.6289407968371,489938.75896249065,4.901912863827481,0.0,True,True
2020-04-21,2736.56005859375,45.40999984741211,43.279998779296875,0.001115432861117531,490121.0218851369,-158.95910398778804,489962.0627811491,1.6339818494389917,0.0,True,True
2020-04-22,2799.31005859375,41.97999954223633,40.91999816894531,0.0012168512317685082,490122.51968768233,-126.43073479961242,489996.08895288274,1.4978025454528263,0.0,True,True
2020-04-23,2797.800048828125,41.380001068115234,40.86000061035156,0.001115432861117531,490124.15367997263,-113.470594943282,490010.68308502936,1.6339922903213233,0.0,True,True
2020-04-24,2836.739990234375,35.93000030517578,37.810001373291016,0.0012168512317685082,490028.59355277027,0.0,490028.59355277027,1.4978121161712148,-96.03147305598365,False,False
2020-04-27,2878.47998046875,33.290000915527344,35.33000183105469,0.0012168512317685082,490033.4946065751,0.0,490033.4946065751,4.901053804858456,0.0,False,False
2020-04-28,2863.389892578125,33.56999969482422,35.369998931884766,0.001115432861117531,490035.1283020697,0.0,490035.1283020697,1.6336954945400008,0.0,False,False
2020-04-29,2939.510009765625,31.229999542236328,33.33000183105469,0.0010140170547777556,490036.6258421256,0.0,490036.6258421256,1.4975400559418452,0.0,False,False
2020-04-30,2912.429931640625,34.150001525878906,35.04999923706055,0.0009126038126204015,490037.98722893745,0.0,490037.98722893745,1.3613868118252754,0.0,False,False
2020-05-01,2830.7099609375,37.189998626708984,37.970001220703125,0.0012168512317685082,490039.21246481297,0.0,490039.21246481297,1.2252358755033872,0.0,False,False
2020-05-04,2842.739990234375,35.970001220703125,37.0,0.001318272166861259,490044.11362482357,0.0,490044.11362482357,4.9011600106186,0.0,False,False
2020-05-05,2868.43994140625,33.61000061035156,35.52000045776367,0.001318272166861259,490045.88352258276,0.0,490045.88352258276,1.769897759213721,0.0,False,False
2020-05-06,2848.419921875,34.119998931884766,35.68000030517578,0.0012168512317685082,490047.6534267343,0.0,490047.6534267343,1.769904151573084,0.0,False,False
2020-05-07,2881.18994140625,31.440000534057617,34.0099983215332,0.001115432861117531,490049.28716943215,0.0,490049.28716943215,1.6337426978454008,0.0,False,False
2020-05-08,2929.800048828125,27.979999542236328,31.63999938964844,0.0012168512317685082,490050.7847527574,0.0,490050.7847527574,1.497583325229693,0.0,False,False
2020-05-11,2930.18994140625,27.56999969482422,30.38999938964844,0.0012168512317685082,490055.68602850905,0.0,490055.68602850905,4.90127575163169,0.0,False,False
2020-05-12,2870.1201171875,33.040000915527344,34.2599983215332,0.001318272166861259,490057.31979798636,0.0,490057.31979798636,1.6337694772910372,0.0,False,False
2020-05-13,2820.0,35.279998779296875,36.5099983215332,0.001318272166861259,490059.0897434425,0.0,490059.0897434425,1.7699454560957746,0.0,False,False
2020-05-14,2852.5,32.61000061035156,34.900001525878906,0.0012168512317685082,490060.8596952911,0.0,490060.8596952911,1.769951848627405,0.0,False,False
2020-05-15,2863.699951171875,31.88999938964844,34.5099983215332,0.0012168512317685082,490062.4934820166,0.0,490062.4934820166,1.6337867254918337,0.0,False,False
2020-05-18,2953.909912109375,29.299999237060547,31.770000457763672,0.001318272166861259,490067.39487487386,0.0,490067.39487487386,4.9013928572717305,0.0,False,False
2020-05-19,2922.93994140625,30.530000686645508,32.810001373291016,0.001318272166861259,490069.1648567182,0.0,490069.1648567182,1.7699818443626905,0.0,False,False
2020-05-20,2971.610107421875,27.989999771118164,31.11000061035156,0.0012168512317685082,490070.9348449552,0.0,490070.9348449552,1.7699882370257447,0.0,False,False
2020-05-21,2948.510009765625,29.530000686645508,32.380001068115234,0.0012168512317685082,490072.5686652697,0.0,490072.5686652697,1.6338203144746162,0.0,False,False
2020-05-22,2955.449951171875,28.15999984741211,31.540000915527344,0.0012168512317685082,490074.2024910311,0.0,490074.2024910311,1.6338257613775646,0.0,False,False
2020-05-26,2991.77001953125,28.010000228881836,30.850000381469727,0.0014196956665245841,490080.7378485459,0.0,490080.7378485459,6.535357514822179,0.0,False,False
2020-05-27,3036.1298828125,27.6200008392334,30.190000534057617,0.0015211217308890748,490082.64405910176,0.0,490082.64405910176,1.9062105558551492,0.0,False,False
2020-05-28,3029.72998046875,28.59000015258789,31.209999084472656,0.0015211217308890748,490084.68646160356,0.0,490084.68646160356,2.0424025018108525,0.0,False,False
2020-05-29,3044.31005859375,27.510000228881836,30.270000457763672,0.0014196956665245841,490086.728872617,0.0,490086.728872617,2.0424110134527766,0.0,False,False
2020-06-01,3055.72998046875,28.229999542236328,30.920000076293945,0.0014196956665245841,490092.44759643584,0.0,490092.44759643584,5.7187238188237375,0.0,False,False
2020-06-02,3080.820068359375,26.84000015258789,29.93000030517578,0.0015211217308890748,490094.35385253775,0.0,490094.35385253775,1.9062561019117688,0.0,False,False
2020-06-03,3122.8701171875,25.65999984741211,28.90999984741211,0.0016225503600835508,490096.39630383975,0.0,490096.39630383975,2.0424513019707833,0.0,False,False
2020-06-04,3112.35009765625,25.809999465942383,28.850000381469727,0.0015211217308890748,490098.57495548844,0.0,490098.57495548844,2.1786516486885845,0.0,False,False
2020-06-05,3193.929931640625,24.520000457763672,27.420000076293945,0.0015211217308890748,490100.6174243817,0.0,490100.6174243817,2.0424688932716206,0.0,False,False
2020-06-08,3232.389892578125,25.809999465942383,28.079999923706055,0.001723981554238624,490106.7448821333,0.0,490106.7448821333,6.127457751604037,0.0,False,False
2020-06-09,3207.179931640625,27.56999969482422,29.670000076293945,0.0019268516379477108,490109.0597779777,0.0,490109.0597779777,2.3148958443748606,0.0,False,False
2020-06-10,3190.139892578125,27.56999969482422,29.56999969482422,0.001723981554238624,490111.64709287434,0.0,490111.64709287434,2.5873148966470048,0.0,False,False
2020-06-11,3002.10009765625,40.790000915527344,40.43000030517578,0.001723981554238624,490307.73417532974,-363.7721634566748,489943.9620118731,2.3149189987333574,0.0,True,True
2020-06-12,3041.31005859375,36.09000015258789,38.04999923706055,0.0016225503600835508,490310.0500204964,-255.30462363919736,490054.7453968572,2.3158451667101327,0.0,True,False
2020-06-15,3066.590087890625,34.400001525878906,36.43000030517578,0.0018254153134831337,490316.58885380864,-188.68100983296893,490127.9078439757,6.538833312238503,0.0,True,False
2020-06-16,3124.739990234375,33.66999816894531,35.79999923706055,0.001723981554238624,490319.0410007891,-202.90204096001779,490116.13895982906,2.4521469804269422,0.0,True,False
2020-06-17,3113.489990234375,33.470001220703125,35.720001220703125,0.001723981554238624,490321.3568993607,-174.78643613123552,490146.5704632295,2.315898571654142,0.0,True,False
2020-06-18,3115.340087890625,32.939998626708984,35.13999938964844,0.0016225503600835508,490323.67280887096,-154.1945481443576,490169.4782607266,2.3159095102181086,0.0,True,False
2020-06-19,3097.739990234375,35.119998931884766,36.68000030517578,0.0015211217308890748,490325.852470844,-168.49088740882786,490157.36158343515,2.179661973057686,0.0,True,False
2020-06-22,3117.860107421875,31.770000457763672,33.75,0.0016225503600835508,490331.9827445852,-106.94700592976878,490225.0357386554,6.130273741183139,0.0,True,False
2020-06-23,3131.2900390625,31.3700008392334,33.060001373291016,0.0016225503600835508,490334.16244349885,-102.40530143548708,490231.75714206335,2.179698913658108,0.0,True,False
2020-06-24,3050.330078125,33.84000015258789,35.38999938964844,0.0015211217308890748,490226.53637191665,0.0,490226.53637191665,2.179708603189938,83.96638327126134,False,False
2020-06-25,3083.760009765625,32.220001220703125,34.09000015258789,0.0016225503600835508,490228.5793740847,0.0,490228.5793740847,2.043002168057448,0.0,False,False
2020-06-26,3009.050048828125,34.72999954223633,35.79999923706055,0.0014196956665245841,490230.75861333386,0.0,490230.75861333386,2.179239249140434,0.0,False,False
2020-06-29,3053.239990234375,31.780000686645508,33.90999984741211,0.0014196956665245841,490236.4790178069,0.0,490236.4790178069,5.720404473002542,0.0,False,False
2020-06-30,3100.2900390625,30.43000030517578,32.52000045776367,0.0016225503600835508,490238.3858341312,0.0,490238.3858341312,1.9068163243294005,0.0,False,False
2020-07-01,3115.860107421875,28.6200008392334,31.68000030517578,0.0014196956665245841,490240.56511697354,0.0,490240.56511697354,2.1792828423202844,0.0,False,False
2020-07-02,3130.010009765625,27.68000030517578,30.8700008392334,0.0014196956665245841,490242.47194919107,0.0,490242.47194919107,1.9068322175583365,0.0,False,False
2020-07-06,3179.719970703125,27.940000534057617,30.979999542236328,0.0015211217308890748,490250.0993522295,0.0,490250.0993522295,7.627403038454643,0.0,False,False
2020-07-07,3145.320068359375,29.43000030517578,32.06999969482422,0.0015211217308890748,491039.00216389616,-956.8597113007219,490082.14245259546,2.0431003659645244,0.0,True,False
2020-07-08,3169.93994140625,28.079999923706055,31.190000534057617,0.0015211217308890748,491041.0485519874,-896.5894584923366,490144.45909349504,2.046388091199779,0.0,True,False
2020-07-09,3152.050048828125,29.260000228881836,32.060001373291016,0.001318272166861259,491043.09494860686,-897.6361512090126,490145.45879739785,2.0463966194515097,0.0,True,False
2020-07-10,3185.0400390625,27.290000915527344,31.020000457763672,0.001318272166861259,491044.868454398,-828.1994776025603,490216.66897679545,1.773505791138402,0.0,True,False
2020-07-13,3155.219970703125,32.189998626708984,34.540000915527344,0.0014196956665245841,491050.18901020393,-978.8021260566485,490071.3868841473,5.320555805933029,0.0,True,False
2020-07-14,3197.52001953125,29.520000457763672,32.560001373291016,0.0015211217308890748,491052.0989915222,-873.1633582239841,490178.93563329824,1.909981318292888,0.0,True,False
2020-07-15,3226.56005859375,27.760000228881836,31.559999465942383,0.0016225503600835508,491054.145434194,-812.5385880396227,490241.6068461544,2.0464426717768176,0.0,True,False
2020-07-16,3215.570068359375,28.0,31.549999237060547,0.001115432861117531,491056.328343376,-742.4809863700676,490313.8473570059,2.182909181977164,0.0,True,False
2020-07-17,3224.72998046875,25.68000030517578,30.3700008392334,0.001115432861117531,491057.8290042041,-577.9244171278282,490479.9045870762,1.500660828063396,0.0,True,False
2020-07-20,3251.840087890625,24.459999084472656,29.100000381469727,0.001318272166861259,491062.3310142043,-456.10614244603084,490606.22487175826,4.502010000219616,0.0,True,False
2020-07-21,3257.300048828125,24.84000015258789,29.469999313354492,0.001318272166861259,491064.10458947055,-457.55572536260047,490606.5488641079,1.7735752662498265,0.0,True,False
2020-07-22,3276.02001953125,24.31999969482422,29.049999237060547,0.001318272166861259,491065.8781711424,-444.87459377835876,490621.0035773641,1.7735816718912827,0.0,True,False
2020-07-23,3235.659912109375,26.079999923706055,30.25,0.0012168512317685082,490669.2683515598,0.0,490669.2683515598,1.7735880775558739,388.47630364052867,False,False
2020-07-24,3215.6298828125,25.84000015258789,30.559999465942383,0.001115432861117531,490670.9041666252,0.0,490670.9041666252,1.6358150653737502,0.0,False,False
2020-07-27,3239.409912109375,24.739999771118164,30.0,0.001115432861117531,490675.4026293049,0.0,490675.4026293049,4.498462679750974,0.0,False,False
2020-07-28,3218.43994140625,25.440000534057617,30.100000381469727,0.001115432861117531,490676.90212602966,0.0,490676.90212602966,1.4994967247528104,0.0,False,False
2020-07-29,3258.43994140625,24.100000381469727,29.290000915527344,0.001115432861117531,490678.40162733686,0.0,490678.40162733686,1.4995013071924752,0.0,False,False
2020-07-30,3246.219970703125,24.760000228881836,29.760000228881836,0.0009126038126204015,490679.9011332265,0.0,490679.9011332265,1.499505889646144,0.0,False,False
2020-07-31,3271.1201171875,24.459999084472656,29.709999084472656,0.0009126038126204015,490681.12797407137,0.0,490681.12797407137,1.2268408448425336,0.0,False,False
2020-08-03,3294.610107421875,24.280000686645508,29.65999984741211,0.0010140170547777556,490684.8085150105,0.0,490684.8085150105,3.680540939179792,0.0,False,False
2020-08-04,3306.510009765625,23.760000228881836,29.09000015258789,0.0009126038126204015,491743.3207104667,-1227.1490079068644,490516.17170255986,1.363187549353828,0.0,True,False
2020-08-05,3327.77001953125,22.989999771118164,28.600000381469727,0.0010140170547777556,491744.55021016626,-1186.7812557058858,490557.7689544604,1.2294996995654401,0.0,True,False
2020-08-06,3349.159912109375,22.649999618530273,28.200000762939453,0.0010140170547777556,491745.91634181875,-1185.2352987950712,490560.6810430237,1.366131652491521,0.0,True,False
2020-08-07,3351.280029296875,22.209999084472656,28.280000686645508,0.0010140170547777556,491747.28247726656,-1119.84651127642,490627.4359659901,1.3661354477866416,0.0,True,False
2020-08-10,3360.469970703125,22.1299991607666,28.049999237060547,0.001115432861117531,491751.3809063817,-978.0019127831271,490773.37899359857,4.098429115155741,0.0,True,False
2020-08-11,3333.68994140625,24.030000686645508,29.170000076293945,0.001115432861117531,491752.88369128003,-986.9177254637794,490765.9659658162,1.502784898347281,0.0,True,False
2020-08-12,3380.35009765625,22.280000686645508,28.1200008392334,0.001115432861117531,491754.3864807709,-971.7734930205456,490782.6129877503,1.502789490835555,0.0,True,False
2020-08-13,3373.429931640625,22.1299991607666,28.170000076293945,0.0010140170547777556,491755.8892748542,-866.3763954181281,490889.5128794361,1.5027940833378641,0.0,True,False
2020-08-14,3372.85009765625,22.049999237060547,28.3700008392334,0.0010140170547777556,491757.2554380081,-801.6492007884882,490955.60623721965,1.366163153918783,0.0,True,False
2020-08-17,3381.989990234375,21.350000381469727,27.450000762939453,0.0010140170547777556,491761.3539502421,-582.3140881397666,491179.03986210236,4.098512234013993,0.0,True,False
2020-08-18,3389.780029296875,21.510000228881836,27.350000381469727,0.0009126038126204015,491762.7201285776,-566.1952693348826,491196.5248592427,1.3661783355125898,0.0,True,False
2020-08-19,3374.85009765625,22.540000915527344,28.11000061035156,0.001115432861117531,491763.9496767813,-539.1334185631524,491224.81625821814,1.2295482036889016,0.0,True,False
2020-08-20,3385.510009765625,22.719999313354492,28.1299991607666,0.001115432861117531,491765.45250008965,-534.3337590177003,491231.11874107196,1.5028233083224851,0.0,True,False
2020-08-21,3397.159912109375,22.540000915527344,28.170000076293945,0.0010140170547777556,491256.6941729524,0.0,491256.6941729524,1.50282790092814,546.8878528686897,False,False
2020-08-24,3431.280029296875,22.3700008392334,28.100000381469727,0.0012168512317685082,491260.78851329786,0.0,491260.78851329786,4.0943403454530864,0.0,False,False
2020-08-25,3443.6201171875,22.030000686645508,27.90999984741211,0.001115432861117531,491262.4263003995,0.0,491262.4263003995,1.6377871016402443,0.0,False,False
2020-08-26,3478.72998046875,23.270000457763672,28.700000762939453,0.001115432861117531,491263.9275910598,0.0,491263.9275910598,1.5012906603514604,0.0,False,False
2020-08-27,3484.550048828125,24.469999313354492,29.93000030517578,0.001115432861117531,491265.4288863081,0.0,491265.4288863081,1.5012952482733657,0.0,False,False
2020-08-28,3508.010009765625,22.959999084472656,29.6200008392334,0.0010140170547777556,491266.9301861443,0.0,491266.9301861443,1.5012998362092917,0.0,False,False
2020-08-31,3500.31005859375,26.40999984741211,31.850000381469727,0.001115432861117531,491271.024611801,0.0,491271.024611801,4.094425656701331,0.0,False,False
2020-09-01,3526.64990234375,26.1200008392334,32.099998474121094,0.0012168512317685082,492372.25327770074,-1269.727348963038,491102.5259287377,1.5013169366630832,0.0,True,False
2020-09-02,3580.840087890625,26.56999969482422,32.66999816894531,0.0012168512317685082,492373.8947702531,-1485.711239530234,490888.18353072286,1.6414925523858157,0.0,True,False
2020-09-03,3455.06005859375,33.599998474121094,37.630001068115234,0.001115432861117531,492375.53626827797,-1649.8438036906111,490725.69246458734,1.6414980248668127,0.0,True,False
2020-09-04,3426.9599609375,30.75,34.75,0.001115432861117531,492377.0409605858,-1273.8016676485774,491103.2392929372,1.504692307840166,0.0,True,False
2020-09-08,3331.840087890625,31.459999084472656,34.310001373291016,0.001318272166861259,492383.05977580044,-1133.8490836114051,491249.21069218905,6.018815214626897,0.0,True,False
2020-09-09,3398.9599609375,28.809999465942383,32.119998931884766,0.0012168512317685082,492384.83812115743,-871.9793136645894,491512.8588074928,1.7783453569634715,0.0,True,False
2020-09-10,3339.18994140625,29.709999084472656,32.91999816894531,0.0012168512317685082,492386.47965566575,-945.957000554019,491440.52265511174,1.6415345082975665,0.0,True,False
2020-09-11,3340.969970703125,26.8700008392334,31.1299991607666,0.001115432861117531,492388.12119564664,-760.7190342081984,491627.4021614384,1.6415399809184383,0.0,True,False
2020-09-14,3383.5400390625,25.850000381469727,30.479999542236328,0.001115432861117531,492603.89260151255,-945.5191102316111,491658.37349128095,4.514206096881456,535.4654385004728,True,False
2020-09-15,3401.199951171875,25.59000015258789,30.270000457763672,0.001115432861117531,492605.39799167396,-911.2809943399658,491694.116997334,1.5053901613945257,0.0,True,False
2020-09-16,3385.489990234375,26.040000915527344,30.56999969482422,0.0012168512317685082,492606.9033864358,-837.0863007216134,491769.8170857142,1.5053947618444452,0.0,True,False
2020-09-17,3357.010009765625,26.459999084472656,30.75,0.0009126038126204015,492608.5456612752,-746.3947478972915,491862.15091337793,1.6422748393716096,0.0,True,False
2020-09-18,3319.469970703125,25.829999923706055,30.459999084472656,0.0010140170547777556,492609.77732428594,-605.5268970408493,492004.2504272451,1.231663010732613,0.0,True,False
2020-09-21,3281.06005859375,27.780000686645508,31.63999938964844,0.0010140170547777556,492613.8829417967,-605.6521460603454,492008.2307957363,4.105617510737489,0.0,True,False
2020-09-22,3315.570068359375,26.86000061035156,31.670000076293945,0.0010140170547777556,492615.25148857094,-451.84387331127056,492163.4076152597,1.3685467742467488,0.0,True,False
2020-09-23,3236.919921875,28.579999923706055,33.279998779296875,0.001115432861117531,492616.6200391472,-597.7294139394836,492018.89062520774,1.3685505762513983,0.0,True,False
2020-09-24,3246.590087890625,28.510000228881836,33.060001373291016,0.0010140170547777556,492618.12546820345,-524.2615585828081,492093.8639096206,1.5054290562544381,0.0,True,False
2020-09-25,3298.4599609375,26.3799991607666,32.029998779296875,0.0010140170547777556,492331.0015889035,0.0,492331.0015889035,1.3685585605484136,487.0266723711182,False,False
2020-09-28,3351.60009765625,26.190000534057617,31.739999771118164,0.001115432861117531,492335.10488297977,0.0,492335.10488297977,4.103294076259652,0.0,False,False
2020-09-29,3335.469970703125,26.270000457763672,31.09000015258789,0.0009126038126204015,492336.6094517299,0.0,492336.6094517299,1.5045687501286789,0.0,False,False
2020-09-30,3363.0,26.3700008392334,31.63999938964844,0.0010140170547777556,492337.84043482196,0.0,492337.84043482196,1.2309830920151532,0.0,False,False
2020-10-01,3380.800048828125,26.700000762939453,31.719999313354492,0.0009126038126204015,492339.2082147135,0.0,492339.2082147135,1.3677798915104784,0.0,False,False
2020-10-02,3348.419921875,27.6299991607666,32.38999938964844,0.0009126038126204015,492340.43920430314,0.0,492340.43920430314,1.2309895896698706,0.0,False,False
2020-10-05,3408.60009765625,27.959999084472656,31.280000686645508,0.0010140170547777556,492344.13219153904,0.0,492344.13219153904,3.692987235899872,0.0,False,False
2020-10-06,3360.969970703125,29.479999542236328,31.8799991607666,0.0010140170547777556,493225.31370419194,-1049.8137152820607,492175.49998890987,1.3677973708460345,0.0,True,False
2020-10-07,3419.43994140625,28.059999465942383,30.700000762939453,0.0010140170547777556,493226.683949602,-1074.7684302137077,492151.9155193883,1.3702454100881796,0.0,True,False
2020-10-08,3446.830078125,26.36000061035156,29.489999771118164,0.0009126038126204015,493228.0541988188,-996.5209072783854,492231.5332915404,1.3702492168118647,0.0,True,False
2020-10-09,3477.139892578125,25.0,28.280000686645508,0.0010140170547777556,493229.28741077904,-958.5696831016595,492270.7177276774,1.2332119602123692,0.0,True,False
2020-10-12,3534.219970703125,25.06999969482422,27.979999542236328,0.0010140170547777556,493233.39819154795,-1129.9547987788844,492103.4433927691,4.1107807689111295,0.0,True,False
2020-10-13,3511.929931640625,26.06999969482422,28.350000381469727,0.001115432861117531,493234.7684594178,-1035.0303842912542,492199.73807512654,1.3702678698674826,0.0,True,False
2020-10-14,3488.669921875,26.399999618530273,28.239999771118164,0.0012168512317685082,493236.27577752643,-889.9446959094025,492346.33108161704,1.5073181086231526,0.0,True,False
2020-10-15,3483.340087890625,26.969999313354492,28.719999313354492,0.001115432861117531,493237.92015059554,-874.5757664114184,492363.3443841841,1.6443730690865765,0.0,True,False
2020-10-16,3483.81005859375,27.40999984741211,29.209999084472656,0.001115432861117531,493239.4274783357,-876.1092355315658,492363.3182428041,1.5073277401444662,0.0,True,False
2020-10-19,3426.919921875,29.18000030517578,30.399999618530273,0.001115432861117531,493243.9494891944,-671.7192929800422,492572.23019621434,4.522010858706937,0.0,True,False
2020-10-20,3443.1201171875,29.350000381469727,30.11000061035156,0.0010140170547777556,493245.4568353601,-694.7641714026179,492550.6926639575,1.5073461657134533,0.0,True,False
2020-10-21,3435.56005859375,28.649999618530273,29.61000061035156,0.0010140170547777556,493246.8271367305,-578.9146620588372,492667.91247467167,1.3703013703810945,0.0,True,False
2020-10-22,3453.489990234375,28.11000061035156,29.299999237060547,0.0009126038126204015,493248.1974419077,-556.5035403355171,492691.6939015722,1.3703051772602448,0.0,True,False
2020-10-23,3465.389892578125,27.549999237060547,28.989999771118164,0.0010140170547777556,493249.43070423184,-515.0013453416182,492734.4293588902,1.233262324112158,0.0,True,False
2020-10-26,3400.969970703125,32.459999084472656,32.06999969482422,0.001115432861117531,493253.54165288346,-557.6342631246479,492695.9073897588,4.110948651608815,0.0,True,True
2020-10-27,3390.679931640625,33.349998474121094,32.720001220703125,0.0010140170547777556,493255.0490283627,-552.9812727311156,492702.0677556316,1.507375479222869,0.0,True,True
2020-10-28,3271.030029296875,40.279998779296875,37.75,0.0010140170547777556,493256.41935638146,-791.5722544739384,492464.84710190754,1.3703280187668712,0.0,True,True
2020-10-29,3310.110107421875,37.59000015258789,35.84000015258789,0.0009126038126204015,493257.7896882072,-612.5148444277573,492645.27484377945,1.3703318257200545,0.0,True,True
2020-10-30,3269.9599609375,38.02000045776367,36.27000045776367,0.0009126038126204015,492674.1325922868,0.0,492674.1325922868,1.2332863074860987,294.9233330541457,False,True
2020-11-02,3310.239990234375,37.130001068115234,35.060001373291016,0.0009126038126204015,492677.8280825172,0.0,492677.8280825172,3.6954902304223602,0.0,False,True
2020-11-03,3369.159912109375,35.54999923706055,33.52000045776367,0.0010140170547777556,493405.03574584005,-895.9758270861319,492509.0599187539,1.2318362367074551,0.0,True,True
2020-11-04,3443.43994140625,29.56999969482422,29.979999542236328,0.0010140170547777556,493406.4064905418,-675.7985910980767,492730.60789944377,1.3707447017827004,0.0,True,False
2020-11-05,3510.449951171875,27.579999923706055,29.049999237060547,0.0010140170547777556,493407.7772390517,-735.0356518206797,492672.74158723105,1.3707485098934844,0.0,True,False
2020-11-06,3509.43994140625,24.86000061035156,27.3700008392334,0.0010140170547777556,493409.1479913697,-523.4391114596707,492885.70887991006,1.3707523180148478,0.0,True,False
2020-11-09,3550.5,25.75,26.8799991607666,0.001115432861117531,493413.2602711725,-601.4428929065476,492811.81737826596,4.112279802797902,0.0,True,False
2020-11-10,3545.530029296875,24.799999237060547,26.489999771118164,0.0010140170547777556,493414.76813474944,-496.8696963602841,492917.8984383892,1.5078635769423046,0.0,True,False
2020-11-11,3572.659912109375,23.450000762939453,25.6200008392334,0.0010140170547777556,493416.13890648907,-474.22014874937616,492941.9187577397,1.370771739651321,0.0,True,False
2020-11-12,3537.010009765625,25.350000381469727,27.219999313354492,0.0010140170547777556,493417.5096820369,-455.70975088143257,492961.79993115546,1.3707755478372197,0.0,True,False
2020-11-13,3585.14990234375,23.100000381469727,25.690000534057617,0.0009126038126204015,493418.8804613929,-442.65944124721585,492976.2210201457,1.370779356033698,0.0,True,False
2020-11-16,3626.909912109375,22.450000762939453,25.350000381469727,0.0009126038126204015,493422.5815378888,-464.5793822764317,492958.00215561234,3.701076495850846,0.0,True,False
2020-11-17,3609.530029296875,22.709999084472656,25.3799991607666,0.0009126038126204015,493423.8152362233,-380.81872582955424,493042.99651039374,1.2336983344951928,0.0,True,False
2020-11-18,3567.7900390625,23.84000015258789,26.38999938964844,0.0009126038126204015,493823.1625295487,-871.1133203256214,492952.04920922307,1.2337014190957714,422.9760986668308,True,False
2020-11-19,3581.8701171875,23.11000061035156,25.799999237060547,0.0007097850203325396,493824.3972294509,-776.6510229159582,493047.7462065349,1.2346999021589606,0.0,True,False
2020-11-20,3557.5400390625,23.700000762939453,26.059999465942383,0.0007097850203325396,493825.3575294526,-718.6214681730081,493106.7360612796,0.9603000016972847,0.0,True,False
2020-11-23,3577.590087890625,22.65999984741211,25.43000030517578,0.0008111931345149166,493828.23844066233,-494.6022404466862,493333.63620021567,2.880911209754613,0.0,True,False
2020-11-24,3635.409912109375,21.63999938964844,24.84000015258789,0.0009126038126204015,493829.3359489413,-503.69626393881674,493325.6396850025,1.0975082789482886,0.0,True,False
2020-11-25,3629.64990234375,21.25,24.420000076293945,0.0009126038126204015,493830.57066427876,-390.2940624284827,493440.2766018503,1.2347153374825712,0.0,True,False
2020-11-27,3638.35009765625,20.84000015258789,24.43000030517578,0.0009126038126204015,493566.119296746,0.0,493566.119296746,2.469439936405962,434.1925128564772,False,False
2020-11-30,3621.6298828125,20.56999969482422,24.329999923706055,0.0008111931345149166,493569.8214776629,0.0,493569.8214776629,3.7021809168902116,0.0,False,False
2020-12-01,3662.449951171875,20.770000457763672,24.489999771118164,0.0009126038126204015,494560.3509448729,-1159.4325332496499,493400.9184116232,1.0969339603204027,0.0,True,False
2020-12-02,3669.010009765625,21.170000076293945,24.540000915527344,0.0009126038126204015,494561.5874879581,-1166.5567702304645,493395.0307177276,1.2365430851712986,0.0,True,False
2020-12-03,3666.719970703125,21.280000686645508,24.559999465942383,0.0008111931345149166,494562.824034135,-1120.1438469584718,493442.6801871765,1.236546176884572,0.0,True,False
2020-12-04,3699.1201171875,20.790000915527344,24.290000915527344,0.0009126038126204015,494563.92317499325,-1149.094968549092,493414.82820644416,1.0991408582697508,0.0,True,False
2020-12-07,3691.9599609375,21.299999237060547,24.520000457763672,0.0008111931345149166,494567.63284031866,-1017.9856115182862,493549.6472288004,3.7096653254272267,0.0,True,False
2020-12-08,3702.25,20.68000030517578,23.8700008392334,0.0009126038126204015,494568.7319918643,-925.7076585756029,493643.02433328866,1.099151545598234,0.0,True,False
2020-12-09,3672.820068359375,22.270000457763672,24.729999542236328,0.0008111931345149166,494569.96855590446,-938.9413010456924,493631.02725485875,1.2365640401986961,0.0,True,False
2020-12-10,3668.10009765625,22.520000457763672,25.049999237060547,0.0008111931345149166,494571.0677126411,-907.906443932173,493663.16126870894,1.099156736607968,0.0,True,False
2020-12-11,3663.4599609375,23.309999465942383,26.049999237060547,0.0008111931345149166,494572.1668718205,-943.0358660124302,493629.13100580807,1.0991591794282127,0.0,True,False
2020-12-14,3647.489990234375,24.719999313354492,27.11000061035156,0.0009126038126204015,494575.4643640156,-892.6163766443854,493682.8479873712,3.2974921950751357,0.0,True,False
2020-12-15,3694.6201171875,22.88999938964844,25.8700008392334,0.0008111931345149166,494576.7009448887,-775.9403731379069,493800.7605717508,1.236580873064927,0.0,True,False
2020-12-16,3701.169921875,22.5,25.469999313354492,0.0009126038126204015,494577.8001165877,-698.2698147282593,493879.5303018595,1.0991716990019182,0.0,True,False
2020-12-17,3722.47998046875,21.93000030517578,25.149999618530273,0.0008111931345149166,494579.03670330084,-656.2309514347862,493922.8057518661,1.2365867131179886,0.0,True,False
2020-12-18,3709.409912109375,21.56999969482422,25.170000076293945,0.0008111931345149166,494580.13588019094,-514.7124965708687,494065.42338362004,1.0991768901068315,0.0,True,False
2020-12-21,3694.919921875,25.15999984741211,27.579999923706055,0.0009126038126204015,494583.4334255183,-648.2532330410737,493935.1801924772,3.297545327347156,0.0,True,False
2020-12-22,3687.260009765625,24.229999542236328,27.25,0.0009126038126204015,494107.13623839617,0.0,494107.13623839617,1.2366007980101386,511.89874532948465,False,False
2020-12-23,3690.010009765625,23.309999465942383,26.260000228881836,0.0009126038126204015,494108.37164831423,0.0,494108.37164831423,1.2354099180859854,0.0,False,False
2020-12-24,3703.06005859375,21.530000686645508,25.3700008392334,0.0009126038126204015,494109.6070613212,0.0,494109.6070613212,1.2354130069660152,0.0,False,False
2020-12-28,3735.360107421875,21.700000762939453,25.149999618530273,0.001115432861117531,494114.5487442379,0.0,494114.5487442379,4.941682916696016,0.0,False,False
2020-12-29,3727.0400390625,23.079999923706055,26.239999771118164,0.0010140170547777556,494116.058750942,0.0,494116.058750942,1.5100067040744851,0.0,False,False
2020-12-30,3732.0400390625,22.770000457763672,25.440000534057617,0.0008111931345149166,494117.4314709601,0.0,494117.4314709601,1.372720018097857,0.0,False,False
2020-12-31,3756.070068359375,22.75,25.280000686645508,0.0009126038126204015,494118.52962195594,0.0,494118.52962195594,1.0981509958288949,0.0,False,False
2021-01-04,3700.64990234375,26.969999313354492,28.260000228881836,0.0009126038126204015,494123.47139410884,0.0,494123.47139410884,4.941772152899547,0.0,False,False
2021-01-05,3726.860107421875,25.34000015258789,27.25,0.0009126038126204015,495078.7960393336,-1124.0891944640725,493954.70684486954,1.2354507606723413,0.0,True,False
2021-01-06,3748.139892578125,25.06999969482422,26.790000915527344,0.0009126038126204015,495080.0338786806,-1107.4572202060426,493972.5766584746,1.2378393469831719,0.0,True,False
2021-01-07,3803.7900390625,22.3700008392334,25.020000457763672,0.0009126038126204015,495081.27172112255,-1004.8787954668786,494076.3929256557,1.2378424419374725,0.0,True,False
2021-01-08,3824.679931640625,21.559999465942383,24.899999618530273,0.0008111931345149166,495082.50956665946,-996.0115995616821,494086.4979670978,1.2378455368995114,0.0,True,False
2021-01-11,3799.610107421875,24.079999923706055,26.700000762939453,0.0008111931345149166,495085.81046149455,-1012.5768076667658,494073.2336538278,3.300894835105789,0.0,True,False
2021-01-12,3801.18994140625,23.329999923706055,26.200000762939453,0.0009126038126204015,495086.9107646637,-893.2425510842439,494193.66821357945,1.100303169148564,0.0,True,False
2021-01-13,3809.840087890625,22.209999084472656,25.549999237060547,0.0009126038126204015,495088.14862429985,-771.269329641338,494316.8792946585,1.2378596361298368,0.0,True,False
2021-01-14,3795.5400390625,23.25,26.31999969482422,0.0009126038126204015,495089.386487031,-773.2187554145344,494316.1677316165,1.237862731134866,0.0,True,False
2021-01-15,3768.25,24.34000015258789,27.260000228881836,0.0009126038126204015,495090.6243528572,-743.7965493803023,494346.8278034769,1.2378658261476339,0.0,True,False
2021-01-19,3798.909912109375,23.239999771118164,26.690000534057617,0.0009126038126204015,495095.57584711193,-547.4112077650562,494548.1646393469,4.951494254749933,0.0,True,False
2021-01-20,3851.85009765625,21.579999923706055,25.719999313354492,0.0008111931345149166,495096.81372841325,-533.3163495198053,494563.49737889343,1.237881301327549,0.0,True,False
2021-01-21,3853.070068359375,21.31999969482422,25.700000762939453,0.0009126038126204015,494627.646634873,0.0,494627.646634873,1.1003276233526753,483.8217733004779,False,False
2021-01-22,3841.469970703125,21.90999984741211,25.989999771118164,0.0008111931345149166,494628.88334621675,0.0,494628.88334621675,1.2367113437467638,0.0,False,False
2021-01-25,3855.360107421875,23.190000534057617,26.8799991607666,0.0009126038126204015,494632.1812165612,0.0,494632.1812165612,3.297870344401323,0.0,False,False
2021-01-26,3849.6201171875,23.020000457763672,26.88999938964844,0.0007097850203325396,494633.4179392427,0.0,494633.4179392427,1.2367226815048755,0.0,False,False
2021-01-27,3750.77001953125,37.209999084472656,35.72999954223633,0.0008111931345149166,494634.37981248094,0.0,494634.37981248094,0.9618732382432005,0.0,False,True
2021-01-28,3787.3798828125,30.209999084472656,31.770000457763672,0.0007097850203325396,494635.4791123683,0.0,494635.4791123683,1.0992998873673765,0.0,False,False
2021-01-29,3714.239990234375,33.09000015258789,33.880001068115234,0.0006083794699427381,494636.44098961476,0.0,494636.44098961476,0.9618772464383548,0.0,False,False
2021-02-01,3773.860107421875,30.239999771118164,32.529998779296875,0.0007097850203325396,494638.9143655722,0.0,494638.9143655722,2.473375957465835,0.0,False,False
2021-02-02,3826.31005859375,25.559999465942383,29.36000061035156,0.0007097850203325396,495724.7139169237,-1254.837667424731,494469.8762494989,0.9618839266948914,0.0,True,False
2021-02-03,3830.169921875,22.90999984741211,27.56999969482422,0.00040557606002412504,495725.67791231617,-960.8120793403618,494764.86583297583,0.9639953924646177,0.0,True,False
2021-02-04,3871.739990234375,21.770000457763672,26.790000915527344,0.00040557606002412504,495726.22874677915,-929.9764824583395,494796.2522643208,0.5508344629910942,0.0,True,False
2021-02-05,3886.830078125,20.8700008392334,26.520000457763672,0.00030417820023607886,495726.77958185424,-865.1285124136099,494861.65106944065,0.5508350750606704,0.0,True,False
2021-02-08,3915.590087890625,21.239999771118164,26.649999618530273,0.000506976483216771,495728.01894734567,-850.9659421391138,494877.0530052066,1.2393654914122945,0.0,True,False
2021-02-09,3911.22998046875,21.6299991607666,27.11000061035156,0.00040557606002412504,495728.707502475,-825.6497644582954,494903.0577380167,0.6885551293340471,0.0,True,False
2021-02-10,3909.8798828125,21.989999771118164,27.489999771118164,0.000506976483216771,495729.25834030437,-805.0577672746773,494924.2005730297,0.550837829374444,0.0,True,False
2021-02-11,3916.3798828125,21.25,27.219999313354492,0.000506976483216771,495729.9468971552,-708.6732808023601,495021.2736163528,0.6885568508231426,0.0,True,False
2021-02-12,3934.830078125,19.969999313354492,26.5,0.00040557606002412504,495730.63545496244,-604.48720515319,495126.1482498092,0.6885578072132059,0.0,True,False
2021-02-16,3932.590087890625,21.459999084472656,27.549999237060547,0.00040557606002412504,496055.1194482236,-998.1269176151035,495056.9925306085,2.203363559242938,578.991379511491,True,False
2021-02-17,3931.330078125,21.5,27.520000457763672,0.00040557606002412504,496055.6706487515,-908.188421242274,495147.4822275092,0.5512005278523754,0.0,True,False
2021-02-18,3913.969970703125,22.489999771118164,27.86000061035156,0.00030417820023607886,496056.2218498918,-899.9667101729632,495156.2551397189,0.5512011403287113,0.0,True,False
2021-02-19,3906.7099609375,22.049999237060547,27.09000015258789,0.00040557606002412504,496056.63524592377,-755.2476719938343,495301.3875739299,0.4133960319454489,0.0,True,False
2021-02-22,3876.5,23.450000762939453,27.809999465942383,0.00030417820023607886,496058.28885439783,-657.9430854711023,495400.3457689267,1.6536084740517802,0.0,True,False
2021-02-23,3881.3701171875,23.11000061035156,27.1200008392334,0.00040557606002412504,496058.7022521524,-570.1974297732174,495488.50482237915,0.41339775451523664,0.0,True,False
2021-02-24,3925.429931640625,21.34000015258789,25.88999938964844,0.00030417820023607886,495686.292673133,0.0,495686.292673133,0.551204508949111,455.16613408680126,False,False
2021-02-25,3829.340087890625,28.88999938964844,30.239999771118164,0.00040557606002412504,495686.70576087886,0.0,495686.70576087886,0.41308774581368213,0.0,False,False
2021-02-26,3811.14990234375,27.950000762939453,29.600000381469727,0.00040557606002412504,495687.25655203726,0.0,495687.25655203726,0.5507911583872274,0.0,False,False
2021-03-01,3901.820068359375,23.350000381469727,26.780000686645508,0.000506976483216771,495688.9089291847,0.0,495688.9089291847,1.6523771474351288,0.0,False,False
2021-03-02,3870.2900390625,24.100000381469727,27.15999984741211,0.00040557606002412504,496726.33745879174,-1206.740028800623,495519.5974299911,0.688500806393677,0.0,True,False
2021-03-03,3819.719970703125,26.670000076293945,28.790000915527344,0.000506976483216771,496726.8894051555,-1285.36120297769,495441.5282021778,0.551946363762991,0.0,True,False
2021-03-04,3768.469970703125,28.56999969482422,30.079999923706055,0.00040557606002412504,496727.57934769354,-1343.03562079286,495384.54372690065,0.6899425380561234,0.0,True,False
2021-03-05,3841.93994140625,24.65999984741211,27.88999938964844,0.00040557606002412504,496728.1312954372,-1072.9737914048587,495655.15750403237,0.5519477437100803,0.0,True,False
2021-03-08,3821.35009765625,25.469999313354492,28.1299991607666,0.000506976483216771,496729.78714234836,-963.7290745358105,495766.0580678125,1.655846911114954,0.0,True,False
2021-03-09,3875.43994140625,24.030000686645508,27.280000686645508,0.000506976483216771,496730.4770889113,-897.7174781624218,495832.75961074885,0.6899465629482646,0.0,True,False
2021-03-10,3898.81005859375,22.559999465942383,26.68000030517578,0.00040557606002412504,496731.16703643254,-783.9296542306317,495947.2373822019,0.689947521268607,0.0,True,False
2021-03-11,3939.340087890625,21.90999984741211,26.09000015258789,0.00040557606002412504,496731.71898816276,-796.4009134500986,495935.31807471265,0.5519517302346603,0.0,True,False
2021-03-12,3943.340087890625,20.690000534057617,25.739999771118164,0.00040557606002412504,496732.2709405063,-649.3741956260254,496082.8967448803,0.551952343545708,0.0,True,False
2021-03-15,3968.93994140625,20.030000686645508,24.88999938964844,0.00040557606002412504,497071.1579712002,-1024.866857320693,496046.2911138795,1.6558607106525056,519.1043414631548,True,False
2021-03-16,3962.7099609375,19.790000915527344,24.709999084472656,0.00020278290372213926,497071.71030071744,-892.8444159740014,496178.86588474346,0.5523295172493722,0.0,True,False
2021-03-17,3974.1201171875,19.229999542236328,23.8799991607666,0.00020278290372213926,497071.986458725,-773.0390625263584,496298.94739619864,0.27615800758115117,0.0,True,False
2021-03-18,3915.4599609375,21.579999923706055,25.280000686645508,0.00010139017035360414,497072.262616886,-887.9800612759869,496184.28255561,0.2761581610061874,0.0,True,False
2021-03-19,3913.10009765625,20.950000762939453,24.989999771118164,0.00010139017035360414,497072.4006942789,-746.1006282829845,496326.3000659959,0.13807739286062476,0.0,True,False
2021-03-22,3940.590087890625,18.8799991607666,22.940000534057617,0.00030417820023607886,496676.67566358397,0.0,496676.67566358397,0.4142324086557178,458.72759421715267,False,False
2021-03-23,3910.52001953125,20.299999237060547,23.799999237060547,0.00010139017035360414,496677.08957668056,0.0,496677.08957668056,0.413913096611283,0.0,False,False
2021-03-24,3889.139892578125,21.200000762939453,24.399999618530273,0.00020278290372213926,496677.2275443017,0.0,496677.2275443017,0.13796762116901373,0.0,False,False
2021-03-25,3909.52001953125,19.809999465942383,23.3700008392334,0.00020278290372213926,496677.5034831466,0.0,496677.5034831466,0.2759388448933954,0.0,False,False
2021-03-26,3974.5400390625,18.86000061035156,22.31999969482422,0.00020278290372213926,496677.7794221448,0.0,496677.7794221448,0.2759389981966714,0.0,False,False
2021-03-29,3971.090087890625,20.739999771118164,23.200000762939453,0.00030417820023607886,496678.6072400593,0.0,496678.6072400593,0.8278179144972534,0.0,False,False
2021-03-30,3958.550048828125,19.61000061035156,22.309999465942383,0.00020278290372213926,496679.0211547656,0.0,496679.0211547656,0.4139147063200522,0.0,False,False
2021-03-31,3972.889892578125,19.399999618530273,22.149999618530273,0.00030417820023607886,496679.29709460697,0.0,496679.29709460697,0.27593984136911875,0.0,False,False
2021-04-01,4019.8701171875,17.329999923706055,20.969999313354492,0.00020278290372213926,496679.7110098882,0.0,496679.7110098882,0.41391528122088006,0.0,False,False
2021-04-05,4077.909912109375,17.90999984741211,20.959999084472656,0.00030417820023607886,496680.81477170665,0.0,496680.81477170665,1.1037618184146405,0.0,False,False
2021-04-06,4073.93994140625,18.1200008392334,21.15999984741211,0.00020278290372213926,497798.9278835057,-1287.6991952530648,496511.2286882526,0.4139165460002803,0.0,True,False
2021-04-07,4079.949951171875,17.15999984741211,20.65999984741211,0.00020278290372213926,497799.2044455334,-1135.031564202028,496664.17288133135,0.2765620276743874,0.0,True,False
2021-04-08,4097.169921875,16.950000762939453,20.59000015258789,0.00010139017035360414,497799.4810077147,-1128.7987758445797,496670.68223187013,0.276562181323885,0.0,True,False
2021-04-09,4128.7998046875,16.690000534057617,20.739999771118164,0.00020278290372213926,497799.61928711523,-1223.4597856141977,496576.159501501,0.13827940055044696,0.0,True,False
2021-04-12,4127.990234375,16.90999984741211,20.81999969482422,0.00020278290372213926,497800.44897481165,-1063.499846735242,496736.9491280764,0.8296876964281064,0.0,True,False
2021-04-13,4141.58984375,16.649999618530273,20.780000686645508,0.00030417820023607886,497800.7255376844,-1046.0285580282107,496754.6969796562,0.2765628727467094,0.0,True,False
2021-04-14,4124.66015625,16.989999771118164,21.059999465942383,0.00020278290372213926,497801.14038752514,-944.0064201210266,496857.13396740414,0.4148498407487298,0.0,True,False
2021-04-15,4170.419921875,16.56999969482422,20.760000228881836,0.00020278290372213926,497801.416950782,-1086.5941138323808,496714.8228369496,0.2765632568747002,0.0,True,False
2021-04-16,4185.47021484375,16.25,20.530000686645508,0.00020278290372213926,497801.69351419254,-1072.3348521512253,496729.3586620413,0.27656341052488065,0.0,True,False
2021-04-19,4163.259765625,17.290000915527344,21.3700008392334,0.00020278290372213926,497802.5232053461,-860.2364824431551,496942.2867229029,0.8296911535635056,0.0,True,False
2021-04-20,4134.93994140625,18.68000030517578,22.350000381469727,0.00030417820023607886,497802.7997693712,-836.5231131498451,496966.27665622137,0.27656402512645617,0.0,True,False
2021-04-21,4173.419921875,17.5,21.489999771118164,0.00030417820023607886,497803.21462094056,-801.6344033638167,497001.58021757676,0.41485156934139916,0.0,True,False
2021-04-22,4134.97998046875,18.709999084472656,22.520000457763672,0.00030417820023607886,497803.62947285565,-693.7723273039825,497109.85714555165,0.41485191506429314,0.0,True,False
2021-04-23,4180.169921875,17.329999923706055,21.56999969482422,0.00030417820023607886,497804.04432511644,-654.2550330428031,497149.78929207363,0.41485226078747534,0.0,True,False
2021-04-26,4187.6201171875,17.639999389648438,21.540000915527344,0.00030417820023607886,497289.4472920849,0.0,497289.4472920849,1.2445588566799488,601.8576033648384,False,False
2021-04-27,4186.72021484375,17.559999465942383,21.31999969482422,0.00010139017035360414,497289.86171584413,0.0,497289.86171584413,0.41442375921070845,0.0,False,False
2021-04-28,4183.18017578125,17.280000686645508,21.1299991607666,0.00010139017035360414,497289.99985368195,0.0,497289.99985368195,0.1381378378271469,0.0,False,False
2021-04-29,4211.47021484375,17.610000610351562,21.309999465942383,0.00010139017035360414,497290.1379915581,0.0,497290.1379915581,0.13813787619925882,0.0,False,False
2021-04-30,4181.169921875,18.61000061035156,22.06999969482422,0.00010139017035360414,497290.2761294727,0.0,497290.2761294727,0.13813791457138141,0.0,False,False
2021-05-03,4192.66015625,18.309999465942383,21.739999771118164,0.00040557606002412504,497290.6905434466,0.0,497290.6905434466,0.4144139738888331,0.0,False,False
2021-05-04,4164.66015625,19.479999542236328,22.670000076293945,0.00020278290372213926,498449.85726647807,-1328.6141495766844,497121.2431169014,0.5525734547977592,0.0,True,False
2021-05-05,4167.58984375,19.149999618530273,22.260000228881836,0.00020278290372213926,498450.13419014245,-1226.4770043089345,497223.6571858335,0.27692366435125426,0.0,True,False
2021-05-06,4201.6201171875,18.38999938964844,21.8799991607666,0.00020278290372213926,498450.41111396067,-1221.5188778855565,497228.89223607513,0.2769238182016662,0.0,True,False
2021-05-07,4232.60009765625,16.690000534057617,20.790000915527344,0.00020278290372213926,498450.68803793273,-1080.9604538904057,497369.72758404235,0.2769239720521637,0.0,True,False
2021-05-10,4188.43017578125,19.65999984741211,22.399999618530273,0.00020278290372213926,498451.5188107721,-1099.6585562903351,497351.8602544818,0.830772839347371,0.0,True,False
2021-05-11,4152.10009765625,21.84000015258789,24.229999542236328,0.00010139017035360414,498451.79573535954,-1231.4822236448992,497220.31351171463,0.2769245874550082,0.0,True,False
2021-05-12,4063.0400390625,27.59000015258789,28.18000030517578,0.00020278290372213926,498451.93419596093,-1737.2167236410621,496714.71747231984,0.13846060140129227,0.0,True,False
2021-05-13,4112.5,23.1299991607666,25.260000228881836,0.00020278290372213926,498452.21112077916,-1197.1485669098502,497255.0625538693,0.27692481823045517,0.0,True,False
2021-05-14,4173.85009765625,18.809999465942383,22.260000228881836,0.00010139017035360414,498452.48804575123,-745.3094362716189,497707.1786094796,0.2769249720815082,0.0,True,False
2021-05-17,4163.2900390625,19.719999313354492,23.13999938964844,0.00020278290372213926,498452.9034282477,-669.3797832780776,497783.5236449696,0.41538249646376585,0.0,True,False
2021-05-18,4127.830078125,21.34000015258789,24.219999313354492,0.00020278290372213926,498453.18035360443,-738.0942998039588,497715.0860538005,0.27692535670659785,0.0,True,False
2021-05-19,4115.68017578125,22.18000030517578,25.270000457763672,0.00010139017035360414,498453.457279115,-761.8618160268513,497691.59546308813,0.27692551055795006,0.0,True,False
2021-05-20,4159.1201171875,20.670000076293945,23.809999465942383,0.00010139017035360414,498453.59574017796,-597.5749647926536,497856.0207753853,0.138461062947122,0.0,True,False
2021-05-21,4155.85986328125,20.149999618530273,23.489999771118164,0.00010139017035360414,497953.48534485523,0.0,497953.48534485523,0.13846110140901982,658.3652931525702,False,False
2021-05-24,4197.0498046875,18.399999618530273,22.229999542236328,0.00020278290372213926,497953.90031151066,0.0,497953.90031151066,0.41496665545060735,0.0,False,False
2021-05-25,4188.1298828125,18.84000015258789,22.399999618530273,0.00020278290372213926,497954.17695963633,0.0,497954.17695963633,0.2766481256680189,0.0,False,False
2021-05-26,4195.990234375,17.360000610351562,21.299999237060547,0.00020278290372213926,497954.45360791567,0.0,497954.45360791567,0.27664827936534986,0.0,False,False
2021-05-27,4200.8798828125,16.739999771118164,20.309999465942383,0.00020278290372213926,497954.73025634873,0.0,497954.73025634873,0.27664843306276626,0.0,False,False
2021-05-28,4204.10986328125,16.760000228881836,20.479999542236328,0.00010139017035360414,497955.00690493546,0.0,497955.00690493546,0.27664858676026804,0.0,False,False
2021-06-01,4202.0400390625,17.899999618530273,21.34000015258789,0.00020278290372213926,499125.0843774988,-1339.524181921904,497785.56019557687,0.5532906413865857,0.0,True,False
2021-06-02,4208.1201171875,17.479999542236328,21.420000076293945,0.00020278290372213926,499125.3616762989,-1282.1943753471305,497843.1673009518,0.2772988001109044,0.0,True,False
2021-06-03,4192.85009765625,18.040000915527344,21.81999969482422,0.00020278290372213926,499125.63897525304,-1254.248460597454,497871.39051465556,0.27729895416973044,0.0,True,False
2021-06-04,4229.89013671875,16.420000076293945,20.6200008392334,0.00020278290372213926,499125.91627436125,-1095.240966021429,498030.6753083398,0.27729910822864207,0.0,True,False
2021-06-07,4226.52001953125,16.420000076293945,20.549999237060547,0.00020278290372213926,499126.74817261036,-904.9266594233377,498221.821513187,0.8318982491274104,0.0,True,False
2021-06-08,4227.259765625,17.06999969482422,20.850000381469727,0.00020278290372213926,499127.0254723348,-932.4308786492754,498194.5945936855,0.2772997244651445,0.0,True,False
2021-06-09,4219.5498046875,17.889999389648438,21.280000686645508,0.00030417820023607886,499127.30277221336,-954.74914157323,498172.55363064015,0.27729987852448407,0.0,True,False
2021-06-10,4239.18017578125,16.100000381469727,20.079999923706055,0.00030417820023607886,499127.71872757754,-723.4045883747274,498404.3141392028,0.41595536415649664,0.0,True,False
2021-06-11,4247.43994140625,15.649999618530272,19.63999938964844,0.00030417820023607886,499128.13468328834,-633.261428274098,498494.87325501424,0.415955710799255,0.0,True,False
2021-06-14,4255.14990234375,16.389999389648438,20.13999938964844,0.00030417820023607886,499404.82604980667,-1038.7779259984018,498366.0481238083,1.2478692122326873,576.1897532296271,True,False
2021-06-15,4246.58984375,17.020000457763672,20.68000030517578,0.00030417820023607886,499405.2422364491,-1038.8729108408047,498366.3693256083,0.4161866424202824,0.0,True,False
2021-06-16,4223.7001953125,18.149999618530273,21.260000228881836,0.00040557606002412504,499405.6584234383,-1088.8902476331868,498316.7681758051,0.41618698925578,0.0,True,False
2021-06-17,4221.85986328125,17.75,20.979999542236328,0.00040557606002412504,499406.21334697754,-941.120767237074,498465.09257974045,0.554923539226157,0.0,True,False
2021-06-18,4166.4501953125,20.700000762939453,22.93000030517578,0.000506976483216771,499406.76827113336,-1307.8313973669215,498098.9368737664,0.5549241558393835,0.0,True,False
2021-06-21,4224.7900390625,17.889999389648438,21.1200008392334,0.000506976483216771,499408.8492685135,-654.0583434239675,498754.7909250895,2.0809973801482706,0.0,True,False
2021-06-22,4246.43994140625,16.65999984741211,20.06999969482422,0.00040557606002412504,499409.5429362338,-448.39290682200954,498961.1500294118,0.6936677203133308,0.0,True,False
2021-06-23,4241.83984375,16.31999969482422,19.700000762939453,0.000506976483216771,499045.1226258047,0.0,499045.1226258047,0.554927855572102,503.8026877137014,False,False
2021-06-24,4266.490234375,15.970000267028809,19.260000228881836,0.000506976483216771,499045.81578831683,0.0,499045.81578831683,0.6931625121428416,0.0,False,False
2021-06-25,4280.7001953125,15.619999885559082,19.0,0.0006083794699427381,499046.50895179174,0.0,499046.50895179174,0.6931634749300656,0.0,False,False
2021-06-28,4290.60986328125,15.760000228881836,19.020000457763672,0.000506976483216771,499049.00437981647,0.0,499049.00437981647,2.4954280247308667,0.0,False,False
2021-06-29,4291.7998046875,16.020000457763672,19.489999771118164,0.00040557606002412504,499049.6975477203,0.0,499049.6975477203,0.6931679038123326,0.0,False,False
2021-06-30,4297.5,15.829999923706056,19.510000228881836,0.000506976483216771,499050.2520757272,0.0,499050.2520757272,0.5545280069256158,0.0,False,False
2021-07-01,4319.93994140625,15.479999542236328,19.450000762939453,0.000506976483216771,499050.94524536404,0.0,499050.94524536404,0.6931696368340429,0.0,False,False
2021-07-02,4352.33984375,15.06999969482422,19.299999237060547,0.000506976483216771,499051.6384159637,0.0,499051.6384159637,0.6931705996311629,0.0,False,False
2021-07-06,4343.5400390625,16.440000534057617,20.260000228881836,0.000506976483216771,500277.508688457,-1393.0975804666264,498884.41110799037,2.772692026666082,0.0,True,False
2021-07-07,4358.1298828125,16.200000762939453,20.40999984741211,0.000506976483216771,500278.20356272586,-1396.0526537427131,498882.15090898314,0.694874268816513,0.0,True,False
2021-07-08,4320.81982421875,19.0,21.979999542236328,0.0006083794699427381,500278.89843795984,-1600.5086738256682,498678.3897641342,0.6948752339813288,0.0,True,False
2021-07-09,4369.5498046875,16.18000030517578,20.440000534057617,0.0006083794699427381,500279.73230005486,-1329.950745158759,498949.7815548961,0.8338620950428148,0.0,True,False
2021-07-12,4384.6298828125,16.170000076293945,20.459999084472656,0.000506976483216771,500282.2338946794,-1210.9862267106269,499071.2476679688,2.501594624534304,0.0,True,False
2021-07-13,4369.2099609375,17.1200008392334,21.1299991607666,0.000506976483216771,500282.92877551145,-1221.4834515156258,499061.44532399584,0.6948808320222574,0.0,True,False
2021-07-14,4374.2998046875,16.329999923706055,20.6200008392334,0.0006083794699427381,500283.62365730864,-1049.6953688697363,499233.9282884389,0.6948817971961893,0.0,True,False
2021-07-15,4360.02978515625,17.010000228881836,21.09000015258789,0.000506976483216771,500284.4575272796,-1026.8188850331387,499257.6386422465,0.8338699710122351,0.0,True,False
2021-07-16,4327.16015625,18.450000762939453,22.06999969482422,0.000506976483216771,500285.1524112002,-1067.5988939426293,499217.5535172576,0.6948839205981985,0.0,True,False
2021-07-19,4258.490234375,22.5,24.899999618530273,0.000506976483216771,500287.2370687532,-1339.159476827307,498948.0775919259,2.0846575529980917,0.0,True,False
2021-07-20,4323.06005859375,19.729999542236328,23.200000762939453,0.000506976483216771,500287.93195653456,-971.0778305945031,499316.85412594007,0.6948877813191295,0.0,True,False
2021-07-21,4358.68994140625,17.90999984741211,21.8700008392334,0.000506976483216771,500288.62684528105,-732.4114547650669,499556.215390516,0.6948887465027138,0.0,True,False
2021-07-22,4367.47998046875,17.690000534057617,21.86000061035156,0.000506976483216771,500289.3217349927,-653.7012610972471,499635.62047389545,0.6948897116876386,0.0,True,False
2021-07-23,4411.7900390625,17.200000762939453,21.649999618530273,0.000506976483216771,500290.0166256696,-671.6800578256101,499618.336567844,0.694890676873904,0.0,True,False
2021-07-26,4422.2998046875,17.579999923706055,21.739999771118164,0.000506976483216771,499760.3315480047,0.0,499760.3315480047,2.084677821881516,691.3278249798066,False,False
2021-07-27,4401.4599609375,19.36000061035156,23.0,0.000506976483216771,499761.02570392605,0.0,499761.02570392605,0.6941559213372059,0.0,False,False
2021-07-28,4400.64013671875,18.309999465942383,22.350000381469727,0.000506976483216771,499761.71986081154,0.0,499761.71986081154,0.694156885504253,0.0,False,False
2021-07-29,4419.14990234375,17.700000762939453,21.8799991607666,0.0006083794699427381,499762.4140186612,0.0,499762.4140186612,0.6941578496726393,0.0,False,False
2021-07-30,4395.259765625,18.239999771118164,22.18000030517578,0.0006083794699427381,499763.24701988284,0.0,499763.24701988284,0.833001221675423,0.0,False,False
2021-08-02,4387.16015625,19.459999084472656,23.049999237060547,0.000506976483216771,499765.74603187863,0.0,499765.74603187863,2.4990119958225847,0.0,False,False
2021-08-03,4423.14990234375,18.040000915527344,22.18000030517578,0.000506976483216771,501122.3041741957,-1525.863978875127,499596.4401953206,0.6941634419341898,0.0,True,False
2021-08-04,4402.66015625,17.969999313354492,22.170000076293945,0.000506976483216771,501123.00022186653,-1382.103878091316,499740.8963437752,0.6960476708488993,0.0,True,False
2021-08-05,4429.10009765625,17.280000686645508,21.520000457763672,0.000506976483216771,501123.69627050415,-1289.4239988527477,499834.2722716514,0.6960486376435441,0.0,True,False
2021-08-06,4436.52001953125,16.149999618530273,20.8700008392334,0.0006083794699427381,501124.3923201086,-1091.6036670381789,500032.7886530704,0.6960496044395318,0.0,True,False
2021-08-09,4432.35009765625,16.719999313354492,21.270000457763672,0.0006083794699427381,501126.8981383641,-977.2169880752803,500149.6811502888,2.505818255493749,0.0,True,False
2021-08-10,4436.75,16.790000915527344,21.209999084472656,0.000506976483216771,501127.7334139003,-931.3017245499215,500196.4316893504,0.8352755362432784,0.0,True,False
2021-08-11,4442.41015625,16.170000076293945,20.81999969482422,0.000506976483216771,501128.42946911225,-801.2751642830882,500327.15430482914,0.6960552119414019,0.0,True,False
2021-08-12,4460.830078125,15.59000015258789,20.25,0.0006083794699427381,501129.125525291,-708.3375260770057,500420.787999214,0.6960561787465211,0.0,True,False
2021-08-13,4468.0,15.449999809265137,20.260000228881836,0.0006083794699427381,501572.9325362694,-1277.9604995288867,500294.9720367405,0.8352792488394626,690.87521107577,True,False
2021-08-16,4479.7099609375,16.1200008392334,20.63999938964844,0.0006083794699427381,501575.4405974017,-1172.5908921965004,500402.8497052052,2.5080611322708606,0.0,True,False
2021-08-17,4448.080078125,17.90999984741211,21.700000762939453,0.0007097850203325396,501576.27662056603,-1301.0358436092577,500275.2407769568,0.836023164327886,0.0,True,False
2021-08-18,4400.27001953125,21.56999969482422,23.799999237060547,0.0007097850203325396,501577.2519950149,-1803.0482831469885,499774.2037118679,0.9753744488777187,0.0,True,False
2021-08-19,4405.7998046875,21.670000076293945,24.200000762939453,0.0006083794699427381,501578.2273713605,-1737.706626570365,499840.52074479015,0.975376345608804,0.0,True,False
2021-08-20,4441.669921875,18.559999465942383,22.40999984741211,0.000506976483216771,501579.0633991698,-1106.5423763923964,500472.5210227774,0.8360278093072744,0.0,True,False
2021-08-23,4479.52978515625,17.149999618530273,21.200000762939453,0.000506976483216771,501581.1534483706,-650.9251512303481,500930.2282971402,2.090049200743338,0.0,True,False
2021-08-24,4486.22998046875,17.219999313354492,21.219999313354492,0.000506976483216771,501581.8501333728,-581.8590922191023,500999.9910411537,0.6966850022266883,0.0,True,False
2021-08-25,4496.18994140625,16.790000915527344,20.790000915527344,0.0006083794699427381,501119.0796197833,0.0,501119.0796197833,0.6966859699065722,644.4932999694981,False,False
2021-08-26,4470.0,18.84000015258789,21.86000061035156,0.000506976483216771,501119.91488228773,0.0,501119.91488228773,0.8352625043798434,0.0,False,False
2021-08-27,4509.3701171875,16.389999389648438,20.61000061035156,0.000506976483216771,501120.6109266399,0.0,501120.6109266399,0.6960443521758855,0.0,False,False
2021-08-30,4528.7900390625,16.190000534057617,20.399999618530273,0.000506976483216771,501122.6990654973,0.0,501122.6990654973,2.0881388574022575,0.0,False,False
2021-08-31,4522.68017578125,16.479999542236328,20.420000076293945,0.00040557606002412504,502479.6186178547,-1526.223504138061,500953.39511371666,0.6960482193440839,0.0,True,False
2021-09-01,4524.08984375,16.110000610351562,20.079999923706055,0.000506976483216771,502480.17695707985,-1395.2227356148956,501084.9542214649,0.5583392251355055,0.0,True,False
2021-09-02,4536.9501953125,16.40999984741211,20.1299991607666,0.000506976483216771,502480.87489080563,-1426.7922462295746,501054.08264457603,0.6979337257699493,0.0,True,False
2021-09-03,4535.43017578125,16.40999984741211,20.31999969482422,0.000506976483216771,502481.5728255008,-1374.6178916710835,501106.9549338297,0.6979346951842822,0.0,True,False
2021-09-07,4520.02978515625,18.13999938964844,21.530000686645508,0.000506976483216771,502484.36457397585,-1342.662970742349,501141.7016032335,2.791748475051859,0.0,True,False
2021-09-08,4514.06982421875,17.959999084472656,21.59000015258789,0.000506976483216771,502485.06251351815,-1232.0564300403976,501253.00608347775,0.6979395422761446,0.0,True,False
2021-09-09,4493.27978515625,18.799999237060547,22.059999465942383,0.00040557606002412504,502485.76045402983,-1233.1007362853757,501252.65971774445,0.6979405116985565,0.0,True,False
2021-09-10,4458.580078125,20.950000762939453,23.309999465942383,0.000506976483216771,502486.3188000796,-1427.4630693321672,501058.8557307474,0.5583460497467412,0.0,True,False
2021-09-13,4468.72998046875,19.3700008392334,22.469999313354492,0.0006083794699427381,502488.41262975795,-1008.0618138130877,501480.35081594484,2.093829678366728,0.0,True,False
2021-09-14,4443.0498046875,19.459999084472656,22.549999237060547,0.00040557606002412504,502489.250174659,-950.5562707306656,501538.69390392833,0.837544901051128,0.0,True,False
2021-09-15,4480.7001953125,18.18000030517578,21.760000228881836,0.00040557606002412504,502489.80852458643,-728.8400387242216,501760.9684858622,0.5583499274123018,0.0,True,False
2021-09-16,4473.75,18.690000534057617,21.809999465942383,0.00040557606002412504,502490.3668751343,-727.7986047307717,501762.56827040354,0.558350547832821,0.0,True,False
2021-09-17,4432.990234375,20.809999465942383,23.219999313354492,0.00040557606002412504,502490.9252263025,-939.4260834580582,501551.49914284446,0.5583511682540295,0.0,True,False
2021-09-20,4357.72998046875,25.709999084472656,26.399999618530273,0.00040557606002412504,502492.60028352996,-1509.8440470402568,500982.7562364897,1.6750572274401632,0.0,True,False
2021-09-21,4354.18994140625,24.36000061035156,25.469999313354492,0.00030417820023607886,502493.1586371799,-1284.6651639382042,501208.4934732417,0.5583536499457575,0.0,True,False
2021-09-22,4395.64013671875,20.8700008392334,23.049999237060547,0.00030417820023607886,502493.5773975314,-717.0727113542716,501776.5046861771,0.41876035156999697,0.0,True,False
2021-09-23,4448.97998046875,18.6299991607666,21.3700008392334,0.00030417820023607886,502105.46299450943,0.0,502105.46299450943,0.4187607005503344,967.6903404155188,False,False
2021-09-24,4455.47998046875,17.75,20.81999969482422,0.00030417820023607886,502105.88143176894,0.0,502105.88143176894,0.4184372594824009,0.0,False,False
2021-09-27,4443.10986328125,18.760000228881836,21.399999618530273,0.00040557606002412504,502107.1367456396,0.0,502107.1367456396,1.255313870690205,0.0,False,False
2021-09-28,4352.6298828125,23.25,24.030000686645508,0.00040557606002412504,502107.69467097486,0.0,502107.69467097486,0.5579253352338979,0.0,False,False
2021-09-29,4359.4599609375,22.559999465942383,23.719999313354492,0.00040557606002412504,502108.25259693,0.0,502108.25259693,0.5579259551826238,0.0,False,False
2021-09-30,4307.5400390625,23.13999938964844,23.8700008392334,0.00040557606002412504,502108.81052350515,0.0,502108.81052350515,0.5579265751320385,0.0,False,False
2021-10-01,4357.0400390625,21.100000381469727,22.950000762939453,0.00040557606002412504,502109.36845070025,0.0,502109.36845070025,0.5579271950821422,0.0,False,False
2021-10-04,4300.4599609375,22.959999084472656,24.11000061035156,0.00040557606002412504,502111.04223600536,0.0,502111.04223600536,1.6737853050977576,0.0,False,False
2021-10-05,4345.72021484375,21.299999237060547,23.11000061035156,0.00040557606002412504,503145.6601943153,-1204.0600286351025,501941.6001656802,0.5579296748894457,0.0,True,False
2021-10-06,4363.5498046875,21.0,22.84000015258789,0.00040557606002412504,503146.2192736245,-1175.533736028193,501970.6855375963,0.5590793091586783,0.0,True,False
2021-10-07,4399.759765625,19.540000915527344,22.1200008392334,0.000506976483216771,503146.77835355484,-1098.5442309886412,502048.2341225662,0.559079930389663,0.0,True,False
2021-10-08,4391.33984375,18.770000457763672,21.8799991607666,0.000506976483216771,503147.47721317504,-938.250043707912,502209.22716946714,0.6988596201983875,0.0,True,False
2021-10-11,4361.18994140625,20.0,22.38999938964844,0.000506976483216771,503149.57379785995,-836.108393639184,502313.46540422074,2.0965846849323735,0.0,True,False
2021-10-12,4350.64990234375,19.850000381469727,22.329999923706055,0.0006083794699427381,503150.27266136295,-753.8619017399003,502396.41075962305,0.6988635030079957,0.0,True,False
2021-10-13,4363.7998046875,18.63999938964844,21.540000915527344,0.000506976483216771,503151.1113094486,-615.09770733572,502536.0136021129,0.838648085683345,0.0,True,False
2021-10-14,4438.259765625,16.860000610351562,20.3700008392334,0.000506976483216771,503151.8101750872,-584.2282845654597,502567.58189052175,0.6988656385771996,0.0,True,False
2021-10-15,4471.3701171875,16.299999237060547,20.299999237060547,0.000506976483216771,503152.5090416965,-612.5066696237911,502540.0023720727,0.6988666092859387,0.0,True,False
2021-10-18,4486.4599609375,16.309999465942383,20.290000915527344,0.0006083794699427381,503598.8427643882,-1142.9075649946772,502455.9351993935,2.0966056522532743,505.38958067983197,True,False
2021-10-19,4519.6298828125,15.699999809265137,19.979999542236328,0.000506976483216771,503599.68216014805,-1086.0621079640498,502513.620052184,0.839395759844798,0.0,True,False
2021-10-20,4536.18994140625,15.489999771118164,19.8700008392334,0.000506976483216771,503600.3816488415,-1039.558015908948,502560.82363293256,0.6994886934547002,0.0,True,False
2021-10-21,4549.77978515625,15.010000228881836,19.479999542236328,0.0006083794699427381,503601.08113850653,-920.7342471823314,502680.3468913242,0.6994896650288485,0.0,True,False
2021-10-22,4544.89990234375,15.43000030517578,20.010000228881836,0.0006083794699427381,503601.92053799727,-858.3096097609417,502743.61092823633,0.8393994907543719,0.0,True,False
2021-10-25,4566.47998046875,15.239999771118164,19.559999465942383,0.0006083794699427381,503604.4387448643,-628.2271470643838,502976.2115977999,2.5182068670481446,0.0,True,False
2021-10-26,4574.7900390625,15.979999542236328,20.11000061035156,0.0006083794699427381,503605.2781499515,-715.4577736005865,502889.8203763509,0.839405087194039,0.0,True,False
2021-10-27,4551.68017578125,16.979999542236328,20.88999938964844,0.0006083794699427381,503606.1175564378,-635.8112261970138,502970.3063302408,0.8394064863097858,0.0,True,False
2021-10-28,4596.419921875,16.530000686645508,20.479999542236328,0.0006083794699427381,503606.95696432324,-744.890789152247,502862.066175171,0.8394078854278646,0.0,True,False
2021-10-29,4605.3798828125,16.260000228881836,20.3700008392334,0.000506976483216771,503002.38787821843,0.0,503002.38787821843,0.8394092845482755,367.4990696053275,False,False
2021-11-01,4613.669921875,16.40999984741211,20.38999938964844,0.000506976483216771,503004.483858325,0.0,503004.483858325,2.095980106570375,0.0,False,False
2021-11-02,4630.64990234375,16.030000686645508,20.100000381469727,0.000506976483216771,504395.07730289485,-1559.8947825935443,502835.1825203013,0.6986619763275114,0.0,True,False
2021-11-03,4660.56982421875,15.100000381469728,19.5,0.000506976483216771,504395.77789637435,-1477.9444253942972,502917.83347098005,0.7005934795157114,0.0,True,False
2021-11-04,4680.06005859375,15.4399995803833,19.700000762939453,0.00040557606002412504,504396.47849082696,-1589.0959313899418,502807.382559437,0.7005944526243828,0.0,True,False
2021-11-05,4697.52978515625,16.479999542236328,20.489999771118164,0.000506976483216771,504397.0389600053,-1857.0624940690936,502539.97646593617,0.5604691783047755,0.0,True,False
2021-11-08,4701.7001953125,17.219999313354492,20.979999542236328,0.0006083794699427381,504399.1407515374,-1800.8174701309417,502598.3232814065,2.101791532109253,0.0,True,False
2021-11-09,4685.25,17.780000686645508,21.40999984741211,0.00040557606002412504,504399.9814812295,-1713.289647452591,502686.6918337769,0.8407296920940023,0.0,True,False
2021-11-10,4646.7099609375,18.729999542236328,22.0,0.000506976483216771,504400.5419543002,-1578.8381280520798,502821.7038262481,0.5604730707152824,0.0,True,False
2021-11-11,4649.27001953125,17.65999984741211,21.3799991607666,0.000506976483216771,504401.24255537,-1320.9961786062468,503080.24637676374,0.7006010697942742,0.0,True,False
2021-11-12,4682.85009765625,16.290000915527344,20.690000534057617,0.000506976483216771,504401.94315741287,-1176.0053835460599,503225.9377738668,0.7006020429134883,0.0,True,False
2021-11-15,4682.7998046875,16.489999771118164,20.8700008392334,0.000506976483216771,504404.0449693805,-951.7658053764212,503452.2791640041,2.101811967599129,0.0,True,False
2021-11-16,4700.89990234375,16.3700008392334,20.899999618530273,0.000506976483216771,504404.7455753159,-939.7364284414085,503465.0091468745,0.7006059354038614,0.0,True,False
2021-11-17,4688.669921875,17.110000610351562,21.579999923706055,0.000506976483216771,504405.44618222443,-911.0559358332484,503494.3902463912,0.7006069085298338,0.0,True,False
2021-11-18,4704.5400390625,17.59000015258789,21.899999618530273,0.000506976483216771,504406.1467901061,-990.2796853525093,503415.86710475356,0.7006078816571578,0.0,True,False
2021-11-19,4697.9599609375,17.90999984741211,21.920000076293945,0.000506976483216771,504406.84739896085,-911.5842355462111,503495.2631634146,0.7006088547858335,0.0,True,False
2021-11-22,4682.93994140625,19.170000076293945,22.6299991607666,0.000506976483216771,504408.9492313641,-763.5782821869884,503645.37094917713,2.101832403272935,0.0,True,False
2021-11-23,4690.7001953125,19.3799991607666,22.450000762939453,0.0006083794699427381,504409.6498441114,-757.4834050453109,503652.1664390661,0.7006127473140529,0.0,True,False
2021-11-24,4701.4599609375,18.579999923706055,21.899999618530273,0.0006083794699427381,503824.38882294926,0.0,503824.38882294926,0.8407472085912563,803.7930142228088,False,False
2021-11-26,4594.6201171875,28.6200008392334,29.170000076293945,0.0006083794699427381,503826.06836774666,0.0,503826.06836774666,1.6795447973780884,0.0,False,False
2021-11-29,4655.27001953125,22.959999084472656,25.040000915527344,0.0006083794699427381,503828.5876954406,0.0,503828.5876954406,2.519327693997148,0.0,False,False
2021-11-30,4567.0,27.190000534057617,28.1299991607666,0.000506976483216771,503829.42747413804,0.0,503829.42747413804,0.8397786974224791,0.0,False,False
2021-12-01,4513.0400390625,31.1200008392334,30.790000915527344,0.0006083794699427381,503830.1272819426,0.0,503830.1272819426,0.6998078045566392,0.0,False,True
2021-12-02,4577.10009765625,27.950000762939453,29.149999618530273,0.000506976483216771,503830.9670632062,0.0,503830.9670632062,0.8397812635967272,0.0,False,False
2021-12-03,4538.43017578125,30.670000076293945,31.780000686645508,0.0006083794699427381,503831.6668731492,0.0,503831.6668731492,0.6998099430114156,0.0,False,False
2021-12-06,4591.669921875,27.18000030517578,28.8799991607666,0.0006083794699427381,503834.18622883793,0.0,503834.18622883793,2.519355688717134,0.0,False,False
2021-12-07,4686.75,21.88999938964844,24.959999084472656,0.0006083794699427381,505098.0128505436,-1432.9868336766526,503665.02601686696,0.8397880290269151,0.0,True,False
2021-12-08,4701.2099609375,19.899999618530273,23.6299991607666,0.0007097850203325396,505098.85474511184,-1158.4323020707006,503940.4224430411,0.8418945682350185,0.0,True,False
2021-12-09,4667.4501953125,21.579999923706055,24.65999984741211,0.0006083794699427381,505099.8369696309,-1220.0304487177493,503879.80652091315,0.9822245190604773,0.0,True,False
2021-12-10,4712.02001953125,18.690000534057617,23.18000030517578,0.0006083794699427381,505100.67886723956,-956.3620695224746,504144.31679771707,0.8418976086666028,0.0,True,False
2021-12-13,4668.97021484375,20.309999465942383,24.31999969482422,0.000506976483216771,505103.2045684853,-891.2108258540446,504211.9937426313,2.525701245768368,0.0,True,False
2021-12-14,4634.08984375,21.88999938964844,25.350000381469727,0.000506976483216771,505103.9061455378,-961.801473106711,504142.1046724311,0.7015770524474553,0.0,True,False
2021-12-15,4709.85009765625,19.290000915527344,23.299999237060547,0.0006083794699427381,505104.6077235647,-738.3496306544902,504366.2580929102,0.7015780269222874,0.0,True,False
2021-12-16,4668.669921875,20.56999969482422,24.3700008392334,0.000506976483216771,505105.44962912524,-757.6105647133263,504347.83906441194,0.8419055605328171,0.0,True,False
2021-12-17,4620.64013671875,21.56999969482422,25.3799991607666,0.000506976483216771,505106.151209296,-773.8693391098127,504332.2818701862,0.7015801707864642,0.0,True,False
2021-12-20,4568.02001953125,22.8700008392334,26.309999465942383,0.0007097850203325396,505108.25595565536,-754.5228226365988,504353.7331330188,2.1047463593698317,0.0,True,False
2021-12-21,4649.22998046875,21.010000228881836,25.0,0.0007097850203325396,505544.79212867323,-1154.186618069166,504390.60551060404,0.9822428008273393,714.3541458245342,True,False
2021-12-22,4696.56005859375,18.6299991607666,23.559999465942383,0.0008111931345149166,505545.7752203703,-861.4889236312355,504684.28629673907,0.9830916970950042,0.0,True,False
2021-12-23,4725.7900390625,17.959999084472656,23.239999771118164,0.0008111931345149166,505546.89877028205,-789.2725759663324,504757.62619431573,1.1235499116933465,0.0,True,False
2021-12-27,4791.18994140625,17.68000030517578,22.739999771118164,0.0006083794699427381,505551.392994899,-695.8820959968849,504855.51089890214,4.494224616991969,0.0,True,False
2021-12-28,4786.35009765625,17.540000915527344,22.329999923706055,0.0006083794699427381,505552.23564515874,-545.4805429756308,505006.7551021831,0.8426502597467002,0.0,True,False
2021-12-29,4793.06005859375,16.950000762939453,21.829999923706055,0.000506976483216771,505154.9219101822,0.0,505154.9219101822,0.8426516642714825,586.0302314283939,False,False
2021-12-30,4778.72998046875,17.329999923706055,21.8799991607666,0.000506976483216771,505155.6235590689,0.0,505155.6235590689,0.7016488866782025,0.0,False,False
2021-12-31,4766.18017578125,17.219999313354492,21.8799991607666,0.0006083794699427381,505156.3252089301,0.0,505156.3252089301,0.7016498612528108,0.0,False,False
2022-01-03,4796.56005859375,16.600000381469727,21.530000686645508,0.0009126038126204015,505158.8511884294,0.0,505158.8511884294,2.5259794992738778,0.0,False,False
2022-01-04,4793.5400390625,16.90999984741211,21.6200008392334,0.0008111931345149166,506619.2878835996,-1629.1736527868738,504990.1142308127,1.2630423833142204,0.0,True,False
2022-01-05,4700.580078125,19.729999542236328,23.469999313354492,0.0009126038126204015,506620.41381933884,-1753.5422075262875,504866.87161181256,1.125935739282247,0.0,True,False
2022-01-06,4696.0498046875,19.61000061035156,23.5,0.0010140170547777556,506621.680516049,-1680.0799221717075,504941.60059387726,1.266696710154904,0.0,True,False
2022-01-07,4677.02978515625,18.760000228881836,22.8700008392334,0.0010140170547777556,506623.08797834476,-1482.0066920355675,505141.08128630917,1.4074622958111491,0.0,True,False
2022-01-10,4670.2900390625,19.399999618530273,22.68000030517578,0.001318272166861259,506627.31038869283,-1364.5365482272102,505262.77384046564,4.222410348096935,0.0,True,False
2022-01-11,4713.06982421875,18.40999984741211,21.979999542236328,0.0012168512317685082,506629.1401801677,-1174.233090625032,505454.90708954266,1.829791474854683,0.0,True,False
2022-01-12,4726.35009765625,17.6200008392334,21.579999923706055,0.0012168512317685082,506630.8292029647,-1023.7640991989114,505607.0651037658,1.6890227970631233,0.0,True,False
2022-01-13,4659.02978515625,20.309999465942383,23.40999984741211,0.0012168512317685082,506632.5182313927,-1334.0029948877248,505298.515236505,1.6890284280025674,0.0,True,False
2022-01-14,4662.85009765625,19.190000534057617,22.81999969482422,0.001318272166861259,506634.20726545167,-1141.9022405379496,505492.30502491375,1.6890340589607842,0.0,True,False
2022-01-18,4577.10986328125,22.790000915527344,25.1200008392334,0.001723981554238624,506641.526570642,-1547.335403568238,505094.1911670738,7.319305190349699,0.0,True,False
2022-01-19,4532.759765625,23.850000381469727,25.809999465942383,0.001723981554238624,506643.9195643657,-1795.7255563578424,504848.1940080079,2.3929937237002705,0.0,True,False
2022-01-20,4482.72998046875,25.59000015258789,27.25,0.0018254153134831337,506646.3125693921,-2195.8328850717107,504450.4796843204,2.3930050264037823,0.0,True,False
2022-01-21,4397.93994140625,28.850000381469727,29.950000762939453,0.001723981554238624,506648.846383776,-3043.9413734044247,503604.9050103716,2.533814383918186,0.0,True,False
2022-01-24,4410.1298828125,29.899999618530273,30.81999969482422,0.0020282905277612144,506656.0255025756,-2919.8047584558394,503736.2207441198,7.179118799651363,0.0,True,False
2022-01-25,4356.4501953125,31.15999984741211,31.760000228881836,0.0020282905277612144,506658.84097784315,-3444.8281983246325,503214.0127795185,2.8154752675584627,0.0,True,False
2022-01-26,4349.93017578125,31.959999084472656,31.950000762939453,0.0019268516379477108,506661.65646875626,-3544.1403778390586,503117.5160909172,2.8154909130863617,0.0,True,True
2022-01-27,4326.509765625,30.489999771118164,30.8700008392334,0.0020282905277612144,506664.33116579603,-3656.469427402596,503007.86173839343,2.6746970397472403,0.0,True,False
2022-01-28,4431.85009765625,27.65999984741211,28.81999969482422,0.0019268516379477108,504301.6844462777,0.0,504301.6844462777,2.815521421927898,-906.2885881533522,False,False
2022-01-31,4515.5498046875,24.829999923706055,26.850000381469727,0.0024340717431051875,504309.6712042612,0.0,504309.6712042612,7.9867579834828355,0.0,False,False
2022-02-01,4546.5400390625,21.959999084472656,24.760000228881836,0.0020282905277612144,505551.1247665687,-1408.0904663802175,504143.0343001885,3.3630959272702414,0.0,True,False
2022-02-02,4589.3798828125,22.09000015258789,25.13999938964844,0.0020282905277612144,505553.93410192966,-1571.5773865562983,503982.35671537335,2.809335360918156,0.0,True,False
2022-02-03,4477.43994140625,24.350000381469727,26.670000076293945,0.0021297319830542957,505556.743452902,-1456.0519867366384,504100.69146616536,2.809350972326743,0.0,True,False
2022-02-04,4500.52978515625,23.219999313354492,26.25,0.002332622590596498,505559.6933255239,-1332.281840107804,504227.4114854161,2.9498726218905356,0.0,True,False
2022-02-07,4483.8701171875,22.86000061035156,25.690000534057617,0.00283989401442168,505569.3861304528,-1082.521474545742,504486.86465590703,9.692804928841626,0.0,True,False
2022-02-08,4521.5400390625,21.440000534057617,24.540000915527344,0.0027384345971410155,505573.31974431325,-918.1408536390383,504655.1788906742,3.9336138604734767,0.0,True,False
2022-02-09,4587.18017578125,19.959999084472656,23.489999771118164,0.0027384345971410155,505577.1128529811,-846.1459842459352,504730.96686873515,3.7931086678058,0.0,True,False
2022-02-10,4504.080078125,23.90999984741211,26.06999969482422,0.004159100039446663,505580.90599010704,-1063.4079501729434,504517.4980399341,3.7931371259399698,0.0,True,False
2022-02-11,4418.64013671875,27.36000061035156,28.829999923706055,0.003753144278824244,505586.6670135217,-1335.329698532796,504251.3373149889,5.761023414658673,0.0,True,False
2022-02-14,4401.669921875,28.329999923706055,29.440000534057617,0.004565096891371131,505602.26347084617,-1278.3423152825978,504323.92115556356,15.596457324454212,0.0,True,False
2022-02-15,4471.06982421875,25.700000762939453,27.280000686645508,0.004159100039446663,505608.5871359291,-952.1556436193454,504656.4314923097,6.323665082916719,0.0,True,False
2022-02-16,4475.009765625,24.290000915527344,26.260000228881836,0.0039561170232425644,505614.34847476654,-757.7629508946745,504856.5855238719,5.761338837427485,0.0,True,False
2022-02-17,4380.259765625,28.11000061035156,29.31999969482422,0.003753144278824244,505619.8286949621,-1110.3994666219269,504509.42922834016,5.480220195536236,0.0,True,False
2022-02-18,4348.8701171875,27.75,29.219999313354492,0.003550181805152164,505625.0278016027,-1072.8495441785806,504552.1782574241,5.199106640597268,0.0,True,False
2022-02-22,4304.759765625,28.809999465942383,29.11000061035156,0.0039561170232425644,505644.70008317847,-1086.7475459241907,504557.95253725426,19.672281575801673,0.0,True,False
2022-02-23,4225.5,31.020000457763672,30.8799991607666,0.003651661758209666,505650.18063234707,-1497.4099882574858,504152.77064408956,5.480549168592258,0.0,True,True
2022-02-24,4288.7001953125,30.31999969482422,30.049999237060547,0.0033472296011869446,505655.23946156405,-1166.6169238707773,504488.6225376933,5.058829217009015,0.0,True,True
2022-02-25,4384.64990234375,27.59000015258789,28.040000915527344,0.0033472296011869446,504976.8759203075,0.0,504976.8759203075,4.637128619969537,555.089796503685,False,False
2022-02-28,4373.93994140625,30.149999618530273,29.649999618530273,0.003753144278824244,505938.7806856162,-1118.0119149128461,504820.76877070335,13.892850395895106,0.0,True,True
2022-03-01,4306.259765625,33.31999969482422,32.59000015258789,0.003245757350019421,505943.98307192523,-1276.0591410775692,504667.92393084767,5.202386309072536,0.0,True,True
2022-03-02,4386.5400390625,30.739999771118164,30.969999313354492,0.0033472296011869446,505948.4821916602,-1175.6747319887825,504772.8074596714,4.499119734956322,0.0,True,False
2022-03-03,4363.490234375,30.479999542236328,30.799999237060547,0.003753144278824244,505953.12200947263,-1058.720041202405,504894.40196827025,4.639817812427574,0.0,True,False
2022-03-04,4328.8701171875,31.979999542236328,32.34000015258789,0.0033472296011869446,505958.3245432484,-1108.1912966444509,504850.13324660395,5.20253377574189,0.0,True,False
2022-03-07,4201.08984375,36.45000076293945,35.7400016784668,0.003854629367124934,505972.2443951161,-1244.1381716289857,504728.1062234871,13.919851867724734,0.0,True,True
2022-03-08,4170.7001953125,35.130001068115234,35.0,0.003651661758209666,505977.5878081863,-1114.0206090293323,504863.56719915697,5.343413070181298,0.0,True,True
2022-03-09,4277.8798828125,32.45000076293945,33.060001373291016,0.003854629367124934,505982.6499129821,-896.3465302142585,505086.30338276783,5.062104795759768,0.0,True,False
2022-03-10,4259.52001953125,30.229999542236328,31.520000457763672,0.003854629367124934,505987.99343594164,-700.378468724013,505287.6149672176,5.343522959569071,0.0,True,False
2022-03-11,4204.31005859375,30.75,32.34000015258789,0.0039561170232425644,505993.3370153325,-718.8054366704729,505274.531578662,5.343579390827385,0.0,True,False
2022-03-14,4173.10986328125,31.770000457763672,33.31999969482422,0.004565096891371131,506009.79017751897,-697.6870901685479,505312.10308735044,16.45316218646757,0.0,True,False
2022-03-15,4262.4501953125,29.829999923706055,31.959999084472656,0.0046666025258428525,506016.11893961707,-510.3871126771547,505505.7318269399,6.3287620980836445,0.0,True,False
2022-03-16,4357.85986328125,26.670000076293945,28.959999084472656,0.004362093328476233,505680.1830814438,0.0,505680.1830814438,6.469564915535952,605.606491824113,False,False
2022-03-17,4411.669921875,25.670000076293945,28.219999313354492,0.004057607247306191,505686.22647139954,0.0,505686.22647139954,6.043389955717063,0.0,False,False
2022-03-18,4463.1201171875,23.8700008392334,26.549999237060547,0.004159100039446663,505691.8480809955,0.0,505691.8480809955,5.621609595973658,0.0,False,False
2022-03-21,4461.18017578125,23.530000686645508,26.3799991607666,0.005580268850231442,505709.13514073036,0.0,505709.13514073036,17.287059734847006,0.0,False,False
2022-03-22,4511.60986328125,22.940000534057617,25.850000381469727,0.0051741692336486865,505716.8666873224,0.0,505716.8666873224,7.731546592052798,0.0,False,False
2022-03-23,4456.240234375,23.56999969482422,26.40999984741211,0.00507265075359442,505724.035682389,0.0,505724.035682389,7.16899506658725,0.0,False,False
2022-03-24,4520.16015625,21.670000076293945,25.299999237060547,0.00507265075359442,505731.064118655,0.0,505731.064118655,7.0284362659993995,0.0,False,False
2022-03-25,4543.06005859375,20.809999465942383,24.719999313354492,0.005377213902406584,505738.0926526006,0.0,505738.0926526006,7.028533945589175,0.0,False,False
2022-03-28,4575.52001953125,19.6299991607666,24.18000030517578,0.006087951197542419,505760.4448882065,0.0,505760.4448882065,22.35223560591005,0.0,False,False
2022-03-29,4631.60009765625,18.899999618530273,23.190000534057617,0.005681800179119004,505768.880698027,0.0,505768.880698027,8.435809820455093,0.0,False,False
2022-03-30,4602.4501953125,19.329999923706055,23.56999969482422,0.005580268850231442,505776.7538489413,0.0,505776.7538489413,7.87315091430774,0.0,False,False
2022-03-31,4530.41015625,20.559999465942383,24.459999084472656,0.0051741692336486865,505784.4864293236,0.0,505784.4864293236,7.732580382341917,0.0,False,False
2022-04-01,4545.85986328125,19.6299991607666,24.209999084472656,0.005275690283209086,505791.6563829614,0.0,505791.6563829614,7.169953637733959,0.0,False,False
2022-04-04,4582.64013671875,18.56999969482422,23.030000686645508,0.00679881445588274,505813.58891431295,0.0,505813.58891431295,21.9325313515913,0.0,False,False
2022-04-05,4525.1201171875,21.030000686645508,24.899999618530273,0.006595697811793748,507079.11424343445,-1426.1035078371197,505653.01073559735,9.42182128441301,0.0,True,False
2022-04-06,4481.14990234375,22.100000381469727,25.799999237060547,0.00679881445588274,507088.27745116875,-1394.3857146180949,505693.89173655066,9.163207734308298,0.0,True,False
2022-04-07,4500.2099609375,21.549999237060547,25.229999542236328,0.006900376635245804,507097.72301615606,-1301.0475459450947,505796.67547021096,9.445564987331952,0.0,True,False
2022-04-08,4488.27978515625,21.15999984741211,25.170000076293945,0.007001941386327625,507107.30986096704,-1180.0053553311006,505927.3045056359,9.586844810993476,0.0,True,False
2022-04-11,4412.52978515625,24.3700008392334,27.0,0.007916139894923874,507136.4948294736,-1278.966627601618,505857.528201872,29.184968506588312,0.0,True,False
2022-04-12,4397.4501953125,24.260000228881836,27.170000076293945,0.007509803722084999,507147.49375268794,-1222.3872863079396,505925.10646638,10.998923214351244,0.0,True,False
2022-04-13,4446.58984375,21.81999969482422,25.540000915527344,0.007611383906217505,507157.9283206794,-927.4285933307826,506230.4997273486,10.43456799147557,0.0,True,False
2022-04-14,4392.58984375,22.700000762939453,26.030000686645508,0.007916139894923874,507168.504249288,-966.3399339137574,506202.1643153742,10.575928608593399,0.0,True,False
2022-04-18,4391.68994140625,22.170000076293945,25.75,0.008322517236116296,507212.50415046175,-740.8423565717089,506471.66179389006,43.999901173769956,0.0,True,False
2022-04-19,4462.2099609375,21.3700008392334,25.059999465942383,0.008322517236116296,507593.95075707807,-1137.6826355878268,506456.26812149025,11.56529571008955,658.3021831554828,True,False
2022-04-20,4459.4501953125,20.31999969482422,24.149999618530273,0.008322517236116296,507605.52475041046,-887.2177146584552,506718.307035752,11.57399333242147,0.0,True,False
2022-04-21,4393.66015625,22.68000030517578,26.11000061035156,0.008322517236116296,507617.09900764935,-1026.1586522813507,506590.940355368,11.574257238879493,0.0,True,False
2022-04-22,4271.77978515625,28.209999084472656,29.8700008392334,0.008322517236116296,507628.6735288007,-1772.7384230963696,505855.93510570435,11.574521151355029,0.0,True,False
2022-04-25,4296.1201171875,27.020000457763672,29.06999969482422,0.00944026726683901,507663.39867578965,-1353.0386554001768,506310.3600203895,34.725146988945504,0.0,True,False
2022-04-26,4175.2001953125,33.52000045776367,33.13999938964844,0.008525721347452138,507676.5289227522,-2499.208232218817,505177.3206905334,13.130246962562923,0.0,True,True
2022-04-27,4183.9599609375,31.600000381469727,32.20000076293945,0.008322517236116296,507688.3874410296,-2168.7215735885184,505519.6658674411,11.85851827740223,0.0,True,False
2022-04-28,4287.5,29.989999771118164,31.149999618530273,0.008220919040828615,507699.9635876768,-1508.4723646804707,506191.4912229963,11.576146647189624,0.0,True,False
2022-04-29,4131.93017578125,33.400001525878906,33.18000030517578,0.008424118004947048,505136.7800873892,0.0,505136.7800873892,11.435088495846601,-1606.9359531956206,False,True
2022-05-02,4155.3798828125,32.34000015258789,33.0099983215332,0.009135395456935813,505171.7566284768,0.0,505171.7566284768,34.97654108756379,0.0,False,False
2022-05-03,4175.47998046875,29.25,30.809999465942383,0.009135395456935813,506243.3701599282,-1228.9696916611365,505014.4004682671,12.643839790337514,0.0,True,False
2022-05-04,4300.169921875,25.420000076293945,28.09000015258789,0.008932160456818562,506256.0408209128,-1231.806059949547,505024.23476096324,12.67066098457699,0.0,True,False
2022-05-05,4146.8701171875,31.200000762939453,32.68000030517578,0.008525721347452138,506268.4299045272,-1285.6683202941656,504982.761584233,12.389083614407966,0.0,True,False
2022-05-06,4123.33984375,30.190000534057617,32.310001373291016,0.008525721347452138,506280.2555318455,-1115.5211680145858,505164.73436383094,11.825627318311714,0.0,True,False
2022-05-09,3991.239990234375,34.75,35.04999923706055,0.009338640755400468,506315.73407119355,-1245.3522275447813,505070.3818436488,35.4785393480526,0.0,True,False
2022-05-10,4001.050048828125,32.9900016784668,33.970001220703125,0.009033776669648766,506328.6884855425,-1078.0329054349982,505250.6555801075,12.954414348906896,0.0,True,False
2022-05-11,3935.179931640625,32.560001373291016,33.630001068115234,0.009135395456935813,506341.22031265986,-1060.8961288628639,505280.324183797,12.531827117386063,0.0,True,False
2022-05-12,3930.080078125,31.770000457763672,33.08000183105469,0.009643528014781815,506353.8934227158,-986.3745955943184,505367.5188271215,12.67311005588465,0.0,True,False
2022-05-13,4023.889892578125,28.8700008392334,30.700000762939453,0.010253372068529071,506367.2717856298,-686.8993834618243,505680.372402168,13.37836291404679,0.0,True,False
2022-05-16,4008.010009765625,27.469999313354492,29.510000228881836,0.01086330885908627,506409.9473266323,-537.8181650215803,505872.1291616107,42.67554100245034,0.0,True,False
2022-05-17,4088.85009765625,26.100000381469727,28.3700008392334,0.01076164628607375,506385.00507044815,-537.1877440047685,505847.8173264434,15.072245298491726,651.767446173773,True,False
2022-05-18,3923.679931640625,30.959999084472656,32.79999923706055,0.010355021759470935,506399.93552701495,-796.953582823723,505602.9819441912,14.93045656679655,0.0,True,False
2022-05-19,3900.7900390625,29.350000381469727,30.790000915527344,0.010558328869943914,506414.3022577956,-688.4940056234998,505725.8082521721,14.36673078063524,0.0,True,False
2022-05-20,3901.360107421875,29.43000030517578,31.13999938964844,0.010253372068529071,506428.9514799407,-655.3095647261429,505773.64191521454,14.649222145070741,0.0,True,False
2022-05-23,3973.75,28.479999542236328,30.290000915527344,0.01086330885908627,506471.63221917464,-429.1441844888225,506042.48803468584,42.680739233991446,0.0,True,False
2022-05-24,3941.47998046875,29.450000762939453,30.739999771118164,0.010659986289736204,506486.7063003965,-470.8699213698313,506015.83637902664,15.074081221811396,0.0,True,False
2022-05-25,3978.72998046875,28.3700008392334,29.729999542236328,0.010659986289736204,506501.4986844733,-363.12243345612825,506138.37625101715,14.792384076807828,0.0,True,False
2022-05-26,4057.840087890625,27.5,29.280000686645508,0.01076164628607375,506516.2915005745,-270.01843220140626,506246.2730683731,14.792816101230095,0.0,True,False
2022-05-27,4158.240234375,25.719999313354492,28.020000457763672,0.01076164628607375,506304.11827485095,0.0,506304.11827485095,14.934327468034116,140.08019081316806,False,False
2022-05-31,4132.14990234375,26.190000534057617,27.989999771118164,0.011473338414662016,506918.2110273894,-724.3778249416823,506193.8332024477,59.71492759671407,0.0,True,False
2022-06-01,4101.22998046875,25.690000534057617,27.719999313354492,0.011371660378853593,506934.14564545744,-625.0414167298078,506309.10422872764,15.934618068065616,0.0,True,False
2022-06-02,4176.81982421875,24.719999313354492,27.059999465942383,0.011473338414662016,506949.9395433744,-632.0922070287412,506317.84733634564,15.793897916956347,0.0,True,False
2022-06-03,4108.5400390625,24.790000915527344,27.329999923706055,0.011880076335103261,506965.8751588061,-528.4089598835766,506437.46619892254,15.935615431689746,0.0,True,False
2022-06-06,4121.43017578125,25.06999969482422,27.219999313354492,0.012490260561764442,507015.3799863564,-464.9493040448749,506550.43068231153,49.504827550294834,0.0,True,False
2022-06-07,4160.68017578125,24.020000457763672,26.520000457763672,0.012591966958252128,507032.73029473773,-413.8300209173873,506618.9002738203,17.35030838131211,0.0,True,False
2022-06-08,4115.77001953125,23.959999084472656,26.540000915527344,0.012693675933768366,507050.2224851939,-360.9583539043682,506689.26413128956,17.492190456197772,0.0,True,False
2022-06-09,4017.820068359375,26.09000015258789,28.010000228881836,0.012795387488443062,507067.85657595133,-437.43899772635996,506630.41757822497,17.634090757405453,0.0,True,False
2022-06-10,3900.860107421875,27.75,29.719999313354492,0.013609172791262171,507085.6325853558,-586.0854283405417,506499.54715701524,17.776009404448846,0.0,True,False
2022-06-13,3749.6298828125,34.02000045776367,34.2400016784668,0.01717142608145376,507142.3564371555,-1063.137205960455,506079.21923119505,56.72385179974812,0.0,True,False
2022-06-14,3735.47998046875,32.689998626708984,33.279998779296875,0.018087945660248832,507166.21551203745,-1000.7311853765831,506165.48432666087,23.85907488196643,0.0,True,False
2022-06-15,3789.989990234375,29.6200008392334,30.780000686645508,0.01717142608145376,507191.3492716376,-703.0854940249621,506488.26377761265,25.133759600154015,0.0,True,False
2022-06-16,3666.77001953125,32.95000076293945,33.4900016784668,0.015644358689213936,507215.2106514418,-1149.7743031001773,506065.43634834164,23.861379804226917,0.0,True,False
2022-06-17,3674.840087890625,31.1299991607666,32.36000061035156,0.016051519817165624,507236.9509986849,-989.6547748853557,506247.2962237996,21.740347243093144,0.0,True,False
2022-06-21,3764.7900390625,30.190000534057617,31.25,0.0168659660885449,507326.1854110019,-588.6152912765208,506737.57011972537,89.23441231700522,0.0,True,False
2022-06-22,3759.889892578125,28.950000762939453,30.239999771118164,0.015949725660284436,507349.62854506494,-510.0503164955081,506839.5782285694,23.44313406306501,0.0,True,False
2022-06-23,3795.72998046875,29.049999237060547,30.190000534057617,0.016153316557528122,507371.7991319012,-427.3314610754311,506944.4676708258,22.170586836253403,0.0,True,False
2022-06-24,3911.739990234375,27.229999542236328,28.950000762939453,0.0168659660885449,507158.3142127738,0.0,507158.3142127738,22.4545716172443,318.43833419707966,False,False
2022-06-27,3900.110107421875,26.950000762939453,28.18000030517578,0.017782415863761357,507228.6235922243,0.0,507228.6235922243,70.3093794505396,0.0,False,False
2022-06-28,3821.550048828125,28.36000061035156,29.149999618530273,0.017782415863761357,507253.3358389165,0.0,507253.3358389165,24.71224669218515,0.0,False,False
2022-06-29,3818.830078125,28.15999984741211,29.0,0.017578742261546272,507278.04928959266,0.0,507278.04928959266,24.713450676164307,0.0,False,False
2022-06-30,3785.3798828125,28.709999084472656,29.709999084472656,0.0168659660885449,507302.4808644416,0.0,507302.4808644416,24.431574848952017,0.0,False,False
2022-07-01,3825.330078125,26.700000762939453,28.520000457763672,0.0168659660885449,507325.9229031367,0.0,507325.9229031367,23.44203869507712,0.0,False,False
2022-07-05,3831.389892578125,27.540000915527344,28.899999618530273,0.018902805582492365,508219.69183110364,-969.9899403090843,507249.70189079456,93.77898765785508,0.0,True,False
2022-07-06,3845.080078125,26.729999542236328,28.38999938964844,0.018800939038543605,508246.012452453,-901.4038649047297,507344.6085875483,26.32062134939646,0.0,True,False
2022-07-07,3902.6201171875,26.079999923706055,28.030000686645508,0.019208420737802476,508272.1925850561,-991.260305494301,507280.9322795618,26.180132603107953,0.0,True,False
2022-07-08,3899.3798828125,24.63999938964844,27.299999237060547,0.01941217711221094,508298.9415248498,-820.1602117488893,507478.7813131009,26.7489397936559,0.0,True,False
2022-07-11,3854.429931640625,26.170000076293945,28.25,0.021654180644992936,508380.0481792575,-705.6444978374589,507674.40368142,81.10665440767157,0.0,True,False
2022-07-12,3818.800048828125,27.290000915527344,28.81999969482422,0.021960005519763588,508410.20949420444,-679.9349579743267,507730.27453623014,30.161314946922445,0.0,True,False
2022-07-13,3801.780029296875,26.81999969482422,28.559999465942383,0.023693453735569706,508440.79860892217,-592.795547672809,507848.0030612494,30.58911471775315,0.0,True,False
2022-07-14,3790.3798828125,26.399999618530273,28.61000061035156,0.023693453735569706,508473.8043884984,-531.5014888921854,507942.30289960623,33.00577957625909,0.0,True,False
2022-07-15,3863.159912109375,24.229999542236328,27.079999923706055,0.023285516164195733,508506.81231066724,-448.57149900701387,508058.24081166025,33.00792216884492,0.0,True,False
2022-07-18,3830.85009765625,25.299999237060547,27.81999969482422,0.024815496033122095,508762.4062472761,-718.1226596217459,508044.28358765435,97.33131588890076,410.12990140729966,True,False
2022-07-19,3936.68994140625,24.5,27.309999465942383,0.02501953745077878,508796.9969888169,-981.1475796161166,507815.8494092008,34.59074154075109,0.0,True,False
2022-07-20,3959.89990234375,23.8799991607666,26.700000762939453,0.024815496033122095,508831.8745280661,-976.7361425647966,507855.1383855013,34.877539249184174,0.0,True,False
2022-07-21,3998.949951171875,23.11000061035156,26.219999313354492,0.024407444334296906,508866.4699927533,-1074.6328970459747,507791.8370957073,34.59546468718758,0.0,True,False
2022-07-22,3961.6298828125,23.030000686645508,25.969999313354492,0.024509453367272362,508900.4988840258,-756.510215368981,508143.9886686568,34.02889127248876,0.0,True,False
2022-07-25,3966.840087890625,23.36000061035156,25.799999237060547,0.025937852300922264,509003.02597535687,-639.2140678799325,508363.8119074769,102.52709133109975,0.0,True,False
2022-07-26,3921.050048828125,24.690000534057617,26.420000076293945,0.025223589248672858,509039.19834362995,-523.6298194420971,508515.56852418784,36.172368273063995,0.0,True,False
2022-07-27,4023.610107421875,23.239999771118164,25.309999465942383,0.024101432800448245,509074.37708147214,-860.3547622672803,508214.0223192049,35.17873784217448,0.0,True,False
2022-07-28,4072.429931640625,22.329999923706055,24.329999923706055,0.023897438080793178,509107.9930458055,-1098.8370750759557,508009.15597072954,33.61596433334968,0.0,True,False
2022-07-29,4130.2900390625,21.329999923706055,23.790000915527344,0.02379544461144372,507635.13842934475,0.0,507635.13842934475,33.33363021939249,-958.0655870583859,False,False
2022-08-01,4118.6298828125,22.84000015258789,24.86000061035156,0.025223589248672858,507734.4309099078,0.0,507734.4309099078,99.2924805630189,0.0,False,False
2022-08-02,4091.18994140625,23.93000030517578,25.65999984741211,0.025223589248672858,508442.92252562486,-843.4030478886133,507599.51947773626,35.088567828459865,0.0,True,False
2022-08-03,4155.169921875,21.950000762939453,24.3700008392334,0.024815496033122095,508478.06005597115,-793.6921143380874,507684.36794163304,35.13753034626555,0.0,True,False
2022-08-04,4151.93994140625,21.440000534057617,24.31999969482422,0.024509453367272362,508512.63146482245,-713.3192048070345,507799.3122600154,34.57140885128593,0.0,True,False
2022-08-05,4145.18994140625,21.149999618530273,24.18000030517578,0.025223589248672858,508546.7788212317,-635.3417851358063,507911.4370360959,34.14735640924691,0.0,True,False
2022-08-08,4140.06005859375,21.290000915527344,24.479999542236328,0.02614195082295749,508652.220230729,-536.4219773819857,508115.79825334705,105.44140949735943,0.0,True,False
2022-08-09,4122.47021484375,21.770000457763672,24.690000534057617,0.026244003978677013,508688.65211435047,-502.8388485432333,508185.8132658072,36.43188362143267,0.0,True,False
2022-08-10,4210.240234375,19.739999771118164,23.459999084472656,0.026039900263749652,508725.22884575924,-513.9410259463392,508211.2878198129,36.57673140874715,0.0,True,False
2022-08-11,4207.27001953125,20.200000762939453,23.709999084472656,0.02563172398939818,508761.5237136292,-502.03157368958557,508259.4921399396,36.294867869963404,0.0,True,False
2022-08-12,4280.14990234375,19.530000686645508,23.309999465942383,0.025733764163878625,508797.2521871582,-687.4507372485655,508109.80144990963,35.728473528957934,0.0,True,False
2022-08-15,4297.14013671875,19.950000762939453,23.31999969482422,0.026754308709582827,508904.87947434024,-657.6164296252801,508247.263044715,107.62728718202135,0.0,True,False
2022-08-16,4305.2001953125,19.690000534057617,23.31999969482422,0.0265501790262306,508942.18330245593,-616.7633031739487,508325.419999282,37.30382811572019,0.0,True,False
2022-08-17,4274.0400390625,19.899999618530273,23.600000381469727,0.02634605973104124,508979.2052135351,-442.4336392631548,508536.77157427196,37.02191107917119,0.0,True,False
2022-08-18,4283.740234375,19.559999465942383,23.38999938964844,0.0265501790262306,509015.9451601461,-400.04089949229734,508615.9042606538,36.73994661097264,0.0,True,False
2022-08-19,4228.47998046875,20.600000381469727,24.31999969482422,0.026856377447150227,508764.9104134893,0.0,508764.9104134893,37.02727672781662,385.341024504005,False,False
2022-08-22,4137.990234375,23.799999237060547,26.0,0.027877207703692453,508877.2262267089,0.0,508877.2262267089,112.31581321958708,0.0,False,False
2022-08-23,4128.72998046875,24.11000061035156,25.920000076293945,0.027570931345771127,508916.09367296164,0.0,508916.09367296164,38.8674462527362,0.0,False,False
2022-08-24,4140.77001953125,22.81999969482422,24.88999938964844,0.027775112985802146,508954.5370171593,0.0,508954.5370171593,38.44334419764495,0.0,False,False
2022-08-25,4199.1201171875,21.780000686645508,24.1299991607666,0.028285612564175014,508993.2679970007,0.0,508993.2679970007,38.73097984145435,0.0,False,False
2022-08-26,4057.659912109375,25.559999465942383,26.559999465942383,0.028285612564175014,509032.7138716432,0.0,509032.7138716432,39.44587464247846,0.0,False,False
2022-08-29,4030.610107421875,26.209999084472656,26.81999969482422,0.029408940397327037,509151.0698383368,0.0,509151.0698383368,118.35596669358749,0.0,False,False
2022-08-30,3986.159912109375,26.209999084472656,26.90999984741211,0.029306806684143823,509192.09503480745,0.0,509192.09503480745,41.02519647065592,0.0,False,False
2022-08-31,3955.0,25.8700008392334,26.649999618530273,0.029204675571573958,509232.9810441374,0.0,509232.9810441374,40.8860093299454,0.0,False,False
2022-09-01,3966.85009765625,25.559999465942383,26.43000030517578,0.029306806684143823,509273.7278358969,0.0,509273.7278358969,40.74679175950244,0.0,False,False
2022-09-02,3924.260009765625,25.469999313354492,26.479999542236328,0.029000421147742747,509314.6204000015,0.0,509314.6204000015,40.89256410465522,0.0,False,False
2022-09-06,3908.18994140625,26.90999984741211,27.59000015258789,0.03012394921789552,510395.82767079474,-1089.3148232475755,509306.5128475472,161.8924475456684,0.0,True,False
2022-09-07,3979.8701171875,24.63999938964844,26.100000381469727,0.030328260865411308,510437.9530748409,-1086.4534101433537,509351.4996646975,42.1254040461268,0.0,True,False
2022-09-08,4006.179931640625,23.61000061035156,25.520000457763672,0.03022610374075078,510480.3677010559,-1062.4472943022158,509417.92040675366,42.414626215004056,0.0,True,False
2022-09-09,4067.360107421875,22.790000915527344,25.13999938964844,0.030328260865411308,510522.6429653058,-1276.6853768140425,509245.9575884917,42.27526424987303,0.0,True,False
2022-09-12,4110.41015625,23.8700008392334,25.3700008392334,0.031452160993734345,510649.91853108647,-1529.2552248460015,509120.66330624046,127.27556578069019,0.0,True,False
2022-09-13,3932.68994140625,27.270000457763672,27.950000762939453,0.032474161735104125,510693.92328577535,-932.2543658060841,509761.6689199693,44.004754688861034,0.0,True,False
2022-09-14,3946.010009765625,26.15999984741211,27.459999084472656,0.031963128813672324,510739.3619017793,-836.372457956843,509902.9894438225,45.438616003976584,0.0,True,False
2022-09-15,3901.35009765625,26.270000457763672,27.600000381469727,0.03175873387444679,510784.0894163544,-696.8001306277176,510087.2892857267,44.72751457511414,0.0,True,False
2022-09-16,3873.330078125,26.299999237060547,27.6299991607666,0.03155434935039874,510828.53479092225,-621.069832070167,510207.4649588521,44.445374567831614,0.0,True,False
2022-09-19,3899.889892578125,25.760000228881836,27.010000228881836,0.033496422948821526,510961.03576992784,-510.5095716002711,510450.52619832754,132.50097900556557,0.0,True,False
2022-09-20,3855.929931640625,27.15999984741211,27.8799991607666,0.033189717227210126,511007.9293379714,-527.9554406049999,510479.9738973664,46.893568043560116,0.0,True,False
2022-09-21,3789.929931640625,27.989999771118164,28.760000228881836,0.032678593135811514,511054.3977757825,-543.5301367382198,510510.8676390443,46.468437811145044,0.0,True,False
2022-09-22,3757.989990234375,27.350000381469727,28.219999313354492,0.032474161735104125,511100.1547247151,-507.45031063151515,510592.70441408356,45.75694893260377,0.0,True,False
2022-09-23,3693.22998046875,29.920000076293945,30.31999969482422,0.03175873387444679,511145.62948486244,-688.5673918609876,510457.06209300144,45.47476014730996,0.0,True,False
2022-09-26,3655.0400390625,32.2599983215332,31.770000457763672,0.03359866340128471,511279.0715963854,-790.369722467849,510488.70187391754,133.44211152296003,0.0,True,True
2022-09-27,3647.2900390625,32.599998474121094,32.119998931884766,0.033189717227210126,511326.137580209,-791.3593291639615,510534.77825104503,47.06598382360403,0.0,True,True
2022-09-28,3719.0400390625,30.18000030517578,30.579999923706055,0.033496422948821526,511372.6349542442,-506.4539741098083,510866.1809801344,46.4973740351574,0.0,True,False
2022-09-29,3640.469970703125,31.84000015258789,31.739999771118164,0.033189717227210126,511419.56629689876,-696.1946228314795,510723.3716740673,46.931342654548466,0.0,True,True
2022-09-30,3585.6201171875,31.6200008392334,31.86000061035156,0.03278081274358243,510674.7073755194,0.0,510674.7073755194,46.505869963032524,127.95003190517954,False,False
2022-10-03,3678.429931640625,30.100000381469727,30.690000534057617,0.034007651274308236,510812.3176824476,0.0,510812.3176824476,137.61030692823252,0.0,False,False
2022-10-04,3790.929931640625,29.06999969482422,29.670000076293945,0.03380315212489637,511778.66016273556,-1088.7470379360923,510689.91312479944,47.59544235181738,0.0,True,False
2022-10-05,3783.280029296875,28.549999237060547,29.43000030517578,0.033905400396310605,511826.05888329574,-991.208418186459,510834.8504651093,47.39872056017734,0.0,True,False
2022-10-06,3744.52001953125,30.520000457763672,30.790000915527344,0.03380315212489637,511873.6053860049,-1033.8466934424378,510839.75869256246,47.546502709137776,0.0,True,False
2022-10-07,3639.659912109375,31.36000061035156,32.099998474121094,0.03370090645993172,511921.01289998,-981.6703858712505,510939.34251410875,47.40751397509784,0.0,True,False
2022-10-10,3612.389892578125,32.45000076293945,32.72999954223633,0.03370090645993172,512062.8314624513,-962.0916558039855,511100.73980664735,141.81856247131736,0.0,True,False
2022-10-11,3588.840087890625,33.630001068115234,33.36000061035156,0.035950913383836366,512110.1130468036,-1013.4175019766868,511096.6955448269,47.281584352311135,0.0,True,True
2022-10-12,3577.030029296875,33.56999969482422,33.130001068115234,0.03625783032483448,512160.556151023,-986.2350970322059,511174.3210539908,50.4431042193665,0.0,True,True
2022-10-13,3669.909912109375,31.940000534057617,31.799999237060547,0.03707639033485183,512211.4349261072,-818.7265713139684,511392.7083547932,50.87877508417153,0.0,True,True
2022-10-14,3583.070068359375,32.02000045776367,32.45000076293945,0.03717872208288992,512263.46757177927,-839.4612316967439,511424.0063400825,52.032645672094056,0.0,True,False
2022-10-17,3677.949951171875,31.3700008392334,31.739999771118164,0.038918761366922815,512420.0282126679,-657.6938619715082,511762.3343506964,156.56064088866015,0.0,True,False
2022-10-18,3719.97998046875,30.5,30.979999542236328,0.039635467594594666,512474.668804588,-584.4091553031151,511890.2596492849,54.64059192009101,0.0,True,False
2022-10-19,3695.159912109375,30.760000228881836,31.350000381469727,0.03984026432686883,512530.3216156046,-558.729415289979,511971.5922003146,55.65281101665445,0.0,True,False
2022-10-20,3665.780029296875,29.979999542236328,30.809999465942383,0.03984026432686883,512586.2680756849,-494.18434362189555,512092.083732063,55.94646008030199,0.0,True,False
2022-10-21,3752.75,29.690000534057617,30.469999313354492,0.03973786465364425,512174.93159151863,0.0,512174.93159151863,55.952567048540764,451.457986721287,False,False
2022-10-24,3797.340087890625,29.850000381469727,30.329999923706055,0.04076197904577037,512342.24169181456,0.0,512342.24169181456,167.3101002959142,0.0,False,False
2022-10-25,3859.110107421875,28.459999084472656,29.290000915527344,0.04045471727135618,512399.4615545429,0.0,512399.4615545429,57.219862728299944,0.0,False,False
2022-10-26,3830.60009765625,27.280000686645508,28.459999084472656,0.04014747903292383,512456.2564151894,0.0,512456.2564151894,56.79486064654678,0.0,False,False
2022-10-27,3807.300048828125,27.38999938964844,28.280000686645508,0.040249889164181527,512512.6261640678,0.0,512512.6261640678,56.36974887842489,0.0,False,False
2022-10-28,3901.06005859375,25.75,26.899999618530273,0.040659555838967396,512569.1459279982,0.0,512569.1459279982,56.51976393032819,0.0,False,False
2022-10-31,3871.97998046875,25.8799991607666,26.920000076293945,0.041376573216971836,512740.46907795256,0.0,512740.46907795256,171.32314995437326,0.0,False,False
2022-11-01,3856.10009765625,25.809999465942383,26.690000534057617,0.041376573216971836,513614.7112306072,-986.1143551150452,512628.59687549213,58.12779753956972,0.0,True,False
2022-11-02,3759.68994140625,25.86000061035156,27.219999313354492,0.04117169802941739,513672.9381382695,-815.3457398559301,512857.5923984136,58.2269076623604,0.0,True,False
2022-11-03,3719.889892578125,25.299999237060547,26.700000762939453,0.041376573216971836,513730.88328874245,-740.4526577692944,512990.43063097313,57.945150472899996,0.0,True,False
2022-11-04,3770.550048828125,24.549999237060547,26.38999938964844,0.04096683330603987,513789.1233664709,-675.9939605312456,513113.12940593966,58.240077728470425,0.0,True,False
2022-11-07,3806.800048828125,24.350000381469727,26.260000228881836,0.04199126157538794,513962.1523313769,-599.762495696851,513362.3898356801,173.02896490601353,0.0,True,False
2022-11-08,3828.110107421875,25.540000915527344,27.100000381469727,0.041786354988887824,514021.2842784101,-679.5288425970216,513341.75543581304,59.13194703316463,0.0,True,False
2022-11-09,3748.570068359375,26.09000015258789,27.90999984741211,0.0418888069736482,514080.13443019066,-640.744391733182,513439.39003845747,58.85015178059019,0.0,True,False
2022-11-10,3956.3701171875,23.530000686645508,26.18000030517578,0.04168390562097403,514139.1356335921,-801.5684038518334,513337.56722974026,59.00120340141066,0.0,True,False
2022-11-11,3992.929931640625,22.520000457763672,25.739999771118164,0.04168390562097403,514197.8549514216,-828.5974300839758,513369.25752133765,58.71931782950983,0.0,True,False
2022-11-14,3957.25,23.729999542236328,26.1299991607666,0.0424011061548201,514374.05314562214,-630.4205733849886,513743.63257223717,176.19819420049564,0.0,True,False
2022-11-15,3991.72998046875,24.540000915527344,26.59000015258789,0.04219617863034214,514433.8101201073,-810.9745690512416,513622.8355510561,59.75697448516293,0.0,True,False
2022-11-16,3958.7900390625,24.11000061035156,26.030000686645508,0.04219617863034214,514493.28517690516,-575.9455265684312,513917.3396503367,59.47505679784297,0.0,True,False
2022-11-17,3946.56005859375,23.93000030517578,25.829999923706055,0.042093718794241654,514552.767109772,-477.2101746799254,514075.5569350921,59.48193286685616,0.0,True,False
2022-11-18,3965.340087890625,23.1200008392334,25.329999923706055,0.04229864108382401,514612.11146174936,-428.05715765503464,514184.05430409434,59.34435197736996,0.0,True,False
2022-11-21,3949.93994140625,22.36000061035156,24.719999313354492,0.04311843495344054,514542.7094028959,0.0,514542.7094028959,178.9411830021176,567.7711132594301,False,False
2022-11-22,4003.580078125,21.290000915527344,23.829999923706055,0.04291347077720313,514603.4973121016,0.0,514603.4973121016,60.787909205720666,0.0,False,False
2022-11-23,4027.260009765625,20.350000381469727,23.3799991607666,0.04291347077720313,514664.0033953381,0.0,514664.0033953381,60.50608323646455,0.0,False,False
2022-11-25,4026.1201171875,20.5,23.59000015258789,0.043015951556096534,514785.03690521204,0.0,514785.03690521204,121.03350987398738,0.0,False,False
2022-11-28,3963.93994140625,22.209999084472656,24.899999618530273,0.04383589206272108,514967.0743016601,0.0,514967.0743016601,182.0373964480789,0.0,False,False
2022-11-29,3957.6298828125,21.88999938964844,24.649999618530273,0.04352839473000431,515028.92470355483,0.0,515028.92470355483,61.85040189473543,0.0,False,False
2022-11-30,4080.110107421875,20.579999923706055,23.530000686645508,0.04352839473000431,515090.3485916286,0.0,515090.3485916286,61.4238880737608,0.0,False,False
2022-12-01,4076.570068359375,19.84000015258789,23.309999465942383,0.043015951556096534,515151.7798052987,0.0,515151.7798052987,61.43121367014021,0.0,False,False
2022-12-02,4071.699951171875,19.059999465942383,22.959999084472656,0.043015951556096534,515212.4950103388,0.0,515212.4950103388,60.715205040088456,0.0,False,False
2022-12-05,3998.840087890625,20.75,23.88999938964844,0.04352839473000431,515394.6835637844,0.0,515394.6835637844,182.18855344560103,0.0,False,False
2022-12-06,3941.260009765625,22.170000076293945,24.719999313354492,0.04352839473000431,515974.0570377274,-687.9059643749758,515286.15107335243,61.46750956804029,0.0,True,False
2022-12-07,3933.919921875,22.68000030517578,25.18000030517578,0.04281099261662742,516035.59364510665,-688.3083841696066,515347.28526093706,61.53660737926879,0.0,True,False
2022-12-08,3963.510009765625,22.290000915527344,24.729999542236328,0.04250357384346505,516096.123211215,-677.399508143377,515418.72370307165,60.52956610834562,0.0,True,False
2022-12-09,3934.3798828125,22.829999923706055,25.209999084472656,0.042708517074234724,516156.2251480151,-634.0281679427977,515522.1969800723,60.101936800051625,0.0,True,False
2022-12-12,3990.56005859375,25.0,25.670000076293945,0.043733390332472026,516337.44270824746,-814.6794277378025,515522.7632805097,181.2175602324033,0.0,True,False
2022-12-13,4019.64990234375,22.549999237060547,24.290000915527344,0.04342590085751791,516399.31268027495,-657.4018900891036,515741.91079018585,61.86997202747001,0.0,True,False
2022-12-14,3995.320068359375,21.13999938964844,23.459999084472656,0.04311843495344054,516460.7549800626,-447.995831998725,516012.7591480639,61.442299787650526,0.0,True,False
2022-12-15,3895.75,22.829999923706055,25.079999923706055,0.043015951556096534,516521.7694865522,-424.4472684898251,516097.3222180624,61.01450648961289,0.0,True,False
2022-12-16,3852.360107421875,22.6200008392334,25.149999618530273,0.04281099261662742,516582.6461570238,-398.4333305679443,516184.2128264558,60.876670471561006,0.0,True,False
2022-12-19,3817.659912109375,22.420000076293945,25.079999923706055,0.043630891221611366,516764.44868191885,-351.13243781754625,516413.3162441013,181.80252489505136,0.0,True,False
2022-12-20,3821.6201171875,21.479999542236328,24.399999618530273,0.043323409604017406,516826.22468491015,-298.6720192486858,516527.55266566144,61.77600299129177,0.0,True,False
2022-12-21,3878.43994140625,20.06999969482422,23.350000381469727,0.043015951556096534,516936.0727155343,-440.0623476700981,516496.0103678642,61.34795370161853,296.3436936274411,True,False
2022-12-22,3822.389892578125,21.969999313354492,24.780000686645508,0.04322092096936986,516996.998215315,-499.39693268646676,516497.60128262854,60.92549978067438,0.0,True,False
2022-12-23,3844.820068359375,20.8700008392334,24.1299991607666,0.04311843495344054,517058.2212548581,-389.37043904227045,516668.8508158158,61.22303954308295,0.0,True,False
2022-12-27,3829.25,21.649999618530273,24.43000030517578,0.044348440009470164,517302.604921554,-298.5724421809059,517004.0324793731,244.3836666958867,0.0,True,False
2022-12-28,3783.219970703125,22.13999938964844,24.579999923706055,0.044348440009470164,517365.46233888844,-326.60190993418905,517038.86042895424,62.85741733445109,0.0,True,False
2022-12-29,3849.280029296875,21.440000534057617,23.950000762939453,0.044245925180273475,517428.327394025,-231.23757917967228,517197.0898148453,62.865055136535155,0.0,True,False
2022-12-30,3839.5,21.670000076293945,24.290000915527344,0.04383589206272108,517269.2810753534,0.0,517269.2810753534,62.72734999121134,48.288679007252284,False,False
2023-01-03,3824.139892578125,22.899999618530273,24.579999923706055,0.0448610534610046,518304.21110328985,-956.377614843014,517347.83348844683,248.55241309342387,0.0,True,False
2023-01-04,3852.969970703125,22.010000228881836,23.809999465942383,0.0449635840133589,518367.91823172424,-914.9905657331307,517452.9276659911,63.707128434409846,0.0,True,False
2023-01-05,3808.10009765625,22.459999084472656,24.06999969482422,0.04598903371375363,518431.77882107283,-787.7336371372979,517644.04518393555,63.860589348587524,0.0,True,False
2023-01-06,3895.080078125,21.1299991607666,23.18000030517578,0.04598903371375363,518497.1039680403,-915.3726436364185,517581.7313244039,65.32514696747486,0.0,True,False
2023-01-09,3892.090087890625,21.969999313354492,23.739999771118164,0.04639928701180315,518693.12880097644,-865.4686863252796,517827.66011465114,196.0248329361348,0.0,True,False
2023-01-10,3919.25,20.579999923706055,22.739999771118164,0.046604429397524544,518759.0699547659,-795.1389026595353,517963.9310521064,65.9411537894476,0.0,True,False
2023-01-11,3969.610107421875,21.09000015258789,22.739999771118164,0.046604429397524544,518825.311088964,-1093.1455492246944,517732.1655397393,66.24113419808063,0.0,True,False
2023-01-12,3983.169921875,18.829999923706055,21.579999923706055,0.04588647694541601,518891.5606815932,-866.7271245651509,518024.83355702803,66.24959262919825,0.0,True,False
2023-01-13,3999.090087890625,18.350000381469727,21.13999938964844,0.04598903371375363,518956.79794833076,-861.2917194589859,518095.50622887176,65.23726673755216,0.0,True,False
2023-01-17,3990.969970703125,19.36000061035156,21.450000762939453,0.04650185689316091,519218.4125990049,-712.595961187097,518505.8166378178,261.6146506741431,0.0,True,False
2023-01-18,3928.860107421875,20.34000015258789,22.270000457763672,0.04629671975331805,519284.56645770336,-462.2355791237456,518822.33087857964,66.15385869843249,0.0,True,False
2023-01-19,3898.85009765625,20.520000457763672,22.450000762939453,0.04639928701180315,518989.4236781283,0.0,518989.4236781283,65.87040220559624,425.3644330622931,False,False
2023-01-20,3972.610107421875,19.850000381469727,21.719999313354492,0.046604429397524544,519055.402499712,0.0,519055.402499712,65.97882158371058,0.0,False,False
2023-01-23,4019.81005859375,19.809999465942383,21.600000381469727,0.04670700452502913,519254.264810635,0.0,519254.264810635,198.86231092297925,0.0,False,False
2023-01-24,4016.949951171875,19.200000762939453,20.90999984741211,0.046604429397524544,519320.71512052685,0.0,519320.71512052685,66.45030989181465,0.0,False,False
2023-01-25,4016.219970703125,19.079999923706055,20.940000534057617,0.04650185689316091,519387.0279720499,0.0,519387.0279720499,66.31285152304253,0.0,False,False
2023-01-26,4060.429931640625,18.729999542236328,20.700000762939453,0.04639928701180315,519453.2033141112,0.0,519453.2033141112,66.17534206129507,0.0,False,False
2023-01-27,4070.56005859375,18.510000228881836,20.469999313354492,0.046604429397524544,519519.24109572853,0.0,519519.24109572853,66.03778161730783,0.0,False,False
2023-01-30,4017.77001953125,19.940000534057617,21.3700008392334,0.04680958227580794,519718.2811141075,0.0,519718.2811141075,199.04001837897508,0.0,False,False
2023-01-31,4076.60009765625,19.399999618530273,20.809999465942383,0.04670700452502913,520527.0058419544,-912.0689588850742,519614.9368830693,66.65576896176732,0.0,True,False
2023-02-01,4119.2099609375,17.8700008392334,19.969999313354492,0.04629671975331805,520593.6190278044,-859.9972186700559,519733.6218091344,66.61318585003917,0.0,True,False
2023-02-02,4179.759765625,18.729999542236328,20.84000015258789,0.046194155117570544,520659.6554811983,-1312.3147223234912,519347.3407588748,66.03645339384747,0.0,True,False
2023-02-03,4136.47998046875,18.329999923706055,20.780000686645508,0.046604429397524544,520725.55398782727,-951.1374141027023,519774.4165737246,65.8985066289958,0.0,True,False
2023-02-06,4111.080078125,19.43000030517578,21.43000030517578,0.04680958227580794,520925.05617299664,-832.205312561722,520092.85086043493,199.5021851693864,0.0,True,False
2023-02-07,4164.0,18.65999984741211,20.780000686645508,0.04680958227580794,520991.8667152701,-934.9342469565461,520056.93246831355,66.81054227345786,0.0,True,False
2023-02-08,4117.85986328125,19.6299991607666,21.81999969482422,0.04680958227580794,521058.68582623976,-801.956136748969,520256.7296894908,66.8191109696762,0.0,True,False
2023-02-09,4081.5,20.709999084472656,22.5,0.04732251038351998,521125.5135070046,-756.2484061890234,520369.26510081557,66.82768076486116,0.0,True,False
2023-02-10,4090.4599609375,20.530000686645508,22.549999237060547,0.04752769999422446,521193.0821816599,-721.9354094292686,520471.1467722306,67.5686746552804,0.0,True,False
2023-02-13,4137.2900390625,20.34000015258789,21.969999313354492,0.04773290010232253,521396.72010512557,-712.8426241873245,520683.8774809382,203.63792346569136,0.0,True,False
2023-02-14,4136.1298828125,18.90999984741211,21.13999938964844,0.04763029873603194,521464.91025574424,-501.8697070259168,520963.0405487183,68.19015061866216,0.0,True,False
2023-02-15,4147.60009765625,18.229999542236328,20.68000030517578,0.04752769999422446,521532.9627217723,-426.374052147425,521106.5886696249,68.05246602809065,0.0,True,False
2023-02-16,4090.409912109375,20.170000076293945,21.8799991607666,0.047938110708888315,521600.87745073054,-428.2293094410835,521172.6481412895,67.91472895822596,0.0,True,False
2023-02-17,4079.090087890625,20.020000457763672,21.770000457763672,0.047938110708888315,521293.0027537572,0.0,521293.0027537572,68.51014437416546,365.68411753757505,False,False
2023-02-21,3997.340087890625,22.8700008392334,23.3799991607666,0.048143331814996124,521566.93554294144,0.0,521566.93554294144,273.932789184284,0.0,False,False
2023-02-22,3991.050048828125,22.290000915527344,22.68000030517578,0.04804071994943209,521635.7345185883,0.0,521635.7345185883,68.79897564685864,0.0,False,False
2023-02-23,4012.320068359375,21.13999938964844,21.739999771118164,0.04804071994943209,521704.39590344485,0.0,521704.39590344485,68.66138485654069,0.0,False,False
2023-02-24,3970.0400390625,21.670000076293945,22.43000030517578,0.048143331814996124,521773.0663259985,0.0,521773.0663259985,68.67042255365085,0.0,False,False
2023-02-27,3982.239990234375,20.950000762939453,21.59000015258789,0.04834856342172042,521979.5720613971,0.0,521979.5720613971,206.50573539857564,0.0,False,False
2023-02-28,3970.14990234375,20.700000762939453,21.31999969482422,0.048143331814996124,522048.7190038229,0.0,522048.7190038229,69.14694242580214,0.0,False,False
2023-03-01,3951.389892578125,20.579999923706055,21.36000061035156,0.04824594630571383,522117.58153067733,0.0,522117.58153067733,68.86252685444762,0.0,False,False
2023-03-02,3981.35009765625,19.59000015258789,20.6299991607666,0.04834856342172042,522186.59994628414,0.0,522186.59994628414,69.01841560682725,0.0,False,False
2023-03-03,4045.639892578125,18.489999771118164,19.979999542236328,0.04834856342172042,522255.7743138162,0.0,522255.7743138162,69.17436753207649,0.0,False,False
2023-03-06,4048.419921875,18.61000061035156,19.989999771118164,0.048553805530135836,522463.35240268434,0.0,522463.35240268434,207.57808886809642,0.0,False,False
2023-03-07,3986.3701171875,19.59000015258789,20.59000015258789,0.04968282489218797,523434.92652852513,-1072.0692728700317,522362.8572556551,69.50485297075296,0.0,True,False
2023-03-08,3992.010009765625,19.11000061035156,20.190000534057617,0.04988813528780124,523506.17994165514,-989.6547820005754,522516.52515965456,71.25341312998485,0.0,True,False
2023-03-09,3918.320068359375,22.61000061035156,22.8700008392334,0.04968282489218797,523577.73756364535,-1178.9460501710994,522398.79151347425,71.55762199020695,0.0,True,False
2023-03-10,3861.590087890625,24.799999237060547,25.38999938964844,0.049272235625926496,523649.010417155,-1371.8804146689524,522277.13000248605,71.27285350961795,0.0,True,False
2023-03-13,3855.760009765625,26.520000457763672,26.63999938964844,0.047938110708888315,523861.1193153495,-1448.6120635467773,522412.5072518027,212.10889819450585,0.0,True,False
2023-03-14,3919.2900390625,23.729999542236328,24.8700008392334,0.04804071994943209,523929.92633325886,-1177.732450847917,522752.19388241094,68.80701790939108,0.0,True,False
2023-03-15,3891.929931640625,26.13999938964844,27.200000762939453,0.04680958227580794,523998.88969586865,-1391.4125189105266,522607.4771769581,68.96336260978491,0.0,True,False
2023-03-16,3960.280029296875,22.989999771118164,24.559999465942383,0.046604429397524544,524066.0944685253,-1103.6080833875235,522962.4863851378,67.20477265667292,0.0,True,False
2023-03-17,3916.639892578125,25.510000228881836,27.420000076293945,0.04445095745885867,524133.01326475065,-1280.3869117291686,522852.6263530215,66.91879622534715,0.0,True,False
2023-03-20,3951.570068359375,24.149999618530273,25.850000381469727,0.04742510387676492,524324.5404220026,-1018.3043960469508,523306.2360259556,191.52715725186857,0.0,True,False
2023-03-21,4002.8701171875,21.3799991607666,23.56999969482422,0.04711733126913511,524392.6712749233,-783.2688153406554,523609.4024595826,68.13085292068682,0.0,True,False
2023-03-22,3936.969970703125,22.260000228881836,24.3799991607666,0.04721991951435448,524460.3687489929,-684.3681430696012,523776.0006059233,67.69747406965307,0.0,True,False
2023-03-23,3948.719970703125,22.61000061035156,24.530000686645508,0.046604429397524544,524528.222388412,-684.22590668189,523843.9964817301,67.85363941907862,0.0,True,False
2023-03-24,3970.989990234375,21.739999771118164,23.959999084472656,0.046604429397524544,524595.2001944539,-582.1409971766161,524013.0591972773,66.97780604190913,0.0,True,False
2023-03-27,3977.530029296875,20.600000381469727,22.8700008392334,0.04845118316314934,524423.2701198903,0.0,524423.2701198903,200.98473748152526,529.154460824886,False,False
2023-03-28,3971.27001953125,19.969999313354492,22.3799991607666,0.04732251038351998,524492.8882415848,0.0,524492.8882415848,69.61812169443296,0.0,False,False
2023-03-29,4027.81005859375,19.1200008392334,21.489999771118164,0.04732251038351998,524560.8935270795,0.0,524560.8935270795,68.00528549467697,0.0,False,False
2023-03-30,4050.830078125,19.020000457763672,21.450000762939453,0.048964321256339406,524628.9076300795,0.0,524628.9076300795,68.01410300004052,0.0,False,False
2023-03-31,4109.31005859375,18.700000762939453,21.229999542236328,0.04773290010232253,524699.2907025857,0.0,524699.2907025857,70.3830725061289,0.0,False,False
2023-04-03,4124.509765625,18.549999237060547,20.829999923706055,0.04865643052281336,524905.1838459609,0.0,524905.1838459609,205.89314337517908,0.0,False,False
2023-04-04,4100.60009765625,19.0,21.34000015258789,0.04834856342172042,526099.2829698211,-1294.1218225070645,524805.161147314,69.9773013531213,0.0,True,False
2023-04-05,4090.3798828125,19.079999923706055,21.479999542236328,0.048143331814996124,526168.975652786,-1218.205790516804,524950.7698622692,69.69268296478675,0.0,True,False
2023-04-06,4105.02001953125,18.399999618530273,21.0,0.04865643052281336,526238.3816754365,-1133.4700623832123,525104.9116130533,69.40602265054468,0.0,True,False
2023-04-10,4109.10986328125,18.969999313354492,21.06999969482422,0.050401457259371084,526519.0579384735,-1009.1856078945814,525509.872330579,280.67626303707374,0.0,True,False
2023-04-11,4108.93994140625,19.100000381469727,21.010000228881836,0.04988813528780124,526591.7679661405,-967.1889242753441,525624.5790418652,72.71002766700194,0.0,True,False
2023-04-12,4091.949951171875,19.09000015258789,21.049999237060547,0.04968282489218797,526663.7473545776,-858.4543761764895,525805.2929784012,71.97938843716321,0.0,True,False
2023-04-13,4146.22021484375,17.799999237060547,20.260000228881836,0.05050412953748208,526735.4402960857,-856.2908432063825,525879.1494528793,71.6929415079768,0.0,True,False
2023-04-14,4137.64013671875,17.06999969482422,20.030000686645508,0.05081216214182949,526808.3283931848,-676.6354855152048,526131.6929076696,72.88809709913284,0.0,True,False
2023-04-17,4151.31982421875,16.950000762939453,19.649999618530273,0.051633698090556686,527350.6759516227,-1057.3885974367745,526293.2873541858,220.0591286374281,559.0216548706561,True,False
2023-04-18,4154.8701171875,16.829999923706055,19.81999969482422,0.051428298327706325,527425.2814081222,-980.6776156757128,526444.6037924464,74.6054564995218,0.0,True,False
2023-04-19,4154.52001953125,16.459999084472656,20.020000457763672,0.05112021840402644,527499.6005744977,-837.4733599258793,526662.1272145718,74.31916637559577,0.0,True,False
2023-04-20,4129.7900390625,17.170000076293945,20.549999237060547,0.05070948197857671,527573.4849121334,-789.5884503173977,526783.896461816,73.88433763574548,0.0,True,False
2023-04-21,4133.52001953125,16.770000457763672,20.38999938964844,0.05081216214182949,527646.7858343482,-662.3654044326162,526984.4204299155,73.30092221473511,0.0,True,False
2023-04-24,4137.0400390625,16.889999389648438,20.399999618530273,0.051428298327706325,527867.1952046275,-473.2339746207859,527393.9612300067,220.4093702793261,0.0,True,False
2023-04-25,4071.6298828125,18.760000228881836,21.649999618530273,0.05070948197857671,527941.5766407996,-631.237872383562,527310.3387684161,74.38143617214111,0.0,True,False
2023-04-26,4055.989990234375,18.84000015258789,21.540000915527344,0.05101753035441975,528014.928705583,-614.8750301174749,527400.0536754655,73.35206478338665,0.0,True,False
2023-04-27,4135.35009765625,17.030000686645508,20.3700008392334,0.051325602390535095,527769.9817593065,0.0,527769.9817593065,73.80794618775104,568.6337049725394,False,False
2023-04-28,4169.47998046875,15.779999732971191,19.540000915527344,0.05050412953748208,527844.200983597,0.0,527844.200983597,74.21922429046158,0.0,False,False
2023-05-01,4167.8701171875,16.079999923706055,19.670000076293945,0.05204452917405792,528063.3558792092,0.0,528063.3558792092,219.15489561229396,0.0,False,False
2023-05-02,4119.580078125,17.780000686645508,20.75,0.05183910837231473,529325.2168209568,-1356.560207008123,527968.6566139486,75.30073473943993,0.0,True,False
2023-05-03,4090.75,18.34000015258789,21.290000915527344,0.05194181745812106,529400.3995495476,-1272.4938585552638,528127.9056909924,75.18272859081168,0.0,True,False
2023-05-04,4061.219970703125,20.09000015258789,22.770000457763672,0.05204452917405792,529475.7419483964,-1399.1504791623288,528076.5914692341,75.34239884883264,0.0,True,False
2023-05-05,4136.25,17.190000534057617,20.780000686645508,0.05204452917405792,529551.2440864478,-1224.7088378783064,528326.5352485694,75.50213805129911,0.0,True,False
2023-05-08,4138.1201171875,16.979999542236328,20.709999084472656,0.052558127210423286,529777.8151054287,-1026.196082952929,528751.6190224758,226.57101898089527,0.0,True,False
2023-05-09,4119.169921875,17.709999084472656,21.170000076293945,0.05235268010400237,529854.1058851595,-985.0504174872004,528869.0554676723,76.29077973071517,0.0,True,False
2023-05-10,4137.64013671875,16.940000534057617,20.690000534057617,0.05183910837231473,529930.1093699613,-894.7212510554995,529035.3881189058,76.00348480187822,0.0,True,False
2023-05-11,4130.6201171875,16.93000030517578,20.6200008392334,0.051428298327706325,530005.3780144898,-800.7835050987883,529204.594509391,75.26864452848709,0.0,True,False
2023-05-12,4124.080078125,17.030000686645508,20.65999984741211,0.05183910837231473,530080.0607406637,-732.4698552142297,529347.5908854494,74.68272617394636,0.0,True,False
2023-05-15,4136.27978515625,17.1200008392334,20.309999465942383,0.051633698090556686,530305.9626522454,-604.6596037867192,529701.3030484586,225.90191158179906,0.0,True,False
2023-05-16,4109.89990234375,17.989999771118164,20.899999618530273,0.05173640191650513,530651.7501779895,-1037.5942369605457,529614.155941029,75.02354738940083,589.7299484021926,True,False
2023-05-17,4158.77001953125,16.8700008392334,20.049999237060547,0.05204452917405792,530726.971980816,-1048.1415331235598,529678.8304476924,75.22180282646806,0.0,True,False
2023-05-18,4198.0498046875,16.049999237060547,19.329999923706055,0.052455402341810294,530802.652541664,-1139.4495173985451,529663.2030242655,75.68056084795838,0.0,True,False
2023-05-19,4191.97998046875,16.809999465942383,20.040000915527344,0.052249960496863854,530878.9414938259,-1130.705231205339,529748.2362626205,76.28895216186035,0.0,True,False
2023-05-22,4192.6298828125,17.209999084472656,20.36000061035156,0.053482769436383866,531106.9773354186,-903.7626361299023,530203.2146992887,228.03584159273848,0.0,True,False
2023-05-23,4145.580078125,18.530000686645508,21.059999465942383,0.052866317602436645,531184.8051523711,-731.0310870921728,530453.7740652789,77.82781695253347,0.0,True,False
2023-05-24,4115.240234375,20.030000686645508,22.020000457763672,0.05317453167654386,531261.747120549,-758.3636434091704,530503.3834771398,76.94196817793662,0.0,True,False
2023-05-25,4151.27978515625,19.13999938964844,21.3799991607666,0.05317453167654386,531339.1489080907,-691.8801728777783,530647.2687352129,77.4017875417136,0.0,True,False
2023-05-26,4205.4501953125,17.950000762939453,20.440000534057617,0.0526608547099752,530638.7731850618,0.0,530638.7731850618,77.41306453793462,89.80544939373198,False,False
2023-05-30,4205.52001953125,17.459999084472656,20.1299991607666,0.05389378996693749,530945.0959924351,0.0,530945.0959924351,306.3228073733527,0.0,False,False
2023-05-31,4179.830078125,17.940000534057617,20.209999084472656,0.0536882744368159,531023.4980640182,0.0,531023.4980640182,78.40207158303751,0.0,False,False
2023-06-01,4221.02001953125,15.649999618530272,18.75,0.053482769436383866,531101.6126726876,0.0,531101.6126726876,78.11460866944063,0.0,False,False
2023-06-02,4282.3701171875,14.600000381469728,17.920000076293945,0.05338002088446449,531179.4397035085,0.0,531179.4397035085,77.82703082091244,0.0,False,False
2023-06-05,4273.7900390625,14.729999542236328,17.899999618530273,0.05307179102027293,531412.5404480933,0.0,531412.5404480933,233.10074458475316,0.0,False,False
2023-06-06,4283.85009765625,13.960000038146973,17.040000915527344,0.052866317602436645,532664.6746313073,-1344.8600303883597,531319.8146009189,77.27415282563845,0.0,True,False
2023-06-07,4267.52001953125,13.9399995803833,17.139999389648438,0.0526608547099752,532741.830958159,-1207.154624598154,531534.6763335608,77.15632685170016,0.0,True,False
2023-06-08,4293.93017578125,13.649999618530272,16.860000610351562,0.052249960496863854,532818.6985309408,-1234.629858986857,531584.068671954,76.86757278183768,0.0,True,False
2023-06-09,4298.85986328125,13.829999923706056,16.959999084472656,0.052147243520260914,532894.9772944583,-1238.5560528718474,531656.4212415864,76.27876351749534,0.0,True,False
2023-06-12,4338.93017578125,15.010000228881836,17.280000686645508,0.052455402341810294,533123.4290228705,-1561.5878517283977,531561.8411711421,228.4517284121368,0.0,True,False
2023-06-13,4369.009765625,14.609999656677246,17.229999542236328,0.052147243520260914,533200.0515257505,-1741.0424070223075,531459.0091187282,76.622502880014,0.0,True,False
2023-06-14,4372.58984375,13.880000114440918,16.860000610351562,0.05204452917405792,533276.2348113911,-1554.1390078997028,531722.0958034914,76.18328564058184,0.0,True,False
2023-06-15,4425.83984375,14.5,17.18000030517578,0.05173640191650513,533352.2788918093,-2336.2307789271304,531016.0481128822,76.04408041819373,0.0,True,False
2023-06-16,4409.58984375,13.539999961853027,16.75,0.05194181745812106,533427.8835043379,-1801.3748539394574,531626.5086503985,75.60461252863155,0.0,True,False
2023-06-20,4388.7099609375,13.880000114440918,17.299999237060547,0.052455402341810294,533731.6106393889,-1235.8154420117773,532495.7951973771,303.72713505106316,0.0,True,False
2023-06-21,4365.68994140625,13.199999809265137,16.889999389648438,0.052558127210423286,533808.3205524166,-759.9929423324045,533048.3276100842,76.70991302769531,0.0,True,False
2023-06-22,4381.89013671875,12.90999984741211,16.559999465942383,0.052558127210423286,533885.1917460387,-754.4388956542039,533130.7528503846,76.87119362214702,0.0,True,False
2023-06-23,4348.330078125,13.4399995803833,16.8700008392334,0.052558127210423286,533430.7087948713,0.0,533430.7087948713,76.88226347658987,643.4948157443355,False,False
2023-06-26,4328.81982421875,14.25,17.049999237060547,0.053482769436383866,533661.1924291902,0.0,533661.1924291902,230.4836343188298,0.0,False,False
2023-06-27,4378.41015625,13.739999771118164,16.440000534057617,0.05296905299561576,533739.3945379393,0.0,533739.3945379393,78.20210874921214,0.0,False,False
2023-06-28,4376.85986328125,13.43000030517578,15.899999618530272,0.052866317602436645,533816.8567893819,0.0,533816.8567893819,77.46225144258688,0.0,False,False
2023-06-29,4396.43994140625,13.539999961853027,16.100000381469727,0.05307179102027293,533894.1800094921,0.0,533894.1800094921,77.32322011009511,0.0,False,False
2023-06-30,4450.3798828125,13.59000015258789,16.020000457763672,0.05276358484060169,533971.8150243225,0.0,533971.8150243225,77.63501483044546,0.0,False,False
2023-07-03,4455.58984375,13.56999969482422,16.06999969482422,0.05317453167654386,534203.4345634577,0.0,534203.4345634577,231.6195391352863,0.0,False,False
2023-07-05,4446.81982421875,14.18000030517578,16.510000228881836,0.05317453167654386,535578.0996881928,-1388.9930362578173,534189.106651935,155.67208847735282,0.0,True,False
2023-07-06,4411.58984375,15.4399995803833,17.520000457763672,0.05338002088446449,535656.1303435313,-1416.5991111745302,534239.5312323567,78.03065533843846,0.0,True,False
2023-07-07,4398.9501953125,14.829999923706056,17.239999771118164,0.05327727496456247,535734.4739774109,-1211.0257372449116,534523.4482401661,78.34363387962557,0.0,True,False
2023-07-10,4409.52978515625,15.06999969482422,17.25,0.05358552062045635,535969.1210165834,-1113.4827232137172,534855.6382933697,234.64703917248403,0.0,True,False
2023-07-11,4439.259765625,14.84000015258789,16.969999313354492,0.05358552062045635,536047.812229431,-1124.4700499579028,534923.3421794731,78.69121284764137,0.0,True,False
2023-07-12,4472.16015625,13.539999961853027,16.110000610351562,0.053482769436383866,536126.5149957557,-989.9768957978314,535136.5380999579,78.70276632476647,0.0,True,False
2023-07-13,4510.0400390625,13.609999656677246,16.1200008392334,0.053482769436383866,536205.078370091,-1232.1712324451357,534972.9071376459,78.56337433529471,0.0,True,False
2023-07-14,4505.419921875,13.34000015258789,16.040000915527344,0.05358552062045635,536283.6532570146,-1060.076352034888,535223.5769049797,78.57488692348855,0.0,True,False
2023-07-17,4522.7900390625,13.479999542236328,16.270000457763672,0.0536882744368159,536519.9001172959,-1013.5190895625091,535506.3810277334,236.2468602813201,0.0,True,False
2023-07-18,4554.97998046875,13.300000190734863,16.1299991607666,0.05358552062045635,536598.8232575973,-1230.1125545712314,535368.710703026,78.9231403013684,0.0,True,False
2023-07-19,4565.72021484375,13.760000228881836,16.559999465942383,0.0536882744368159,536677.606923594,-1387.837992219416,535289.7689313747,78.78366599677852,0.0,True,False
2023-07-20,4534.8701171875,13.989999771118164,16.65999984741211,0.0536882744368159,536756.553262879,-980.304864700641,535776.2483981784,78.94633928503559,0.0,True,False
2023-07-21,4536.33984375,13.600000381469728,16.399999618530273,0.053791030885598286,536835.511215327,-813.2054731056276,536022.3057422213,78.95795244795892,0.0,True,False
2023-07-24,4554.64013671875,13.90999984741211,16.260000228881836,0.05389378996693749,537072.9083661148,-794.3744045031042,536278.5339616117,237.39715078784383,0.0,True,False
2023-07-25,4567.4599609375,13.859999656677246,16.219999313354492,0.05389378996693749,537152.2153018505,-817.4440209907583,536334.7712808597,79.30693573564945,0.0,True,False
2023-07-26,4566.75,13.1899995803833,15.789999961853027,0.05389378996693749,536672.2831777855,0.0,536672.2831777855,79.318646603872,659.7422655889613,False,False
2023-07-27,4537.41015625,14.40999984741211,16.6299991607666,0.05389378996693749,536751.5309551544,0.0,536751.5309551544,79.24777736893611,0.0,False,False
2023-07-28,4582.22998046875,13.329999923706056,15.920000076293944,0.05389378996693749,536830.790434656,0.0,536830.790434656,79.25947950153132,0.0,False,False
2023-07-31,4588.9599609375,13.630000114440918,16.010000228881836,0.05389378996693749,537068.6391032373,0.0,537068.6391032373,237.84866858130854,0.0,False,False
2023-08-01,4576.72998046875,13.93000030517578,16.34000015258789,0.053791030885598286,538383.7358381657,-1405.7904296140566,536977.9454085517,79.30630531443215,0.0,True,False
2023-08-02,4513.39013671875,16.09000015258789,17.959999084472656,0.053791030885598286,538463.084742933,-1507.7283555966505,536955.3563873364,79.34890476730727,0.0,True,False
2023-08-03,4501.89013671875,15.920000076293944,17.719999313354492,0.053791030885598286,538542.4453424234,-1380.944468342786,537161.5008740806,79.36059949036195,0.0,True,False
2023-08-04,4478.02978515625,17.100000381469727,18.61000061035156,0.05389378996693749,538621.8176383604,-1512.897148097834,537108.9204902626,79.3722959370264,0.0,True,False
2023-08-07,4518.43994140625,15.770000457763672,17.719999313354492,0.053996551680969306,538860.4598408511,-1197.5165382267182,537662.9433026244,238.6422024906603,0.0,True,False
2023-08-08,4499.3798828125,15.989999771118164,18.1299991607666,0.054099316027827735,538940.1824682184,-1168.8023736124794,537771.3800946058,79.72262736722122,0.0,True,False
2023-08-09,4467.7099609375,15.960000038146973,18.049999237060547,0.05389378996693749,539020.0686492922,-1109.2785895094391,537910.7900597828,79.88618107380144,0.0,True,False
2023-08-10,4468.830078125,15.850000381469728,18.15999984741211,0.05389378996693749,539099.6631126858,-1055.746579399207,538043.9165332866,79.5944633935139,0.0,True,False
2023-08-11,4464.0498046875,14.84000015258789,17.559999465942383,0.05389378996693749,539179.2693294053,-888.1560054399746,538291.1133239653,79.6062167195427,0.0,True,False
2023-08-14,4489.72021484375,14.81999969482422,17.40999984741211,0.053996551680969306,539418.1585168769,-714.1142335666799,538704.0442833102,238.88918747154423,0.0,True,False
2023-08-15,4437.85986328125,16.459999084472656,18.59000015258789,0.053996551680969306,539497.9636539234,-978.1537637505902,538519.8098901728,79.80513704652692,0.0,True,False
2023-08-16,4404.330078125,16.780000686645508,18.969999313354492,0.053996551680969306,539577.7805978766,-1097.5528532287835,538480.2277446479,79.8169439532809,0.0,True,False
2023-08-17,4370.35986328125,17.889999389648438,19.829999923706055,0.053996551680969306,539657.6093504835,-1355.7560195254243,538301.853330958,79.82875260682779,0.0,True,False
2023-08-18,4369.7099609375,17.299999237060547,19.239999771118164,0.05389378996693749,539737.4499134909,-1248.3100233252676,538489.1398901657,79.84056300742601,0.0,True,False
2023-08-21,4399.77001953125,17.1299991607666,18.770000457763672,0.054099316027827735,539976.5864088873,-944.3546851447278,539032.2317237426,239.13649539634716,0.0,True,False
2023-08-22,4387.5498046875,16.969999313354492,18.719999313354492,0.054099316027827735,540056.6262143438,-935.12795028514,539121.4982640587,80.03980545654963,0.0,True,False
2023-08-23,4436.009765625,15.979999542236328,17.940000534057617,0.054099316027827735,539540.4395834261,0.0,539540.4395834261,80.0516696199574,639.5521290763778,False,False
2023-08-24,4376.31005859375,17.200000762939453,18.75,0.0542020830076486,539620.414739585,0.0,539620.414739585,79.97515615889661,0.0,False,False
2023-08-25,4405.7099609375,15.68000030517578,17.719999313354492,0.054510399746231425,539700.5537048124,0.0,539700.5537048124,80.13896522741366,0.0,False,False
2023-08-28,4433.31005859375,15.079999923706056,17.1200008392334,0.054510399746231425,539942.4102879604,0.0,539942.4102879604,241.85658314800654,0.0,False,False
2023-08-29,4497.6298828125,14.449999809265137,16.559999465942383,0.05440762486671551,540023.0532318223,0.0,540023.0532318223,80.64294386190325,0.0,False,False
2023-08-30,4514.8701171875,13.880000114440918,16.18000030517578,0.05430485262056591,540103.556140401,0.0,540103.556140401,80.50290857876016,0.0,False,False
2023-08-31,4507.66015625,13.56999969482422,15.920000076293944,0.05430485262056591,540183.9189513798,0.0,540183.9189513798,80.3628109787922,0.0,False,False
2023-09-01,4515.77001953125,13.09000015258789,15.739999771118164,0.054099316027827735,540264.2937196607,0.0,540264.2937196607,80.37476828089657,0.0,False,False
2023-09-05,4496.830078125,14.010000228881836,16.239999771118164,0.05430485262056591,541799.1173198078,-1384.4225629239975,540414.6947568838,320.4010372230064,0.0,True,False
2023-09-06,4465.47998046875,14.449999809265137,16.610000610351562,0.0542020830076486,541879.7324158549,-1260.9392566806594,540618.7931591743,80.61509604711755,0.0,True,False
2023-09-07,4451.14013671875,14.399999618530272,16.579999923706055,0.054099316027827735,541960.2069120884,-1149.0401372894457,540811.166774799,80.47449623356296,0.0,True,False
2023-09-08,4457.490234375,13.84000015258789,16.139999389648438,0.0542020830076486,542040.5407462181,-1013.6224761328738,541026.9182700852,80.33383412959216,0.0,True,False
2023-09-11,4487.4599609375,13.800000190734863,16.020000457763672,0.05430485262056591,542282.071745988,-951.2224585538168,541330.8492874341,241.5309997698833,0.0,True,False
2023-09-12,4461.89990234375,14.229999542236328,16.25,0.05430485262056591,542362.758701542,-887.7212861117148,541475.0374154303,80.68695555409772,0.0,True,False
2023-09-13,4467.43994140625,13.479999542236328,15.920000076293944,0.0542020830076486,542443.4576626281,-743.181929524282,541700.2757331039,80.69896108615528,0.0,True,False
2023-09-14,4505.10009765625,12.81999969482422,15.34000015258789,0.0542020830076486,542524.0158776328,-688.7410359719314,541835.2748416609,80.5582150046009,0.0,True,False
2023-09-15,4450.31982421875,13.789999961853027,16.020000457763672,0.05430485262056591,542604.5860563285,-671.586540483933,541932.9995158445,80.570178695771,0.0,True,False
2023-09-18,4453.52978515625,14.0,16.1299991607666,0.0542020830076486,543197.4811471872,-1104.4294135169953,542093.0517336702,242.24086861705126,630.6473716486022,True,False
2023-09-19,4443.9501953125,14.109999656677246,16.1299991607666,0.0542020830076486,543278.151342132,-999.1102241682075,542279.0411179638,80.67019494486851,0.0,True,False
2023-09-20,4402.2001953125,15.140000343322754,16.809999465942383,0.05440762486671551,543358.8335173982,-1012.0662266424166,542346.7672907558,80.68217526616657,0.0,True,False
2023-09-21,4330.0,17.540000915527344,18.239999771118164,0.05440762486671551,543439.8337010725,-1447.0907973887495,541992.7429036838,81.00018367426105,0.0,True,False
2023-09-22,4320.06005859375,17.200000762939453,18.09000015258789,0.05430485262056591,543520.8459596949,-1368.5885689309491,542152.257390764,81.01225862243626,0.0,True,False
2023-09-25,4337.43994140625,16.899999618530273,18.020000457763672,0.054613177259249544,543763.4958841891,-1088.3656008857454,542675.1302833034,242.64992449415627,0.0,True,False
2023-09-26,4273.52978515625,18.940000534057617,19.719999313354492,0.054510399746231425,543844.8626622208,-1679.218455831159,542165.6442063897,81.36677803170977,0.0,True,False
2023-09-27,4274.509765625,18.219999313354492,19.11000061035156,0.054510399746231425,543926.088455738,-1517.2194417791368,542408.8690139588,81.22579351724592,0.0,True,False
2023-09-28,4299.7001953125,17.34000015258789,18.3799991607666,0.05430485262056591,544007.3263807104,-1168.3993635607396,542838.9270171496,81.23792497234547,0.0,True,False
2023-09-29,4288.0498046875,17.520000457763672,18.510000228881836,0.05430485262056591,542864.3796617519,0.0,542864.3796617519,80.94365875577861,-289.4609641971823,False,False
2023-10-02,4288.39013671875,17.610000610351562,18.6200008392334,0.054613177259249544,543106.7365128547,0.0,543106.7365128547,242.3568511027437,0.0,False,False
2023-10-03,4229.4501953125,19.780000686645508,20.40999984741211,0.054613177259249544,544164.0439980093,-1146.0389821898036,543018.0050158194,81.26850296471447,0.0,True,False
2023-10-04,4263.75,18.579999923706055,19.520000457763672,0.054510399746231425,544245.4707125938,-1086.922886319603,543158.5478262742,81.42671458448484,0.0,True,False
2023-10-05,4258.18994140625,18.489999771118164,19.5,0.054510399746231425,544326.7563388115,-1007.591790668305,543319.1645481432,81.28562621773638,0.0,True,False
2023-10-06,4308.5,17.450000762939453,18.729999542236328,0.054715957405904354,544408.0541054206,-1087.4751194328144,543320.5789859878,81.29776660913174,0.0,True,False
2023-10-09,4335.66015625,17.700000762939453,18.809999465942383,0.054715957405904354,544652.9404642712,-1166.1052856035144,543486.8351786677,244.88635885062845,0.0,True,False
2023-10-10,4358.240234375,17.030000686645508,18.270000457763672,0.054510399746231425,544734.5937270215,-1179.0424265527565,543555.5513004687,81.65326275027793,0.0,True,False
2023-10-11,4376.9501953125,16.09000015258789,17.6299991607666,0.054510399746231425,544815.9524060668,-1128.4082970219818,543687.5441090448,81.35867904530186,0.0,True,False
2023-10-12,4349.60986328125,16.690000534057617,18.09000015258789,0.054613177259249544,544897.3232364143,-949.9829263072929,543947.3403101071,81.37083034748134,0.0,True,False
2023-10-13,4327.77978515625,19.31999969482422,20.56999969482422,0.054613177259249544,544978.8596762185,-1180.5390401224788,543798.320636096,81.5364398041404,0.0,True,False
2023-10-16,4373.6298828125,17.209999084472656,18.790000915527344,0.054510399746231425,545223.5422078192,-1008.6442127113049,544214.8979951079,244.68253160069443,0.0,True,False
2023-10-17,4373.2001953125,17.8799991607666,19.260000228881836,0.054613177259249544,545304.9739136246,-1054.173575058481,544250.8003385662,81.43170580544708,0.0,True,False
2023-10-18,4314.60009765625,19.219999313354492,20.469999313354492,0.054510399746231425,545386.5713527831,-788.9531194651329,544597.618233318,81.59743915848858,0.0,True,False
2023-10-19,4278.0,21.399999618530273,22.190000534057617,0.05440762486671551,545468.0274077598,-845.4235306223997,544622.6038771374,81.45605497664512,0.0,True,False
2023-10-20,4224.16015625,21.709999084472656,22.440000534057617,0.0542020830076486,545549.3420154979,-647.6384942947465,544901.7035212031,81.31460773803852,0.0,True,False
2023-10-23,4217.0400390625,20.3700008392334,21.329999923706055,0.05430485262056591,545395.2440018035,0.0,545395.2440018035,243.09450695219897,578.8464615431355,False,False
2023-10-24,4247.68017578125,18.969999313354492,20.209999084472656,0.0542020830076486,545476.3941708852,0.0,545476.3941708852,81.1501690817522,0.0,False,False
2023-10-25,4186.77001953125,20.190000534057617,21.329999923706055,0.05430485262056591,545557.402806939,0.0,545557.402806939,81.0086360537924,0.0,False,False
2023-10-26,4137.22998046875,20.68000030517578,21.56999969482422,0.05430485262056591,545638.5771038703,0.0,545638.5771038703,81.1742969314164,0.0,False,False
2023-10-27,4117.3701171875,21.270000457763672,22.270000457763672,0.05430485262056591,545719.763478846,0.0,545719.763478846,81.1863749757219,0.0,False,False
2023-10-30,4166.81982421875,19.75,20.799999237060547,0.05440762486671551,545963.3950900114,0.0,545963.3950900114,243.63161116534323,0.0,False,False
2023-10-31,4193.7998046875,18.13999938964844,19.489999771118164,0.05440762486671551,547074.0263999976,-1199.242856253959,545874.7835437437,81.38845373220212,0.0,True,False
2023-11-01,4237.85986328125,16.8700008392334,18.549999237060547,0.0542020830076486,547155.580418978,-1188.08129759601,545967.499121382,81.55401898034746,0.0,True,False
2023-11-02,4317.77978515625,15.65999984741211,17.799999237060547,0.05389378996693749,547236.8384307869,-1597.5250571253798,545639.3133736615,81.25801180880568,0.0,True,False
2023-11-03,4358.33984375,14.90999984741211,17.219999313354492,0.053791030885598286,547317.6462244804,-1857.5211743905716,545460.1250500898,80.80779369348762,0.0,True,False
2023-11-06,4365.97998046875,14.890000343322754,17.030000686645508,0.053996551680969306,547559.6787410988,-1743.4608387023634,545816.2179023965,242.0325166184556,0.0,True,False
2023-11-07,4378.3798828125,14.8100004196167,16.920000076293945,0.05389378996693749,547640.6883892042,-1822.6543474234734,545818.0340417807,81.00964810534545,0.0,True,False
2023-11-08,4382.77978515625,14.449999809265137,16.639999389648438,0.05389378996693749,547721.5558174505,-1740.0450182498093,545981.5107992007,80.86742824626462,0.0,True,False
2023-11-09,4347.35009765625,15.289999961853027,17.299999237060547,0.053791030885598286,547802.4351869953,-1391.8739339921888,546410.5612530031,80.8793695448018,0.0,True,False
2023-11-10,4415.240234375,14.170000076293944,16.520000457763672,0.0536882744368159,547883.1722530831,-2034.3258585309034,545848.8463945522,80.73706608778005,0.0,True,False
2023-11-13,4411.5498046875,14.760000228881836,16.610000610351562,0.05389378996693749,548124.9919221861,-1856.295266500037,546268.696655686,241.81966910297908,0.0,True,False
2023-11-14,4495.7001953125,14.15999984741211,16.290000915527344,0.0536882744368159,548205.930865172,-3276.916821569893,544929.014043602,80.93894298582501,0.0,True,False
2023-11-15,4502.8798828125,14.18000030517578,16.280000686645508,0.0536882744368159,548286.5730437496,-3367.640618939201,544918.9324248104,80.64217857763568,0.0,True,False
2023-11-16,4508.240234375,14.31999969482422,16.139999389648438,0.05358552062045635,548367.2270849515,-3441.7325826877004,544925.4945022637,80.65404120187887,0.0,True,False
2023-11-17,4514.02001953125,13.800000190734863,15.850000381469728,0.05358552062045635,548447.7385929715,-3412.5878702536397,545035.1507227179,80.51150802002574,0.0,True,False
2023-11-20,4547.3798828125,13.40999984741211,15.6899995803833,0.053791030885598286,548689.3440483756,-3995.210051643613,544694.133996732,241.6054554041825,0.0,True,False
2023-11-21,4538.18994140625,13.350000381469728,15.5,0.0536882744368159,548770.2118302374,-3637.719005635371,545132.492824602,80.86778186185407,0.0,True,False
2023-11-22,4556.6201171875,12.850000381469728,15.479999542236328,0.053791030885598286,548850.937015663,-3993.087535584195,544857.8494800788,80.72518542559325,0.0,True,False
2023-11-24,4559.33984375,12.460000038146973,15.119999885559082,0.05389378996693749,545216.1184163493,0.0,545216.1184163493,161.79511810372773,-2767.370861163484,False,False
2023-11-27,4550.43017578125,12.6899995803833,15.34000015258789,0.05389378996693749,545457.6822948842,0.0,545457.6822948842,241.56387853498595,0.0,False,False
2023-11-28,4554.89013671875,12.6899995803833,15.239999771118164,0.053791030885598286,545538.2273692725,0.0,545538.2273692725,80.5450743882764,0.0,False,False
2023-11-29,4550.580078125,12.979999542236328,15.510000228881836,0.05358552062045635,545618.6307283804,0.0,545618.6307283804,80.40335910790225,0.0,False,False
2023-11-30,4567.7998046875,12.920000076293944,15.4399995803833,0.05358552062045635,545698.7386863218,0.0,545698.7386863218,80.10795794140004,0.0,False,False
2023-12-01,4594.6298828125,12.630000114440918,15.359999656677246,0.05338002088446449,545778.8584057475,0.0,545778.8584057475,80.11971942563854,0.0,False,False
2023-12-04,4569.77978515625,13.079999923706056,15.68000030517578,0.0536882744368159,546018.3659031461,0.0,546018.3659031461,239.50749739863468,0.0,False,False
2023-12-05,4567.18017578125,12.850000381469728,15.56999969482422,0.05358552062045635,547414.7217791441,-1486.035492560443,545928.6862865837,80.32038343755126,0.0,True,False
2023-12-06,4549.33984375,12.970000267028809,15.739999771118164,0.05358552062045635,547495.0934399327,-1348.2024853124403,546146.8909546202,80.37166078849937,0.0,True,False
2023-12-07,4585.58984375,13.0600004196167,15.649999618530272,0.053482769436383866,547575.4769009224,-1542.3789557619148,546033.0979451605,80.38346098970132,0.0,True,False
2023-12-08,4604.3701171875,12.350000381469728,15.15999984741211,0.053482769436383866,547655.7179932118,-1469.2985083820179,546186.4194848298,80.24109228944822,0.0,True,False
2023-12-11,4622.43994140625,12.630000114440918,15.1899995803833,0.0536882744368159,547896.511827607,-1481.6947801479262,546414.8170474591,240.7938343952372,0.0,True,False
2023-12-12,4643.7001953125,12.06999969482422,14.829999923706056,0.0536882744368159,547977.1084900312,-1505.3005737098647,546471.8079163213,80.5966624241653,0.0,True,False
2023-12-13,4707.08984375,12.1899995803833,14.65999984741211,0.053482769436383866,548057.7170083841,-2407.991153249161,545649.7258551349,80.60851835289215,0.0,True,False
2023-12-14,4719.5498046875,12.479999542236328,14.789999961853027,0.05338002088446449,548138.0287675945,-2627.5879097250813,545510.4408578695,80.31175921044971,0.0,True,False
2023-12-15,4719.18994140625,12.279999732971191,15.130000114440918,0.053482769436383866,548218.197970575,-2511.440764455911,545706.757206119,80.16920298051562,0.0,True,False
2023-12-18,4740.56005859375,12.5600004196167,15.470000267028809,0.0536882744368159,548459.2391167503,-2728.086788294961,545731.1523284554,241.0411461753755,0.0,True,False
2023-12-19,4768.3701171875,12.529999732971191,15.640000343322754,0.05338002088446449,548539.9185574736,-3253.804871872586,545286.113685601,80.67944072331646,0.0,True,False
2023-12-20,4698.35009765625,13.670000076293944,16.579999923706055,0.053482769436383866,548620.1465397805,-1989.33106788153,546630.815471899,80.22798230698025,0.0,True,False
2023-12-21,4746.75,13.649999618530272,16.299999237060547,0.05327727496456247,548700.5407167797,-2816.721195486564,545883.819521293,80.39417699911789,0.0,True,False
2023-12-22,4754.6298828125,13.029999732971191,15.989999771118164,0.053482769436383866,548780.6377118588,-2703.067723102041,546077.5699887568,80.09699507913619,0.0,True,False
2023-12-26,4774.75,12.989999771118164,15.880000114440918,0.05358552062045635,549102.3792054532,-2636.061229149398,546466.3179763039,321.7414935943846,0.0,True,False
2023-12-27,4781.580078125,12.43000030517578,15.270000457763672,0.053482769436383866,549182.9986488182,-2503.1147463356992,546679.8839024826,80.61944336503232,0.0,True,False
2023-12-28,4783.35009765625,12.470000267028809,15.229999542236328,0.05358552062045635,549263.4753055301,-2402.0553926318653,546861.4199128982,80.4766567118366,0.0,True,False
2023-12-29,4769.830078125,12.449999809265137,15.260000228881836,0.05307179102027293,547539.1424910396,0.0,547539.1424910396,80.64309556252465,-488.94041749254035,False,False
2024-01-02,4742.830078125,13.199999809265137,15.479999542236328,0.05327727496456247,549088.8428720748,-1401.1542436835316,547687.6886283912,318.54613735169636,0.0,True,False
2024-01-03,4704.81005859375,14.039999961853027,16.040000915527344,0.053482769436383866,549168.9965498679,-1325.8323743669241,547843.164175501,80.15367779313765,0.0,True,False
2024-01-04,4688.68017578125,14.130000114440918,16.040000915527344,0.053482769436383866,549249.471154728,-1230.3463988195335,548019.1247559084,80.4746048600618,0.0,True,False
2024-01-05,4697.240234375,13.350000381469728,15.510000228881836,0.053482769436383866,549329.9575522458,-1057.6064501216865,548272.3511021241,80.48639751781937,0.0,True,False
2024-01-08,4763.5400390625,13.079999923706056,15.140000343322754,0.05358552062045635,549571.4875180278,-1120.4293388906467,548451.0581791372,241.52996578192892,0.0,True,False
2024-01-09,4756.5,12.760000228881836,14.899999618530272,0.053482769436383866,549652.1758360735,-947.6929484755761,548704.4828875979,80.68831804572919,0.0,True,False
2024-01-10,4783.4501953125,12.6899995803833,14.729999542236328,0.05338002088446449,549732.7212454807,-1032.6720039830593,548700.0492414976,80.54540940725627,0.0,True,False
2024-01-11,4780.240234375,12.4399995803833,14.5600004196167,0.05338002088446449,549813.1236839206,-892.5039121013886,548920.6197718192,80.40243843991004,0.0,True,False
2024-01-12,4783.830078125,12.699999809265137,14.9399995803833,0.05327727496456247,549893.5378818063,-920.1468215722418,548973.391060234,80.41419788565021,0.0,True,False
2024-01-16,4765.97998046875,13.84000015258789,15.739999771118164,0.05327727496456247,550214.6927696429,-787.0353340566555,549427.6574355862,321.15488783668565,0.0,True,False
2024-01-17,4739.2099609375,14.789999961853027,16.3799991607666,0.053482769436383866,550295.0107942646,-791.029369483478,549503.9814247811,80.31802462171478,0.0,True,False
2024-01-18,4780.93994140625,14.130000114440918,15.84000015258789,0.05327727496456247,550375.650403981,-790.4015973890682,549585.248806592,80.63960971640641,0.0,True,False
2024-01-19,4839.81005859375,13.300000190734863,15.260000228881836,0.05327727496456247,550455.9919245206,-994.4030102024716,549461.5889143181,80.34152053959502,0.0,True,False
2024-01-22,4850.43017578125,13.1899995803833,14.970000267028809,0.05327727496456247,550697.0868604893,-817.6227845185924,549879.4640759707,241.0949359687606,0.0,True,False
2024-01-23,4864.60009765625,12.550000190734863,14.520000457763672,0.05317453167654386,550777.4753029697,-712.2623675872073,550065.2129353825,80.3884424803709,0.0,True,False
2024-01-24,4868.5498046875,13.140000343322754,14.970000267028809,0.05317453167654386,550857.720420103,-801.9160692393559,550055.8043508637,80.24511713335988,0.0,True,False
2024-01-25,4894.16015625,13.449999809265137,15.100000381469728,0.05317453167654386,550937.9772284895,-1120.3202460976331,549817.6569823918,80.256808386384,0.0,True,False
2024-01-26,4890.97021484375,13.260000228881836,15.029999732971191,0.05317453167654386,550117.4094123179,0.0,550117.4094123179,80.26850134275658,330.317926169285,False,False
2024-01-29,4927.93017578125,13.600000381469728,15.220000267028809,0.05327727496456247,550357.891293709,0.0,550357.891293709,240.48188139111167,0.0,False,False
2024-01-30,4924.97021484375,13.3100004196167,15.140000343322754,0.05317453167654386,551714.0961864239,-1445.8659645754653,550268.2302218485,80.33892813943773,0.0,True,False
2024-01-31,4845.64990234375,14.350000381469728,15.960000038146973,0.05327727496456247,551794.4777638445,-1310.0764784120731,550484.4012854325,80.38157742063106,0.0,True,False
2024-02-01,4906.18994140625,13.880000114440918,15.5,0.05327727496456247,551875.0263988293,-1350.464035766861,550524.5623630624,80.54863498477614,0.0,True,False
2024-02-02,4958.60986328125,13.850000381469728,15.609999656677246,0.05338002088446449,551955.5867919647,-1668.5356680297377,550287.051123935,80.56039313542709,0.0,True,False
2024-02-05,4942.81005859375,13.670000076293944,15.329999923706056,0.05327727496456247,552197.804861118,-1277.2828738489227,550920.521987269,242.2180691533108,0.0,True,False
2024-02-06,4954.22998046875,13.0600004196167,14.989999771118164,0.05338002088446449,552278.4123720946,-1152.7604591557565,551125.6519129388,80.60751097655736,0.0,True,False
2024-02-07,4995.06005859375,12.829999923706056,14.850000381469728,0.05338002088446449,552359.1871365143,-1377.3036504827348,550981.8834860316,80.77476441976235,0.0,True,False
2024-02-08,4997.91015625,12.789999961853027,14.93000030517578,0.05338002088446449,552439.9737148352,-1326.144625566643,551113.8290892686,80.78657832090515,0.0,True,False
2024-02-09,5026.60986328125,12.93000030517578,15.079999923706056,0.053482769436383866,552520.7721087851,-1615.8185274187633,550904.9535813663,80.79839394991755,0.0,True,False
2024-02-12,5021.83984375,13.93000030517578,15.670000076293944,0.05338002088446449,552763.7050152224,-1557.7766088116891,551205.9284064107,242.93290643728926,0.0,True,False
2024-02-13,4953.169921875,15.850000381469728,16.81999969482422,0.05358552062045635,552844.550757247,-1310.4799010056286,551534.0708562414,80.84574202461735,0.0,True,False
2024-02-14,5000.6201171875,14.380000114440918,15.93000030517578,0.05338002088446449,552925.7196278208,-1262.493486462124,551663.2261413586,81.16887057370445,0.0,True,False
2024-02-15,5029.72998046875,14.010000228881836,15.760000228881836,0.05338002088446449,553006.5890656696,-1390.0319951914173,551616.5570704781,80.8694378488104,0.0,True,False
2024-02-16,5005.56982421875,14.239999771118164,15.859999656677246,0.053482769436383866,553087.4703312662,-1094.8569280012566,551992.6134032649,80.88126559663588,0.0,True,False
2024-02-20,4975.509765625,15.420000076293944,16.40999984741211,0.053482769436383866,553411.7368533772,-809.03930337732,552602.6975499999,324.26652211107347,0.0,True,False
2024-02-21,4981.7998046875,15.34000015258789,16.229999542236328,0.053482769436383866,553492.8331846122,-763.0567842246296,552729.7764003876,81.09633123499157,0.0,True,False
2024-02-22,5087.02978515625,14.539999961853027,15.770000457763672,0.05358552062045635,553573.941399612,-1629.6187769054275,551944.3226227065,81.10821499983032,0.0,True,False
2024-02-23,5088.7998046875,13.75,15.25,0.0536882744368159,552374.6716024717,0.0,552374.6716024717,81.27596001605619,-4.67979258089855,False,False
2024-02-26,5069.52978515625,13.739999771118164,15.220000267028809,0.0536882744368159,552618.4736885232,0.0,552618.4736885232,243.80208605142968,0.0,False,False
2024-02-27,5078.18017578125,13.43000030517578,14.890000343322754,0.05358552062045635,552699.7649608926,0.0,552699.7649608926,81.29127236941676,0.0,False,False
2024-02-28,5069.759765625,13.84000015258789,15.220000267028809,0.053482769436383866,552780.9125739546,0.0,552780.9125739546,81.14761306189737,0.0,False,False
2024-02-29,5096.27001953125,13.399999618530272,14.93000030517578,0.05358552062045635,552861.9164649117,0.0,552861.9164649117,81.00389095715067,0.0,False,False
2024-03-01,5137.080078125,13.109999656677246,14.93000030517578,0.05338002088446449,552943.0878851259,0.0,552943.0878851259,81.1714202142425,0.0,False,False
2024-03-04,5130.9501953125,13.489999771118164,15.229999542236328,0.053482769436383866,553185.739305465,0.0,553185.739305465,242.6514203391598,0.0,False,False
2024-03-05,5078.64990234375,14.460000038146973,15.90999984741211,0.05338002088446449,554504.9832874102,-1408.1807681357861,553096.8025192744,81.06321380942342,0.0,True,False
2024-03-06,5104.759765625,14.5,15.970000267028809,0.053482769436383866,554586.0837041407,-1536.8841459675753,553049.1995581732,81.10041673048012,0.0,True,False
2024-03-07,5157.35986328125,14.4399995803833,15.90999984741211,0.053482769436383866,554667.3521228377,-1922.5567680023562,552744.7953548353,81.268418696916,0.0,True,False
2024-03-08,5123.68994140625,14.739999771118164,16.299999237060547,0.053482769436383866,554748.6324505169,-1639.2250366589383,553109.407413858,81.28032767925718,0.0,True,False
2024-03-11,5117.93994140625,15.220000267028809,16.459999084472656,0.053482769436383866,554992.5449049012,-1491.10389506552,553501.4410098357,243.91245438421555,0.0,True,False
2024-03-12,5175.27001953125,13.84000015258789,15.65999984741211,0.05358552062045635,555073.8728859636,-1615.7488691658034,553458.1240167979,81.32798106246766,0.0,True,False
2024-03-13,5165.31005859375,13.75,15.600000381469728,0.05358552062045635,555155.3690665544,-1413.9411632617043,553741.4279032927,81.4961805907518,0.0,True,False
2024-03-14,5150.47998046875,14.399999618530272,16.1200008392334,0.05358552062045635,555236.8772124487,-1368.1029474964294,553868.7742649523,81.50814589442633,0.0,True,False
2024-03-15,5117.08984375,14.40999984741211,16.40999984741211,0.05358552062045635,555318.3973254036,-1064.1007316279274,554254.2965937757,81.52011295485181,0.0,True,False
2024-03-18,5149.419921875,14.329999923706056,16.219999313354492,0.05358552062045635,555563.029484202,-1042.9858637511973,554520.0436204509,244.63215879844694,0.0,True,False
2024-03-19,5178.509765625,13.81999969482422,15.770000457763672,0.053482769436383866,555644.5974829713,-1084.2809534013572,554560.3165295699,81.56799876922223,0.0,True,False
2024-03-20,5224.6201171875,13.039999961853027,15.279999732971191,0.053482769436383866,555726.0210150825,-1290.8020085015398,554435.219006581,81.42353211123013,0.0,True,False
2024-03-21,5241.52978515625,12.920000076293944,15.18000030517578,0.05358552062045635,555807.4564789062,-1378.7745147701617,554428.6819641361,81.43546382371596,0.0,True,False
2024-03-22,5234.18017578125,13.0600004196167,15.300000190734863,0.053482769436383866,555889.0603645501,-1213.185735064005,554675.8746294861,81.6038856438793,0.0,True,False
2024-03-25,5218.18994140625,13.1899995803833,15.380000114440918,0.05338002088446449,556133.474243463,-761.4973966324956,555371.9768468306,244.41387891289145,0.0,True,False
2024-03-26,5203.580078125,13.239999771118164,15.289999961853027,0.05327727496456247,555635.2587557232,0.0,555635.2587557232,81.33859546495191,658.6266849311056,False,False
2024-03-27,5248.490234375,12.779999732971191,15.010000228881836,0.05327727496456247,555716.3680517487,0.0,555716.3680517487,81.10929602550462,0.0,False,False
2024-03-28,5254.35009765625,13.010000228881836,15.1899995803833,0.05338002088446449,555797.4891877678,0.0,555797.4891877678,81.12113601909408,0.0,False,False
2024-04-01,5243.77001953125,13.649999618530272,15.520000457763672,0.05338002088446449,556122.7183505493,0.0,556122.7183505493,325.22916278149705,0.0,False,False
2024-04-02,5205.81005859375,14.609999656677246,16.09000015258789,0.05327727496456247,557533.2678480298,-1499.2124751437689,556034.0553728861,81.33702233680357,0.0,True,False
2024-04-03,5211.490234375,14.329999923706056,15.90999984741211,0.05327727496456247,557614.6542074326,-1409.8687971274205,556204.7854103053,81.38635940278513,0.0,True,False
2024-04-04,5147.2099609375,16.350000381469727,17.15999984741211,0.05317453167654386,557696.0524472735,-1492.7099216962222,556203.3425255773,81.39823984092008,0.0,True,False
2024-04-05,5204.33984375,16.030000686645508,17.18000030517578,0.05338002088446449,557777.3055613898,-1664.1490898837378,556113.156471506,81.25311411623478,0.0,True,False
2024-04-08,5202.39013671875,15.1899995803833,16.559999465942383,0.05338002088446449,558022.0784112414,-1262.32868133951,556759.7497299019,244.77284985166293,0.0,True,False
2024-04-09,5209.91015625,14.979999542236328,16.420000076293945,0.05338002088446449,558103.6932289039,-1191.6841363178821,556912.009092586,81.61481766251936,0.0,True,False
2024-04-10,5160.64013671875,15.800000190734863,17.040000915527344,0.05358552062045635,558185.3199833315,-1119.6188579876537,557065.7011253438,81.62675442760408,0.0,True,False
2024-04-11,5199.06005859375,14.90999984741211,16.489999771118164,0.05358552062045635,558267.2729879,-1012.6180215398922,557254.6549663601,81.95300456848162,0.0,True,False
2024-04-12,5123.41015625,17.309999465942383,18.200000762939453,0.05358552062045635,558349.2380248432,-1234.1491679945836,557115.0888568485,81.96503694324562,0.0,True,False
2024-04-15,5061.81982421875,19.229999542236328,19.549999237060547,0.05358552062045635,558595.2053475888,-1419.3566366209755,557175.8487109678,245.96732274556106,0.0,True,False
2024-04-16,5051.41015625,18.399999618530273,18.84000015258789,0.05358552062045635,558677.2185316996,-1251.8989962870824,557425.3195354126,82.013184110879,0.0,True,False
2024-04-17,5022.2099609375,18.209999084472656,18.770000457763672,0.05358552062045635,558759.2437570208,-1260.9751600330171,557498.2685969878,82.02522532122885,0.0,True,False
2024-04-18,5011.1201171875,18.0,18.65999984741211,0.05358552062045635,558841.2810253203,-1229.990666688717,557611.2903586315,82.03726829947428,0.0,True,False
2024-04-19,4967.22998046875,18.709999084472656,19.25,0.05358552062045635,558923.3303383662,-1483.231563335502,557440.0987750307,82.04931304587487,0.0,True,False
2024-04-22,5010.60009765625,16.940000534057617,17.6299991607666,0.05327727496456247,559169.5505636677,-935.3490285139673,558234.2015351537,246.2202253014338,0.0,True,False
2024-04-23,5070.5498046875,15.6899995803833,16.68000030517578,0.05358552062045635,558672.0871568761,0.0,558672.0871568761,81.62521706538432,750.1238512868629,False,False
2024-04-24,5071.6298828125,15.970000267028809,16.84000015258789,0.0536882744368159,558754.1116288067,0.0,558754.1116288067,82.02447193060874,0.0,False,False
2024-04-25,5048.419921875,15.369999885559082,16.3700008392334,0.0536882744368159,558836.3054656736,0.0,558836.3054656736,82.19383686682595,0.0,False,False
2024-04-26,5099.9599609375,15.029999732971191,16.270000457763672,0.05358552062045635,558918.5113934167,0.0,558918.5113934167,82.20592774307775,0.0,False,False
2024-04-29,5116.169921875,14.670000076293944,16.0,0.05358552062045635,559164.7294958478,0.0,559164.7294958478,246.21810243118168,0.0,False,False
2024-04-30,5035.68994140625,15.649999618530272,16.59000015258789,0.05358552062045635,559246.8262977349,0.0,559246.8262977349,82.0968018870067,0.0,False,False
2024-05-01,5018.39013671875,15.390000343322754,16.56999969482422,0.0536882744368159,559328.935153109,0.0,559328.935153109,82.10885537415378,0.0,False,False
2024-05-02,5064.2001953125,14.68000030517578,16.049999237060547,0.05358552062045635,559411.2135476551,0.0,559411.2135476551,82.27839454613499,0.0,False,False
2024-05-03,5127.7900390625,13.489999771118164,15.270000457763672,0.05358552062045635,559493.3465384349,0.0,559493.3465384349,82.13299077965695,0.0,False,False
2024-05-06,5180.740234375,13.489999771118164,15.020000457763672,0.05358552062045635,559739.8178706585,0.0,559739.8178706585,246.4713322235968,0.0,False,False
2024-05-07,5187.7001953125,13.229999542236328,14.949999809265137,0.05358552062045635,560838.8375545321,-1186.8384472683192,559651.9991072637,82.18123660522814,0.0,True,False
2024-05-08,5187.669921875,13.0,14.899999618530272,0.05358552062045635,560921.1801496717,-1099.9632803916472,559821.2168692801,82.34259513965902,0.0,True,False
2024-05-09,5214.080078125,12.6899995803833,14.710000038146973,0.05358552062045635,561003.534834386,-1126.933801936757,559876.6010324492,82.35468471427532,0.0,True,False
2024-05-10,5222.68017578125,12.550000190734863,14.65999984741211,0.0536882744368159,561085.9016104499,-1098.1295587591535,559987.7720516907,82.36677606388807,0.0,True,False
2024-05-13,5221.419921875,13.600000381469728,14.890000343322754,0.05358552062045635,561333.5485796164,-1099.6727199886539,560233.8758596277,247.64696916646747,0.0,True,False
2024-05-14,5246.68017578125,13.420000076293944,14.699999809265137,0.053482769436383866,561415.9638084378,-1168.2900617829364,560247.6737466549,82.41522882142625,0.0,True,False
2024-05-15,5308.14990234375,12.449999809265137,14.079999923706056,0.05358552062045635,561498.2330700557,-1449.5381137548964,560048.6949563008,82.26926161792564,0.0,True,False
2024-05-16,5297.10009765625,12.420000076293944,14.220000267028809,0.05358552062045635,561580.6724779237,-1256.7209804361244,560323.9514974876,82.43940786790806,0.0,True,False
2024-05-17,5303.27001953125,11.989999771118164,13.989999771118164,0.05358552062045635,561663.1239895803,-1137.5063864113788,560525.6176031689,82.45151165661004,0.0,True,False
2024-05-20,5308.1298828125,12.149999618530272,14.109999656677246,0.05358552062045635,561910.5511650544,-995.5320561351773,560915.0191089193,247.42717547413991,0.0,True,False
2024-05-21,5321.41015625,11.859999656677246,13.949999809265137,0.05358552062045635,561993.0511096393,-976.6053005683862,561016.445809071,82.49994458486097,0.0,True,False
2024-05-22,5307.009765625,12.289999961853027,14.3100004196167,0.05358552062045635,562075.5631669009,-861.5381913846978,561214.0249755161,82.5120572615893,0.0,True,False
2024-05-23,5267.83984375,12.770000457763672,14.670000076293944,0.0536882744368159,562158.0873386175,-603.6368721795827,561554.450466438,82.52417171670596,0.0,True,False
2024-05-24,5304.72021484375,11.93000030517578,14.170000076293944,0.0536882744368159,562240.7819070555,-601.8347028374822,561638.947204218,82.69456843795521,0.0,True,False
2024-05-28,5306.0400390625,12.920000076293944,14.720000267028809,0.0536882744368159,562571.6818440513,-525.6027439270869,562046.0791001243,330.89993699580407,0.0,True,False
2024-05-29,5266.9501953125,14.279999732971191,15.449999809265137,0.0536882744368159,562140.0687174016,0.0,562140.0687174016,82.75540900914947,502.46991160942514,False,False
2024-05-30,5235.47998046875,14.470000267028809,15.59000015258789,0.0536882744368159,562222.7606352647,0.0,562222.7606352647,82.69191786307448,0.0,False,False
2024-05-31,5277.509765625,12.920000076293944,14.65999984741211,0.05358552062045635,562305.4647172727,0.0,562305.4647172727,82.70408200802767,0.0,False,False
2024-06-03,5283.39990234375,13.109999656677246,14.800000190734863,0.0536882744368159,562553.1748604995,0.0,562553.1748604995,247.71014322679562,0.0,False,False
2024-06-04,5291.33984375,13.15999984741211,14.880000114440918,0.05358552062045635,563974.5997965981,-1508.6722495034041,562465.9275470946,82.75268659520155,0.0,True,False
2024-06-05,5354.02978515625,12.630000114440918,14.539999961853027,0.05358552062045635,564057.4027856753,-1839.1355350692993,562218.267250606,82.80298907720898,0.0,True,False
2024-06-06,5352.9599609375,12.579999923706056,14.539999961853027,0.05358552062045635,564140.2179319223,-1745.0208257299369,562395.1971061924,82.81514624705775,0.0,True,False
2024-06-07,5346.990234375,12.220000267028809,14.40999984741211,0.0536882744368159,564223.0452371241,-1526.106304620747,562696.9389325033,82.82730520182733,0.0,True,False
2024-06-10,5360.7900390625,12.739999771118164,14.600000381469728,0.05358552062045635,564472.0768500835,-1558.7447691156615,562913.3320809678,249.03161295943372,0.0,True,False
2024-06-11,5375.31982421875,12.850000381469728,14.489999771118164,0.05358552062045635,564554.952878952,-1646.5010811898924,562908.4517977622,82.876028868435,0.0,True,False
2024-06-12,5421.02978515625,12.039999961853027,14.119999885559082,0.05358552062045635,564637.8410757141,-1929.3228564053936,562708.5182193087,82.88819676201679,0.0,True,False
2024-06-13,5433.740234375,11.9399995803833,14.170000076293944,0.05358552062045635,564720.7414421561,-2009.5586465712177,562711.1827955849,82.90036644209387,0.0,True,False
2024-06-14,5431.60009765625,12.65999984741211,14.84000015258789,0.05358552062045635,564803.653980065,-2122.118712049691,562681.5352680153,82.91253790892848,0.0,True,False
2024-06-17,5473.22998046875,12.75,14.789999961853027,0.05358552062045635,565052.4646404643,-2548.746651361943,562503.7179891024,248.8106603992636,0.0,True,False
2024-06-18,5487.02978515625,12.300000190734863,14.6899995803833,0.053482769436383866,565135.4258821134,-2561.9450920318873,562573.4807900816,82.96124164908997,0.0,True,False
2024-06-20,5473.169921875,13.279999732971191,15.40999984741211,0.053482769436383866,565301.0666324119,-2365.7492732463697,562935.3173591655,165.64075029849985,0.0,True,False
2024-06-21,5464.6201171875,13.199999809265137,15.170000076293944,0.05338002088446449,565383.9052126122,-2059.0393937383274,563324.8658188739,82.83858020030056,0.0,True,False
2024-06-24,5447.8701171875,13.329999923706056,15.229999542236328,0.053482769436383866,565632.0161134311,-1441.4420747001575,564190.5740387309,248.1109008188611,0.0,True,False
2024-06-25,5469.2998046875,12.84000015258789,14.859999656677246,0.05338002088446449,565714.9031905947,-1484.104663114201,564230.7985274806,82.88707716367792,0.0,True,False
2024-06-26,5477.89990234375,12.550000190734863,14.710000038146973,0.053482769436383866,565797.6431402476,-1369.7045657370911,564427.9385745105,82.73994965275207,0.0,True,False
2024-06-27,5482.8701171875,12.239999771118164,14.420000076293944,0.05338002088446449,565880.5544882088,-1195.223685526598,564685.3308026822,82.9113479612301,0.0,True,False
2024-06-28,5460.47998046875,12.4399995803833,14.520000457763672,0.05327727496456247,565155.6142020673,0.0,565155.6142020673,82.76417736877511,530.9677859930641,False,False
2024-07-01,5475.08984375,12.220000267028809,14.1899995803833,0.053482769436383866,565403.1474447194,0.0,565403.1474447194,247.5332426522421,0.0,False,False
2024-07-02,5509.009765625,12.029999732971191,14.010000228881836,0.053482769436383866,566891.4293203143,-1575.4283365874971,565316.0009837268,82.8535390073087,0.0,True,False
2024-07-03,5537.02001953125,12.09000015258789,14.020000457763672,0.053482769436383866,566974.5009504678,-1745.3858509385827,565229.1150995292,83.0716301534064,0.0,True,False
2024-07-05,5567.18994140625,12.479999542236328,14.350000381469728,0.05338002088446449,567140.680732227,-2032.3785474732563,565108.3021847538,166.17978175932538,0.0,True,False
2024-07-08,5572.85009765625,12.369999885559082,14.289999961853027,0.05338002088446449,567389.5625696656,-1813.259038582463,565576.3035310832,248.88183743854475,0.0,True,False
2024-07-09,5576.97998046875,12.510000228881836,14.390000343322754,0.05338002088446449,567472.547450523,-1817.8752294448816,565654.6722210781,82.98488085737185,0.0,True,False
2024-07-10,5633.91015625,12.850000381469728,14.5,0.05338002088446449,567555.5444685272,-2602.5643218454197,564952.9801466818,82.99701800423745,0.0,True,False
2024-07-11,5584.5400390625,12.920000076293944,14.670000076293944,0.05317453167654386,567638.5536254535,-1854.5460735619645,565784.0075518915,83.00915692624969,0.0,True,False
2024-07-12,5615.35009765625,12.460000038146973,14.369999885559082,0.05317453167654386,567721.2553049295,-2008.912851374173,565712.3424535553,82.7016794759615,0.0,True,False
2024-07-15,5631.22021484375,13.119999885559082,14.869999885559082,0.05307179102027293,567969.43264534,-2151.0631991022183,565818.3694462378,248.17734041048155,0.0,True,False
2024-07-16,5667.2001953125,13.1899995803833,14.90999984741211,0.05307179102027293,568052.0226359742,-2666.689836627832,565385.3327993464,82.58999063424274,0.0,True,False
2024-07-17,5588.27001953125,14.479999542236328,15.789999961853027,0.05307179102027293,568134.6246362452,-1806.530502736847,566328.0941335084,82.60200027096067,0.0,True,False
2024-07-18,5544.58984375,15.93000030517578,16.559999465942383,0.05317453167654386,568217.2386478992,-1717.39140014726,566499.847247752,82.61401165403278,0.0,True,False
2024-07-19,5505.0,16.520000457763672,17.15999984741211,0.05307179102027293,568300.0246384618,-1508.3852529501985,566791.6393855115,82.78599056254676,0.0,True,False
2024-07-22,5564.41015625,14.90999984741211,16.09000015258789,0.05296905299561576,568547.9748788542,-1174.120730553874,567373.8541483004,247.95024039249586,0.0,True,False
2024-07-23,5555.740234375,14.720000267028809,16.010000228881836,0.052866317602436645,568630.4889421554,-948.7054323539912,567681.7835098014,82.51406330118442,0.0,True,False
2024-07-24,5427.1298828125,18.040000915527344,18.43000030517578,0.052866317602436645,568712.8549069962,-1224.0918211160595,567488.7630858802,82.3659648408837,0.0,True,False
2024-07-25,5399.22021484375,18.459999084472656,18.690000534057617,0.05276358484060169,568795.2328025238,-1258.0665238190395,567537.1662787048,82.37789552750023,0.0,True,False
2024-07-26,5459.10009765625,16.389999389648438,17.239999771118164,0.0526608547099752,568131.971914239,0.0,568131.971914239,82.22971188444934,659.9377364183579,False,False
2024-07-29,5463.5400390625,16.600000381469727,17.15999984741211,0.052558127210423286,568377.9290998804,0.0,568377.9290998804,245.95718564137889,0.0,False,False
2024-07-30,5436.43994140625,17.690000534057617,18.010000228881836,0.052455402341810294,568459.7784981685,0.0,568459.7784981685,81.8493982880913,0.0,False,False
2024-07-31,5522.2998046875,16.360000610351562,16.969999313354492,0.052558127210423286,568541.4796740012,0.0,568541.4796740012,81.70117583273476,0.0,False,False
2024-08-01,5446.68017578125,18.59000015258789,19.13999938964844,0.052249960496863854,568623.3526244285,0.0,568623.3526244285,81.872950427251,0.0,False,False
2024-08-02,5346.56005859375,23.38999938964844,23.34000015258789,0.0515309968943356,568704.7572117017,0.0,568704.7572117017,81.40458727321752,0.0,False,True
2024-08-05,5186.330078125,38.56999969482422,33.709999084472656,0.05194181745812106,568945.6788290035,0.0,568945.6788290035,240.92161730173623,0.0,False,True
2024-08-06,5240.02978515625,27.709999084472656,26.760000228881836,0.05194181745812106,570229.7049525848,-1373.0557799734572,568856.6491726113,80.97034360783994,0.0,True,True
2024-08-07,5199.5,27.850000381469727,27.010000228881836,0.05194181745812106,570310.8580342646,-1250.398768690933,569060.4592655738,81.15308167985027,0.0,True,True
2024-08-08,5319.31005859375,23.790000915527344,24.1299991607666,0.05194181745812106,570392.022665365,-1038.0375304070003,569353.985134958,81.16463110038893,0.0,True,False
2024-08-09,5344.16015625,20.3700008392334,21.18000030517578,0.05194181745812106,570473.1988475296,-630.5806441819857,569842.6182033477,81.17618216460042,0.0,True,False
2024-08-12,5344.39013671875,20.709999084472656,21.6299991607666,0.05173640191650513,571329.8129541478,-1365.4314267179461,569964.3815274299,243.59786931918222,620.6405905545819,True,False
2024-08-13,5434.43017578125,18.1200008392334,19.86000061035156,0.051633698090556686,571410.8010193422,-1276.3151929131413,570134.485826429,80.98806519436665,0.0,True,False
2024-08-14,5455.2099609375,16.190000534057617,18.450000762939453,0.05173640191650513,571491.6397583499,-964.449042948819,570527.1907154011,80.83873900773419,0.0,True,False
2024-08-15,5543.22021484375,15.229999542236328,17.8799991607666,0.05194181745812106,571572.6507630784,-1370.880963639134,570201.7697994392,81.0110047285407,0.0,True,False
2024-08-16,5554.25,14.800000190734863,17.809999465942383,0.05183910837231473,571653.9949680724,-1309.4997652539223,570344.4952028184,81.34420499402356,0.0,True,False
2024-08-19,5608.25,14.649999618530272,17.59000015258789,0.051633698090556686,571897.614262196,-1578.9097768425013,570318.7044853535,243.61929412364566,0.0,True,False
2024-08-20,5597.1201171875,15.880000114440918,18.280000686645508,0.051428298327706325,571978.5218717407,-1644.1519308603763,570334.3699408803,80.90760954468304,0.0,True,False
2024-08-21,5620.85009765625,16.270000457763672,18.579999923706055,0.05122290908268638,572059.1190073516,-1938.4066493265823,570120.712358025,80.59713561087294,0.0,True,False
2024-08-22,5570.64013671875,17.549999237060547,19.36000061035156,0.051428298327706325,572139.40555105,-1546.2461748093592,570593.1593762406,80.28654369842283,0.0,True,False
2024-08-23,5634.60986328125,15.859999656677246,18.190000534057617,0.05112021840402644,572220.0253566795,-1800.7991199934015,570419.2262366861,80.6198056294541,0.0,True,False
2024-08-26,5616.83984375,16.149999618530273,18.25,0.05081216214182949,572460.5033749153,-1310.4279121481316,571150.0754627672,240.4780182358592,0.0,True,False
2024-08-27,5625.7998046875,15.43000030517578,17.729999542236328,0.05081216214182949,572540.2019521724,-1112.9709596122855,571427.2309925602,79.69857725706326,0.0,True,False
2024-08-28,5592.18017578125,17.110000610351562,18.899999618530273,0.0506068044438388,572619.9116251526,-1058.427764784656,571561.4838603679,79.70967298013822,0.0,True,False
2024-08-29,5591.9599609375,15.649999618530272,18.0,0.05081216214182949,572699.3101810304,-611.8630681597095,572087.4471128708,79.39855587789104,0.0,True,False
2024-08-30,5648.39990234375,15.0,17.43000030517578,0.05081216214182949,571898.9114373752,0.0,571898.9114373752,79.73182420174236,315.3008588609967,False,False
2024-09-03,5528.93017578125,20.719999313354492,21.700000762939453,0.05070948197857671,573545.8554055401,-1498.3958857099867,572047.4595198301,318.54808245481337,0.0,True,False
2024-09-04,5520.06982421875,21.31999969482422,22.06999969482422,0.0506068044438388,573625.5437169052,-1509.4150160412357,572116.1287008639,79.68831136513076,0.0,True,False
2024-09-05,5503.41015625,19.899999618530273,20.93000030517578,0.050401457259371084,573705.0817121114,-1154.5235947033507,572550.5581174081,79.53799520615857,0.0,True,False
2024-09-06,5408.419921875,22.3799991607666,22.739999771118164,0.05029878760937217,573784.3079276397,-1304.9313903257105,572479.376537314,79.22621552829287,0.0,True,False
2024-09-09,5471.0498046875,19.450000762939453,20.8799991607666,0.04988813528780124,574021.5678309519,-863.8208754982078,573157.7469554537,237.2599033122369,0.0,True,False
2024-09-10,5495.52001953125,19.079999923706055,20.549999237060547,0.04947752500525496,574100.0303590726,-803.7419454089704,573296.2884136636,78.46252812077802,0.0,True,False
2024-09-11,5554.1298828125,17.690000534057617,19.59000015258789,0.04988813528780124,574177.8576848694,-693.7045964373556,573484.153088432,77.82732579681051,0.0,True,False
2024-09-12,5595.759765625,17.06999969482422,19.479999542236328,0.04947752500525496,574256.3415761197,-688.6925905969196,573567.6489855227,78.48389125022338,0.0,True,False
2024-09-13,5626.02001953125,16.559999465942383,19.280000686645508,0.048759058141317174,574334.1900920983,-670.8843391758808,573663.3057529224,77.84851597861072,0.0,True,False
2024-09-16,5633.08984375,17.139999389648438,19.809999465942383,0.04845118316314934,575202.5734557381,-1427.5627001257124,573775.0107556124,230.21594259150962,709.0006066325299,True,False
2024-09-17,5634.580078125,17.610000610351562,20.1299991607666,0.04845118316314934,575278.9326202517,-1447.3755903593303,573831.5570298923,76.35916451350045,0.0,True,False
2024-09-18,5618.259765625,18.229999542236328,20.350000381469727,0.04742510387676492,575355.3019215801,-1416.0375734773015,573939.2643481028,76.36930132837972,0.0,True,False
2024-09-19,5713.64013671875,16.329999923706055,19.06999969482422,0.04701474564772673,575430.0637235374,-1420.1058922112554,574009.9578313262,74.76180195725125,0.0,True,False
2024-09-20,5702.5498046875,16.149999618530273,18.940000534057617,0.04650185689316091,575504.1882181093,-1163.926195983645,574340.2620221257,74.12449457189977,0.0,True,False
2024-09-23,5718.56982421875,15.890000343322754,18.700000762939453,0.046194155117570544,575724.1920129196,-858.6465411603332,574865.5454717593,220.00379481025803,0.0,True,False
2024-09-24,5732.93017578125,15.390000343322754,18.469999313354492,0.04588647694541601,575797.0598913588,-703.33518378597,575093.7247075728,72.86787843927092,0.0,True,False
2024-09-25,5722.259765625,15.40999984741211,18.56999969482422,0.04598903371375363,575334.2147520712,0.0,575334.2147520712,72.39166953012149,722.3258913080241,False,False
2024-09-26,5745.3701171875,15.369999885559082,18.450000762939453,0.04588647694541601,575406.7099070163,0.0,575406.7099070163,72.49515494509673,0.0,False,False
2024-09-27,5738.169921875,16.959999084472656,19.540000915527344,0.04588647694541601,575479.0525000765,0.0,575479.0525000765,72.34259306023998,0.0,False,False
2024-09-30,5762.47998046875,16.729999542236328,19.219999313354492,0.04609159310442741,575696.1348551528,0.0,575696.1348551528,217.08235507632048,0.0,False,False
2024-10-01,5708.75,19.260000228881836,20.88999938964844,0.04588647694541601,577221.7914430068,-1622.9540468890252,575598.8373961179,72.70254096501189,0.0,True,False
2024-10-02,5709.5400390625,18.899999618530273,20.59000015258789,0.04568137127521102,577294.3622358824,-1488.511295776293,575805.8509401061,72.5707928755507,0.0,True,False
2024-10-03,5699.93994140625,20.489999771118164,21.6299991607666,0.04568137127521102,577366.6177110237,-1691.429503922443,575675.1882071012,72.25547514120233,0.0,True,False
2024-10-04,5751.06982421875,19.209999084472656,20.649999618530273,0.046194155117570544,577438.8822298244,-1602.3338414629097,575836.5483883616,72.2645188007795,0.0,True,False
2024-10-07,5695.93994140625,22.63999938964844,22.59000015258789,0.04639928701180315,577658.1646881265,-1798.035881304013,575860.1288068225,219.28245830208832,0.0,True,True
2024-10-08,5751.1298828125,21.420000076293945,21.520000457763672,0.046194155117570544,577731.6020324065,-1732.1142876768408,575999.4877447296,73.43734428000407,0.0,True,False
2024-10-09,5792.0400390625,20.86000061035156,20.90999984741211,0.04629671975331805,577804.7239833883,-1772.1483976418983,576032.5755857463,73.12195098183044,0.0,True,False
2024-10-10,5780.0498046875,20.93000030517578,21.020000457763672,0.04629671975331805,577878.0175723442,-1647.0302362507016,576230.9873360934,73.29358895587238,0.0,True,False
2024-10-11,5815.02978515625,20.459999084472656,20.770000457763672,0.046194155117570544,577951.3204584725,-1703.1399099998612,576248.1805484726,73.30288612835827,0.0,True,False
2024-10-14,5859.85009765625,19.700000762939453,20.1200008392334,0.046194155117570544,578170.7975152299,-1633.1171467206605,576537.6803685093,219.47705675737762,0.0,True,False
2024-10-15,5815.259765625,20.63999938964844,20.799999237060547,0.04609159310442741,578243.9750540149,-1439.526558061134,576804.4484959538,73.17753878497896,0.0,True,False
2024-10-16,5842.47021484375,19.579999923706055,20.31999969482422,0.04598903371375363,578316.9993523189,-1319.6593666352658,576997.3399856837,73.02429830402318,0.0,True,False
2024-10-17,5841.47021484375,19.11000061035156,19.809999465942383,0.04629671975331805,578389.8703539046,-1137.8642157763682,577252.0061381282,72.87100158556812,0.0,True,False
2024-10-18,5864.669921875,18.030000686645508,19.190000534057617,0.046194155117570544,578463.2381677253,-987.587298142903,577475.6508695823,73.36781382074363,0.0,True,False
2024-10-21,5853.97998046875,18.3700008392334,19.239999771118164,0.04598903371375363,578682.9096252706,-768.2130135656354,577914.696611705,219.67145754538805,0.0,True,False
2024-10-22,5851.2001953125,18.200000762939453,19.170000076293945,0.04598903371375363,578095.859149949,0.0,578095.859149949,72.91710821585964,792.9864633515404,False,False
2024-10-23,5797.419921875,19.239999771118164,20.040000915527344,0.04609159310442741,578168.7022866991,0.0,578168.7022866991,72.84313675009626,0.0,False,False
2024-10-24,5809.85986328125,19.079999923706055,19.850000381469727,0.04588647694541601,578241.7170790831,0.0,578241.7170790831,73.01479238394138,0.0,False,False
2024-10-25,5808.1201171875,20.329999923706055,20.940000534057617,0.04609159310442741,578314.4161013727,0.0,578314.4161013727,72.69902228958428,0.0,False,False
2024-10-28,5823.52001953125,19.799999237060547,20.170000076293945,0.045783922799279536,578533.5433539475,0.0,578533.5433539475,219.12725257480724,0.0,False,False
2024-10-29,5832.919921875,19.34000015258789,19.959999084472656,0.045783922799279536,578606.1164947489,0.0,578606.1164947489,72.57314080137597,0.0,False,False
2024-10-30,5813.669921875,20.350000381469727,20.760000228881836,0.0455788223730755,578678.6987393625,0.0,578678.6987393625,72.58224461363764,0.0,False,False
2024-10-31,5705.4501953125,23.15999984741211,22.63999938964844,0.04527119139692984,578750.9648776896,0.0,578750.9648776896,72.26613832710711,0.0,False,True
2024-11-01,5728.7998046875,21.8799991607666,21.90999984741211,0.0449635840133589,578822.7521944491,0.0,578822.7521944491,71.78731675952365,0.0,False,False
2024-11-04,5712.68994140625,21.979999542236328,21.56999969482422,0.04527119139692984,579036.7036067396,0.0,579036.7036067396,213.95141229059402,0.0,False,True
2024-11-05,5782.759765625,20.489999771118164,20.190000534057617,0.0451686529811875,580375.5947932253,-1437.0684271646371,578938.5263660606,71.82275932100104,0.0,True,True
2024-11-06,5929.0400390625,16.270000457763672,17.670000076293945,0.04527119139692984,580447.4205629325,-1361.8832146504121,579085.537348282,71.82576970718709,0.0,True,False
2024-11-07,5973.10009765625,15.199999809265137,16.950000762939453,0.0451686529811875,580519.418305262,-1395.7192168612085,579123.6990884008,71.99774232947628,0.0,True,False
2024-11-08,5995.5400390625,14.9399995803833,16.829999923706055,0.0451686529811875,580591.2618741918,-1467.0901868634946,579124.1716873284,71.84356892987445,0.0,True,False
2024-11-11,6001.35009765625,14.970000267028809,16.799999237060547,0.0451686529811875,580806.8459324192,-1312.598548090482,579494.2473843287,215.5840582273745,0.0,True,False
2024-11-12,5983.990234375,14.710000038146973,16.709999084472656,0.0451686529811875,580878.7250726424,-1056.6018128631204,579822.1232597793,71.87914022325909,0.0,True,False
2024-11-13,5985.3798828125,14.020000457763672,16.510000228881836,0.0448610534610046,580950.6131084407,-877.3562959418048,580073.2568124989,71.88803579815703,0.0,True,False
2024-11-14,5949.169921875,14.3100004196167,16.68000030517578,0.0449635840133589,581022.0203911338,-661.0909428050138,580360.9294483288,71.40728269323849,0.0,True,False
2024-11-15,5870.6201171875,16.139999389648438,17.809999465942383,0.0449635840133589,581794.5688703258,-1463.0878697774608,580331.4810005483,71.57929212374249,674.9497444553083,True,False
2024-11-18,5893.6201171875,15.579999923706056,17.190000534057617,0.04506611718670883,582009.6187611618,-1184.4399654264566,580825.1787957354,215.04989083598986,0.0,True,False
2024-11-19,5916.97998046875,16.350000381469727,17.690000534057617,0.0449635840133589,582081.4832350685,-1430.9342160179472,580650.5490190506,71.86447390672484,0.0,True,False
2024-11-20,5917.10986328125,17.15999984741211,18.260000228881836,0.04506611718670883,582153.1930482357,-1555.438444610711,580597.754603625,71.70981316724648,0.0,True,False
2024-11-21,5948.7099609375,16.8700008392334,18.18000030517578,0.0451686529811875,582225.0752501838,-1617.4289814451743,580607.6462687387,71.88220194810853,0.0,True,False
2024-11-22,5969.33984375,15.239999771118164,17.299999237060547,0.0451686529811875,582297.129906768,-1222.7660110422494,581074.3638957257,72.05465658418746,0.0,True,False
2024-11-25,5987.3701171875,14.600000381469728,16.8700008392334,0.04506611718670883,582513.3473847131,-864.3389858877061,581649.0083988254,216.21747794519106,0.0,True,False
2024-11-26,6021.6298828125,14.100000381469728,16.530000686645508,0.0448610534610046,582585.2740572355,-899.495981259928,581685.7780759755,71.92667252227406,0.0,True,False
2024-11-27,5998.740234375,14.100000381469728,16.600000381469727,0.0448610534610046,582051.4804760604,0.0,582051.4804760604,71.60820630678565,687.6860822956456,False,False
2024-11-29,6032.3798828125,13.510000228881836,16.260000228881836,0.04475852552951106,582194.5744603049,0.0,582194.5744603049,143.0939842445563,0.0,False,False
2024-12-02,6047.14990234375,13.34000015258789,16.34000015258789,0.04465600021874516,582408.7906063017,0.0,582408.7906063017,214.21614599677233,0.0,False,False
2024-12-03,6049.8798828125,13.300000190734863,16.239999771118164,0.04445095745885867,584591.77496804,-2281.7250792024074,582310.0498888375,71.25928253572744,0.0,True,False
2024-12-04,6086.490234375,13.449999809265137,16.389999389648438,0.044348440009470164,584662.9729036455,-2574.8706942383296,582088.1022094071,71.19793560548278,0.0,True,False
2024-12-05,6075.10986328125,13.539999961853027,16.579999923706055,0.044245925180273475,584734.015276404,-2414.643494662589,582319.3717817414,71.04237275854875,0.0,True,False
2024-12-06,6090.27001953125,12.770000457763672,16.31999969482422,0.04393839641249149,584804.9020317015,-2213.823652129979,582591.0783795716,70.88675529756638,0.0,True,False
2024-12-09,6052.85009765625,14.1899995803833,17.09000015258789,0.04383589206272108,585016.1351545985,-2025.818173142186,582990.3169814564,211.23312289696716,0.0,True,False
2024-12-10,6034.91015625,14.18000030517578,16.979999542236328,0.043733390332472026,585086.3988372297,-1784.9904217317676,583301.408415498,70.26368263113658,0.0,True,False
2024-12-11,6084.18994140625,13.579999923706056,16.8799991607666,0.04342590085751791,585156.5066313494,-1842.1489189697115,583314.3577123798,70.1077941197588,0.0,True,False
2024-12-12,6051.25,13.920000076293944,17.350000381469727,0.04311843495344054,585226.129809809,-1630.3168705127564,583595.8129392962,69.62317845956926,0.0,True,False
2024-12-13,6051.08984375,13.8100004196167,17.149999618530273,0.04311843495344054,585295.2682354316,-1464.5661105659872,583830.7021248656,69.13842562258205,0.0,True,False
2024-12-16,6074.080078125,14.6899995803833,17.56999969482422,0.043323409604017406,585502.732524107,-1504.4276969201962,583998.3048271867,207.46428867534547,0.0,True,False
2024-12-17,6050.60986328125,15.869999885559082,18.1299991607666,0.04342590085751791,585572.2324697588,-1616.417785910345,583955.8146838485,69.49994565186545,0.0,True,False
2024-12-18,5872.16015625,27.6200008392334,24.239999771118164,0.043323409604017406,585641.9051121719,-4723.924163772464,580917.9809483994,69.6726424130754,0.0,True,True
2024-12-19,5867.080078125,24.09000015258789,24.13999938964844,0.04311843495344054,585711.4215777933,-3550.8581859477245,582160.5633918456,69.51646562140519,0.0,True,False
2024-12-20,5930.85009765625,18.36000061035156,20.100000381469727,0.04311843495344054,585780.6173356284,-1732.5879693048369,584048.0293663235,69.19575783503288,0.0,True,False
2024-12-23,5974.06982421875,16.780000686645508,18.649999618530273,0.04322092096936986,584955.5599932871,0.0,584955.5599932871,207.63632595515315,1079.031410905915,False,False
2024-12-24,6040.0400390625,14.270000457763672,17.200000762939453,0.043630891221611366,585024.8307192372,0.0,585024.8307192372,69.27072595013448,0.0,False,False
2024-12-26,6037.58984375,14.729999542236328,17.360000610351562,0.04322092096936986,585164.711301082,0.0,585164.711301082,139.88058184481088,0.0,False,False
2024-12-27,5970.83984375,15.949999809265137,18.06999969482422,0.042708517074234724,585234.0067948332,0.0,585234.0067948332,69.29549375116973,0.0,False,False
2024-12-30,5906.93994140625,17.399999618530273,18.940000534057617,0.04311843495344054,585439.4769097117,0.0,585439.4769097117,205.47011487845708,0.0,False,False
2024-12-31,5881.6298828125,17.350000381469727,18.979999542236328,0.04311843495344054,585508.6405400917,0.0,585508.6405400917,69.16363037993492,0.0,False,False
2025-01-02,5868.5498046875,17.93000030517578,19.329999923706055,0.043015951556096534,585646.9923147237,0.0,585646.9923147237,138.3517746320449,0.0,False,False
2025-01-03,5942.47021484375,16.1299991607666,18.13999938964844,0.04281099261662742,585716.0160056307,0.0,585716.0160056307,69.02369090705376,0.0,False,False
2025-01-06,5975.3798828125,16.040000915527344,18.030000686645508,0.04291347077720313,585922.14885073,0.0,585922.14885073,206.132845099342,0.0,False,False
2025-01-07,5909.02978515625,17.81999969482422,19.190000534057617,0.04291347077720313,587412.8630870385,-1591.8226440562125,585821.0404429823,68.89159225233416,0.0,True,False
2025-01-08,5918.25,17.700000762939453,19.34000015258789,0.04291347077720313,587481.9299545856,-1576.774346089012,585905.1556084966,69.06686754707076,0.0,True,False
2025-01-10,5827.0400390625,19.540000915527344,20.969999313354492,0.043015951556096534,587620.0880528805,-1557.7590507120635,586062.3290021684,138.15809829491482,0.0,True,False
2025-01-13,5836.22021484375,19.190000534057617,20.43000030517578,0.04311843495344054,587827.8812544327,-1314.4295770216831,586513.4516774111,207.79320155226955,0.0,True,False
2025-01-14,5842.91015625,18.709999084472656,19.989999771118164,0.043015951556096534,587897.3270501292,-1179.2597928121597,586718.067257317,69.44579569643884,0.0,True,False
2025-01-15,5949.91015625,16.1200008392334,18.229999542236328,0.04291347077720313,587966.6159629383,-948.4868928017921,587018.1290701365,69.28891280907382,0.0,True,False
2025-01-16,5937.33984375,16.600000381469727,18.350000381469727,0.04291347077720313,588035.7479396767,-918.3313262268872,587117.4166134498,69.1319767384708,0.0,True,False
2025-01-17,5996.66015625,15.970000267028809,18.190000534057617,0.04281099261662742,588104.8880448192,-996.5648477232595,587108.323197096,69.14010514249581,0.0,True,False
2025-01-21,6049.240234375,15.0600004196167,17.5,0.043015951556096534,588380.8689880194,-801.254680299282,587579.6143077201,275.9809432002218,0.0,True,False
2025-01-22,6086.3701171875,15.100000381469728,17.809999465942383,0.043015951556096534,588450.2148905334,-973.0503635542295,587477.1645269791,69.34590251396348,0.0,True,False
2025-01-23,6118.7099609375,15.020000457763672,17.520000457763672,0.043015951556096534,588519.5689660768,-1125.9929933869107,587393.5759726899,69.35407554345667,0.0,True,False
2025-01-24,6101.240234375,14.850000381469728,17.549999237060547,0.04291347077720313,588588.931215613,-839.0020030430069,587749.9292125701,69.36224953621388,0.0,True,False
2025-01-27,6012.27978515625,17.899999618530273,18.969999313354492,0.04281099261662742,588070.7281279,0.0,588070.7281279,207.63985406304556,695.9797022801848,False,False
2025-01-28,6067.7001953125,16.40999984741211,18.1299991607666,0.04281099261662742,588139.7072185925,0.0,588139.7072185925,68.97909069249377,0.0,False,False
2025-01-29,6039.31005859375,16.559999465942383,18.149999618530273,0.04281099261662742,588208.694400344,0.0,588208.694400344,68.98718175148578,0.0,False,False
2025-01-30,6071.169921875,15.84000015258789,17.90999984741211,0.042708517074234724,588277.6896741036,0.0,588277.6896741036,68.99527375953694,0.0,False,False
2025-01-31,6040.52978515625,16.43000030517578,18.43000030517578,0.04281099261662742,588346.5278596204,0.0,588346.5278596204,68.83818551671594,0.0,False,False
2025-02-03,5994.56982421875,18.6200008392334,19.549999237060547,0.043015951556096534,588553.5864688746,0.0,588553.5864688746,207.05860925417642,0.0,False,False
2025-02-04,6037.8798828125,17.209999084472656,18.63999938964844,0.043015951556096534,590462.9936046252,-2010.0408769501246,588452.9527276751,69.36625880054778,0.0,True,False
2025-02-05,6061.47998046875,15.770000457763672,17.959999084472656,0.043015951556096534,590532.5849039872,-1714.9709522183389,588817.613951769,69.59129936198372,0.0,True,False
2025-02-06,6083.56982421875,15.5,17.940000534057617,0.043015951556096534,590602.1844053009,-1719.733293888952,588882.4511114119,69.59950131367137,0.0,True,False
2025-02-07,6025.990234375,16.540000915527344,18.6299991607666,0.04322092096936986,590671.7921095329,-1605.4474566664214,589066.3446528665,69.60770423203175,0.0,True,False
2025-02-10,6066.43994140625,15.8100004196167,18.229999542236328,0.04311843495344054,590881.6598951485,-1372.569872984538,589509.0900221639,209.8677856156144,0.0,True,False
2025-02-11,6068.5,16.020000457763672,18.280000686645508,0.04311843495344054,590951.4664632655,-1341.751416840542,589609.7150464249,69.80656811698604,0.0,True,False
2025-02-12,6051.97021484375,15.890000343322754,18.309999465942383,0.04311843495344054,591021.2812783078,-1166.6896382997454,589854.591640008,69.81481504235708,0.0,True,False
2025-02-13,6115.06982421875,15.100000381469728,17.84000015258789,0.043015951556096534,591091.1043412498,-1199.759461854639,589891.3448793952,69.8230629420172,0.0,True,False
2025-02-14,6114.6298828125,14.770000457763672,17.809999465942383,0.043015951556096534,591160.7696690315,-1035.8235536894729,590124.946115342,69.6653277816787,0.0,True,False
2025-02-18,6129.580078125,15.350000381469728,17.81999969482422,0.04311843495344054,592053.5427202354,-1667.358903449308,590386.1838167862,278.7434275704998,956.7115971343763,True,False
2025-02-19,6144.14990234375,15.270000457763672,17.93000030517578,0.043015951556096534,592123.4877342102,-1595.334683185796,590528.1530510244,69.94501397477264,0.0,True,False
2025-02-20,6117.52001953125,15.65999984741211,18.010000228881836,0.04291347077720313,592193.2747375288,-1445.911045695063,590747.3636918337,69.78700331856078,0.0,True,False
2025-02-21,6013.1298828125,18.209999084472656,19.479999542236328,0.04291347077720313,592262.9036766256,-1904.4544781968032,590358.4491984288,69.62893909679772,0.0,True,False
2025-02-24,5983.25,18.979999542236328,19.86000061035156,0.042708517074234724,592471.8396187819,-1853.3527481499864,590618.4868706319,208.93594215641278,0.0,True,False
2025-02-25,5955.25,19.43000030517578,20.030000686645508,0.042708517074234724,592541.1685889689,-1970.8022598542893,590570.3663291147,69.32897018702467,0.0,True,False
2025-02-26,5956.06005859375,19.100000381469727,19.75,0.04281099261662742,592610.5056717881,-1791.7959527700066,590818.7097190181,69.33708281919684,0.0,True,False
2025-02-27,5861.56982421875,21.1299991607666,21.219999313354492,0.04281099261662742,592680.0172659907,-2772.332052231235,589907.6852137595,69.51159420260811,0.0,True,False
2025-02-28,5954.5,19.6299991607666,20.18000030517578,0.04281099261662742,591017.5115765784,0.0,591017.5115765784,69.51974772280786,-234.66653368584014,False,False
2025-03-03,5849.72021484375,22.780000686645508,22.18000030517578,0.04291347077720313,592495.8600783184,-1440.3498849433151,591055.510193375,207.99861679664605,0.0,True,True
2025-03-04,5778.14990234375,23.510000228881836,22.780000686645508,0.04281099261662742,592565.5245948139,-1331.6610093237034,591233.8635854903,69.66451649553593,0.0,True,True
2025-03-05,5842.6298828125,21.93000030517578,21.719999313354492,0.04291347077720313,592635.030912859,-1200.7456839177667,591434.2852289412,69.50631804509908,0.0,True,True
2025-03-06,5738.52001953125,24.8700008392334,23.700000762939453,0.04281099261662742,592704.711792792,-1380.2508602939345,591324.460932498,69.68087993290624,0.0,True,True
2025-03-07,5770.2001953125,23.3700008392334,22.59000015258789,0.04281099261662742,592774.2344371154,-1166.7973906703298,591607.4370464451,69.52264432337368,0.0,True,True
2025-03-10,5614.56005859375,27.86000061035156,25.719999313354492,0.042708517074234724,592982.8513028098,-1571.2166677851644,591411.6346350246,208.61686569440212,0.0,True,True
2025-03-11,5572.06982421875,26.920000076293945,25.34000015258789,0.04281099261662742,593052.2400697862,-1475.8957746709168,591576.3442951153,69.38876697640454,0.0,True,True
2025-03-12,5599.2998046875,24.229999542236328,23.670000076293945,0.04291347077720313,593121.8034782276,-1128.2249475020676,591993.5785307256,69.56340844134517,0.0,True,True
2025-03-13,5521.52001953125,24.65999984741211,24.059999465942383,0.04281099261662742,593191.5415919366,-1290.065265423163,591901.4763265135,69.73811370902952,0.0,True,True
2025-03-14,5638.93994140625,21.770000457763672,22.170000076293945,0.04281099261662742,593261.1213400662,-793.483564179699,592467.6377758865,69.57974812953303,0.0,True,False
2025-03-17,5675.1201171875,20.510000228881836,21.299999237060547,0.04281099261662742,594117.6748489998,-1393.761903230727,592723.9129457691,208.78821730474615,694.353273341535,True,False
2025-03-18,5614.66015625,21.700000762939453,21.969999313354492,0.04281099261662742,594187.3632300316,-1368.8662108731326,592818.4970191584,69.68838103179579,0.0,True,False
2025-03-19,5675.2900390625,19.899999618530273,20.829999923706055,0.04281099261662742,594257.0597853202,-1115.1457138037263,593141.9140715165,69.69655528860788,0.0,True,False
2025-03-20,5662.89013671875,19.799999237060547,20.709999084472656,0.042708517074234724,594326.7645158244,-985.3430839374529,593341.421431887,69.70473050423801,0.0,True,False
2025-03-21,5667.56005859375,19.280000686645508,20.350000381469727,0.042708517074234724,594396.3105427967,-834.9730847336151,593561.3374580631,69.54602697232094,0.0,True,False
2025-03-24,5767.56982421875,17.479999542236328,19.040000915527344,0.042708517074234724,594604.9974557111,-641.5793002876131,593963.4181554235,208.68691291443545,0.0,True,False
2025-03-25,5776.64990234375,17.149999618530273,19.049999237060547,0.042708517074234724,594136.6772246954,0.0,594136.6772246954,69.57858481204354,685.8630874030337,False,False
2025-03-26,5712.2001953125,18.329999923706055,19.84000015258789,0.04281099261662742,594206.2010083217,0.0,594206.2010083217,69.52378362629443,0.0,False,False
2025-03-27,5693.31005859375,18.690000534057617,19.88999938964844,0.04281099261662742,594275.8997732303,0.0,594275.8997732303,69.6987649085651,0.0,False,False
2025-03-28,5580.93994140625,21.649999618530273,22.010000228881836,0.04281099261662742,594345.6067136137,0.0,594345.6067136137,69.70694038337761,0.0,False,False
2025-03-31,5611.85009765625,22.280000686645508,21.969999313354492,0.04291347077720313,594554.7765972029,0.0,594554.7765972029,209.1698835891044,0.0,False,True
2025-04-01,5633.06982421875,21.770000457763672,21.81999969482422,0.04281099261662742,595923.1552682056,-1468.4720710877843,594454.6831971178,69.9065999149438,0.0,True,False
2025-04-02,5670.97021484375,21.510000228881836,21.450000762939453,0.04291347077720313,595993.0554271607,-1504.8967562665541,594488.1586708941,69.90015895513568,0.0,True,True
2025-04-03,5396.52001953125,30.020000457763672,27.3799991607666,0.04281099261662742,596063.1311371168,-2239.1574384108812,593823.9736987059,70.07570995608658,0.0,True,True
2025-04-04,5074.080078125,45.310001373291016,36.709999084472656,0.04250357384346505,596133.0477148591,-4507.966598410296,591625.0811164489,69.91657774235729,0.0,True,True
2025-04-07,5062.25,46.97999954223633,36.880001068115234,0.04250357384346505,596341.339862832,-4636.262353784711,591705.0775090472,208.29214797279954,0.0,True,True
2025-04-08,4982.77001953125,52.33000183105469,41.5,0.042708517074234724,596410.7867505488,-5396.4847571111,591014.3019934377,69.44688771673995,0.0,True,True
2025-04-09,5456.89990234375,33.619998931884766,29.920000076293945,0.04322092096936986,596480.5766424708,-2579.4514928940475,593901.1251495767,69.7898919220429,0.0,True,True
2025-04-10,5268.0498046875,40.720001220703125,35.709999084472656,0.043015951556096534,596551.2121665773,-3548.422028652759,593002.7901379246,70.63552410657135,0.0,True,True
2025-04-11,5363.35986328125,37.560001373291016,33.90999984741211,0.04311843495344054,596621.5210164804,-3043.5565830366545,593577.9644334437,70.30884990302523,0.0,True,True
2025-04-14,5405.97021484375,30.88999938964844,29.6299991607666,0.043015951556096534,596833.000018932,-1906.9507927927664,594926.0492261393,211.47900245162745,0.0,True,True
2025-04-15,5396.6298828125,30.1200008392334,29.0,0.043015951556096534,596903.3420800321,-1749.7343806081847,595153.6076994239,70.34206110000487,0.0,True,True
2025-04-16,5275.7001953125,32.63999938964844,30.940000534057617,0.04291347077720313,596973.6924315677,-2229.171183125294,594744.5212484424,70.35035153562026,0.0,True,True
2025-04-17,5282.7001953125,29.649999618530273,29.350000381469727,0.04311843495344054,597043.8834429248,-1815.5695532697766,595228.313889655,70.19101135711345,0.0,True,True
2025-04-21,5158.2001953125,33.81999969482422,31.829999923706055,0.043015951556096534,597326.0717293039,-2590.830678878095,594735.2410504258,282.1882863790993,0.0,True,True
2025-04-22,5287.759765625,30.56999969482422,29.450000762939453,0.043015951556096534,597396.471903277,-1658.6524594160721,595737.8194438609,70.40017397308085,0.0,True,True
2025-04-23,5375.85986328125,28.450000762939453,28.020000457763672,0.043015951556096534,597466.8803745348,-1137.006891780036,596329.8734827547,70.40847125781362,0.0,True,True
2025-04-24,5484.77001953125,26.469999313354492,26.440000534057617,0.04291347077720313,597537.2971440553,-733.0461527626165,596804.2509912926,70.41676952045495,0.0,True,True
2025-04-25,5525.2099609375,24.84000015258789,25.3700008392334,0.04291347077720313,597091.3355052122,0.0,597091.3355052122,70.25727890839197,782.2531533363015,False,False
2025-04-28,5528.75,25.149999618530273,25.729999542236328,0.04281099261662742,597301.9748006379,0.0,597301.9748006379,210.6392954256808,0.0,False,False
2025-04-29,5560.830078125,24.170000076293945,25.219999313354492,0.04281099261662742,597372.0366913594,0.0,597372.0366913594,70.06189072144721,0.0,False,False
2025-04-30,5569.06005859375,24.700000762939453,25.540000915527344,0.04281099261662742,597442.1068001493,0.0,597442.1068001493,70.07010878992607,0.0,False,False
2025-05-01,5604.14013671875,24.600000381469727,25.489999771118164,0.04281099261662742,597512.1851279717,0.0,597512.1851279717,70.07832782236191,0.0,False,False
2025-05-02,5686.669921875,22.68000030517578,24.0,0.043015951556096534,597582.2716757905,0.0,597582.2716757905,70.08654781886781,0.0,False,False
2025-05-05,5650.3798828125,23.63999938964844,24.549999237060547,0.043015951556096534,597793.587687525,0.0,597793.587687525,211.31601173446634,0.0,False,False
2025-05-06,5606.91015625,24.760000228881836,25.40999984741211,0.043015951556096534,598018.8837680215,-324.8408056223664,597694.0429623991,70.45527487416604,0.0,True,False
2025-05-07,5631.27978515625,23.549999237060547,24.700000762939453,0.043015951556096534,598089.3655960364,-276.05269120327745,597813.3129048331,70.48182801492631,0.0,True,False
2025-05-08,5663.93994140625,22.479999542236328,23.760000228881836,0.04311843495344054,598159.8557309598,-232.74481652252925,597927.1109144372,70.49013492331191,0.0,True,False
2025-05-09,5659.91015625,21.899999618530273,23.3799991607666,0.043015951556096534,598230.5221427779,-209.01922185663375,598021.5029209213,70.6664118181283,0.0,True,False
2025-05-12,5844.18994140625,18.38999938964844,20.219999313354492,0.04393839641249149,598442.067387724,-127.98514595057495,598314.0822417734,211.5452449459949,0.0,True,False
2025-05-13,5886.5498046875,18.219999313354492,20.09000015258789,0.043733390332472026,598514.111682273,-125.8655192655586,598388.2461630075,72.04429454906835,0.0,True,False
2025-05-14,5892.580078125,18.6200008392334,20.579999923706055,0.043733390332472026,598585.8284478703,-128.36457797679012,598457.4638698936,71.71676559732245,0.0,True,False
2025-05-15,5916.93017578125,17.829999923706055,20.25,0.04352839473000431,598657.5538069066,-115.90325458535393,598541.6505523212,71.72535903625288,0.0,True,False
2025-05-16,5958.3798828125,17.239999771118164,20.079999923706055,0.043323409604017406,598728.9514951057,-111.85838208784953,598617.0931130179,71.3976881991868,0.0,True,False
2025-05-19,5963.60009765625,18.13999938964844,20.690000534057617,0.043630891221611366,598942.186550186,-107.44537818319773,598834.7411720029,213.23505508025448,0.0,True,False
2025-05-20,5940.4599609375,18.09000015258789,20.719999313354492,0.04342590085751791,599013.7863949554,-97.2980970301627,598916.4882979252,71.59984476933259,0.0,True,False
2025-05-21,5844.60986328125,20.8700008392334,22.65999984741211,0.04322092096936986,599085.0583423357,-107.33323321361763,598977.7251091221,71.271947380383,0.0,True,False
2025-05-22,5842.009765625,20.280000686645508,22.31999969482422,0.043323409604017406,599156.0022904499,-97.59263065996878,599058.40965979,70.94394811415846,0.0,True,False
2025-05-23,5802.81982421875,22.290000915527344,23.799999237060547,0.04322092096936986,599227.1228972089,-106.48487107066991,599120.6380261382,71.12060675901411,0.0,True,False
2025-05-27,5921.5400390625,18.959999084472656,21.290000915527344,0.04322092096936986,599511.0164063222,-82.8174898777179,599428.1989164446,283.89350911333025,0.0,True,False
2025-05-28,5888.5498046875,19.309999465942383,21.670000076293945,0.04322092096936986,599489.9062015482,0.0,599489.9062015482,70.99439027820421,62.736210570069076,False,False
2025-05-29,5912.169921875,19.18000030517578,21.6200008392334,0.043323409604017406,599560.8980919456,0.0,599560.8980919456,70.99189039734203,0.0,False,False
2025-05-30,5911.68994140625,18.56999969482422,21.3799991607666,0.043323409604017406,599632.0667603696,0.0,599632.0667603696,71.16866842403368,0.0,False,False
2025-06-02,5935.93994140625,18.36000061035156,21.09000015258789,0.043323409604017406,599845.6234565411,0.0,599845.6234565411,213.556696171522,0.0,False,False
2025-06-03,5970.3701171875,17.690000534057617,20.719999313354492,0.04322092096936986,600060.8463664262,-314.02044418518466,599746.825922241,71.20246569988889,0.0,True,False
2025-06-04,5970.81005859375,17.610000610351562,20.65999984741211,0.043323409604017406,600131.9058678395,-295.52027925674065,599836.3855885827,71.05950141328937,0.0,True,False
2025-06-05,5939.2998046875,18.479999542236328,21.11000061035156,0.043323409604017406,600203.1423156387,-312.57912625244114,599890.5631893863,71.23644779923887,0.0,True,False
2025-06-06,6000.35986328125,16.770000457763672,20.020000457763672,0.043323409604017406,600274.3872192982,-236.66652434959312,600037.7206949486,71.24490365943467,0.0,True,False
2025-06-09,6005.8798828125,17.15999984741211,20.09000015258789,0.043323409604017406,600488.1726754755,-206.58226693477027,600281.5904085407,213.785456177359,0.0,True,False
2025-06-10,6038.81005859375,16.950000762939453,19.940000534057617,0.04342590085751791,600559.4514126141,-187.10242091193632,600372.3489917022,71.2787371386268,0.0,True,False
2025-06-11,6022.240234375,17.260000228881836,20.299999237060547,0.04342590085751791,600630.9072665394,-185.27545620847357,600445.6318103309,71.45585392528785,0.0,True,False
2025-06-12,6045.259765625,18.020000457763672,20.649999618530273,0.04352839473000431,600702.3716224357,-188.4025810382026,600513.9690413976,71.464355896322,0.0,True,False
2025-06-13,5976.97021484375,20.81999969482422,22.6200008392334,0.04342590085751791,600774.013181716,-257.1704180829937,600516.842763633,71.64155928022286,0.0,True,False
2025-06-16,6033.10986328125,19.11000061035156,21.229999542236328,0.04322092096936986,600988.4828465903,-165.5299112427702,600822.9529353476,214.46966487433926,0.0,True,False
2025-06-17,5982.72021484375,21.600000381469727,22.90999984741211,0.04311843495344054,601059.6521991732,-215.45320579747855,600844.1989933758,71.16935258283725,0.0,True,False
2025-06-18,5980.8701171875,20.13999938964844,21.969999313354492,0.04311843495344054,601130.6611920078,-168.15024731156012,600962.5109446963,71.00899283463785,0.0,True,False
2025-06-20,5967.83984375,20.6200008392334,22.479999542236328,0.04291347077720313,601272.7043456066,-156.12172424954903,601116.582621357,142.0431535987795,0.0,True,False
2025-06-23,6025.169921875,19.829999923706055,21.81999969482422,0.042708517074234724,601484.818726223,-113.43849724688626,601371.380228976,212.11438061630807,0.0,True,False
2025-06-24,6092.18017578125,17.479999542236328,20.049999237060547,0.042708517074234724,601555.2023635149,-90.55239487663317,601464.6499686383,70.38363729194245,0.0,True,False
2025-06-25,6092.16015625,16.760000228881836,19.670000076293945,0.042708517074234724,601625.5942368525,-85.71247611720581,601539.8817607353,70.39187333754862,0.0,True,False
2025-06-26,6141.02001953125,16.59000015258789,19.450000762939453,0.04291347077720313,601695.9943471994,-83.17762105535353,601612.816726144,70.40011034690787,0.0,True,False
2025-06-27,6173.06982421875,16.31999969482422,19.450000762939453,0.04281099261662742,601675.2554406527,0.0,601675.2554406527,70.7462504766829,52.53528716181542,False,False
2025-06-30,6204.9501953125,16.729999542236328,19.440000534057617,0.04322092096936986,601887.0048701385,0.0,601887.0048701385,211.7494294857438,0.0,False,False
2025-07-01,6198.009765625,16.829999923706055,19.510000228881836,0.04322092096936986,602151.8431921763,-363.56256603375874,601788.2806261425,71.27575600407164,0.0,True,False
2025-07-02,6227.419921875,16.639999389648438,19.350000381469727,0.04322092096936986,602223.1503104651,-332.1623375792183,601890.987972886,71.30711828880175,0.0,True,False
2025-07-03,6279.35009765625,16.3799991607666,19.209999084472656,0.04342590085751791,602294.4658729781,-305.16319109676726,601989.3026818814,71.31556251292253,0.0,True,False
2025-07-07,6229.97998046875,17.790000915527344,20.209999084472656,0.04342590085751791,602581.1661949304,-291.6260339807378,602289.5401609497,286.7003219523677,0.0,True,False
2025-07-08,6225.52001953125,16.809999465942383,19.579999923706055,0.04342590085751791,602652.8625968245,-241.07315925413837,602411.7894375704,71.69640189405929,0.0,True,False
2025-07-09,6263.259765625,15.9399995803833,19.020000457763672,0.04342590085751791,602724.5675293106,-197.2328172958509,602527.3347120148,71.70493248600762,0.0,True,False
2025-07-10,6280.4599609375,15.779999732971191,18.920000076293945,0.043323409604017406,602796.2809934035,-179.16831929973785,602617.1126741038,71.71346409294411,0.0,True,False
2025-07-11,6259.75,16.399999618530273,19.3700008392334,0.043323409604017406,602867.83370604,-183.9207245556779,602683.9129814843,71.55271263650889,0.0,True,False
2025-07-14,6268.56005859375,17.200000762939453,19.84000015258789,0.04342590085751791,603082.54280839,-163.87227584430855,602918.6705325457,214.70910234991698,0.0,True,False
2025-07-15,6243.759765625,17.3799991607666,20.059999465942383,0.043323409604017406,603154.2988651508,-159.3204001861188,602994.9784649647,71.75605676081503,0.0,True,False
2025-07-16,6263.7001953125,17.15999984741211,20.09000015258789,0.04322092096936986,603225.8940749803,-142.29503888005493,603083.5990361002,71.59520982951355,0.0,True,False
2025-07-17,6297.35986328125,16.520000457763672,19.690000534057617,0.04322092096936986,603297.3283829044,-121.14950501592152,603176.1788778885,71.43430792413075,0.0,True,False
2025-07-18,6296.7900390625,16.40999984741211,19.579999923706055,0.04322092096936986,603368.7711501145,-112.74003279957326,603256.0311173149,71.44276721011087,0.0,True,False
2025-07-21,6305.60009765625,16.649999618530273,19.510000228881836,0.04322092096936986,603475.6313518999,0.0,603475.6313518999,214.37906736438055,86.04370045482858,False,False
2025-07-22,6309.6201171875,16.5,19.530000686645508,0.04322092096936986,603547.0952338356,0.0,603547.0952338356,71.46388193564921,0.0,False,False
2025-07-23,6358.91015625,15.369999885559082,18.559999465942383,0.043323409604017406,603618.5675785594,0.0,603618.5675785594,71.47234472379839,0.0,False,False
2025-07-24,6363.35009765625,15.390000343322754,18.559999465942383,0.043323409604017406,603690.2178976968,0.0,603690.2178976968,71.650319137391,0.0,False,False
2025-07-25,6388.64013671875,14.93000030517578,18.31999969482422,0.043323409604017406,603761.8767218214,0.0,603761.8767218214,71.65882412465983,0.0,False,False
2025-07-28,6389.77001953125,15.029999732971191,18.15999984741211,0.04322092096936986,603976.9042342152,0.0,603976.9042342152,215.02751239379108,0.0,False,False
2025-07-29,6370.85986328125,15.979999542236328,18.770000457763672,0.04322092096936986,604048.4274771328,0.0,604048.4274771328,71.52324291763132,0.0,False,False
2025-07-30,6362.89990234375,15.479999542236328,18.350000381469727,0.043323409604017406,604119.9591898681,0.0,604119.9591898681,71.53171273533724,0.0,False,False
2025-07-31,6339.39013671875,16.719999313354492,19.13999938964844,0.04322092096936986,604191.6690248502,0.0,604191.6690248502,71.70983498215236,0.0,False,False
2025-08-01,6238.009765625,20.3799991607666,21.239999771118164,0.042708517074234724,604263.2177003203,0.0,604263.2177003203,71.5486754700734,0.0,False,False
2025-08-04,6329.93994140625,17.520000457763672,19.61000061035156,0.0424011061548201,604475.3687908519,0.0,604475.3687908519,212.1510905316158,0.0,False,False
2025-08-05,6299.18994140625,17.850000381469727,20.030000686645508,0.0424011061548201,606546.6748215433,-2171.0816113823957,604375.5932101608,70.22441930895405,0.0,True,False
2025-08-06,6345.06005859375,16.770000457763672,19.469999313354492,0.04219617863034214,606617.1398730942,-2089.088892553814,604528.0509805403,70.46505155093837,0.0,True,False
2025-08-07,6340.0,16.56999969482422,19.350000381469727,0.04219617863034214,606687.2724890668,-1908.258599090401,604779.0138899764,70.13261597264356,0.0,True,False
2025-08-08,6389.4501953125,15.149999618530272,18.700000762939453,0.04219617863034214,606757.4132132571,-1800.466431863025,604956.9467813941,70.14072419033124,0.0,True,False
2025-08-11,6373.4501953125,16.25,19.25,0.04229864108382401,606967.8840445087,-1663.948588343236,605303.9354561655,210.47083125160438,0.0,True,False
2025-08-12,6445.759765625,14.729999542236328,18.34000015258789,0.04219617863034214,607038.227618116,-1699.3947583207375,605338.8328597952,70.34357360730725,0.0,True,False
2025-08-13,6466.580078125,14.489999771118164,18.329999923706055,0.0418888069736482,607108.4089171593,-1720.7193101253938,605387.689607034,70.18129904335038,0.0,True,False
2025-08-14,6468.5400390625,14.829999923706056,18.489999771118164,0.04199126157538794,607178.0870165882,-1713.7649026865222,605464.3221139017,69.67809942885917,0.0,True,False
2025-08-15,6449.7998046875,15.09000015258789,18.63999938964844,0.04199126157538794,607247.9435659825,-1492.1851601359651,605755.7584058465,69.8565493943497,0.0,True,False
2025-08-18,6449.14990234375,14.989999771118164,18.450000762939453,0.04219617863034214,607457.561440331,-1096.4153926502622,606361.1460476808,209.6178743485531,0.0,True,False
2025-08-19,6411.3701171875,15.56999969482422,18.899999618530273,0.04199126157538794,608144.3171874663,-1691.3577739309846,606452.9594135353,70.229779338391,1096.2498052483008,True,False
2025-08-20,6395.77978515625,15.6899995803833,19.100000381469727,0.04199126157538794,608214.2849027724,-1509.3590692940484,606704.9258334783,69.96771530613336,0.0,True,False
2025-08-21,6370.169921875,16.600000381469727,19.40999984741211,0.04219617863034214,608284.2606679461,-1567.023947237583,606717.2367207085,69.97576517365133,0.0,True,False
2025-08-22,6466.91015625,14.220000267028809,17.760000228881836,0.041786354988887824,608354.5860241741,-1122.4966447057075,607232.0893794685,70.32535622807028,0.0,True,False
2025-08-25,6439.31982421875,14.789999961853027,18.020000457763672,0.041786354988887824,607813.8685163469,0.0,607813.8685163469,208.9749582879365,771.6653078158597,False,False
2025-08-26,6465.93994140625,14.619999885559082,17.899999618530273,0.041786354988887824,607883.4569546287,0.0,607883.4569546287,69.58843828179025,0.0,False,False
2025-08-27,6481.39990234375,14.850000381469728,17.940000534057617,0.04158145886977225,607953.0533600711,0.0,607953.0533600711,69.59640544245133,0.0,False,False
2025-08-28,6501.85986328125,14.43000030517578,17.719999313354492,0.04158145886977225,608022.316414551,0.0,608022.316414551,69.2630544798457,0.0,False,False
2025-08-29,6460.259765625,15.359999656677246,18.350000381469727,0.04127413431510591,608091.5873600525,0.0,608091.5873600525,69.27094550151155,0.0,False,False
2025-09-02,6415.5400390625,17.170000076293945,19.3799991607666,0.04127413431510591,610363.9478298564,-2167.246705795144,608196.7011240612,275.1137640087009,0.0,True,False
2025-09-03,6448.259765625,16.350000381469727,18.93000030517578,0.041069264359773545,610432.9715777597,-2056.667079305639,608376.3044984541,69.0237479032949,0.0,True,False
2025-09-04,6502.080078125,15.300000190734863,18.38999938964844,0.04086440486808363,610501.6604642207,-2067.3596602025714,608434.3008040182,68.68888646091209,0.0,True,False
2025-09-05,6481.5,15.18000030517578,18.420000076293945,0.03994266661440099,610570.0143919496,-1790.900355330449,608779.1140366192,68.35392772900455,0.0,True,False
2025-09-08,6495.14990234375,15.109999656677246,18.290000915527344,0.040249889164181527,610770.4949248872,-1551.9863194837728,609218.5086054035,200.48053293756342,0.0,True,False
2025-09-09,6512.60986328125,15.039999961853027,18.270000457763672,0.040249889164181527,610837.850541952,-1553.9595324459742,609283.891009506,67.35561706476562,0.0,True,False
2025-09-10,6532.0400390625,15.350000381469728,18.440000534057617,0.04014747903292383,610905.2135869773,-1682.340309543888,609222.8732774334,67.36304502532998,0.0,True,False
2025-09-11,6587.47021484375,14.710000038146973,18.030000686645508,0.04014747903292383,610972.4126367447,-1884.557767933835,609087.8548688109,67.19904976731927,0.0,True,False
2025-09-12,6584.2900390625,14.760000228881836,18.059999465942383,0.04014747903292383,611039.6190783499,-1739.6222210357041,609299.9968573143,67.20644160518412,0.0,True,False
2025-09-15,6615.27978515625,15.6899995803833,18.530000686645508,0.03984026432686883,611241.2827623241,-1975.626057474493,609265.6567048496,201.663683974225,0.0,True,False
2025-09-16,6606.759765625,16.360000610351562,18.90999984741211,0.03973786465364425,611308.0042509527,-1961.713990128253,609346.2902608245,66.72148862861303,0.0,True,False
2025-09-17,6600.35009765625,15.720000267028809,18.440000534057617,0.03953307314958572,611374.5615033696,-1539.7625995375638,609834.798903832,66.5572524168316,0.0,True,False
2025-09-18,6631.9599609375,15.699999809265137,18.520000457763672,0.039635467594594666,611440.7829395519,-1736.2214490798085,609704.561490472,66.22143618228674,0.0,True,False
2025-09-19,6664.35986328125,15.449999809265137,18.479999542236328,0.039635467594594666,611507.1830963054,-1893.4789351421518,609613.7041611632,66.40015675347556,0.0,True,False
2025-09-22,6693.75,16.100000381469727,18.950000762939453,0.03932829210115765,611706.4268345338,-2014.9635692134357,609691.4632653204,199.2437382284308,0.0,True,False
2025-09-23,6656.919921875,16.639999389648438,19.440000534057617,0.03932829210115765,611772.3409856487,-1513.7983127116615,610258.542672937,65.9141511148586,0.0,True,False
2025-09-24,6637.97021484375,16.18000030517578,19.13999938964844,0.03943068131848483,610848.1112803279,0.0,610848.1112803279,65.92125366458932,1007.0957468097627,False,False
2025-09-25,6604.72021484375,16.739999771118164,19.459999084472656,0.039635467594594666,610914.1043166611,0.0,610914.1043166611,65.99303633328942,0.0,False,False
2025-09-26,6643.7001953125,15.289999961853027,18.40999984741211,0.03943068131848483,610980.4472781079,0.0,610980.4472781079,66.34296144675997,0.0,False,False
2025-09-29,6661.2099609375,16.1200008392334,18.760000228881836,0.03932829210115765,611178.4906720025,0.0,611178.4906720025,198.04339389466395,0.0,False,False
2025-09-30,6688.4599609375,16.280000686645508,18.770000457763672,0.03932829210115765,611244.3479355935,0.0,611244.3479355935,65.85726359092631,0.0,False,False
2025-10-01,6711.2001953125,16.290000915527344,18.760000228881836,0.039225905497471646,611310.2122956042,0.0,611310.2122956042,65.86436001076746,0.0,False,False
2025-10-02,6715.35009765625,16.6299991607666,18.88999938964844,0.03932829210115765,611375.9122549583,0.0,611375.9122549583,65.69995935409617,0.0,False,False
2025-10-03,6715.7900390625,16.649999618530273,19.079999923706055,0.03943068131848483,611441.7907916232,0.0,611441.7907916232,65.87853666487392,0.0,False,False
2025-10-06,6740.27978515625,16.3700008392334,19.1200008392334,0.03932829210115765,611639.9837255491,0.0,611639.9837255491,198.19293392589555,0.0,False,False
2025-10-07,6714.58984375,17.239999771118164,19.709999084472656,0.039225905497471646,613757.2926090391,-2221.4018919226123,611535.8907171165,65.90699156751033,0.0,True,False
2025-10-08,6753.72021484375,16.299999237060547,19.260000228881836,0.039225905497471646,613823.2555659253,-2119.1049960725923,611704.1505698527,65.96295688611048,0.0,True,False
2025-10-09,6735.10986328125,16.43000030517578,19.3799991607666,0.03943068131848483,613889.2256121148,-1956.8931063622176,611932.3325057526,65.97004618954288,0.0,True,False
2025-10-10,6552.509765625,21.65999984741211,22.809999465942383,0.03932829210115765,613955.5471955368,-2615.657980304558,611339.8892152322,66.32158342197674,0.0,True,False
2025-10-13,6654.72021484375,19.030000686645508,20.93000030517578,0.03932829210115765,614154.0380945038,-1919.0630839445294,612234.9750105593,198.49089896699704,0.0,True,False
2025-10-14,6644.31005859375,20.809999465942383,22.030000686645508,0.039225905497471646,614220.21598687,-2249.5242127792712,611970.6917740908,66.17789236618884,0.0,True,False
2025-10-15,6671.06005859375,20.63999938964844,21.940000534057617,0.03943068131848483,614286.2286959875,-2208.1271533189,612078.1015426685,66.01270911745851,0.0,True,False
2025-10-16,6629.06982421875,25.309999465942383,24.8700008392334,0.03932829210115765,614352.5931696771,-3216.021504069435,611136.5716656076,66.36447368954838,0.0,True,True
2025-10-17,6664.009765625,20.780000686645508,22.09000015258789,0.03912352150729249,614418.7924572561,-2026.954223202215,612391.8382340539,66.19928757908094,0.0,True,False
2025-10-20,6735.1298828125,18.229999542236328,20.309999465942383,0.03881638521646549,614616.3986941872,-1328.5876301574167,613287.8110640298,197.6062369310922,0.0,True,False
2025-10-21,6735.35009765625,17.8700008392334,19.989999771118164,0.0387140116789814,614681.7643256895,-1142.6062836020453,613539.1580420875,65.36563150232703,0.0,True,False
2025-10-22,6699.39990234375,18.600000381469727,20.309999465942383,0.0387140116789814,614746.9644874993,-1110.0890382418772,613636.8754492574,65.20016180982654,0.0,True,False
2025-10-23,6738.43994140625,17.299999237060547,19.649999618530273,0.0387140116789814,613958.8887675861,0.0,613958.8887675861,65.20707768296081,1198.1190943264205,False,False
2025-10-24,6791.68994140625,16.3700008392334,19.200000762939453,0.03840690674303827,614024.0122529658,0.0,614024.0122529658,65.12348537969295,0.0,False,False
2025-10-27,6875.16015625,15.789999961853027,18.989999771118164,0.03799747006865464,614217.8737783752,0.0,614217.8737783752,193.86152540940958,0.0,False,False
2025-10-28,6890.89013671875,16.420000076293945,19.549999237060547,0.03799747006865464,614281.8188198227,0.0,614281.8188198227,63.945041447495804,0.0,False,False
2025-10-29,6890.58984375,16.920000076293945,19.829999923706055,0.03840690674303827,614345.7705184655,0.0,614345.7705184655,63.951698642768505,0.0,False,False
2025-10-30,6822.33984375,16.90999984741211,19.979999542236328,0.03830454365611515,614410.4180860027,0.0,614410.4180860027,64.64756753715056,0.0,False,False
2025-10-31,6840.2001953125,17.440000534057617,20.489999771118164,0.03799747006865464,614474.9001288476,0.0,614474.9001288476,64.48204284483904,0.0,False,False
2025-11-03,6851.97021484375,17.170000076293945,20.3799991607666,0.038918761366922815,614666.8355093836,0.0,614666.8355093836,191.93538053606363,0.0,False,False
2025-11-04,6771.5498046875,19.0,21.290000915527344,0.0387140116789814,616769.2462909461,-2206.8673642939975,614562.3789266521,65.54341726850488,0.0,True,False
2025-11-05,6796.2900390625,18.010000228881836,20.600000381469727,0.0387140116789814,616834.6678749126,-1978.7326418749035,614855.9352330377,65.42158396647558,0.0,True,False
2025-11-06,6720.31982421875,19.5,21.350000381469727,0.03840690674303827,616900.0963982388,-1918.9927896030827,614981.1036086357,65.42852332617035,0.0,True,False
2025-11-07,6728.7998046875,19.079999923706055,21.190000534057617,0.03840690674303827,616965.0127573307,-1782.6792287371563,615182.3335285935,64.91635909192136,0.0,True,False
2025-11-10,6832.43017578125,17.600000381469727,20.239999771118164,0.03861164075433803,617159.8028243486,-1590.7004691146642,615569.1023552339,194.79006701792753,0.0,True,False
2025-11-11,6846.60986328125,17.280000686645508,20.190000534057617,0.03861164075433803,617225.092723109,-1505.269306048068,615719.8234170609,65.28989876033813,0.0,True,False
2025-11-12,6850.919921875,17.510000228881836,20.34000015258789,0.03861164075433803,617290.3895289473,-1487.6899930463753,615802.699535901,65.29680583831151,0.0,True,False
2025-11-13,6737.490234375,20.0,21.850000381469727,0.0387140116789814,617355.6932425943,-1524.0025416001079,615831.6907009941,65.30371364699096,0.0,True,False
2025-11-14,6734.10986328125,19.829999923706055,21.579999923706055,0.0387140116789814,617421.1770318161,-1384.5742980665325,616036.6027337495,65.48378922187678,0.0,True,False
2025-11-17,6672.41015625,22.3799991607666,23.18000030517578,0.0387140116789814,617617.6700781761,-1558.9721218330328,616058.6979563431,196.49304635994278,0.0,True,False
2025-11-18,6617.31982421875,24.690000534057617,24.540000915527344,0.03850927244240115,617683.1816556505,-1909.8528597825452,615773.328795868,65.51157747437048,0.0,True,True
2025-11-19,6642.16015625,23.65999984741211,23.989999771118164,0.03861164075433803,617748.3536687102,-1627.2643717984454,616121.0892969117,65.17201305977892,0.0,True,False
2025-11-20,6538.759765625,26.420000076293945,25.760000228881836,0.03850927244240115,617813.7058308015,-2124.8649864287236,615688.8408443728,65.3521620912742,0.0,True,True
2025-11-21,6602.990234375,23.43000030517578,23.959999084472656,0.038202183181499365,617878.8916155221,-1421.6699130986929,616457.2217024234,65.18578472055938,0.0,True,False
2025-11-24,6705.1201171875,20.520000457763672,21.850000381469727,0.038202183181499365,617355.44069247,0.0,617355.44069247,194.03859251877546,1319.3778487230888,False,False
2025-11-25,6765.8798828125,18.559999465942383,20.729999542236328,0.03809982531905667,617420.0586647596,0.0,617420.0586647596,64.61797228965361,0.0,False,False
2025-11-26,6812.60986328125,17.190000534057617,20.020000457763672,0.03830454365611515,617484.5102377982,0.0,617484.5102377982,64.45157303864003,0.0,False,False
2025-11-28,6849.08984375,16.350000381469727,19.63999938964844,0.03799747006865464,617614.126373338,0.0,617614.126373338,129.6161355397938,0.0,False,False
2025-12-01,6812.6298828125,17.239999771118164,20.219999313354492,0.0377927674034376,617807.04231237,0.0,617807.04231237,192.91593903194155,0.0,False,False
2025-12-02,6829.3701171875,16.59000015258789,19.84000015258789,0.03748573299258113,620095.4978673495,-2394.483372315533,617701.014495034,63.97218266396632,0.0,True,False
2025-12-03,6849.72021484375,16.079999923706055,19.709999084472656,0.03707639033485183,620159.1853411258,-2300.493592957496,617858.6917481683,63.68747377628551,0.0,True,False
2025-12-04,6857.1201171875,15.779999732971191,19.489999771118164,0.036974061197521786,620222.1837846412,-2146.0660168635786,618076.1177677776,62.99844351542921,0.0,True,False
2025-12-05,6870.39990234375,15.40999984741211,19.270000457763672,0.03687173467076569,620285.0147285241,-2014.5411571210036,618270.4735714032,62.83094388297103,0.0,True,False
2025-12-08,6846.509765625,16.65999984741211,19.90999984741211,0.03707639033485183,620473.0239100632,-1887.0469854454814,618585.9769246178,188.00918153904655,0.0,True,False
2025-12-09,6840.509765625,16.93000030517578,20.079999923706055,0.03707639033485183,620536.0542346534,-1823.4372185208588,618712.6170161325,63.03032459020082,0.0,True,False
2025-12-10,6886.68017578125,15.770000457763672,19.350000381469727,0.03666708944844436,620599.0909621357,-1635.0023588053136,618964.0886033304,63.036727482292584,0.0,True,False
2025-12-11,6901.0,14.850000381469728,19.049999237060547,0.03646245466682238,620661.4381002311,-1372.6951007039008,619288.7429995273,62.347138095435696,0.0,True,False
2025-12-12,6827.41015625,15.739999771118164,19.25,0.03605321642141552,620723.4434973977,-1152.9408623318818,619570.5026350658,62.00539716664259,0.0,True,False
2025-12-15,6816.509765625,16.5,19.68000030517578,0.03625783032483448,621533.4502818979,-1814.8898916233225,619718.5603902746,183.96487187785684,1205.6353933146777,True,False
2025-12-16,6800.259765625,16.479999542236328,19.670000076293945,0.03625783032483448,621595.1943194744,-1595.3939095400176,619999.8004099344,61.74403757648416,0.0,True,False
2025-12-17,6721.43017578125,17.6200008392334,20.079999923706055,0.036155522068370215,621656.9444907934,-1612.3975968478237,620044.5468939455,61.750171319043815,0.0,True,False
2025-12-18,6774.759765625,16.8700008392334,19.59000015258789,0.035950913383836366,621718.5265308551,-1370.5381164220075,620347.9884144331,61.5820400617112,0.0,True,False
2025-12-19,6834.5,14.90999984741211,18.25,0.03605321642141552,621779.7661190411,-889.4560624221175,620890.310056619,61.239588186067834,0.0,True,False
2025-12-22,6878.490234375,14.079999923706056,17.790000915527344,0.03625783032483448,621470.4653405963,0.0,621470.4653405963,184.27793602548658,1151.311177152939,False,False
2025-12-23,6909.7900390625,14.0,17.84000015258789,0.03625783032483448,621532.203121157,0.0,621532.203121157,61.73778056074234,0.0,False,False
2025-12-24,6932.0498046875,13.470000267028809,17.770000457763672,0.03666708944844436,621593.9470348387,0.0,621593.9470348387,61.74391368172095,0.0,False,False
2025-12-26,6929.93994140625,13.600000381469728,17.770000457763672,0.03625783032483448,621718.8474767439,0.0,621718.8474767439,124.90044190516548,0.0,False,False
2025-12-29,6905.740234375,14.199999809265137,17.81999969482422,0.03636014119094051,621904.153249681,0.0,621904.153249681,185.30577293709706,0.0,False,False
2025-12-30,6896.240234375,14.329999923706056,17.770000457763672,0.036155522068370215,621966.1084528335,0.0,621966.1084528335,61.95520315253716,0.0,False,False
2025-12-31,6845.5,14.949999809265137,18.18000030517578,0.03636014119094051,622027.721119027,0.0,622027.721119027,61.61266619347843,0.0,False,False
2026-01-02,6858.47021484375,14.510000228881836,18.020000457763672,0.03605321642141552,622151.6623187504,0.0,622151.6623187504,123.94119972334462,0.0,False,False
2026-01-05,6902.0498046875,14.899999618530272,18.31999969482422,0.03605321642141552,622336.0504742906,0.0,622336.0504742906,184.38815554022875,0.0,False,False
2026-01-06,6944.81982421875,14.75,18.149999618530273,0.035950913383836366,624657.1763215323,-2429.650985653693,622227.5253358786,61.47486158800933,0.0,True,False
2026-01-07,6920.93017578125,15.380000114440918,18.59000015258789,0.035848612955500556,624718.7053682038,-2396.0594763391828,622322.6458918647,61.52904667141863,0.0,True,False
2026-01-08,6921.4599609375,15.449999809265137,18.38999938964844,0.035848612955500556,624780.0653651687,-2271.1309807244265,622508.9343844443,61.359996964967394,0.0,True,False
2026-01-09,6966.27978515625,14.489999771118164,17.8799991607666,0.035848612955500556,624841.431388925,-2140.2990630939817,622701.132325831,61.36602375621789,0.0,True,False
2026-01-12,6977.27001953125,15.119999885559082,18.229999542236328,0.03625783032483448,625025.5656268607,-2070.878874390137,622954.6867524706,184.13423793575893,0.0,True,False
2026-01-13,6963.740234375,15.979999542236328,18.850000381469727,0.03636014119094051,625087.6565762582,-2156.576834484524,622931.0797417738,62.09094939753419,0.0,True,False
2026-01-14,6926.60009765625,16.75,19.3700008392334,0.03636014119094051,625149.9289257014,-2082.981481506362,623066.947444195,62.27234944317414,0.0,True,False
2026-01-15,6944.47021484375,15.84000015258789,18.899999618530273,0.03636014119094051,625212.2074788273,-1785.9517675761072,623426.2557112512,62.27855312591268,0.0,True,False
2026-01-16,6940.009765625,15.859999656677246,18.989999771118164,0.03636014119094051,625274.492236254,-1661.5942642754408,623612.8979719786,62.284757426673174,0.0,True,False
2026-01-20,6796.85986328125,20.09000015258789,21.280000686645508,0.03656477075261275,625523.6933213307,-2082.966827432195,623440.7264938985,249.20108507664204,0.0,True,False
2026-01-21,6875.6201171875,16.899999618530273,19.36000061035156,0.03656477075261275,625586.3598312506,-1221.5826782759625,624364.7771529746,62.66650991993866,0.0,True,False
2026-01-22,6913.35009765625,15.640000343322754,18.75,0.03666708944844436,624758.3444952697,0.0,624758.3444952697,62.672788005816905,1368.9628616669604,False,False
2026-01-23,6915.60986328125,16.09000015258789,19.149999618530273,0.03656477075261275,624821.1094837264,0.0,624821.1094837264,62.76498845677317,0.0,False,False
2026-01-26,6950.22998046875,16.149999618530273,19.06999969482422,0.03656477075261275,625008.9166674607,0.0,625008.9166674607,187.80718373423676,0.0,False,False
2026-01-27,6978.60009765625,16.350000381469727,19.219999313354492,0.03646245466682238,625071.5316057829,0.0,625071.5316057829,62.614938322202676,0.0,False,False
2026-01-28,6978.02978515625,16.350000381469727,19.299999237060547,0.03656477075261275,625133.9775806664,0.0,625133.9775806664,62.44597488352277,0.0,False,False
2026-01-29,6969.009765625,16.8799991607666,19.670000076293945,0.03656477075261275,625196.6050479001,0.0,625196.6050479001,62.62746723364389,0.0,False,False
2026-01-30,6939.02978515625,17.440000534057617,20.06999969482422,0.03646245466682238,625259.2387893082,0.0,625259.2387893082,62.6337414081293,0.0,False,False
2026-02-02,6976.43994140625,16.34000015258789,19.3700008392334,0.03666708944844436,625446.6516926996,0.0,625446.6516926996,187.41290339144314,0.0,False,False
2026-02-03,6917.81005859375,18.0,20.350000381469727,0.03666708944844436,627552.086787225,-2212.600956782835,625339.4858304422,62.8341377425443,0.0,True,False
2026-02-04,6882.72021484375,18.63999938964844,20.6200008392334,0.03666708944844436,627615.1324429257,-2116.3932721936126,625498.7391707321,63.04565570075761,0.0,True,False
2026-02-05,6798.39990234375,21.770000457763672,22.450000762939453,0.03656477075261275,627678.1844323712,-2531.6185415834684,625146.5658907878,63.05198944545614,0.0,True,False
2026-02-06,6932.2998046875,20.3700008392334,20.3700008392334,0.03666708944844436,627741.0667845366,-2448.540073084489,625292.526711452,62.882352165442676,0.0,True,False
2026-02-09,6964.81982421875,17.360000610351562,20.09000015258789,0.03666708944844436,627930.2797156249,-1741.6223762099423,626188.6573394149,189.21293108834604,0.0,True,False
2026-02-10,6941.81005859375,17.790000915527344,20.43000030517578,0.03666708944844436,627993.3633656558,-1651.3671075538457,626341.9962581019,63.08365003087677,0.0,True,False
2026-02-11,6941.47021484375,17.649999618530273,20.3700008392334,0.03676941075445124,628056.4533532483,-1520.6550449196345,626535.7983083287,63.08998759259305,0.0,True,False
2026-02-12,6832.759765625,20.81999969482422,22.170000076293945,0.03676941075445124,628119.7257612904,-1838.3944680482773,626281.3312932422,63.27240804208679,0.0,True,False
2026-02-13,6836.169921875,20.600000381469727,22.170000076293945,0.03666708944844436,628183.0045435964,-1715.0420622659983,626467.9624813304,63.27878230605314,0.0,True,False
2026-02-17,6843.22021484375,20.290000915527344,21.600000381469727,0.03676941075445124,628435.4787447434,-1300.787524798095,627134.6912199453,252.4742011469722,0.0,True,False
2026-02-18,6881.31005859375,19.6200008392334,21.38999938964844,0.03676941075445124,628498.7893370109,-1134.2778479315245,627364.5114890795,63.310592267566754,0.0,True,False
2026-02-19,6861.89013671875,20.229999542236328,21.8799991607666,0.03676941075445124,628562.1063073892,-1139.8284008138705,627422.2779065754,63.31697037833363,0.0,True,False
2026-02-20,6909.509765625,19.09000015258789,21.09000015258789,0.03666708944844436,627713.0350282934,0.0,627713.0350282934,63.3233491316517,1130.2063285554336,False,False
2026-02-23,6837.75,21.010000228881836,22.13999938964844,0.03666708944844436,627902.2395100846,0.0,627902.2395100846,189.20448179126643,0.0,False,False
2026-02-24,6890.06982421875,19.549999237060547,21.34000015258789,0.03666708944844436,627965.3203431172,0.0,627965.3203431172,63.08083303260445,0.0,False,False
2026-02-25,6946.1298828125,17.93000030517578,20.36000061035156,0.03666708944844436,628028.4075134286,0.0,628028.4075134286,63.087170311317124,0.0,False,False
2026-02-26,6908.85986328125,18.6299991607666,20.809999465942383,0.03666708944844436,628091.5010216553,0.0,628091.5010216553,63.09350822669073,0.0,False,False
2026-02-27,6878.8798828125,19.86000061035156,21.559999465942383,0.03656477075261275,628154.6008684341,0.0,628154.6008684341,63.099846778789214,0.0,False,False
2026-03-02,6881.6201171875,21.440000534057617,22.440000534057617,0.03676941075445124,628343.4100247641,0.0,628343.4100247641,188.80915633001152,0.0,False,False
2026-03-03,6816.6298828125,23.56999969482422,23.540000915527344,0.03666708944844436,630154.7255856226,-1918.0142438870678,628236.7113417356,63.3013169713934,0.0,True,True
2026-03-04,6869.5,21.149999618530273,22.290000915527344,0.03666708944844436,630218.0327097705,-1587.9929126463924,628630.0397971241,63.307124147842615,0.0,True,False
2026-03-05,6830.7099609375,23.75,23.86000061035156,0.03656477075261275,630281.3461939308,-1895.1861767860453,628386.1600171447,63.31348416040009,0.0,True,False
2026-03-06,6740.02001953125,29.489999771118164,27.559999465942383,0.03646245466682238,630344.4893372767,-2713.2985181210347,627631.1908191557,63.14314334584994,0.0,True,True
2026-03-09,6795.990234375,25.5,25.34000015258789,0.03676941075445124,630533.4264749546,-1879.3781149183235,628654.0483600362,188.93713767786977,0.0,True,True
2026-03-10,6781.47998046875,24.93000030517578,25.510000228881836,0.03666708944844436,630596.9484211603,-1689.704667243136,628907.2437539172,63.5219462057807,0.0,True,False
2026-03-11,6775.7998046875,24.229999542236328,24.969999313354492,0.03676941075445124,630660.2999722636,-1465.8438495926293,629194.456122671,63.35155110334054,0.0,True,False
2026-03-12,6672.6201171875,27.290000915527344,26.950000762939453,0.03676941075445124,630723.8347001098,-1770.914156284589,628952.9205438253,63.534727846107145,0.0,True,True
2026-03-13,6632.18994140625,27.190000534057617,27.280000686645508,0.03676941075445124,630787.3758286468,-1674.1910668520081,629113.1847617949,63.54112853700629,0.0,True,False
2026-03-16,6699.3798828125,23.510000228881836,24.920000076293945,0.03676941075445124,630978.0376248519,-953.6993768245982,630024.3382480274,190.66179620513748,0.0,True,False
2026-03-17,6716.08984375,22.3700008392334,24.329999923706055,0.03676941075445124,631931.6218184285,-1831.0956237281448,630100.5261947004,63.56673774951243,976.9360759859889,True,False
2026-03-18,6624.7001953125,25.09000015258789,26.559999465942383,0.03687173467076569,631995.2846232877,-2099.5955470536037,629895.6890762341,63.662804859206666,0.0,True,False
2026-03-19,6606.490234375,24.059999465942383,25.540000915527344,0.03687173467076569,632059.1310328546,-1720.695548686466,630338.4354841681,63.846409566855094,0.0,True,False
2026-03-20,6506.47998046875,26.780000686645508,27.43000030517578,0.036974061197521786,632122.9838924126,-2174.840860553282,629948.1430318593,63.85285955803977,0.0,True,False
2026-03-23,6581.0,26.149999618530273,26.100000381469727,0.036974061197521786,632315.1129795952,-1765.3472345867203,630549.7657450085,192.12908718253752,0.0,True,True
2026-03-24,6556.3701171875,26.950000762939453,26.559999465942383,0.036974061197521786,632379.1689847151,-1833.4864894697876,630545.6824952454,64.05600511988531,0.0,True,True
2026-03-25,6591.89990234375,25.329999923706055,25.6299991607666,0.036974061197521786,632443.23147896,-1386.6078685372531,631056.6236104227,64.06249424486066,0.0,True,False
2026-03-26,6477.16015625,27.440000534057617,27.15999984741211,0.036974061197521786,632507.3004629873,-1794.6503252641169,630712.6501377232,64.06898402720985,0.0,True,True
2026-03-27,6368.85009765625,31.049999237060547,29.270000457763672,0.03687173467076569,629824.3565210719,0.0,629824.3565210719,64.0754744669995,-1085.9237926543235,False,True
2026-03-30,6343.72021484375,30.61000061035156,29.1299991607666,0.03687173467076569,630015.2570893125,0.0,630015.2570893125,190.90056824072767,0.0,False,True
2026-03-31,6528.52001953125,25.25,25.549999237060547,0.03676941075445124,631894.4519813645,-1985.5485119030607,629908.9034694615,63.646380148972355,0.0,True,False
2026-04-01,6575.31982421875,24.540000915527344,24.86000061035156,0.03676941075445124,631958.111041616,-1931.2790536558896,630026.83198796,63.65906025140109,0.0,True,False
2026-04-02,6582.68994140625,23.8700008392334,24.719999313354492,0.03676941075445124,632021.7765150839,-1788.5934056038411,630233.18310948,63.665473467942846,0.0,True,False
2026-04-06,6611.830078125,24.170000076293945,24.770000457763672,0.03707639033485183,632276.5025540439,-1658.3804417661258,630618.1221122778,254.72603896006373,0.0,True,False
2026-04-07,6616.85009765625,25.780000686645508,25.56999969482422,0.03687173467076569,632340.7319268788,-1911.4367069607897,630429.295219918,64.22937283493393,0.0,True,True
2026-04-08,6782.81005859375,21.040000915527344,22.68000030517578,0.03676941075445124,632404.6132347599,-1796.1036934090903,630608.5095413508,63.881307881075884,0.0,True,False
2026-04-09,6824.66015625,19.489999771118164,21.809999465942383,0.03666708944844436,632468.3236902812,-1661.4360468955358,630806.8876433857,63.71045552139593,0.0,True,False
2026-04-10,6816.89013671875,19.229999542236328,21.86000061035156,0.03666708944844436,632531.8632450314,-1457.9165564672269,631073.9466885643,63.53955475018987,0.0,True,False
2026-04-13,6886.240234375,19.1200008392334,21.34000015258789,0.03687173467076569,632722.5202120264,-1660.551289201935,631061.9689228245,190.6569669950315,0.0,True,False
2026-04-14,6967.3798828125,18.36000061035156,20.81999969482422,0.03687173467076569,632786.4400895168,-2164.447370904124,630621.9927186127,63.91987749039804,0.0,True,False
2026-04-15,7022.9501953125,18.170000076293945,20.780000686645508,0.03687173467076569,632850.3664244204,-2678.5926917092047,630171.7737327112,63.926334903573434,0.0,True,False
2026-04-16,7041.27978515625,17.940000534057617,20.770000457763672,0.03687173467076569,632914.2992173894,-2715.7885558788794,630198.5106615105,63.93279296909965,0.0,True,False
2026-04-17,7126.06005859375,17.479999542236328,20.510000228881836,0.03676941075445124,632978.2384690765,-3785.350841663075,629192.8876274134,63.9392516870426,0.0,True,False
2026-04-20,7109.14013671875,18.8700008392334,21.239999771118164,0.03687173467076569,633169.5624754372,-3453.276844238873,629716.2856311983,191.32400636068203,0.0,True,False
2026-04-21,7064.009765625,19.5,21.510000228881836,0.03666708944844436,633233.5275147257,-2779.158405818629,630454.3691089071,63.96503928849663,0.0,True,False
2026-04-22,7137.89990234375,18.920000076293945,21.239999771118164,0.03666708944844436,633297.1439440141,-3624.620564429348,629672.5233795848,63.61642928837173,0.0,True,False
2026-04-23,7108.39990234375,19.309999465942383,21.479999542236328,0.03666708944844436,633360.7667643887,-3045.8217566732797,630314.9450077154,63.62282037459752,0.0,True,False
2026-04-24,7165.080078125,18.709999084472656,21.299999237060547,0.03666708944844436,629804.9161004876,0.0,629804.9161004876,63.62921210288987,-1803.9313641008832,False,False
2026-04-27,7173.91015625,18.020000457763672,20.770000457763672,0.03666708944844436,629994.7511144682,0.0,629994.7511144682,189.83501398057427,0.0,False,False
2026-04-28,7138.7998046875,17.829999923706055,20.489999771118164,0.03666708944844436,630058.0421671286,0.0,630058.0421671286,63.291052660484574,0.0,False,False
2026-04-29,7135.9501953125,18.809999465942383,21.190000534057617,0.03666708944844436,630121.3395781871,0.0,630121.3395781871,63.29741105845501,0.0,False,False
2026-04-30,7209.009765625,16.889999389648438,20.079999923706055,0.03656477075261275,630184.6433482823,0.0,630184.6433482823,63.30377009520807,0.0,False,False
2026-05-01,7230.1201171875,16.989999771118164,20.3700008392334,0.03656477075261275,630247.776803698,0.0,630247.776803698,63.13345541571904,0.0,False,False
2026-05-04,7200.75,18.290000915527344,21.049999237060547,0.03676941075445124,632568.4040750207,-2301.1889533470867,630267.2151216737,189.43831797563362,0.0,True,False
2026-05-05,7259.22021484375,17.3799991607666,20.81999969482422,0.03676941075445124,632632.1310313531,-2339.2319023128084,630292.8991290403,63.72695633246666,0.0,True,False
2026-05-06,7365.1201171875,17.389999389648438,20.56999969482422,0.03676941075445124,632695.8644077422,-2999.7880227041082,629696.0763850381,63.73337638907594,0.0,True,False
2026-05-07,7337.10986328125,17.079999923706055,20.350000381469727,0.03676941075445124,632759.6042048347,-2543.2909204046427,630216.3132844301,63.73979709246216,0.0,True,False
2026-05-08,7398.93017578125,17.190000534057617,20.5,0.03666708944844436,632823.3504232774,-3034.4647717377984,629788.8856515395,63.74621844269051,0.0,True,False
2026-05-11,7412.83984375,18.3799991607666,21.239999771118164,0.03676941075445124,633014.0952499749,-3164.418286009702,629849.6769639652,190.7448266975249,0.0,True,False
2026-05-12,7400.9599609375,17.989999771118164,21.040000915527344,0.03676941075445124,633077.8671066562,-2796.9194097311447,630280.947696925,63.77185668136348,0.0,True,False
2026-05-13,7444.25,17.8700008392334,21.18000030517578,0.03676941075445124,633141.6453879175,-3099.2555774168172,630042.3898105007,63.77828126137695,0.0,True,False
2026-05-14,7501.240234375,17.260000228881836,20.850000381469727,0.03666708944844436,633205.4300944061,-3447.864369471408,629757.5657249347,63.78470648862307,0.0,True,False
2026-05-15,7408.5,18.43000030517578,21.36000061035156,0.03666708944844436,633269.0437009482,-2600.962111285803,630668.0815896625,63.61360654214103,0.0,True,False
2026-05-18,7403.0498046875,17.81999969482422,20.920000076293945,0.03666708944844436,633459.9228679588,-1922.0853889095838,631537.8374790492,190.87916701058813,0.0,True,False
2026-05-19,7353.60986328125,18.059999465942383,21.1200008392334,0.03656477075261275,633523.562041564,-1467.150197773849,632056.4118437902,63.63917360520646,0.0,True,False
2026-05-20,7432.97021484375,17.440000534057617,20.760000228881836,0.03636014119094051,633587.0299981084,-1769.029904253556,631818.0000938548,63.46795654437081,0.0,True,False
2026-05-21,7445.72021484375,16.760000228881836,20.0,0.03656477075261275,633650.1490703211,-1522.4871523054264,632127.6619180157,63.11907221270128,0.0,True,False
2026-05-22,7473.47021484375,16.700000762939453,20.030000686645508,0.03656477075261275,633713.6297086669,-1604.2196797234328,632109.4100289436,63.48063834584058,0.0,True,False
2026-05-26,7519.1201171875,17.010000228881836,19.88999938964844,0.03666708944844436,633967.6158648946,-1517.467342358017,632450.1485225366,253.98615622766414,0.0,True,False
2026-05-27,7520.35986328125,16.290000915527344,19.450000762939453,0.03656477075261275,632951.9839297154,0.0,632951.9839297154,63.69017787809537,1051.8668402897158,False,False
2026-05-28,7563.6298828125,15.739999771118164,19.11000061035156,0.03666708944844436,633015.3946241515,0.0,633015.3946241515,63.41069443615873,0.0,False,False
2026-05-29,7580.06005859375,15.31999969482422,18.65999984741211,0.03666708944844436,633078.9891391934,0.0,633078.9891391934,63.594515041880165,0.0,False,False
2026-06-01,7599.9599609375,16.049999237060547,19.43000030517578,0.036974061197521786,633269.8110201946,0.0,633269.8110201946,190.82188100111844,0.0,False,False
2026-06-02,7609.77978515625,15.770000457763672,19.489999771118164,0.036974061197521786,635708.3632190112,-2544.399479034603,633163.9637399766,64.15271978211821,0.0,True,False
2026-06-03,7553.68017578125,16.059999465942383,19.760000228881836,0.036974061197521786,635772.7629737115,-2276.8509595125115,633495.912014199,64.39975470019323,0.0,True,False
2026-06-04,7584.31005859375,15.399999618530272,19.229999542236328,0.036974061197521786,635837.1692523598,-2089.225398795377,633747.9438535644,64.40627864835155,0.0,True,False
2026-06-05,7383.740234375,21.510000228881836,21.81999969482422,0.036974061197521786,635901.5820556172,-3003.606987616324,632897.975068001,64.41280325741143,0.0,True,False
2026-06-08,7405.72998046875,18.920000076293945,20.790000915527344,0.03717872208288992,636094.8596196539,-2209.756170905148,633885.1034487487,193.27756403660754,0.0,True,False
2026-06-09,7386.64990234375,19.8700008392334,21.309999465942383,0.03707639033485183,636159.6552319627,-2356.529960247396,633803.1252717153,64.79561230881296,0.0,True,False
2026-06-10,7266.990234375,22.219999313354492,22.88999938964844,0.03707639033485183,636224.2790721867,-3023.7426625330318,633200.5364096536,64.62384022399162,0.0,True,False
2026-06-11,7394.2998046875,19.440000534057617,21.420000076293945,0.036974061197521786,636288.9094771789,-2121.857435987015,634167.052041192,64.63040499227101,0.0,True,False
2026-06-12,7431.4599609375,17.68000030517578,20.510000228881836,0.036974061197521786,636353.3680434959,-1634.8761455285317,634718.4918979674,64.45856631693648,0.0,True,False
2026-06-15,7554.2900390625,16.200000762939453,19.36000061035156,0.03707639033485183,637128.5147796292,-1833.7729409138592,635294.7418387153,193.4148810329276,1292.358393221107,True,False
2026-06-16,7511.35009765625,16.40999984741211,19.530000686645508,0.03707639033485183,637193.2370407827,-1602.5761617481169,635590.6608790345,64.72226115353808,0.0,True,False
2026-06-17,7420.10009765625,18.440000534057617,20.6200008392334,0.03748573299258113,637257.9658767026,-1935.161386097302,635322.8044906053,64.72883591983978,0.0,True,False
2026-06-18,7500.580078125,16.399999618530273,19.56999969482422,0.03738339341162134,637323.4160374118,-1316.6584905234477,636006.7575468883,65.4501607092518,0.0,True,False
2026-06-22,7472.7900390625,17.280000686645508,19.760000228881836,0.037690419988356,637584.5688379357,-1054.7539404972144,636529.8148974385,261.15280052387817,0.0,True,False
2026-06-23,7365.4599609375,19.489999771118164,21.059999465942383,0.037690419988356,637650.4101282075,-1606.4388169655142,636043.971311242,65.84129027179473,0.0,True,False
2026-06-24,7358.22021484375,18.6299991607666,20.3700008392334,0.037690419988356,637716.2582176958,-1337.0702814551578,636379.1879362406,65.84808948826975,0.0,True,False
2026-06-25,7357.490234375,18.88999938964844,20.329999923706055,0.0375880751847819,637782.1131071026,-1316.0099832129208,636466.1031238897,65.85488940687779,0.0,True,False
2026-06-26,7354.02001953125,18.40999984741211,20.1299991607666,0.03738339341162134,636721.6904404777,0.0,636721.6904404777,65.68283957140703,537.6674347175473,False,False
2026-06-29,7440.43017578125,17.649999618530273,19.530000686645508,0.03809982531905667,636917.360095201,0.0,636917.360095201,195.66965472326933,0.0,False,False
2026-06-30,7499.35986328125,16.450000762939453,19.0,0.03809982531905667,636983.8469628977,0.0,636983.8469628977,66.48686769673404,0.0,False,False
2026-07-01,7483.22998046875,16.59000015258789,19.15999984741211,0.0377927674034376,637050.3407710609,0.0,637050.3407710609,66.49380816319497,0.0,False,False
2026-07-02,7483.240234375,16.149999618530273,19.040000915527344,0.03748573299258113,637116.3055431901,0.0,637116.3055431901,65.96477212919642,0.0,False,False
2026-07-06,7537.43017578125,15.56999969482422,18.780000686645508,0.03809982531905667,637378.088315118,0.0,637378.088315118,261.7827719278504,0.0,False,False
2026-07-07,7503.85009765625,16.1299991607666,19.010000228881836,0.03799747006865464,639202.348207204,-1927.7249296471427,637274.6232775568,66.53496243887955,0.0,True,False
2026-07-08,7482.7099609375,16.899999618530273,19.459999084472656,0.03799747006865464,639268.894334229,-1952.4986790723449,637316.3956551566,66.54612702494323,0.0,True,False
2026-07-09,7543.64013671875,15.84000015258789,18.989999771118164,0.0375880751847819,639335.4473892432,-1883.7896476929689,637451.6577415502,66.55305501423244,0.0,True,False
2026-07-10,7575.39013671875,15.029999732971191,18.56999969482422,0.0377927674034376,639401.2902010125,-1747.662992928848,637653.6272080836,65.84281176936905,0.0,True,False
2026-07-13,7515.33984375,17.15999984741211,19.63999938964844,0.03830454365611515,639599.935387747,-1704.6694199205365,637895.2659678265,198.64518673447182,0.0,True,False
2026-07-14,7543.58984375,16.5,19.299999237060547,0.0377927674034376,639667.0610568816,-1563.487340426916,638103.5737164547,67.125669134497,0.0,True,False
2026-07-15,7572.39990234375,15.670000076293944,18.90999984741211,0.037690419988356,639733.2967830411,-1391.6815116976397,638341.6152713435,66.23572615956564,0.0,True,False
2026-07-16,7533.77001953125,16.729999542236328,19.5,0.037690419988356,639799.3599654778,-1391.363378624418,638407.9965868534,66.06318243679279,0.0,True,False
2026-07-17,7457.68994140625,18.770000457763672,20.540000915527344,0.0377927674034376,639865.4299700452,-1543.0166514520795,638322.4133185932,66.07000456735192,0.0,True,False
2026-07-20,7443.27978515625,18.649999618530273,20.4,0.03799747006865464,640064.2193528151,-1225.5025617161937,638838.7167910988,198.78938276989336,0.0,True,False
2026-07-21,7509.2001953125,17.049999237060547,19.59,0.03809982531905667,640130.8552075872,-926.2796511952491,639204.575556392,66.63585477218294,0.0,True,False
2026-07-22,7498.9599609375,16.639999389648438,19.54,0.038202183181499365,641004.2501311196,-1736.6381557543139,639267.6119753653,66.82231973143662,997.6593776937772,True,False
2026-07-23,7408.2998046875,18.700000762939453,20.6,0.03881638521646549,641071.3434004785,-1974.237049336823,639097.1063511417,67.09326935883614,0.0,True,False
2026-07-24,7411.97998046875,18.579999923706055,20.51,0.03881638521646549,641139.5225660335,-1814.8711748838668,639324.6513911496,68.17916555504645,0.0,True,False
2026-07-27,7413.18017578125,18.670000076293945,20.2,0.038918761366922815,641344.1035716927,-1484.7721383728885,639859.3314333198,204.5810056591461,0.0,True,False
2026-07-28,7428.77978515625,18.209999084472656,19.86,0.03840690674303827,641412.4916508353,-1251.848052887276,640160.643597948,68.3880791425145,0.0,True,False
2026-07-29,7316.14990234375,20.65999984741211,21.5,0.037690419988356,641479.9874477676,-1845.4001601738842,639634.5872875937,67.4957969323613,0.0,True,False
2026-07-30,7437.6298828125,17.09000015258789,19.5,0.0375880751847819,640820.110174184,0.0,640820.110174184,66.24355751594645,840.5173246547786,False,False
2026-07-31,7489.72021484375,15.989999771118164,19.02,0.0375880751847819,640886.1058859258,0.0,640886.1058859258,65.99571174181548,0.0,False,False
2026-08-03,7600.5,15.859999656677246,18.93,0.038202183181499365,641084.1338038881,0.0,641084.1338038881,198.0279179623384,0.0,False,False
2026-08-04,7736.52001953125,16.5,19.34,0.03809982531905667,643330.8117682234,-2349.576333632949,640981.2354345905,67.10163070242056,0.0,True,False
2026-08-05,7723.5498046875,15.8100004196167,18.95,0.03809982531905667,643397.96812672,-2004.4565378529785,641393.511588867,67.15635849660784,0.0,True,False
2026-08-06,7709.9599609375,15.149999618530272,18.69,0.03809982531905667,643465.1314955703,-1709.3844071101375,641755.7470884601,67.16336885023,0.0,True,False
2026-08-07,7757.64013671875,14.899999618530272,18.72,0.03789511743015909,643532.301875506,-1766.3798375852525,641765.9220379207,67.17037993565268,0.0,True,False
2026-08-10,7753.10986328125,15.460000038146973,18.98,0.03809982531905667,643732.7719881503,-1581.6665343585828,642151.1054537917,200.47011264433317,0.0,True,False
2026-08-11,7728.2001953125,15.279999732971191,18.91,0.03809982531905667,643799.9703066839,-1354.648493268191,642445.3218134157,67.1983185335546,0.0,True,False
2026-08-12,7748.5,14.550000190734863,18.53,0.03789511743015909,643867.1756399513,-1152.5280729386554,642714.6475670126,67.20533326732338,0.0,True,False
2026-08-13,7798.990234375,14.630000114440918,18.61,0.0377927674034376,643934.0268423498,-1254.1546652994373,642679.8721770503,66.85120239858063,0.0,True,False
2026-08-14,7785.759765625,14.25,18.46,0.0377927674034376,644933.6062066657,-2124.8656844862967,642808.7405221794,66.67755847281865,1157.6124549897525,True,False
2026-08-17,7745.06005859375,15.1899995803833,19.04,0.03789511743015909,645133.9701386747,-1804.0387493503363,643329.9313893244,200.36393200893258,0.0,True,False
2026-08-18,7691.759765625,15.84000015258789,19.27,0.0377927674034376,645200.9528693429,-1741.8834602328945,643459.06940911,66.98273066813,0.0,True,False
2026-08-19,7707.97998046875,14.890000343322754,18.57,0.0377927674034376,645267.7616144447,-1342.6977827576156,643925.0638316871,66.80874510176541,0.0,True,False
2026-08-20,7641.16015625,16.010000228881836,19.06,0.0377927674034376,645334.5772774041,-1540.9268728035374,643793.6504046007,66.81566295953085,0.0,True,False
2026-08-21,7674.3701171875,15.130000114440918,18.5,0.03789511743015909,645401.3998589377,-1167.8857103857322,644233.514148552,66.822581533621,0.0,True,False
2026-08-24,7652.85986328125,15.850000381469728,18.56,0.03789511743015909,645602.4522240692,-1058.2664222172298,644544.1858018519,201.05236513141088,0.0,True,False
2026-08-25,7677.27978515625,15.449999809265137,18.21,0.0377927674034376,644821.3637873932,0.0,644821.3637873932,67.0313720524026,1106.7458757579525,False,False
2026-08-26,7675.7001953125,15.210000038146973,17.99,0.037690419988356,644888.1332271125,0.0,644888.1332271125,66.7694397193003,0.0,False,False
2026-08-27,7730.990234375,14.510000228881836,17.56,0.0375880751847819,644954.7287327879,0.0,644954.7287327879,66.5955056754752,0.0,False,False
2026-08-28,7711.759765625,14.43000030517578,17.48,0.03809982531905667,645021.1502537236,0.0,645021.1502537236,66.42152093572767,0.0,False,False
2026-08-31,7686.14013671875,14.920000076293944,17.53,0.03850927244240115,645223.1697721216,0.0,645223.1697721216,202.01951839793404,0.0,False,False
2026-09-01,7631.47021484375,16.34000015258789,18.33,0.03850927244240115,647294.4262748072,-2173.1787338621803,645121.247540945,68.07776882340825,0.0,True,False
2026-09-02,7666.60009765625,15.199999809265137,17.73,0.03850927244240115,647362.722582778,-1954.0687383926115,645408.6538443854,68.29630797074483,0.0,True,False
2026-09-03,7747.7099609375,14.31999969482422,17.42,0.038202183181499365,647431.026096721,-2166.511923483158,645264.5141732378,68.30351394300892,0.0,True,False
2026-09-04,7718.60009765625,14.529999732971191,17.61,0.03840690674303827,647498.7920502482,-1928.5297011925354,645570.2623490557,67.76595352728086,0.0,True,False
2026-09-08,7673.52001953125,15.720000267028809,18.39,0.03840690674303827,647771.3801049035,-1618.668581671027,646152.7115232324,272.5880546552847,0.0,True,False
2026-09-09,7630.240234375,16.06999969482422,18.63999938964844,0.03840690674303827,647839.5450472756,-1442.0624787826728,646397.4825684929,68.16494237214948,0.0,True,False
